regime_id,q,total_demand,class_1_share,n_pairs,offered_wait_difference,offered_wait_ci95_low,offered_wait_ci95_high,no_offer_rate_difference,no_offer_ci95_low,no_offer_ci95_high,composition_flag
t05_09_b03,1,24,0.25,20,0.0,0.0,0.0,0.0,0.0,0.0,False
t05_09_b03,1,24,0.5,20,0.0,0.0,0.0,0.0,0.0,0.0,False
t05_09_b03,1,24,0.75,20,0.0,0.0,0.0,0.0,0.0,0.0,False
t05_09_b03,1,32,0.25,20,0.009995439858244737,0.0,0.02998631957473421,0.0,0.0,0.0,False
t05_09_b03,1,32,0.5,20,0.0,0.0,0.0,0.0,0.0,0.0,False
t05_09_b03,1,32,0.75,20,0.0,0.0,0.0,0.0,0.0,0.0,False
t05_09_b03,1,50,0.25,20,-0.029952464055849858,-0.06158252196900438,-0.0028607912267762203,0.0,0.0,0.0,False
t05_09_b03,1,50,0.5,20,0.0006349984774975947,-0.010142969079361252,0.011617425323989572,0.0,0.0,0.0,False
t05_09_b03,1,50,0.75,20,-0.0011166400411566802,-0.0033499201234700403,0.0,0.0,0.0,0.0,False
t05_09_b03,1,100,0.25,20,0.0009294863251391838,-0.007927379118547498,0.009002246295862593,0.0010277426115427556,-0.0007610703455115729,0.0029041908635206322,False
t05_09_b03,1,100,0.5,20,-0.0011349059356290602,-0.005883121555340179,0.003581945008533128,-0.0015348434870581587,-0.004371401805176816,0.0008377526570691593,False
t05_09_b03,1,100,0.75,20,-0.0001626185030239924,-0.005499642217982793,0.00562047589234153,5.791232072452426e-05,-0.0012354955701446477,0.0014452569218338079,False
t05_09_b03,4,24,0.25,20,0.00017902439891370498,-1.6834650707582284e-05,0.00044003467572609694,0.0,0.0,0.0,False
t05_09_b03,4,24,0.5,20,0.0,0.0,0.0,0.0,0.0,0.0,False
t05_09_b03,4,24,0.75,20,0.0,0.0,0.0,0.0,0.0,0.0,False
t05_09_b03,4,32,0.25,20,0.03337815690551139,-0.01785653855420737,0.08454865837351447,0.0,0.0,0.0,False
t05_09_b03,4,32,0.5,20,0.0,0.0,0.0,0.0,0.0,0.0,False
t05_09_b03,4,32,0.75,20,0.0,0.0,0.0,0.0,0.0,0.0,False
t05_09_b03,4,50,0.25,20,0.01349270088485297,-0.028555548008483356,0.05269788961062356,0.0,0.0,0.0,False
t05_09_b03,4,50,0.5,20,-0.011404869356690873,-0.028888322487778863,0.004317257142664269,0.0,0.0,0.0,False
t05_09_b03,4,50,0.75,20,-0.0018424760163001873,-0.005706053262201863,0.0011233400099939673,0.0,0.0,0.0,False
t05_09_b03,4,100,0.25,20,-0.0038151791970605585,-0.011693154760371657,0.003650289787239127,0.00040135303964369676,-0.002051412101508381,0.0028037030894609663,False
t05_09_b03,4,100,0.5,20,-0.0023993561977770027,-0.01201364486450596,0.006869851758348321,-0.0003244889210617753,-0.004135643986412342,0.0031994368148617327,False
t05_09_b03,4,100,0.75,20,-0.006269233452497058,-0.015963835396329038,0.003204662019158993,-0.0015018116361768656,-0.0042527049071995095,0.0012276380849336613,False
t05_09_b03,8,24,0.25,20,0.005070625579313555,0.003629671750621682,0.006582698040279216,0.0,0.0,0.0,False
t05_09_b03,8,24,0.5,20,1.4439295627310033e-05,-8.261544227560493e-05,0.00012593332915753502,0.0,0.0,0.0,False
t05_09_b03,8,24,0.75,20,0.0,0.0,0.0,0.0,0.0,0.0,False
t05_09_b03,8,32,0.25,20,0.1383662650242577,0.05733611967785905,0.209865368482253,0.0,0.0,0.0,False
t05_09_b03,8,32,0.5,20,-0.01018242002273106,-0.03349765146655917,0.0029503913983659922,0.0,0.0,0.0,False
t05_09_b03,8,32,0.75,20,0.0,0.0,0.0,0.0,0.0,0.0,False
t05_09_b03,8,50,0.25,20,0.29374315594525735,0.24895716862034722,0.33821530955779505,0.0,0.0,0.0,False
t05_09_b03,8,50,0.5,20,0.015025002738318305,-0.006286698796021234,0.035370695238634585,0.0,0.0,0.0,False
t05_09_b03,8,50,0.75,20,-0.0021250572588569216,-0.0060366473873239455,0.000840758767437233,0.0,0.0,0.0,False
t05_09_b03,8,100,0.25,20,-0.15573613403159534,-0.16668665788699738,-0.1438807353403042,0.005977537045367777,0.003110553101095932,0.008533210309054608,False
t05_09_b03,8,100,0.5,20,-0.005513463434637611,-0.01875851605118018,0.006997906584875143,-0.002075634000712444,-0.0044263571522766415,0.0003824521431564781,False
t05_09_b03,8,100,0.75,20,-0.002864998396927465,-0.012819088041998406,0.007051515929387254,-0.0006507378929471015,-0.003354673578662091,0.002418062333460674,False
t05_09_b03,16,24,0.25,20,1.5716315631920175,1.52339212453861,1.6218469782324205,0.0,0.0,0.0,False
t05_09_b03,16,24,0.5,20,0.01179449538796266,0.009908163791395766,0.013798135589161622,0.0,0.0,0.0,False
t05_09_b03,16,24,0.75,20,0.000142505946952425,0.0,0.00042751784085727496,0.0,0.0,0.0,False
t05_09_b03,16,32,0.25,20,2.9486971583253334,2.8747733304844236,3.019198063938108,0.0,0.0,0.0,False
t05_09_b03,16,32,0.5,20,0.1345617482054075,0.060092330463839605,0.20836017682204355,0.0,0.0,0.0,False
t05_09_b03,16,32,0.75,20,0.0,0.0,0.0,0.0,0.0,0.0,False
t05_09_b03,16,50,0.25,20,1.2031028058780477,1.1701044436254486,1.2350528657440216,0.0,0.0,0.0,False
t05_09_b03,16,50,0.5,20,0.43156842024481057,0.3964365791424232,0.46562999271298877,0.0,0.0,0.0,False
t05_09_b03,16,50,0.75,20,-0.005208735980964363,-0.017506725127283233,0.006311602641101136,0.0,0.0,0.0,False
t05_09_b03,16,100,0.25,20,-1.907736020819878,-1.9175402257341456,-1.8978981730116082,0.20318753930404684,0.2005747047093823,0.2056480708256869,True
t05_09_b03,16,100,0.5,20,-0.13368789380286783,-0.14580629512348917,-0.1218104862234917,0.0025698681141357303,-0.0005182427989660508,0.005389655711260258,False
t05_09_b03,16,100,0.75,20,-0.008080591668601932,-0.020937535222693465,0.0029969967121275007,-0.0025250023853983262,-0.005334030536667958,0.00028752487062974044,False
t05_09_b03,24,24,0.25,20,6.063454430305891,6.02098572498965,6.10460165031734,0.000123902521931115,1.1294330246215e-05,0.0002574290237272,False
t05_09_b03,24,24,0.5,20,2.4713678638479832,2.4170523740863206,2.521745473806156,0.0,0.0,0.0,False
t05_09_b03,24,24,0.75,20,0.022941469787992337,0.020254434138743903,0.025705388400888495,0.0,0.0,0.0,False
t05_09_b03,24,32,0.25,20,6.408153381875243,6.344093529476705,6.469948789378061,0.07168818339412805,0.0689365372161805,0.07450607639064982,False
t05_09_b03,24,32,0.5,20,3.059569081599509,3.003230650853732,3.1138258828255365,0.0,0.0,0.0,False
t05_09_b03,24,32,0.75,20,0.014895685133311593,-0.05999735048085292,0.0925063771096561,0.0,0.0,0.0,False
t05_09_b03,24,50,0.25,20,1.3907425725375337,1.357091653853492,1.4240472738154781,0.306069788252037,0.3036344200488835,0.3082740635497882,False
t05_09_b03,24,50,0.5,20,0.525222890708727,0.4891760455822223,0.5573754007754832,0.06357107634231465,0.06177109738923118,0.06547271610175907,False
t05_09_b03,24,50,0.75,20,0.31645561303594333,0.2859663607890127,0.34683045673586305,0.0,0.0,0.0,False
t05_09_b03,24,100,0.25,20,-4.567032100948062,-4.591837320052833,-4.543472586464465,0.419187732060459,0.41702862551599074,0.42143194023255004,True
t05_09_b03,24,100,0.5,20,-2.7261494683048513,-2.754598221966267,-2.6958618222432045,0.18361664098052155,0.18027276790015279,0.18654374947384542,True
t05_09_b03,24,100,0.75,20,-0.10165542135788552,-0.11734976978747369,-0.0854955387211369,-0.0005920374488206099,-0.0032182844005939574,0.0019563314510484455,False
t05_09_b03,31,24,0.25,20,3.175962931894298,3.140046315645165,3.213232326888474,0.6339664907111081,0.6320054165763412,0.635993375556129,False
t05_09_b03,31,24,0.5,20,1.8723972406759295,1.8535152263987829,1.8898842118268135,0.38640772100698767,0.3836250949451087,0.3890210578521999,False
t05_09_b03,31,24,0.75,20,1.3034375858974123,1.2894323356217914,1.317318157738518,0.13576004516032394,0.1341929785428807,0.13723636730506827,False
t05_09_b03,31,32,0.25,20,1.832317146404091,1.7552115470749463,1.9075944586459046,0.6618516121612,0.6601343175626854,0.6636839614095696,False
t05_09_b03,31,32,0.5,20,0.8016211229607941,0.7338516563693392,0.8663822591965133,0.41429528026863627,0.4125503517607392,0.4161709728224941,False
t05_09_b03,31,32,0.75,20,0.33183227492548434,0.2580719187697719,0.40810923417922135,0.16550897908682205,0.16384717521659828,0.16727133707839723,False
t05_09_b03,31,50,0.25,20,-3.2218777233555125,-3.255984423467237,-3.1931230799693857,0.6930575665062346,0.6914287855062701,0.6946677230962415,True
t05_09_b03,31,50,0.5,20,-3.7872239472976674,-3.810933580355873,-3.76302855210067,0.44480222206245107,0.44216843539659517,0.4475680502685195,True
t05_09_b03,31,50,0.75,20,-1.3707638639389461,-1.4075630738478955,-1.3306293939649656,0.19513344001321403,0.19395506967963105,0.19627244763918925,True
t05_09_b03,31,100,0.25,20,-8.984963120944077,-8.998776468077006,-8.971232467120776,0.6142440661409571,0.6122587457971482,0.6162776433978113,True
t05_09_b03,31,100,0.5,20,-4.954790506059614,-4.967184045072114,-4.943240525172074,0.3737770183590806,0.37121835080199334,0.37614828113735166,True
t05_09_b03,31,100,0.75,20,-2.177386987467769,-2.209419443256118,-2.148503930756011,0.1363819517950831,0.13354715858296798,0.13900036238567634,True
t05_09_b03,32,24,0.25,20,-0.006217409563789815,-0.007026422435252424,-0.005430363339784493,0.7491334801019279,0.7480243526390621,0.7503160925829143,True
t05_09_b03,32,24,0.5,20,-0.006422689745018159,-0.007360748309098656,-0.005492263351658431,0.4996525361839888,0.49708956826532574,0.5024309416489319,True
t05_09_b03,32,24,0.75,20,-0.005701822056300125,-0.006550428691493812,-0.0048784595969109485,0.2505688210608726,0.24835463084350393,0.2527630741495281,False
t05_09_b03,32,32,0.25,20,-0.7665747320721852,-0.8367999004033071,-0.6994396998151281,0.7494580984108611,0.7477261114099558,0.7511679545917512,True
t05_09_b03,32,32,0.5,20,-0.6812830409113146,-0.744848016973618,-0.6213885867484316,0.5013360857260697,0.5000346647906971,0.5026693409331643,True
t05_09_b03,32,32,0.75,20,-0.7051031115941438,-0.7773382820698129,-0.6324257172249065,0.2505850624940585,0.24897183179681587,0.2521126163556278,True
t05_09_b03,32,50,0.25,20,-5.033149666975411,-5.061441396477211,-5.0063076037814955,0.7497704857198559,0.7480039355008876,0.7514463932778382,True
t05_09_b03,32,50,0.5,20,-4.793096494117178,-4.812781401283973,-4.772195077810324,0.498682199907076,0.4972510746146592,0.5001063733884181,True
t05_09_b03,32,50,0.75,20,-2.1746904866755337,-2.2312508413870358,-2.1199121832688883,0.249841710624376,0.24868730271576941,0.2509608261014514,True
t05_09_b03,32,100,0.25,20,-9.99950617218696,-10.008887990228999,-9.990285564752043,0.6418313053609809,0.6399115513529408,0.6437656040501331,True
t05_09_b03,32,100,0.5,20,-5.347028805467244,-5.360797875477237,-5.332216203356503,0.4026798178737151,0.40013019981976683,0.40511555633067714,True
t05_09_b03,32,100,0.75,20,-2.6258523926735693,-2.6650104687885596,-2.5873300918499296,0.16357146817031717,0.1604519583772527,0.16633988168689556,True
t05_09_b05,1,24,0.25,20,0.0,0.0,0.0,0.0,0.0,0.0,False
t05_09_b05,1,24,0.5,20,0.0,0.0,0.0,0.0,0.0,0.0,False
t05_09_b05,1,24,0.75,20,0.0,0.0,0.0,0.0,0.0,0.0,False
t05_09_b05,1,32,0.25,20,0.009995439858244737,0.0,0.02998631957473421,0.0,0.0,0.0,False
t05_09_b05,1,32,0.5,20,0.0,0.0,0.0,0.0,0.0,0.0,False
t05_09_b05,1,32,0.75,20,0.0,0.0,0.0,0.0,0.0,0.0,False
t05_09_b05,1,50,0.25,20,0.005591030426217713,-0.016522435354038207,0.028853493365451947,0.0,0.0,0.0,False
t05_09_b05,1,50,0.5,20,0.0010020901485172206,0.0,0.002358355781484635,0.0,0.0,0.0,False
t05_09_b05,1,50,0.75,20,0.0,0.0,0.0,0.0,0.0,0.0,False
t05_09_b05,1,100,0.25,20,-0.002588845475602497,-0.042943793186099526,0.0347475820310766,0.0,0.0,0.0,False
t05_09_b05,1,100,0.5,20,-0.008260568964131566,-0.031972951912033636,0.017462334713387987,0.0,0.0,0.0,False
t05_09_b05,1,100,0.75,20,-0.008879468367272913,-0.024401196939003635,0.005666084490370509,0.0,0.0,0.0,False
t05_09_b05,4,24,0.25,20,0.00017902439891370498,-1.6834650707582284e-05,0.00044003467572609694,0.0,0.0,0.0,False
t05_09_b05,4,24,0.5,20,0.0,0.0,0.0,0.0,0.0,0.0,False
t05_09_b05,4,24,0.75,20,0.0,0.0,0.0,0.0,0.0,0.0,False
t05_09_b05,4,32,0.25,20,0.03337815690551139,-0.01785653855420737,0.08454865837351447,0.0,0.0,0.0,False
t05_09_b05,4,32,0.5,20,0.0,0.0,0.0,0.0,0.0,0.0,False
t05_09_b05,4,32,0.75,20,0.0,0.0,0.0,0.0,0.0,0.0,False
t05_09_b05,4,50,0.25,20,0.05068661939791985,0.012189142673954444,0.09049721265764316,0.0,0.0,0.0,False
t05_09_b05,4,50,0.5,20,-0.0023416408284166134,-0.011448212064790807,0.005360960391194871,0.0,0.0,0.0,False
t05_09_b05,4,50,0.75,20,0.0,0.0,0.0,0.0,0.0,0.0,False
t05_09_b05,4,100,0.25,20,-0.06474786161571044,-0.1124433494277472,-0.018764688361023706,0.0,0.0,0.0,False
t05_09_b05,4,100,0.5,20,-0.039697141401872485,-0.0733062078562567,-0.005516050753619985,0.0,0.0,0.0,False
t05_09_b05,4,100,0.75,20,-0.02623727418898003,-0.04790920711190575,-0.005049974312973529,0.0,0.0,0.0,False
t05_09_b05,8,24,0.25,20,0.005070625579313555,0.003629671750621682,0.006582698040279216,0.0,0.0,0.0,False
t05_09_b05,8,24,0.5,20,1.4439295627310033e-05,-8.261544227560493e-05,0.00012593332915753502,0.0,0.0,0.0,False
t05_09_b05,8,24,0.75,20,0.0,0.0,0.0,0.0,0.0,0.0,False
t05_09_b05,8,32,0.25,20,0.1383662650242577,0.05733611967785905,0.209865368482253,0.0,0.0,0.0,False
t05_09_b05,8,32,0.5,20,-0.01018242002273106,-0.03349765146655917,0.0029503913983659922,0.0,0.0,0.0,False
t05_09_b05,8,32,0.75,20,0.0,0.0,0.0,0.0,0.0,0.0,False
t05_09_b05,8,50,0.25,20,0.4832130132547567,0.4307260187713966,0.5393157255712301,0.0,0.0,0.0,False
t05_09_b05,8,50,0.5,20,0.0028126191069862026,-0.01194747554415226,0.01693896442566643,0.0,0.0,0.0,False
t05_09_b05,8,50,0.75,20,-0.0014414922917806105,-0.004324476875341832,0.0,0.0,0.0,0.0,False
t05_09_b05,8,100,0.25,20,-0.13217236089574252,-0.1633785375664221,-0.1009434681555583,0.0003395324788826157,0.0001655867217770689,0.0005510432354296163,False
t05_09_b05,8,100,0.5,20,-0.025224165735162264,-0.062490969318956265,0.01411743046395044,0.0,0.0,0.0,False
t05_09_b05,8,100,0.75,20,-0.012710927923738869,-0.04582297919355287,0.01907269236768479,0.0,0.0,0.0,False
t05_09_b05,16,24,0.25,20,1.5716315631920175,1.52339212453861,1.6218469782324205,0.0,0.0,0.0,False
t05_09_b05,16,24,0.5,20,0.01179449538796266,0.009908163791395766,0.013798135589161622,0.0,0.0,0.0,False
t05_09_b05,16,24,0.75,20,0.000142505946952425,0.0,0.00042751784085727496,0.0,0.0,0.0,False
t05_09_b05,16,32,0.25,20,2.9486971583253334,2.8747733304844236,3.019198063938108,0.0,0.0,0.0,False
t05_09_b05,16,32,0.5,20,0.1345617482054075,0.060092330463839605,0.20836017682204355,0.0,0.0,0.0,False
t05_09_b05,16,32,0.75,20,0.0,0.0,0.0,0.0,0.0,0.0,False
t05_09_b05,16,50,0.25,20,1.0771927129712573,1.0393343605252157,1.1129769783281904,0.0,0.0,0.0,False
t05_09_b05,16,50,0.5,20,0.5001914632608759,0.4609418856973221,0.5382497070157666,0.0,0.0,0.0,False
t05_09_b05,16,50,0.75,20,0.007633556250844409,-0.0035420418063862634,0.020529711781860038,0.0,0.0,0.0,False
t05_09_b05,16,100,0.25,20,-0.3645429932568588,-0.3994981596137537,-0.32999336973404375,0.19197291780064477,0.1896009630218146,0.19453671751099946,True
t05_09_b05,16,100,0.5,20,-0.27783822095505545,-0.3107695181596827,-0.245355199810096,0.0011505683401901998,0.0007074016230545884,0.0016513605580730378,False
t05_09_b05,16,100,0.75,20,-0.020775530205532355,-0.04452923133654044,0.0023920679454861368,0.0,0.0,0.0,False
t05_09_b05,24,24,0.25,20,5.801030623672011,5.7721356653286335,5.8286325024642265,0.0,0.0,0.0,False
t05_09_b05,24,24,0.5,20,2.475013070826356,2.421607765508881,2.5247452648152677,0.0,0.0,0.0,False
t05_09_b05,24,24,0.75,20,0.022941469787992337,0.020254434138743903,0.025705388400888495,0.0,0.0,0.0,False
t05_09_b05,24,32,0.25,20,6.000666403620038,5.920819640468119,6.079222361026656,0.0008384013304025349,0.0005120600024810574,0.0011944579735029496,False
t05_09_b05,24,32,0.5,20,2.9581668904560274,2.8919353952793934,3.019136408133431,0.0,0.0,0.0,False
t05_09_b05,24,32,0.75,20,0.014895685133311593,-0.05999735048085292,0.0925063771096561,0.0,0.0,0.0,False
t05_09_b05,24,50,0.25,20,2.4595756110112292,2.4238319608487258,2.495237393342464,0.19155210341288256,0.18826601439286283,0.1948177399562772,False
t05_09_b05,24,50,0.5,20,0.6475671762864643,0.6058119372768052,0.6857037409956909,0.00195308693070105,0.0014223291578177278,0.0025490535270595734,False
t05_09_b05,24,50,0.75,20,0.37560209103755354,0.3522234795367921,0.39867255237984434,0.0,0.0,0.0,False
t05_09_b05,24,100,0.25,20,-2.8555638957198544,-2.897985075958361,-2.8141116620518196,0.4693505920243902,0.4678534063424092,0.47083627748704676,True
t05_09_b05,24,100,0.5,20,-1.7158348778501988,-1.7413348596975406,-1.6907728156285076,0.22240956999607636,0.22032929430187934,0.2245190368846002,True
t05_09_b05,24,100,0.75,20,-0.3472913098775501,-0.3856905224943335,-0.3086942689834241,0.003555182630007766,0.0030410932473024354,0.004087880558503949,False
t05_09_b05,31,24,0.25,20,3.873697199093693,3.8235426028859942,3.926180140766899,0.605340688448667,0.6022364594041977,0.608854186150366,False
t05_09_b05,31,24,0.5,20,2.385448652821974,2.358754906109556,2.41137861047625,0.3524157462254194,0.34990867496805844,0.3550206539775928,False
t05_09_b05,31,24,0.75,20,1.641875588811692,1.6204757614045926,1.6629952469604397,0.10981955703665244,0.10740882804302163,0.11251553705695626,False
t05_09_b05,31,32,0.25,20,2.4738480216024605,2.403909260531414,2.5424547095941916,0.6378063442224524,0.635662530721475,0.6398997449584994,False
t05_09_b05,31,32,0.5,20,1.2138323917391294,1.152277897339416,1.2750207543080245,0.3910965985441516,0.38887109970794054,0.3934505049109518,False
t05_09_b05,31,32,0.75,20,0.6143624990244424,0.541024402143755,0.6885804688362419,0.14298125555219027,0.14122739747401758,0.1447761246524378,False
t05_09_b05,31,50,0.25,20,-2.5284019860751608,-2.5765539591504347,-2.4782872741206576,0.6795586126565352,0.6778570989019354,0.6813194923658867,True
t05_09_b05,31,50,0.5,20,-3.348565204200091,-3.368008257301511,-3.329229697334722,0.4322992015118154,0.43071473369514746,0.43366653998053284,True
t05_09_b05,31,50,0.75,20,-1.053822830669429,-1.083260248982523,-1.022846903220259,0.1796970625438345,0.17813120392800014,0.18133396517683625,True
t05_09_b05,31,100,0.25,20,-7.761115459831141,-7.793976819156235,-7.726729922456157,0.7149711248445556,0.7138037247574098,0.7161015205330347,True
t05_09_b05,31,100,0.5,20,-3.801303411512231,-3.8288112749584067,-3.7734721243387814,0.46545628325498234,0.46421814594754907,0.466647412851398,True
t05_09_b05,31,100,0.75,20,-2.774553488736191,-2.8020337757900124,-2.745302083457508,0.21542285084192855,0.21442912774613843,0.21631904967101395,True
t05_09_b05,32,24,0.25,20,-0.006217409563789815,-0.007026422435252424,-0.005430363339784493,0.7491334801019279,0.7480243526390621,0.7503160925829143,True
t05_09_b05,32,24,0.5,20,-0.006422689745018159,-0.007360748309098656,-0.005492263351658431,0.4996525361839888,0.49708956826532574,0.5024309416489319,True
t05_09_b05,32,24,0.75,20,-0.005701822056300125,-0.006550428691493812,-0.0048784595969109485,0.2505688210608726,0.24835463084350393,0.2527630741495281,False
t05_09_b05,32,32,0.25,20,-0.7665747320721852,-0.8367999004033071,-0.6994396998151281,0.7494580984108611,0.7477261114099558,0.7511679545917512,True
t05_09_b05,32,32,0.5,20,-0.6812830409113146,-0.744848016973618,-0.6213885867484316,0.5013360857260697,0.5000346647906971,0.5026693409331643,True
t05_09_b05,32,32,0.75,20,-0.7051031115941438,-0.7773382820698129,-0.6324257172249065,0.2505850624940585,0.24897183179681587,0.2521126163556278,True
t05_09_b05,32,50,0.25,20,-4.848727001581809,-4.879136068401525,-4.818259779851362,0.7497704857198559,0.7480039355008876,0.7514463932778382,True
t05_09_b05,32,50,0.5,20,-4.655397293198395,-4.6679330158555,-4.644025644096332,0.498682199907076,0.4972510746146592,0.5001063733884181,True
t05_09_b05,32,50,0.75,20,-2.060168460193724,-2.108509440246187,-2.013574154894141,0.249841710624376,0.24868730271576941,0.2509608261014514,True
t05_09_b05,32,100,0.25,20,-9.064805714310387,-9.100448182017486,-9.02986983616146,0.7500082891520258,0.7489435399775791,0.7511044976672646,True
t05_09_b05,32,100,0.5,20,-4.269567370841571,-4.292553980270108,-4.246604780787994,0.49980275718943945,0.49878816418261246,0.5008095379126555,True
t05_09_b05,32,100,0.75,20,-3.093661482078238,-3.11542302915269,-3.0724797255795018,0.24866891715468803,0.24753085164037594,0.24970115060806464,True
t05_09_b07,1,24,0.25,20,0.0,0.0,0.0,0.0,0.0,0.0,False
t05_09_b07,1,24,0.5,20,0.0,0.0,0.0,0.0,0.0,0.0,False
t05_09_b07,1,24,0.75,20,0.0,0.0,0.0,0.0,0.0,0.0,False
t05_09_b07,1,32,0.25,20,0.009995439858244737,0.0,0.02998631957473421,0.0,0.0,0.0,False
t05_09_b07,1,32,0.5,20,0.0,0.0,0.0,0.0,0.0,0.0,False
t05_09_b07,1,32,0.75,20,0.0,0.0,0.0,0.0,0.0,0.0,False
t05_09_b07,1,50,0.25,20,0.003535806683716425,-0.017624507304419078,0.022807546727833368,0.0,0.0,0.0,False
t05_09_b07,1,50,0.5,20,0.0,0.0,0.0,0.0,0.0,0.0,False
t05_09_b07,1,50,0.75,20,0.0,0.0,0.0,0.0,0.0,0.0,False
t05_09_b07,1,100,0.25,20,-0.0014542437068956638,-0.013638988337995593,0.010065606016207117,0.0,0.0,0.0,False
t05_09_b07,1,100,0.5,20,-0.003728901736476953,-0.010268032747235242,0.0030257633131498046,0.0,0.0,0.0,False
t05_09_b07,1,100,0.75,20,-0.010430577777064664,-0.030320502844129363,0.005012112157959461,0.0,0.0,0.0,False
t05_09_b07,4,24,0.25,20,0.00017902439891370498,-1.6834650707582284e-05,0.00044003467572609694,0.0,0.0,0.0,False
t05_09_b07,4,24,0.5,20,0.0,0.0,0.0,0.0,0.0,0.0,False
t05_09_b07,4,24,0.75,20,0.0,0.0,0.0,0.0,0.0,0.0,False
t05_09_b07,4,32,0.25,20,0.03337815690551139,-0.01785653855420737,0.08454865837351447,0.0,0.0,0.0,False
t05_09_b07,4,32,0.5,20,0.0,0.0,0.0,0.0,0.0,0.0,False
t05_09_b07,4,32,0.75,20,0.0,0.0,0.0,0.0,0.0,0.0,False
t05_09_b07,4,50,0.25,20,0.05032982062358191,0.025233997614629453,0.0753688908900133,0.0,0.0,0.0,False
t05_09_b07,4,50,0.5,20,2.7401764673751216e-06,0.0,8.220529402125364e-06,0.0,0.0,0.0,False
t05_09_b07,4,50,0.75,20,0.0,0.0,0.0,0.0,0.0,0.0,False
t05_09_b07,4,100,0.25,20,-0.1141920157888289,-0.1262022843134293,-0.10273139182867105,0.0,0.0,0.0,False
t05_09_b07,4,100,0.5,20,-0.015562691212738145,-0.02815454027642367,-0.002459493612412596,0.0,0.0,0.0,False
t05_09_b07,4,100,0.75,20,0.005870026215478852,-0.025289394349727067,0.03807289144666657,0.0,0.0,0.0,False
t05_09_b07,8,24,0.25,20,0.005070625579313555,0.003629671750621682,0.006582698040279216,0.0,0.0,0.0,False
t05_09_b07,8,24,0.5,20,1.4439295627310033e-05,-8.261544227560493e-05,0.00012593332915753502,0.0,0.0,0.0,False
t05_09_b07,8,24,0.75,20,0.0,0.0,0.0,0.0,0.0,0.0,False
t05_09_b07,8,32,0.25,20,0.1383662650242577,0.05733611967785905,0.209865368482253,0.0,0.0,0.0,False
t05_09_b07,8,32,0.5,20,-0.01018242002273106,-0.03349765146655917,0.0029503913983659922,0.0,0.0,0.0,False
t05_09_b07,8,32,0.75,20,0.0,0.0,0.0,0.0,0.0,0.0,False
t05_09_b07,8,50,0.25,20,0.5302355559978243,0.4956174531873314,0.5633715296296221,0.0,0.0,0.0,False
t05_09_b07,8,50,0.5,20,0.0060548741478970046,-0.005348260551319033,0.017547121409964003,0.0,0.0,0.0,False
t05_09_b07,8,50,0.75,20,0.0,0.0,0.0,0.0,0.0,0.0,False
t05_09_b07,8,100,0.25,20,-0.5630662524912439,-0.5745757227282521,-0.5526264174843573,0.0,0.0,0.0,False
t05_09_b07,8,100,0.5,20,-0.11016286375929543,-0.12483156896251017,-0.09585624933501623,0.0,0.0,0.0,False
t05_09_b07,8,100,0.75,20,-0.017856105645725196,-0.05060550704310289,0.01430622427060067,0.0,0.0,0.0,False
t05_09_b07,16,24,0.25,20,1.5716315631920175,1.52339212453861,1.6218469782324205,0.0,0.0,0.0,False
t05_09_b07,16,24,0.5,20,0.01179449538796266,0.009908163791395766,0.013798135589161622,0.0,0.0,0.0,False
t05_09_b07,16,24,0.75,20,0.000142505946952425,0.0,0.00042751784085727496,0.0,0.0,0.0,False
t05_09_b07,16,32,0.25,20,2.9486971583253334,2.8747733304844236,3.019198063938108,0.0,0.0,0.0,False
t05_09_b07,16,32,0.5,20,0.1345617482054075,0.060092330463839605,0.20836017682204355,0.0,0.0,0.0,False
t05_09_b07,16,32,0.75,20,0.0,0.0,0.0,0.0,0.0,0.0,False
t05_09_b07,16,50,0.25,20,1.0849799855129199,1.060385302667287,1.1085080592399843,0.0,0.0,0.0,False
t05_09_b07,16,50,0.5,20,0.5598874929282467,0.5273705262481295,0.591852995555249,0.0,0.0,0.0,False
t05_09_b07,16,50,0.75,20,0.007238723013792825,-0.0022483143246175494,0.0175382256866719,0.0,0.0,0.0,False
t05_09_b07,16,100,0.25,20,0.38692313497943565,0.3551048956537431,0.41389459631564013,0.000752489244390936,0.0004613280443330908,0.001075852138912602,False
t05_09_b07,16,100,0.5,20,-1.0932079495207951,-1.103773864936272,-1.0825933369167624,0.0,0.0,0.0,False
t05_09_b07,16,100,0.75,20,-0.3769849923640706,-0.4125184255248433,-0.33941201250177233,0.0,0.0,0.0,False
t05_09_b07,24,24,0.25,20,5.71960524409185,5.69823899565892,5.7398582129908355,0.0,0.0,0.0,False
t05_09_b07,24,24,0.5,20,2.475486269371136,2.4254627480853577,2.522841177398901,0.0,0.0,0.0,False
t05_09_b07,24,24,0.75,20,0.022941469787992337,0.020254434138743903,0.025705388400888495,0.0,0.0,0.0,False
t05_09_b07,24,32,0.25,20,5.494880645533626,5.42435952787436,5.565089821809198,0.0,0.0,0.0,False
t05_09_b07,24,32,0.5,20,2.922504905069215,2.857553861671239,2.9857497020193247,0.0,0.0,0.0,False
t05_09_b07,24,32,0.75,20,0.014895685133311593,-0.05999735048085292,0.0925063771096561,0.0,0.0,0.0,False
t05_09_b07,24,50,0.25,20,2.748501286945937,2.7031753588485063,2.7950132520697726,0.003834540532836625,0.0027877782948325268,0.004911832819214289,False
t05_09_b07,24,50,0.5,20,0.2747033249943678,0.2510696822999595,0.296531921743951,0.0,0.0,0.0,False
t05_09_b07,24,50,0.75,20,0.4008849392385282,0.3824047880484647,0.4187692204995104,0.0,0.0,0.0,False
t05_09_b07,24,100,0.25,20,-0.7763120188474985,-0.8018848225955767,-0.7505199748868127,0.33100588075148424,0.3278354048831817,0.3341316411165019,True
t05_09_b07,24,100,0.5,20,-0.31140693274766007,-0.32586942835090915,-0.29651198670461476,0.08820725274743396,0.08520337461630276,0.09121086636982885,True
t05_09_b07,24,100,0.75,20,-1.0250466353867638,-1.0506321969614507,-1.0010735017650054,0.0,0.0,0.0,False
t05_09_b07,31,24,0.25,20,5.203957976618492,5.156197866140656,5.250017219786033,0.532418042710131,0.5286182835831169,0.5363060746383146,False
t05_09_b07,31,24,0.5,20,3.351842135388799,3.3080290730598776,3.3957234349352063,0.2867519420825334,0.2829695295402329,0.29051954058637464,False
t05_09_b07,31,24,0.75,20,2.2011961554400954,2.178429808979496,2.2248338379462536,0.0525206012338702,0.049782425900716326,0.05477733604408678,False
t05_09_b07,31,32,0.25,20,3.7081821508484447,3.6156704067648127,3.800229589486594,0.583896086688073,0.5805280977751561,0.587321831248935,False
t05_09_b07,31,32,0.5,20,2.0554886915811506,1.9838735359349644,2.124899227354758,0.33581091576103284,0.332301471768135,0.33939684421593785,False
t05_09_b07,31,32,0.75,20,1.1946151385086392,1.1197683452198075,1.271371269424376,0.092234497488405,0.09033414785741516,0.09424559941882844,False
t05_09_b07,31,50,0.25,20,-1.439857124518809,-1.4903224754887345,-1.3959365889292052,0.6433162806309918,0.6414158315882795,0.645214542143531,True
t05_09_b07,31,50,0.5,20,-2.634303710226873,-2.66683021788899,-2.600950638138309,0.39578329094953885,0.39350167815121667,0.3979345013402278,True
t05_09_b07,31,50,0.75,20,-0.6603312321185264,-0.7075832014118609,-0.6064014624096993,0.14694924598857168,0.14510416156067024,0.14892985277004653,True
t05_09_b07,31,100,0.25,20,-6.347534095201313,-6.380645872515533,-6.31447437410547,0.6962444689149743,0.6950965375957198,0.6974387869459888,True
t05_09_b07,31,100,0.5,20,-2.9039698859076397,-2.9194355431620354,-2.88968392072923,0.447053681942623,0.4453438762523148,0.44879155462759057,True
t05_09_b07,31,100,0.75,20,-1.7066325789590002,-1.7331290961838293,-1.6805481536445672,0.19824024815559488,0.197061131069573,0.19942005981084177,True
t05_09_b07,32,24,0.25,20,-0.006217409563789815,-0.007026422435252424,-0.005430363339784493,0.7491334801019279,0.7480243526390621,0.7503160925829143,True
t05_09_b07,32,24,0.5,20,-0.006422689745018159,-0.007360748309098656,-0.005492263351658431,0.4996525361839888,0.49708956826532574,0.5024309416489319,True
t05_09_b07,32,24,0.75,20,-0.005701822056300125,-0.006550428691493812,-0.0048784595969109485,0.2505688210608726,0.24835463084350393,0.2527630741495281,False
t05_09_b07,32,32,0.25,20,-0.7665747320721852,-0.8367999004033071,-0.6994396998151281,0.7494580984108611,0.7477261114099558,0.7511679545917512,True
t05_09_b07,32,32,0.5,20,-0.6812830409113146,-0.744848016973618,-0.6213885867484316,0.5013360857260697,0.5000346647906971,0.5026693409331643,True
t05_09_b07,32,32,0.75,20,-0.7051031115941438,-0.7773382820698129,-0.6324257172249065,0.2505850624940585,0.24897183179681587,0.2521126163556278,True
t05_09_b07,32,50,0.25,20,-4.758811795272963,-4.776630432276002,-4.741583927532239,0.7497704857198559,0.7480039355008876,0.7514463932778382,True
t05_09_b07,32,50,0.5,20,-4.586267113655034,-4.5969732218966515,-4.5760292445387964,0.498682199907076,0.4972510746146592,0.5001063733884181,True
t05_09_b07,32,50,0.75,20,-2.001298258736501,-2.0450592372557965,-1.9599933003498344,0.249841710624376,0.24868730271576941,0.2509608261014514,True
t05_09_b07,32,100,0.25,20,-8.28786615119109,-8.296729059603708,-8.280233436777902,0.7500082891520258,0.7489435399775791,0.7511044976672646,True
t05_09_b07,32,100,0.5,20,-3.6090780213732154,-3.620483235147698,-3.597902955659493,0.49950406717664697,0.4987516477555789,0.5002271379736415,True
t05_09_b07,32,100,0.75,20,-2.146137563694454,-2.169992536496888,-2.1238103587652066,0.24940220800751295,0.24856147079302804,0.2502554397119243,True
t05_12_b03,1,24,0.25,20,0.0,0.0,0.0,0.0,0.0,0.0,False
t05_12_b03,1,24,0.5,20,0.0,0.0,0.0,0.0,0.0,0.0,False
t05_12_b03,1,24,0.75,20,0.0,0.0,0.0,0.0,0.0,0.0,False
t05_12_b03,1,32,0.25,20,0.009995439858244737,0.0,0.02998631957473421,0.0,0.0,0.0,False
t05_12_b03,1,32,0.5,20,0.0,0.0,0.0,0.0,0.0,0.0,False
t05_12_b03,1,32,0.75,20,0.0,0.0,0.0,0.0,0.0,0.0,False
t05_12_b03,1,50,0.25,20,-0.029952464055849858,-0.06158252196900438,-0.0028607912267762203,0.0,0.0,0.0,False
t05_12_b03,1,50,0.5,20,0.0006349984774975947,-0.010142969079361252,0.011617425323989572,0.0,0.0,0.0,False
t05_12_b03,1,50,0.75,20,-0.0011166400411566802,-0.0033499201234700403,0.0,0.0,0.0,0.0,False
t05_12_b03,1,100,0.25,20,-0.003306206669754186,-0.010879334091756997,0.003878435616106177,-0.0006501035319763815,-0.0037721996026537125,0.002405745547018925,False
t05_12_b03,1,100,0.5,20,0.003189696587509694,-0.0040537960445289,0.011393046038126022,-0.0005121423347267201,-0.0024772792793095076,0.001207791513034958,False
t05_12_b03,1,100,0.75,20,-0.0014056756901772438,-0.005408683171303029,0.002071663289267576,0.0002820972715526143,-0.0013063197873844005,0.0017682399201472516,False
t05_12_b03,4,24,0.25,20,0.00017902439891370498,-1.6834650707582284e-05,0.00044003467572609694,0.0,0.0,0.0,False
t05_12_b03,4,24,0.5,20,0.0,0.0,0.0,0.0,0.0,0.0,False
t05_12_b03,4,24,0.75,20,0.0,0.0,0.0,0.0,0.0,0.0,False
t05_12_b03,4,32,0.25,20,0.03337815690551139,-0.01785653855420737,0.08454865837351447,0.0,0.0,0.0,False
t05_12_b03,4,32,0.5,20,0.0,0.0,0.0,0.0,0.0,0.0,False
t05_12_b03,4,32,0.75,20,0.0,0.0,0.0,0.0,0.0,0.0,False
t05_12_b03,4,50,0.25,20,0.01349270088485297,-0.028555548008483356,0.05269788961062356,0.0,0.0,0.0,False
t05_12_b03,4,50,0.5,20,-0.011404869356690873,-0.028888322487778863,0.004317257142664269,0.0,0.0,0.0,False
t05_12_b03,4,50,0.75,20,-0.0018424760163001873,-0.005706053262201863,0.0011233400099939673,0.0,0.0,0.0,False
t05_12_b03,4,100,0.25,20,-0.009865933350211974,-0.019300419469056487,-0.00025086004322003757,-0.0027972333132954804,-0.00619602232777712,0.0005748193169596296,False
t05_12_b03,4,100,0.5,20,0.005307844947573503,-0.005588903431837615,0.016411057923357373,0.0011313926794793497,-0.0009057322344077809,0.00318243419767074,False
t05_12_b03,4,100,0.75,20,-0.008276132108308687,-0.015550196447829028,-0.0006415650953936914,-0.0024545798570531985,-0.0047392433045545124,-3.2113136874000497e-06,False
t05_12_b03,8,24,0.25,20,0.005070625579313555,0.003629671750621682,0.006582698040279216,0.0,0.0,0.0,False
t05_12_b03,8,24,0.5,20,1.4439295627310033e-05,-8.261544227560493e-05,0.00012593332915753502,0.0,0.0,0.0,False
t05_12_b03,8,24,0.75,20,0.0,0.0,0.0,0.0,0.0,0.0,False
t05_12_b03,8,32,0.25,20,0.1383662650242577,0.05733611967785905,0.209865368482253,0.0,0.0,0.0,False
t05_12_b03,8,32,0.5,20,-0.01018242002273106,-0.03349765146655917,0.0029503913983659922,0.0,0.0,0.0,False
t05_12_b03,8,32,0.75,20,0.0,0.0,0.0,0.0,0.0,0.0,False
t05_12_b03,8,50,0.25,20,0.2984383143457645,0.2523701660034391,0.3432281035324926,0.0,0.0,0.0,False
t05_12_b03,8,50,0.5,20,0.015025002738318305,-0.006286698796021234,0.035370695238634585,0.0,0.0,0.0,False
t05_12_b03,8,50,0.75,20,-0.0021250572588569216,-0.0060366473873239455,0.000840758767437233,0.0,0.0,0.0,False
t05_12_b03,8,100,0.25,20,-0.1620086609599456,-0.17739210306632844,-0.147765191051843,0.001330508394357255,-0.0014247944045150565,0.003949637946617864,False
t05_12_b03,8,100,0.5,20,0.000679727222864912,-0.010394184752207188,0.012891141175250016,0.0014976835821005543,-0.0011374441955626464,0.0040533505086661654,False
t05_12_b03,8,100,0.75,20,-0.008618123571310754,-0.0209157581005104,0.0030589811000195,-0.0016489210439088631,-0.00393105649704835,0.0007223582210390513,False
t05_12_b03,16,24,0.25,20,1.5716315631920175,1.52339212453861,1.6218469782324205,0.0,0.0,0.0,False
t05_12_b03,16,24,0.5,20,0.01179449538796266,0.009908163791395766,0.013798135589161622,0.0,0.0,0.0,False
t05_12_b03,16,24,0.75,20,0.000142505946952425,0.0,0.00042751784085727496,0.0,0.0,0.0,False
t05_12_b03,16,32,0.25,20,2.9486971583253334,2.8747733304844236,3.019198063938108,0.0,0.0,0.0,False
t05_12_b03,16,32,0.5,20,0.1345617482054075,0.060092330463839605,0.20836017682204355,0.0,0.0,0.0,False
t05_12_b03,16,32,0.75,20,0.0,0.0,0.0,0.0,0.0,0.0,False
t05_12_b03,16,50,0.25,20,2.000387449410998,1.9645231199412523,2.038727849650938,0.006762574318864055,0.006036389191830713,0.007543435321197576,False
t05_12_b03,16,50,0.5,20,0.42767557877606227,0.39432062100984266,0.4594972782792411,0.0,0.0,0.0,False
t05_12_b03,16,50,0.75,20,-0.005208735980964363,-0.017506725127283233,0.006311602641101136,0.0,0.0,0.0,False
t05_12_b03,16,100,0.25,20,-1.9823087919967903,-1.992150872021461,-1.9722217117817453,0.18618275575287194,0.18350651488878122,0.18867368232385315,True
t05_12_b03,16,100,0.5,20,-0.14557448699093473,-0.15706689058724702,-0.13377242993367924,-0.001297392816598971,-0.004447193839656979,0.0019130695179362031,False
t05_12_b03,16,100,0.75,20,-0.007549395104978274,-0.015562855358964761,0.0004030304315984182,-0.0011290564520152493,-0.00416229165275976,0.0018097354556949289,False
t05_12_b03,24,24,0.25,20,6.76789957343397,6.735384299910601,6.797195733804886,0.011258344229480107,0.00988794936585799,0.012654771542774916,False
t05_12_b03,24,24,0.5,20,2.474663395736924,2.4241446103348476,2.522747131648163,0.0,0.0,0.0,False
t05_12_b03,24,24,0.75,20,0.022941469787992337,0.020254434138743903,0.025705388400888495,0.0,0.0,0.0,False
t05_12_b03,24,32,0.25,20,6.323200031845763,6.254730435457353,6.390486077910173,0.11216879894524903,0.10905710181056173,0.11538078684555655,False
t05_12_b03,24,32,0.5,20,3.3919166929789633,3.320933433962563,3.4626589638277236,0.0005206472939064442,0.0003382143548257681,0.0007290258071695236,False
t05_12_b03,24,32,0.75,20,0.014895685133311593,-0.05999735048085292,0.0925063771096561,0.0,0.0,0.0,False
t05_12_b03,24,50,0.25,20,1.2525795749581532,1.2120479687618964,1.2931823752194267,0.3287823874039557,0.32660019502533116,0.33078381565647547,False
t05_12_b03,24,50,0.5,20,0.40987235991379584,0.37426408072104,0.4464957842744682,0.08850369544901936,0.08676502087279071,0.09021556527000996,False
t05_12_b03,24,50,0.75,20,0.32482011806273425,0.2982094126179082,0.3517383015246919,0.0,0.0,0.0,False
t05_12_b03,24,100,0.25,20,-4.677773462669368,-4.706435458122303,-4.647820016045468,0.39422000128836643,0.3907834933153762,0.39775907272963285,True
t05_12_b03,24,100,0.5,20,-2.777615737663297,-2.8031885972461903,-2.7528118053296335,0.17149228427187702,0.16881760721649686,0.1741324871260641,True
t05_12_b03,24,100,0.75,20,-0.10638707677207293,-0.12041772270694052,-0.0929901644214411,-0.005244713218953511,-0.008278821495211013,-0.002107376948734352,False
t05_12_b03,31,24,0.25,20,3.0705957952888885,3.037052080166797,3.102772960883282,0.6381194448325992,0.635602966734803,0.6406144338729451,False
t05_12_b03,31,24,0.5,20,1.7907221863074099,1.774833403217005,1.8056724155762849,0.3895991197965404,0.3874868578186038,0.39190917332584096,False
t05_12_b03,31,24,0.75,20,1.244406984145964,1.2296205721443019,1.2583777791336364,0.14214744733178247,0.13976290850122608,0.1447416401716186,False
t05_12_b03,31,32,0.25,20,1.7100235538741657,1.6352861236609606,1.780427927425186,0.6673687576971904,0.6656033749985191,0.6691456453821368,False
t05_12_b03,31,32,0.5,20,0.7223459402476352,0.6560368114381465,0.7863790428299061,0.416698729861077,0.4144047327718496,0.41885454471924016,False
t05_12_b03,31,32,0.75,20,0.2838595284590163,0.21052826850458062,0.35730468943056226,0.16880853366507664,0.16693758273289755,0.17079655159666773,False
t05_12_b03,31,50,0.25,20,-3.299509590556552,-3.3305023778853817,-3.269505749856461,0.6969674165250928,0.6958827801185207,0.698111344313249,True
t05_12_b03,31,50,0.5,20,-3.8336789536694766,-3.856120227840464,-3.810260709864594,0.44781137424440576,0.44601673354737553,0.4496057223133106,True
t05_12_b03,31,50,0.75,20,-1.378436333325999,-1.424110619919807,-1.3344077004666473,0.1986088350950062,0.1972033046366302,0.19998400036038563,True
t05_12_b03,31,100,0.25,20,-9.026136958841567,-9.0407404611613,-9.01196491412502,0.5795530074451598,0.5764002159022824,0.5825298086710898,True
t05_12_b03,31,100,0.5,20,-4.965913206905971,-4.975262857573635,-4.955782923777929,0.3534756507102323,0.35092854484248165,0.35603305462282503,True
t05_12_b03,31,100,0.75,20,-2.1887379980119346,-2.2157681769100726,-2.159802935515688,0.1252366062608181,0.1232936704578972,0.12733732252761476,True
t05_12_b03,32,24,0.25,20,-0.006217409563789815,-0.007026422435252424,-0.005430363339784493,0.7491334801019279,0.7480243526390621,0.7503160925829143,True
t05_12_b03,32,24,0.5,20,-0.006422689745018159,-0.007360748309098656,-0.005492263351658431,0.4996525361839888,0.49708956826532574,0.5024309416489319,True
t05_12_b03,32,24,0.75,20,-0.005701822056300125,-0.006550428691493812,-0.0048784595969109485,0.2505688210608726,0.24835463084350393,0.2527630741495281,False
t05_12_b03,32,32,0.25,20,-0.7665747320721852,-0.8367999004033071,-0.6994396998151281,0.7494580984108611,0.7477261114099558,0.7511679545917512,True
t05_12_b03,32,32,0.5,20,-0.6812830409113146,-0.744848016973618,-0.6213885867484316,0.5013360857260697,0.5000346647906971,0.5026693409331643,True
t05_12_b03,32,32,0.75,20,-0.7051031115941438,-0.7773382820698129,-0.6324257172249065,0.2505850624940585,0.24897183179681587,0.2521126163556278,True
t05_12_b03,32,50,0.25,20,-5.033149666975411,-5.061441396477211,-5.0063076037814955,0.7497704857198559,0.7480039355008876,0.7514463932778382,True
t05_12_b03,32,50,0.5,20,-4.793096494117178,-4.812781401283973,-4.772195077810324,0.498682199907076,0.4972510746146592,0.5001063733884181,True
t05_12_b03,32,50,0.75,20,-2.1746904866755337,-2.2312508413870358,-2.1199121832688883,0.249841710624376,0.24868730271576941,0.2509608261014514,True
t05_12_b03,32,100,0.25,20,-9.983004142307783,-9.991629123453334,-9.974702591319396,0.6060648012130844,0.6025050416780584,0.6093951214859933,True
t05_12_b03,32,100,0.5,20,-5.330210034241087,-5.344816624748503,-5.314238876682212,0.3796173707090683,0.3772136828518915,0.3819742328803436,True
t05_12_b03,32,100,0.75,20,-2.6226365609649194,-2.6561019546211733,-2.5881426623503034,0.14945907440429856,0.1472229074670357,0.15172945217153225,True
t05_12_b05,1,24,0.25,20,0.0,0.0,0.0,0.0,0.0,0.0,False
t05_12_b05,1,24,0.5,20,0.0,0.0,0.0,0.0,0.0,0.0,False
t05_12_b05,1,24,0.75,20,0.0,0.0,0.0,0.0,0.0,0.0,False
t05_12_b05,1,32,0.25,20,0.009995439858244737,0.0,0.02998631957473421,0.0,0.0,0.0,False
t05_12_b05,1,32,0.5,20,0.0,0.0,0.0,0.0,0.0,0.0,False
t05_12_b05,1,32,0.75,20,0.0,0.0,0.0,0.0,0.0,0.0,False
t05_12_b05,1,50,0.25,20,0.005591030426217713,-0.016522435354038207,0.028853493365451947,0.0,0.0,0.0,False
t05_12_b05,1,50,0.5,20,0.0010020901485172206,0.0,0.002358355781484635,0.0,0.0,0.0,False
t05_12_b05,1,50,0.75,20,0.0,0.0,0.0,0.0,0.0,0.0,False
t05_12_b05,1,100,0.25,20,-0.008111544243373991,-0.01961719330038501,0.003411559734896147,-8.234384016551502e-05,-0.001448533617264253,0.0013115192604731718,False
t05_12_b05,1,100,0.5,20,0.0026738203652168836,-0.012535125015488556,0.016699523985921137,2.146527312500701e-07,-0.0007707264645491409,0.000770876679893151,False
t05_12_b05,1,100,0.75,20,-0.007492186544905443,-0.02385402788803365,0.00904381295764115,-0.00010946363261946633,-0.000233936538565406,-2.772299601025624e-06,False
t05_12_b05,4,24,0.25,20,0.00017902439891370498,-1.6834650707582284e-05,0.00044003467572609694,0.0,0.0,0.0,False
t05_12_b05,4,24,0.5,20,0.0,0.0,0.0,0.0,0.0,0.0,False
t05_12_b05,4,24,0.75,20,0.0,0.0,0.0,0.0,0.0,0.0,False
t05_12_b05,4,32,0.25,20,0.03337815690551139,-0.01785653855420737,0.08454865837351447,0.0,0.0,0.0,False
t05_12_b05,4,32,0.5,20,0.0,0.0,0.0,0.0,0.0,0.0,False
t05_12_b05,4,32,0.75,20,0.0,0.0,0.0,0.0,0.0,0.0,False
t05_12_b05,4,50,0.25,20,0.05068661939791985,0.012189142673954444,0.09049721265764316,0.0,0.0,0.0,False
t05_12_b05,4,50,0.5,20,-0.0023416408284166134,-0.011448212064790807,0.005360960391194871,0.0,0.0,0.0,False
t05_12_b05,4,50,0.75,20,0.0,0.0,0.0,0.0,0.0,0.0,False
t05_12_b05,4,100,0.25,20,-0.056204051482765395,-0.06935313395816813,-0.042812760861874306,-0.0027667332511368352,-0.00419591566521107,-0.0012798330172919658,False
t05_12_b05,4,100,0.5,20,-0.01170622239877428,-0.026633764667738175,0.003984852703874295,0.0005114959760017251,-0.00016872502925350405,0.0012082664426791205,False
t05_12_b05,4,100,0.75,20,0.0007978934230589374,-0.021393725881138758,0.021404631765750755,-6.297714305339932e-05,-0.0002252828080664662,9.65326997624089e-05,False
t05_12_b05,8,24,0.25,20,0.005070625579313555,0.003629671750621682,0.006582698040279216,0.0,0.0,0.0,False
t05_12_b05,8,24,0.5,20,1.4439295627310033e-05,-8.261544227560493e-05,0.00012593332915753502,0.0,0.0,0.0,False
t05_12_b05,8,24,0.75,20,0.0,0.0,0.0,0.0,0.0,0.0,False
t05_12_b05,8,32,0.25,20,0.1383662650242577,0.05733611967785905,0.209865368482253,0.0,0.0,0.0,False
t05_12_b05,8,32,0.5,20,-0.01018242002273106,-0.03349765146655917,0.0029503913983659922,0.0,0.0,0.0,False
t05_12_b05,8,32,0.75,20,0.0,0.0,0.0,0.0,0.0,0.0,False
t05_12_b05,8,50,0.25,20,0.48436927497108095,0.4299334243973162,0.5414877231964288,0.0,0.0,0.0,False
t05_12_b05,8,50,0.5,20,0.0028126191069862026,-0.01194747554415226,0.01693896442566643,0.0,0.0,0.0,False
t05_12_b05,8,50,0.75,20,-0.0014414922917806105,-0.004324476875341832,0.0,0.0,0.0,0.0,False
t05_12_b05,8,100,0.25,20,-0.6762790569288282,-0.7023408042758637,-0.6514995425097998,0.01589611793317878,0.014351834387398135,0.01749188742948445,True
t05_12_b05,8,100,0.5,20,-0.01574584507800525,-0.029782305584312663,-0.001442494791121201,0.0006096701911347602,-0.00034443643426481415,0.0016417460830035074,False
t05_12_b05,8,100,0.75,20,0.003238409327204739,-0.021927612025166313,0.029005565962951167,-3.8701359711737685e-05,-0.00022112803532563856,0.0001495699372553459,False
t05_12_b05,16,24,0.25,20,1.5716315631920175,1.52339212453861,1.6218469782324205,0.0,0.0,0.0,False
t05_12_b05,16,24,0.5,20,0.01179449538796266,0.009908163791395766,0.013798135589161622,0.0,0.0,0.0,False
t05_12_b05,16,24,0.75,20,0.000142505946952425,0.0,0.00042751784085727496,0.0,0.0,0.0,False
t05_12_b05,16,32,0.25,20,2.9486971583253334,2.8747733304844236,3.019198063938108,0.0,0.0,0.0,False
t05_12_b05,16,32,0.5,20,0.1345617482054075,0.060092330463839605,0.20836017682204355,0.0,0.0,0.0,False
t05_12_b05,16,32,0.75,20,0.0,0.0,0.0,0.0,0.0,0.0,False
t05_12_b05,16,50,0.25,20,2.1751857377602954,2.1363301278181415,2.2162722418038996,0.000319155037929065,0.00016357811390623562,0.0005254418972763046,False
t05_12_b05,16,50,0.5,20,0.49941648935241983,0.45508601264363063,0.5457884405004128,0.0,0.0,0.0,False
t05_12_b05,16,50,0.75,20,0.007633556250844409,-0.0035420418063862634,0.020529711781860038,0.0,0.0,0.0,False
t05_12_b05,16,100,0.25,20,-1.6747039606501766,-1.6870203686982566,-1.6631023343590943,0.22325391166595474,0.22095237598864717,0.22550574718995406,True
t05_12_b05,16,100,0.5,20,-1.1913013141069135,-1.2105496924696197,-1.1704043480348247,0.026685014125741202,0.02536020796053486,0.02810888288446932,True
t05_12_b05,16,100,0.75,20,-0.033487674323298224,-0.060299266237681656,-0.0063623436032003485,7.770834991748665e-06,-0.00018824217798718785,0.00020987843570726257,False
t05_12_b05,24,24,0.25,20,6.766789689740473,6.724977790394261,6.808467950082749,0.0016965706302960852,0.001299257950087133,0.002127577571951433,False
t05_12_b05,24,24,0.5,20,2.474663395736924,2.4241446103348476,2.522747131648163,0.0,0.0,0.0,False
t05_12_b05,24,24,0.75,20,0.022941469787992337,0.020254434138743903,0.025705388400888495,0.0,0.0,0.0,False
t05_12_b05,24,32,0.25,20,6.71973500782845,6.642131249173464,6.795345573677125,0.04079728827941336,0.0389370584052894,0.04262122821774639,False
t05_12_b05,24,32,0.5,20,3.368939362197513,3.3109568068623565,3.42669904744298,4.2624444963565983e-05,4.275696938600992e-06,8.949040456557e-05,False
t05_12_b05,24,32,0.75,20,0.014895685133311593,-0.05999735048085292,0.0925063771096561,0.0,0.0,0.0,False
t05_12_b05,24,50,0.25,20,2.2018955083060954,2.165834493584632,2.2382632207632245,0.2409296200560659,0.23868940797458543,0.2431812723092367,False
t05_12_b05,24,50,0.5,20,0.9256778447920354,0.8944980327761374,0.9577247514519353,0.0357430895969143,0.03407736503884702,0.037462480835491224,False
t05_12_b05,24,50,0.75,20,0.37246270454637315,0.34695025410417735,0.3975925193922694,0.0,0.0,0.0,False
t05_12_b05,24,100,0.25,20,-4.238343438385889,-4.258239351151171,-4.215979174779506,0.4744184808061077,0.47290550281111715,0.47593754471572897,True
t05_12_b05,24,100,0.5,20,-3.0671872831375993,-3.080231273859925,-3.053507575871567,0.24172370321892575,0.24008097970162767,0.2432652903414453,True
t05_12_b05,24,100,0.75,20,-1.3099614646809126,-1.3475776649505042,-1.272091955311451,0.024306135780010056,0.02335925045493622,0.02527342871947278,True
t05_12_b05,31,24,0.25,20,3.6913410388771775,3.6530579996232437,3.7306875532091537,0.6189744139215142,0.6165407094618109,0.6214085887262151,False
t05_12_b05,31,24,0.5,20,2.21952625273318,2.20226376982622,2.2358545667062537,0.3644552178225009,0.3618616733516197,0.36710525370599384,False
t05_12_b05,31,24,0.75,20,1.486640290999004,1.467619493683089,1.5039658916175016,0.12441006585991261,0.12295123062993454,0.125772071179176,False
t05_12_b05,31,32,0.25,20,2.239765055079695,2.157965507709377,2.31713494217244,0.6507161305098028,0.6486354569115782,0.6525413058300159,False
t05_12_b05,31,32,0.5,20,1.0775509983489524,1.0069217809775852,1.144827137753588,0.4005908830997161,0.3988996754102431,0.40233185404253247,False
t05_12_b05,31,32,0.75,20,0.5281882248993756,0.455031949811295,0.6009822077420809,0.15357767003262884,0.151380114164972,0.15582261803067166,False
t05_12_b05,31,50,0.25,20,-2.701227006486477,-2.7422846170702995,-2.6585969982748594,0.6856184331126612,0.6838815626557647,0.6873519620303822,True
t05_12_b05,31,50,0.5,20,-3.447283938954173,-3.4662168692404403,-3.4269675706062706,0.43617820492149645,0.43485691326501963,0.43757317375849875,True
t05_12_b05,31,50,0.75,20,-1.0992883647236664,-1.1352300865406963,-1.0659793004190883,0.18669800449648494,0.1854431840136016,0.18798844327587771,True
t05_12_b05,31,100,0.25,20,-9.0480880661606,-9.067551107935776,-9.029177508176225,0.7005302771931586,0.6990648729695609,0.7019610322352098,True
t05_12_b05,31,100,0.5,20,-5.064305254848224,-5.078418621649004,-5.051300545381635,0.4618386376755548,0.46051103867331455,0.4631706212644033,True
t05_12_b05,31,100,0.75,20,-3.85014521828584,-3.870056379290998,-3.830174380709692,0.21774974123254323,0.21663727683908726,0.21889439508866504,True
t05_12_b05,32,24,0.25,20,-0.006217409563789815,-0.007026422435252424,-0.005430363339784493,0.7491334801019279,0.7480243526390621,0.7503160925829143,True
t05_12_b05,32,24,0.5,20,-0.006422689745018159,-0.007360748309098656,-0.005492263351658431,0.4996525361839888,0.49708956826532574,0.5024309416489319,True
t05_12_b05,32,24,0.75,20,-0.005701822056300125,-0.006550428691493812,-0.0048784595969109485,0.2505688210608726,0.24835463084350393,0.2527630741495281,False
t05_12_b05,32,32,0.25,20,-0.7665747320721852,-0.8367999004033071,-0.6994396998151281,0.7494580984108611,0.7477261114099558,0.7511679545917512,True
t05_12_b05,32,32,0.5,20,-0.6812830409113146,-0.744848016973618,-0.6213885867484316,0.5013360857260697,0.5000346647906971,0.5026693409331643,True
t05_12_b05,32,32,0.75,20,-0.7051031115941438,-0.7773382820698129,-0.6324257172249065,0.2505850624940585,0.24897183179681587,0.2521126163556278,True
t05_12_b05,32,50,0.25,20,-4.848727001581809,-4.879136068401525,-4.818259779851362,0.7497704857198559,0.7480039355008876,0.7514463932778382,True
t05_12_b05,32,50,0.5,20,-4.655397293198395,-4.6679330158555,-4.644025644096332,0.498682199907076,0.4972510746146592,0.5001063733884181,True
t05_12_b05,32,50,0.75,20,-2.060168460193724,-2.108509440246187,-2.013574154894141,0.249841710624376,0.24868730271576941,0.2509608261014514,True
t05_12_b05,32,100,0.25,20,-10.240008376781066,-10.25059385484293,-10.229017919140292,0.7322193995319581,0.7308510407401213,0.733620456019692,True
t05_12_b05,32,100,0.5,20,-5.492887694552867,-5.505749800979356,-5.478645153107435,0.4948858353923879,0.49353974749415375,0.49627728084180295,True
t05_12_b05,32,100,0.75,20,-4.137412290642038,-4.158135234851172,-4.116697123411695,0.24839217162813082,0.24722243988569512,0.2494637164307673,True
t05_12_b07,1,24,0.25,20,0.0,0.0,0.0,0.0,0.0,0.0,False
t05_12_b07,1,24,0.5,20,0.0,0.0,0.0,0.0,0.0,0.0,False
t05_12_b07,1,24,0.75,20,0.0,0.0,0.0,0.0,0.0,0.0,False
t05_12_b07,1,32,0.25,20,0.009995439858244737,0.0,0.02998631957473421,0.0,0.0,0.0,False
t05_12_b07,1,32,0.5,20,0.0,0.0,0.0,0.0,0.0,0.0,False
t05_12_b07,1,32,0.75,20,0.0,0.0,0.0,0.0,0.0,0.0,False
t05_12_b07,1,50,0.25,20,0.003535806683716425,-0.017624507304419078,0.022807546727833368,0.0,0.0,0.0,False
t05_12_b07,1,50,0.5,20,0.0,0.0,0.0,0.0,0.0,0.0,False
t05_12_b07,1,50,0.75,20,0.0,0.0,0.0,0.0,0.0,0.0,False
t05_12_b07,1,100,0.25,20,-0.024730049223049288,-0.03932023329983055,-0.009999657363872544,-5.461083352428648e-06,-1.3664898465691087e-05,0.0,False
t05_12_b07,1,100,0.5,20,-0.012817490042957935,-0.03061905058736573,0.004162915471318931,0.0,0.0,0.0,False
t05_12_b07,1,100,0.75,20,-0.003773592653448521,-0.029730096794434047,0.01732820519979097,0.0,0.0,0.0,False
t05_12_b07,4,24,0.25,20,0.00017902439891370498,-1.6834650707582284e-05,0.00044003467572609694,0.0,0.0,0.0,False
t05_12_b07,4,24,0.5,20,0.0,0.0,0.0,0.0,0.0,0.0,False
t05_12_b07,4,24,0.75,20,0.0,0.0,0.0,0.0,0.0,0.0,False
t05_12_b07,4,32,0.25,20,0.03337815690551139,-0.01785653855420737,0.08454865837351447,0.0,0.0,0.0,False
t05_12_b07,4,32,0.5,20,0.0,0.0,0.0,0.0,0.0,0.0,False
t05_12_b07,4,32,0.75,20,0.0,0.0,0.0,0.0,0.0,0.0,False
t05_12_b07,4,50,0.25,20,0.05032982062358191,0.025233997614629453,0.0753688908900133,0.0,0.0,0.0,False
t05_12_b07,4,50,0.5,20,2.7401764673751216e-06,0.0,8.220529402125364e-06,0.0,0.0,0.0,False
t05_12_b07,4,50,0.75,20,0.0,0.0,0.0,0.0,0.0,0.0,False
t05_12_b07,4,100,0.25,20,-0.3563854470763553,-0.3744296618922496,-0.3403122969860261,-5.461083352428648e-06,-1.3664898465691087e-05,0.0,False
t05_12_b07,4,100,0.5,20,-0.06781047902404377,-0.09218477394780238,-0.04360041561557117,0.0,0.0,0.0,False
t05_12_b07,4,100,0.75,20,0.03588251774295914,-0.006729487832741945,0.07916830597735251,0.0,0.0,0.0,False
t05_12_b07,8,24,0.25,20,0.005070625579313555,0.003629671750621682,0.006582698040279216,0.0,0.0,0.0,False
t05_12_b07,8,24,0.5,20,1.4439295627310033e-05,-8.261544227560493e-05,0.00012593332915753502,0.0,0.0,0.0,False
t05_12_b07,8,24,0.75,20,0.0,0.0,0.0,0.0,0.0,0.0,False
t05_12_b07,8,32,0.25,20,0.1383662650242577,0.05733611967785905,0.209865368482253,0.0,0.0,0.0,False
t05_12_b07,8,32,0.5,20,-0.01018242002273106,-0.03349765146655917,0.0029503913983659922,0.0,0.0,0.0,False
t05_12_b07,8,32,0.75,20,0.0,0.0,0.0,0.0,0.0,0.0,False
t05_12_b07,8,50,0.25,20,0.5377040528789747,0.5005956018361433,0.5735435858833401,0.0,0.0,0.0,False
t05_12_b07,8,50,0.5,20,0.0060548741478970046,-0.005348260551319033,0.017547121409964003,0.0,0.0,0.0,False
t05_12_b07,8,50,0.75,20,0.0,0.0,0.0,0.0,0.0,0.0,False
t05_12_b07,8,100,0.25,20,-0.8712232131009039,-0.8874871447298412,-0.8550687703863891,0.0001721959363789426,9.562756207247874e-05,0.00025428656214969994,False
t05_12_b07,8,100,0.5,20,-0.4714297918423086,-0.504367857126627,-0.44020102149759954,0.0,0.0,0.0,False
t05_12_b07,8,100,0.75,20,0.0014972588992395509,-0.03185696867797114,0.0321036050827821,0.0,0.0,0.0,False
t05_12_b07,16,24,0.25,20,1.5716315631920175,1.52339212453861,1.6218469782324205,0.0,0.0,0.0,False
t05_12_b07,16,24,0.5,20,0.01179449538796266,0.009908163791395766,0.013798135589161622,0.0,0.0,0.0,False
t05_12_b07,16,24,0.75,20,0.000142505946952425,0.0,0.00042751784085727496,0.0,0.0,0.0,False
t05_12_b07,16,32,0.25,20,2.9486971583253334,2.8747733304844236,3.019198063938108,0.0,0.0,0.0,False
t05_12_b07,16,32,0.5,20,0.1345617482054075,0.060092330463839605,0.20836017682204355,0.0,0.0,0.0,False
t05_12_b07,16,32,0.75,20,0.0,0.0,0.0,0.0,0.0,0.0,False
t05_12_b07,16,50,0.25,20,2.2265380033331477,2.1998074655248754,2.2555885292639677,0.0,0.0,0.0,False
t05_12_b07,16,50,0.5,20,0.5605737208490604,0.52288669983227,0.5969241840774971,0.0,0.0,0.0,False
t05_12_b07,16,50,0.75,20,0.007238723013792825,-0.0022483143246175494,0.0175382256866719,0.0,0.0,0.0,False
t05_12_b07,16,100,0.25,20,-0.6951077519474639,-0.7087918546100541,-0.681130808631552,0.06612944949640785,0.0647851285468959,0.06750044553079461,True
t05_12_b07,16,100,0.5,20,-1.5958454673092324,-1.606914268699492,-1.5842142082149944,0.0004896868301865606,0.0003791569773111221,0.000600211344199315,False
t05_12_b07,16,100,0.75,20,-0.29414422061554224,-0.3508423611792952,-0.24275549212630843,0.0,0.0,0.0,False
t05_12_b07,24,24,0.25,20,6.711561072095139,6.6773679746498855,6.743329375986801,0.000142869155059925,2.304147465437e-05,0.00028703319893102347,False
t05_12_b07,24,24,0.5,20,2.474663395736924,2.4241446103348476,2.522747131648163,0.0,0.0,0.0,False
t05_12_b07,24,24,0.75,20,0.022941469787992337,0.020254434138743903,0.025705388400888495,0.0,0.0,0.0,False
t05_12_b07,24,32,0.25,20,6.845086993393069,6.771708090119231,6.912813307842593,0.003989748126062725,0.0033259269251914828,0.0047543788701770225,False
t05_12_b07,24,32,0.5,20,3.3509092209740694,3.259518117227466,3.4371021616667656,0.0,0.0,0.0,False
t05_12_b07,24,32,0.75,20,0.014895685133311593,-0.05999735048085292,0.0925063771096561,0.0,0.0,0.0,False
t05_12_b07,24,50,0.25,20,3.283566269230539,3.254023311873222,3.3152183051546555,0.0858835525223289,0.08372776731664058,0.08835520307207656,False
t05_12_b07,24,50,0.5,20,1.2127399859174666,1.1807701126557262,1.2463721847550517,0.0033187987996285495,0.0028680978565386534,0.0038079662766940625,False
t05_12_b07,24,50,0.75,20,0.4052689301317088,0.3788073012286212,0.43461919561796264,0.0,0.0,0.0,False
t05_12_b07,24,100,0.25,20,-2.855823710702926,-2.875402684908471,-2.836145078103171,0.3867484804332012,0.3848414182887969,0.38859384175756956,True
t05_12_b07,24,100,0.5,20,-1.9917502335355928,-2.012527316367567,-1.9719093017640854,0.1453732806401326,0.14307166264715965,0.14770611869650851,True
t05_12_b07,24,100,0.75,20,-0.5707522373381076,-0.6018469784533681,-0.5408668287714616,0.0024384420028038005,0.0021123426631887462,0.0027706490234747014,False
t05_12_b07,31,24,0.25,20,4.808088924861778,4.759883654464269,4.85493234743108,0.5620246294703166,0.5585563260772315,0.5654984066732822,False
t05_12_b07,31,24,0.5,20,3.040107521424239,3.0097202708967976,3.0696263010220903,0.31520266559522164,0.3118711371421754,0.31885570322290524,False
t05_12_b07,31,24,0.75,20,1.9010024532719707,1.8882576017115351,1.9141845103174333,0.09190979832183559,0.0895064578587631,0.09419086578892491,False
t05_12_b07,31,32,0.25,20,3.350655843614349,3.277153768872217,3.424035565514455,0.6075443999734392,0.604528393923929,0.6103485062741725,False
t05_12_b07,31,32,0.5,20,1.790135957083977,1.7237365380582061,1.8524609018019522,0.3589051917911363,0.3558107751886792,0.36189967884426294,False
t05_12_b07,31,32,0.75,20,0.931735703606156,0.8647426105655727,0.9998440795884098,0.12069525503590509,0.11868146639030694,0.12271809894915194,False
t05_12_b07,31,50,0.25,20,-1.7738502521354405,-1.8181433977776702,-1.7347255168237463,0.659991885933283,0.6578746268284881,0.662105780312347,True
t05_12_b07,31,50,0.5,20,-2.834733755302014,-2.8684342987378395,-2.8046648658139444,0.40748150420283713,0.40565212728839256,0.4092705286250805,True
t05_12_b07,31,50,0.75,20,-0.777211566623694,-0.8085516382494853,-0.747618394216158,0.16098956843053344,0.15900050155311524,0.16283095993900143,True
t05_12_b07,31,100,0.25,20,-8.334494302690105,-8.3639285089346,-8.307358005586371,0.7042290230310316,0.703216469471058,0.7052441930687626,True
t05_12_b07,31,100,0.5,20,-4.483458060525813,-4.499460521088146,-4.467117937123766,0.4555700074767096,0.45443181190056764,0.45677474050430666,True
t05_12_b07,31,100,0.75,20,-1.7889138838704088,-1.8214647531982575,-1.758416948224465,0.20570433246325473,0.20437604238404652,0.20697085729927014,True
t05_12_b07,32,24,0.25,20,-0.006217409563789815,-0.007026422435252424,-0.005430363339784493,0.7491334801019279,0.7480243526390621,0.7503160925829143,True
t05_12_b07,32,24,0.5,20,-0.006422689745018159,-0.007360748309098656,-0.005492263351658431,0.4996525361839888,0.49708956826532574,0.5024309416489319,True
t05_12_b07,32,24,0.75,20,-0.005701822056300125,-0.006550428691493812,-0.0048784595969109485,0.2505688210608726,0.24835463084350393,0.2527630741495281,False
t05_12_b07,32,32,0.25,20,-0.7665747320721852,-0.8367999004033071,-0.6994396998151281,0.7494580984108611,0.7477261114099558,0.7511679545917512,True
t05_12_b07,32,32,0.5,20,-0.6812830409113146,-0.744848016973618,-0.6213885867484316,0.5013360857260697,0.5000346647906971,0.5026693409331643,True
t05_12_b07,32,32,0.75,20,-0.7051031115941438,-0.7773382820698129,-0.6324257172249065,0.2505850624940585,0.24897183179681587,0.2521126163556278,True
t05_12_b07,32,50,0.25,20,-4.758811795272963,-4.776630432276002,-4.741583927532239,0.7497704857198559,0.7480039355008876,0.7514463932778382,True
t05_12_b07,32,50,0.5,20,-4.586267113655034,-4.5969732218966515,-4.5760292445387964,0.498682199907076,0.4972510746146592,0.5001063733884181,True
t05_12_b07,32,50,0.75,20,-2.001298258736501,-2.0450592372557965,-1.9599933003498344,0.249841710624376,0.24868730271576941,0.2509608261014514,True
t05_12_b07,32,100,0.25,20,-10.056321862091584,-10.067816426213856,-10.043940275234094,0.7500028280686732,0.7489387204753575,0.7510973856125839,True
t05_12_b07,32,100,0.5,20,-5.103563395893902,-5.121048464899646,-5.086493854878003,0.49950406717664697,0.4987516477555789,0.5002271379736415,True
t05_12_b07,32,100,0.75,20,-2.1775515948845627,-2.20784090714514,-2.148242793173439,0.24940220800751295,0.24856147079302804,0.2502554397119243,True
t09_05_b03,1,24,0.25,20,0.0,0.0,0.0,0.0,0.0,0.0,False
t09_05_b03,1,24,0.5,20,0.0,0.0,0.0,0.0,0.0,0.0,False
t09_05_b03,1,24,0.75,20,0.0,0.0,0.0,0.0,0.0,0.0,False
t09_05_b03,1,32,0.25,20,0.009995439858244737,0.0,0.02998631957473421,0.0,0.0,0.0,False
t09_05_b03,1,32,0.5,20,0.0,0.0,0.0,0.0,0.0,0.0,False
t09_05_b03,1,32,0.75,20,0.0,0.0,0.0,0.0,0.0,0.0,False
t09_05_b03,1,50,0.25,20,-0.011066411742510019,-0.025745310230011264,-0.00015328523469809851,0.0,0.0,0.0,False
t09_05_b03,1,50,0.5,20,-0.005588341002630726,-0.020142309743501664,0.00513178240138723,0.0,0.0,0.0,False
t09_05_b03,1,50,0.75,20,-0.005419537704920341,-0.025641292211350652,0.013612066312513438,0.0,0.0,0.0,False
t09_05_b03,1,100,0.25,20,-0.002399650872807868,-0.009480135693224406,0.004780371488276598,-0.0006172786036294037,-0.0038527406832800414,0.002542047145796098,False
t09_05_b03,1,100,0.5,20,-0.0025122785158569806,-0.010975783162353602,0.004657652942705329,-0.0005089359595572384,-0.002366837253794859,0.0011437281398389645,False
t09_05_b03,1,100,0.75,20,0.002013041209065314,-0.00041532065510080347,0.005432517570731163,-0.00026756670064342485,-0.0007654043769225058,0.00012750418443408518,False
t09_05_b03,4,24,0.25,20,0.00017902439891370498,-1.6834650707582284e-05,0.00044003467572609694,0.0,0.0,0.0,False
t09_05_b03,4,24,0.5,20,0.0,0.0,0.0,0.0,0.0,0.0,False
t09_05_b03,4,24,0.75,20,0.0,0.0,0.0,0.0,0.0,0.0,False
t09_05_b03,4,32,0.25,20,0.03337815690551139,-0.01785653855420737,0.08454865837351447,0.0,0.0,0.0,False
t09_05_b03,4,32,0.5,20,0.0,0.0,0.0,0.0,0.0,0.0,False
t09_05_b03,4,32,0.75,20,0.0,0.0,0.0,0.0,0.0,0.0,False
t09_05_b03,4,50,0.25,20,-0.021551065578958896,-0.041122305662903244,-0.002461709224846554,0.0,0.0,0.0,False
t09_05_b03,4,50,0.5,20,-0.008987877857908444,-0.029780129874125757,0.011145129932207861,0.0,0.0,0.0,False
t09_05_b03,4,50,0.75,20,-0.013776084778571906,-0.040267282424007345,0.010637404600135176,0.0,0.0,0.0,False
t09_05_b03,4,100,0.25,20,0.0016843100423355572,-0.007953395551250578,0.011355869290161977,0.0011361444699071806,-0.002036517873630017,0.004640032839219075,False
t09_05_b03,4,100,0.5,20,-0.0038864965254147956,-0.012263540458548307,0.004215804374227663,0.000489008669053756,-0.0026313509017542288,0.0034826474303541097,False
t09_05_b03,4,100,0.75,20,0.003435222630544921,-0.0010252170689462091,0.008521076531876432,0.0013013051854709092,-0.0005578027759768095,0.0033280552247709687,False
t09_05_b03,8,24,0.25,20,0.005070625579313555,0.003629671750621682,0.006582698040279216,0.0,0.0,0.0,False
t09_05_b03,8,24,0.5,20,1.4439295627310033e-05,-8.261544227560493e-05,0.00012593332915753502,0.0,0.0,0.0,False
t09_05_b03,8,24,0.75,20,0.0,0.0,0.0,0.0,0.0,0.0,False
t09_05_b03,8,32,0.25,20,0.1383662650242577,0.05733611967785905,0.209865368482253,0.0,0.0,0.0,False
t09_05_b03,8,32,0.5,20,-0.01018242002273106,-0.03349765146655917,0.0029503913983659922,0.0,0.0,0.0,False
t09_05_b03,8,32,0.75,20,0.0,0.0,0.0,0.0,0.0,0.0,False
t09_05_b03,8,50,0.25,20,-0.08096254072344604,-0.10370911395862444,-0.0585316007939708,0.0,0.0,0.0,False
t09_05_b03,8,50,0.5,20,0.005685112030263273,-0.0180148948352699,0.02841747811442504,0.0,0.0,0.0,False
t09_05_b03,8,50,0.75,20,-0.014364140955381677,-0.051302129920923964,0.023703778215380732,0.0,0.0,0.0,False
t09_05_b03,8,100,0.25,20,-0.08697570755104911,-0.10261884709558215,-0.0712034076984645,0.007303997430520309,0.003801689867502329,0.010732269805249306,False
t09_05_b03,8,100,0.5,20,-0.009700664835970674,-0.017375387594952035,-0.0028202191628157666,-0.0022895433958202184,-0.005390890182333424,0.0008012879255515751,False
t09_05_b03,8,100,0.75,20,-0.0037995620897771864,-0.011722395129283535,0.0036831985360629284,0.0010870356312359642,-0.0024326146554468527,0.004716192086649717,False
t09_05_b03,16,24,0.25,20,1.5716315631920175,1.52339212453861,1.6218469782324205,0.0,0.0,0.0,False
t09_05_b03,16,24,0.5,20,0.01179449538796266,0.009908163791395766,0.013798135589161622,0.0,0.0,0.0,False
t09_05_b03,16,24,0.75,20,0.000142505946952425,0.0,0.00042751784085727496,0.0,0.0,0.0,False
t09_05_b03,16,32,0.25,20,2.572439262286029,2.4927598329510534,2.648491200875746,0.0,0.0,0.0,False
t09_05_b03,16,32,0.5,20,0.1345617482054075,0.060092330463839605,0.20836017682204355,0.0,0.0,0.0,False
t09_05_b03,16,32,0.75,20,0.0,0.0,0.0,0.0,0.0,0.0,False
t09_05_b03,16,50,0.25,20,0.7820769724850823,0.7367428652067096,0.827184305135627,0.0,0.0,0.0,False
t09_05_b03,16,50,0.5,20,-0.06806530625786866,-0.09352822843583539,-0.04454802999950012,0.0,0.0,0.0,False
t09_05_b03,16,50,0.75,20,-0.008188775152600636,-0.04629262131353677,0.03244659911717401,0.0,0.0,0.0,False
t09_05_b03,16,100,0.25,20,-1.5755717085144822,-1.5956202487253652,-1.5585021417225025,0.19945552350735954,0.19619937106770777,0.20305379781457528,True
t09_05_b03,16,100,0.5,20,-0.05423716058700449,-0.06484067153064774,-0.04323658900362821,0.007194287831712412,0.004011450206268421,0.010427388853108606,False
t09_05_b03,16,100,0.75,20,0.0038619865810690436,-0.004357117246264599,0.01258740756171453,0.001037582647500565,-0.0017566906528909683,0.003973977494850744,False
t09_05_b03,24,24,0.25,20,5.154355898391206,5.093019535175357,5.219343781600196,7.911392405063e-05,0.0,0.00023734177215189002,False
t09_05_b03,24,24,0.5,20,2.213363665809157,2.1852489833974906,2.2439289731919754,0.0,0.0,0.0,False
t09_05_b03,24,24,0.75,20,0.022941469787992337,0.020254434138743903,0.025705388400888495,0.0,0.0,0.0,False
t09_05_b03,24,32,0.25,20,6.225958877354668,6.150270606877653,6.30280931041927,0.03956258009948045,0.03673248569785967,0.042543809058844785,False
t09_05_b03,24,32,0.5,20,2.2149215396708266,2.146120163173439,2.2759678694973595,0.0,0.0,0.0,False
t09_05_b03,24,32,0.75,20,0.014895685133311593,-0.05999735048085292,0.0925063771096561,0.0,0.0,0.0,False
t09_05_b03,24,50,0.25,20,1.7690455205719453,1.7461422000189515,1.790825545046064,0.2821744960488045,0.27938886388393663,0.2849220741237473,False
t09_05_b03,24,50,0.5,20,0.5201557338047559,0.48894317325295056,0.5501971312326249,0.04130749867519251,0.03806979756893112,0.04473558249629055,False
t09_05_b03,24,50,0.75,20,-0.08466645216587816,-0.11949924334826216,-0.04392183711063797,0.0,0.0,0.0,False
t09_05_b03,24,100,0.25,20,-4.45228346066962,-4.477033118979008,-4.428714967390502,0.4324336924943779,0.429442059098913,0.43551330731306226,True
t09_05_b03,24,100,0.5,20,-1.6180070997165736,-1.6312481928309186,-1.6038521414781874,0.17270268724105736,0.16987874956121252,0.17533347948322545,True
t09_05_b03,24,100,0.75,20,-0.020738087195098665,-0.03371106310874087,-0.00842418712442591,0.00300561286187407,-0.0008034974928511715,0.006779468451800107,False
t09_05_b03,31,24,0.25,20,3.2365428432437953,3.2005769186165782,3.273135976252033,0.6283022772237706,0.6263650315923727,0.630252530927346,False
t09_05_b03,31,24,0.5,20,1.9201609424864763,1.902101148578159,1.9372721049890629,0.37804970133594895,0.3753983831445927,0.38070061188868426,False
t09_05_b03,31,24,0.75,20,1.3640876558746213,1.3495736063367996,1.3779746658536074,0.1288171217465163,0.12613927500671268,0.1313428466575451,False
t09_05_b03,31,32,0.25,20,1.8693397483913377,1.7898299176580905,1.9424677822792877,0.6594871400641817,0.6577954736440843,0.6612915135857045,False
t09_05_b03,31,32,0.5,20,0.8614548065371807,0.7949909385687665,0.9227111245084203,0.4084836232802992,0.4060499092260241,0.41096163495029847,False
t09_05_b03,31,32,0.75,20,0.36489270241108357,0.298686017670194,0.43412873831362847,0.15908739456894497,0.15765597657112632,0.16054546168776987,False
t09_05_b03,31,50,0.25,20,-2.8162512451809865,-2.8394333564068717,-2.7920813025731746,0.6929193248065032,0.6915927195792512,0.6943602507219279,True
t09_05_b03,31,50,0.5,20,-3.7270946108806426,-3.746480361257501,-3.705282686691971,0.44036822371754625,0.4385627557718273,0.4420535285205263,True
t09_05_b03,31,50,0.75,20,-1.6795361114234608,-1.7189484387819518,-1.6388872849340637,0.19374288779932525,0.19204390418035513,0.19527744714420012,True
t09_05_b03,31,100,0.25,20,-8.849122840771019,-8.863724036535316,-8.83356317150825,0.6378550231396366,0.6348861575249741,0.6408437135342636,True
t09_05_b03,31,100,0.5,20,-4.034463330158992,-4.065034073363246,-4.00290612374226,0.3748154773710133,0.37180881202313826,0.3777879568130661,True
t09_05_b03,31,100,0.75,20,-1.4118027515913432,-1.4375158411746978,-1.3861918495706043,0.11267659096574283,0.10957935879168088,0.11563579205075511,True
t09_05_b03,32,24,0.25,20,-0.006217409563789815,-0.007026422435252424,-0.005430363339784493,0.7491334801019279,0.7480243526390621,0.7503160925829143,True
t09_05_b03,32,24,0.5,20,-0.006422689745018159,-0.007360748309098656,-0.005492263351658431,0.4996525361839888,0.49708956826532574,0.5024309416489319,True
t09_05_b03,32,24,0.75,20,-0.005701822056300125,-0.006550428691493812,-0.0048784595969109485,0.2505688210608726,0.24835463084350393,0.2527630741495281,False
t09_05_b03,32,32,0.25,20,-0.7665747320721852,-0.8367999004033071,-0.6994396998151281,0.7494580984108611,0.7477261114099558,0.7511679545917512,True
t09_05_b03,32,32,0.5,20,-0.6812830409113146,-0.744848016973618,-0.6213885867484316,0.5013360857260697,0.5000346647906971,0.5026693409331643,True
t09_05_b03,32,32,0.75,20,-0.7051031115941438,-0.7773382820698129,-0.6324257172249065,0.2505850624940585,0.24897183179681587,0.2521126163556278,True
t09_05_b03,32,50,0.25,20,-4.701330023852706,-4.719922488033985,-4.682705707236503,0.7497704857198559,0.7480039355008876,0.7514463932778382,True
t09_05_b03,32,50,0.5,20,-4.785428105598253,-4.804316011125166,-4.765141563294955,0.498682199907076,0.4972510746146592,0.5001063733884181,True
t09_05_b03,32,50,0.75,20,-2.502931336561177,-2.549937029106915,-2.456833102275159,0.249841710624376,0.24868730271576941,0.2509608261014514,True
t09_05_b03,32,100,0.25,20,-9.90099732610393,-9.91000854531542,-9.891953627012423,0.6670688715884856,0.6640699028893075,0.66985820748671,True
t09_05_b03,32,100,0.5,20,-4.583060379836796,-4.618001439056558,-4.543677631323755,0.4041713510466477,0.40122390078587084,0.40700757319803404,True
t09_05_b03,32,100,0.75,20,-1.756035940025115,-1.7814727276482885,-1.7290522007030362,0.14186916130921187,0.1388483046849655,0.14465093321837721,True
t09_05_b05,1,24,0.25,20,0.0,0.0,0.0,0.0,0.0,0.0,False
t09_05_b05,1,24,0.5,20,0.0,0.0,0.0,0.0,0.0,0.0,False
t09_05_b05,1,24,0.75,20,0.0,0.0,0.0,0.0,0.0,0.0,False
t09_05_b05,1,32,0.25,20,0.009995439858244737,0.0,0.02998631957473421,0.0,0.0,0.0,False
t09_05_b05,1,32,0.5,20,0.0,0.0,0.0,0.0,0.0,0.0,False
t09_05_b05,1,32,0.75,20,0.0,0.0,0.0,0.0,0.0,0.0,False
t09_05_b05,1,50,0.25,20,-0.000806638147200367,-0.00738502984857643,0.004965115406975329,0.0,0.0,0.0,False
t09_05_b05,1,50,0.5,20,0.0,0.0,0.0,0.0,0.0,0.0,False
t09_05_b05,1,50,0.75,20,0.0014350586453049097,-0.0030014079197371755,0.006888325305303278,0.0,0.0,0.0,False
t09_05_b05,1,100,0.25,20,-0.012090447328744158,-0.04156429552570396,0.02012224154762112,0.0,0.0,0.0,False
t09_05_b05,1,100,0.5,20,0.022811543525880485,-0.015591530651023526,0.060596844511624746,0.0,0.0,0.0,False
t09_05_b05,1,100,0.75,20,-0.010087665954652537,-0.028639497798268156,0.006450920945527941,0.0,0.0,0.0,False
t09_05_b05,4,24,0.25,20,0.00017902439891370498,-1.6834650707582284e-05,0.00044003467572609694,0.0,0.0,0.0,False
t09_05_b05,4,24,0.5,20,0.0,0.0,0.0,0.0,0.0,0.0,False
t09_05_b05,4,24,0.75,20,0.0,0.0,0.0,0.0,0.0,0.0,False
t09_05_b05,4,32,0.25,20,0.03337815690551139,-0.01785653855420737,0.08454865837351447,0.0,0.0,0.0,False
t09_05_b05,4,32,0.5,20,0.0,0.0,0.0,0.0,0.0,0.0,False
t09_05_b05,4,32,0.75,20,0.0,0.0,0.0,0.0,0.0,0.0,False
t09_05_b05,4,50,0.25,20,0.010157279384878714,-0.007868883944394117,0.02769941382989437,0.0,0.0,0.0,False
t09_05_b05,4,50,0.5,20,-7.71320839037859e-05,-0.0038209552843096795,0.004210564608210765,0.0,0.0,0.0,False
t09_05_b05,4,50,0.75,20,-0.0026632097014487764,-0.01444916601273278,0.009123052799151243,0.0,0.0,0.0,False
t09_05_b05,4,100,0.25,20,-0.023899210445974893,-0.06654381844993866,0.01610629822394772,0.0,0.0,0.0,False
t09_05_b05,4,100,0.5,20,-0.017576009134922455,-0.04553278689983069,0.008827379961072586,1.7795542900945e-05,0.0,5.3386628702835e-05,False
t09_05_b05,4,100,0.75,20,-0.023780410190657353,-0.060080984698712425,0.011008437640021558,0.0,0.0,0.0,False
t09_05_b05,8,24,0.25,20,0.005070625579313555,0.003629671750621682,0.006582698040279216,0.0,0.0,0.0,False
t09_05_b05,8,24,0.5,20,1.4439295627310033e-05,-8.261544227560493e-05,0.00012593332915753502,0.0,0.0,0.0,False
t09_05_b05,8,24,0.75,20,0.0,0.0,0.0,0.0,0.0,0.0,False
t09_05_b05,8,32,0.25,20,0.1383662650242577,0.05733611967785905,0.209865368482253,0.0,0.0,0.0,False
t09_05_b05,8,32,0.5,20,-0.01018242002273106,-0.03349765146655917,0.0029503913983659922,0.0,0.0,0.0,False
t09_05_b05,8,32,0.75,20,0.0,0.0,0.0,0.0,0.0,0.0,False
t09_05_b05,8,50,0.25,20,-0.07513490322103462,-0.0896386023891669,-0.06129053540427327,0.0,0.0,0.0,False
t09_05_b05,8,50,0.5,20,0.008829009183304537,-0.0018906058515021935,0.020594095227585325,0.0,0.0,0.0,False
t09_05_b05,8,50,0.75,20,-0.0008701292483835222,-0.02235731654598669,0.02282313726380934,0.0,0.0,0.0,False
t09_05_b05,8,100,0.25,20,0.013732074868147226,-0.016611957687172177,0.0471352685039589,0.0,0.0,0.0,False
t09_05_b05,8,100,0.5,20,-0.022904375101158437,-0.05819788036581145,0.011017894572154008,0.0,0.0,0.0,False
t09_05_b05,8,100,0.75,20,0.006089010507517756,-0.041432081620304165,0.05184163748468592,2.722421866492e-05,0.0,8.167265599476e-05,False
t09_05_b05,16,24,0.25,20,1.5716315631920175,1.52339212453861,1.6218469782324205,0.0,0.0,0.0,False
t09_05_b05,16,24,0.5,20,0.01179449538796266,0.009908163791395766,0.013798135589161622,0.0,0.0,0.0,False
t09_05_b05,16,24,0.75,20,0.000142505946952425,0.0,0.00042751784085727496,0.0,0.0,0.0,False
t09_05_b05,16,32,0.25,20,2.5224963425908062,2.44713581644111,2.5948100051596374,0.0,0.0,0.0,False
t09_05_b05,16,32,0.5,20,0.1345617482054075,0.060092330463839605,0.20836017682204355,0.0,0.0,0.0,False
t09_05_b05,16,32,0.75,20,0.0,0.0,0.0,0.0,0.0,0.0,False
t09_05_b05,16,50,0.25,20,-0.5077960334246334,-0.5270936891880447,-0.4878356929803913,0.0,0.0,0.0,False
t09_05_b05,16,50,0.5,20,-0.0660444930439282,-0.08401011674978429,-0.04880391651499433,0.0,0.0,0.0,False
t09_05_b05,16,50,0.75,20,-0.0038278971553022956,-0.03353370496859329,0.027219423542753182,0.0,0.0,0.0,False
t09_05_b05,16,100,0.25,20,0.38471512723502627,0.35346607092298465,0.41222455821926274,0.12901055719188786,0.12648728971691114,0.13176418179892524,False
t09_05_b05,16,100,0.5,20,0.029158106443487687,0.000980722614095807,0.05757844412559369,8.863862365200774e-05,1.4960330811383077e-05,0.0001880592695633121,False
t09_05_b05,16,100,0.75,20,-0.0007666083727583484,-0.047880831238492585,0.045893374650906676,0.0,0.0,0.0,False
t09_05_b05,24,24,0.25,20,4.029103961926888,4.009687491704382,4.048688716568736,0.0,0.0,0.0,False
t09_05_b05,24,24,0.5,20,2.1632543089241296,2.1441621180972086,2.1825858295182723,0.0,0.0,0.0,False
t09_05_b05,24,24,0.75,20,0.022941469787992337,0.020254434138743903,0.025705388400888495,0.0,0.0,0.0,False
t09_05_b05,24,32,0.25,20,4.771555753138649,4.693421821266698,4.847783807316273,8.51353652307e-06,0.0,2.5540609569209998e-05,False
t09_05_b05,24,32,0.5,20,1.865934374956499,1.7980357539477767,1.9268409480829658,0.0,0.0,0.0,False
t09_05_b05,24,32,0.75,20,0.014895685133311593,-0.05999735048085292,0.0925063771096561,0.0,0.0,0.0,False
t09_05_b05,24,50,0.25,20,2.667085027950806,2.6454822877753106,2.688883312214307,0.13086154208858547,0.12759962337792252,0.1342892084952759,False
t09_05_b05,24,50,0.5,20,-0.13082873843231643,-0.18193530336530775,-0.08338237740100471,1.9040406672437845e-05,0.0,4.8941516960940714e-05,False
t09_05_b05,24,50,0.75,20,-0.04155998001060146,-0.07818301679138145,-0.0020781149021539005,0.0,0.0,0.0,False
t09_05_b05,24,100,0.25,20,-2.184254750604727,-2.2270075022902747,-2.1448706358567864,0.4379774191003172,0.4362384722367362,0.43975000945020976,True
t09_05_b05,24,100,0.5,20,-0.22810220239939002,-0.2549829976779295,-0.20156015437388194,0.19281025297530516,0.1914261765537105,0.19417189525453726,True
t09_05_b05,24,100,0.75,20,0.003364477176188885,-0.03846055772890465,0.04347940707982683,0.001997762463977085,0.001660709233302437,0.0023595640896009163,False
t09_05_b05,31,24,0.25,20,4.029607591233429,3.9819063963720804,4.078983142581578,0.5892153418577,0.5854977858162711,0.5927728051950285,False
t09_05_b05,31,24,0.5,20,2.4988051311341457,2.4684311298377706,2.5280401653753426,0.3368941286308488,0.33362058049573023,0.3400866100959167,False
t09_05_b05,31,24,0.75,20,1.724800214796997,1.708462752180664,1.7420488532454488,0.09239548103101937,0.0901675693746723,0.09468034793478475,False
t09_05_b05,31,32,0.25,20,2.6021817130012677,2.514746962605226,2.689331376181024,0.6270828386643368,0.6243429379606934,0.6298837873830785,False
t09_05_b05,31,32,0.5,20,1.3362265307114038,1.2708968705080002,1.3977491651858056,0.3770604934835025,0.37323989848233,0.38083271574155214,False
t09_05_b05,31,32,0.75,20,0.6907852756778587,0.6152923994504716,0.764619539287315,0.13096607596005228,0.12911792586886137,0.1328399404801041,False
t09_05_b05,31,50,0.25,20,-2.1322588952445334,-2.169483979071834,-2.0951694978718343,0.6734740558335592,0.6715913567350306,0.6752494681203197,True
t09_05_b05,31,50,0.5,20,-3.2710664976831163,-3.2941967322113865,-3.2468584835944685,0.42219400576527927,0.4199567941987801,0.42434472019075664,True
t09_05_b05,31,50,0.75,20,-1.2956370760910723,-1.341455395327476,-1.2475738455288201,0.17084747530470637,0.16931580401762655,0.17235527542529938,True
t09_05_b05,31,100,0.25,20,-7.061166936272295,-7.10306548053551,-7.0217216489595256,0.7099137420253047,0.7087024664219618,0.7110097337090764,True
t09_05_b05,31,100,0.5,20,-2.6828839515535967,-2.738285851880731,-2.628694136350742,0.4608504010486518,0.4593327657974993,0.46237809845529454,True
t09_05_b05,31,100,0.75,20,-0.990959407982056,-1.0230627404661263,-0.9604980151163268,0.2122621910074484,0.21111427417931494,0.21344533167608873,True
t09_05_b05,32,24,0.25,20,-0.006217409563789815,-0.007026422435252424,-0.005430363339784493,0.7491334801019279,0.7480243526390621,0.7503160925829143,True
t09_05_b05,32,24,0.5,20,-0.006422689745018159,-0.007360748309098656,-0.005492263351658431,0.4996525361839888,0.49708956826532574,0.5024309416489319,True
t09_05_b05,32,24,0.75,20,-0.005701822056300125,-0.006550428691493812,-0.0048784595969109485,0.2505688210608726,0.24835463084350393,0.2527630741495281,False
t09_05_b05,32,32,0.25,20,-0.7665747320721852,-0.8367999004033071,-0.6994396998151281,0.7494580984108611,0.7477261114099558,0.7511679545917512,True
t09_05_b05,32,32,0.5,20,-0.6812830409113146,-0.744848016973618,-0.6213885867484316,0.5013360857260697,0.5000346647906971,0.5026693409331643,True
t09_05_b05,32,32,0.75,20,-0.7051031115941438,-0.7773382820698129,-0.6324257172249065,0.2505850624940585,0.24897183179681587,0.2521126163556278,True
t09_05_b05,32,50,0.25,20,-4.580577693403687,-4.593282962319655,-4.567560662526128,0.7497704857198559,0.7480039355008876,0.7514463932778382,True
t09_05_b05,32,50,0.5,20,-4.653260341418397,-4.664935773784615,-4.641634845176477,0.498682199907076,0.4972510746146592,0.5001063733884181,True
t09_05_b05,32,50,0.75,20,-2.325012355906786,-2.3754264719179012,-2.273513938653472,0.249841710624376,0.24868730271576941,0.2509608261014514,True
t09_05_b05,32,100,0.25,20,-8.453717699571554,-8.485098052792145,-8.4260149199734,0.7500082891520258,0.7489435399775791,0.7511044976672646,True
t09_05_b05,32,100,0.5,20,-3.40630526715602,-3.4529333812333,-3.3587094765913106,0.5012120259742483,0.4999352655811568,0.5023372657409488,True
t09_05_b05,32,100,0.75,20,-1.1974538575202447,-1.227445498692403,-1.1695488219709562,0.2503797503986153,0.24961691073465603,0.25105595847286466,True
t09_05_b07,1,24,0.25,20,0.0,0.0,0.0,0.0,0.0,0.0,False
t09_05_b07,1,24,0.5,20,0.0,0.0,0.0,0.0,0.0,0.0,False
t09_05_b07,1,24,0.75,20,0.0,0.0,0.0,0.0,0.0,0.0,False
t09_05_b07,1,32,0.25,20,0.009995439858244737,0.0,0.02998631957473421,0.0,0.0,0.0,False
t09_05_b07,1,32,0.5,20,0.0,0.0,0.0,0.0,0.0,0.0,False
t09_05_b07,1,32,0.75,20,0.0,0.0,0.0,0.0,0.0,0.0,False
t09_05_b07,1,50,0.25,20,-0.0008413641844150721,-0.0025240925532452165,0.0,0.0,0.0,0.0,False
t09_05_b07,1,50,0.5,20,0.0,0.0,0.0,0.0,0.0,0.0,False
t09_05_b07,1,50,0.75,20,-0.0008306621961281735,-0.0023279600921706223,0.0,0.0,0.0,0.0,False
t09_05_b07,1,100,0.25,20,-0.032398033389050916,-0.06154068772482365,-0.006225114260147679,0.0,0.0,0.0,False
t09_05_b07,1,100,0.5,20,0.0036333449133199914,-0.0047481633383366926,0.011872328610106004,0.0,0.0,0.0,False
t09_05_b07,1,100,0.75,20,-0.0005018428194320634,-0.0037376923058042694,0.0021302445838879084,0.0,0.0,0.0,False
t09_05_b07,4,24,0.25,20,0.00017902439891370498,-1.6834650707582284e-05,0.00044003467572609694,0.0,0.0,0.0,False
t09_05_b07,4,24,0.5,20,0.0,0.0,0.0,0.0,0.0,0.0,False
t09_05_b07,4,24,0.75,20,0.0,0.0,0.0,0.0,0.0,0.0,False
t09_05_b07,4,32,0.25,20,0.03337815690551139,-0.01785653855420737,0.08454865837351447,0.0,0.0,0.0,False
t09_05_b07,4,32,0.5,20,0.0,0.0,0.0,0.0,0.0,0.0,False
t09_05_b07,4,32,0.75,20,0.0,0.0,0.0,0.0,0.0,0.0,False
t09_05_b07,4,50,0.25,20,0.0011687959312603803,-0.008342276843400264,0.011245206630481848,0.0,0.0,0.0,False
t09_05_b07,4,50,0.5,20,0.0,0.0,0.0,0.0,0.0,0.0,False
t09_05_b07,4,50,0.75,20,0.0001882855194994981,-0.003659633823295394,0.0056182758137464095,0.0,0.0,0.0,False
t09_05_b07,4,100,0.25,20,-0.07541153169848842,-0.10577784330533159,-0.044000717377980086,0.0,0.0,0.0,False
t09_05_b07,4,100,0.5,20,-0.0037783291916910324,-0.013507299069870794,0.006420968855740916,0.0,0.0,0.0,False
t09_05_b07,4,100,0.75,20,-0.0016048028433183425,-0.008098381542629825,0.0048741778464462095,0.0,0.0,0.0,False
t09_05_b07,8,24,0.25,20,0.005070625579313555,0.003629671750621682,0.006582698040279216,0.0,0.0,0.0,False
t09_05_b07,8,24,0.5,20,1.4439295627310033e-05,-8.261544227560493e-05,0.00012593332915753502,0.0,0.0,0.0,False
t09_05_b07,8,24,0.75,20,0.0,0.0,0.0,0.0,0.0,0.0,False
t09_05_b07,8,32,0.25,20,0.1383662650242577,0.05733611967785905,0.209865368482253,0.0,0.0,0.0,False
t09_05_b07,8,32,0.5,20,-0.01018242002273106,-0.03349765146655917,0.0029503913983659922,0.0,0.0,0.0,False
t09_05_b07,8,32,0.75,20,0.0,0.0,0.0,0.0,0.0,0.0,False
t09_05_b07,8,50,0.25,20,-0.07575369666351653,-0.09020890258971721,-0.061283578304847146,0.0,0.0,0.0,False
t09_05_b07,8,50,0.5,20,-0.0028643294778567087,-0.008700522608933569,0.002082220779287658,0.0,0.0,0.0,False
t09_05_b07,8,50,0.75,20,-0.011660548539364646,-0.022916222849622078,-0.0008912997809362926,0.0,0.0,0.0,False
t09_05_b07,8,100,0.25,20,-0.18510910894932545,-0.23364985435534974,-0.1365528203750209,0.0,0.0,0.0,False
t09_05_b07,8,100,0.5,20,-0.007223311602030868,-0.018963090184914967,0.004561218947382806,0.0,0.0,0.0,False
t09_05_b07,8,100,0.75,20,-0.004141257775846263,-0.011998165729665436,0.004081932210594299,0.0,0.0,0.0,False
t09_05_b07,16,24,0.25,20,1.5716315631920175,1.52339212453861,1.6218469782324205,0.0,0.0,0.0,False
t09_05_b07,16,24,0.5,20,0.01179449538796266,0.009908163791395766,0.013798135589161622,0.0,0.0,0.0,False
t09_05_b07,16,24,0.75,20,0.000142505946952425,0.0,0.00042751784085727496,0.0,0.0,0.0,False
t09_05_b07,16,32,0.25,20,2.473954984910207,2.400371587859823,2.5456246586263047,0.0,0.0,0.0,False
t09_05_b07,16,32,0.5,20,0.1345617482054075,0.060092330463839605,0.20836017682204355,0.0,0.0,0.0,False
t09_05_b07,16,32,0.75,20,0.0,0.0,0.0,0.0,0.0,0.0,False
t09_05_b07,16,50,0.25,20,-0.6692353606025881,-0.6828434174960523,-0.6546888272862976,0.0,0.0,0.0,False
t09_05_b07,16,50,0.5,20,-0.06302020797140218,-0.07815207493923415,-0.049558887332509516,0.0,0.0,0.0,False
t09_05_b07,16,50,0.75,20,-0.007880804352104188,-0.03255528332956176,0.018698786527794296,0.0,0.0,0.0,False
t09_05_b07,16,100,0.25,20,-0.11653562985380517,-0.15913733539392522,-0.07474882593588604,0.0,0.0,0.0,False
t09_05_b07,16,100,0.5,20,-0.03725266872727939,-0.05073466837596819,-0.024996931791444566,0.0,0.0,0.0,False
t09_05_b07,16,100,0.75,20,-0.014211210278498854,-0.023934793106008427,-0.0030955531775170935,0.0,0.0,0.0,False
t09_05_b07,24,24,0.25,20,3.7870397635705877,3.7707548706031555,3.801834810082976,0.0,0.0,0.0,False
t09_05_b07,24,24,0.5,20,2.1149041725276634,2.100885859491133,2.128002804859354,0.0,0.0,0.0,False
t09_05_b07,24,24,0.75,20,0.022941469787992337,0.020254434138743903,0.025705388400888495,0.0,0.0,0.0,False
t09_05_b07,24,32,0.25,20,3.3194217095625853,3.246186712092502,3.3848918075702388,0.0,0.0,0.0,False
t09_05_b07,24,32,0.5,20,1.7780503482352366,1.7143609878708073,1.839152188785274,0.0,0.0,0.0,False
t09_05_b07,24,32,0.75,20,0.014895685133311593,-0.05999735048085292,0.0925063771096561,0.0,0.0,0.0,False
t09_05_b07,24,50,0.25,20,1.2526776928734455,1.209937887512773,1.2945542815387647,0.0,0.0,0.0,False
t09_05_b07,24,50,0.5,20,-1.2058344508816652,-1.2365597185703823,-1.174851811600694,0.0,0.0,0.0,False
t09_05_b07,24,50,0.75,20,-0.0694024544886445,-0.09253392023080004,-0.04561824789928726,0.0,0.0,0.0,False
t09_05_b07,24,100,0.25,20,0.24483873126834185,0.20817432260910365,0.280362651621186,0.2559454517494202,0.2527552861748868,0.25904417015380454,False
t09_05_b07,24,100,0.5,20,0.7941553237266683,0.778672623660764,0.8103851248214559,0.034949033147509544,0.033153385839754114,0.03669426473440308,False
t09_05_b07,24,100,0.75,20,-0.02069051156082491,-0.03181298243784862,-0.009281728177654252,0.0,0.0,0.0,False
t09_05_b07,31,24,0.25,20,5.403423899115698,5.358732699673472,5.445137640242631,0.4916929956081571,0.48731278787079263,0.49633893760055436,False
t09_05_b07,31,24,0.5,20,3.543863741198538,3.4998315436197402,3.588537680508796,0.24420785638674838,0.23936674800844623,0.24913128458416,False
t09_05_b07,31,24,0.75,20,2.1197061101249695,2.0971717576773976,2.1432510993047904,0.029210607290007146,0.026504266244235058,0.031954969713507475,False
t09_05_b07,31,32,0.25,20,3.9119655485145985,3.8290243344005646,3.994808336020516,0.5586628847535395,0.5559627208297734,0.5615152173478021,False
t09_05_b07,31,32,0.5,20,2.2955795354492237,2.2229704019858634,2.3662448992333234,0.3055588765603929,0.30229427458824604,0.30877695753245127,False
t09_05_b07,31,32,0.75,20,1.265853503709429,1.197180082916532,1.3328265112790352,0.07000021690572303,0.06774806810931346,0.07226768022936024,False
t09_05_b07,31,50,0.25,20,-1.0500033969330484,-1.091634157047047,-1.0079800703270918,0.6287110311240229,0.6266080773382047,0.6310560287198757,True
t09_05_b07,31,50,0.5,20,-2.488749884548358,-2.506269194258485,-2.470513116264744,0.3766898973174305,0.3753564798959697,0.37782976197434326,True
t09_05_b07,31,50,0.75,20,-0.8608911004599653,-0.894517067122567,-0.8308055957163979,0.12911903517338835,0.12694883476328941,0.1313456985786783,True
t09_05_b07,31,100,0.25,20,-5.1377004047373,-5.170569714850067,-5.102742483993324,0.6870680319544469,0.6856744204212109,0.6884502861803786,True
t09_05_b07,31,100,0.5,20,-1.7814622286289303,-1.806772027455498,-1.754662509274709,0.43872506023890195,0.43705437933573926,0.4403698007529226,True
t09_05_b07,31,100,0.75,20,-0.23904476800015972,-0.2493251815170187,-0.22847034496312446,0.19069034576003127,0.18930021528342214,0.19216776995766446,True
t09_05_b07,32,24,0.25,20,-0.006217409563789815,-0.007026422435252424,-0.005430363339784493,0.7491334801019279,0.7480243526390621,0.7503160925829143,True
t09_05_b07,32,24,0.5,20,-0.006422689745018159,-0.007360748309098656,-0.005492263351658431,0.4996525361839888,0.49708956826532574,0.5024309416489319,True
t09_05_b07,32,24,0.75,20,-0.005701822056300125,-0.006550428691493812,-0.0048784595969109485,0.2505688210608726,0.24835463084350393,0.2527630741495281,False
t09_05_b07,32,32,0.25,20,-0.7665747320721852,-0.8367999004033071,-0.6994396998151281,0.7494580984108611,0.7477261114099558,0.7511679545917512,True
t09_05_b07,32,32,0.5,20,-0.6812830409113146,-0.744848016973618,-0.6213885867484316,0.5013360857260697,0.5000346647906971,0.5026693409331643,True
t09_05_b07,32,32,0.75,20,-0.7051031115941438,-0.7773382820698129,-0.6324257172249065,0.2505850624940585,0.24897183179681587,0.2521126163556278,True
t09_05_b07,32,50,0.25,20,-4.521525790187302,-4.532278438748555,-4.509777392136497,0.7497704857198559,0.7480039355008876,0.7514463932778382,True
t09_05_b07,32,50,0.5,20,-4.584537604267297,-4.593564090422514,-4.574663617475317,0.498682199907076,0.4972510746146592,0.5001063733884181,True
t09_05_b07,32,50,0.75,20,-2.2512223951225647,-2.305485989329803,-2.1973036633121787,0.249841710624376,0.24868730271576941,0.2509608261014514,True
t09_05_b07,32,100,0.25,20,-7.264351257718981,-7.287776610621734,-7.241832504517836,0.7500082891520258,0.7489435399775791,0.7511044976672646,True
t09_05_b07,32,100,0.5,20,-2.688411405324386,-2.7229924323315364,-2.647601272239657,0.5012120259742483,0.4999352655811568,0.5023372657409488,True
t09_05_b07,32,100,0.75,20,-0.5311766519885807,-0.5413595550348695,-0.5190363052767488,0.24987343482951543,0.2487805212587123,0.2509256700457812,True
t09_09_b03,1,24,0.25,20,0.0,0.0,0.0,0.0,0.0,0.0,False
t09_09_b03,1,24,0.5,20,0.0,0.0,0.0,0.0,0.0,0.0,False
t09_09_b03,1,24,0.75,20,0.0,0.0,0.0,0.0,0.0,0.0,False
t09_09_b03,1,32,0.25,20,0.009995439858244737,0.0,0.02998631957473421,0.0,0.0,0.0,False
t09_09_b03,1,32,0.5,20,0.0,0.0,0.0,0.0,0.0,0.0,False
t09_09_b03,1,32,0.75,20,0.0,0.0,0.0,0.0,0.0,0.0,False
t09_09_b03,1,50,0.25,20,0.0,0.0,0.0,0.0,0.0,0.0,False
t09_09_b03,1,50,0.5,20,0.0,0.0,0.0,0.0,0.0,0.0,False
t09_09_b03,1,50,0.75,20,0.0,0.0,0.0,0.0,0.0,0.0,False
t09_09_b03,1,100,0.25,20,0.003985178805505108,-0.003476243620505465,0.011604308146442959,0.002356697759694574,-0.0018312377286044074,0.006598139362305776,False
t09_09_b03,1,100,0.5,20,0.0003968406892654208,-0.0035392069612155395,0.005237754645299661,-8.430012548358013e-05,-0.0014250893435657848,0.0013778302301245735,False
t09_09_b03,1,100,0.75,20,1.8655592239102957e-05,-2.8975348791919754e-05,7.762055893905553e-05,3.192715466366555e-05,-9.793040506014534e-05,0.0001634616158381672,False
t09_09_b03,4,24,0.25,20,0.00017902439891370498,-1.6834650707582284e-05,0.00044003467572609694,0.0,0.0,0.0,False
t09_09_b03,4,24,0.5,20,0.0,0.0,0.0,0.0,0.0,0.0,False
t09_09_b03,4,24,0.75,20,0.0,0.0,0.0,0.0,0.0,0.0,False
t09_09_b03,4,32,0.25,20,0.03337815690551139,-0.01785653855420737,0.08454865837351447,0.0,0.0,0.0,False
t09_09_b03,4,32,0.5,20,0.0,0.0,0.0,0.0,0.0,0.0,False
t09_09_b03,4,32,0.75,20,0.0,0.0,0.0,0.0,0.0,0.0,False
t09_09_b03,4,50,0.25,20,3.2856530199110166e-05,1.639566608351628e-05,5.2009964558640265e-05,0.0,0.0,0.0,False
t09_09_b03,4,50,0.5,20,0.0,0.0,0.0,0.0,0.0,0.0,False
t09_09_b03,4,50,0.75,20,0.0,0.0,0.0,0.0,0.0,0.0,False
t09_09_b03,4,100,0.25,20,0.0004508928791825184,-0.009416559645703084,0.011298394524704491,0.001508458754770034,-0.0024375125614607292,0.0054946933362106905,False
t09_09_b03,4,100,0.5,20,-0.00397161936637902,-0.011839033351770466,0.004427688634360188,0.001455875825276999,-0.0008825718056924597,0.003999850410025741,False
t09_09_b03,4,100,0.75,20,0.0010184039979678871,-0.00386081587841847,0.0061055209643064365,-0.0002675885612816641,-0.0028111805131504353,0.0017429990112260649,False
t09_09_b03,8,24,0.25,20,0.005070625579313555,0.003629671750621682,0.006582698040279216,0.0,0.0,0.0,False
t09_09_b03,8,24,0.5,20,1.4439295627310033e-05,-8.261544227560493e-05,0.00012593332915753502,0.0,0.0,0.0,False
t09_09_b03,8,24,0.75,20,0.0,0.0,0.0,0.0,0.0,0.0,False
t09_09_b03,8,32,0.25,20,0.1383662650242577,0.05733611967785905,0.209865368482253,0.0,0.0,0.0,False
t09_09_b03,8,32,0.5,20,-0.01018242002273106,-0.03349765146655917,0.0029503913983659922,0.0,0.0,0.0,False
t09_09_b03,8,32,0.75,20,0.0,0.0,0.0,0.0,0.0,0.0,False
t09_09_b03,8,50,0.25,20,0.03625009648518764,0.003237610234765614,0.06991805395783139,0.0,0.0,0.0,False
t09_09_b03,8,50,0.5,20,0.0,0.0,0.0,0.0,0.0,0.0,False
t09_09_b03,8,50,0.75,20,0.0,0.0,0.0,0.0,0.0,0.0,False
t09_09_b03,8,100,0.25,20,-0.06834475496096717,-0.08065413488960757,-0.05570895659751492,0.007670817440819294,0.0027399108555146963,0.012344871253410824,False
t09_09_b03,8,100,0.5,20,-0.0009394840763120804,-0.009395292561575551,0.006858186613456227,-0.0007823882932388754,-0.0034650932726690265,0.0021056985363833085,False
t09_09_b03,8,100,0.75,20,-0.004707983438380215,-0.01693522228795715,0.006449066676792584,0.00014404082750001172,-0.002283758112537615,0.0025679676307108316,False
t09_09_b03,16,24,0.25,20,1.5716315631920175,1.52339212453861,1.6218469782324205,0.0,0.0,0.0,False
t09_09_b03,16,24,0.5,20,0.01179449538796266,0.009908163791395766,0.013798135589161622,0.0,0.0,0.0,False
t09_09_b03,16,24,0.75,20,0.000142505946952425,0.0,0.00042751784085727496,0.0,0.0,0.0,False
t09_09_b03,16,32,0.25,20,2.9486971583253334,2.8747733304844236,3.019198063938108,0.0,0.0,0.0,False
t09_09_b03,16,32,0.5,20,0.1345617482054075,0.060092330463839605,0.20836017682204355,0.0,0.0,0.0,False
t09_09_b03,16,32,0.75,20,0.0,0.0,0.0,0.0,0.0,0.0,False
t09_09_b03,16,50,0.25,20,0.7933305351688714,0.7442482550304436,0.8410344835780114,0.0,0.0,0.0,False
t09_09_b03,16,50,0.5,20,0.007940590610823505,-0.045292226726837435,0.059314400917786066,0.0,0.0,0.0,False
t09_09_b03,16,50,0.75,20,5.564988254613823e-06,0.0,1.3914561049244157e-05,0.0,0.0,0.0,False
t09_09_b03,16,100,0.25,20,-1.6863300989467285,-1.7011743278051046,-1.6707575374407277,0.1952514358582873,0.19120257426637294,0.19899538863054822,True
t09_09_b03,16,100,0.5,20,-0.04778661345887558,-0.05910694473043723,-0.0350350633166711,0.0016775819542450387,-0.000735876125845875,0.004451852066958736,False
t09_09_b03,16,100,0.75,20,0.0008392534570230481,-0.0071272076806750875,0.008682833686087769,-0.0005665842745602064,-0.003223628217454362,0.002046193646115497,False
t09_09_b03,24,24,0.25,20,6.063454430305891,6.02098572498965,6.10460165031734,0.000123902521931115,1.1294330246215e-05,0.0002574290237272,False
t09_09_b03,24,24,0.5,20,2.4713678638479832,2.4170523740863206,2.521745473806156,0.0,0.0,0.0,False
t09_09_b03,24,24,0.75,20,0.022941469787992337,0.020254434138743903,0.025705388400888495,0.0,0.0,0.0,False
t09_09_b03,24,32,0.25,20,6.408153381875243,6.344093529476705,6.469948789378061,0.07168818339412805,0.0689365372161805,0.07450607639064982,False
t09_09_b03,24,32,0.5,20,3.059569081599509,3.003230650853732,3.1138258828255365,0.0,0.0,0.0,False
t09_09_b03,24,32,0.75,20,0.014895685133311593,-0.05999735048085292,0.0925063771096561,0.0,0.0,0.0,False
t09_09_b03,24,50,0.25,20,0.9809703018283573,0.9488045869244518,1.0123921514114789,0.306069788252037,0.3036344200488835,0.3082740635497882,False
t09_09_b03,24,50,0.5,20,-0.0790042334931067,-0.1302092194932954,-0.03566997224034818,0.06357107634231465,0.06177109738923118,0.06547271610175907,True
t09_09_b03,24,50,0.75,20,0.03034424014600412,-0.00627585238659077,0.07054030527053974,0.0,0.0,0.0,False
t09_09_b03,24,100,0.25,20,-4.605020232306877,-4.627245643492844,-4.58390932116232,0.4112798247388052,0.4070370182101913,0.4153599514379822,True
t09_09_b03,24,100,0.5,20,-1.6652463805667488,-1.681007512472894,-1.6487991972872866,0.16393000541966002,0.1609131704785305,0.16702471379566639,True
t09_09_b03,24,100,0.75,20,-0.026356176744095183,-0.03850878721497614,-0.015424900684568876,0.001446308659396156,-0.0021863045117837387,0.004975212970530092,False
t09_09_b03,31,24,0.25,20,3.175962931894298,3.140046315645165,3.213232326888474,0.6339664907111081,0.6320054165763412,0.635993375556129,False
t09_09_b03,31,24,0.5,20,1.8723972406759295,1.8535152263987829,1.8898842118268135,0.38640772100698767,0.3836250949451087,0.3890210578521999,False
t09_09_b03,31,24,0.75,20,1.3034375858974123,1.2894323356217914,1.317318157738518,0.13576004516032394,0.1341929785428807,0.13723636730506827,False
t09_09_b03,31,32,0.25,20,1.832317146404091,1.7552115470749463,1.9075944586459046,0.6618516121612,0.6601343175626854,0.6636839614095696,False
t09_09_b03,31,32,0.5,20,0.8016211229607941,0.7338516563693392,0.8663822591965133,0.41429528026863627,0.4125503517607392,0.4161709728224941,False
t09_09_b03,31,32,0.75,20,0.33183227492548434,0.2580719187697719,0.40810923417922135,0.16550897908682205,0.16384717521659828,0.16727133707839723,False
t09_09_b03,31,50,0.25,20,-3.631649994064689,-3.66801569244191,-3.5982671281697125,0.6930575665062346,0.6914287855062701,0.6946677230962415,True
t09_09_b03,31,50,0.5,20,-4.391451071499501,-4.430126704260027,-4.355505176104426,0.44480222206245107,0.44216843539659517,0.4475680502685195,True
t09_09_b03,31,50,0.75,20,-2.0871637351915604,-2.141437584163669,-2.032332584274206,0.19513344001321403,0.19395506967963105,0.19627244763918925,True
t09_09_b03,31,100,0.25,20,-9.022951252302898,-9.037158671649431,-9.009247841336352,0.6063361588193033,0.6024279407470339,0.6101763703149153,True
t09_09_b03,31,100,0.5,20,-4.092014610291478,-4.125497112629448,-4.0592465734504914,0.35448475057597284,0.3524177590997058,0.356571144784581,True
t09_09_b03,31,100,0.75,20,-1.4593371695023574,-1.4993522690657537,-1.4184369052834498,0.10458968100913904,0.10145181837480469,0.10776689609750591,True
t09_09_b03,32,24,0.25,20,-0.006217409563789815,-0.007026422435252424,-0.005430363339784493,0.7491334801019279,0.7480243526390621,0.7503160925829143,True
t09_09_b03,32,24,0.5,20,-0.006422689745018159,-0.007360748309098656,-0.005492263351658431,0.4996525361839888,0.49708956826532574,0.5024309416489319,True
t09_09_b03,32,24,0.75,20,-0.005701822056300125,-0.006550428691493812,-0.0048784595969109485,0.2505688210608726,0.24835463084350393,0.2527630741495281,False
t09_09_b03,32,32,0.25,20,-0.7665747320721852,-0.8367999004033071,-0.6994396998151281,0.7494580984108611,0.7477261114099558,0.7511679545917512,True
t09_09_b03,32,32,0.5,20,-0.6812830409113146,-0.744848016973618,-0.6213885867484316,0.5013360857260697,0.5000346647906971,0.5026693409331643,True
t09_09_b03,32,32,0.75,20,-0.7051031115941438,-0.7773382820698129,-0.6324257172249065,0.2505850624940585,0.24897183179681587,0.2521126163556278,True
t09_09_b03,32,50,0.25,20,-5.442921937684588,-5.471263198653356,-5.415061861326782,0.7497704857198559,0.7480039355008876,0.7514463932778382,True
t09_09_b03,32,50,0.5,20,-5.397323618319011,-5.43705524133311,-5.362617247463658,0.498682199907076,0.4972510746146592,0.5001063733884181,True
t09_09_b03,32,50,0.75,20,-2.8910903579281477,-2.9499184176843847,-2.8286107673065946,0.249841710624376,0.24868730271576941,0.2509608261014514,True
t09_09_b03,32,100,0.25,20,-10.037494303545778,-10.045717934229877,-10.02958247203495,0.633923398039327,0.6302285888143717,0.6372682950239391,True
t09_09_b03,32,100,0.5,20,-4.658285253395645,-4.694496631071326,-4.616806282643495,0.3826507079843052,0.380476398098122,0.38494833884267127,True
t09_09_b03,32,100,0.75,20,-1.795216688854714,-1.8216440253474304,-1.768213036945698,0.1318493903570615,0.1292977515827886,0.13428062094223678,True
t09_09_b05,1,24,0.25,20,0.0,0.0,0.0,0.0,0.0,0.0,False
t09_09_b05,1,24,0.5,20,0.0,0.0,0.0,0.0,0.0,0.0,False
t09_09_b05,1,24,0.75,20,0.0,0.0,0.0,0.0,0.0,0.0,False
t09_09_b05,1,32,0.25,20,0.009995439858244737,0.0,0.02998631957473421,0.0,0.0,0.0,False
t09_09_b05,1,32,0.5,20,0.0,0.0,0.0,0.0,0.0,0.0,False
t09_09_b05,1,32,0.75,20,0.0,0.0,0.0,0.0,0.0,0.0,False
t09_09_b05,1,50,0.25,20,0.0,0.0,0.0,0.0,0.0,0.0,False
t09_09_b05,1,50,0.5,20,0.0,0.0,0.0,0.0,0.0,0.0,False
t09_09_b05,1,50,0.75,20,0.0,0.0,0.0,0.0,0.0,0.0,False
t09_09_b05,1,100,0.25,20,0.021499171321251877,-0.013533256609513253,0.057072309190182524,-1.778288465747e-05,-5.334865397241e-05,0.0,False
t09_09_b05,1,100,0.5,20,-0.015506249253735227,-0.05155383254303849,0.018891782263861148,1.3702765572738024e-05,-4.374354208214698e-05,8.328874687691802e-05,False
t09_09_b05,1,100,0.75,20,-0.006288785221168158,-0.022643867371872364,0.004840183150147912,-4.09478051976414e-06,-1.228434155929242e-05,0.0,False
t09_09_b05,4,24,0.25,20,0.00017902439891370498,-1.6834650707582284e-05,0.00044003467572609694,0.0,0.0,0.0,False
t09_09_b05,4,24,0.5,20,0.0,0.0,0.0,0.0,0.0,0.0,False
t09_09_b05,4,24,0.75,20,0.0,0.0,0.0,0.0,0.0,0.0,False
t09_09_b05,4,32,0.25,20,0.03337815690551139,-0.01785653855420737,0.08454865837351447,0.0,0.0,0.0,False
t09_09_b05,4,32,0.5,20,0.0,0.0,0.0,0.0,0.0,0.0,False
t09_09_b05,4,32,0.75,20,0.0,0.0,0.0,0.0,0.0,0.0,False
t09_09_b05,4,50,0.25,20,3.2856530199110166e-05,1.639566608351628e-05,5.2009964558640265e-05,0.0,0.0,0.0,False
t09_09_b05,4,50,0.5,20,0.0,0.0,0.0,0.0,0.0,0.0,False
t09_09_b05,4,50,0.75,20,0.0,0.0,0.0,0.0,0.0,0.0,False
t09_09_b05,4,100,0.25,20,0.036039616902965046,-0.007083843610283297,0.0807764604526646,-5.516673479996561e-06,-4.930228816566335e-05,2.7236422198612024e-05,False
t09_09_b05,4,100,0.5,20,-0.026523612236622363,-0.07081767502754722,0.01391287254554224,-2.86881804686e-05,-7.244279019346499e-05,0.0,False
t09_09_b05,4,100,0.75,20,0.005769052936958374,-0.03151844654187728,0.04084905900121501,1.0904740169116918e-08,-1.5002545370214165e-05,1.7753463401643258e-05,False
t09_09_b05,8,24,0.25,20,0.005070625579313555,0.003629671750621682,0.006582698040279216,0.0,0.0,0.0,False
t09_09_b05,8,24,0.5,20,1.4439295627310033e-05,-8.261544227560493e-05,0.00012593332915753502,0.0,0.0,0.0,False
t09_09_b05,8,24,0.75,20,0.0,0.0,0.0,0.0,0.0,0.0,False
t09_09_b05,8,32,0.25,20,0.1383662650242577,0.05733611967785905,0.209865368482253,0.0,0.0,0.0,False
t09_09_b05,8,32,0.5,20,-0.01018242002273106,-0.03349765146655917,0.0029503913983659922,0.0,0.0,0.0,False
t09_09_b05,8,32,0.75,20,0.0,0.0,0.0,0.0,0.0,0.0,False
t09_09_b05,8,50,0.25,20,0.03947176894821354,0.0049051336258058185,0.07626502770906056,0.0,0.0,0.0,False
t09_09_b05,8,50,0.5,20,0.0,0.0,0.0,0.0,0.0,0.0,False
t09_09_b05,8,50,0.75,20,0.0,0.0,0.0,0.0,0.0,0.0,False
t09_09_b05,8,100,0.25,20,0.15783828306518527,0.1251450579238911,0.19192879584821587,0.00030806789974590607,0.00013508911303022482,0.0005073287052379386,False
t09_09_b05,8,100,0.5,20,-0.02274722352009482,-0.06872471529055105,0.01649219879825876,3.901032501905003e-06,-5.882103898113e-05,8.414588769918001e-05,False
t09_09_b05,8,100,0.75,20,0.0038066854398514315,-0.04687013250555791,0.04970746446091198,4.783523459884038e-05,-8.249389733395498e-06,0.00013393961376222826,False
t09_09_b05,16,24,0.25,20,1.5716315631920175,1.52339212453861,1.6218469782324205,0.0,0.0,0.0,False
t09_09_b05,16,24,0.5,20,0.01179449538796266,0.009908163791395766,0.013798135589161622,0.0,0.0,0.0,False
t09_09_b05,16,24,0.75,20,0.000142505946952425,0.0,0.00042751784085727496,0.0,0.0,0.0,False
t09_09_b05,16,32,0.25,20,2.9486971583253334,2.8747733304844236,3.019198063938108,0.0,0.0,0.0,False
t09_09_b05,16,32,0.5,20,0.1345617482054075,0.060092330463839605,0.20836017682204355,0.0,0.0,0.0,False
t09_09_b05,16,32,0.75,20,0.0,0.0,0.0,0.0,0.0,0.0,False
t09_09_b05,16,50,0.25,20,0.48299777686847883,0.4452382587644032,0.520342598714612,0.0,0.0,0.0,False
t09_09_b05,16,50,0.5,20,-0.0015643943429972218,-0.0504622435556989,0.04331165507985317,0.0,0.0,0.0,False
t09_09_b05,16,50,0.75,20,5.564988254613823e-06,0.0,1.3914561049244157e-05,0.0,0.0,0.0,False
t09_09_b05,16,100,0.25,20,-0.29274530292108214,-0.319024430187501,-0.2659655668089979,0.1913104505016286,0.18840988940590425,0.19412290351398814,True
t09_09_b05,16,100,0.5,20,0.037516853688768316,0.0012319848612950865,0.06963071218575932,0.002021786570318475,0.0015498724901633948,0.002481225865102284,False
t09_09_b05,16,100,0.75,20,-0.00645954031689282,-0.045393054655849065,0.03243127354665691,-6.812984330685883e-06,-1.7720749181135907e-05,0.0,False
t09_09_b05,24,24,0.25,20,5.801030623672011,5.7721356653286335,5.8286325024642265,0.0,0.0,0.0,False
t09_09_b05,24,24,0.5,20,2.475013070826356,2.421607765508881,2.5247452648152677,0.0,0.0,0.0,False
t09_09_b05,24,24,0.75,20,0.022941469787992337,0.020254434138743903,0.025705388400888495,0.0,0.0,0.0,False
t09_09_b05,24,32,0.25,20,6.000666403620038,5.920819640468119,6.079222361026656,0.0008384013304025349,0.0005120600024810574,0.0011944579735029496,False
t09_09_b05,24,32,0.5,20,2.9581668904560274,2.8919353952793934,3.019136408133431,0.0,0.0,0.0,False
t09_09_b05,24,32,0.75,20,0.014895685133311593,-0.05999735048085292,0.0925063771096561,0.0,0.0,0.0,False
t09_09_b05,24,50,0.25,20,1.8653806749084505,1.820638749252361,1.9082261633951776,0.19155210341288256,0.18826601439286283,0.1948177399562772,False
t09_09_b05,24,50,0.5,20,-0.09435914883415286,-0.14182076242197703,-0.05038297743503104,0.00195308693070105,0.0014223291578177278,0.0025490535270595734,False
t09_09_b05,24,50,0.75,20,0.011718503580283146,-0.025796791802486372,0.04803494952843322,0.0,0.0,0.0,False
t09_09_b05,24,100,0.25,20,-3.0411635266347226,-3.07611232522568,-3.0058787253655663,0.46933280913973274,0.46784248873289075,0.4708039444719154,True
t09_09_b05,24,100,0.5,20,-0.7050622086347352,-0.7417024108166472,-0.669846449965732,0.22328556388030174,0.2215791731664962,0.22503471574469325,True
t09_09_b05,24,100,0.75,20,-0.03183157295299468,-0.07056003588692487,0.012110124349680193,0.006198887696324299,0.005361637377641029,0.006994188590730313,False
t09_09_b05,31,24,0.25,20,3.873697199093693,3.8235426028859942,3.926180140766899,0.605340688448667,0.6022364594041977,0.608854186150366,False
t09_09_b05,31,24,0.5,20,2.385448652821974,2.358754906109556,2.41137861047625,0.3524157462254194,0.34990867496805844,0.3550206539775928,False
t09_09_b05,31,24,0.75,20,1.641875588811692,1.6204757614045926,1.6629952469604397,0.10981955703665244,0.10740882804302163,0.11251553705695626,False
t09_09_b05,31,32,0.25,20,2.4738480216024605,2.403909260531414,2.5424547095941916,0.6378063442224524,0.635662530721475,0.6398997449584994,False
t09_09_b05,31,32,0.5,20,1.2138323917391294,1.152277897339416,1.2750207543080245,0.3910965985441516,0.38887109970794054,0.3934505049109518,False
t09_09_b05,31,32,0.75,20,0.6143624990244424,0.541024402143755,0.6885804688362419,0.14298125555219027,0.14122739747401758,0.1447761246524378,False
t09_09_b05,31,50,0.25,20,-3.1225969221779395,-3.164483277272834,-3.0795686156734963,0.6795586126565352,0.6778570989019354,0.6813194923658867,True
t09_09_b05,31,50,0.5,20,-4.0904915293207065,-4.133250319958368,-4.050283458191555,0.4322992015118154,0.43071473369514746,0.43366653998053284,True
t09_09_b05,31,50,0.75,20,-1.884744728403853,-1.9379038672457778,-1.8299004106560601,0.1796970625438345,0.17813120392800014,0.18133396517683625,True
t09_09_b05,31,100,0.25,20,-7.946715090746009,-7.978803458625429,-7.915153680361145,0.7149533419598981,0.7137882919602502,0.7160988383792962,True
t09_09_b05,31,100,0.5,20,-3.2299637055643764,-3.2744072346984323,-3.188041306290408,0.4654927422465681,0.46455276851777755,0.46653284493836933,True
t09_09_b05,31,100,0.75,20,-1.2113345962549014,-1.2529493042598139,-1.174994143007103,0.21541563853088502,0.21423638292803882,0.21675367131529802,True
t09_09_b05,32,24,0.25,20,-0.006217409563789815,-0.007026422435252424,-0.005430363339784493,0.7491334801019279,0.7480243526390621,0.7503160925829143,True
t09_09_b05,32,24,0.5,20,-0.006422689745018159,-0.007360748309098656,-0.005492263351658431,0.4996525361839888,0.49708956826532574,0.5024309416489319,True
t09_09_b05,32,24,0.75,20,-0.005701822056300125,-0.006550428691493812,-0.0048784595969109485,0.2505688210608726,0.24835463084350393,0.2527630741495281,False
t09_09_b05,32,32,0.25,20,-0.7665747320721852,-0.8367999004033071,-0.6994396998151281,0.7494580984108611,0.7477261114099558,0.7511679545917512,True
t09_09_b05,32,32,0.5,20,-0.6812830409113146,-0.744848016973618,-0.6213885867484316,0.5013360857260697,0.5000346647906971,0.5026693409331643,True
t09_09_b05,32,32,0.75,20,-0.7051031115941438,-0.7773382820698129,-0.6324257172249065,0.2505850624940585,0.24897183179681587,0.2521126163556278,True
t09_09_b05,32,50,0.25,20,-5.442921937684588,-5.471263198653356,-5.415061861326782,0.7497704857198559,0.7480039355008876,0.7514463932778382,True
t09_09_b05,32,50,0.5,20,-5.397323618319011,-5.43705524133311,-5.362617247463658,0.498682199907076,0.4972510746146592,0.5001063733884181,True
t09_09_b05,32,50,0.75,20,-2.8910903579281477,-2.9499184176843847,-2.8286107673065946,0.249841710624376,0.24868730271576941,0.2509608261014514,True
t09_09_b05,32,100,0.25,20,-9.250405345225257,-9.272225367039631,-9.228903521571466,0.7499905062673683,0.7489375846764893,0.7510747379529139,True
t09_09_b05,32,100,0.5,20,-3.9249702334693275,-3.967101478627365,-3.8809223746564294,0.5011833377937798,0.49991360203925606,0.5023143147267801,True
t09_09_b05,32,100,0.75,20,-1.4232655691864826,-1.462367964474728,-1.3853572521049946,0.2503729374142846,0.24961387513651312,0.2510456367251354,True
t09_09_b07,1,24,0.25,20,0.0,0.0,0.0,0.0,0.0,0.0,False
t09_09_b07,1,24,0.5,20,0.0,0.0,0.0,0.0,0.0,0.0,False
t09_09_b07,1,24,0.75,20,0.0,0.0,0.0,0.0,0.0,0.0,False
t09_09_b07,1,32,0.25,20,0.009995439858244737,0.0,0.02998631957473421,0.0,0.0,0.0,False
t09_09_b07,1,32,0.5,20,0.0,0.0,0.0,0.0,0.0,0.0,False
t09_09_b07,1,32,0.75,20,0.0,0.0,0.0,0.0,0.0,0.0,False
t09_09_b07,1,50,0.25,20,0.0,0.0,0.0,0.0,0.0,0.0,False
t09_09_b07,1,50,0.5,20,0.0,0.0,0.0,0.0,0.0,0.0,False
t09_09_b07,1,50,0.75,20,0.0,0.0,0.0,0.0,0.0,0.0,False
t09_09_b07,1,100,0.25,20,-0.000788339383595904,-0.0033858298272499685,0.0021617611698253303,0.0,0.0,0.0,False
t09_09_b07,1,100,0.5,20,0.0,0.0,0.0,0.0,0.0,0.0,False
t09_09_b07,1,100,0.75,20,0.0,0.0,0.0,0.0,0.0,0.0,False
t09_09_b07,4,24,0.25,20,0.00017902439891370498,-1.6834650707582284e-05,0.00044003467572609694,0.0,0.0,0.0,False
t09_09_b07,4,24,0.5,20,0.0,0.0,0.0,0.0,0.0,0.0,False
t09_09_b07,4,24,0.75,20,0.0,0.0,0.0,0.0,0.0,0.0,False
t09_09_b07,4,32,0.25,20,0.03337815690551139,-0.01785653855420737,0.08454865837351447,0.0,0.0,0.0,False
t09_09_b07,4,32,0.5,20,0.0,0.0,0.0,0.0,0.0,0.0,False
t09_09_b07,4,32,0.75,20,0.0,0.0,0.0,0.0,0.0,0.0,False
t09_09_b07,4,50,0.25,20,3.2856530199110166e-05,1.639566608351628e-05,5.2009964558640265e-05,0.0,0.0,0.0,False
t09_09_b07,4,50,0.5,20,0.0,0.0,0.0,0.0,0.0,0.0,False
t09_09_b07,4,50,0.75,20,0.0,0.0,0.0,0.0,0.0,0.0,False
t09_09_b07,4,100,0.25,20,-0.0009757972341565057,-0.009769144164799732,0.00807654453028039,0.0,0.0,0.0,False
t09_09_b07,4,100,0.5,20,0.00019520872098546249,-7.433761891464385e-05,0.0006599637818710313,0.0,0.0,0.0,False
t09_09_b07,4,100,0.75,20,0.0,0.0,0.0,0.0,0.0,0.0,False
t09_09_b07,8,24,0.25,20,0.005070625579313555,0.003629671750621682,0.006582698040279216,0.0,0.0,0.0,False
t09_09_b07,8,24,0.5,20,1.4439295627310033e-05,-8.261544227560493e-05,0.00012593332915753502,0.0,0.0,0.0,False
t09_09_b07,8,24,0.75,20,0.0,0.0,0.0,0.0,0.0,0.0,False
t09_09_b07,8,32,0.25,20,0.1383662650242577,0.05733611967785905,0.209865368482253,0.0,0.0,0.0,False
t09_09_b07,8,32,0.5,20,-0.01018242002273106,-0.03349765146655917,0.0029503913983659922,0.0,0.0,0.0,False
t09_09_b07,8,32,0.75,20,0.0,0.0,0.0,0.0,0.0,0.0,False
t09_09_b07,8,50,0.25,20,0.04297391655964278,0.005320591643985248,0.08276603673385714,0.0,0.0,0.0,False
t09_09_b07,8,50,0.5,20,0.0,0.0,0.0,0.0,0.0,0.0,False
t09_09_b07,8,50,0.75,20,0.0,0.0,0.0,0.0,0.0,0.0,False
t09_09_b07,8,100,0.25,20,6.541986701398272e-05,-0.0070871376829171745,0.007140053995752121,0.0,0.0,0.0,False
t09_09_b07,8,100,0.5,20,-0.0002280821429036628,-0.006418913361627007,0.005642174006337207,0.0,0.0,0.0,False
t09_09_b07,8,100,0.75,20,-1.2247762912487304e-05,-3.674328873746191e-05,0.0,0.0,0.0,0.0,False
t09_09_b07,16,24,0.25,20,1.5716315631920175,1.52339212453861,1.6218469782324205,0.0,0.0,0.0,False
t09_09_b07,16,24,0.5,20,0.01179449538796266,0.009908163791395766,0.013798135589161622,0.0,0.0,0.0,False
t09_09_b07,16,24,0.75,20,0.000142505946952425,0.0,0.00042751784085727496,0.0,0.0,0.0,False
t09_09_b07,16,32,0.25,20,2.9486971583253334,2.8747733304844236,3.019198063938108,0.0,0.0,0.0,False
t09_09_b07,16,32,0.5,20,0.1345617482054075,0.060092330463839605,0.20836017682204355,0.0,0.0,0.0,False
t09_09_b07,16,32,0.75,20,0.0,0.0,0.0,0.0,0.0,0.0,False
t09_09_b07,16,50,0.25,20,0.40086984310129503,0.3671490256777548,0.43382925081472423,0.0,0.0,0.0,False
t09_09_b07,16,50,0.5,20,0.004739309906632449,-0.04495403544234426,0.05197061615582646,0.0,0.0,0.0,False
t09_09_b07,16,50,0.75,20,5.564988254613823e-06,0.0,1.3914561049244157e-05,0.0,0.0,0.0,False
t09_09_b07,16,100,0.25,20,0.4797154721366944,0.45247278324849627,0.5056971286558558,0.0005541218422170484,0.00021213914070499336,0.0009738463933509975,False
t09_09_b07,16,100,0.5,20,0.005542301235161418,-0.0037116663029291216,0.015912869565154666,0.0,0.0,0.0,False
t09_09_b07,16,100,0.75,20,-0.0024657777859190765,-0.005891470172255415,0.00044455822304567243,0.0,0.0,0.0,False
t09_09_b07,24,24,0.25,20,5.71960524409185,5.69823899565892,5.7398582129908355,0.0,0.0,0.0,False
t09_09_b07,24,24,0.5,20,2.475486269371136,2.4254627480853577,2.522841177398901,0.0,0.0,0.0,False
t09_09_b07,24,24,0.75,20,0.022941469787992337,0.020254434138743903,0.025705388400888495,0.0,0.0,0.0,False
t09_09_b07,24,32,0.25,20,5.494880645533626,5.42435952787436,5.565089821809198,0.0,0.0,0.0,False
t09_09_b07,24,32,0.5,20,2.922504905069215,2.857553861671239,2.9857497020193247,0.0,0.0,0.0,False
t09_09_b07,24,32,0.75,20,0.014895685133311593,-0.05999735048085292,0.0925063771096561,0.0,0.0,0.0,False
t09_09_b07,24,50,0.25,20,2.0643911445343117,2.0245363731697976,2.106114858955231,0.003834540532836625,0.0027877782948325268,0.004911832819214289,False
t09_09_b07,24,50,0.5,20,-0.5363531796696093,-0.5856854397420621,-0.4930917757176734,0.0,0.0,0.0,False
t09_09_b07,24,50,0.75,20,0.02272735247131439,-0.024705843811814697,0.07591434389503754,0.0,0.0,0.0,False
t09_09_b07,24,100,0.25,20,-0.9005137805990759,-0.9274342175245774,-0.873286458918535,0.33100588075148424,0.3278354048831817,0.3341316411165019,True
t09_09_b07,24,100,0.5,20,0.6956526707601911,0.6829959227735517,0.7086913439220073,0.08830692670301502,0.08548322483698874,0.09074013813358524,False
t09_09_b07,24,100,0.75,20,0.011479720551434891,5.742309081207027e-05,0.023468266461828494,0.0,0.0,0.0,False
t09_09_b07,31,24,0.25,20,5.203957976618492,5.156197866140656,5.250017219786033,0.532418042710131,0.5286182835831169,0.5363060746383146,False
t09_09_b07,31,24,0.5,20,3.351842135388799,3.3080290730598776,3.3957234349352063,0.2867519420825334,0.2829695295402329,0.29051954058637464,False
t09_09_b07,31,24,0.75,20,2.2011961554400954,2.178429808979496,2.2248338379462536,0.0525206012338702,0.049782425900716326,0.05477733604408678,False
t09_09_b07,31,32,0.25,20,3.7081821508484447,3.6156704067648127,3.800229589486594,0.583896086688073,0.5805280977751561,0.587321831248935,False
t09_09_b07,31,32,0.5,20,2.0554886915811506,1.9838735359349644,2.124899227354758,0.33581091576103284,0.332301471768135,0.33939684421593785,False
t09_09_b07,31,32,0.75,20,1.1946151385086392,1.1197683452198075,1.271371269424376,0.092234497488405,0.09033414785741516,0.09424559941882844,False
t09_09_b07,31,50,0.25,20,-2.1239672669304337,-2.1750238260893098,-2.07410496410989,0.6433162806309918,0.6414158315882795,0.645214542143531,True
t09_09_b07,31,50,0.5,20,-3.44536021489085,-3.4894571275163933,-3.4063425346322567,0.39578329094953885,0.39350167815121667,0.3979345013402278,True
t09_09_b07,31,50,0.75,20,-1.550138826647744,-1.6072557273099901,-1.489658122980168,0.14650513084415576,0.1448440581126636,0.14820564640004844,True
t09_09_b07,31,100,0.25,20,-6.4717358569528916,-6.503407531349721,-6.438597009301134,0.6962444689149743,0.6950965375957198,0.6974387869459888,True
t09_09_b07,31,100,0.5,20,-2.162563297899511,-2.197015798582782,-2.1265677199218196,0.4477642076825418,0.44644541137752497,0.4490083138865927,True
t09_09_b07,31,100,0.75,20,-0.3529429246127213,-0.36704547771470947,-0.33899010881405717,0.19800021451352204,0.19651248967095883,0.19947180842602355,True
t09_09_b07,32,24,0.25,20,-0.006217409563789815,-0.007026422435252424,-0.005430363339784493,0.7491334801019279,0.7480243526390621,0.7503160925829143,True
t09_09_b07,32,24,0.5,20,-0.006422689745018159,-0.007360748309098656,-0.005492263351658431,0.4996525361839888,0.49708956826532574,0.5024309416489319,True
t09_09_b07,32,24,0.75,20,-0.005701822056300125,-0.006550428691493812,-0.0048784595969109485,0.2505688210608726,0.24835463084350393,0.2527630741495281,False
t09_09_b07,32,32,0.25,20,-0.7665747320721852,-0.8367999004033071,-0.6994396998151281,0.7494580984108611,0.7477261114099558,0.7511679545917512,True
t09_09_b07,32,32,0.5,20,-0.6812830409113146,-0.744848016973618,-0.6213885867484316,0.5013360857260697,0.5000346647906971,0.5026693409331643,True
t09_09_b07,32,32,0.75,20,-0.7051031115941438,-0.7773382820698129,-0.6324257172249065,0.2505850624940585,0.24897183179681587,0.2521126163556278,True
t09_09_b07,32,50,0.25,20,-5.442921937684588,-5.471263198653356,-5.415061861326782,0.7497704857198559,0.7480039355008876,0.7514463932778382,True
t09_09_b07,32,50,0.5,20,-5.397323618319011,-5.43705524133311,-5.362617247463658,0.498682199907076,0.4972510746146592,0.5001063733884181,True
t09_09_b07,32,50,0.75,20,-2.8910903579281477,-2.9499184176843847,-2.8286107673065946,0.249841710624376,0.24868730271576941,0.2509608261014514,True
t09_09_b07,32,100,0.25,20,-8.412067912942664,-8.421714640575932,-8.402797469249291,0.7500082891520258,0.7489435399775791,0.7511044976672646,True
t09_09_b07,32,100,0.5,20,-3.0350345745303153,-3.0715048027235468,-2.9922182325109135,0.5012120259742483,0.4999352655811568,0.5023372657409488,True
t09_09_b07,32,100,0.75,20,-0.6541863507601098,-0.6643064078927371,-0.6446907671215514,0.24987343482951543,0.2487805212587123,0.2509256700457812,True
t12_12_b03,1,24,0.25,20,0.0,0.0,0.0,0.0,0.0,0.0,False
t12_12_b03,1,24,0.5,20,0.0,0.0,0.0,0.0,0.0,0.0,False
t12_12_b03,1,24,0.75,20,0.0,0.0,0.0,0.0,0.0,0.0,False
t12_12_b03,1,32,0.25,20,0.009995439858244737,0.0,0.02998631957473421,0.0,0.0,0.0,False
t12_12_b03,1,32,0.5,20,0.0,0.0,0.0,0.0,0.0,0.0,False
t12_12_b03,1,32,0.75,20,0.0,0.0,0.0,0.0,0.0,0.0,False
t12_12_b03,1,50,0.25,20,0.0,0.0,0.0,0.0,0.0,0.0,False
t12_12_b03,1,50,0.5,20,0.0,0.0,0.0,0.0,0.0,0.0,False
t12_12_b03,1,50,0.75,20,0.0,0.0,0.0,0.0,0.0,0.0,False
t12_12_b03,1,100,0.25,20,-0.004386901329286363,-0.01366152992440433,0.004912355515634164,0.002943586233310154,0.0011306719865381179,0.005020319335554595,False
t12_12_b03,1,100,0.5,20,0.003380460464719004,-0.0018023756059172816,0.011696517236642006,8.104864021010322e-05,-0.0010010215163261654,0.0011985712865350674,False
t12_12_b03,1,100,0.75,20,0.0004046198871188622,-0.00010875621751388611,0.0011446952539698962,-0.00019273000446955597,-0.0007623526737826847,0.00022603588517406542,False
t12_12_b03,4,24,0.25,20,0.00017902439891370498,-1.6834650707582284e-05,0.00044003467572609694,0.0,0.0,0.0,False
t12_12_b03,4,24,0.5,20,0.0,0.0,0.0,0.0,0.0,0.0,False
t12_12_b03,4,24,0.75,20,0.0,0.0,0.0,0.0,0.0,0.0,False
t12_12_b03,4,32,0.25,20,0.03337815690551139,-0.01785653855420737,0.08454865837351447,0.0,0.0,0.0,False
t12_12_b03,4,32,0.5,20,0.0,0.0,0.0,0.0,0.0,0.0,False
t12_12_b03,4,32,0.75,20,0.0,0.0,0.0,0.0,0.0,0.0,False
t12_12_b03,4,50,0.25,20,3.2856530199110166e-05,1.639566608351628e-05,5.2009964558640265e-05,0.0,0.0,0.0,False
t12_12_b03,4,50,0.5,20,0.0,0.0,0.0,0.0,0.0,0.0,False
t12_12_b03,4,50,0.75,20,0.0,0.0,0.0,0.0,0.0,0.0,False
t12_12_b03,4,100,0.25,20,-0.0019440416040225727,-0.011889103518757153,0.0072786155231381955,0.002090937578394671,-0.00201964553937159,0.006065781052067872,False
t12_12_b03,4,100,0.5,20,0.0023621536073505033,-0.0043759674574436885,0.0106488456750536,-0.0020933956664744196,-0.004652346823294831,0.00040512731642522074,False
t12_12_b03,4,100,0.75,20,0.00099399220575922,-0.0017079370788073086,0.0048785210036714575,0.00030654741384729953,-0.0011723656836026908,0.00228780016594897,False
t12_12_b03,8,24,0.25,20,0.005070625579313555,0.003629671750621682,0.006582698040279216,0.0,0.0,0.0,False
t12_12_b03,8,24,0.5,20,1.4439295627310033e-05,-8.261544227560493e-05,0.00012593332915753502,0.0,0.0,0.0,False
t12_12_b03,8,24,0.75,20,0.0,0.0,0.0,0.0,0.0,0.0,False
t12_12_b03,8,32,0.25,20,0.1383662650242577,0.05733611967785905,0.209865368482253,0.0,0.0,0.0,False
t12_12_b03,8,32,0.5,20,-0.01018242002273106,-0.03349765146655917,0.0029503913983659922,0.0,0.0,0.0,False
t12_12_b03,8,32,0.75,20,0.0,0.0,0.0,0.0,0.0,0.0,False
t12_12_b03,8,50,0.25,20,0.03656222834098166,0.003944161934828207,0.06945676180697644,0.0,0.0,0.0,False
t12_12_b03,8,50,0.5,20,0.0,0.0,0.0,0.0,0.0,0.0,False
t12_12_b03,8,50,0.75,20,0.0,0.0,0.0,0.0,0.0,0.0,False
t12_12_b03,8,100,0.25,20,-0.030215286111127247,-0.038842056057329245,-0.020906303732094723,0.009159471118558565,0.005840615304851696,0.012472380208736674,True
t12_12_b03,8,100,0.5,20,0.0050245856475129354,-0.0013382024708432434,0.011535681305085685,-0.0008827474291061205,-0.003363336072550251,0.001575369420145401,False
t12_12_b03,8,100,0.75,20,0.0011758625057897375,-0.005687592024933409,0.007837724837643457,0.0005120594508926906,-0.001549576126638218,0.00266920781919633,False
t12_12_b03,16,24,0.25,20,1.5716315631920175,1.52339212453861,1.6218469782324205,0.0,0.0,0.0,False
t12_12_b03,16,24,0.5,20,0.01179449538796266,0.009908163791395766,0.013798135589161622,0.0,0.0,0.0,False
t12_12_b03,16,24,0.75,20,0.000142505946952425,0.0,0.00042751784085727496,0.0,0.0,0.0,False
t12_12_b03,16,32,0.25,20,2.9486971583253334,2.8747733304844236,3.019198063938108,0.0,0.0,0.0,False
t12_12_b03,16,32,0.5,20,0.1345617482054075,0.060092330463839605,0.20836017682204355,0.0,0.0,0.0,False
t12_12_b03,16,32,0.75,20,0.0,0.0,0.0,0.0,0.0,0.0,False
t12_12_b03,16,50,0.25,20,1.5906151787018217,1.5598471162764138,1.6248693964298035,0.006762574318864055,0.006036389191830713,0.007543435321197576,False
t12_12_b03,16,50,0.5,20,0.026973451892097877,-0.006259222642204159,0.05947707296056205,0.0,0.0,0.0,False
t12_12_b03,16,50,0.75,20,5.564988254613823e-06,0.0,1.3914561049244157e-05,0.0,0.0,0.0,False
t12_12_b03,16,100,0.25,20,-1.7406371672251275,-1.760538646774222,-1.719775181307596,0.1738051348629156,0.17066273366276896,0.17715995018241987,True
t12_12_b03,16,100,0.5,20,-0.02283119862069638,-0.03408853883222318,-0.01156704909220723,0.0035308481858247935,0.0013498364635611663,0.005684601682000594,False
t12_12_b03,16,100,0.75,20,-0.004873993957225764,-0.012995882712894116,0.002854227453546265,-0.0005401432636311584,-0.00340059494570052,0.002205134941195232,False
t12_12_b03,24,24,0.25,20,6.76789957343397,6.735384299910601,6.797195733804886,0.011258344229480107,0.00988794936585799,0.012654771542774916,False
t12_12_b03,24,24,0.5,20,2.474663395736924,2.4241446103348476,2.522747131648163,0.0,0.0,0.0,False
t12_12_b03,24,24,0.75,20,0.022941469787992337,0.020254434138743903,0.025705388400888495,0.0,0.0,0.0,False
t12_12_b03,24,32,0.25,20,6.323200031845763,6.254730435457353,6.390486077910173,0.11216879894524903,0.10905710181056173,0.11538078684555655,False
t12_12_b03,24,32,0.5,20,3.3919166929789633,3.320933433962563,3.4626589638277236,0.0005206472939064442,0.0003382143548257681,0.0007290258071695236,False
t12_12_b03,24,32,0.75,20,0.014895685133311593,-0.05999735048085292,0.0925063771096561,0.0,0.0,0.0,False
t12_12_b03,24,50,0.25,20,0.8428073042489768,0.8033825195919234,0.8792220371498891,0.3287823874039557,0.32660019502533116,0.33078381565647547,False
t12_12_b03,24,50,0.5,20,-0.19435476428803775,-0.22451048070955076,-0.16268425882334106,0.08850369544901936,0.08676502087279071,0.09021556527000996,True
t12_12_b03,24,50,0.75,20,0.025888617480694355,-0.012580520186014915,0.05818622622253835,0.0,0.0,0.0,False
t12_12_b03,24,100,0.25,20,-4.700798037827826,-4.732537864837457,-4.6686701808988635,0.3789775291630696,0.37581287493983956,0.3821070057491602,True
t12_12_b03,24,100,0.5,20,-0.985230948312321,-1.0056016462156958,-0.9660494388721607,0.13136430851603756,0.12961706235604561,0.13326125098441896,True
t12_12_b03,24,100,0.75,20,-0.01965161524923271,-0.031325079314386634,-0.008494548204961413,0.0006854229012635757,-0.0025311787029912705,0.0036723195723881523,False
t12_12_b03,31,24,0.25,20,3.0705957952888885,3.037052080166797,3.102772960883282,0.6381194448325992,0.635602966734803,0.6406144338729451,False
t12_12_b03,31,24,0.5,20,1.7907221863074099,1.774833403217005,1.8056724155762849,0.3895991197965404,0.3874868578186038,0.39190917332584096,False
t12_12_b03,31,24,0.75,20,1.244406984145964,1.2296205721443019,1.2583777791336364,0.14214744733178247,0.13976290850122608,0.1447416401716186,False
t12_12_b03,31,32,0.25,20,1.7100235538741657,1.6352861236609606,1.780427927425186,0.6673687576971904,0.6656033749985191,0.6691456453821368,False
t12_12_b03,31,32,0.5,20,0.7223459402476352,0.6560368114381465,0.7863790428299061,0.416698729861077,0.4144047327718496,0.41885454471924016,False
t12_12_b03,31,32,0.75,20,0.2838595284590163,0.21052826850458062,0.35730468943056226,0.16880853366507664,0.16693758273289755,0.17079655159666773,False
t12_12_b03,31,50,0.25,20,-3.7092818612657283,-3.739652492920036,-3.6803890242811983,0.6969674165250928,0.6958827801185207,0.698111344313249,True
t12_12_b03,31,50,0.5,20,-4.43790607787131,-4.47969784613857,-4.39837069693707,0.44781137424440576,0.44601673354737553,0.4496057223133106,True
t12_12_b03,31,50,0.75,20,-2.094836167374992,-2.15477895262874,-2.041871294627914,0.1986440240685026,0.1972328993002901,0.20000934074386942,True
t12_12_b03,31,100,0.25,20,-9.049161534000026,-9.060069219342548,-9.037899505560363,0.564310535319863,0.5614242638802397,0.5672539471486763,True
t12_12_b03,31,100,0.5,20,-4.007104717320746,-4.05079649128339,-3.962856567599335,0.31237091148382296,0.310764538962855,0.3139250611571374,True
t12_12_b03,31,100,0.75,20,-0.43075624664540635,-0.44772569315676725,-0.41385490544408887,0.06831591550294999,0.06498826060232317,0.07161241630376369,True
t12_12_b03,32,24,0.25,20,-0.006217409563789815,-0.007026422435252424,-0.005430363339784493,0.7491334801019279,0.7480243526390621,0.7503160925829143,True
t12_12_b03,32,24,0.5,20,-0.006422689745018159,-0.007360748309098656,-0.005492263351658431,0.4996525361839888,0.49708956826532574,0.5024309416489319,True
t12_12_b03,32,24,0.75,20,-0.005701822056300125,-0.006550428691493812,-0.0048784595969109485,0.2505688210608726,0.24835463084350393,0.2527630741495281,False
t12_12_b03,32,32,0.25,20,-0.7665747320721852,-0.8367999004033071,-0.6994396998151281,0.7494580984108611,0.7477261114099558,0.7511679545917512,True
t12_12_b03,32,32,0.5,20,-0.6812830409113146,-0.744848016973618,-0.6213885867484316,0.5013360857260697,0.5000346647906971,0.5026693409331643,True
t12_12_b03,32,32,0.75,20,-0.7051031115941438,-0.7773382820698129,-0.6324257172249065,0.2505850624940585,0.24897183179681587,0.2521126163556278,True
t12_12_b03,32,50,0.25,20,-5.442921937684588,-5.471263198653356,-5.415061861326782,0.7497704857198559,0.7480039355008876,0.7514463932778382,True
t12_12_b03,32,50,0.5,20,-5.397323618319011,-5.43705524133311,-5.362617247463658,0.498682199907076,0.4972510746146592,0.5001063733884181,True
t12_12_b03,32,50,0.75,20,-2.8910903579281477,-2.9499184176843847,-2.8286107673065946,0.249841710624376,0.24868730271576941,0.2509608261014514,True
t12_12_b03,32,100,0.25,20,-10.006028717466242,-10.012669640140162,-9.999536083734363,0.5908223290877875,0.588319690895432,0.5932367471533114,True
t12_12_b03,32,100,0.5,20,-4.6245223783664215,-4.660080930965247,-4.583447935268432,0.34038221340680536,0.338113414192049,0.34274352159966404,True
t12_12_b03,32,100,0.75,20,-0.570249754688984,-0.5865600696769147,-0.5541609167680279,0.0908256911581864,0.08771522546154269,0.09390328191718375,True
t12_12_b05,1,24,0.25,20,0.0,0.0,0.0,0.0,0.0,0.0,False
t12_12_b05,1,24,0.5,20,0.0,0.0,0.0,0.0,0.0,0.0,False
t12_12_b05,1,24,0.75,20,0.0,0.0,0.0,0.0,0.0,0.0,False
t12_12_b05,1,32,0.25,20,0.009995439858244737,0.0,0.02998631957473421,0.0,0.0,0.0,False
t12_12_b05,1,32,0.5,20,0.0,0.0,0.0,0.0,0.0,0.0,False
t12_12_b05,1,32,0.75,20,0.0,0.0,0.0,0.0,0.0,0.0,False
t12_12_b05,1,50,0.25,20,0.0,0.0,0.0,0.0,0.0,0.0,False
t12_12_b05,1,50,0.5,20,0.0,0.0,0.0,0.0,0.0,0.0,False
t12_12_b05,1,50,0.75,20,0.0,0.0,0.0,0.0,0.0,0.0,False
t12_12_b05,1,100,0.25,20,0.0005124083413837078,-0.008000932765112661,0.009245569621754216,-0.0007405056625196194,-0.002439759142196574,0.0009747701683397606,False
t12_12_b05,1,100,0.5,20,0.00037755810393518273,-0.0035159432188850304,0.005570601148788756,3.585578747582995e-05,-0.0011946080156800525,0.0013034253294271986,False
t12_12_b05,1,100,0.75,20,0.0007243769953936052,-0.0016381333282702748,0.004243493137253562,0.0005496253842355997,-1.2743117038995637e-07,0.0013005120808711646,False
t12_12_b05,4,24,0.25,20,0.00017902439891370498,-1.6834650707582284e-05,0.00044003467572609694,0.0,0.0,0.0,False
t12_12_b05,4,24,0.5,20,0.0,0.0,0.0,0.0,0.0,0.0,False
t12_12_b05,4,24,0.75,20,0.0,0.0,0.0,0.0,0.0,0.0,False
t12_12_b05,4,32,0.25,20,0.03337815690551139,-0.01785653855420737,0.08454865837351447,0.0,0.0,0.0,False
t12_12_b05,4,32,0.5,20,0.0,0.0,0.0,0.0,0.0,0.0,False
t12_12_b05,4,32,0.75,20,0.0,0.0,0.0,0.0,0.0,0.0,False
t12_12_b05,4,50,0.25,20,3.2856530199110166e-05,1.639566608351628e-05,5.2009964558640265e-05,0.0,0.0,0.0,False
t12_12_b05,4,50,0.5,20,0.0,0.0,0.0,0.0,0.0,0.0,False
t12_12_b05,4,50,0.75,20,0.0,0.0,0.0,0.0,0.0,0.0,False
t12_12_b05,4,100,0.25,20,-0.001234662772095696,-0.012637351801546367,0.01013826101988846,0.00014165637947457528,-0.0021515066160747386,0.0022110693594222337,False
t12_12_b05,4,100,0.5,20,-0.0026085863213554995,-0.014172481506869143,0.009356597119250258,0.0008910230848469504,-0.0008509715190210617,0.002759860862655795,False
t12_12_b05,4,100,0.75,20,0.004721289597225375,-0.002619377345797894,0.013039372435811953,-0.00023849728809841058,-0.0013616177672144709,0.0008899649477856678,False
t12_12_b05,8,24,0.25,20,0.005070625579313555,0.003629671750621682,0.006582698040279216,0.0,0.0,0.0,False
t12_12_b05,8,24,0.5,20,1.4439295627310033e-05,-8.261544227560493e-05,0.00012593332915753502,0.0,0.0,0.0,False
t12_12_b05,8,24,0.75,20,0.0,0.0,0.0,0.0,0.0,0.0,False
t12_12_b05,8,32,0.25,20,0.1383662650242577,0.05733611967785905,0.209865368482253,0.0,0.0,0.0,False
t12_12_b05,8,32,0.5,20,-0.01018242002273106,-0.03349765146655917,0.0029503913983659922,0.0,0.0,0.0,False
t12_12_b05,8,32,0.75,20,0.0,0.0,0.0,0.0,0.0,0.0,False
t12_12_b05,8,50,0.25,20,0.03656222834098166,0.003944161934828207,0.06945676180697644,0.0,0.0,0.0,False
t12_12_b05,8,50,0.5,20,0.0,0.0,0.0,0.0,0.0,0.0,False
t12_12_b05,8,50,0.75,20,0.0,0.0,0.0,0.0,0.0,0.0,False
t12_12_b05,8,100,0.25,20,-0.051563654150242486,-0.06153960163945472,-0.04122432709710841,0.014028621456740664,0.012341650924928832,0.01572355545740934,True
t12_12_b05,8,100,0.5,20,0.004740582496693069,-0.00816687233173379,0.016677520927977557,0.0005524521222945351,-0.0011482631592176953,0.002503639231521647,False
t12_12_b05,8,100,0.75,20,0.006680796430367941,-0.00015314358235113745,0.014880236374280494,0.0005320970817584193,-0.000589249186279631,0.0016888572808691227,False
t12_12_b05,16,24,0.25,20,1.5716315631920175,1.52339212453861,1.6218469782324205,0.0,0.0,0.0,False
t12_12_b05,16,24,0.5,20,0.01179449538796266,0.009908163791395766,0.013798135589161622,0.0,0.0,0.0,False
t12_12_b05,16,24,0.75,20,0.000142505946952425,0.0,0.00042751784085727496,0.0,0.0,0.0,False
t12_12_b05,16,32,0.25,20,2.9486971583253334,2.8747733304844236,3.019198063938108,0.0,0.0,0.0,False
t12_12_b05,16,32,0.5,20,0.1345617482054075,0.060092330463839605,0.20836017682204355,0.0,0.0,0.0,False
t12_12_b05,16,32,0.75,20,0.0,0.0,0.0,0.0,0.0,0.0,False
t12_12_b05,16,50,0.25,20,1.5809908016575176,1.5498983270954725,1.6105260594904172,0.000319155037929065,0.00016357811390623562,0.0005254418972763046,False
t12_12_b05,16,50,0.5,20,0.026973451892097877,-0.006259222642204159,0.05947707296056205,0.0,0.0,0.0,False
t12_12_b05,16,50,0.75,20,5.564988254613823e-06,0.0,1.3914561049244157e-05,0.0,0.0,0.0,False
t12_12_b05,16,100,0.25,20,-1.5190851454668086,-1.5383123966107424,-1.4999233603257818,0.2090427484293723,0.20673045835298667,0.21144087960844166,True
t12_12_b05,16,100,0.5,20,-0.06713332692579552,-0.07479616168825577,-0.05872884186268069,0.014913335492486196,0.01294162677209066,0.017042721749141402,True
t12_12_b05,16,100,0.75,20,-0.0012749518015064075,-0.01410259343260802,0.013998028389233563,0.0001264924039605547,-0.0013781032518939797,0.001662096416401532,False
t12_12_b05,24,24,0.25,20,6.766789689740473,6.724977790394261,6.808467950082749,0.0016965706302960852,0.001299257950087133,0.002127577571951433,False
t12_12_b05,24,24,0.5,20,2.474663395736924,2.4241446103348476,2.522747131648163,0.0,0.0,0.0,False
t12_12_b05,24,24,0.75,20,0.022941469787992337,0.020254434138743903,0.025705388400888495,0.0,0.0,0.0,False
t12_12_b05,24,32,0.25,20,6.71973500782845,6.642131249173464,6.795345573677125,0.04079728827941336,0.0389370584052894,0.04262122821774639,False
t12_12_b05,24,32,0.5,20,3.368939362197513,3.3109568068623565,3.42669904744298,4.2624444963565983e-05,4.275696938600992e-06,8.949040456557e-05,False
t12_12_b05,24,32,0.75,20,0.014895685133311593,-0.05999735048085292,0.0925063771096561,0.0,0.0,0.0,False
t12_12_b05,24,50,0.25,20,1.6077005722033164,1.5772316782180225,1.637612266163283,0.2409296200560659,0.23868940797458543,0.2431812723092367,False
t12_12_b05,24,50,0.5,20,0.18375151967141828,0.13543881741760025,0.2312533182551609,0.0357430895969143,0.03407736503884702,0.037462480835491224,False
t12_12_b05,24,50,0.75,20,0.025888617480694355,-0.012580520186014915,0.05818622622253835,0.0,0.0,0.0,False
t12_12_b05,24,100,0.25,20,-4.36186203650553,-4.3855655825158255,-4.33738447983924,0.46255550400027035,0.46092048521014006,0.46417046789117844,True
t12_12_b05,24,100,0.5,20,-1.12815414775764,-1.1521556675383233,-1.103092340181687,0.21738368450450607,0.2152689697186062,0.21957528719317582,True
t12_12_b05,24,100,0.75,20,-0.04424718786893136,-0.05558619089734162,-0.0329772082643019,0.015032735372403589,0.013564460770119868,0.016456563000286473,True
t12_12_b05,31,24,0.25,20,3.6913410388771775,3.6530579996232437,3.7306875532091537,0.6189744139215142,0.6165407094618109,0.6214085887262151,False
t12_12_b05,31,24,0.5,20,2.21952625273318,2.20226376982622,2.2358545667062537,0.3644552178225009,0.3618616733516197,0.36710525370599384,False
t12_12_b05,31,24,0.75,20,1.486640290999004,1.467619493683089,1.5039658916175016,0.12441006585991261,0.12295123062993454,0.125772071179176,False
t12_12_b05,31,32,0.25,20,2.239765055079695,2.157965507709377,2.31713494217244,0.6507161305098028,0.6486354569115782,0.6525413058300159,False
t12_12_b05,31,32,0.5,20,1.0775509983489524,1.0069217809775852,1.144827137753588,0.4005908830997161,0.3988996754102431,0.40233185404253247,False
t12_12_b05,31,32,0.75,20,0.5281882248993756,0.455031949811295,0.6009822077420809,0.15357767003262884,0.151380114164972,0.15582261803067166,False
t12_12_b05,31,50,0.25,20,-3.2954219425892552,-3.327371336364383,-3.26445504391025,0.6856184331126612,0.6838815626557647,0.6873519620303822,True
t12_12_b05,31,50,0.5,20,-4.18921026407479,-4.234648763763244,-4.1464796270880075,0.43617820492149645,0.43485691326501963,0.43757317375849875,True
t12_12_b05,31,50,0.75,20,-1.9302102624580901,-1.9816599777976922,-1.8802719839824107,0.18669800449648494,0.1854431840136016,0.18798844327587771,True
t12_12_b05,31,100,0.25,20,-9.17160666428024,-9.191856302682517,-9.151101231250072,0.6886673003873212,0.686910381704621,0.6903112618376515,True
t12_12_b05,31,100,0.5,20,-4.3433792516320295,-4.3704315090323025,-4.3135020299479665,0.43939557176787475,0.4373113486125634,0.44204410287190576,True
t12_12_b05,31,100,0.75,20,-0.8340087033542863,-0.846320813266812,-0.8208909066980472,0.1887814720341922,0.18718985726285467,0.19023256090742013,True
t12_12_b05,32,24,0.25,20,-0.006217409563789815,-0.007026422435252424,-0.005430363339784493,0.7491334801019279,0.7480243526390621,0.7503160925829143,True
t12_12_b05,32,24,0.5,20,-0.006422689745018159,-0.007360748309098656,-0.005492263351658431,0.4996525361839888,0.49708956826532574,0.5024309416489319,True
t12_12_b05,32,24,0.75,20,-0.005701822056300125,-0.006550428691493812,-0.0048784595969109485,0.2505688210608726,0.24835463084350393,0.2527630741495281,False
t12_12_b05,32,32,0.25,20,-0.7665747320721852,-0.8367999004033071,-0.6994396998151281,0.7494580984108611,0.7477261114099558,0.7511679545917512,True
t12_12_b05,32,32,0.5,20,-0.6812830409113146,-0.744848016973618,-0.6213885867484316,0.5013360857260697,0.5000346647906971,0.5026693409331643,True
t12_12_b05,32,32,0.75,20,-0.7051031115941438,-0.7773382820698129,-0.6324257172249065,0.2505850624940585,0.24897183179681587,0.2521126163556278,True
t12_12_b05,32,50,0.25,20,-5.442921937684588,-5.471263198653356,-5.415061861326782,0.7497704857198559,0.7480039355008876,0.7514463932778382,True
t12_12_b05,32,50,0.5,20,-5.397323618319011,-5.43705524133311,-5.362617247463658,0.498682199907076,0.4972510746146592,0.5001063733884181,True
t12_12_b05,32,50,0.75,20,-2.8910903579281477,-2.9499184176843847,-2.8286107673065946,0.249841710624376,0.24868730271576941,0.2509608261014514,True
t12_12_b05,32,100,0.25,20,-10.363526974900704,-10.374767081423574,-10.353637851127965,0.7203564227261207,0.718196758678217,0.722562035007527,True
t12_12_b05,32,100,0.5,20,-4.986496970128572,-5.02202948504111,-4.944866716794283,0.4715479016661798,0.4692387108312733,0.4738849968932782,True
t12_12_b05,32,100,0.75,20,-1.0112524639151772,-1.030263686351325,-0.9901253012390081,0.219371827453187,0.21762810927395085,0.2210287129745447,True
t12_12_b07,1,24,0.25,20,0.0,0.0,0.0,0.0,0.0,0.0,False
t12_12_b07,1,24,0.5,20,0.0,0.0,0.0,0.0,0.0,0.0,False
t12_12_b07,1,24,0.75,20,0.0,0.0,0.0,0.0,0.0,0.0,False
t12_12_b07,1,32,0.25,20,0.009995439858244737,0.0,0.02998631957473421,0.0,0.0,0.0,False
t12_12_b07,1,32,0.5,20,0.0,0.0,0.0,0.0,0.0,0.0,False
t12_12_b07,1,32,0.75,20,0.0,0.0,0.0,0.0,0.0,0.0,False
t12_12_b07,1,50,0.25,20,0.0,0.0,0.0,0.0,0.0,0.0,False
t12_12_b07,1,50,0.5,20,0.0,0.0,0.0,0.0,0.0,0.0,False
t12_12_b07,1,50,0.75,20,0.0,0.0,0.0,0.0,0.0,0.0,False
t12_12_b07,1,100,0.25,20,0.00013699267093736367,0.0,0.000410978012812091,0.0,0.0,0.0,False
t12_12_b07,1,100,0.5,20,0.0,0.0,0.0,0.0,0.0,0.0,False
t12_12_b07,1,100,0.75,20,0.0,0.0,0.0,0.0,0.0,0.0,False
t12_12_b07,4,24,0.25,20,0.00017902439891370498,-1.6834650707582284e-05,0.00044003467572609694,0.0,0.0,0.0,False
t12_12_b07,4,24,0.5,20,0.0,0.0,0.0,0.0,0.0,0.0,False
t12_12_b07,4,24,0.75,20,0.0,0.0,0.0,0.0,0.0,0.0,False
t12_12_b07,4,32,0.25,20,0.03337815690551139,-0.01785653855420737,0.08454865837351447,0.0,0.0,0.0,False
t12_12_b07,4,32,0.5,20,0.0,0.0,0.0,0.0,0.0,0.0,False
t12_12_b07,4,32,0.75,20,0.0,0.0,0.0,0.0,0.0,0.0,False
t12_12_b07,4,50,0.25,20,3.2856530199110166e-05,1.639566608351628e-05,5.2009964558640265e-05,0.0,0.0,0.0,False
t12_12_b07,4,50,0.5,20,0.0,0.0,0.0,0.0,0.0,0.0,False
t12_12_b07,4,50,0.75,20,0.0,0.0,0.0,0.0,0.0,0.0,False
t12_12_b07,4,100,0.25,20,0.0023505464763391437,-0.005904710715595615,0.011412634002687742,-5.1782173247357864e-09,-4.2390165933251974e-05,3.82555448740275e-05,False
t12_12_b07,4,100,0.5,20,0.0,0.0,0.0,0.0,0.0,0.0,False
t12_12_b07,4,100,0.75,20,0.0,0.0,0.0,0.0,0.0,0.0,False
t12_12_b07,8,24,0.25,20,0.005070625579313555,0.003629671750621682,0.006582698040279216,0.0,0.0,0.0,False
t12_12_b07,8,24,0.5,20,1.4439295627310033e-05,-8.261544227560493e-05,0.00012593332915753502,0.0,0.0,0.0,False
t12_12_b07,8,24,0.75,20,0.0,0.0,0.0,0.0,0.0,0.0,False
t12_12_b07,8,32,0.25,20,0.1383662650242577,0.05733611967785905,0.209865368482253,0.0,0.0,0.0,False
t12_12_b07,8,32,0.5,20,-0.01018242002273106,-0.03349765146655917,0.0029503913983659922,0.0,0.0,0.0,False
t12_12_b07,8,32,0.75,20,0.0,0.0,0.0,0.0,0.0,0.0,False
t12_12_b07,8,50,0.25,20,0.03656222834098166,0.003944161934828207,0.06945676180697644,0.0,0.0,0.0,False
t12_12_b07,8,50,0.5,20,0.0,0.0,0.0,0.0,0.0,0.0,False
t12_12_b07,8,50,0.75,20,0.0,0.0,0.0,0.0,0.0,0.0,False
t12_12_b07,8,100,0.25,20,0.0009780555226649667,-0.011175033717752103,0.01384819578323021,8.45484893234527e-05,9.421175956292773e-06,0.00016635525569229435,False
t12_12_b07,8,100,0.5,20,0.002236486146098571,-0.003273076674518573,0.007669142902248906,-2.6811482940843273e-06,-8.166154013664699e-06,1.2270913141171634e-07,False
t12_12_b07,8,100,0.75,20,0.0,0.0,0.0,0.0,0.0,0.0,False
t12_12_b07,16,24,0.25,20,1.5716315631920175,1.52339212453861,1.6218469782324205,0.0,0.0,0.0,False
t12_12_b07,16,24,0.5,20,0.01179449538796266,0.009908163791395766,0.013798135589161622,0.0,0.0,0.0,False
t12_12_b07,16,24,0.75,20,0.000142505946952425,0.0,0.00042751784085727496,0.0,0.0,0.0,False
t12_12_b07,16,32,0.25,20,2.9486971583253334,2.8747733304844236,3.019198063938108,0.0,0.0,0.0,False
t12_12_b07,16,32,0.5,20,0.1345617482054075,0.060092330463839605,0.20836017682204355,0.0,0.0,0.0,False
t12_12_b07,16,32,0.75,20,0.0,0.0,0.0,0.0,0.0,0.0,False
t12_12_b07,16,50,0.25,20,1.542427860921522,1.5121641187138093,1.5711943441405862,0.0,0.0,0.0,False
t12_12_b07,16,50,0.5,20,0.026973451892097877,-0.006259222642204159,0.05947707296056205,0.0,0.0,0.0,False
t12_12_b07,16,50,0.75,20,5.564988254613823e-06,0.0,1.3914561049244157e-05,0.0,0.0,0.0,False
t12_12_b07,16,100,0.25,20,-0.7293334827072283,-0.7482344060357059,-0.7112319264835264,0.06689000808189215,0.0648743154320532,0.06919926103303473,True
t12_12_b07,16,100,0.5,20,0.0032445918824373977,-0.008945650199777036,0.014903546184435852,0.0007149663360475808,0.0005803709113229606,0.0008556692876151086,False
t12_12_b07,16,100,0.75,20,0.0035207826248188747,-0.0017137130516187678,0.010990112937099908,-2.784502806447131e-06,-2.06526228831e-05,1.229911446375861e-05,False
t12_12_b07,24,24,0.25,20,6.711561072095139,6.6773679746498855,6.743329375986801,0.000142869155059925,2.304147465437e-05,0.00028703319893102347,False
t12_12_b07,24,24,0.5,20,2.474663395736924,2.4241446103348476,2.522747131648163,0.0,0.0,0.0,False
t12_12_b07,24,24,0.75,20,0.022941469787992337,0.020254434138743903,0.025705388400888495,0.0,0.0,0.0,False
t12_12_b07,24,32,0.25,20,6.845086993393069,6.771708090119231,6.912813307842593,0.003989748126062725,0.0033259269251914828,0.0047543788701770225,False
t12_12_b07,24,32,0.5,20,3.3509092209740694,3.259518117227466,3.4371021616667656,0.0,0.0,0.0,False
t12_12_b07,24,32,0.75,20,0.014895685133311593,-0.05999735048085292,0.0925063771096561,0.0,0.0,0.0,False
t12_12_b07,24,50,0.25,20,2.5994561268189145,2.556072262043701,2.6420918385103302,0.0858835525223289,0.08372776731664058,0.08835520307207656,False
t12_12_b07,24,50,0.5,20,0.40168348125348957,0.3523680561526845,0.44940113530063186,0.0033187987996285495,0.0028680978565386534,0.0038079662766940625,False
t12_12_b07,24,50,0.75,20,0.026672818961518276,-0.011577263083293949,0.05979345546404231,0.0,0.0,0.0,False
t12_12_b07,24,100,0.25,20,-3.124352549183187,-3.1484487522077456,-3.1005407343591314,0.3867334455720412,0.3848308022954374,0.3885557770409268,True
t12_12_b07,24,100,0.5,20,-0.6550722571608045,-0.6742472486324413,-0.6351659379536454,0.14539751115296987,0.14369432011593966,0.1472607524038616,True
t12_12_b07,24,100,0.75,20,-0.0044877038225254575,-0.014506128027602398,0.0055047701555283185,0.002986444454708245,0.0025889183092759863,0.0034346240864339466,False
t12_12_b07,31,24,0.25,20,4.808088924861778,4.759883654464269,4.85493234743108,0.5620246294703166,0.5585563260772315,0.5654984066732822,False
t12_12_b07,31,24,0.5,20,3.040107521424239,3.0097202708967976,3.0696263010220903,0.31520266559522164,0.3118711371421754,0.31885570322290524,False
t12_12_b07,31,24,0.75,20,1.9010024532719707,1.8882576017115351,1.9141845103174333,0.09190979832183559,0.0895064578587631,0.09419086578892491,False
t12_12_b07,31,32,0.25,20,3.350655843614349,3.277153768872217,3.424035565514455,0.6075443999734392,0.604528393923929,0.6103485062741725,False
t12_12_b07,31,32,0.5,20,1.790135957083977,1.7237365380582061,1.8524609018019522,0.3589051917911363,0.3558107751886792,0.36189967884426294,False
t12_12_b07,31,32,0.75,20,0.931735703606156,0.8647426105655727,0.9998440795884098,0.12069525503590509,0.11868146639030694,0.12271809894915194,False
t12_12_b07,31,50,0.25,20,-2.457960394547066,-2.508670157703446,-2.406571667244408,0.659991885933283,0.6578746268284881,0.662105780312347,True
t12_12_b07,31,50,0.5,20,-3.6457902599659917,-3.700833386722223,-3.5954830449446287,0.40748150420283713,0.40565212728839256,0.4092705286250805,True
t12_12_b07,31,50,0.75,20,-1.6670036658153413,-1.7152379168406646,-1.6146713497624177,0.16098956843053344,0.15900050155311524,0.16283095993900143,True
t12_12_b07,31,100,0.25,20,-8.603023141170366,-8.629482838797884,-8.581372419303092,0.7042139881698717,0.7031963085901831,0.7052288847396216,True
t12_12_b07,31,100,0.5,20,-4.144580501951931,-4.196795361614587,-4.093782514584246,0.45504723235548517,0.45373818923055836,0.45649612208504525,True
t12_12_b07,31,100,0.75,20,-0.7838718410657586,-0.8006609283318096,-0.7670102564781687,0.2048208966741162,0.2034660561729966,0.20615103618230268,True
t12_12_b07,32,24,0.25,20,-0.006217409563789815,-0.007026422435252424,-0.005430363339784493,0.7491334801019279,0.7480243526390621,0.7503160925829143,True
t12_12_b07,32,24,0.5,20,-0.006422689745018159,-0.007360748309098656,-0.005492263351658431,0.4996525361839888,0.49708956826532574,0.5024309416489319,True
t12_12_b07,32,24,0.75,20,-0.005701822056300125,-0.006550428691493812,-0.0048784595969109485,0.2505688210608726,0.24835463084350393,0.2527630741495281,False
t12_12_b07,32,32,0.25,20,-0.7665747320721852,-0.8367999004033071,-0.6994396998151281,0.7494580984108611,0.7477261114099558,0.7511679545917512,True
t12_12_b07,32,32,0.5,20,-0.6812830409113146,-0.744848016973618,-0.6213885867484316,0.5013360857260697,0.5000346647906971,0.5026693409331643,True
t12_12_b07,32,32,0.75,20,-0.7051031115941438,-0.7773382820698129,-0.6324257172249065,0.2505850624940585,0.24897183179681587,0.2521126163556278,True
t12_12_b07,32,50,0.25,20,-5.442921937684588,-5.471263198653356,-5.415061861326782,0.7497704857198559,0.7480039355008876,0.7514463932778382,True
t12_12_b07,32,50,0.5,20,-5.397323618319011,-5.43705524133311,-5.362617247463658,0.498682199907076,0.4972510746146592,0.5001063733884181,True
t12_12_b07,32,50,0.75,20,-2.8910903579281477,-2.9499184176843847,-2.8286107673065946,0.249841710624376,0.24868730271576941,0.2509608261014514,True
t12_12_b07,32,100,0.25,20,-10.324850700571846,-10.33770734391259,-10.313316180789387,0.7499877932075133,0.7489143995387215,0.7510855383745907,True
t12_12_b07,32,100,0.5,20,-4.942555930277856,-4.977776118825777,-4.903000002834368,0.501181989488882,0.4999052847827919,0.5023120894294537,True
t12_12_b07,32,100,0.75,20,-1.009354437312983,-1.023565304613134,-0.9948680871443967,0.24966420600183942,0.24869654678579362,0.2507402423274734,True
