background_id,source_scenario_ids,scenario_type,rho,class1_share,slots_per_day,horizon_class1,horizon_class2,cancel_class1,cancel_class2,target_loss_share,balk_probability,noshow_probability,n_paired_seeds,mean_balk_loss_share,mean_noshow_loss_share,balk_target_error,noshow_target_error,loss_match_gap,loss_match_valid,delta_utilization_balk_minus_noshow,delta_utilization_balk_minus_noshow_ci_low,delta_utilization_balk_minus_noshow_ci_high,utilization_component,delta_class1_served_balk_vs_baseline,delta_class1_served_balk_vs_baseline_ci_low,delta_class1_served_balk_vs_baseline_ci_high,balk_served_component,delta_class1_served_noshow_vs_baseline,delta_class1_served_noshow_vs_baseline_ci_low,delta_class1_served_noshow_vs_baseline_ci_high,noshow_served_component,delta_utilization_balk_vs_baseline,delta_utilization_balk_vs_baseline_ci_low,delta_utilization_balk_vs_baseline_ci_high,delta_utilization_noshow_vs_baseline,delta_utilization_noshow_vs_baseline_ci_low,delta_utilization_noshow_vs_baseline_ci_high,failure_component,classification
H2B0001,A001,anchor,0.8,0.1,16,14,14,0.1,0.1,0.05,0.05,0.044487757642102,20,0.04588132494049268,0.0467237761493554,0.004118675059507325,0.003276223850644605,0.0008424512088627198,True,0.0025000000000000022,-0.0026263145329770204,0.007626314532977025,inconclusive,-0.04588132494049273,-0.05118221289748384,-0.040580436983501625,supported,-0.04672377614935543,-0.05093249381338995,-0.04251505848532092,supported,-0.0012671232876712401,-0.006312888476514792,0.0037786419011723114,-0.0037671232876712426,-0.004104130513567334,-0.003430116061775151,utilization,inconclusive
H2B0001,A001,anchor,0.8,0.1,16,14,14,0.1,0.1,0.1,0.1049010418428988,0.1,20,0.11450194228858061,0.10450709507479379,0.014501942288580608,0.004507095074793785,0.009994847213786823,True,0.005839041095890401,-0.0004434390248638431,0.012121521216644646,inconclusive,-0.11450194228858068,-0.12049605938657698,-0.10850782519058438,supported,-0.10450709507479383,-0.10932611097694502,-0.09968807917264265,supported,-0.0025684931506849418,-0.008838322164280632,0.003701335862910748,-0.008407534246575343,-0.0087582061102943,-0.008056862382856385,utilization,inconclusive
H2B0001,A001,anchor,0.8,0.1,16,14,14,0.1,0.1,0.2,0.215556197694455,0.2078881089434769,20,0.22120541148164966,0.21545138481545528,0.021205411481649644,0.015451384815455271,0.005754026666194373,False,0.0006335616438356173,-0.0074215749366563525,0.008688698224327588,inconclusive,-0.22120541148164974,-0.23041456566686327,-0.2119962572964362,supported,-0.21545138481545534,-0.2236722795250522,-0.20723049010585848,supported,-0.016695205479452045,-0.02463629340461019,-0.008754117554293901,-0.017328767123287663,-0.017942735431774135,-0.01671479881480119,loss_matching_failed,inconclusive
H2B0002,A002,anchor,0.8,0.3,32,14,14,0.1,0.1,0.05,0.0467279053935499,0.05,20,0.04760707344547657,0.04970345611049319,0.0023929265545234307,0.00029654388950681176,0.002096382665016619,True,0.0038184931506849208,0.00024504626849420523,0.007391940032875636,inconclusive,-0.047607073445476586,-0.04960172233000225,-0.04561242456095092,supported,-0.04970345611049322,-0.05112783269564277,-0.04827907952534367,supported,-0.008112157534246572,-0.011600147314084064,-0.0046241677544090806,-0.011930650684931493,-0.012285794309597609,-0.011575507060265377,utilization,inconclusive
H2B0002,A002,anchor,0.8,0.3,32,14,14,0.1,0.1,0.1,0.1,0.1,20,0.10007868309726711,0.09989926214357803,7.86830972671071e-05,0.00010073785642197852,0.00017942095368908562,True,-0.0015154109589041232,-0.004924725212722041,0.001893903294913794,inconclusive,-0.10007868309726713,-0.10241374325900657,-0.09774362293552769,supported,-0.09989926214357805,-0.10312330342740872,-0.09667522085974739,supported,-0.025496575342465765,-0.02872714183082549,-0.02226600885410604,-0.023981164383561644,-0.02479177468638339,-0.023170554080739897,utilization,inconclusive
H2B0002,A002,anchor,0.8,0.3,32,14,14,0.1,0.1,0.2,0.2,0.2,20,0.20002738348190147,0.1982594074200224,2.738348190145512e-05,0.0017405925799776067,0.0017679760618790619,True,0.0002054794520547909,-0.004314720729580821,0.004725679633690403,inconclusive,-0.20002738348190147,-0.20352734732757133,-0.1965274196362316,supported,-0.19825940742002243,-0.20260898093261248,-0.19390983390743238,supported,-0.047384417808219184,-0.052024635926220426,-0.04274419969021794,-0.047589897260273975,-0.048707266495170105,-0.046472528025377845,utilization,inconclusive
H2B0003,A003,anchor,0.8,0.5,64,14,14,0.1,0.1,0.05,0.05,0.05,20,0.05097154434378247,0.049728581065751495,0.0009715443437824656,0.0002714189342485074,0.001242963278030973,True,0.003283390410958903,0.0006805694147040287,0.005886211407213777,inconclusive,-0.05097154434378248,-0.051907891562536196,-0.05003519712502877,supported,-0.04972858106575151,-0.05097401297501287,-0.04848314915649015,supported,-0.016605308219178085,-0.01920199231418631,-0.01400862412416986,-0.019888698630136988,-0.02039689371947932,-0.019380503540794656,utilization,inconclusive
H2B0003,A003,anchor,0.8,0.5,64,14,14,0.1,0.1,0.1,0.1,0.1,20,0.10109083386958125,0.09952175021602919,0.0010908338695812397,0.00047824978397081885,0.0015690836535520586,True,-0.00030821917808218635,-0.004065690748085011,0.003449252391920638,inconclusive,-0.10109083386958129,-0.10257073313353052,-0.09961093460563206,supported,-0.09952175021602923,-0.1008868930038867,-0.09815660742817175,supported,-0.04011130136986301,-0.043986115789943436,-0.036236486949782584,-0.039803082191780824,-0.0403863106475804,-0.03921985373598125,utilization,inconclusive
H2B0003,A003,anchor,0.8,0.5,64,14,14,0.1,0.1,0.2,0.2,0.1974367131818268,20,0.20023181997092712,0.1963131024407355,0.0002318199709271107,0.003686897559264518,0.003918717530191629,True,-0.0007170376712328618,-0.003695738322667989,0.002261662980202266,inconclusive,-0.20023181997092715,-0.2020523878320288,-0.1984112521098255,supported,-0.1963131024407355,-0.19844041553569838,-0.1941857893457726,supported,-0.07922945205479451,-0.08240827745024615,-0.07605062665934287,-0.07851241438356164,-0.07942298270847349,-0.0776018460586498,utilization,inconclusive
H2B0004,A004,anchor,1.25,0.7,16,14,14,0.1,0.1,0.05,0.05,0.0629913430286933,20,0.049827507176574845,0.050227107573422115,0.0001724928234251577,0.00022710757342211257,0.0003996003968472703,True,0.04384417808219176,0.04246112928754981,0.045227226876833705,supported,-0.009891479019788253,-0.015237560026825098,-0.004545398012751406,supported,-0.05022710757342217,-0.05177511896290807,-0.048679096183936274,supported,0.0,0.0,0.0,-0.04384417808219176,-0.045227226876833705,-0.04246112928754981,,supported
H2B0004,A004,anchor,1.25,0.7,16,14,14,0.1,0.1,0.1,0.1,0.1223176312453394,20,0.10027277441734181,0.09757456516166386,0.0002727744173418034,0.0024254348383361407,0.002698209255677944,True,0.08538527397260275,0.08356499015906843,0.08720555778613706,supported,-0.025347339421250437,-0.03440118009416116,-0.016293498748339713,supported,-0.09757456516166393,-0.0996780841430645,-0.09547104618026336,supported,0.0,0.0,0.0,-0.08538527397260275,-0.08720555778613706,-0.08356499015906843,,supported
H2B0004,A004,anchor,1.25,0.7,16,14,14,0.1,0.1,0.2,0.2,0.2519653721147732,20,0.20040477529626516,0.20147105258270165,0.0004047752962651474,0.0014710525827016374,0.00106627728643649,True,0.17587328767123284,0.1730643846454817,0.17868219069698396,supported,-0.056287796008114156,-0.06068762270412367,-0.05188796931210464,supported,-0.2014710525827017,-0.20457863552383423,-0.19836346964156917,supported,-0.000513698630136994,-0.0009280811531080701,-9.93161071659178e-05,-0.17638698630136987,-0.17905606640853214,-0.1737179061942076,,supported
H2B0005,A005,anchor,1.25,0.9,32,14,14,0.1,0.1,0.05,0.05,0.0623640876670875,20,0.049850100486635705,0.049642699268501664,0.00014989951336429747,0.00035730073149833896,0.0002074012181340415,True,0.05582191780821919,0.054889330571941924,0.05675450504449646,supported,-0.00192819249207673,-0.006826326472647274,0.002969941488493814,inconclusive,-0.04964269926850171,-0.05049167541153147,-0.048793723125471956,supported,0.0,0.0,0.0,-0.05582191780821919,-0.05675450504449646,-0.054889330571941924,balk_served,inconclusive
H2B0005,A005,anchor,1.25,0.9,32,14,14,0.1,0.1,0.1,0.1,0.1247281753341751,20,0.09956195847786745,0.09951228300580198,0.00043804152213255954,0.0004877169941980286,4.967547206546907e-05,True,0.1118236301369863,0.11044272150039391,0.1132045387735787,supported,-0.00870935013534615,-0.013163086801569527,-0.004255613469122773,supported,-0.09951228300580205,-0.10080967955953712,-0.09821488645206697,supported,0.0,0.0,0.0,-0.1118236301369863,-0.1132045387735787,-0.11044272150039391,,supported
H2B0005,A005,anchor,1.25,0.9,32,14,14,0.1,0.1,0.2,0.2,0.2494563506683502,20,0.19931630686992605,0.19857579040692513,0.0006836931300739646,0.0014242095930748766,0.000740516463000912,True,0.22137842465753424,0.21950325969292322,0.22325358962214525,supported,-0.02178023843974919,-0.026228989029235966,-0.017331487850262412,supported,-0.1985757904069252,-0.2002288369421831,-0.19692274387166728,supported,-0.001977739726027389,-0.0029812865133850668,-0.0009741929386697108,-0.22335616438356168,-0.22523369377164654,-0.22147863499547682,,supported
H2B0006,A006;X060,anchor,1.25,0.1,64,14,14,0.1,0.1,0.05,0.05,0.0661865196493412,20,0.048730754304198154,0.05127723361722508,0.0012692456958018489,0.0012772336172250792,0.002546479313026928,True,0.006429794520547927,0.006092436428106092,0.006767152612989762,supported,-0.03533053346396046,-0.04027559562999119,-0.030385471297929727,supported,-0.05127723361722514,-0.05372338538850397,-0.048831081845946304,supported,0.0,0.0,0.0,-0.006429794520547927,-0.006767152612989762,-0.006092436428106092,,supported
H2B0006,A006;X060,anchor,1.25,0.1,64,14,14,0.1,0.1,0.1,0.0958201770826168,0.1330453250622813,20,0.09571322549116693,0.10522897690328518,0.00428677450883308,0.005228976903285179,0.009515751412118259,True,0.013206335616438336,0.012772014450717312,0.013640656782159359,supported,-0.0700957864465946,-0.07535164959116498,-0.06483992330202422,supported,-0.10522897690328523,-0.10813563678293768,-0.10232231702363277,supported,0.0,0.0,0.0,-0.013206335616438336,-0.013640656782159359,-0.012772014450717312,,supported
H2B0006,A006;X060,anchor,1.25,0.1,64,14,14,0.1,0.1,0.2,0.2,0.2607737874445908,20,0.1994589951281081,0.20910250507996833,0.0005410048718919036,0.00910250507996832,0.009643509951860224,True,0.026245719178082206,0.02566487542699887,0.02682656292916554,supported,-0.143746943705987,-0.1502292165420255,-0.1372646708699485,supported,-0.20910250507996836,-0.21249706000177854,-0.20570795015815818,supported,0.0,0.0,0.0,-0.026245719178082206,-0.02682656292916554,-0.02566487542699887,,supported
H2B0007,A007,anchor,2.0,0.3,16,14,14,0.1,0.1,0.05,0.0463968791536449,0.0951075690952384,20,0.046909743695477554,0.051469763430962726,0.0030902563045224485,0.0014697634309627228,0.004560019735485171,True,0.0277568493150685,0.02552186506788671,0.029991833562250287,supported,-0.021495068283950737,-0.028580925962198727,-0.014409210605702747,supported,-0.05146976343096277,-0.05271175369615491,-0.05022777316577062,supported,-0.00318493150684932,-0.005631538094163565,-0.0007383249195350751,-0.03094178082191782,-0.031728317264619325,-0.030155244379216316,,supported
H2B0007,A007,anchor,2.0,0.3,16,14,14,0.1,0.1,0.1,0.0985571094451541,0.2003137420084142,20,0.09885384518055443,0.10700344311914822,0.0011461548194455773,0.007003443119148217,0.008149597938593794,True,0.05831335616438358,0.05575595843458184,0.06087075389418532,supported,-0.04263123115673875,-0.04849205929818268,-0.03677040301529483,supported,-0.10700344311914826,-0.1094596158467043,-0.10454727039159223,supported,-0.005950342465753417,-0.007993815816255249,-0.003906869115251585,-0.064263698630137,-0.06583434152651484,-0.06269305573375918,,supported
H2B0007,A007,anchor,2.0,0.3,16,14,14,0.1,0.1,0.2,0.1942247668861194,0.3894568766654362,20,0.19124894993019995,0.20631445001925536,0.008751050069800065,0.0063144500192553465,0.015065500089055411,False,0.11309931506849316,0.11042686840898534,0.11577176172800098,supported,-0.08558839025358206,-0.09182682120137868,-0.07934995930578544,supported,-0.20631445001925539,-0.20974922146642513,-0.20287967857208564,supported,-0.010736301369863015,-0.013593785864410237,-0.007878816875315794,-0.1238356164383562,-0.12620461869183483,-0.12146661418487757,loss_matching_failed,inconclusive
H2B0008,A008;X099,anchor,2.0,0.5,32,14,14,0.1,0.1,0.05,0.05,0.0942575454129674,20,0.04956045555468575,0.05015901268314836,0.0004395444453142508,0.00015901268314835737,0.0005985571284626082,True,0.0468364726027397,0.04502725385946291,0.0486456913460165,supported,-0.02220806017588662,-0.024389095306455413,-0.020027025045317826,supported,-0.05015901268314845,-0.05099457574374332,-0.04932344962255358,supported,-0.003394691780821918,-0.005251796714728191,-0.0015375868469156451,-0.05023116438356162,-0.05099576762526698,-0.04946656114185626,,supported
H2B0008,A008;X099,anchor,2.0,0.5,32,14,14,0.1,0.1,0.1,0.1,0.1885150908259348,20,0.09985158044565587,0.09989027047104657,0.0001484195543441369,0.00010972952895343946,3.8690025390697436e-05,True,0.0909803082191781,0.08948497145140466,0.09247564498695154,supported,-0.04212817352526459,-0.04509427932151257,-0.039162067729016606,supported,-0.09989027047104666,-0.10103702213516352,-0.0987435188069298,supported,-0.009058219178082144,-0.010480054221766868,-0.007636384134397419,-0.10003852739726027,-0.10124311042638609,-0.09883394436813445,,supported
H2B0008,A008;X099,anchor,2.0,0.5,32,14,14,0.1,0.1,0.2,0.2,0.3770301816518697,20,0.19857148317649326,0.20076564520169357,0.0014285168235067536,0.00076564520169356,0.0021941620252003136,True,0.18419520547945203,0.18210884798654245,0.18628156297236162,supported,-0.08091898497225081,-0.08375929440698983,-0.07807867553751179,supported,-0.20076564520169363,-0.2019824578093625,-0.19954883259402476,supported,-0.01661815068493149,-0.01799679325623096,-0.015239508113632021,-0.20081335616438353,-0.2023864773964099,-0.19924023493235718,,supported
H2B0009,A009,anchor,2.0,0.7,64,14,14,0.1,0.1,0.05,0.05,0.0958650661126883,20,0.050010416873217924,0.05083312258515147,1.0416873217920786e-05,0.0008331225851514676,0.0008227057119335468,True,0.06583047945205481,0.06474423933746641,0.0669167195666432,supported,-0.01696522312663106,-0.018294696984276018,-0.015635749268986105,supported,-0.05083312258515155,-0.05124339064844559,-0.050422854521857505,supported,-0.005299657534246554,-0.006186629215432907,-0.004412685853060202,-0.07113013698630137,-0.07171128981192959,-0.07054898416067315,,supported
H2B0009,A009,anchor,2.0,0.7,64,14,14,0.1,0.1,0.1,0.1,0.1917301322253766,20,0.09964115648976726,0.10075928253891304,0.0003588435102327425,0.0007592825389130392,0.0011181260491457817,True,0.13067851027397254,0.12960532732222377,0.1317516932257213,supported,-0.03280305697915775,-0.03440361037823471,-0.0312025035800808,supported,-0.10075928253891313,-0.10146759202465576,-0.1000509730531705,supported,-0.010466609589041127,-0.011352887888829225,-0.009580331289253029,-0.1411451198630137,-0.142076489260561,-0.1402137504654664,,supported
H2B0009,A009,anchor,2.0,0.7,64,14,14,0.1,0.1,0.2,0.2,0.3834602644507532,20,0.20063462881530086,0.20125926950667772,0.0006346288153008528,0.001259269506677707,0.0006246406913768543,True,0.26366010273972595,0.2619690231031456,0.2653511823763063,supported,-0.05912550395532332,-0.060887640368990595,-0.05736336754165605,supported,-0.20125926950667777,-0.20233883441448194,-0.2001797045988736,supported,-0.018298373287671227,-0.01942339961550635,-0.017173346959836102,-0.28195847602739726,-0.2834314415601044,-0.2804855104946901,,supported
H2B0010,A010,anchor,3.1,0.9,16,14,14,0.1,0.1,0.05,0.0649079975476937,0.1531583497000221,20,0.05012951158052056,0.050699069308524344,0.00012951158052055406,0.0006990693085243416,0.0005695577280037875,True,0.14185787671232872,0.14024594513814467,0.14346980828651276,supported,-0.003116905411802093,-0.004774168304208748,-0.001459642519395438,inconclusive,-0.05069906930852439,-0.05146805756371636,-0.04993008105333242,supported,0.00012842465753425957,-0.000600464195638146,0.0008573135107066652,-0.14172945205479448,-0.14354710173680363,-0.13991180237278533,balk_served,inconclusive
H2B0010,A010,anchor,3.1,0.9,16,14,14,0.1,0.1,0.1,0.1232683907745834,0.294303164691532,20,0.10312922320136668,0.09665520220582295,0.0031292232013666738,0.003344797794177054,0.006474020995543728,True,0.26963184931506856,0.2661084680477289,0.2731552305824082,supported,-0.002394098452295468,-0.004270365095151146,-0.0005178318094397898,inconclusive,-0.096655202205823,-0.09806001484425801,-0.09525038956738797,supported,-0.0005821917808218558,-0.0012182258282371619,5.384226659345035e-05,-0.2702140410958904,-0.2738881002692674,-0.26653998192251344,balk_served,inconclusive
H2B0010,A010,anchor,3.1,0.9,16,14,14,0.1,0.1,0.2,0.2174275459339568,0.604642544584425,20,0.197367983183445,0.1992858620019904,0.002632016816555005,0.000714137998009623,0.0019178788185453821,True,0.5545376712328766,0.5511454553243093,0.5579298871414439,supported,-0.007254278203032588,-0.009311496696484407,-0.00519705970958077,supported,-0.19928586200199042,-0.20086916443105904,-0.1977025595729218,supported,-0.0028767123287670613,-0.004064405264925394,-0.0016890193926087289,-0.5574143835616437,-0.5606629175468095,-0.554165849576478,,supported
H2B0011,A011,anchor,3.1,0.1,32,14,14,0.1,0.1,0.05,0.05,0.1187562648720423,20,0.05066390825926004,0.05102753427517422,0.0006639082592600348,0.0010275342751742203,0.0003636260159141855,True,0.014452054794520558,0.01254651416773571,0.016357595421305406,supported,-0.016871178401500576,-0.022673184086994536,-0.011069172716006617,supported,-0.05102753427517427,-0.05262728906642495,-0.049427779483923594,supported,-0.0013955479452054664,-0.0032576435710860306,0.00046654768067509777,-0.015847602739726026,-0.016382499821840292,-0.01531270565761176,,supported
H2B0011,A011,anchor,3.1,0.1,32,14,14,0.1,0.1,0.1,0.1020956471633001,0.2375125297440846,20,0.10196577969307544,0.10166910616660915,0.001965779693075431,0.0016691061666091467,0.00029667352646628453,True,0.029469178082191773,0.02752048886219463,0.031417867302188915,supported,-0.03945595397733145,-0.04436593749958645,-0.034545970455076444,supported,-0.10166910616660922,-0.10457768702181619,-0.09876052531140225,supported,-0.00203767123287672,-0.004052538780321205,-2.2803685432235335e-05,-0.03150684931506849,-0.032441518322891834,-0.030572180307245143,,supported
H2B0011,A011,anchor,3.1,0.1,32,14,14,0.1,0.1,0.2,0.2052437771849034,0.4750250594881692,20,0.20559661628051443,0.20298469519705625,0.005596616280514416,0.002984695197056242,0.002611921083458174,True,0.05720890410958903,0.054652937546790396,0.059764870672387664,supported,-0.07618655409095614,-0.08201626917955496,-0.07035683900235731,supported,-0.20298469519705628,-0.2069703021636507,-0.19899908823046186,supported,-0.00568065068493151,-0.007745956702410725,-0.0036153446674522943,-0.06288955479452055,-0.06416474627979377,-0.061614363309247334,,supported
H2B0012,A012,anchor,3.1,0.3,64,14,14,0.1,0.1,0.05,0.05,0.1283061378060836,20,0.04791271385059022,0.04922429292012966,0.002087286149409784,0.00077570707987034,0.0013115790695394439,True,0.04358518835616438,0.042075045650051004,0.045095331062277755,supported,-0.013349521640830498,-0.014888439025469057,-0.011810604256191938,supported,-0.049224292920129684,-0.049893644548277195,-0.04855494129198217,supported,-0.002245291095890439,-0.003384629352673144,-0.0011059528391077346,-0.04583047945205482,-0.04644392451938403,-0.0452170343847256,,supported
H2B0012,A012,anchor,3.1,0.3,64,14,14,0.1,0.1,0.1,0.1033409176864268,0.2566122756121672,20,0.1001212865299966,0.0990361082757612,0.00012128652999660039,0.0009638917242388023,0.0010851782542354027,True,0.08800941780821918,0.0866147734778816,0.08940406213855676,supported,-0.027287368918879097,-0.029606796825844,-0.024967941011914196,supported,-0.09903610827576123,-0.09998876968816502,-0.09808344686335745,supported,-0.004259417808219213,-0.005522250062634148,-0.002996585553804277,-0.0922688356164384,-0.09310023225895632,-0.09143743897392047,,supported
H2B0012,A012,anchor,3.1,0.3,64,14,14,0.1,0.1,0.2,0.2,0.5132245512243345,20,0.19915830476781451,0.19912382065430612,0.0008416952321854965,0.0008761793456938949,3.448411350839842e-05,True,0.1767615582191781,0.17525647418350376,0.17826664225485245,supported,-0.05311729826235789,-0.05480443433148003,-0.051430162193235755,supported,-0.19912382065430614,-0.20014742071985617,-0.19810022058875612,supported,-0.008874143835616456,-0.010108253411727743,-0.007640034259505168,-0.18563570205479457,-0.18663119328570998,-0.18464021082387916,,supported
H2B0013,A013,anchor,4.0,0.5,16,14,14,0.1,0.1,0.05,0.0710363837317539,0.1775151691508343,20,0.04899487865293249,0.049893315176792165,0.0010051213470675113,0.00010668482320783795,0.0008984365238596734,True,0.09743150684931508,0.0944296957716656,0.10043331792696455,supported,-0.008625947674247764,-0.010413001083550638,-0.006838894264944889,supported,-0.04989331517679223,-0.0508346625452387,-0.04895196780834576,supported,-0.002970890410958876,-0.0051034646690920615,-0.0008383161528256909,-0.10040239726027393,-0.10229978282397721,-0.09850501169657065,,supported
H2B0013,A013,anchor,4.0,0.5,16,14,14,0.1,0.1,0.1,0.1391165795263286,0.3550303383016687,20,0.10154396262885645,0.09982286488034549,0.001543962628856449,0.00017713511965451734,0.0017210977485109663,True,0.19522260273972605,0.19252505338607023,0.19792015209338187,supported,-0.0181219111451652,-0.020092313683925493,-0.016151508606404907,supported,-0.09982286488034554,-0.10101976539305987,-0.09862596436763121,supported,-0.005719178082191773,-0.007255727603842147,-0.004182628560541398,-0.20094178082191783,-0.2033468781138748,-0.19853668352996084,,supported
H2B0013,A013,anchor,4.0,0.5,16,14,14,0.1,0.1,0.2,0.2558603968349663,0.7100606766033374,20,0.2002696991347555,0.199759377651199,0.00026969913475549667,0.00024062234880101174,0.0005103214835565084,True,0.39153253424657536,0.3880234572232506,0.3950416112699001,supported,-0.03401819814765248,-0.03580241668184638,-0.03223397961345858,supported,-0.19975937765119905,-0.2013751762442556,-0.1981435790581425,supported,-0.010873287671232834,-0.01285318378288084,-0.008893391559584827,-0.4024058219178082,-0.4056995513899514,-0.39911209244566503,,supported
H2B0014,A014,anchor,4.0,0.7,32,14,14,0.1,0.1,0.05,0.0785736203233715,0.1888462418659063,20,0.05090542292169914,0.05019804390206132,0.0009054229216991366,0.00019804390206131645,0.0007073790196378202,True,0.138839897260274,0.13707107386876183,0.14060872065178615,supported,-0.004809866078855954,-0.005825984144001096,-0.0037937480137108124,inconclusive,-0.05019804390206138,-0.05069306237268803,-0.04970302543143473,supported,-0.002748287671232913,-0.003957731223253952,-0.001538844119211874,-0.14158818493150688,-0.14287789918258498,-0.14029847068042878,balk_served,inconclusive
H2B0014,A014,anchor,4.0,0.7,32,14,14,0.1,0.1,0.1,0.1488164183650548,0.3776924837318126,20,0.10246980147569973,0.10039249952929137,0.0024698014756997233,0.0003924995292913652,0.002077301946408358,True,0.27757705479452055,0.27517357779628054,0.27998053179276056,supported,-0.010150131731394552,-0.010895282752060835,-0.00940498071072827,supported,-0.10039249952929141,-0.10088607544122548,-0.09989892361735735,supported,-0.005188356164383579,-0.006445858980893702,-0.0039308533478734555,-0.2827654109589041,-0.2842522936613813,-0.28127852825642696,,supported
H2B0014,A014,anchor,4.0,0.7,32,14,14,0.1,0.1,0.2,0.2614496711580104,0.7553849674636253,20,0.19988780295331163,0.20064496571479268,0.0001121970466883837,0.0006449657147926668,0.0007571627614810506,True,0.5551070205479454,0.552587527428913,0.5576265136669777,supported,-0.020779415181086273,-0.02156509339552377,-0.019993736966648776,supported,-0.2006449657147927,-0.20132196468462887,-0.19996796674495654,supported,-0.009606164383561678,-0.010954669626891955,-0.0082576591402314,-0.5647131849315069,-0.5667359083303417,-0.5626904615326721,,supported
H2B0015,A015;X030,anchor,4.0,0.9,64,14,14,0.1,0.1,0.05,0.0845847520269946,0.1966768521085565,20,0.05177695574149901,0.049889953550162444,0.0017769557414990048,0.00011004644983755862,0.0018870021913365634,True,0.17935359589041094,0.17834349195423274,0.18036369982658915,supported,-0.00170840522803532,-0.002402132131707521,-0.001014678324363119,inconclusive,-0.04988995355016251,-0.05025748376736964,-0.049522423332955375,supported,-0.0009546232876712413,-0.0014074055990201321,-0.0005018409763223504,-0.18030821917808215,-0.18140410971777746,-0.17921232863838685,balk_served,inconclusive
H2B0015,A015;X030,anchor,4.0,0.9,64,14,14,0.1,0.1,0.1,0.1492614103065562,0.3933537042171131,20,0.09817282094505042,0.10011861366095003,0.0018271790549495848,0.00011861366095002046,0.0019457927158996052,True,0.36011558219178086,0.3586663930993388,0.36156477128422293,supported,-0.0030972071696362346,-0.003650067513488707,-0.002544346825783762,inconclusive,-0.1001186136609501,-0.10056598820121554,-0.09967123912068465,supported,-0.001757277397260265,-0.002117991333774988,-0.001396563460745542,-0.3618728595890411,-0.36325541453063154,-0.36049030464745063,balk_served,inconclusive
H2B0015,A015;X030,anchor,4.0,0.9,64,14,14,0.1,0.1,0.2,0.2559489523231592,0.7867074084342263,20,0.19071704714004184,0.2003211147314919,0.009282952859958171,0.0003211147314918783,0.00960406759145005,True,0.7205950342465754,0.7189479386214747,0.7222421298716762,supported,-0.006177066194066308,-0.006976365387684552,-0.005377767000448065,supported,-0.20032111473149192,-0.20103184599519563,-0.1996103834677882,supported,-0.003249143835616403,-0.003767240254305114,-0.0027310474169276915,-0.7238441780821919,-0.7255029185570618,-0.722185437607322,,supported
H2B0016,A016,anchor,0.8,0.5,32,7,7,0.0,0.0,0.05,0.05,0.05,20,0.051159509198808226,0.050611756631251725,0.001159509198808223,0.0006117566312517225,0.0005477525675565004,True,-0.002470034246575359,-0.006162341944009747,0.0012222734508590296,inconclusive,-0.051159509198808274,-0.052884389658054906,-0.04943462873956164,supported,-0.050611756631251795,-0.051800629759958174,-0.049422883502545416,supported,-0.022688356164383562,-0.02646837012357597,-0.018908342205191154,-0.020218321917808202,-0.020674497575745698,-0.019762146259870706,utilization,inconclusive
H2B0016,A016,anchor,0.8,0.5,32,7,7,0.0,0.0,0.1,0.0984406452742057,0.1,20,0.0980241122347564,0.09947620085986875,0.0019758877652436,0.0005237991401312592,0.001452088625112341,True,-0.00027825342465754297,-0.005930423284511895,0.005373916435196809,inconclusive,-0.09802411223475645,-0.09975376702860117,-0.09629445744091172,supported,-0.09947620085986879,-0.10143553710669233,-0.09751686461304525,supported,-0.040021404109589036,-0.04569484777090102,-0.03434796044827705,-0.03974315068493149,-0.04053495546231528,-0.0389513459075477,utilization,inconclusive
H2B0016,A016,anchor,0.8,0.5,32,7,7,0.0,0.0,0.2,0.2010524893249371,0.1967457456538248,20,0.20130734828718927,0.19534596542315436,0.0013073482871892583,0.004654034576845656,0.005961382864034914,True,-0.00430222602739726,-0.008795509171927854,0.00019105711713333397,inconclusive,-0.2013073482871893,-0.20422042510272687,-0.19839427147165173,supported,-0.1953459654231544,-0.1982343113240216,-0.1924576195222872,supported,-0.08234589041095888,-0.08697405749248306,-0.0777177233294347,-0.07804366438356164,-0.0791935494289249,-0.07689377933819838,utilization,inconclusive
H2B0017,A017,anchor,1.25,0.3,64,21,21,0.3,0.3,0.05,0.05,0.0582341390971364,20,0.050488746905037116,0.049755701287828136,0.0004887469050371129,0.00024429871217186705,0.00073304561720898,True,0.018655821917808207,0.018309624654917873,0.01900201918069854,supported,-0.03014904071347253,-0.03519593378607445,-0.025102147640870612,supported,-0.0497557012878282,-0.050699529458744855,-0.04881187311691154,supported,0.0,0.0,0.0,-0.018655821917808207,-0.01900201918069854,-0.018309624654917873,,supported
H2B0017,A017,anchor,1.25,0.3,64,21,21,0.3,0.3,0.1,0.1,0.1164682781942729,20,0.10089530976238734,0.09954481948391043,0.0008953097623873307,0.00045518051608957333,0.001350490278476904,True,0.037275256849315055,0.03675152419202252,0.037798989506607594,supported,-0.061005961930615346,-0.06548133338885555,-0.056530590472375145,supported,-0.09954481948391047,-0.10084380682934137,-0.09824583213847958,supported,0.0,0.0,0.0,-0.037275256849315055,-0.037798989506607594,-0.03675152419202252,,supported
H2B0017,A017,anchor,1.25,0.3,64,21,21,0.3,0.3,0.2,0.2005955987086242,0.2382947034886303,20,0.20133706985196173,0.20422456738610215,0.0013370698519617197,0.004224567386102135,0.002887497534140415,True,0.07653895547945207,0.07586339207900555,0.07721451887989858,supported,-0.1275841310437668,-0.13181025010998004,-0.1233580119775536,supported,-0.2042245673861022,-0.20610570598330868,-0.20234342878889572,supported,0.0,0.0,0.0,-0.07653895547945207,-0.07721451887989858,-0.07586339207900555,,supported
H2B0018,A018,anchor,2.0,0.7,16,28,28,0.5,0.5,0.05,0.05,0.0905056755435217,20,0.050714448696521065,0.05030964869113781,0.0007144486965210625,0.00030964869113780935,0.00040480000538325317,True,0.06735445205479451,0.06548307638146851,0.06922582772812051,supported,-0.0073764887518200485,-0.01143527498687202,-0.0033177025167680776,supported,-0.05030964869113787,-0.051689039362896726,-0.04893025801937901,supported,-0.0030136986301370072,-0.004981246976068862,-0.0010461502842051525,-0.07036815068493152,-0.07222341751421515,-0.06851288385564788,,supported
H2B0018,A018,anchor,2.0,0.7,16,28,28,0.5,0.5,0.1,0.1,0.1810113510870435,20,0.1004749523496908,0.0999640831917776,0.0004749523496907909,3.591680822240262e-05,0.0005108691579131935,True,0.1332705479452055,0.13086241685688568,0.1356786790335253,supported,-0.015172510137411782,-0.017545162419285304,-0.01279985785553826,supported,-0.09996408319177766,-0.10163383505840365,-0.09829433132515167,supported,-0.006626712328767126,-0.00864123593550724,-0.0046121887220270125,-0.13989726027397262,-0.14240400014652943,-0.1373905204014158,,supported
H2B0018,A018,anchor,2.0,0.7,16,28,28,0.5,0.5,0.2,0.2,0.362022702174087,20,0.20035240111258784,0.19978836791796206,0.00035240111258783013,0.00021163208203794914,0.0005640331946257793,True,0.26581335616438356,0.2618802635568688,0.26974644877189835,supported,-0.030771843927908514,-0.03453507142957037,-0.027008616426246655,supported,-0.19978836791796217,-0.20218875497647457,-0.19738798085944978,supported,-0.013938356164383553,-0.01647650654982982,-0.011400205778937285,-0.27975171232876717,-0.2835104847021269,-0.2759929399554074,,supported
H2B0019,A019,anchor,3.1,0.5,32,14,14,0.0,0.0,0.05,0.0958054443855164,0.1009360038751081,20,0.05161846460108725,0.04953889501507381,0.0016184646010872494,0.00046110498492619306,0.0020795695860134425,True,0.06785958904109587,0.06603331250362277,0.06968586557856898,supported,-0.013598354263608212,-0.01616916401974444,-0.011027544507471987,supported,-0.049538895015073844,-0.05035869522886768,-0.04871909480128001,supported,-0.00961044520547948,-0.011298080855082918,-0.00792280955587604,-0.07747003424657534,-0.0788118600689082,-0.07612820842424248,,supported
H2B0019,A019,anchor,3.1,0.5,32,14,14,0.0,0.0,0.1,0.1694664443490653,0.2018720077502162,20,0.09759427456967297,0.09878479801819054,0.0024057254303270353,0.0012152019818094661,0.0011905234485175692,True,0.13737585616438358,0.1352238597325485,0.13952785259621867,supported,-0.02200079176225244,-0.024368171055513248,-0.019633412468991633,supported,-0.09878479801819058,-0.09976394727912592,-0.09780564875725524,supported,-0.016969178082191793,-0.01881593975615047,-0.015122416408233115,-0.15434503424657536,-0.15595670236717438,-0.15273336612597635,,supported
H2B0019,A019,anchor,3.1,0.5,32,14,14,0.0,0.0,0.2,0.2963062992798933,0.4117824451498171,20,0.19089519233915458,0.2032849257396483,0.009104807660845426,0.003284925739648281,0.012389733400493708,False,0.2840154109589041,0.28275826435359813,0.28527255756421005,supported,-0.04300243099756419,-0.04534201042023036,-0.040662851574898025,supported,-0.20328492573964838,-0.2046648409478205,-0.20190501053147625,supported,-0.033403253424657546,-0.03511763622585622,-0.03168887062345887,-0.3174186643835616,-0.319397769667798,-0.3154395590993252,loss_matching_failed,inconclusive
H2B0020,A020,anchor,4.0,0.5,32,14,14,0.3,0.3,0.05,0.05,0.1305265233354272,20,0.049922383207925435,0.0504730747995536,7.761679207456823e-05,0.0004730747995535939,0.0005506915916281621,True,0.09501712328767123,0.092600927693465,0.09743331888187746,supported,-0.004417684254341162,-0.0062101368379406515,-0.002625231670741672,inconclusive,-0.05047307479955363,-0.05115629325022973,-0.04978985634887753,supported,-0.0061344178082192,-0.008079142712506876,-0.004189692903931525,-0.10115154109589045,-0.1025044804461287,-0.0997986017456522,balk_served,inconclusive
H2B0020,A020,anchor,4.0,0.5,32,14,14,0.3,0.3,0.1,0.1,0.2610530466708545,20,0.100376470323345,0.10052445326767523,0.0003764703233449934,0.0005244532676752234,0.00014798294433022996,True,0.18648972602739727,0.18438019967939343,0.18859925237540112,supported,-0.009845098256192186,-0.011588096471605042,-0.008102100040779329,supported,-0.10052445326767527,-0.10149816019782706,-0.09955074633752348,supported,-0.014931506849315084,-0.017083225442864617,-0.012779788255765551,-0.20142123287671235,-0.20325309969728894,-0.19958936605613575,,supported
H2B0020,A020,anchor,4.0,0.5,32,14,14,0.3,0.3,0.2,0.2,0.5221060933417091,20,0.19945166419587484,0.20120338839247456,0.0005483358041251662,0.0012033883924745525,0.0017517241965997188,True,0.37283818493150683,0.3701776263912785,0.3754987434717352,supported,-0.019935795499543725,-0.02168517238969095,-0.0181864186093965,supported,-0.2012033883924746,-0.20255667188738075,-0.19985010489756844,supported,-0.030124143835616464,-0.03220477744834406,-0.028043510222888868,-0.40296232876712335,-0.40512106577507373,-0.40080359175917296,,supported
H2B0021,A021,anchor,0.8,0.1,64,28,28,0.1,0.1,0.05,0.05,0.05,20,0.049753406107850395,0.05048388246066273,0.0002465938921496075,0.00048388246066272816,0.0007304763528123356,True,-0.0007833904109589229,-0.00449891793382351,0.0029321371119056636,inconclusive,-0.04975340610785041,-0.05142334644144978,-0.04808346577425104,supported,-0.050483882460662786,-0.052756442890401344,-0.04821132203092423,supported,-0.004835188356164399,-0.008534312114610898,-0.0011360645977179,-0.004051797945205477,-0.0042344139150511505,-0.0038691819753598027,utilization,inconclusive
H2B0021,A021,anchor,0.8,0.1,64,28,28,0.1,0.1,0.1,0.1,0.0955408868068683,20,0.10379010219935178,0.0967337997568349,0.0037901021993517747,0.00326620024316511,0.007056302442516885,True,-0.002666952054794508,-0.006866770402880206,0.0015328662932911894,inconclusive,-0.10379010219935184,-0.1063418058786735,-0.10123839852003017,supported,-0.09673379975683494,-0.09910728042979312,-0.09436031908387675,supported,-0.01043236301369863,-0.01464334873698396,-0.006221377290413302,-0.007765410958904123,-0.00795806172669963,-0.007572760191108617,utilization,inconclusive
H2B0021,A021,anchor,0.8,0.1,64,28,28,0.1,0.1,0.2,0.1965480526297233,0.1898676144115552,20,0.19868328090839968,0.19076370618043462,0.0013167190916003324,0.009236293819565394,0.007919574727965062,True,-0.001588184931506842,-0.005543471189573513,0.002367101326559829,inconclusive,-0.19868328090839973,-0.20271317245362858,-0.1946533893631709,supported,-0.19076370618043467,-0.1942715384842056,-0.18725587387666373,supported,-0.016904965753424667,-0.02089691520743605,-0.012913016299413283,-0.015316780821917824,-0.015615548229266347,-0.015018013414569301,utilization,inconclusive
H2B0022,A022,anchor,4.0,0.9,16,7,7,0.5,0.5,0.05,0.0536249100154919,0.1898986380454693,20,0.05022134698232108,0.0505030014998716,0.0002213469823210759,0.0005030014998715984,0.0002816545175505225,True,0.18085616438356164,0.17827493793527802,0.18343739083184527,supported,-0.00045784900544544317,-0.0015892228982568519,0.0006735248873659656,inconclusive,-0.05050300149987168,-0.05115550364507273,-0.049850499354670626,supported,-0.0009160958904109561,-0.002011299934069951,0.00017910815324803848,-0.18177226027397259,-0.18410283656386855,-0.17944168398407662,balk_served,inconclusive
H2B0022,A022,anchor,4.0,0.9,16,7,7,0.5,0.5,0.1,0.1051076014996969,0.3797972760909387,20,0.1024700120204464,0.10022535203504346,0.0024700120204463882,0.00022535203504345236,0.002244659985402936,True,0.35780821917808225,0.3549733827148835,0.360643055641281,supported,-0.0011430165962445032,-0.0024695963093445674,0.0001835631168555609,inconclusive,-0.1002253520350435,-0.10114789216997343,-0.09930281190011357,supported,-0.0030821917808219134,-0.004498930198344634,-0.0016654533632991931,-0.3608904109589041,-0.3642283747540945,-0.35755244716371376,balk_served,inconclusive
H2B0022,A022,anchor,4.0,0.9,16,7,7,0.5,0.5,0.2,0.2,0.7595945521818774,20,0.1988065843778411,0.20001889340932308,0.001193415622158911,1.889340932306749e-05,0.0012123090314819784,True,0.7131078767123287,0.7099626040012185,0.7162531494234389,supported,-0.004464020907777544,-0.00611729514447387,-0.0028107466710812178,inconclusive,-0.20001889340932316,-0.20083158334695178,-0.19920620347169454,supported,-0.006498287671232905,-0.007820614210852367,-0.005175961131613444,-0.7196061643835617,-0.7221268219178559,-0.7170855068492675,balk_served,inconclusive
H2B0023,A023,anchor,3.1,0.1,32,21,21,0.3,0.3,0.05,0.05,0.1143125506222745,20,0.05157728730352745,0.04911621368772621,0.0015772873035274498,0.0008837863122737946,0.0024610736158012445,True,0.011134417808219171,0.009136698220220365,0.013132137396217977,supported,-0.021612304174595306,-0.026255148033325827,-0.016969460315864784,supported,-0.04911621368772625,-0.05055404198460224,-0.04767838539085026,supported,-0.004066780821917804,-0.006057085132511275,-0.002076476511324333,-0.015201198630136975,-0.01569272051396882,-0.01470967674630513,,supported
H2B0023,A023,anchor,3.1,0.1,32,21,21,0.3,0.3,0.1,0.1,0.228625101244549,20,0.10255830518839462,0.10026877912629326,0.002558305188394616,0.0002687791262932504,0.0022895260621013658,True,0.02814212328767121,0.02656725183404973,0.029716994741292694,supported,-0.03892917427085868,-0.04302420551885212,-0.03483414302286524,supported,-0.10026877912629331,-0.102761709063057,-0.09777584918952963,supported,-0.0028767123287671225,-0.004269108396440139,-0.001484316261094106,-0.031018835616438332,-0.03176870824837691,-0.03026896298449976,,supported
H2B0023,A023,anchor,3.1,0.1,32,21,21,0.3,0.3,0.2,0.2,0.4672559750576625,20,0.20065548459793855,0.2053487241748349,0.0006554845979385437,0.005348724174834896,0.004693239576896352,True,0.055976027397260285,0.05330368824995627,0.0586483665445643,supported,-0.08001160282975972,-0.08560969841955299,-0.07441350723996645,supported,-0.205348724174835,-0.2086832972190818,-0.20201415113058818,supported,-0.007508561643835604,-0.010047960235377535,-0.004969163052293674,-0.06348458904109588,-0.06445644567597526,-0.0625127324062165,,supported
H2B0024,A024,anchor,3.1,0.9,32,21,21,0.3,0.3,0.05,0.05,0.1495689643246467,20,0.050053655714286806,0.04978244234462385,5.365571428680299e-05,0.00021755765537614935,0.00027121336966295234,True,0.13850599315068485,0.1363865047535751,0.14062548154779458,supported,-0.000718784358349167,-0.0018224425060706102,0.0003848737893722761,inconclusive,-0.04978244234462391,-0.05038389105801958,-0.049180993631228236,supported,-0.0007063356164384027,-0.0018041425973284978,0.00039147136445169236,-0.13921232876712328,-0.14084292541499815,-0.1375817321192484,balk_served,inconclusive
H2B0024,A024,anchor,3.1,0.9,32,21,21,0.3,0.3,0.1,0.1,0.2991379286492935,20,0.10011302211610291,0.0995984097890931,0.00011302211610290935,0.00040159021090691027,0.0005146123270098196,True,0.2773287671232877,0.275209847949326,0.27944768629724936,supported,-0.00200251589194905,-0.0032674281333160814,-0.0007376036505820185,inconclusive,-0.09959840978909315,-0.10037046934074205,-0.09882635023744425,supported,-0.0010958904109589162,-0.0019999139956871598,-0.00019186682623067248,-0.27842465753424656,-0.28061277281231006,-0.27623654225618305,balk_served,inconclusive
H2B0024,A024,anchor,3.1,0.9,32,21,21,0.3,0.3,0.2,0.2,0.598275857298587,20,0.1994551527245206,0.19939565686858474,0.0005448472754794043,0.0006043431314152747,5.949585593587048e-05,True,0.5552868150684931,0.5525748229909518,0.5579988071460343,supported,-0.00594041585054649,-0.006893882384507395,-0.004986949316585585,supported,-0.1993956568685848,-0.20037764102138894,-0.19841367271578064,supported,-0.002153253424657531,-0.003164799450585832,-0.0011417073987292296,-0.5574400684931506,-0.5601532451526804,-0.5547268918336209,,supported
H2B0025,A025,anchor,4.0,0.5,32,28,28,0.1,0.1,0.05,0.05,0.149900628541851,20,0.050045226804202814,0.050559985627905604,4.522680420281089e-05,0.0005599856279056015,0.0005147588237027906,True,0.09610445205479452,0.09348613468566541,0.09872276942392363,supported,-0.0055018657534746775,-0.0069642581803760605,-0.0040394733265732945,supported,-0.05055998562790563,-0.05124797340821086,-0.0498719978476004,supported,-0.005560787671232875,-0.007798223486372865,-0.0033233518560928854,-0.10166523972602741,-0.10305119230781205,-0.10027928714424277,,supported
H2B0025,A025,anchor,4.0,0.5,32,28,28,0.1,0.1,0.1,0.1,0.299801257083702,20,0.10039407728748903,0.10110951568645474,0.00039407728748902526,0.0011095156864547318,0.0007154383989657065,True,0.19390839041095892,0.1913295918137834,0.19648718900813444,supported,-0.010620391223380186,-0.012133982086122529,-0.009106800360637842,supported,-0.1011095156864548,-0.10199767748996039,-0.10022135388294923,supported,-0.009293664383561644,-0.011795020749640598,-0.006792308017482691,-0.20320205479452058,-0.2051023464162941,-0.20130176317274706,,supported
H2B0025,A025,anchor,4.0,0.5,32,28,28,0.1,0.1,0.2,0.2,0.5996025141674041,20,0.19975300686774103,0.20174366954473127,0.00024699313225898245,0.0017436695447312633,0.001990662676990246,True,0.3861087328767123,0.3837044130840258,0.38851305266939884,supported,-0.022754995316776976,-0.02460650238164739,-0.020903488251906563,supported,-0.20174366954473136,-0.20281996585031484,-0.20066737323914788,supported,-0.019738869863013715,-0.021875576032150686,-0.017602163693876745,-0.4058476027397261,-0.4083905595111698,-0.40330464596828236,,supported
H2B0026,A026,anchor,2.0,0.5,32,14,14,0.1,0.1,0.05,0.05,0.1000160920983192,20,0.050218831400304906,0.049844268722849486,0.000218831400304903,0.00015573127715051704,0.00037456267745542005,True,0.0501412671232877,0.04894677215757055,0.05133576208900485,supported,-0.012966015748258905,-0.016219775022398273,-0.00971225647411954,supported,-0.049844268722849555,-0.050978093615009476,-0.048710443830689634,supported,0.0002440068493150871,0.00014141533403281631,0.0003465983645973579,-0.04989726027397261,-0.0510667559317292,-0.048727764616216016,,supported
H2B0026,A026,anchor,2.0,0.5,32,14,14,0.1,0.1,0.1,0.1,0.2000321841966385,20,0.10148834686553351,0.09993782090174413,0.0014883468655335075,6.21790982558712e-05,0.0015505259637893787,True,0.10038955479452054,0.09913804201723064,0.10164106757181043,supported,-0.026680847628864503,-0.029726005299191307,-0.0236356899585377,supported,-0.09993782090174419,-0.10110894770660453,-0.09876669409688385,supported,0.00028253424657534996,0.00015982043993688168,0.0004052480532138182,-0.10010702054794521,-0.10133408114104678,-0.09887995995484364,,supported
H2B0026,A026,anchor,2.0,0.5,32,14,14,0.1,0.1,0.2,0.2,0.4000643683932771,20,0.20003062526339468,0.1998719660966774,3.062526339467353e-05,0.00012803390332261078,0.0001586591667172843,True,0.20040239726027398,0.19838503580195482,0.20241975871859313,supported,-0.054102674168495145,-0.05714543606929602,-0.05105991226769427,supported,-0.19987196609667743,-0.20183617866105677,-0.1979077535322981,supported,0.0002953767123287709,0.00017448407231780531,0.0004162693523397365,-0.2001070205479452,-0.2020955567583645,-0.19811848433752594,,supported
H2B0027,A027,anchor,1.25,0.5,16,21,21,0.0,0.0,0.05,0.05,0.0522513350232893,20,0.04883403857953269,0.0483502628329313,0.0011659614204673138,0.0016497371670687044,0.0004837757466013906,True,0.045667808219178097,0.033801895142601616,0.05753372129575458,supported,-0.012298962452244672,-0.02064476769663717,-0.003953157207852175,supported,-0.048350262832931375,-0.04990816115892688,-0.04679236450693587,supported,0.015385273972602753,0.0037271897927608714,0.027043358152444637,-0.030282534246575343,-0.03125652753898253,-0.02930854095416816,,supported
H2B0027,A027,anchor,1.25,0.5,16,21,21,0.0,0.0,0.1,0.1034356149696974,0.1045026700465787,20,0.1033188600935454,0.09799550059393683,0.0033188600935454005,0.002004499406063176,0.0053233594996085765,True,0.14012842465753425,0.12587544833676254,0.15438140097830597,supported,-0.04440835790805566,-0.050246728140076004,-0.03856998767603532,supported,-0.09799550059393691,-0.10045304191723176,-0.09553795927064207,supported,0.07890410958904111,0.06429340682067422,0.093514812357408,-0.06122431506849315,-0.06283980756116235,-0.05960882257582395,,supported
H2B0027,A027,anchor,1.25,0.5,16,21,21,0.0,0.0,0.2,0.2,0.2090053400931574,20,0.19960324111842662,0.19847484626508244,0.00039675888157339467,0.0015251537349175726,0.0011283948533441779,True,0.23052226027397257,0.2260798055959643,0.23496471495198085,supported,-0.13995501224124945,-0.1466992598317108,-0.1332107646507881,supported,-0.1984748462650825,-0.2019967352705555,-0.19495295725960948,supported,0.10678082191780822,0.10272426710559758,0.11083737673001885,-0.12374143835616438,-0.1256805856581181,-0.12180229105421066,,supported
H2B0028,A028,anchor,1.25,0.5,64,21,21,0.0,0.0,0.05,0.05,0.0531444242982521,20,0.04999265499331605,0.049922781879433734,7.345006683950883e-06,7.72181205662692e-05,6.987311388231832e-05,True,0.050590753424657554,0.04569348355000106,0.05548802329931405,supported,-0.0170012896188468,-0.020760873905284635,-0.013241705332408966,supported,-0.04992278187943378,-0.05088586040594251,-0.04895970335292506,supported,0.019636130136986302,0.014700250354860866,0.024572009919111737,-0.030954623287671245,-0.031510982231148045,-0.030398264344194445,,supported
H2B0028,A028,anchor,1.25,0.5,64,21,21,0.0,0.0,0.1,0.1,0.1062888485965043,20,0.09999772610829512,0.10037592452805053,2.273891704887565e-06,0.0003759245280505197,0.00037819841975540724,True,0.15257277397260274,0.14125102084474425,0.16389452710046123,supported,-0.048503172090252504,-0.05160516613979297,-0.04540117804071204,supported,-0.1003759245280506,-0.10149597515674925,-0.09925587389935193,supported,0.09031035958904107,0.07880365345892422,0.10181706571915793,-0.06226241438356165,-0.06289781951959011,-0.06162700924753318,,supported
H2B0028,A028,anchor,1.25,0.5,64,21,21,0.0,0.0,0.2,0.2,0.2125776971930087,20,0.20015247227242203,0.20089205504916202,0.00015247227242201622,0.0008920550491620105,0.0007395827767399943,True,0.23298587328767123,0.23062799189143857,0.2353437546839039,supported,-0.1481772159373196,-0.15202770492140188,-0.14432672695323734,supported,-0.20089205504916205,-0.2024159493213684,-0.1993681607769557,supported,0.10838398972602739,0.10619695341063402,0.11057102604142076,-0.12460188356164385,-0.12547414458942835,-0.12372962253385936,,supported
H2B0029,A029,anchor,3.1,0.3,32,14,14,0.5,0.5,0.05,0.05,0.1541315008806725,20,0.05009841137038895,0.04995815231458657,9.841137038894832e-05,4.184768541343198e-05,0.0001402590558023803,True,0.04675513698630138,0.046028407739747125,0.04748186623285563,supported,-0.012824048681731934,-0.01524127613286849,-0.010406821230595378,supported,-0.04995815231458661,-0.05072371130222398,-0.049192593326949245,supported,0.0,0.0,0.0,-0.04675513698630138,-0.04748186623285563,-0.046028407739747125,,supported
H2B0029,A029,anchor,3.1,0.3,32,14,14,0.5,0.5,0.1,0.1,0.3082630017613451,20,0.10120566752524307,0.10015804723820479,0.0012056675252430649,0.00015804723820478372,0.0010476202870382811,True,0.09369863013698632,0.09251864642220106,0.09487861385177157,supported,-0.023600886561328742,-0.026569381614106893,-0.02063239150855059,supported,-0.10015804723820484,-0.10151867058313321,-0.09879742389327648,supported,0.0,0.0,0.0,-0.09369863013698632,-0.09487861385177157,-0.09251864642220106,,supported
H2B0029,A029,anchor,3.1,0.3,32,14,14,0.5,0.5,0.2,0.2,0.6270080153291315,20,0.2000598629834537,0.2030879556635798,5.9862983453701224e-05,0.003087955663579778,0.0030280926801260766,True,0.18991010273972606,0.18816228141793298,0.19165792406151913,supported,-0.047888966572148854,-0.05102888242882473,-0.04474905071547298,supported,-0.20308795566357984,-0.20512445283142622,-0.20105145849573347,supported,0.0,0.0,0.0,-0.18991010273972606,-0.19165792406151913,-0.18816228141793298,,supported
H2B0030,A030,anchor,3.1,0.7,32,14,14,0.0,0.0,0.05,0.1237880887324864,0.1320595105090431,20,0.05246175207254561,0.049756487657814555,0.002461752072545606,0.00024351234218544793,0.002705264414731054,True,0.09352739726027397,0.0920282155604236,0.09502657896012433,supported,-0.009256198038063861,-0.010502427712334752,-0.00800996836379297,supported,-0.049756487657814596,-0.0502708057700105,-0.04924216954561869,supported,-0.015265410958904112,-0.016946234246682988,-0.013584587671125237,-0.10879280821917807,-0.10990105159601128,-0.10768456484234486,,supported
H2B0030,A030,anchor,3.1,0.7,32,14,14,0.0,0.0,0.1,0.2121690600705545,0.2641190210180863,20,0.09840656450122423,0.09916757368125409,0.0015934354987757748,0.0008324263187459158,0.0007610091800298591,True,0.19053938356164385,0.18834854728616526,0.19273021983712244,supported,-0.01621915696970677,-0.017553416902534365,-0.01488489703687918,supported,-0.09916757368125412,-0.10008087215731132,-0.09825427520519692,supported,-0.02650256849315068,-0.027986855913890094,-0.025018281072411268,-0.2170419520547945,-0.21897500518752777,-0.21510889892206125,,supported
H2B0030,A030,anchor,3.1,0.7,32,14,14,0.0,0.0,0.2,0.3306455241799783,0.5282380420361726,0,0.1724019174482723,0.1991692336119685,,,0.0267673161636961,False,,,,inactive,,,,inactive,,,,inactive,,,,,,,target_unattainable,inactive
H2B0031,A031,anchor,3.1,0.5,32,14,14,0.1,0.1,0.05,0.05,0.1138340285530752,20,0.0502442581744989,0.04986397455759397,0.00024425817449889864,0.00013602544240603337,0.000380283616904932,True,0.07711472602739725,0.07592549013819677,0.07830396191659772,supported,-0.00727462774978597,-0.008985101782048257,-0.005564153717523683,supported,-0.04986397455759399,-0.050544099854037315,-0.049183849261150665,supported,-0.0003981164383561775,-0.0009223822883280407,0.0001261494116156858,-0.07751284246575342,-0.07849359482570864,-0.0765320901057982,,supported
H2B0031,A031,anchor,3.1,0.5,32,14,14,0.1,0.1,0.1,0.1,0.2276680571061505,20,0.10040040481418402,0.10030434545207201,0.00040040481418401885,0.00030434545207200236,9.605936211201649e-05,True,0.15529965753424654,0.15372613884185826,0.15687317622663483,supported,-0.013325768256062765,-0.01526841677013257,-0.011383119741992959,supported,-0.10030434545207205,-0.10119029125825349,-0.09941839964589061,supported,-0.0006506849315068619,-0.00127597271235537,-2.5397150658353768e-05,-0.1559503424657534,-0.15733269454419616,-0.15456799038731064,,supported
H2B0031,A031,anchor,3.1,0.5,32,14,14,0.1,0.1,0.2,0.2,0.4553361142123011,20,0.19894655208808212,0.2006240840466582,0.0010534479119178874,0.000624084046658202,0.0016775319585760895,True,0.3147517123287672,0.31262835109247245,0.31687507356506195,supported,-0.02970835307066691,-0.03190494623298126,-0.027511759908352553,supported,-0.20062408404665827,-0.20197383557073526,-0.19927433252258128,supported,0.0029366438356165036,0.0022455319867761003,0.003627755684456907,-0.3118150684931506,-0.3137611280366274,-0.3098690089496738,,supported
H2B0032,A032,anchor,3.1,0.5,32,14,14,0.1,0.1,0.05,0.0642242028238137,0.1515109283720039,20,0.04935194085031351,0.05015570190675448,0.0006480591496864918,0.0001557019067544782,0.00080376105644097,True,0.06867722602739725,0.06599848558388725,0.07135596647090724,supported,-0.010616335506306593,-0.012504464746661852,-0.008728206265951334,supported,-0.050155701906754516,-0.05073645011810542,-0.049574953695403615,supported,-0.009567636986301382,-0.01235067690836935,-0.006784597064233414,-0.07824486301369864,-0.07914159411218398,-0.0773481319152133,,supported
H2B0032,A032,anchor,3.1,0.5,32,14,14,0.1,0.1,0.1,0.124563780689838,0.3030218567440079,20,0.09707034823383126,0.1002825902904247,0.002929651766168745,0.0002825902904246974,0.0032122420565934423,True,0.14007277397260273,0.13814190785161168,0.14200364009359379,supported,-0.021863356285824115,-0.02333918594769137,-0.020387526623956858,supported,-0.10028259029042474,-0.10104277342025406,-0.09952240716059543,supported,-0.01634845890410961,-0.018525985105030465,-0.014170932703188754,-0.15642123287671234,-0.15782911584444073,-0.15501334990898394,,supported
H2B0032,A032,anchor,3.1,0.5,32,14,14,0.1,0.1,0.2,0.2430005258991474,0.6060437134880159,20,0.2032286011596213,0.20036348706738433,0.003228601159621286,0.000363487067384316,0.00286511409223697,True,0.27867722602739725,0.2764217717026078,0.2809326803521867,supported,-0.04480057845097367,-0.04664130384979828,-0.042959853052149055,supported,-0.20036348706738433,-0.2012573268348849,-0.19946964729988376,supported,-0.033638698630136986,-0.036070661582273,-0.031206735678000978,-0.3123159246575342,-0.31412186154673793,-0.3105099877683305,,supported
H2B0033,S001,sobol_symmetric,3.1,0.3,16,21,21,0.5,0.5,0.05,0.05,0.1429947517257437,20,0.04963273196505736,0.049991141579645466,0.000367268034942643,8.858420354536378e-06,0.0003584096145881066,True,0.046309931506849325,0.04495054759716822,0.04766931541653043,supported,-0.013446808805462809,-0.016768128901175093,-0.010125488709750526,supported,-0.049991141579645494,-0.05134239551995318,-0.04863988763933781,supported,0.0,0.0,0.0,-0.046309931506849325,-0.04766931541653043,-0.04495054759716822,,supported
H2B0033,S001,sobol_symmetric,3.1,0.3,16,21,21,0.5,0.5,0.1,0.1,0.2859895034514874,20,0.10078417462871095,0.09980995413981392,0.000784174628710943,0.00019004586018608882,0.0009742204888970318,True,0.0925684931506849,0.09071670492269665,0.09442028137867314,supported,-0.024470590319468157,-0.028869208635898393,-0.02007197200303792,supported,-0.09980995413981397,-0.10161051484976025,-0.0980093934298677,supported,0.0,0.0,0.0,-0.0925684931506849,-0.09442028137867314,-0.09071670492269665,,supported
H2B0033,S001,sobol_symmetric,3.1,0.3,16,21,21,0.5,0.5,0.2,0.2,0.5719790069029748,20,0.19973171171855814,0.19940171328166,0.0002682882814418752,0.000598286718340002,0.0003299984368981268,True,0.18482020547945205,0.18239582232121285,0.18724458863769125,supported,-0.05084312031045211,-0.05490366456473685,-0.04678257605616736,supported,-0.19940171328166006,-0.20146209780588978,-0.19734132875743035,supported,0.0,0.0,0.0,-0.18482020547945205,-0.18724458863769125,-0.18239582232121285,,supported
H2B0034,S002,sobol_symmetric,1.25,0.7,64,7,7,0.1,0.1,0.05,0.05,0.062559682469454,20,0.05047544357496887,0.05036034140156933,0.00047544357496887013,0.00036034140156932654,0.0001151021733995436,True,0.04049657534246574,0.03893801180374465,0.04205513888118684,supported,-0.01296041042117469,-0.015495848703254576,-0.010424972139094803,supported,-0.05036034140156935,-0.051067688341256245,-0.049652994461882455,supported,-0.003585188356164387,-0.005014262891301524,-0.00215611382102725,-0.044081763698630136,-0.044661186317878056,-0.043502341079382216,,supported
H2B0034,S002,sobol_symmetric,1.25,0.7,64,7,7,0.1,0.1,0.1,0.1,0.1251193649389081,20,0.10019794697156201,0.10023069754834793,0.00019794697156200192,0.00023069754834792455,3.2750576785922636e-05,True,0.08183861301369863,0.08015045950470692,0.08352676652269034,supported,-0.024623122649270822,-0.02788723920574944,-0.021359006092792204,supported,-0.10023069754834797,-0.10116736670608553,-0.09929402839061041,supported,-0.005896832191780832,-0.0072587511832135545,-0.004534913200348109,-0.08773544520547946,-0.08847727643232497,-0.08699361397863395,,supported
H2B0034,S002,sobol_symmetric,1.25,0.7,64,7,7,0.1,0.1,0.2,0.2,0.2502387298778163,20,0.1999113528971425,0.1998312683477334,8.864710285749755e-05,0.00016873165226660714,8.008454940910958e-05,True,0.1604280821917808,0.15883476650876102,0.1620213978748006,supported,-0.055540111523643396,-0.058332175634459096,-0.052748047412827695,supported,-0.19983126834773346,-0.20129624615577651,-0.1983662905396904,supported,-0.01451840753424658,-0.016061513394148002,-0.012975301674345156,-0.1749464897260274,-0.1761060343410989,-0.17378694511095588,,supported
H2B0035,S003,sobol_symmetric,2.0,0.1,16,28,28,0.0,0.0,0.05,0.0483377374750367,0.05,20,0.04649350349377706,0.05256967634263445,0.0035064965062229433,0.0025696763426344485,0.006076172848857392,True,0.007953767123287664,0.0035519313019717145,0.012355602944603613,supported,-0.04649350349377708,-0.05022476390640116,-0.042762243081153,supported,-0.0525696763426345,-0.055620014687915505,-0.049519337997353495,supported,-0.0026712328767123316,-0.007117682280619007,0.0017752165271943446,-0.010624999999999996,-0.011295230048777216,-0.009954769951222775,,supported
H2B0035,S003,sobol_symmetric,2.0,0.1,16,28,28,0.0,0.0,0.1,0.1042617896972843,0.0940586147707552,20,0.10557889463721282,0.09543165292880086,0.005578894637212811,0.004568347071199144,0.010147241708411955,False,0.005770547945205462,0.0017725187082933101,0.009768577182117613,supported,-0.10557889463721284,-0.10919490555198187,-0.10196288372244382,supported,-0.09543165292880089,-0.09871017117066298,-0.0921531346869388,supported,-0.0134845890410959,-0.017551419546411998,-0.0094177585357798,-0.01925513698630136,-0.02001783690565002,-0.018492437066952697,loss_matching_failed,inconclusive
H2B0035,S003,sobol_symmetric,2.0,0.1,16,28,28,0.0,0.0,0.2,0.2,0.1908798342676211,20,0.20244682000935005,0.1917463138508121,0.002446820009350037,0.008253686149187922,0.010700506158537959,False,0.008518835616438347,0.0034125078537411155,0.01362516337913558,supported,-0.20244682000935016,-0.2071344276533905,-0.19775921236530983,supported,-0.19174631385081214,-0.19556383890400067,-0.18792878879762362,supported,-0.03010273972602741,-0.035343832875022727,-0.024861646577032097,-0.03862157534246575,-0.039667266318947125,-0.03757588436598437,loss_matching_failed,inconclusive
H2B0036,S004,sobol_symmetric,4.0,0.9,64,14,14,0.3,0.3,0.05,0.05,0.200231848362665,20,0.04991509654183376,0.050116272755350855,8.490345816624528e-05,0.00011627275535085191,0.0002011762135170972,True,0.1793129280821918,0.17768752374081076,0.18093833242357282,supported,-0.001300052200888213,-0.002042171881201805,-0.0005579325205746212,inconclusive,-0.05011627275535091,-0.050534639808553036,-0.049697905702148784,supported,-0.0010916095890411148,-0.0017330052457778145,-0.0004502139323044152,-0.1804045376712329,-0.18174322316310285,-0.17906585217936297,balk_served,inconclusive
H2B0036,S004,sobol_symmetric,4.0,0.9,64,14,14,0.3,0.3,0.1,0.1,0.4004636967253301,20,0.09978443745124757,0.10033591527800248,0.00021556254875243486,0.00033591527800247434,0.0005514778267549092,True,0.35845034246575336,0.3569303952431079,0.35997028968839884,supported,-0.0025438524801441862,-0.0030610834586418684,-0.002026621501646504,inconclusive,-0.10033591527800252,-0.10079080102339144,-0.0998810295326136,supported,-0.0025149828767123904,-0.003398165918520837,-0.001631799834903944,-0.3609653253424658,-0.362488422687959,-0.35944222799697256,balk_served,inconclusive
H2B0036,S004,sobol_symmetric,4.0,0.9,64,14,14,0.3,0.3,0.2,0.2,0.8009273934506603,20,0.20020595347174314,0.2000107045105342,0.0002059534717431255,1.070451053419852e-05,0.00019524896120892699,True,0.7134696061643837,0.7119491603887229,0.7149900519400445,supported,-0.006150466577056003,-0.006709854804768729,-0.005591078349343277,supported,-0.2000107045105343,-0.20054041435007253,-0.19948099467099606,supported,-0.006299229452054772,-0.007079744414582368,-0.005518714489527176,-0.7197688356164385,-0.7210590264503794,-0.7184786447824975,,supported
H2B0037,S005,sobol_symmetric,3.1,0.1,64,14,14,0.3,0.3,0.05,0.05,0.0849714410761917,20,0.04999892976287033,0.049472910550718285,1.070237129675855e-06,0.0005270894492817174,0.0005260192121520416,True,0.011074486301369858,0.009406447696660622,0.012742524906079094,supported,-0.024714634127827605,-0.028076454902750004,-0.021352813352905207,supported,-0.04947291055071833,-0.0505917601204709,-0.04835406098096576,supported,-0.004265839041095898,-0.005951956493950212,-0.002579721588241584,-0.015340325342465756,-0.01571204601808505,-0.014968604666846458,,supported
H2B0037,S005,sobol_symmetric,3.1,0.1,64,14,14,0.3,0.3,0.1,0.1,0.1649419105848194,20,0.1003286811299462,0.09709248436934541,0.00032868112994619003,0.0029075156306545974,0.0032361967606007874,True,0.021982020547945198,0.019881032915985572,0.024083008179904823,supported,-0.04960321853837142,-0.05341897060807179,-0.04578746646867105,supported,-0.09709248436934549,-0.09845538368656771,-0.09572958505212327,supported,-0.008148544520547956,-0.010307650196637682,-0.0059894388444582305,-0.030130565068493154,-0.030569905022716358,-0.02969122511426995,,supported
H2B0037,S005,sobol_symmetric,3.1,0.1,64,14,14,0.3,0.3,0.2,0.2,0.3398857643047669,20,0.19837010146866677,0.19946664191399216,0.001629898531333246,0.0005333580860078513,0.0010965404453253946,True,0.044676797945205474,0.042853512121227115,0.04650008376918383,supported,-0.09835564872894806,-0.10222013143058091,-0.09449116602731521,supported,-0.19946664191399222,-0.20162304193842812,-0.19731024188955631,supported,-0.017208904109589047,-0.019193585404781596,-0.015224222814396495,-0.06188570205479451,-0.06258013404867802,-0.061191270060911004,,supported
H2B0038,S006,sobol_symmetric,1.25,0.9,16,28,28,0.0,0.0,0.05,0.0540155159670366,0.0572511153283808,20,0.04986696475639037,0.0479350987318853,0.00013303524360963603,0.002064901268114705,0.001931866024505069,True,0.05453767123287674,0.051818704496870704,0.05725663796888278,supported,0.003829129157862482,-0.0030815714199872468,0.010739829735712211,inconclusive,-0.04793509873188533,-0.04946051346989349,-0.046409683993877175,supported,0.0009589041095890372,-0.0006235951290367708,0.0025414033482148452,-0.053578767123287706,-0.05533162513500837,-0.051825909111567044,balk_served,inconclusive
H2B0038,S006,sobol_symmetric,1.25,0.9,16,28,28,0.0,0.0,0.1,0.1054729675985855,0.1203396758777772,20,0.10150492017582569,0.10057567325465389,0.0015049201758256803,0.0005756732546538801,0.0009292469211718002,True,0.11516267123287671,0.11293441592146394,0.11739092654428948,supported,0.004690654001516648,-0.0029698445987051967,0.012351152601738493,inconclusive,-0.10057567325465393,-0.1022959805106124,-0.09885536599869546,supported,0.0025256849315068554,0.0014278298419113304,0.0036235400211023804,-0.11263698630136987,-0.11467726882119363,-0.11059670378154611,balk_served,inconclusive
H2B0038,S006,sobol_symmetric,1.25,0.9,16,28,28,0.0,0.0,0.2,0.2,0.2406793517555544,20,0.20038476810891948,0.20007739781868597,0.00038476810891946434,7.739781868595919e-05,0.00030737029023350515,True,0.25625856164383565,0.2525774252024588,0.2599396980852125,supported,-0.028107792792822876,-0.034062271430497795,-0.022153314155147957,supported,-0.20007739781868605,-0.20281392820266134,-0.19734086743471077,supported,0.03218321917808214,0.02998243853403208,0.0343839998221322,-0.22407534246575342,-0.22709695169093802,-0.22105373324056882,,supported
H2B0039,S007;X083,sobol_symmetric,0.8,0.5,32,7,7,0.1,0.1,0.05,0.05,0.05,20,0.05119318252377707,0.050508782409383536,0.0011931825237770644,0.0005087824093835333,0.000684400114393531,True,-7.705479452055353e-05,-0.005051019697515411,0.004896910108474304,inconclusive,-0.051193182523777116,-0.05295735084702411,-0.04942901420053012,supported,-0.05050878240938359,-0.052116425890472926,-0.04890113892829426,supported,-0.02034246575342465,-0.025324553421882237,-0.015360378084967062,-0.020265410958904096,-0.020910350800379892,-0.0196204711174283,utilization,inconclusive
H2B0039,S007;X083,sobol_symmetric,0.8,0.5,32,7,7,0.1,0.1,0.1,0.1,0.1,20,0.09954668499526495,0.10084466386387647,0.00045331500473505537,0.0008446638638764659,0.0012979788686115212,True,0.0001198630136986234,-0.004123196513558858,0.0043629225409561045,inconclusive,-0.099546684995265,-0.10161753666460493,-0.09747583332592508,supported,-0.10084466386387651,-0.10313397317715221,-0.09855535455060081,supported,-0.04034246575342465,-0.0444770140921119,-0.0362079174147374,-0.04046232876712327,-0.041384198348985955,-0.03954045918526059,utilization,inconclusive
H2B0039,S007;X083,sobol_symmetric,0.8,0.5,32,7,7,0.1,0.1,0.2,0.202841745758013,0.2,20,0.20274934285279275,0.20164501316445937,0.002749342852792741,0.0016450131644593635,0.0011043296883333775,True,5.136986301367275e-05,-0.004291119892326945,0.0043938596183542905,inconclusive,-0.20274934285279275,-0.20528061300877556,-0.20021807269680994,supported,-0.20164501316445946,-0.20488065170189232,-0.1984093746270266,supported,-0.08085616438356165,-0.08537232467690536,-0.07634000409021793,-0.08090753424657533,-0.08222031072284802,-0.07959475777030264,utilization,inconclusive
H2B0040,S008,sobol_symmetric,3.1,0.7,32,21,21,0.5,0.5,0.05,0.05,0.1505900973476279,20,0.05012571241642934,0.049749626129210946,0.0001257124164293355,0.0002503738707890571,0.0003760862872183926,True,0.10521404109589046,0.10294814183132697,0.10747994036045394,supported,-0.00391154086525809,-0.0052023084663333115,-0.002620773264182868,inconclusive,-0.04974962612921101,-0.05030229987699663,-0.049196952381425386,supported,-0.0029794520547945123,-0.004757249782458627,-0.0012016543271303971,-0.10819349315068497,-0.10941525501515328,-0.10697173128621665,balk_served,inconclusive
H2B0040,S008,sobol_symmetric,3.1,0.7,32,21,21,0.5,0.5,0.1,0.1,0.3011801946952558,20,0.09989590843757248,0.09927421961231493,0.00010409156242752182,0.0007257803876850738,0.000621688825257552,True,0.2086900684931507,0.2065551417765289,0.2108249952097725,supported,-0.010033327357069414,-0.011922606525473792,-0.008144048188665036,supported,-0.09927421961231499,-0.09987018604465712,-0.09867825317997285,supported,-0.007093321917808232,-0.008944821488713764,-0.005241822346902699,-0.2157833904109589,-0.21702144804302978,-0.21454533277888801,,supported
H2B0040,S008,sobol_symmetric,3.1,0.7,32,21,21,0.5,0.5,0.2,0.2,0.6023603893905117,20,0.20039433641540935,0.19957360891591042,0.00039433641540934095,0.0004263910840895946,0.0008207274994989355,True,0.41847174657534253,0.4167221565969086,0.42022133655377647,supported,-0.021543596855975268,-0.02316502856717246,-0.019922165144778077,supported,-0.19957360891591047,-0.20051668870533798,-0.19863052912648296,supported,-0.015145547945205484,-0.01705247611735855,-0.013238619773052417,-0.433617294520548,-0.43537759353930255,-0.4318569955017934,,supported
H2B0041,S009,sobol_symmetric,2.0,0.3,32,28,28,0.1,0.1,0.05,0.05,0.0511506673429782,20,0.05038515475688371,0.05048420428830754,0.00038515475688370715,0.00048420428830753953,9.904953142383238e-05,True,0.015590753424657534,0.012127562985310748,0.01905394386400432,supported,-0.038659606005016986,-0.042878520397357185,-0.03444069161267679,supported,-0.05048420428830756,-0.05140726016598717,-0.049561148410627955,supported,-0.014619006849315075,-0.018075699990208798,-0.011162313708421355,-0.030209760273972607,-0.030741547912056376,-0.02967797263588884,,supported
H2B0041,S009,sobol_symmetric,2.0,0.3,32,28,28,0.1,0.1,0.1,0.1,0.1023013346859564,20,0.10034220444370287,0.1009185643512488,0.00034220444370286485,0.0009185643512487907,0.0005763599075459258,True,0.020171232876712325,0.0160394487603902,0.02430301699303445,supported,-0.08294834507179132,-0.08639949859935318,-0.07949719154422945,supported,-0.10091856435124882,-0.10261207270319242,-0.09922505599930523,supported,-0.04020547945205481,-0.04448846179445338,-0.03592249710965625,-0.06037671232876714,-0.06128669870274296,-0.059466725954791314,,supported
H2B0041,S009,sobol_symmetric,2.0,0.3,32,28,28,0.1,0.1,0.2,0.196696300548522,0.2046026693719128,20,0.1965212160543286,0.20006592839956955,0.0034787839456714154,6.5928399569537e-05,0.0035447123452409524,True,0.02177226027397261,0.017291968384336213,0.026252552163609007,supported,-0.17803044716648256,-0.18195164889734286,-0.17410924543562226,supported,-0.2000659283995696,-0.2024160859474362,-0.197715770851703,supported,-0.09784674657534247,-0.10267470931977767,-0.09301878383090727,-0.11961900684931508,-0.12090467862365041,-0.11833333507497974,,supported
H2B0042,S010,sobol_symmetric,0.8,0.9,32,14,14,0.5,0.5,0.05,0.05,0.05,20,0.049589461746215355,0.050201920904913086,0.00041053825378464803,0.00020192090491308323,0.0006124591586977313,True,0.0004109589041095818,-0.004743155419697006,0.00556507322791617,inconclusive,-0.049589461746215396,-0.050853826146247415,-0.04832509734618338,supported,-0.05020192090491314,-0.05123302029881739,-0.04917082151100889,supported,-0.035817636986301374,-0.041484415813071676,-0.03015085815953107,-0.036228595890410956,-0.03706983667238329,-0.03538735510843862,utilization,inconclusive
H2B0042,S010,sobol_symmetric,0.8,0.9,32,14,14,0.5,0.5,0.1,0.1,0.1,20,0.09936691491551737,0.10096553834223605,0.0006330850844826347,0.000965538342236047,0.0015986234267186816,True,0.0014511986301369794,-0.003978780030278208,0.006881177290552166,inconclusive,-0.09936691491551744,-0.10129935091882936,-0.09743447891220552,supported,-0.1009655383422361,-0.10250455955796284,-0.09942651712650935,supported,-0.0714083904109589,-0.0776274918242827,-0.06518928899763508,-0.07285958904109588,-0.07418606932593538,-0.07153310875625637,utilization,inconclusive
H2B0042,S010,sobol_symmetric,0.8,0.9,32,14,14,0.5,0.5,0.2,0.2,0.2,20,0.19975326912875163,0.20064964488663412,0.00024673087124837956,0.0006496448866341042,0.0008963757578824838,True,0.004071061643835627,-0.0005299825279829846,0.008672105815654238,inconclusive,-0.19975326912875166,-0.20269274983954744,-0.19681378841795588,supported,-0.20064964488663412,-0.202407450892188,-0.19889183888108022,supported,-0.14070205479452053,-0.14597789162698208,-0.13542621796205898,-0.14477311643835616,-0.1463642893196164,-0.14318194355709593,utilization,inconclusive
H2B0043,S011,sobol_symmetric,1.25,0.3,64,21,21,0.3,0.3,0.05,0.05,0.0500097439295846,20,0.05130653945342188,0.04971615882355137,0.0013065394534218788,0.00028384117644863344,0.0015903806298705123,True,-0.001183647260274001,-0.0038665420883916275,0.0014992475678436254,inconclusive,-0.04986827876538152,-0.05105285575672313,-0.048683701774039904,supported,-0.04971615882355142,-0.05047518447969327,-0.048957133167409565,supported,-0.019723886986301405,-0.022336080204378668,-0.01711169376822414,-0.0185402397260274,-0.018796720573468397,-0.018283758878586406,utilization,inconclusive
H2B0043,S011,sobol_symmetric,1.25,0.3,64,21,21,0.3,0.3,0.1,0.1,0.1000194878591692,20,0.1003833026478604,0.10036720917265347,0.00038330264786039236,0.0003672091726534682,1.6093475206924168e-05,True,0.0038955479452054465,0.0005396603428882867,0.007251435547522606,inconclusive,-0.09881320701232803,-0.10046488126441311,-0.09716153276024295,supported,-0.10036720917265356,-0.10172319248761359,-0.09901122585769352,supported,-0.03354023972602742,-0.03691912371034064,-0.0301613557417142,-0.03743578767123286,-0.03791373791155198,-0.036957837430913736,utilization,inconclusive
H2B0043,S011,sobol_symmetric,1.25,0.3,64,21,21,0.3,0.3,0.2,0.2,0.1971137805790273,20,0.20154596828262447,0.19616556507815625,0.0015459682826244603,0.0038344349218437657,0.005380403204468226,True,-0.0002996575342465724,-0.004141267814706058,0.0035419527462129136,inconclusive,-0.19994201386962787,-0.2024159876010541,-0.19746804013820166,supported,-0.19616556507815636,-0.19827966317383655,-0.19405146698247616,supported,-0.07351455479452056,-0.07729818918120106,-0.06973092040784006,-0.07321489726027397,-0.074050569636635,-0.07237922488391293,utilization,inconclusive
H2B0044,S012,sobol_symmetric,4.0,0.7,16,7,7,0.0,0.0,0.05,0.1485804150234594,0.16835572709428,20,0.049850685588807314,0.049217174391399485,0.00014931441119268862,0.0007828256086005181,0.0006335111974078295,True,0.12605308219178082,0.12299800047061775,0.12910816391294389,supported,-0.009345014743364074,-0.011066298890314744,-0.0076237305964134035,supported,-0.04921717439139954,-0.050029810057935394,-0.04840453872486369,supported,-0.01152397260273973,-0.014232925703505105,-0.008815019501974355,-0.13757705479452056,-0.13986680851361874,-0.1352873010754224,,supported
H2B0044,S012,sobol_symmetric,4.0,0.7,16,7,7,0.0,0.0,0.1,0.2521321830738547,0.3367114541885601,20,0.09359533328845054,0.09872732398522158,0.0064046667115494615,0.0012726760147784288,0.005131990696771033,True,0.2554195205479452,0.25253505388242814,0.25830398721346226,supported,-0.016077073546739394,-0.01772683513416172,-0.014427311959317068,supported,-0.09872732398522162,-0.09965842385006346,-0.09779622412037978,supported,-0.02100171232876713,-0.02408608416394463,-0.01791734049358963,-0.2764212328767124,-0.2789160918541374,-0.27392637389928737,,supported
H2B0044,S012,sobol_symmetric,4.0,0.7,16,7,7,0.0,0.0,0.2,0.3759611779653434,0.6734229083771202,0,0.1590209502344382,0.1999088189506193,,,0.0408878687161811,False,,,,inactive,,,,inactive,,,,inactive,,,,,,,target_unattainable,inactive
H2B0045,S013,sobol_symmetric,4.0,0.5,16,7,7,0.0,0.0,0.05,0.1561768935804191,0.1698169313888908,20,0.05110008835635691,0.04948269501611225,0.0011000883563569083,0.0005173049838877522,0.0016173933402446605,True,0.0865667808219178,0.08296472811142146,0.09016883353241413,supported,-0.01985357863234979,-0.021846815540501423,-0.017860341724198158,supported,-0.0494826950161123,-0.050375948203812776,-0.04858944182841182,supported,-0.012482876712328783,-0.015647693626717838,-0.009318059797939728,-0.09904965753424659,-0.1008799783410145,-0.09721933672747868,,supported
H2B0045,S013,sobol_symmetric,4.0,0.5,16,7,7,0.0,0.0,0.1,0.2804209436697761,0.3396338627777817,20,0.09891950758265247,0.09935638530987173,0.0010804924173475339,0.0006436146901282747,0.0004368777272192592,True,0.1740496575342466,0.1704830632776918,0.17761625179080137,supported,-0.03977755146583216,-0.042048830254682215,-0.0375062726769821,supported,-0.09935638530987176,-0.10062180928760683,-0.09809096133213668,supported,-0.02467465753424657,-0.027542037760994034,-0.021807277307499106,-0.19872431506849314,-0.20123394903364666,-0.19621468110333962,,supported
H2B0045,S013,sobol_symmetric,4.0,0.5,16,7,7,0.0,0.0,0.2,0.451002715535439,0.6792677255555635,20,0.1783783225948553,0.19867086149410637,0.0216216774051447,0.00132913850589364,0.02029253889925106,False,0.35385273972602743,0.350972468420331,0.3567330110317239,supported,-0.07333879755327159,-0.07522839325984998,-0.0714492018466932,supported,-0.19867086149410643,-0.19980427120349306,-0.1975374517847198,supported,-0.04406678082191782,-0.04723398659095731,-0.04089957505287833,-0.39791952054794527,-0.40002176371356996,-0.3958172773823206,loss_matching_failed,inconclusive
H2B0046,S014,sobol_symmetric,2.0,0.5,64,21,21,0.3,0.3,0.05,0.05,0.094878726669708,20,0.04991666820698345,0.05011963142046198,8.333179301655419e-05,0.00011963142046197972,0.0002029632134785339,True,0.04716609589041096,0.04577241075922018,0.04855978102160174,supported,-0.014640466184503131,-0.016622069989855985,-0.012658862379150275,supported,-0.05011963142046205,-0.05099793271076481,-0.04924133013015929,supported,-0.0028959760273972513,-0.004221743811416484,-0.0015702082433780183,-0.050062071917808204,-0.050875514767406246,-0.04924862906821016,,supported
H2B0046,S014,sobol_symmetric,2.0,0.5,64,21,21,0.3,0.3,0.1,0.1,0.1897574533394161,20,0.0997617127852028,0.10019488502942234,0.0002382872147972115,0.00019488502942233144,0.0004331722442195429,True,0.09186429794520548,0.08993682029418335,0.09379177559622762,supported,-0.02711992149550101,-0.029258632317036175,-0.024981210673965845,supported,-0.10019488502942239,-0.10125936232402341,-0.09913040773482137,supported,-0.008249143835616441,-0.010068890215115709,-0.0064293974561171734,-0.1001134417808219,-0.10107858594905295,-0.09914829761259086,,supported
H2B0046,S014,sobol_symmetric,2.0,0.5,64,21,21,0.3,0.3,0.2,0.2,0.3795149066788322,20,0.20003754383416966,0.2002842328095999,3.7543834169651014e-05,0.0002842328095998825,0.0002466889754302315,True,0.18356806506849316,0.18148475083365195,0.18565137930333436,supported,-0.05636317371482773,-0.0584526088582885,-0.054273738571366956,supported,-0.20028423280959995,-0.20175183921819861,-0.19881662640100128,supported,-0.016453339041095878,-0.018125705755612804,-0.014780972326578951,-0.20002140410958907,-0.20138297597570945,-0.1986598322434687,,supported
H2B0047,S015,sobol_symmetric,0.8,0.1,16,14,14,0.5,0.5,0.05,0.05,0.0535693138939787,20,0.04897922870850058,0.0552741022202559,0.0010207712914994255,0.0052741022202559,0.006294873511755325,True,0.0005308219178081941,-0.002132933917637834,0.0031945777532542225,inconclusive,-0.048979228708500584,-0.05195567628348572,-0.04600278113351545,supported,-0.05527410222025593,-0.05929527442815757,-0.05125293001235429,supported,-0.003921232876712357,-0.006679008338450669,-0.0011634574149740457,-0.004452054794520552,-0.0047890620204166495,-0.004115047568624455,utilization,inconclusive
H2B0047,S015,sobol_symmetric,0.8,0.1,16,14,14,0.5,0.5,0.1,0.1,0.1039300639182879,20,0.10583962571350321,0.10514888257419219,0.005839625713503202,0.005148882574192187,0.0006907431393110147,True,-0.00048801369863013256,-0.0034607758275832044,0.002484748430322939,inconclusive,-0.10583962571350328,-0.10998789382928864,-0.10169135759771791,supported,-0.10514888257419223,-0.11166614873290122,-0.09863161641548325,supported,-0.008955479452054793,-0.012135766605005753,-0.005775192299103834,-0.00846746575342466,-0.009021758979435225,-0.007913172527414095,utilization,inconclusive
H2B0047,S015,sobol_symmetric,0.8,0.1,16,14,14,0.5,0.5,0.2,0.2003063912839947,0.2,20,0.20082408304492932,0.20164398371451747,0.0008240830449293135,0.0016439837145174607,0.0008199006695881472,True,-0.0011986301369863047,-0.003896317323048717,0.0014990570490761076,inconclusive,-0.20082408304492932,-0.21261395709491568,-0.18903420899494297,supported,-0.2016439837145175,-0.21064323064084636,-0.19264473678818864,supported,-0.01743150684931508,-0.020107757921183644,-0.014755255777446517,-0.016232876712328776,-0.017036209119193034,-0.015429544305464518,utilization,inconclusive
H2B0048,S016,sobol_symmetric,3.1,0.9,64,28,28,0.1,0.1,0.05,0.05,0.1557815434090202,20,0.04996654941831041,0.04985175596370513,3.34505816895897e-05,0.0001482440362948756,0.0001147934546052859,True,0.13956549657534248,0.13801555233824253,0.14111544081244243,supported,-0.002192012616176758,-0.0033108733462221315,-0.0010731518861313847,inconclusive,-0.04985175596370517,-0.05039964175565796,-0.049303870171752376,supported,-0.0003424657534246367,-0.0008514334728843921,0.00016650196603511865,-0.13990796232876707,-0.1414435418927151,-0.13837238276481903,balk_served,inconclusive
H2B0048,S016,sobol_symmetric,3.1,0.9,64,28,28,0.1,0.1,0.1,0.1,0.3115630868180405,20,0.10092669135584206,0.10001842937818299,0.0009266913558420575,1.842937818298529e-05,0.0009082619776590722,True,0.2784974315068493,0.2767691921991544,0.2802256708145442,supported,-0.003594694784442534,-0.004523758000469228,-0.0026656315684158408,inconclusive,-0.10001842937818303,-0.10067922515467054,-0.09935763360169553,supported,-0.0022046232876711536,-0.0028380312227037994,-0.0015712153526385075,-0.28070205479452054,-0.2824855852864789,-0.2789185243025622,balk_served,inconclusive
H2B0048,S016,sobol_symmetric,3.1,0.9,64,28,28,0.1,0.1,0.2,0.2,0.623126173636081,20,0.19967283722660575,0.20041519527420576,0.00032716277339425726,0.00041519527420574853,0.0007423580476000058,True,0.5568964041095891,0.5551876275159053,0.5586051807032728,supported,-0.007730880537726054,-0.00856880126958856,-0.006892959805863547,supported,-0.2004151952742058,-0.20115265551020048,-0.1996777350382111,supported,-0.005490154109588979,-0.006260221716636987,-0.004720086502540972,-0.5623865582191782,-0.5639981185211038,-0.5607749979172525,,supported
H2B0049,S017,sobol_symmetric,3.1,0.1,32,7,7,0.3,0.3,0.05,0.05,0.1260112708417424,20,0.04909054543890284,0.051034263247323707,0.0009094545610971658,0.0010342632473237037,0.0019437178084208695,True,0.01693065068493153,0.015352735742232107,0.018508565627630955,supported,-0.018431960672796146,-0.02407399732730359,-0.012789924018288702,supported,-0.05103426324732376,-0.05272966789488027,-0.049338858599767256,supported,0.0011601027397259878,-0.00022194212202009296,0.0025421476014720686,-0.01577054794520554,-0.01625184138270354,-0.015289254507707545,,supported
H2B0049,S017,sobol_symmetric,3.1,0.1,32,7,7,0.3,0.3,0.1,0.1,0.2520225416834848,20,0.10151864372838333,0.10240222344946626,0.001518643728383326,0.002402223449466251,0.0008835797210829249,True,0.033090753424657546,0.03105602432942031,0.03512548251989478,supported,-0.03851350804947191,-0.045071601401335176,-0.03195541469760864,supported,-0.10240222344946633,-0.10510444636178821,-0.09970000053714444,supported,0.001386986301369819,-0.00031251117949825514,0.0030864837822378935,-0.03170376712328772,-0.032448437897720325,-0.030959096348855117,,supported
H2B0049,S017,sobol_symmetric,3.1,0.1,32,7,7,0.3,0.3,0.2,0.2,0.5040450833669696,20,0.19899483279543922,0.20222647731967763,0.0010051672045607862,0.002226477319677622,0.0032316445242384084,True,0.06375856164383555,0.06152669888719797,0.06599042440047312,supported,-0.07357531348584079,-0.07988736703005311,-0.06726325994162846,supported,-0.20222647731967766,-0.20580579990675327,-0.19864715473260205,supported,0.0010659246575341675,-0.0006376390418038019,0.002769488356872137,-0.06269263698630141,-0.06383184590234181,-0.06155342807026101,,supported
H2B0050,S018,sobol_symmetric,0.8,0.9,32,21,21,0.0,0.0,0.05,0.05,0.0475064840837067,20,0.049162522194680994,0.04732644373949205,0.0008374778053190091,0.002673556260507956,0.001836078455188947,True,0.0001198630136986345,-0.00547306827665321,0.0057127943040504794,inconclusive,-0.04916252219468106,-0.05065337152441301,-0.04767167286494912,supported,-0.047326443739492144,-0.048563175619182476,-0.04608971185980181,supported,-0.03394691780821918,-0.03954610229669589,-0.02834773331974247,-0.034066780821917816,-0.03494763393348056,-0.03318592771035507,utilization,inconclusive
H2B0050,S018,sobol_symmetric,0.8,0.9,32,21,21,0.0,0.0,0.1,0.1,0.1,20,0.09781018590852887,0.10020322482701724,0.0021898140914711345,0.00020322482701723432,0.002393038918488369,True,-0.002161815068493145,-0.007774632027136425,0.003451001890150135,inconclusive,-0.09781018590852894,-0.09923697714376538,-0.0963833946732925,supported,-0.1002032248270173,-0.10247190732004136,-0.09793454233399324,supported,-0.07428938356164383,-0.0795375774934849,-0.06904118962980275,-0.07212756849315069,-0.07372769149291356,-0.07052744549338782,utilization,inconclusive
H2B0050,S018,sobol_symmetric,0.8,0.9,32,21,21,0.0,0.0,0.2,0.2052776045279638,0.2,20,0.20587072072832627,0.20019146753267164,0.005870720728326256,0.00019146753267162975,0.005679253195654627,True,-0.0017080479452054708,-0.0062032226576856885,0.0027871267672747464,inconclusive,-0.20587072072832627,-0.20786922799967605,-0.20387221345697648,supported,-0.20019146753267164,-0.2024989372298742,-0.1978839978354691,supported,-0.14580907534246573,-0.15055160565873058,-0.1410665450262009,-0.1441010273972603,-0.14563031676883414,-0.14257173802568646,utilization,inconclusive
H2B0051,S019,sobol_symmetric,2.0,0.5,16,14,14,0.1,0.1,0.05,0.05,0.0991783774025575,20,0.05120012224768866,0.04970407249354035,0.0012001222476886592,0.0002959275064596534,0.0014960497541483125,True,0.04781678082191781,0.04422521594993882,0.051408345693896795,supported,-0.01839541797404287,-0.023458958238786957,-0.013331877709298784,supported,-0.04970407249354039,-0.050818785062022004,-0.04858935992505878,supported,-0.001669520547945208,-0.004508702850581261,0.001169661754690845,-0.04948630136986302,-0.05063504860375176,-0.04833755413597428,,supported
H2B0051,S019,sobol_symmetric,2.0,0.5,16,14,14,0.1,0.1,0.1,0.1,0.198356754805115,20,0.10012991970511631,0.10018963111733259,0.0001299197051163048,0.00018963111733258375,5.971141221627896e-05,True,0.09436643835616436,0.09029428984510164,0.09843858686722708,supported,-0.02805548309013356,-0.03316019067397398,-0.022950775506293136,supported,-0.10018963111733266,-0.10183631169650788,-0.09854295053815744,supported,-0.005453767123287679,-0.008559109025004398,-0.0023484252215709594,-0.09982020547945206,-0.10175467556767281,-0.0978857353912313,,supported
H2B0051,S019,sobol_symmetric,2.0,0.5,16,14,14,0.1,0.1,0.2,0.2,0.39671350961023,20,0.19845926307964662,0.19995979114752443,0.0015407369203533916,4.020885247557615e-05,0.0015005280678778155,True,0.18660958904109587,0.18242448224364854,0.1907946958385432,supported,-0.057589304986977584,-0.06151155129035439,-0.05366705868360078,supported,-0.19995979114752446,-0.20221372813525357,-0.19770585415979536,supported,-0.01255993150684932,-0.015481656874849304,-0.009638206138849335,-0.1991695205479452,-0.20196991181351398,-0.19636912928237643,,supported
H2B0052,S020,sobol_symmetric,4.0,0.5,64,28,28,0.5,0.5,0.05,0.05,0.1679878526344358,20,0.0498498833614964,0.050384197279833544,0.0001501166385036029,0.00038419727983354107,0.000534313918337144,True,0.10079409246575341,0.09987357882349113,0.10171460610801569,supported,-0.0067648748377705705,-0.007750460790653947,-0.005779288884887194,supported,-0.050384197279833606,-0.050870390781829554,-0.04989800377783766,supported,0.0,0.0,0.0,-0.10079409246575341,-0.10171460610801569,-0.09987357882349113,,supported
H2B0052,S020,sobol_symmetric,4.0,0.5,64,28,28,0.5,0.5,0.1,0.1,0.3359757052688717,20,0.10058015929432677,0.10078915068955088,0.000580159294326768,0.0007891506895508771,0.00020899139522410903,True,0.20165239726027395,0.20033058526265077,0.20297420925789714,supported,-0.013812941417528288,-0.014847406484021837,-0.01277847635103474,supported,-0.10078915068955094,-0.10140824625293621,-0.10017005512616567,supported,0.0,0.0,0.0,-0.20165239726027395,-0.20297420925789714,-0.20033058526265077,,supported
H2B0052,S020,sobol_symmetric,4.0,0.5,64,28,28,0.5,0.5,0.2,0.2,0.6719514105377434,20,0.19967256315627635,0.20193208415265235,0.0003274368437236608,0.0019320841526523358,0.0022595209963759966,True,0.40403895547945207,0.4023757089987942,0.4057022019601099,supported,-0.02991539544751795,-0.031018912808934037,-0.028811878086101864,supported,-0.2019320841526524,-0.2026837820782617,-0.2011803862270431,supported,0.0,0.0,0.0,-0.40403895547945207,-0.4057022019601099,-0.4023757089987942,,supported
H2B0053,S021,sobol_symmetric,4.0,0.3,32,28,28,0.5,0.5,0.05,0.05,0.1991526695522135,20,0.049984988815736195,0.049723423190348844,1.5011184263807875e-05,0.0002765768096511592,0.00026156562538735134,True,0.055359589041095905,0.052308540082096455,0.058410638000095355,supported,-0.006357070781238422,-0.008414126504362362,-0.004300015058114484,supported,-0.0497234231903489,-0.05070509065433798,-0.04874175572635982,supported,-0.004276541095890407,-0.006755806911260884,-0.0017972752805199294,-0.05963613013698631,-0.06076756835553471,-0.05850469191843791,,supported
H2B0053,S021,sobol_symmetric,4.0,0.3,32,28,28,0.5,0.5,0.1,0.1,0.398305339104427,20,0.10033331675784493,0.09925693863560206,0.00033331675784492587,0.0007430613643979456,0.0010763781222428714,True,0.11236301369863018,0.11004685872122262,0.11467916867603774,supported,-0.01628161233539559,-0.01773737744059556,-0.014825847230195621,supported,-0.09925693863560207,-0.10029009169820668,-0.09822378557299746,supported,-0.006708047945205464,-0.008865997010566184,-0.004550098879844745,-0.1190710616438356,-0.12023717620096191,-0.11790494708670929,,supported
H2B0053,S021,sobol_symmetric,4.0,0.3,32,28,28,0.5,0.5,0.2,0.2,0.7966106782088541,20,0.20068584818700202,0.19939172948848424,0.0006858481870020139,0.0006082705115157683,0.0012941186985177822,True,0.22482876712328767,0.2223279674009578,0.22732956684561753,supported,-0.03692536431602087,-0.03897507562122249,-0.034875653010819255,supported,-0.19939172948848433,-0.20076147625818636,-0.1980219827187823,supported,-0.014417808219178086,-0.016650666542988954,-0.012184949895367218,-0.2392465753424658,-0.24100173625440913,-0.23749141443052246,,supported
H2B0054,S022,sobol_symmetric,1.25,0.7,16,14,14,0.1,0.1,0.05,0.05,0.0508590354011943,20,0.0514850032391162,0.05084445327397239,0.0014850032391161977,0.0008444532739723884,0.0006405499651438093,True,0.00941780821917812,0.0032511525988889924,0.015584463839467247,supported,-0.0423344715587924,-0.04547276811385812,-0.03919617500372668,supported,-0.05084445327397245,-0.0524182831873772,-0.04927062336056769,supported,-0.03510273972602738,-0.04120658783234708,-0.02899889161970767,-0.0445205479452055,-0.045922415833867726,-0.04311868005654327,,supported
H2B0054,S022,sobol_symmetric,1.25,0.7,16,14,14,0.1,0.1,0.1,0.1003319116830132,0.1017180708023886,20,0.10056298736428823,0.10173664132559257,0.0005629873642882255,0.001736641325592564,0.0011736539613043384,True,0.014811643835616428,0.007400654104163489,0.022222633567069366,supported,-0.08910331708135327,-0.09275760715845775,-0.08544902700424879,supported,-0.10173664132559261,-0.10377695850653974,-0.09969632414464548,supported,-0.0742722602739726,-0.08193411943119293,-0.06661040111675227,-0.08908390410958904,-0.09100599839845588,-0.08716180982072219,,supported
H2B0054,S022,sobol_symmetric,1.25,0.7,16,14,14,0.1,0.1,0.2,0.2,0.2034361416047773,20,0.19966458656803743,0.20303702244126026,0.00033541343196258344,0.003037022441260251,0.0033724358732228343,True,0.012405821917808212,0.007997157073698963,0.016814486761917463,supported,-0.18755498271647425,-0.1920585307590697,-0.1830514346738788,supported,-0.20303702244126032,-0.2052117561620917,-0.20086228872042894,supported,-0.1653082191780822,-0.1700471510368661,-0.1605692873192983,-0.17771404109589042,-0.17998598138869296,-0.1754421008030879,,supported
H2B0055,S023,sobol_symmetric,0.8,0.3,64,21,21,0.0,0.0,0.05,0.05,0.05,20,0.04925245421918485,0.0493536291055751,0.0007475457808151509,0.0006463708944249025,0.00010117488639024841,True,0.0006827910958904337,-0.003081297158983941,0.004446879350764808,inconclusive,-0.049252454219184914,-0.050436771154606805,-0.048068137283763024,supported,-0.04935362910557513,-0.05086454000603824,-0.04784271820511202,supported,-0.011136558219178055,-0.014907637695052552,-0.00736547874330356,-0.011819349315068488,-0.012208649146057654,-0.011430049484079323,utilization,inconclusive
H2B0055,S023,sobol_symmetric,0.8,0.3,64,21,21,0.0,0.0,0.1,0.1,0.1,20,0.09989763984568908,0.10000560647848375,0.00010236015431092094,5.60647848374396e-06,0.0001079666327946649,True,0.000612157534246549,-0.003328258562391894,0.0045525736308849925,inconclusive,-0.09989763984568908,-0.1020459014409405,-0.09774937825043767,supported,-0.10000560647848378,-0.10194533898321424,-0.09806587397375331,supported,-0.023330479452054798,-0.027404534606191713,-0.019256424297917882,-0.023942636986301346,-0.024412095841162728,-0.023473178131439964,utilization,inconclusive
H2B0055,S023,sobol_symmetric,0.8,0.3,64,21,21,0.0,0.0,0.2,0.2,0.2062757669588228,20,0.19986590644196392,0.20624601157154276,0.00013409355803609135,0.006246011571542753,0.006380105129578845,True,0.0028788527397260234,-0.0010458487610274978,0.006803554240479544,inconclusive,-0.19986590644196398,-0.20235835756922502,-0.19737345531470293,supported,-0.20624601157154282,-0.20946849683574575,-0.20302352630733989,supported,-0.04650042808219178,-0.050726086628948716,-0.04227476953543484,-0.049379280821917795,-0.05018712121848734,-0.04857144042534825,utilization,inconclusive
H2B0056,S024,sobol_symmetric,2.0,0.7,16,7,7,0.3,0.3,0.05,0.05,0.0914102579418708,20,0.05017008556376055,0.049572648471414946,0.00017008556376054557,0.0004273515285850571,0.0005974370923456027,True,0.06253424657534248,0.05974421576071114,0.06532427738997383,supported,-0.007902560988968937,-0.011472696061794204,-0.0043324259161436705,supported,-0.049572648471415,-0.05083654345619108,-0.04830875348663892,supported,-0.0069606164383561545,-0.00974041234814578,-0.004180820528566529,-0.06949486301369863,-0.07118015488818386,-0.0678095711392134,,supported
H2B0056,S024,sobol_symmetric,2.0,0.7,16,7,7,0.3,0.3,0.1,0.0972834991026041,0.1828205158837416,20,0.0976583222253142,0.09937530858442373,0.002341677774685802,0.0006246914155762784,0.0017169863591095236,True,0.12626712328767123,0.12243580274298846,0.130098443832354,supported,-0.011854225781387857,-0.016108016166312657,-0.007600435396463055,supported,-0.09937530858442378,-0.10125768311553751,-0.09749293405331005,supported,-0.013167808219178078,-0.0160395468315186,-0.010296069606837557,-0.1394349315068493,-0.14186305183650372,-0.13700681117719488,,supported
H2B0056,S024,sobol_symmetric,2.0,0.7,16,7,7,0.3,0.3,0.2,0.2022930300466982,0.3656410317674832,20,0.2028170700358447,0.19848080562255177,0.002817070035844693,0.0015191943774482408,0.004336264413292934,True,0.24636986301369862,0.24275674242939022,0.24998298359800702,supported,-0.028693483665122126,-0.03276472742979429,-0.024622239900449962,supported,-0.19848080562255183,-0.20121587539511293,-0.19574573584999072,supported,-0.03190068493150684,-0.03447778308187607,-0.02932358678113761,-0.27827054794520556,-0.28159374508258656,-0.27494735080782456,,supported
H2B0057,S025,sobol_symmetric,2.0,0.3,64,14,14,0.0,0.0,0.05,0.0632123027499142,0.0651774081910357,20,0.05015598283220627,0.05036786374096588,0.00015598283220626813,0.000367863740965875,0.00021188090875960686,True,0.02291095890410959,0.020811026339583566,0.025010891468635617,supported,-0.02368644339061381,-0.02627361261454584,-0.02109927416668178,supported,-0.05036786374096593,-0.051196150126928054,-0.04953957735500381,supported,-0.007549229452054784,-0.009665653355313785,-0.005432805548795785,-0.030460188356164375,-0.030959114888937433,-0.029961261823391316,,supported
H2B0057,S025,sobol_symmetric,2.0,0.3,64,14,14,0.0,0.0,0.1,0.1230849910385635,0.1303548163820715,20,0.10169060018498295,0.10064378955141957,0.001690600184982946,0.0006437895514195685,0.0010468106335633776,True,0.045002140410958916,0.04204118813642876,0.047963092685489074,supported,-0.049118510809531155,-0.052018218315716194,-0.046218803303346115,supported,-0.10064378955141959,-0.10165051219107733,-0.09963706691176184,supported,-0.015682791095890398,-0.018646021380492137,-0.012719560811288659,-0.06068493150684932,-0.061314757199614635,-0.060055105814084,,supported
H2B0057,S025,sobol_symmetric,2.0,0.3,64,14,14,0.0,0.0,0.2,0.2317238088511314,0.260709632764143,20,0.20093479368956357,0.20035187628864665,0.0009347936895635622,0.00035187628864663534,0.0005829174009169269,True,0.09243578767123288,0.08864020104274724,0.09623137429971852,supported,-0.10091926244983089,-0.10500418014812589,-0.09683434475153589,supported,-0.20035187628864676,-0.2020112783274207,-0.19869247424987282,supported,-0.028266267123287662,-0.031831430610209314,-0.024701103636366014,-0.12070205479452056,-0.12163948629681504,-0.11976462329222609,,supported
H2B0058,S026,sobol_symmetric,0.8,0.5,16,28,28,0.3,0.3,0.05,0.05,0.05,20,0.05024123042782676,0.051402616416968507,0.0002412304278267552,0.0014026164169685038,0.0011613859891417486,True,0.002020547945205503,-0.0016897761849741697,0.005730872075385175,inconclusive,-0.05024123042782678,-0.05176888182705073,-0.04871357902860283,supported,-0.05140261641696853,-0.05303999489039384,-0.04976523794354321,supported,-0.018570205479452047,-0.022422911581623295,-0.014717499377280799,-0.02059075342465755,-0.021267707770615027,-0.01991379907870007,utilization,inconclusive
H2B0058,S026,sobol_symmetric,0.8,0.5,16,28,28,0.3,0.3,0.1,0.1,0.1,20,0.10026449195877643,0.10015382533514972,0.00026449195877642495,0.00015382533514970986,0.00011066662362671509,True,0.0010102739726027404,-0.0031316665300143067,0.005152214475219788,inconclusive,-0.10026449195877649,-0.10267477417184284,-0.09785420974571013,supported,-0.10015382533514978,-0.10242138885540121,-0.09788626181489836,supported,-0.03912671232876715,-0.043356479075345934,-0.03489694558218837,-0.04013698630136989,-0.04118588060734017,-0.0390880919953996,utilization,inconclusive
H2B0058,S026,sobol_symmetric,0.8,0.5,16,28,28,0.3,0.3,0.2,0.2033478134805895,0.2,20,0.20631793643469756,0.19926146544890477,0.006317936434697552,0.0007385345510952379,0.00705647098579279,True,-0.002414383561643832,-0.0065117710407030524,0.0016830039174153882,inconclusive,-0.20631793643469765,-0.20875017841053875,-0.20388569445885654,supported,-0.19926146544890483,-0.20262759762939245,-0.1958953332684172,supported,-0.08226883561643838,-0.08708840050333824,-0.07744927072953853,-0.07985445205479455,-0.08154595014389107,-0.07816295396569803,utilization,inconclusive
H2B0059,S027,sobol_symmetric,1.25,0.1,64,7,7,0.5,0.5,0.05,0.0453968123785965,0.0569293864576049,20,0.046005928758554374,0.04990230283473697,0.003994071241445629,9.769716526303318e-05,0.003896374076182596,True,0.0027268835616438224,0.0011327499958774388,0.0043210171274102056,inconclusive,-0.03674346142315605,-0.04080244701823811,-0.03268447582807399,supported,-0.049902302834737025,-0.05212187406068812,-0.04768273160878593,supported,-0.0034931506849315065,-0.005144275244151918,-0.0018420261257110957,-0.006220034246575329,-0.006516209463265791,-0.005923859029884866,utilization,inconclusive
H2B0059,S027,sobol_symmetric,1.25,0.1,64,7,7,0.5,0.5,0.1,0.1,0.110603957451103,20,0.10095593121963073,0.09791900753556622,0.0009559312196307235,0.002080992464433787,0.0030369236840645103,True,0.008625856164383567,0.007455293394780978,0.009796418933986155,supported,-0.07930003436121646,-0.08556040950204787,-0.07303965922038506,supported,-0.09791900753556629,-0.10051875432972537,-0.0953192607414072,supported,-0.0035809075342465692,-0.00491401695440012,-0.0022477981140930185,-0.012206763698630135,-0.012567524486054537,-0.011846002911205734,,supported
H2B0059,S027,sobol_symmetric,1.25,0.1,64,7,7,0.5,0.5,0.2,0.2,0.2277175458304196,20,0.20256134715899238,0.200734434646422,0.0025613471589923664,0.0007344346464219775,0.0018269125125703889,True,0.017296660958904104,0.015574135145062003,0.019019186772746204,supported,-0.16251384378336056,-0.1682636569380544,-0.15676403062866673,supported,-0.20073443464642202,-0.20482069176018378,-0.19664817753266026,supported,-0.0077076198630136985,-0.009317897585382678,-0.0060973421406447185,-0.0250042808219178,-0.025620834690831908,-0.024387726953003695,,supported
H2B0060,S028;X023,sobol_symmetric,3.1,0.9,32,21,21,0.1,0.1,0.05,0.05,0.1502731512658228,20,0.04988941334478779,0.05003304891076238,0.00011058665521221367,3.304891076237604e-05,0.0001436355659745897,True,0.13889126712328767,0.13727525293522871,0.14050728131134663,supported,-0.0014354288742584847,-0.0026924257218628646,-0.000178432026654105,inconclusive,-0.050033048910762414,-0.05048400891903061,-0.049582088902494215,supported,-0.001742294520547949,-0.002867050877799906,-0.0006175381632959921,-0.14063356164383561,-0.14175267840901365,-0.13951444487865758,balk_served,inconclusive
H2B0060,S028;X023,sobol_symmetric,3.1,0.9,32,21,21,0.1,0.1,0.1,0.1,0.3005463025316457,20,0.09994291544976348,0.10008021091199175,5.7084550236521925e-05,8.021091199174324e-05,0.00013729546222826516,True,0.277277397260274,0.2754237936918183,0.2791310008287297,supported,-0.0018208196777201979,-0.0031559466269499717,-0.0004856927284904238,inconclusive,-0.10008021091199182,-0.10067448257846098,-0.09948593924552265,supported,-0.004075342465753406,-0.005295117651088033,-0.0028555672804187796,-0.28135273972602737,-0.2827671858396134,-0.2799382936124413,balk_served,inconclusive
H2B0060,S028;X023,sobol_symmetric,3.1,0.9,32,21,21,0.1,0.1,0.2,0.2,0.6010926050632915,20,0.19970595100381758,0.20097329929204172,0.0002940489961824333,0.0009732992920417072,0.0012673482882241405,True,0.556541095890411,0.5540990250791973,0.5589831667016247,supported,-0.003456105367763998,-0.005005614845161734,-0.0019065958903662626,inconclusive,-0.2009732992920418,-0.20201485575066225,-0.19993174283342136,supported,-0.007983732876712335,-0.009114379129876825,-0.006853086623547845,-0.5645248287671232,-0.5668284675768569,-0.5622211899573895,balk_served,inconclusive
H2B0061,S029,sobol_symmetric,4.0,0.1,16,21,21,0.1,0.1,0.05,0.05,0.0945417871896923,20,0.05024495842603882,0.049313743238771024,0.0002449584260388188,0.0006862567612289788,0.0009312151872677976,True,0.017773972602739725,0.014420228582098222,0.02112771662338123,supported,-0.017240005968566084,-0.025084815133749064,-0.009395196803383105,supported,-0.04931374323877109,-0.05118258944825858,-0.04744489702928361,supported,-0.0019349315068493077,-0.0051224378599882625,0.001252574846289647,-0.01970890410958903,-0.020409428031103932,-0.01900838018807413,,supported
H2B0061,S029,sobol_symmetric,4.0,0.1,16,21,21,0.1,0.1,0.1,0.0952330748309566,0.1981278507808422,20,0.09815472772283305,0.10478774080146827,0.001845272277166951,0.004787740801468265,0.0066330130786352165,True,0.03506849315068493,0.03278004994972691,0.03735693635164295,supported,-0.03332083181870314,-0.03976097688165651,-0.026880686755749776,supported,-0.10478774080146831,-0.10703671436726643,-0.1025387672356702,supported,-0.0067893835616438195,-0.00898767464272479,-0.00459109248056285,-0.04185787671232875,-0.04284469555766344,-0.040871057866994055,,supported
H2B0061,S029,sobol_symmetric,4.0,0.1,16,21,21,0.1,0.1,0.2,0.1952621302184203,0.3781671487587695,20,0.19740364871130225,0.20107932520895638,0.002596351288697757,0.001079325208956372,0.003675676497654129,True,0.07023116438356165,0.06666838204580802,0.07379394672131528,supported,-0.07957675381407936,-0.08774708619219475,-0.07140642143596397,supported,-0.20107932520895644,-0.20537755257133022,-0.19678109784658265,supported,-0.010025684931506828,-0.013632801455280097,-0.00641856840773356,-0.08025684931506849,-0.08209723043440509,-0.07841646819573189,,supported
H2B0062,S030,sobol_symmetric,1.25,0.9,64,7,7,0.5,0.5,0.05,0.05,0.0620504081146887,20,0.050014380636847225,0.0501842689101931,1.4380636847222128e-05,0.00018426891019309583,0.0001698882733458737,True,0.05458476027397262,0.05375477510483766,0.05541474544310758,supported,-0.005493774409411229,-0.008925825316661085,-0.0020617235021613734,supported,-0.05018426891019316,-0.05076198785296401,-0.04960654996742231,supported,-0.0019178082191780744,-0.0026502418871810866,-0.0011853745511750623,-0.0565025684931507,-0.05709572084294303,-0.05590941614335836,,supported
H2B0062,S030,sobol_symmetric,1.25,0.9,64,7,7,0.5,0.5,0.1,0.0974133249542822,0.1241008162293774,20,0.09764406686659236,0.10051691947840598,0.0023559331334076505,0.0005169194784059722,0.0028728526118136227,True,0.10851669520547944,0.10740323948135057,0.1096301509296083,supported,-0.008535054124937764,-0.01152995874829663,-0.0055401495015788985,supported,-0.10051691947840602,-0.10148318004061375,-0.09955065891619828,supported,-0.0045954623287671695,-0.0052253844495852835,-0.003965540207949056,-0.1131121575342466,-0.11408551509684428,-0.11213879997164891,,supported
H2B0062,S030,sobol_symmetric,1.25,0.9,64,7,7,0.5,0.5,0.2,0.2,0.2482016324587549,20,0.19984076227211708,0.20085323920710252,0.00015923772788292712,0.0008532392071025074,0.0010124769349854346,True,0.2143279109589041,0.21219133134997908,0.21646449056782913,supported,-0.020396754637977542,-0.022746492008693647,-0.018047017267261437,supported,-0.20085323920710252,-0.20237909635230594,-0.1993273820618991,supported,-0.011650256849315106,-0.012815986817077251,-0.01048452688155296,-0.22597816780821917,-0.22751716099848807,-0.22443917461795027,,supported
H2B0063,S031,sobol_symmetric,1.25,0.3,32,28,28,0.3,0.3,0.05,0.0496570284609789,0.0625894819088517,20,0.0490557123554413,0.04946763891395821,0.0009442876445587001,0.0005323610860417938,0.0004119265585169063,True,0.01495719178082191,0.012694195846773046,0.017220187714870775,supported,-0.02774120770611736,-0.03226844885820246,-0.023213966554032264,supported,-0.04946763891395825,-0.05051898943089755,-0.048416288397018954,supported,-0.0035958904109589076,-0.005812628777756755,-0.0013791520441610605,-0.01855308219178082,-0.018946350413131575,-0.018159813970430063,,supported
H2B0063,S031,sobol_symmetric,1.25,0.3,32,28,28,0.3,0.3,0.1,0.098625399146364,0.1251789638177035,20,0.09801908122397242,0.0997340493243872,0.0019809187760275876,0.0002659506756128027,0.0017149681004147849,True,0.031177226027397253,0.02844151929857563,0.03391293275621888,supported,-0.05692737475030836,-0.060769226921444826,-0.053085522579171894,supported,-0.09973404932438726,-0.10153567722596828,-0.09793242142280624,supported,-0.0062457191780821986,-0.009116070745563695,-0.0033753676106007035,-0.03742294520547945,-0.038171215905216736,-0.03667467450574217,,supported
H2B0063,S031,sobol_symmetric,1.25,0.3,32,28,28,0.3,0.3,0.2,0.2,0.2547507790575183,20,0.1999701818905018,0.2030584286598053,2.981810949820307e-05,0.0030584286598052957,0.0030882467693034987,True,0.06269263698630137,0.060427969689841016,0.06495730428276172,supported,-0.11428211186219894,-0.11885493008514686,-0.10970929363925103,supported,-0.2030584286598053,-0.2061011238430628,-0.2000157334765478,supported,-0.013488869863013698,-0.016158484187380077,-0.010819255538647318,-0.07618150684931506,-0.07760102210135097,-0.07476199159727914,,supported
H2B0064,S032,sobol_symmetric,3.1,0.7,32,14,14,0.0,0.0,0.05,0.1089599708544788,0.1242116612060012,20,0.049322687120234965,0.05047125642635775,0.000677312879765038,0.000471256426357744,0.001148569306122782,True,0.10865582191780825,0.10739942839291493,0.10991221544270156,supported,-0.005709505784975574,-0.007355883861720199,-0.004063127708230949,supported,-0.050471256426357816,-0.051094414597554164,-0.04984809825516147,supported,-0.0018065068493150148,-0.002382628586272668,-0.0012303851123573618,-0.11046232876712328,-0.11150751050407644,-0.10941714703017012,,supported
H2B0064,S032,sobol_symmetric,3.1,0.7,32,14,14,0.0,0.0,0.1,0.1985046982219792,0.2484233224120025,20,0.09888086508121016,0.10034500507572282,0.0011191349187898436,0.00034500507572281236,0.001464139994512656,True,0.21715325342465763,0.21542048492745833,0.21888602192185694,supported,-0.010134590732563595,-0.0123991025568172,-0.00787007890830999,supported,-0.10034500507572286,-0.10130389309208841,-0.0993861170593573,supported,-0.0027097602739725225,-0.0032857903299030747,-0.0021337302180419702,-0.21986301369863015,-0.22162094564554471,-0.21810508175171558,,supported
H2B0064,S032,sobol_symmetric,3.1,0.7,32,14,14,0.0,0.0,0.2,0.3162102652334833,0.496846644824005,0,0.1792240434808721,0.1985849211124694,,,0.0193608776315972,False,,,,inactive,,,,inactive,,,,inactive,,,,,,,target_unattainable,inactive
H2B0065,S033,sobol_symmetric,3.1,0.1,64,7,7,0.5,0.5,0.05,0.05,0.152199529484673,20,0.050329415688131665,0.048239995664464394,0.00032941568813166233,0.0017600043355356088,0.002089420023667271,True,0.012174657534246597,0.009831012072471564,0.01451830299602163,supported,-0.01328388999934973,-0.015717509705523693,-0.010850270293175767,supported,-0.04823999566446444,-0.0494161916837775,-0.04706379964515139,supported,-0.0028446061643835397,-0.005178433299267373,-0.0005107790294997068,-0.015019263698630136,-0.015379731567966086,-0.014658795829294186,,supported
H2B0065,S033,sobol_symmetric,3.1,0.1,64,7,7,0.5,0.5,0.1,0.1010073205785337,0.304399058969346,20,0.10076080306682686,0.09704592972317441,0.000760803066826854,0.0029540702768255933,0.0037148733436524473,True,0.025590753424657543,0.02372898457299326,0.027452522276321827,supported,-0.029376906261758835,-0.03247845484082925,-0.026275357682688422,supported,-0.09704592972317447,-0.09892683146238287,-0.09516502798396606,supported,-0.004616866438356149,-0.006411175087301547,-0.002822557789410751,-0.03020761986301369,-0.030862437991583384,-0.029552801734443995,,supported
H2B0065,S033,sobol_symmetric,3.1,0.1,64,7,7,0.5,0.5,0.2,0.2,0.5960072885673312,20,0.19947593289867924,0.19065887885220256,0.0005240671013207743,0.009341121147797449,0.008817054046476674,True,0.050254708904109636,0.04839511007415176,0.052114307734067514,supported,-0.056221744934724725,-0.05922061496606459,-0.05322287490338486,supported,-0.19065887885220262,-0.19328041858801445,-0.18803733911639078,supported,-0.0090732020547945,-0.010637711269451774,-0.0075086928401372245,-0.05932791095890413,-0.060210663926802015,-0.05844515799100624,,supported
H2B0066,S034,sobol_symmetric,1.25,0.9,16,21,21,0.1,0.1,0.05,0.05,0.0604002406570364,20,0.05124150856064671,0.05074299792397494,0.001241508560646705,0.0007429979239749404,0.0004985106366717645,True,0.05702910958904108,0.05605713122971981,0.058001087948362354,supported,-0.00024988027011385583,-0.006203480214111404,0.005703719673883692,inconclusive,-0.050742997923975,-0.05160271328327913,-0.04988328256467087,supported,-1.7123287671239052e-05,-5.2962740657695615e-05,1.8716165315217507e-05,-0.05704623287671233,-0.05802369043746737,-0.05606877531595729,balk_served,inconclusive
H2B0066,S034,sobol_symmetric,1.25,0.9,16,21,21,0.1,0.1,0.1,0.0984231364037311,0.1208004813140729,20,0.09863263774166856,0.10140888562285724,0.0013673622583314504,0.0014088856228572366,0.002776247881188687,True,0.11366438356164381,0.11210529689358165,0.11522347022970597,supported,-0.003293681019246003,-0.007141851455112997,0.0005544894166209908,inconclusive,-0.1014088856228573,-0.10289227737940629,-0.09992549386630831,supported,-0.00029109589041098616,-0.0005179135685336011,-6.427821228837118e-05,-0.1139554794520548,-0.11557348603858393,-0.11233747286552566,balk_served,inconclusive
H2B0066,S034,sobol_symmetric,1.25,0.9,16,21,21,0.1,0.1,0.2,0.2031151359750057,0.2416009626281459,20,0.20451588127550485,0.2032554364442026,0.0045158812755048405,0.003255436444202592,0.0012604448313022487,True,0.18829623287671238,0.18303616937965575,0.193556296373769,supported,-0.049359311759523156,-0.05353907363628764,-0.04517954988275867,supported,-0.2032554364442026,-0.20533272413023204,-0.20117814875817316,supported,-0.040179794520547894,-0.045127461765850946,-0.03523212727524484,-0.22847602739726022,-0.2308074193719345,-0.22614463542258595,,supported
H2B0067,S035,sobol_symmetric,1.25,0.3,32,14,14,0.0,0.0,0.05,0.05,0.050335057122881,20,0.04969009621112341,0.049573651653461046,0.0003099037888765893,0.00042634834653895726,0.00011644455766236794,True,0.018381849315068526,0.017829970123234735,0.018933728506902316,supported,-0.04912979529853823,-0.05116120588103541,-0.04709838471604105,supported,-0.049573651653461066,-0.05114061692855952,-0.04800668637836261,supported,0.0,0.0,0.0,-0.018381849315068526,-0.018933728506902316,-0.017829970123234735,,supported
H2B0067,S035,sobol_symmetric,1.25,0.3,32,14,14,0.0,0.0,0.1,0.1003190319285118,0.100670114245762,20,0.09931870888758626,0.09962080652694458,0.0006812911124137455,0.00037919347305542805,0.00030209763935831746,True,0.036913527397260254,0.03620476760753585,0.03762228718698466,supported,-0.09803494837376617,-0.100641757189373,-0.09542813955815933,supported,-0.0996208065269446,-0.10167613471986839,-0.09756547833402082,supported,0.0,0.0,0.0,-0.036913527397260254,-0.03762228718698466,-0.03620476760753585,,supported
H2B0067,S035,sobol_symmetric,1.25,0.3,32,14,14,0.0,0.0,0.2,0.2,0.201340228491524,20,0.20085760053975116,0.2003717726661863,0.0008576005397511466,0.000371772666186293,0.0004858278735648536,True,0.07433219178082191,0.07356202747473337,0.07510235608691046,supported,-0.19889446192282945,-0.20161437905224838,-0.1961745447934105,supported,-0.2003717726661863,-0.20256923461446127,-0.19817431071791133,supported,0.0,0.0,0.0,-0.07433219178082191,-0.07510235608691046,-0.07356202747473337,,supported
H2B0068,S036,sobol_symmetric,4.0,0.7,32,28,28,0.3,0.3,0.05,0.05,0.1874000645338166,20,0.049823190079378285,0.04990299651595266,0.00017680992062171774,9.700348404734216e-05,7.980643657437558e-05,True,0.13455051369863016,0.13260991252239013,0.1364911148748702,supported,-0.003826887755191613,-0.004826287264461328,-0.0028274882459218974,inconclusive,-0.04990299651595272,-0.05054183855059317,-0.04926415448131228,supported,-0.0050727739726027345,-0.006625640841683096,-0.003519907103522373,-0.1396232876712329,-0.14124174335155829,-0.1380048319909075,balk_served,inconclusive
H2B0068,S036,sobol_symmetric,4.0,0.7,32,28,28,0.3,0.3,0.1,0.1,0.3748001290676333,20,0.10072871792544677,0.09977336866886287,0.0007287179254467646,0.00022663133113713652,0.0009553492565839011,True,0.27204623287671237,0.2701647963345341,0.27392766941889063,supported,-0.007412113181600538,-0.00873724799029342,-0.006086978372907656,supported,-0.09977336866886291,-0.10048498649974621,-0.0990617508379796,supported,-0.007080479452054788,-0.008387326870025094,-0.0057736320340844825,-0.2791267123287671,-0.2807213931246313,-0.27753203153290296,,supported
H2B0068,S036,sobol_symmetric,4.0,0.7,32,28,28,0.3,0.3,0.2,0.2,0.7496002581352667,20,0.20015216574726233,0.2000107709938692,0.00015216574726231724,1.0770993869202439e-05,0.0001413947533931148,True,0.5444905821917808,0.5428074892370188,0.5461736751465428,supported,-0.016283942491561152,-0.01768284385630882,-0.014885041126813487,supported,-0.20001077099386927,-0.20098305114027779,-0.19903849084746075,supported,-0.015256849315068516,-0.016981078146749453,-0.013532620483387577,-0.5597474315068494,-0.5619033041157263,-0.5575915588979724,,supported
H2B0069,S037,sobol_symmetric,3.1,0.5,16,28,28,0.3,0.3,0.05,0.05,0.146397863708649,20,0.04952230694294472,0.049833515134996856,0.00047769305705528536,0.00016648486500314696,0.0003112081920521384,True,0.07696917808219175,0.0754801997098611,0.07845815645452241,supported,-0.010615687366790597,-0.013761369358650384,-0.007470005374930809,supported,-0.0498335151349969,-0.05068855785777194,-0.048978472412221856,supported,0.0,-3.6770502914678064e-05,3.6770502914678064e-05,-0.07696917808219175,-0.07847328942594343,-0.07546506673844007,,supported
H2B0069,S037,sobol_symmetric,3.1,0.5,16,28,28,0.3,0.3,0.1,0.1,0.2927957274172981,20,0.10019030279441735,0.09960614173297765,0.00019030279441734077,0.0003938582670223595,0.0005841610614397003,True,0.1538184931506849,0.15162731361360915,0.15600967268776067,supported,-0.01976469469953524,-0.02243672129725826,-0.017092668101812224,supported,-0.09960614173297767,-0.100820787439039,-0.09839149602691635,supported,1.7123287671239052e-05,-7.5431155539832306e-06,4.1789690896461335e-05,-0.1538013698630137,-0.1559992495875868,-0.15160349013844063,,supported
H2B0069,S037,sobol_symmetric,3.1,0.5,16,28,28,0.3,0.3,0.2,0.2017309225624635,0.5855914548345963,20,0.2023747701903566,0.1995367797134198,0.00237477019035659,0.0004632202865802182,0.002837990476936808,True,0.30869006849315067,0.3060931395222306,0.31128699746407074,supported,-0.038749546412906656,-0.04168922287477852,-0.035809869951034794,supported,-0.19953677971341982,-0.20127558343187493,-0.1977979759949647,supported,1.7123287671239052e-05,-7.5431155539832306e-06,4.1789690896461335e-05,-0.3086729452054794,-0.311271617741262,-0.3060742726696968,,supported
H2B0070,S038,sobol_symmetric,1.25,0.5,64,14,14,0.0,0.0,0.05,0.05,0.0517907965412062,20,0.04936589913763301,0.049856633543122905,0.0006341008623669958,0.0001433664568770976,0.0004907344054898982,True,0.053572345890410954,0.04405941838172946,0.06308527339909245,supported,-0.02237980741899353,-0.025942149670735902,-0.018817465167251156,supported,-0.04985663354312295,-0.05058003063070174,-0.049133236455544155,supported,0.02304152397260272,0.013495322125042465,0.03258772582016297,-0.030530821917808225,-0.03096660473725902,-0.03009503909835743,,supported
H2B0070,S038,sobol_symmetric,1.25,0.5,64,14,14,0.0,0.0,0.1,0.1,0.1035815930824125,20,0.10082919174980225,0.10004071946655975,0.0008291917498022411,4.071946655974379e-05,0.0007884722832424973,True,0.1882512842465754,0.18014081317307604,0.19636175532007474,supported,-0.06373175163484568,-0.06822959072469204,-0.059233912544999316,supported,-0.10004071946655975,-0.1012262483824473,-0.0988551905506722,supported,0.1270333904109589,0.11907850856749895,0.13498827225441884,-0.06121789383561645,-0.06187329887927296,-0.06056248879195995,,supported
H2B0070,S038,sobol_symmetric,1.25,0.5,64,14,14,0.0,0.0,0.2,0.202558791100516,0.2071631861648251,20,0.2027906390030682,0.19989104302874294,0.002790639003068196,0.00010895697125706816,0.002899595974325264,True,0.1930201198630137,0.18792007018414653,0.1981201695418809,supported,-0.16569319888811163,-0.17004542466981298,-0.16134097310641027,supported,-0.19989104302874297,-0.20178097517015567,-0.19800111088733027,supported,0.07068921232876714,0.06558818256508932,0.07579024209244496,-0.12233090753424655,-0.12343402788828242,-0.12122778718021068,,supported
H2B0071,S039,sobol_symmetric,0.8,0.1,16,21,21,0.1,0.1,0.05,0.05,0.044487757642102,20,0.04588132494049268,0.044589107490027556,0.004118675059507325,0.005410892509972447,0.0012922174504651218,True,0.00018835616438356572,-0.0026670929833986605,0.0030438053121657916,inconclusive,-0.04588132494049273,-0.05118221289748384,-0.040580436983501625,supported,-0.044589107490027605,-0.04775739026153419,-0.04142082471852102,supported,-0.0034075342465753416,-0.006317159304707783,-0.0004979091884429001,-0.0035958904109589076,-0.0038532839313615568,-0.0033384968905562583,utilization,inconclusive
H2B0071,S039,sobol_symmetric,0.8,0.1,16,21,21,0.1,0.1,0.1,0.1049010418428988,0.1,20,0.114017302455043,0.10354751936581952,0.014017302455042999,0.0035475193658195125,0.010469783089223486,False,0.0015924657534246822,-0.0006487408913926796,0.003833672398242044,inconclusive,-0.11401730245504305,-0.11998868723892255,-0.10804591767116355,supported,-0.10354751936581956,-0.10823662951630772,-0.0988584092153314,supported,-0.006738013698630132,-0.008979246736689397,-0.004496780660570868,-0.008330479452054815,-0.008670755640969356,-0.007990203263140275,loss_matching_failed,inconclusive
H2B0071,S039,sobol_symmetric,0.8,0.1,16,21,21,0.1,0.1,0.2,0.215556197694455,0.2078881089434769,20,0.21937229308145634,0.21352813264661372,0.019372293081456327,0.013528132646613705,0.005844160434842621,True,-0.0029965753424657598,-0.00654483361208193,0.0005516829271504102,inconclusive,-0.2193722930814564,-0.22815689911564083,-0.21058768704727196,supported,-0.21352813264661377,-0.22059780561332226,-0.20645845967990528,supported,-0.02017123287671234,-0.023862192879641954,-0.016480272873782724,-0.01717465753424658,-0.017694085628857756,-0.016655229439635405,utilization,inconclusive
H2B0072,S040,sobol_symmetric,2.0,0.9,32,7,7,0.5,0.5,0.05,0.05,0.0950642811204148,20,0.049530723113876365,0.05009467597056957,0.0004692768861236374,9.467597056956462e-05,0.000563952856693202,True,0.09047089041095893,0.08936983793212303,0.09157194288979484,supported,0.0008674295638273876,-0.0014513210813283937,0.0031861802089831687,inconclusive,-0.050094675970569644,-0.0507251741216432,-0.04946417781949609,supported,0.0,0.0,0.0,-0.09047089041095893,-0.09157194288979484,-0.08936983793212303,balk_served,inconclusive
H2B0072,S040,sobol_symmetric,2.0,0.9,32,7,7,0.5,0.5,0.1,0.1,0.1901285622408297,20,0.10032076358699007,0.09984812850713912,0.00032076358699006935,0.00015187149286088886,0.0004726350798509582,True,0.1803724315068493,0.17883454753218153,0.1819103154815171,supported,-0.0030352185958009035,-0.005927767186349532,-0.0001426700052522753,inconclusive,-0.09984812850713917,-0.10082124530267032,-0.09887501171160802,supported,0.0,0.0,0.0,-0.1803724315068493,-0.1819103154815171,-0.17883454753218153,balk_served,inconclusive
H2B0072,S040,sobol_symmetric,2.0,0.9,32,7,7,0.5,0.5,0.2,0.2,0.3802571244816594,20,0.19987059901861906,0.19966366077729503,0.00012940098138095046,0.0003363392227049844,0.00020693824132403393,True,0.36056934931506845,0.35909551738816664,0.36204318124197027,supported,-0.00550161341958369,-0.008313166040182616,-0.002690060798984763,supported,-0.1996636607772951,-0.20088067729923703,-0.1984466442553532,supported,0.0,0.0,0.0,-0.36056934931506845,-0.36204318124197027,-0.35909551738816664,,supported
H2B0073,S041,sobol_symmetric,2.0,0.3,16,14,14,0.1,0.1,0.05,0.0469241352236393,0.0841130689650414,20,0.04603932283589498,0.051169290187541724,0.003960677164105024,0.0011692901875417216,0.005129967351646746,True,0.030881849315068488,0.02982688987289416,0.031936808757242814,supported,-0.016724212868789567,-0.023045787723911797,-0.010402638013667335,supported,-0.05116929018754177,-0.052994385897705304,-0.04934419447737824,supported,0.00016267123287672103,-1.0726154816226833e-05,0.0003360686205696689,-0.030719178082191767,-0.031823946603116424,-0.029614409561267107,,supported
H2B0073,S041,sobol_symmetric,2.0,0.3,16,14,14,0.1,0.1,0.1,0.1,0.1682261379300828,20,0.10101601234252429,0.10321149595435934,0.0010160123425242834,0.0032114959543593363,0.002195483611835053,True,0.061909246575342414,0.06086194060619774,0.0629565525444871,supported,-0.038423190640803434,-0.04409591356899205,-0.03275046771261482,supported,-0.10321149595435938,-0.10516116986627848,-0.10126182204244029,supported,0.00020547945205481866,3.379624529240301e-05,0.0003771626588172343,-0.0617037671232876,-0.06278842684375704,-0.06061910740281816,,supported
H2B0073,S041,sobol_symmetric,2.0,0.3,16,14,14,0.1,0.1,0.2,0.2,0.3364522758601656,20,0.20077910220554843,0.20427386646784945,0.0007791022055484154,0.004273866467849441,0.0034947642623010255,True,0.1224143835616438,0.12123259653036665,0.12359617059292095,supported,-0.0803566513002717,-0.0854097293744373,-0.07530357322610609,supported,-0.20427386646784948,-0.20662965780235612,-0.20191807513334284,supported,0.00023116438356167722,6.821877190311482e-05,0.0003941099952202396,-0.12218321917808217,-0.12335684786470329,-0.12100959049146105,,supported
H2B0074,S042,sobol_symmetric,0.8,0.7,64,28,28,0.5,0.5,0.05,0.05,0.05,20,0.050782415295183146,0.050361245398332366,0.0007824152951831434,0.00036124539833236324,0.00042116989685078016,True,0.004276541095890396,0.0013212663299583954,0.007231815861822397,inconclusive,-0.05078241529518317,-0.05189933434746272,-0.04966549624290362,supported,-0.05036124539833244,-0.05129437775660598,-0.0494281130400589,supported,-0.023854880136986317,-0.02695776155685647,-0.020751998717116162,-0.028131421232876715,-0.02871286026036266,-0.02754998220539077,utilization,inconclusive
H2B0074,S042,sobol_symmetric,0.8,0.7,64,28,28,0.5,0.5,0.1,0.1,0.1,20,0.10039175600510589,0.09971219241461637,0.00039175600510588104,0.0002878075853836315,0.0006795635904895125,True,0.0027996575342465746,-0.00039814369456721115,0.00599745876306036,inconclusive,-0.10039175600510593,-0.10138494328425003,-0.09939856872596183,supported,-0.09971219241461642,-0.10125483783157563,-0.0981695469976572,supported,-0.052893835616438366,-0.05645951045466315,-0.04932816077821358,-0.05569349315068495,-0.056633368891761876,-0.05475361740960802,utilization,inconclusive
H2B0074,S042,sobol_symmetric,0.8,0.7,64,28,28,0.5,0.5,0.2,0.2,0.2050791654523658,20,0.2006603640788855,0.20466955138771098,0.0006603640788854781,0.0046695513877109684,0.00400918730882549,True,0.0021404109589041043,-0.0006878867551134756,0.004968708672921684,inconclusive,-0.20066036407888554,-0.20249204240350116,-0.19882868575426993,supported,-0.20466955138771104,-0.20637978628347176,-0.20295931649195031,supported,-0.11217251712328768,-0.11522748042164915,-0.10911755382492622,-0.1143129280821918,-0.11545794102246243,-0.11316791514192118,utilization,inconclusive
H2B0075,S043,sobol_symmetric,1.25,0.3,16,7,7,0.3,0.3,0.05,0.05,0.0630890799437998,20,0.04977732463992192,0.05066191944956681,0.00022267536007808397,0.0006619194495668043,0.0008845948096448883,True,0.014529109589041096,0.010070826371463643,0.01898739280661855,supported,-0.028804327121668305,-0.037275850539089286,-0.020332803704247327,supported,-0.05066191944956684,-0.053158420600022516,-0.04816541829911117,supported,-0.004383561643835615,-0.008526685300436126,-0.00024043798723510403,-0.01891267123287671,-0.019853189611816896,-0.017972152853936524,,supported
H2B0075,S043,sobol_symmetric,1.25,0.3,16,7,7,0.3,0.3,0.1,0.1,0.1208376206244886,20,0.10155892948600816,0.0977875128743441,0.001558929486008151,0.0022124871256559014,0.0037714166116640524,True,0.025881849315068484,0.02212457003682867,0.029639128593308296,supported,-0.06417316849495369,-0.0726551462869308,-0.05569119070297658,supported,-0.09778751287434415,-0.10087921563871993,-0.09469581010996836,supported,-0.010667808219178098,-0.014347624450695226,-0.006987991987660971,-0.036549657534246584,-0.037552446183861124,-0.035546868884632044,,supported
H2B0075,S043,sobol_symmetric,1.25,0.3,16,7,7,0.3,0.3,0.2,0.2,0.2523563197751992,20,0.2022430439956288,0.20334396612835812,0.0022430439956288017,0.0033439661283581057,0.001100922132729304,True,0.05377568493150684,0.05077832785154376,0.056773042011469925,supported,-0.12712286085939728,-0.13406415286866852,-0.12018156885012604,supported,-0.20334396612835817,-0.20792965362623356,-0.1987582786304828,supported,-0.022200342465753427,-0.025962117222674053,-0.0184385677088328,-0.07597602739726028,-0.07768814746118727,-0.0742639073333333,,supported
H2B0076,S044,sobol_symmetric,4.0,0.7,64,21,21,0.0,0.0,0.05,0.13478206994136,0.1619603513458404,20,0.04859688850926987,0.04983197804880969,0.0014031114907301356,0.00016802195119031138,0.0012350895395398243,True,0.13939426369863012,0.1380387195481766,0.14074980784908364,supported,-0.004991645978631981,-0.0058682243385243605,-0.004115067618739602,inconclusive,-0.04983197804880975,-0.050152209745120115,-0.04951174635249938,supported,-0.004287243150684916,-0.005014950674412608,-0.0035595356269572252,-0.14368150684931505,-0.14475604969636016,-0.14260696400226994,balk_served,inconclusive
H2B0076,S044,sobol_symmetric,4.0,0.7,64,21,21,0.0,0.0,0.1,0.2324760104429291,0.3239207026916809,20,0.09271342798208211,0.09944555702069732,0.0072865720179178944,0.0005544429793026828,0.006732129038615212,True,0.27821275684931507,0.2768779655142999,0.27954754818433025,supported,-0.009714801079347846,-0.010477524896197927,-0.008952077262497766,supported,-0.09944555702069738,-0.09990662143083255,-0.0989844926105622,supported,-0.00857876712328765,-0.009100702684862096,-0.008056831561713204,-0.28679152397260277,-0.2881155888063263,-0.2854674591388792,,supported
H2B0076,S044,sobol_symmetric,4.0,0.7,64,21,21,0.0,0.0,0.2,0.337503062788088,0.6478414053833619,0,0.1524519697538096,0.2003182186519553,,,0.0478662488981456,False,,,,inactive,,,,inactive,,,,inactive,,,,,,,target_unattainable,inactive
H2B0077,S045,sobol_symmetric,4.0,0.1,32,21,21,0.0,0.0,0.05,0.1798382040110851,0.1850930581838271,20,0.04990713687080456,0.04986652535203677,9.28631291954446e-05,0.00013347464796323316,4.061151876778857e-05,True,0.006348458904109605,0.004164314438252787,0.008532603369966424,supported,-0.04651868208065109,-0.049710890292953426,-0.04332647386834875,supported,-0.049866525352036825,-0.05132237439472703,-0.04841067630934662,supported,-0.014045376712328772,-0.016165925390819583,-0.01192482803383796,-0.02039383561643838,-0.020987539767438296,-0.01980013146543846,,supported
H2B0077,S045,sobol_symmetric,4.0,0.1,32,21,21,0.0,0.0,0.1,0.3581761876860236,0.3701861163676543,20,0.10313045142297199,0.09950393382619867,0.003130451422971983,0.0004960661738013378,0.003626517596773321,True,0.015124143835616447,0.012169339485332966,0.01807894818589993,supported,-0.09084474134974854,-0.09421082201679008,-0.087478660682707,supported,-0.09950393382619874,-0.10169890923904747,-0.09730895841335001,supported,-0.025552226027397262,-0.028646728609085424,-0.0224577234457091,-0.040676369863013706,-0.04153899872982824,-0.03981374099619917,,supported
H2B0077,S045,sobol_symmetric,4.0,0.1,32,21,21,0.0,0.0,0.2,0.6747911537628347,0.7403722327353086,20,0.2015053285203377,0.19842421812591376,0.0015053285203376898,0.0015757818740862461,0.003081110394423936,True,0.030492294520547948,0.028461648906967594,0.0325229401341283,supported,-0.17454855949758688,-0.17800571677158475,-0.171091402223589,supported,-0.19842421812591385,-0.20100275314637614,-0.19584568310545156,supported,-0.05078339041095892,-0.053022630827803806,-0.04854414999411403,-0.08127568493150686,-0.0824014794993335,-0.08014989036368021,,supported
H2B0078,S046,sobol_symmetric,2.0,0.9,32,7,7,0.3,0.3,0.05,0.05,0.0949564897053401,20,0.050195053799742796,0.05032993446437425,0.0001950537997427934,0.0003299344643742444,0.00013488066463145099,True,0.09146404109589043,0.08980936335772412,0.09311871883405674,supported,-0.0016284132247636307,-0.003404839028751707,0.00014801257922444563,inconclusive,-0.05032993446437432,-0.051343582504494285,-0.04931628642425435,supported,0.0007148972602740334,0.0005477658186716107,0.000882028701876456,-0.09074914383561637,-0.09247130688568268,-0.08902698078555006,balk_served,inconclusive
H2B0078,S046,sobol_symmetric,2.0,0.9,32,7,7,0.3,0.3,0.1,0.1,0.1899129794106802,20,0.09969073546750068,0.10027330632368839,0.00030926453249932595,0.0002733063236883826,0.0005825708561877085,True,0.1817679794520548,0.17987914762301468,0.18365681128109493,supported,-0.003169788014166647,-0.005439213050203522,-0.0009003629781297721,inconclusive,-0.10027330632368847,-0.10146582560556053,-0.09908078704181641,supported,0.0009631849315069219,0.0008122046241465209,0.001114165238867323,-0.1808047945205479,-0.1827767188052525,-0.1788328702358433,balk_served,inconclusive
H2B0078,S046,sobol_symmetric,2.0,0.9,32,7,7,0.3,0.3,0.2,0.2,0.3798259588213605,20,0.19934708765603107,0.20012585578933892,0.0006529123439689422,0.00012585578933890784,0.00077876813330785,True,0.3616523972602739,0.3592615757393323,0.3640432187812154,supported,-0.006743041649436165,-0.008820885749711918,-0.004665197549160413,supported,-0.20012585578933897,-0.20168816014736746,-0.1985635514313105,supported,0.0010402397260274477,0.0008756557805946325,0.0012048236714602629,-0.3606121575342466,-0.3630827507351659,-0.3581415643333273,,supported
H2B0079,S047,sobol_symmetric,0.8,0.5,64,28,28,0.5,0.5,0.05,0.05,0.05,20,0.05097154434378247,0.049728581065751495,0.0009715443437824656,0.0002714189342485074,0.001242963278030973,True,0.003283390410958903,0.0006805694147040287,0.005886211407213777,inconclusive,-0.05097154434378248,-0.051907891562536196,-0.05003519712502877,supported,-0.04972858106575151,-0.05097401297501287,-0.04848314915649015,supported,-0.016605308219178085,-0.01920199231418631,-0.01400862412416986,-0.019888698630136988,-0.02039689371947932,-0.019380503540794656,utilization,inconclusive
H2B0079,S047,sobol_symmetric,0.8,0.5,64,28,28,0.5,0.5,0.1,0.1,0.1,20,0.10109083386958125,0.09952175021602919,0.0010908338695812397,0.00047824978397081885,0.0015690836535520586,True,-0.00030821917808218635,-0.004065690748085011,0.003449252391920638,inconclusive,-0.10109083386958129,-0.10257073313353052,-0.09961093460563206,supported,-0.09952175021602923,-0.1008868930038867,-0.09815660742817175,supported,-0.04011130136986301,-0.043986115789943436,-0.036236486949782584,-0.039803082191780824,-0.0403863106475804,-0.03921985373598125,utilization,inconclusive
H2B0079,S047,sobol_symmetric,0.8,0.5,64,28,28,0.5,0.5,0.2,0.2,0.1974367131818268,20,0.20023181997092712,0.1963131024407355,0.0002318199709271107,0.003686897559264518,0.003918717530191629,True,-0.0007170376712328618,-0.003695738322667989,0.002261662980202266,inconclusive,-0.20023181997092715,-0.2020523878320288,-0.1984112521098255,supported,-0.1963131024407355,-0.19844041553569838,-0.1941857893457726,supported,-0.07922945205479451,-0.08240827745024615,-0.07605062665934287,-0.07851241438356164,-0.07942298270847349,-0.0776018460586498,utilization,inconclusive
H2B0080,S048,sobol_symmetric,3.1,0.5,16,14,14,0.1,0.1,0.05,0.05,0.1202504816601081,20,0.04861601983796958,0.05100082077989514,0.0013839801620304237,0.001000820779895134,0.002384800941925558,True,0.07578767123287672,0.07292318061347228,0.07865216185228116,supported,-0.006637571623786517,-0.009504939299115278,-0.003770203948457756,supported,-0.051000820779895206,-0.052017135301140216,-0.049984506258650196,supported,-0.003253424657534254,-0.005927704682994897,-0.0005791446320736111,-0.07904109589041097,-0.08059644904565309,-0.07748574273516885,,supported
H2B0080,S048,sobol_symmetric,3.1,0.5,16,14,14,0.1,0.1,0.1,0.1,0.2405009633202163,20,0.09912808806001686,0.10147519694189863,0.0008719119399831499,0.0014751969418986266,0.0023471088818817765,True,0.1516181506849315,0.14876003044176597,0.15447627092809704,supported,-0.013441354127089425,-0.016595900078263587,-0.010286808175915265,supported,-0.1014751969418987,-0.10287793482921823,-0.10007245905457918,supported,-0.005864726027397254,-0.00829337181614214,-0.0034360802386523676,-0.15748287671232877,-0.15959823552032548,-0.15536751790433206,,supported
H2B0080,S048,sobol_symmetric,3.1,0.5,16,14,14,0.1,0.1,0.2,0.2,0.4810019266404326,20,0.19955325822853803,0.20151009704320297,0.00044674177146197813,0.001510097043202957,0.001956838814664935,True,0.29948630136986304,0.2960519482083077,0.30292065453141837,supported,-0.02984388174616446,-0.03208629130630199,-0.02760147218602693,supported,-0.20151009704320305,-0.20288594090727669,-0.20013425317912942,supported,-0.01366438356164384,-0.01674901018392361,-0.01057975693936407,-0.31315068493150683,-0.3154241608506313,-0.31087720901238236,,supported
H2B0081,S049,sobol_symmetric,3.1,0.5,64,21,21,0.3,0.3,0.05,0.05,0.1320567689160337,20,0.04971813482659373,0.04996040459058991,0.00028186517340627465,3.959540941009254e-05,0.0002422697639961821,True,0.07291309931506848,0.07165717206892902,0.07416902656120794,supported,-0.007280615397537218,-0.008603120506408452,-0.0059581102886659834,supported,-0.049960404590589966,-0.05042454613464806,-0.049496263046531874,supported,-0.004633989726027399,-0.005826586779816168,-0.003441392672238629,-0.07754708904109589,-0.07823762290799309,-0.07685655517419869,,supported
H2B0081,S049,sobol_symmetric,3.1,0.5,64,21,21,0.3,0.3,0.1,0.1,0.2641135378320675,20,0.10018658760757793,0.09995748988776001,0.00018658760757792048,4.251011223999068e-05,0.00022909771981791116,True,0.146964897260274,0.1451538461693615,0.14877594835118652,supported,-0.01538357058454901,-0.01684380564233271,-0.013923335526765312,supported,-0.09995748988776006,-0.10059632095714029,-0.09931865881837983,supported,-0.008088613013698603,-0.009420726856038513,-0.006756499171358692,-0.1550535102739726,-0.15600385784224144,-0.15410316270570376,,supported
H2B0081,S049,sobol_symmetric,3.1,0.5,64,21,21,0.3,0.3,0.2,0.2,0.5282270756641351,20,0.1999361849264834,0.19990608994335624,6.381507351660431e-05,9.391005664377561e-05,3.0094983127171293e-05,True,0.293527397260274,0.2913530099386029,0.29570178458194507,supported,-0.03449589461540602,-0.03601734405950605,-0.03297444517130598,supported,-0.1999060899433563,-0.20083642381268565,-0.19897575607402693,supported,-0.016620291095890406,-0.01813009242041638,-0.015110489771364432,-0.31014768835616435,-0.3117257903936334,-0.3085695863186953,,supported
H2B0082,S050,sobol_symmetric,0.8,0.5,32,7,7,0.0,0.0,0.05,0.05,0.05,20,0.051159509198808226,0.050611756631251725,0.001159509198808223,0.0006117566312517225,0.0005477525675565004,True,-0.002470034246575359,-0.006162341944009747,0.0012222734508590296,inconclusive,-0.051159509198808274,-0.052884389658054906,-0.04943462873956164,supported,-0.050611756631251795,-0.051800629759958174,-0.049422883502545416,supported,-0.022688356164383562,-0.02646837012357597,-0.018908342205191154,-0.020218321917808202,-0.020674497575745698,-0.019762146259870706,utilization,inconclusive
H2B0082,S050,sobol_symmetric,0.8,0.5,32,7,7,0.0,0.0,0.1,0.0984406452742057,0.1,20,0.0980241122347564,0.09947620085986875,0.0019758877652436,0.0005237991401312592,0.001452088625112341,True,-0.00027825342465754297,-0.005930423284511895,0.005373916435196809,inconclusive,-0.09802411223475645,-0.09975376702860117,-0.09629445744091172,supported,-0.09947620085986879,-0.10143553710669233,-0.09751686461304525,supported,-0.040021404109589036,-0.04569484777090102,-0.03434796044827705,-0.03974315068493149,-0.04053495546231528,-0.0389513459075477,utilization,inconclusive
H2B0082,S050,sobol_symmetric,0.8,0.5,32,7,7,0.0,0.0,0.2,0.2010524893249371,0.1967457456538248,20,0.20130734828718927,0.19534596542315436,0.0013073482871892583,0.004654034576845656,0.005961382864034914,True,-0.00430222602739726,-0.008795509171927854,0.00019105711713333397,inconclusive,-0.2013073482871893,-0.20422042510272687,-0.19839427147165173,supported,-0.1953459654231544,-0.1982343113240216,-0.1924576195222872,supported,-0.08234589041095888,-0.08697405749248306,-0.0777177233294347,-0.07804366438356164,-0.0791935494289249,-0.07689377933819838,utilization,inconclusive
H2B0083,S051,sobol_symmetric,2.0,0.1,64,28,28,0.1,0.1,0.05,0.05,0.0791344737518012,20,0.049512751218372446,0.051152986815378866,0.00048724878162755697,0.0011529868153788633,0.0016402355970064203,True,0.011658818493150674,0.010359918449950743,0.012957718536350606,supported,-0.03363118863527727,-0.03787422461317869,-0.029388152657375842,supported,-0.0511529868153789,-0.052575269544182984,-0.04973070408657482,supported,0.0014404965753424426,9.766074346252013e-05,0.002783332407222365,-0.010218321917808231,-0.010511413908613525,-0.009925229927002937,,supported
H2B0083,S051,sobol_symmetric,2.0,0.1,64,28,28,0.1,0.1,0.1,0.1,0.1582689475036025,20,0.10084499412308026,0.10106789834849686,0.000844994123080256,0.001067898348496854,0.00022290422541659805,True,0.023940496575342456,0.02285779656683459,0.025023196583850323,supported,-0.06337472762053235,-0.06790311934316277,-0.05884633589790193,supported,-0.1010678983484969,-0.10317846163616898,-0.09895733506082482,supported,0.003724315068493128,0.002572775864071992,0.004875854272914264,-0.02021618150684933,-0.020683871868621438,-0.01974849114507722,,supported
H2B0083,S051,sobol_symmetric,2.0,0.1,64,28,28,0.1,0.1,0.2,0.2040154531715093,0.3208148817404025,20,0.20591927313672476,0.20440626724655112,0.005919273136724745,0.004406267246551104,0.001513005890173641,True,0.047838184931506815,0.04652154385403684,0.04915482600897679,supported,-0.12929661610554904,-0.13343746342057047,-0.12515576879052762,supported,-0.20440626724655114,-0.2071470840117412,-0.20166545048136109,supported,0.006967037671232817,0.005682109246648026,0.008251966095817609,-0.040871147260274,-0.04146508176996781,-0.04027721275058019,,supported
H2B0084,S052,sobol_symmetric,4.0,0.9,16,14,14,0.5,0.5,0.05,0.05,0.2008694957175028,20,0.050640100543441535,0.05031384365863699,0.0006401005434415324,0.0003138436586369864,0.00032625688480454607,True,0.17834760273972597,0.1757067131961534,0.18098849228329852,supported,-0.0013380856005296509,-0.0026570940722789056,-1.907712878039601e-05,inconclusive,-0.05031384365863706,-0.05081218206076493,-0.049815505256509185,supported,-0.003373287671232933,-0.005159800633986434,-0.0015867747084794325,-0.18172089041095893,-0.1835286150599871,-0.17991316576193075,balk_served,inconclusive
H2B0084,S052,sobol_symmetric,4.0,0.9,16,14,14,0.5,0.5,0.1,0.1,0.4017389914350056,20,0.10120121825789877,0.10062616652046544,0.0012012182578987618,0.0006261665204654321,0.0005750517374333297,True,0.3558561643835616,0.35152093924328703,0.36019138952383617,supported,-0.002305477077970637,-0.003720807144223289,-0.0008901470117179851,inconclusive,-0.10062616652046548,-0.10162811270159677,-0.09962422033933419,supported,-0.006917808219178112,-0.009115657185031076,-0.004719959253325148,-0.3627739726027398,-0.3663807072441694,-0.3591672379613102,balk_served,inconclusive
H2B0084,S052,sobol_symmetric,4.0,0.9,16,14,14,0.5,0.5,0.2,0.2,0.8034779828700113,20,0.20039367845488662,0.20000747128867072,0.000393678454886609,7.471288670707343e-06,0.0003862071662159017,True,0.7046832191780823,0.701230287358311,0.7081361509978535,supported,-0.006516410593394041,-0.007668118739371289,-0.005364702447416793,supported,-0.20000747128867075,-0.2009240628580889,-0.1990908797192526,supported,-0.01614726027397261,-0.018947992506619275,-0.013346528041325943,-0.7208304794520549,-0.7238358101724116,-0.7178251487316982,,supported
H2B0085,S053,sobol_symmetric,4.0,0.1,32,14,14,0.5,0.5,0.05,0.05,0.1448255046169344,20,0.05093478558278632,0.04952100487261565,0.0009347855827863197,0.00047899512738435596,0.0014137807101706756,True,0.0197945205479452,0.019231649536337492,0.020357391559552906,supported,-0.016984005150511093,-0.02110781550043896,-0.012860194800583227,supported,-0.04952100487261571,-0.05082962051111648,-0.04821238923411494,supported,-4.280821917801436e-06,-1.3240685164398149e-05,4.679041328795277e-06,-0.019798801369863,-0.020359457344661228,-0.01923814539506477,,supported
H2B0085,S053,sobol_symmetric,4.0,0.1,32,14,14,0.5,0.5,0.1,0.1,0.3006372268438655,20,0.09998145995719386,0.10341377263542997,1.8540042806144963e-05,0.003413772635429968,0.003432312678236113,True,0.041357020547945225,0.04060126873904484,0.04211277235684561,supported,-0.031484309851933096,-0.034970976693229294,-0.0279976430106369,supported,-0.10341377263543003,-0.10528213297017074,-0.10154541230068932,supported,0.0,0.0,0.0,-0.041357020547945225,-0.04211277235684561,-0.04060126873904484,,supported
H2B0085,S053,sobol_symmetric,4.0,0.1,32,14,14,0.5,0.5,0.2,0.2,0.5793020184677379,20,0.19940058125973875,0.19800386478265494,0.0005994187402612594,0.0019961352173450686,0.0013967164770838092,True,0.07914811643835615,0.07822614832049393,0.08007008455621836,supported,-0.061814462334671014,-0.06471660768128715,-0.05891231698805488,supported,-0.19800386478265503,-0.19993959251672389,-0.19606813704858617,supported,-4.280821917801436e-06,-1.3240685164398149e-05,4.679041328795277e-06,-0.07915239726027395,-0.08007271637793503,-0.07823207814261288,,supported
H2B0086,S054,sobol_symmetric,1.25,0.7,32,28,28,0.1,0.1,0.05,0.05,0.0604495534989128,20,0.04974792494354444,0.051013347336694756,0.0002520750564555599,0.0010133473366947532,0.001265422393150313,True,0.03725599315068494,0.035460238949195484,0.03905174735217439,supported,-0.014475343710070792,-0.018783045707580253,-0.010167641712561331,supported,-0.05101334733669481,-0.05195372633114138,-0.050072968342248246,supported,-0.007388698630136981,-0.009396781378170453,-0.0053806158821035075,-0.04464469178082192,-0.045534096728884865,-0.04375528683275898,,supported
H2B0086,S054,sobol_symmetric,1.25,0.7,32,28,28,0.1,0.1,0.1,0.1,0.1208991069978256,20,0.10032903042588637,0.1011445133252955,0.0003290304258863619,0.0011445133252954987,0.0008154828994091368,True,0.0779195205479452,0.0757657018756378,0.08007333922025259,supported,-0.02610319035286663,-0.03045519405167437,-0.02175118665405889,supported,-0.10114451332529553,-0.10227486959253423,-0.10001415705805683,supported,-0.010539383561643838,-0.01286673056317994,-0.008212036560107737,-0.08845890410958906,-0.08942168410062172,-0.08749612411855641,,supported
H2B0086,S054,sobol_symmetric,1.25,0.7,32,28,28,0.1,0.1,0.2,0.2,0.2417982139956512,20,0.19941245548406966,0.20166722626733788,0.0005875445159303494,0.001667226267337868,0.0022547707832682173,True,0.15232020547945205,0.15014153766683327,0.15449887329207082,supported,-0.05505427080085268,-0.05833346204751604,-0.051775079554189314,supported,-0.20166722626733793,-0.20295183502515227,-0.2003826175095236,supported,-0.023938356164383577,-0.02564825374032211,-0.022228458588445046,-0.17625856164383563,-0.17731119556467473,-0.17520592772299654,,supported
H2B0087,S055,sobol_symmetric,0.8,0.3,16,7,7,0.0,0.0,0.05,0.0564213534869467,0.05,20,0.05486467953257194,0.04853266325960605,0.004864679532571935,0.0014673367403939541,0.006332016272965889,True,-0.001335616438356152,-0.004440884865235147,0.0017696519885228433,inconclusive,-0.05486467953257197,-0.05710578599112073,-0.05262357307402321,supported,-0.04853266325960611,-0.05116435446805442,-0.045900972051157805,supported,-0.013022260273972611,-0.016258009687628944,-0.009786510860316278,-0.011686643835616458,-0.012270285083773877,-0.011103002587459039,utilization,inconclusive
H2B0087,S055,sobol_symmetric,0.8,0.3,16,7,7,0.0,0.0,0.1,0.1,0.1,20,0.0999968813948801,0.09858126235657516,3.1186051199089126e-06,0.0014187376434248444,0.0014156190383049355,True,0.0006592465753424703,-0.0018375321718726969,0.0031560253225576375,inconclusive,-0.09999688139488014,-0.10290321038470292,-0.09709055240505736,supported,-0.0985812623565752,-0.10202779897917429,-0.09513472573397612,supported,-0.02309075342465754,-0.0256348730065909,-0.02054663384272418,-0.02375000000000001,-0.024518274760825187,-0.022981725239174834,utilization,inconclusive
H2B0087,S055,sobol_symmetric,0.8,0.3,16,7,7,0.0,0.0,0.2,0.2,0.2070167331847203,20,0.20385512319318658,0.20390754332917155,0.003855123193186566,0.003907543329171537,5.242013598497075e-05,True,0.0012328767123287703,-0.0019273121726275679,0.004393065597285108,inconclusive,-0.20385512319318666,-0.20917808060772747,-0.19853216577864585,supported,-0.20390754332917158,-0.2086974023038453,-0.19911768435449786,supported,-0.0479109589041096,-0.05121351508759386,-0.04460840272062535,-0.049143835616438356,-0.050284017704545506,-0.048003653528331205,utilization,inconclusive
H2B0088,S056,sobol_symmetric,2.0,0.7,64,21,21,0.3,0.3,0.05,0.05,0.0998099414704634,20,0.05035578132957578,0.049847051859361544,0.00035578132957577585,0.00015294814063845918,0.000508729470214235,True,0.0698458904109589,0.06916867397225157,0.07052310684966623,supported,-0.005518396304473252,-0.007371445993354805,-0.0036653466155917,supported,-0.0498470518593616,-0.05035078598704371,-0.049343317731679485,supported,0.0,0.0,0.0,-0.0698458904109589,-0.07052310684966623,-0.06916867397225157,,supported
H2B0088,S056,sobol_symmetric,2.0,0.7,64,21,21,0.3,0.3,0.1,0.1,0.1996198829409268,20,0.10006728940687297,0.09931909801507727,6.728940687296403e-05,0.0006809019849227382,0.0007481913917957023,True,0.1392059075342466,0.13827933657426242,0.1401324784942308,supported,-0.01483013600596908,-0.016793373668900234,-0.012866898343037928,supported,-0.0993190980150773,-0.1000157906388661,-0.09862240539128848,supported,0.0,0.0,0.0,-0.1392059075342466,-0.1401324784942308,-0.13827933657426242,,supported
H2B0088,S056,sobol_symmetric,2.0,0.7,64,21,21,0.3,0.3,0.2,0.2,0.3992397658818536,20,0.19970667943918655,0.19901099155425497,0.0002933205608134648,0.0009890084457450377,0.0006956878849315729,True,0.2789169520547945,0.27760729321407623,0.28022661089551276,supported,-0.033655526906508436,-0.035855959948338297,-0.031455093864678575,supported,-0.199010991554255,-0.20001351128273165,-0.19800847182577835,supported,0.0,0.0,0.0,-0.2789169520547945,-0.28022661089551276,-0.27760729321407623,,supported
H2B0089,S057,sobol_symmetric,3.1,0.1,16,28,28,0.0,0.0,0.05,0.0929466360465922,0.0791367812345964,20,0.0569709913795227,0.04412928049088312,0.006970991379522694,0.005870719509116884,0.012841710888639578,False,0.008989726027397272,0.004316652229178021,0.013662799825616523,supported,-0.043271492106335935,-0.050881962786024,-0.03566102142664787,supported,-0.0441292804908832,-0.04625233444368093,-0.04200622653808547,supported,-0.005085616438356161,-0.01001149846622474,-0.0001597344104875822,-0.014075342465753432,-0.01477184994926925,-0.013378834982237613,loss_matching_failed,inconclusive
H2B0089,S057,sobol_symmetric,3.1,0.1,16,28,28,0.0,0.0,0.1,0.1554125703879694,0.1690628539749149,20,0.09212501039214012,0.0933792989563102,0.007874989607859886,0.006620701043689808,0.001254288564170078,True,0.016035958904109575,0.012686382541045415,0.019385535267173737,supported,-0.08080547126514968,-0.08674464667321738,-0.07486629585708199,supported,-0.09337929895631028,-0.0970199752388187,-0.08973862267380187,supported,-0.013852739726027397,-0.017522971960743535,-0.01018250749131126,-0.029888698630136972,-0.03109190764276074,-0.028685489617513205,,supported
H2B0089,S057,sobol_symmetric,3.1,0.1,16,28,28,0.0,0.0,0.2,0.3188498019309432,0.3460432404178565,20,0.2031017143625881,0.19040857922607252,0.003101714362588076,0.009591420773927495,0.012693135136515571,False,0.034315068493150684,0.03016216615539234,0.038467970830909026,supported,-0.15842784506354668,-0.16531878532162167,-0.1515369048054717,supported,-0.19040857922607257,-0.19500682442375547,-0.18581033402838967,supported,-0.026686643835616437,-0.03156031530661994,-0.02181297236461293,-0.061001712328767124,-0.06282988963153534,-0.059173535025998904,loss_matching_failed,inconclusive
H2B0090,S058,sobol_symmetric,0.8,0.9,64,14,14,0.3,0.3,0.05,0.05,0.05,20,0.050694101594145814,0.050197972291724256,0.0006941015941458115,0.0001979722917242535,0.000496129302421558,True,0.0025513698630136973,-0.0015902747982958227,0.006693014524323217,inconclusive,-0.05069410159414585,-0.05148097415735201,-0.049907229030939686,supported,-0.05019797229172433,-0.05119806096722697,-0.049197883616221696,supported,-0.033602311643835606,-0.03758336326320935,-0.02962126002446186,-0.036153681506849306,-0.03682607903617968,-0.03548128397751893,utilization,inconclusive
H2B0090,S058,sobol_symmetric,0.8,0.9,64,14,14,0.3,0.3,0.1,0.1,0.1,20,0.10013611540465892,0.10005081608991204,0.0001361154046589097,5.081608991203135e-05,8.529931474687835e-05,True,-0.0004880136986301298,-0.0038246101420557604,0.002848582744795501,inconclusive,-0.10013611540465894,-0.10103199340314102,-0.09924023740617686,supported,-0.1000508160899121,-0.1012062936290695,-0.09889533855075472,supported,-0.0725535102739726,-0.07584914208021572,-0.06925787846772948,-0.07206549657534246,-0.07287717146164696,-0.07125382168903796,utilization,inconclusive
H2B0090,S058,sobol_symmetric,0.8,0.9,64,14,14,0.3,0.3,0.2,0.2,0.2,20,0.19963291186706195,0.19941128896134971,0.00036708813293806486,0.000588711038650297,0.0002216229057122321,True,0.00026755136986302274,-0.0024861953357047323,0.0030212980754307775,inconclusive,-0.19963291186706195,-0.20159164577721222,-0.19767417795691167,supported,-0.1994112889613498,-0.20093793163625004,-0.19788464628644956,supported,-0.143371147260274,-0.14630439641132986,-0.14043789810921814,-0.143638698630137,-0.1448309506468786,-0.14244644661339542,utilization,inconclusive
H2B0091,S059,sobol_symmetric,1.25,0.3,32,21,21,0.5,0.5,0.05,0.05,0.05,20,0.05102145532181475,0.05075560544860165,0.001021455321814746,0.0007556054486016484,0.0002658498732130976,True,0.0029323630136986354,-0.0011748559721630643,0.007039581999560335,inconclusive,-0.051021455321814804,-0.05280854927567047,-0.04923436136795914,supported,-0.05075560544860169,-0.05238622777049281,-0.04912498312671058,supported,-0.01609160958904109,-0.02010108002658531,-0.01208213915149687,-0.019023972602739726,-0.019660936000919376,-0.018387009204560077,utilization,inconclusive
H2B0091,S059,sobol_symmetric,1.25,0.3,32,21,21,0.5,0.5,0.1,0.1,0.1036240765870032,20,0.10024609457182468,0.10265732400994802,0.0002460945718246732,0.002657324009948017,0.002411229438123344,True,-0.0015368150684931358,-0.005938393155446172,0.0028647630184598996,inconclusive,-0.10024609457182468,-0.10322612848900922,-0.09726606065464014,supported,-0.10265732400994806,-0.10474040886917087,-0.10057423915072526,supported,-0.040012842465753415,-0.044738804790225614,-0.035286880141281216,-0.03847602739726028,-0.03931537000512043,-0.03763668478940014,utilization,inconclusive
H2B0091,S059,sobol_symmetric,1.25,0.3,32,21,21,0.5,0.5,0.2,0.2,0.2040347380988113,20,0.20074620647559932,0.203320958531853,0.0007462064755993092,0.003320958531852991,0.002574752056253682,True,0.0023287671232876867,-0.002249005430624489,0.006906539677199862,inconclusive,-0.20074620647559938,-0.20369558933750903,-0.19779682361368972,supported,-0.20332095853185303,-0.20675747415723775,-0.1998844429064683,supported,-0.07387842465753426,-0.07882356005261015,-0.06893328926245837,-0.07620719178082196,-0.07766206239481607,-0.07475232116682784,utilization,inconclusive
H2B0092,S060,sobol_symmetric,4.0,0.5,32,7,7,0.1,0.1,0.05,0.1008232465003422,0.1644999800220938,20,0.05008977906660791,0.05049733201902749,8.977906660790486e-05,0.0004973320190274841,0.00040755295241957923,True,0.10084332191780823,0.09971526462868503,0.10197137920693143,supported,-0.013142885583742736,-0.014681412079116947,-0.011604359088368526,supported,-0.05049733201902753,-0.05105197683871256,-0.0499426871993425,supported,0.0,0.0,0.0,-0.10084332191780823,-0.10197137920693143,-0.09971526462868503,,supported
H2B0092,S060,sobol_symmetric,4.0,0.5,32,7,7,0.1,0.1,0.1,0.1872453109816577,0.3289999600441877,20,0.09879523239369493,0.10091984675151315,0.001204767606305071,0.0009198467515131453,0.0021246143578182164,True,0.20163955479452053,0.19975812835820203,0.20352098123083903,supported,-0.023960002392458168,-0.025472332643283725,-0.02244767214163261,supported,-0.10091984675151319,-0.10191320447661356,-0.09992648902641282,supported,0.0,0.0,0.0,-0.20163955479452053,-0.20352098123083903,-0.19975812835820203,,supported
H2B0092,S060,sobol_symmetric,4.0,0.5,32,7,7,0.1,0.1,0.2,0.3235410826292055,0.6579999200883755,20,0.18942964722755978,0.20050838808590266,0.010570352772440228,0.0005083880859026446,0.011078740858342873,False,0.4008775684931507,0.399063759539428,0.4026913774468734,supported,-0.046982110001669984,-0.04861481386235856,-0.04534940614098141,supported,-0.2005083880859027,-0.20152959883937654,-0.19948717733242888,supported,0.0,0.0,0.0,-0.4008775684931507,-0.4026913774468734,-0.399063759539428,loss_matching_failed,inconclusive
H2B0093,S061,sobol_symmetric,4.0,0.3,64,7,7,0.1,0.1,0.05,0.0843321413355511,0.1287007249068866,20,0.05062175142186428,0.04991324245870661,0.0006217514218642764,8.675754129339186e-05,0.0007085089631576683,True,0.050029965753424666,0.04763544908320561,0.05242448242364372,supported,-0.01873580357288416,-0.020593543740926992,-0.016878063404841326,supported,-0.04991324245870666,-0.050622847388052755,-0.049203637529360564,supported,-0.009766695205479448,-0.011915708891637884,-0.007617681519321013,-0.059796660958904124,-0.060686264816629,-0.05890705710117925,,supported
H2B0093,S061,sobol_symmetric,4.0,0.3,64,7,7,0.1,0.1,0.1,0.1647199243286724,0.2574014498137733,20,0.10324903970348905,0.09889991300769892,0.00324903970348904,0.0011000869923010886,0.004349126695790129,True,0.09978381849315067,0.09730066520063611,0.10226697178566523,supported,-0.036367575217679346,-0.038048790870907026,-0.034686359564451666,supported,-0.09889991300769893,-0.0996705006283228,-0.09812932538707506,supported,-0.018655821917808218,-0.021152813881667818,-0.016158829953948618,-0.11843964041095886,-0.11935031081453082,-0.11752897000738691,,supported
H2B0093,S061,sobol_symmetric,4.0,0.3,64,7,7,0.1,0.1,0.2,0.2972160925900232,0.5148028996275466,20,0.1989014800647916,0.19849587869689925,0.001098519935208403,0.0015041213031007639,0.0004056013678923609,True,0.20067636986301368,0.1985206883494037,0.20283205137662366,supported,-0.0715726062219095,-0.07321397386737136,-0.06993123857644765,supported,-0.19849587869689925,-0.1994163903836077,-0.1975753670101908,supported,-0.037097602739726024,-0.03923980408263589,-0.03495540139681616,-0.23777397260273975,-0.23897917807343186,-0.23656876713204764,,supported
H2B0094,S062,sobol_symmetric,2.0,0.7,16,21,21,0.5,0.5,0.05,0.05,0.0992702393115102,20,0.049774451454058996,0.049931087891143804,0.0002255485459410067,6.89121088561992e-05,0.0001566364370848075,True,0.06991438356164384,0.0681156143053645,0.07171315281792318,supported,-0.010884688916575212,-0.015642868759496602,-0.00612650907365382,supported,-0.04993108789114388,-0.05117472823045238,-0.04868744755183538,supported,0.0,-2.6000671958608566e-05,2.6000671958608566e-05,-0.06991438356164384,-0.07171070824918944,-0.06811805887409823,,supported
H2B0094,S062,sobol_symmetric,2.0,0.7,16,21,21,0.5,0.5,0.1,0.1,0.1985404786230205,20,0.1009342488732103,0.10016008581490828,0.0009342488732102944,0.00016008581490827012,0.0007741630583020243,True,0.14033390410958907,0.13835401226606697,0.14231379595311117,supported,-0.015594485765381088,-0.018876883262994148,-0.01231208826776803,supported,-0.10016008581490829,-0.10160824703882486,-0.09871192459099172,supported,8.561643835619526e-06,-9.358082657608757e-06,2.6481370328847807e-05,-0.14032534246575343,-0.14230472633658092,-0.13834595859492593,,supported
H2B0094,S062,sobol_symmetric,2.0,0.7,16,21,21,0.5,0.5,0.2,0.2,0.397080957246041,20,0.19945871829891304,0.19982423075598182,0.0005412817010869708,0.00017576924401818683,0.000365512457068784,True,0.27973458904109594,0.2770756119189362,0.28239356616325567,supported,-0.03754244395968985,-0.041323897032145444,-0.033760990887234256,supported,-0.19982423075598185,-0.20194734769494135,-0.19770111381702235,supported,8.561643835619526e-06,-9.358082657608757e-06,2.6481370328847807e-05,-0.27972602739726027,-0.2823859101174441,-0.2770661446770764,,supported
H2B0095,S063;X065,sobol_symmetric,1.25,0.1,32,14,14,0.3,0.3,0.05,0.05,0.05,20,0.05127400733084109,0.04919790601079373,0.0012740073308410843,0.0008020939892062762,0.0020761013200473605,True,0.004370719178082172,-0.002334599993690614,0.011076038349854957,inconclusive,-0.05130872870702592,-0.05441552322124323,-0.04820193419280861,supported,-0.049197906010793754,-0.05135323456983523,-0.04704257745175228,supported,-0.0017465753424657782,-0.00847195209356266,0.004978801408631104,-0.00611729452054795,-0.006404326806840409,-0.005830262234255491,utilization,inconclusive
H2B0095,S063;X065,sobol_symmetric,1.25,0.1,32,14,14,0.3,0.3,0.1,0.1019867029083449,0.1053744720122708,20,0.10460772075901355,0.10435047335554357,0.004607720759013542,0.00435047335554356,0.00025724740346998176,True,0.00550941780821918,0.001262737620633463,0.009756097995804897,supported,-0.10457275572404853,-0.10778275746900673,-0.10136275397909034,supported,-0.10435047335554357,-0.1066058118130885,-0.10209513489799864,supported,-0.0074571917808219255,-0.011713008183784061,-0.003201375377859789,-0.012966609589041106,-0.013257443986829159,-0.012675775191253054,,supported
H2B0095,S063;X065,sobol_symmetric,1.25,0.1,32,14,14,0.3,0.3,0.2,0.2,0.2,20,0.20002885041416346,0.2016011473855201,2.8850414163450466e-05,0.0016011473855200853,0.0015722969713566348,True,0.0013827054794520398,-0.003741938496560283,0.006507349455464363,inconclusive,-0.19999388537919843,-0.20564941454946947,-0.1943383562089274,supported,-0.20160114738552015,-0.20593520828356454,-0.19726708648747576,supported,-0.023664383561643874,-0.0286726252732025,-0.01865614185008525,-0.025047089041095916,-0.025650656853618094,-0.02444352122857374,utilization,inconclusive
H2B0096,S064;X101,sobol_symmetric,3.1,0.9,16,28,28,0.0,0.0,0.05,0.1374299009622056,0.1611463300375728,20,0.05165781841643228,0.049762839631110695,0.001657818416432276,0.00023716036888930814,0.001894978785321584,True,0.1365667808219178,0.13377095587756688,0.13936260576626874,supported,-0.00293517307313996,-0.004342794333816794,-0.0015275518124631257,inconclusive,-0.049762839631110736,-0.05051770623509984,-0.049007973027121635,supported,-0.008981164383561651,-0.01091877712897344,-0.0070435516381498605,-0.14554794520547945,-0.14761920514663301,-0.1434766852643259,balk_served,inconclusive
H2B0096,S064;X101,sobol_symmetric,3.1,0.9,16,28,28,0.0,0.0,0.1,0.2255250133492762,0.3222926600751456,20,0.0928395767817486,0.09952836890851373,0.007160423218251402,0.000471631091486277,0.006688792126765125,True,0.2769006849315068,0.27307868343625646,0.2807226864267572,supported,-0.007639643752516923,-0.00867480526498218,-0.006604482240051666,supported,-0.09952836890851377,-0.10053289685715244,-0.0985238409598751,supported,-0.014623287671232877,-0.016661050422284995,-0.012585524920180759,-0.29152397260273977,-0.29443122678256123,-0.2886167184229183,,supported
H2B0096,S064;X101,sobol_symmetric,3.1,0.9,16,28,28,0.0,0.0,0.2,0.315414267339263,0.6445853201502912,0,0.1408133104920788,0.2008346972923365,,,0.0600213868002576,False,,,,inactive,,,,inactive,,,,inactive,,,,,,,target_unattainable,inactive
H2B0097,S065,sobol_symmetric,3.1,0.1,64,14,14,0.1,0.1,0.05,0.0608714803713245,0.1423628780601106,20,0.04803204391602857,0.050200514675392584,0.001967956083971434,0.000200514675392581,0.002168470759364015,True,0.012889554794520548,0.011075974143487814,0.014703135445553281,supported,-0.020961125811258127,-0.025797726379027927,-0.016124525243488327,supported,-0.05020051467539262,-0.05146244401632675,-0.04893858533445849,supported,-0.0026776541095890395,-0.004547923973969186,-0.0008073842452088927,-0.015567208904109587,-0.015980840034388776,-0.015153577773830395,,supported
H2B0097,S065,sobol_symmetric,3.1,0.1,64,14,14,0.1,0.1,0.1,0.1253716466523163,0.2847257561202213,20,0.10008633364926242,0.10060160423959903,8.63336492624156e-05,0.0006016042395990268,0.0005152705903366112,True,0.026504708904109588,0.02460610035149665,0.028403317456722525,supported,-0.03928428374245282,-0.04296964476032637,-0.03559892272457926,supported,-0.10060160423959907,-0.10232484480754793,-0.09887836367165022,supported,-0.004691780821917813,-0.006668488213214839,-0.0027150734306207866,-0.0311964897260274,-0.03183618271448921,-0.030556796737565593,,supported
H2B0097,S065,sobol_symmetric,3.1,0.1,64,14,14,0.1,0.1,0.2,0.2511876164838382,0.5694515122404427,20,0.20128943389598292,0.19996797192782761,0.0012894338959829055,3.202807217239645e-05,0.001321461968155302,True,0.05199486301369862,0.04989330331221239,0.054096422715184854,supported,-0.08077980860298542,-0.08521017582022326,-0.07634944138574758,supported,-0.1999679719278277,-0.20264775790652437,-0.19728818594913103,supported,-0.010038527397260289,-0.011898365067743135,-0.008178689726777443,-0.0620333904109589,-0.06302372038996663,-0.06104306043195117,,supported
H2B0098,S066,sobol_symmetric,1.25,0.9,16,28,28,0.5,0.5,0.05,0.0527579889744433,0.0608546356279633,20,0.05217176228425707,0.04975913435591383,0.00217176228425707,0.00024086564408617311,0.002412627928343243,True,0.05534246575342463,0.05405981278571353,0.05662511872113573,supported,-0.00206766241416243,-0.007348266505294384,0.003212941676969524,inconclusive,-0.049759134355913864,-0.05094111228496479,-0.04857715642686294,supported,-0.0004195205479452124,-0.0008011861465938337,-3.785494929659113e-05,-0.05576198630136984,-0.057131477754262375,-0.0543924948484773,balk_served,inconclusive
H2B0098,S066,sobol_symmetric,1.25,0.9,16,28,28,0.5,0.5,0.1,0.1,0.1217092712559267,20,0.09967775197764805,0.09959186890890076,0.0003222480223519508,0.0004081310910992453,8.588306874729446e-05,True,0.1100770547945205,0.10806720537482663,0.11208690421421437,supported,-0.006649287135006288,-0.01212614440422648,-0.0011724298657860956,supported,-0.09959186890890082,-0.10127876482513964,-0.09790497299266199,supported,-0.0016267123287671658,-0.0022124492434452366,-0.001040975414089095,-0.11170376712328767,-0.1136287433382961,-0.10977879090827923,,supported
H2B0098,S066,sobol_symmetric,1.25,0.9,16,28,28,0.5,0.5,0.2,0.2,0.2468179582243524,20,0.1997222338531275,0.20341736235844468,0.000277766146872499,0.00341736235844467,0.003695128505317169,True,0.20187500000000003,0.1976477932731606,0.20610220672683946,supported,-0.041078616591210856,-0.045544628893604396,-0.03661260428881732,supported,-0.20341736235844463,-0.205815658129176,-0.20101906658771326,supported,-0.026498287671232877,-0.030672175062942113,-0.02232440027952364,-0.2283732876712329,-0.23088165861897333,-0.2258649167234925,,supported
H2B0099,S067,sobol_symmetric,2.0,0.5,64,7,7,0.3,0.3,0.05,0.05,0.0993935161364757,20,0.05040387610683361,0.0499116437817183,0.00040387610683360886,8.835621828170298e-05,0.0004922323251153118,True,0.053976883561643874,0.05277692191655101,0.055176845206736734,supported,-0.014305426098450516,-0.016035806813845675,-0.012575045383055358,supported,-0.04991164378171836,-0.05055771550773948,-0.049265572055697246,supported,0.003949058219178125,0.003108476284010098,0.004789640154346153,-0.05002782534246575,-0.0506987697414689,-0.0493568809434626,,supported
H2B0099,S067,sobol_symmetric,2.0,0.5,64,7,7,0.3,0.3,0.1,0.1,0.1987870322729515,20,0.10021421405453357,0.10023192737918807,0.00021421405453356246,0.00023192737918806272,1.7713324654500262e-05,True,0.1071318493150685,0.10595563498166495,0.10830806364847205,supported,-0.030682033496414917,-0.03234889053726404,-0.029015176455565797,supported,-0.10023192737918811,-0.10108475763228325,-0.09937909712609297,supported,0.006806506849315092,0.006216708383738434,0.0073963053148917495,-0.10032534246575342,-0.10119192481337867,-0.09945876011812817,,supported
H2B0099,S067,sobol_symmetric,2.0,0.5,64,7,7,0.3,0.3,0.2,0.2,0.397574064545903,20,0.199510658482626,0.20169866906594436,0.000489341517374009,0.001698669065944347,0.002188010583318356,True,0.21208047945205477,0.2105269039463685,0.21363405495774104,supported,-0.06084524977112053,-0.06259610388939081,-0.059094395652850254,supported,-0.2016986690659444,-0.2029780725292801,-0.20041926560260873,supported,0.010218321917808203,0.009642328538374509,0.010794315297241898,-0.20186215753424658,-0.20325909641595222,-0.20046521865254094,,supported
H2B0100,S068,sobol_symmetric,4.0,0.7,16,21,21,0.0,0.0,0.05,0.1378529389154262,0.1644740431277369,20,0.05053657556269603,0.05073101575596227,0.0005365755626960261,0.0007310157559622665,0.0001944401932662404,True,0.1383390410958904,0.13521377546832572,0.14146430672345509,supported,-0.004750944184232439,-0.006258734236972804,-0.0032431541314920744,inconclusive,-0.05073101575596234,-0.051438624205529006,-0.05002340730639567,supported,-0.008099315068493151,-0.010166997969373067,-0.006031632167613236,-0.14643835616438355,-0.1485676508701536,-0.1443090614586135,balk_served,inconclusive
H2B0100,S068,sobol_symmetric,4.0,0.7,16,21,21,0.0,0.0,0.1,0.2287757352109841,0.3289480862554739,20,0.09059341970396796,0.1008347977320994,0.009406580296032044,0.0008347977320993932,0.010241378028131437,False,0.27681506849315063,0.27339754745047523,0.280232589535826,supported,-0.009381758328760367,-0.010532223656413922,-0.008231293001106811,supported,-0.10083479773209947,-0.10207083613429711,-0.09959875932990182,supported,-0.014006849315068487,-0.015761576857507377,-0.012252121772629595,-0.29082191780821914,-0.2943120564880304,-0.2873317791284079,loss_matching_failed,inconclusive
H2B0100,S068,sobol_symmetric,4.0,0.7,16,21,21,0.0,0.0,0.2,0.3453770829839973,0.6578961725109479,0,0.15872171027122,0.2001378614850295,,,0.0414161512138095,False,,,,inactive,,,,inactive,,,,inactive,,,,,,,target_unattainable,inactive
H2B0101,S069,sobol_symmetric,4.0,0.3,32,21,21,0.0,0.0,0.05,0.1952066649898859,0.208276305156448,20,0.05115233881869709,0.050772597979647005,0.001152338818697085,0.0007725979796470023,0.0003797408390500828,True,0.033771404109589044,0.031338552655230514,0.036204255563947574,supported,-0.035910776836153,-0.03792142815241853,-0.03390012551988747,supported,-0.05077259797964706,-0.05172441051188964,-0.04982078544740448,supported,-0.029066780821917826,-0.03147424859396172,-0.02665931304987393,-0.06283818493150686,-0.06402467304259388,-0.06165169682041985,,supported
H2B0101,S069,sobol_symmetric,4.0,0.3,32,21,21,0.0,0.0,0.1,0.3620574284724691,0.4165526103128961,20,0.10255410293140181,0.10114525126307623,0.0025541029314018054,0.0011452512630762274,0.001408851668325578,True,0.06576198630136987,0.06246823117319167,0.06905574142954807,supported,-0.06889663412970795,-0.07060908478581027,-0.06718418347360564,supported,-0.10114525126307625,-0.10202250403126027,-0.10026799849489222,supported,-0.05935359589041097,-0.06250324422410389,-0.05620394755671806,-0.12511558219178082,-0.1263142438365007,-0.12391692054706094,,supported
H2B0101,S069,sobol_symmetric,4.0,0.3,32,21,21,0.0,0.0,0.2,0.6445897414112209,0.8331052206257923,20,0.19889918506970075,0.2026704653825219,0.0011008149302992598,0.002670465382521886,0.003771280312821146,True,0.1313527397260274,0.1287521980611956,0.1339532813908592,supported,-0.1365623038440436,-0.138345223328765,-0.1347793843593222,supported,-0.20267046538252192,-0.2035678100865711,-0.20177312067847275,supported,-0.11892123287671234,-0.1219930282338072,-0.11584943751961749,-0.25027397260273976,-0.2518023057244391,-0.2487456394810404,,supported
H2B0102,S070,sobol_symmetric,1.25,0.7,32,7,7,0.3,0.3,0.05,0.05,0.0568359506775408,20,0.050302293715104716,0.05040716993025046,0.00030229371510471365,0.0004071699302504589,0.00010487621514574524,True,0.03786815068493149,0.03591130428758987,0.03982499708227311,supported,-0.009231125985287542,-0.012662121175473127,-0.005800130795101956,supported,-0.05040716993025052,-0.051503978654025256,-0.04931036120647578,supported,-0.006399828767123294,-0.008321323943092348,-0.004478333591154242,-0.04426797945205478,-0.04524399866951325,-0.04329196023459631,,supported
H2B0102,S070,sobol_symmetric,1.25,0.7,32,7,7,0.3,0.3,0.1,0.1,0.1136719013550817,20,0.10074865044199625,0.10007011323358461,0.0007486504419962486,7.011323358460664e-05,0.000678537208411642,True,0.07495291095890412,0.07229780198774974,0.0776080199300585,supported,-0.021032690381535497,-0.025042795184924735,-0.01702258557814626,supported,-0.10007011323358465,-0.10160060235673571,-0.0985396241104336,supported,-0.012821061643835608,-0.014905128430059485,-0.010736994857611731,-0.08777397260273971,-0.08915320961070254,-0.08639473559477688,,supported
H2B0102,S070,sobol_symmetric,1.25,0.7,32,7,7,0.3,0.3,0.2,0.1968000164998276,0.2273438027101634,20,0.19683651438854713,0.19874830229615922,0.003163485611452882,0.0012516977038407873,0.0019117879076120947,True,0.11459760273972604,0.11080476725024364,0.11839043822920843,supported,-0.07621991386026702,-0.07966573660285133,-0.07277409111768272,supported,-0.19874830229615928,-0.20036248626005945,-0.1971341183322591,supported,-0.059554794520547946,-0.06332182890697852,-0.055787760134117376,-0.17415239726027396,-0.17545222933737717,-0.17285256518317074,,supported
H2B0103,S071,sobol_symmetric,0.8,0.1,16,28,28,0.5,0.5,0.05,0.05,0.044487757642102,20,0.04588132494049268,0.044589107490027556,0.004118675059507325,0.005410892509972447,0.0012922174504651218,True,0.0023630136986301396,-0.0013772532279343395,0.006103280625194619,inconclusive,-0.04588132494049273,-0.05118221289748384,-0.040580436983501625,supported,-0.044589107490027605,-0.04775739026153419,-0.04142082471852102,supported,-0.001232876712328751,-0.004942836417126677,0.002477082992469175,-0.0035958904109588906,-0.0038532839313615364,-0.003338496890556245,utilization,inconclusive
H2B0103,S071,sobol_symmetric,0.8,0.1,16,28,28,0.5,0.5,0.1,0.1063056639263071,0.1,20,0.11539644784971448,0.10354751936581952,0.015396447849714473,0.0035475193658195125,0.01184892848389496,False,0.004434931506849316,0.0006250655456111979,0.008244797468087433,inconclusive,-0.11539644784971452,-0.12045435700507523,-0.11033853869435381,supported,-0.10354751936581956,-0.10823662951630772,-0.0988584092153314,supported,-0.003895547945205463,-0.00775381244171802,-3.7283448692906115e-05,-0.008330479452054779,-0.008670755640969327,-0.007990203263140231,loss_matching_failed,inconclusive
H2B0103,S071,sobol_symmetric,0.8,0.1,16,28,28,0.5,0.5,0.2,0.215556197694455,0.2078881089434769,20,0.21937229308145634,0.21352813264661372,0.019372293081456327,0.013528132646613705,0.005844160434842621,True,-0.0005650684931506889,-0.006244540197484981,0.005114403211183604,inconclusive,-0.2193722930814564,-0.22815689911564083,-0.21058768704727196,supported,-0.21352813264661377,-0.22059780561332226,-0.20645845967990528,supported,-0.017739726027397252,-0.023322815632041333,-0.012156636422753171,-0.017174657534246563,-0.017694085628857742,-0.016655229439635384,utilization,inconclusive
H2B0104,S072,sobol_symmetric,3.1,0.9,64,14,14,0.1,0.1,0.05,0.0647339552692349,0.1517246667333835,20,0.05040303375683366,0.049637394268520804,0.00040303375683365533,0.0003626057314791986,0.0007656394883128539,True,0.1379794520547945,0.13716769583576563,0.13879120827382338,supported,-0.001745899071608098,-0.0027647820809855337,-0.0007270160622306623,inconclusive,-0.04963739426852085,-0.04995201415973263,-0.04932277437730907,supported,-0.0009460616438356107,-0.0014541112144367554,-0.0004380120732344661,-0.13892551369863013,-0.1396405055854008,-0.13821052181185944,balk_served,inconclusive
H2B0104,S072,sobol_symmetric,3.1,0.9,64,14,14,0.1,0.1,0.1,0.1214857909128648,0.303449333466767,20,0.10064728905434754,0.099807163038163,0.0006472890543475357,0.00019283696183700072,0.0008401260161845364,True,0.2777418664383563,0.27680684771836656,0.27867688515834604,supported,-0.003414875343957663,-0.004196221454944309,-0.002633529232971018,inconclusive,-0.09980716303816307,-0.10021002217016022,-0.09940430390616593,supported,-0.0013720034246575085,-0.0017291268777916186,-0.0010148799715233984,-0.2791138698630138,-0.28009883086181736,-0.2781289088642102,balk_served,inconclusive
H2B0104,S072,sobol_symmetric,3.1,0.9,64,14,14,0.1,0.1,0.2,0.2170615582342584,0.6068986669335341,20,0.19790650292327647,0.19927520424651918,0.002093497076723544,0.0007247957534808336,0.0013687013232427103,True,0.5543600171232878,0.5529742417528479,0.5557457924937276,supported,-0.006683994285323011,-0.007594670256409784,-0.005773318314236239,supported,-0.19927520424651923,-0.19990802279785494,-0.19864238569518353,supported,-0.0030971746575342183,-0.003467870923192219,-0.0027264783918762177,-0.557457191780822,-0.5589184665560591,-0.5559959170055848,,supported
H2B0105,S073,sobol_symmetric,2.0,0.5,16,7,7,0.5,0.5,0.05,0.05,0.1003963691375919,20,0.04959495525490247,0.05029397417311974,0.0004050447450975325,0.0002939741731197362,0.0006990189182172687,True,0.04319349315068494,0.04000357254867742,0.04638341375269247,supported,-0.016447499993963288,-0.02005446267820776,-0.012840537309718816,supported,-0.050293974173119815,-0.05145617642629875,-0.04913177191994088,supported,-0.007131849315068495,-0.010015495565891049,-0.004248203064245941,-0.050325342465753445,-0.051403947366633194,-0.049246737564873695,,supported
H2B0105,S073,sobol_symmetric,2.0,0.5,16,7,7,0.5,0.5,0.1,0.1,0.2007927382751838,20,0.0998403408960741,0.10085462861003933,0.0001596591039259021,0.0008546286100393208,0.0010142877139652229,True,0.0939041095890411,0.09092769693319867,0.09688052224488351,supported,-0.028418880036341094,-0.03231750962747017,-0.02452025044521202,supported,-0.1008546286100394,-0.10232293527496648,-0.09938632194511231,supported,-0.007037671232876713,-0.009678615173251316,-0.004396727292502111,-0.10094178082191782,-0.10232630134501884,-0.0995572602988168,,supported
H2B0105,S073,sobol_symmetric,2.0,0.5,16,7,7,0.5,0.5,0.2,0.2,0.4015854765503676,20,0.20097020891616016,0.19994881587608063,0.0009702089161601479,5.118412391938443e-05,0.0010213930400795324,True,0.18410958904109592,0.18150152593307256,0.18671765214911928,supported,-0.05518867006008049,-0.05829757498826618,-0.0520797651318948,supported,-0.1999488158760807,-0.20208299045509187,-0.19781464129706955,supported,-0.016224315068493138,-0.01977346631569064,-0.012675163821295635,-0.20033390410958907,-0.20297159186741662,-0.19769621635176152,,supported
H2B0106,S074,sobol_symmetric,0.8,0.5,64,21,21,0.1,0.1,0.05,0.05,0.05,20,0.04967412304623327,0.05076292210321289,0.000325876953766735,0.0007629221032128888,0.0010887990569796238,True,0.00022260273972601885,-0.0024138032150484664,0.002859008694500504,inconclusive,-0.04967412304623332,-0.0506496513287238,-0.048698594763742845,supported,-0.05076292210321289,-0.05153552227805201,-0.04999032192837377,supported,-0.020128424657534262,-0.022656552167083118,-0.017600297147985406,-0.02035102739726028,-0.020665893280277327,-0.020036161514243235,utilization,inconclusive
H2B0106,S074,sobol_symmetric,0.8,0.5,64,21,21,0.1,0.1,0.1,0.1,0.1,20,0.10155684974707842,0.10121884586850664,0.001556849747078412,0.0012188458685066378,0.0003380038785717743,True,-8.561643835605648e-06,-0.003202265574294042,0.0031851422866228307,inconclusive,-0.10155684974707846,-0.10314565771435298,-0.09996804177980394,supported,-0.10121884586850667,-0.10221878872066596,-0.10021890301634738,supported,-0.04058861301369865,-0.04387796311885459,-0.037299262908542706,-0.04058005136986305,-0.04101684500542482,-0.04014325773430128,utilization,inconclusive
H2B0106,S074,sobol_symmetric,0.8,0.5,64,21,21,0.1,0.1,0.2,0.2,0.204782189407408,20,0.1995544710476725,0.20399574747960658,0.000445528952327523,0.003995747479606571,0.004441276431934094,True,0.0034460616438356157,0.0007237675428418003,0.006168355744829431,inconclusive,-0.1995544710476725,-0.20142888030776582,-0.19768006178757916,supported,-0.20399574747960664,-0.20581787461567339,-0.2021736203435399,supported,-0.07833904109589043,-0.0811898816870696,-0.07548820050471126,-0.08178510273972603,-0.08260256186064298,-0.08096764361880908,utilization,inconclusive
H2B0107,S075,sobol_symmetric,1.25,0.1,32,14,14,0.0,0.0,0.05,0.05,0.05,20,0.05019654676304951,0.051448726443762624,0.00019654676304950436,0.0014487264437626213,0.001252179680713117,True,0.003801369863013693,0.0010392221579106388,0.006563517568116747,inconclusive,-0.050196546763049577,-0.05255199720669518,-0.047841096319403975,supported,-0.05144872644376271,-0.05459628592905167,-0.048301166958473744,supported,-0.002624143835616466,-0.005375036892926808,0.00012674922169387572,-0.006425513698630159,-0.006796074587602575,-0.0060549528096577425,utilization,inconclusive
H2B0107,S075,sobol_symmetric,1.25,0.1,32,14,14,0.0,0.0,0.1,0.1,0.1027247936313794,20,0.10085762358065298,0.10663631461448073,0.000857623580652972,0.006636314614480721,0.005778691033827749,True,0.007773972602739726,0.005080247774612565,0.010467697430866887,supported,-0.10085762358065302,-0.10417153653734636,-0.09754371062395968,supported,-0.10663631461448078,-0.11073272084695551,-0.10253990838200605,supported,-0.0055693493150685116,-0.00833745865609864,-0.002801239974038383,-0.013343321917808237,-0.013844176628273348,-0.012842467207343127,,supported
H2B0107,S075,sobol_symmetric,1.25,0.1,32,14,14,0.0,0.0,0.2,0.2,0.2008100649719844,20,0.1966875990155558,0.20410410953837807,0.0033124009844442137,0.004104109538378059,0.007416510522822273,True,0.012221746575342456,0.009352237127526324,0.015091256023158589,supported,-0.19668759901555583,-0.2001655434288237,-0.19320965460228795,supported,-0.20410410953837813,-0.20959841593751052,-0.19860980313924573,supported,-0.013334760273972623,-0.01597558501989222,-0.010693935528053028,-0.02555650684931508,-0.026175423886711846,-0.024937589811918313,,supported
H2B0108,S076,sobol_symmetric,4.0,0.9,32,28,28,0.3,0.3,0.05,0.05,0.196615541694097,20,0.04967310164177828,0.04945242215020836,0.0003268983582217222,0.0005475778497916403,0.00022067949156991812,True,0.1783219178082192,0.17690777044511985,0.17973606517131857,supported,-0.0015360246064254346,-0.002495618899658401,-0.0005764303131924682,inconclusive,-0.04945242215020842,-0.049866296019427395,-0.04903854828098944,supported,3.85273972603073e-05,-0.0001536292667008293,0.00023068406122144392,-0.17828339041095892,-0.17971113718023154,-0.1768556436416863,balk_served,inconclusive
H2B0108,S076,sobol_symmetric,4.0,0.9,32,28,28,0.3,0.3,0.1,0.1,0.393231083388194,20,0.10015592709125068,0.09935348825805607,0.00015592709125067383,0.0006465117419439392,0.0008024388331946131,True,0.3574443493150684,0.3553990582616097,0.3594896403685271,supported,-0.0031642744626078243,-0.004124743608438873,-0.0022038053167767755,inconclusive,-0.09935348825805612,-0.10000369243429653,-0.09870328408181571,supported,-0.0002611301369863539,-0.00047962668748878837,-4.263358648391941e-05,-0.3577054794520548,-0.35974022931269434,-0.3556707295914152,balk_served,inconclusive
H2B0108,S076,sobol_symmetric,4.0,0.9,32,28,28,0.3,0.3,0.2,0.2,0.786462166776388,20,0.19953282127314453,0.19906505906160674,0.00046717872685547723,0.000934940938393275,0.00046776221153779773,True,0.7165325342465755,0.7150051247779001,0.7180599437152508,supported,-0.006226955982182187,-0.007148859290389567,-0.005305052673974808,supported,-0.19906505906160676,-0.19963939061259245,-0.19849072751062108,supported,-0.0003210616438356184,-0.0005125133858693553,-0.00012960990180188158,-0.716853595890411,-0.7184043062976626,-0.7153028854831593,,supported
H2B0109,S077,sobol_symmetric,4.0,0.3,64,28,28,0.3,0.3,0.05,0.05,0.1840481278539685,20,0.050121817451145946,0.04977956881691844,0.00012181745114594328,0.0002204311830815639,0.0003422486342275072,True,0.057305222602739715,0.05586311854595431,0.05874732665952512,supported,-0.00965206201343323,-0.011429117478563967,-0.007875006548302492,supported,-0.049779568816918474,-0.05041189440029762,-0.04914724323353933,supported,-0.0023330479452054907,-0.003690859757684767,-0.0009752361327262148,-0.05963827054794522,-0.060442987013357055,-0.05883355408253338,,supported
H2B0109,S077,sobol_symmetric,4.0,0.3,64,28,28,0.3,0.3,0.1,0.1,0.3680962557079371,20,0.0995323606535167,0.09922003719247738,0.0004676393464833062,0.0007799628075226273,0.00031232346103932107,True,0.11313570205479453,0.11116551545213628,0.11510588865745279,supported,-0.018786504479002448,-0.020805961412874885,-0.01676704754513001,supported,-0.09922003719247742,-0.10002504342990987,-0.09841503095504497,supported,-0.005764126712328771,-0.0076670810049898844,-0.003861172419667658,-0.11889982876712331,-0.11990981557379599,-0.11788984196045063,,supported
H2B0109,S077,sobol_symmetric,4.0,0.3,64,28,28,0.3,0.3,0.2,0.2,0.7361925114158743,20,0.1993622500032928,0.19809476370702578,0.0006377499967072098,0.0019052362929742328,0.001267486296267023,True,0.22354238013698632,0.22118767263803837,0.22589708763593427,supported,-0.03830763995125567,-0.03978687577590995,-0.03682840412660139,supported,-0.19809476370702583,-0.19933687134824127,-0.1968526560658104,supported,-0.013861301369863016,-0.015252316057253834,-0.012470286682472199,-0.2374036815068493,-0.23911489162575456,-0.23569247138794402,,supported
H2B0110,S078,sobol_symmetric,2.0,0.7,16,14,14,0.0,0.0,0.05,0.0790115557234222,0.0865925109021206,20,0.05146911675289269,0.050561091337529576,0.0014691167528926852,0.0005610913375295734,0.0009080254153631118,True,0.06935787671232878,0.06680696365300622,0.07190878977165134,supported,-0.010406179190733712,-0.01424417946783234,-0.006568178913635083,supported,-0.0505610913375296,-0.05213788560211646,-0.04898429707294273,supported,-0.0019434931506849495,-0.003059184074902305,-0.0008278022264675941,-0.07130136986301375,-0.07332782160275468,-0.06927491812327281,,supported
H2B0110,S078,sobol_symmetric,2.0,0.7,16,14,14,0.0,0.0,0.1,0.1489819816554359,0.1731850218042412,20,0.09945405913247109,0.10027337465855808,0.0005459408675289185,0.00027337465855807597,0.0008193155260869944,True,0.13818493150684927,0.13538952672434806,0.14098033628935047,supported,-0.018673687259660066,-0.02195680482632529,-0.015390569692994844,supported,-0.10027337465855815,-0.10210184779393863,-0.09844490152317767,supported,-0.003065068493150713,-0.004060897623502875,-0.0020692393627985512,-0.14125,-0.14371141372982815,-0.13878858627017182,,supported
H2B0110,S078,sobol_symmetric,2.0,0.7,16,14,14,0.0,0.0,0.2,0.2612568707265772,0.3463700436084825,20,0.19736739058103098,0.20077219120696763,0.002632609418969034,0.0007721912069676151,0.0034048006259366492,True,0.2768321917808219,0.272545541180398,0.28111884238124585,supported,-0.03415730418032027,-0.03778096166027375,-0.030533646700366797,supported,-0.20077219120696768,-0.20342347966394494,-0.19812090274999042,supported,-0.005813356164383598,-0.0074434293037952655,-0.004183283024971931,-0.2826455479452055,-0.2862670481578527,-0.27902404773255834,,supported
H2B0111,S079,sobol_symmetric,0.8,0.3,64,21,21,0.1,0.1,0.05,0.05,0.05,20,0.04902454589786532,0.049298522431333675,0.0009754541021346833,0.0007014775686663283,0.000273976533468355,True,0.0010916095890410981,-0.0029128183602252005,0.005096037538307397,inconclusive,-0.049024545897865354,-0.05029945764174829,-0.047749634153982416,supported,-0.049298522431333716,-0.05038544091208293,-0.048211603950584506,supported,-0.010727739726027408,-0.014689048975855688,-0.006766430476199129,-0.011819349315068506,-0.01210887324780403,-0.011529825382332982,utilization,inconclusive
H2B0111,S079,sobol_symmetric,0.8,0.3,64,21,21,0.1,0.1,0.1,0.1,0.0960889437939523,20,0.10151394007244138,0.09640927339263364,0.0015139400724413776,0.003590726607366368,0.005104666679807746,True,-0.0010102739726027543,-0.0061512099477327355,0.004130662002527227,inconclusive,-0.10151394007244144,-0.103221411569857,-0.09980646857502588,supported,-0.0964092733926337,-0.09795760211365878,-0.0948609446716086,supported,-0.024120291095890423,-0.029215902407397923,-0.019024679784382922,-0.02311001712328767,-0.02350723403381582,-0.022712800212759517,utilization,inconclusive
H2B0111,S079,sobol_symmetric,0.8,0.3,64,21,21,0.1,0.1,0.2,0.2,0.1926248758499477,20,0.20001078597417726,0.19270909196757807,1.0785974177252022e-05,0.007290908032421939,0.007301694006599191,True,-0.0012628424657534164,-0.004163050324853921,0.0016373653933470888,inconclusive,-0.20001078597417737,-0.202713878335082,-0.19730769361327274,supported,-0.19270909196757816,-0.1945942616365173,-0.190823922298639,supported,-0.04745505136986301,-0.05043142906865281,-0.044478673671073214,-0.04619220890410959,-0.04669581358788164,-0.04568860422033754,utilization,inconclusive
H2B0112,S080,sobol_symmetric,3.1,0.7,32,7,7,0.5,0.5,0.05,0.05,0.1225319543961109,20,0.05028191395925134,0.04988472804412514,0.0002819139592513398,0.0001152719558748655,0.00039718591512620527,True,0.10388698630136983,0.1021210735675173,0.10565289903522236,supported,-0.0037036757491536983,-0.005491389671839686,-0.0019159618264677112,inconclusive,-0.04988472804412515,-0.0505824412788102,-0.0491870148094401,supported,-0.004396404109589053,-0.005533192247109075,-0.0032596159720690307,-0.10828339041095889,-0.10978068121481299,-0.10678609960710478,balk_served,inconclusive
H2B0112,S080,sobol_symmetric,3.1,0.7,32,7,7,0.5,0.5,0.1,0.1,0.2450639087922218,20,0.10017381429620095,0.099976846092694,0.00017381429620094702,2.3153907306006083e-05,0.0001969682035069531,True,0.21038955479452054,0.20841516046626893,0.21236394912277215,supported,-0.005089976723696127,-0.006562797547400223,-0.003617155899992031,supported,-0.09997684609269401,-0.1007279182622528,-0.09922577392313522,supported,-0.006618150684931512,-0.008129330004522201,-0.005106971365340823,-0.21700770547945206,-0.21852062708458897,-0.21549478387431514,,supported
H2B0112,S080,sobol_symmetric,3.1,0.7,32,7,7,0.5,0.5,0.2,0.2,0.4901278175844436,20,0.1997294297125433,0.20042347685997536,0.00027057028745672285,0.0004234768599753469,0.0006940471474320697,True,0.42147688356164376,0.4192245861399705,0.423729180983317,supported,-0.011822130319841435,-0.01325079466146225,-0.01039346597822062,supported,-0.20042347685997536,-0.20142799937933542,-0.1994189543406153,supported,-0.01367722602739726,-0.015212635329974005,-0.012141816724820516,-0.4351541095890411,-0.43707562785355447,-0.43323259132452774,,supported
H2B0113,S081,sobol_symmetric,3.1,0.3,64,28,28,0.0,0.0,0.05,0.1191772349104315,0.1285445662222995,20,0.051073855157432804,0.04974131641840537,0.0010738551574328015,0.00025868358159463617,0.0013325387390274376,True,0.028938356164383568,0.02660864662578331,0.03126806570298382,supported,-0.029025864000210132,-0.030939382675649333,-0.027112345324770932,supported,-0.049741316418405415,-0.05029343911142188,-0.04918919372538895,supported,-0.019604023972602736,-0.021854373071297235,-0.017353674873908237,-0.0485423801369863,-0.04906883255073888,-0.04801592772323372,,supported
H2B0113,S081,sobol_symmetric,3.1,0.3,64,28,28,0.0,0.0,0.1,0.2199711307080793,0.2570891324445991,20,0.09841645696565833,0.1000578464712594,0.001583543034341675,5.7846471259392906e-05,0.001641389505601068,True,0.05724529109589045,0.054997267647333245,0.05949331454444766,supported,-0.05907646382380072,-0.060231530449786776,-0.05792139719781466,supported,-0.10005784647125941,-0.10107352037487169,-0.09904217256764714,supported,-0.04045590753424657,-0.042903973624261564,-0.038007841444231576,-0.09770119863013701,-0.09859070333547094,-0.09681169392480309,,supported
H2B0113,S081,sobol_symmetric,3.1,0.3,64,28,28,0.0,0.0,0.2,0.4160475586919653,0.5141782648891983,20,0.20163835580962478,0.20001616315976328,0.0016383558096247641,1.616315976327165e-05,0.0016221926498614925,True,0.11488441780821919,0.11268848538292668,0.1170803502335117,supported,-0.1188310025791656,-0.12025746921147105,-0.11740453594686014,supported,-0.20001616315976337,-0.20107514254771433,-0.1989571837718124,supported,-0.08067636986301371,-0.08319713132183415,-0.07815560840419328,-0.1955607876712329,-0.19669752005532976,-0.19442405528713602,,supported
H2B0114,S082,sobol_symmetric,0.8,0.7,16,14,14,0.3,0.3,0.05,0.05,0.05,20,0.0495398909191562,0.04963473760127758,0.0004601090808438041,0.0003652623987224213,9.484668212138281e-05,True,0.0054195205479452,5.428488185492235e-05,0.010784756214035478,supported,-0.04953989091915624,-0.05104348623303292,-0.04803629560527956,supported,-0.04963473760127762,-0.051234241038696796,-0.04803523416385845,supported,-0.02229452054794522,-0.02762298384683596,-0.016966057249054478,-0.02771404109589042,-0.02861820488351313,-0.02680987730826771,,supported
H2B0114,S082,sobol_symmetric,0.8,0.7,16,14,14,0.3,0.3,0.1,0.0986812289971312,0.1,20,0.10070388043763256,0.09893588908622732,0.0007038804376325591,0.0010641109137726895,0.0017679913514052487,True,0.005119863013698633,-0.0004194335443092924,0.010659159571706558,inconclusive,-0.1007038804376326,-0.10259832282146994,-0.09880943805379527,supported,-0.09893588908622733,-0.10155582376092694,-0.09631595441152772,supported,-0.050119863013698626,-0.056421907792471415,-0.04381781823492584,-0.05523972602739726,-0.05677671545558749,-0.05370273659920703,utilization,inconclusive
H2B0114,S082,sobol_symmetric,0.8,0.7,16,14,14,0.3,0.3,0.2,0.2,0.1948515024658748,20,0.20046018517967754,0.19303385304915527,0.0004601851796775247,0.006966146950844743,0.007426332130522267,True,0.0009332191780821786,-0.004953534788139635,0.0068199731443039915,inconclusive,-0.20046018517967762,-0.20418246366409865,-0.1967379066952566,supported,-0.19303385304915527,-0.19554295960649648,-0.19052474649181406,supported,-0.10684931506849318,-0.11358935928589911,-0.10010927085108726,-0.10778253424657533,-0.10941798994708549,-0.10614707854606517,utilization,inconclusive
H2B0115,S083,sobol_symmetric,2.0,0.1,32,21,21,0.5,0.5,0.05,0.05,0.0517113165242693,20,0.05015853738709636,0.04625260580355163,0.00015853738709635523,0.0037473941964483726,0.003905931583544728,True,0.009297945205479479,0.008938044809613568,0.00965784560134539,supported,-0.03760160904286955,-0.044158131708764294,-0.0310450863769748,supported,-0.046252605803551665,-0.04811901944926979,-0.04438619215783354,supported,1.2842465753420962e-05,-1.4037123986404034e-05,3.9722055493245954e-05,-0.009285102739726058,-0.00963429549093769,-0.008935909988514425,,supported
H2B0115,S083,sobol_symmetric,2.0,0.1,32,21,21,0.5,0.5,0.1,0.0958779913993776,0.1041652195616924,20,0.09669596196520155,0.09383959393799106,0.003304038034798451,0.006160406062008947,0.0028563680272104958,True,0.018762842465753438,0.018239221757125144,0.01928646317438173,supported,-0.0720451822496461,-0.07772451419269628,-0.0663658503065959,supported,-0.09383959393799109,-0.09646196648778281,-0.09121722138819936,supported,-6.84931506849229e-05,-0.0001609693206968655,2.398301932701971e-05,-0.01883133561643836,-0.01936220079833709,-0.01830047043453963,,supported
H2B0115,S083,sobol_symmetric,2.0,0.1,32,21,21,0.5,0.5,0.2,0.2098182830440662,0.2100736419109736,20,0.20660985029528312,0.19122024400838072,0.006609850295283104,0.008779755991619287,0.01538960628690239,False,0.03779965753424652,0.036997683255837646,0.0386016318126554,supported,-0.1590610445707457,-0.16509636265788136,-0.15302572648361007,supported,-0.1912202440083808,-0.19457502766635593,-0.1878654603504057,supported,-0.00045804794520550864,-0.0007277148391680435,-0.00018838105124297378,-0.03825770547945203,-0.03894096868280746,-0.0375744422760966,loss_matching_failed,inconclusive
H2B0116,S084,sobol_symmetric,4.0,0.7,32,7,7,0.1,0.1,0.05,0.1127538974106859,0.1868003307338468,20,0.049837519377571256,0.04969842741363301,0.000162480622428747,0.00030157258636698964,0.00013909196393824264,True,0.12689640410958905,0.12371806057695511,0.130074747642223,supported,-0.007610982763782565,-0.008957595678385439,-0.006264369849179691,supported,-0.049698427413633076,-0.05055760147997743,-0.04883925334728872,supported,-0.012701198630136962,-0.014732468365791661,-0.010669928894482263,-0.13959760273972602,-0.14188903872889658,-0.13730616675055546,,supported
H2B0116,S084,sobol_symmetric,4.0,0.7,32,7,7,0.1,0.1,0.1,0.2051574485343058,0.3736006614676937,20,0.0975062433590603,0.09892642194130533,0.002493756640939704,0.0010735780586946797,0.0014201785822450241,True,0.2539340753424657,0.250843398231363,0.25702475245356843,supported,-0.015685460367378577,-0.017287456013882596,-0.014083464720874558,supported,-0.09892642194130538,-0.09979287535876012,-0.09805996852385064,supported,-0.02376712328767122,-0.026205003471350793,-0.02132924310399165,-0.277701198630137,-0.2800235140762677,-0.2753788831840063,,supported
H2B0116,S084,sobol_symmetric,4.0,0.7,32,7,7,0.1,0.1,0.2,0.3408515360539174,0.7472013229353874,20,0.18409333187155014,0.1984550295614543,0.015906668128449875,0.0015449704385457064,0.014361697689904168,False,0.5091823630136987,0.5066657022817825,0.5116990237456148,supported,-0.029353189927649015,-0.030451715427333752,-0.028254664427964277,supported,-0.19845502956145436,-0.1993890431627578,-0.19752101596015093,supported,-0.04797089041095888,-0.05020608260251567,-0.04573569821940209,-0.5571532534246575,-0.5595605097042834,-0.5547459971450316,loss_matching_failed,inconclusive
H2B0117,S085,sobol_symmetric,4.0,0.1,16,7,7,0.1,0.1,0.05,0.0593842762897371,0.0822493050044165,20,0.05281617791413914,0.047253429380760645,0.0028161779141391355,0.002746570619239358,0.0055627485333784935,True,0.017457191780821925,0.015853459247915695,0.019060924313728154,supported,-0.02598742367334374,-0.03567719062770903,-0.016297656718978454,supported,-0.0472534293807607,-0.04969613797805618,-0.04481072078346522,supported,-0.001438356164383553,-0.0027974727437603884,-7.923958500671759e-05,-0.018895547945205475,-0.019883667556532196,-0.017907428333878754,,supported
H2B0117,S085,sobol_symmetric,4.0,0.1,16,7,7,0.1,0.1,0.1,0.1122476744324806,0.1709339135961028,20,0.10125024505075904,0.09542046601885856,0.001250245050759033,0.004579533981141443,0.0058297790319004755,True,0.03690924657534245,0.03475770471739108,0.03906078843329382,supported,-0.04487289072984699,-0.05102400078660632,-0.03872178067308765,supported,-0.0954204660188586,-0.09886392221556511,-0.0919770098221521,supported,-0.0010702054794520632,-0.0027158395440243783,0.000575428585120252,-0.03797945205479451,-0.039353213003766735,-0.03660569110582229,,supported
H2B0117,S085,sobol_symmetric,4.0,0.1,16,7,7,0.1,0.1,0.2,0.2242530837712132,0.3561955033741683,20,0.20482623550388296,0.20115921413033874,0.004826235503882947,0.0011592141303387316,0.003667021373544216,True,0.07636130136986301,0.07417779054330685,0.07854481219641916,supported,-0.09921709573000626,-0.10632154127850975,-0.09211265018150276,supported,-0.20115921413033883,-0.20556338823697298,-0.19675504002370467,supported,-0.003775684931506851,-0.0054815499637562186,-0.0020698198992574832,-0.08013698630136987,-0.08202109337953992,-0.07825287922319982,,supported
H2B0118,S086,sobol_symmetric,1.25,0.9,64,21,21,0.5,0.5,0.05,0.05,0.0626202548463145,20,0.05028292830421295,0.05059473577754066,0.00028292830421294823,0.0005947357775406559,0.00031180747332770764,True,0.05538741438356165,0.054442309740221705,0.0563325190269016,supported,-0.005213141947227112,-0.007599166481919113,-0.002827117412535111,supported,-0.0505947357775407,-0.0512728628884287,-0.0499166086666527,supported,-0.001442636986301382,-0.002371026195881808,-0.000514247776720956,-0.056830051369863036,-0.057536613201899726,-0.056123489537826345,,supported
H2B0118,S086,sobol_symmetric,1.25,0.9,64,21,21,0.5,0.5,0.1,0.1,0.1252405096926291,20,0.10045335906833415,0.10019381833188387,0.0004533590683341443,0.000193818331883866,0.0002595407364502783,True,0.10946489726027395,0.10815555462510651,0.11077423989544138,supported,-0.00986794930751445,-0.01325069685163759,-0.0064852017633913114,supported,-0.10019381833188393,-0.10109302993153939,-0.09929460673222847,supported,-0.003090753424657555,-0.0038849877758782214,-0.002296519073436889,-0.1125556506849315,-0.11349131594318103,-0.11161998542668196,,supported
H2B0118,S086,sobol_symmetric,1.25,0.9,64,21,21,0.5,0.5,0.2,0.2,0.2504810193852583,20,0.19986604296884863,0.20018631877319426,0.00013395703115137714,0.0001863187731942495,0.00032027580434562664,True,0.21775470890410964,0.21662742393514084,0.21888199387307844,supported,-0.021674024231245446,-0.02398967064341407,-0.019358377819076823,supported,-0.20018631877319426,-0.2011420113923543,-0.19923062615403422,supported,-0.0070826198630136615,-0.00808213509839993,-0.0060831046276273925,-0.2248373287671233,-0.2256949224145832,-0.22397973511966343,,supported
H2B0119,S087,sobol_symmetric,0.8,0.5,32,14,14,0.3,0.3,0.05,0.0527449659280458,0.05,20,0.05265208369954828,0.050239517711297074,0.00265208369954828,0.00023951771129707145,0.0024125659882512085,True,0.0022388698630136927,-0.001267999984903223,0.005745739710930608,inconclusive,-0.05265208369954831,-0.05397033743557405,-0.05133382996352257,supported,-0.05023951771129709,-0.05212624246794636,-0.04835279295464782,supported,-0.01784246575342465,-0.02157508838762274,-0.014109843119226563,-0.020081335616438344,-0.020873980397712058,-0.01928869083516463,utilization,inconclusive
H2B0119,S087,sobol_symmetric,0.8,0.5,32,14,14,0.3,0.3,0.1,0.1,0.1,20,0.09856171243678921,0.10022001431658281,0.0014382875632107939,0.00022001431658280612,0.0016583018797936,True,0.002893835616438356,-0.001180906042623853,0.006968577275500565,inconclusive,-0.09856171243678924,-0.10046226504272412,-0.09666115983085435,supported,-0.10022001431658285,-0.10294040917856476,-0.09749961945460095,supported,-0.037161815068493136,-0.041456915858152386,-0.032866714278833885,-0.04005565068493149,-0.041215836897364196,-0.03889546447249879,utilization,inconclusive
H2B0119,S087,sobol_symmetric,0.8,0.5,32,14,14,0.3,0.3,0.2,0.2039919603711783,0.2048906259265251,20,0.2045751843972131,0.20449220894399117,0.004575184397213078,0.0044922089439911606,8.297545322191735e-05,True,0.001018835616438374,-0.0018940491495483013,0.00393172038242505,inconclusive,-0.20457518439721314,-0.20694321423687667,-0.20220715455754962,supported,-0.2044922089439912,-0.2066086922017133,-0.2023757256862691,supported,-0.08070633561643836,-0.08402947363171653,-0.07738319760116019,-0.08172517123287673,-0.08279621864895816,-0.0806541238167953,utilization,inconclusive
H2B0120,S088,sobol_symmetric,2.0,0.5,64,28,28,0.0,0.0,0.05,0.0610889859671966,0.0655037305061683,20,0.051648631823735004,0.049549714748809974,0.0016486318237350014,0.00045028525119002877,0.00209891707492503,True,0.04475171232876714,0.04295617813629734,0.046547246521236936,supported,-0.005863435914571597,-0.008482872782183931,-0.003243999046959262,supported,-0.04954971474881001,-0.050354664973323256,-0.04874476452429676,supported,-0.005359589041095875,-0.006849696375185087,-0.003869481707006662,-0.05011130136986301,-0.05084703884256325,-0.04937556389716277,,supported
H2B0120,S088,sobol_symmetric,2.0,0.5,64,28,28,0.0,0.0,0.1,0.1167871244919041,0.1310074610123366,20,0.10327160994268506,0.09893469442051366,0.00327160994268505,0.0010653055794863503,0.0043369155221714,True,0.08930864726027396,0.08756740433342003,0.09104989018712789,supported,-0.016278201217623696,-0.01905469772805234,-0.013501704707195052,supported,-0.0989346944205137,-0.09982410015791059,-0.09804528868311681,supported,-0.010558647260273963,-0.011889917132527694,-0.009227377388020232,-0.09986729452054795,-0.10072551118574155,-0.09900907785535434,,supported
H2B0120,S088,sobol_symmetric,2.0,0.5,64,28,28,0.0,0.0,0.2,0.2096125121537446,0.2620149220246732,20,0.2026372218369675,0.19848582964128023,0.0026372218369674905,0.0015141703587197852,0.004151392195687276,True,0.18584546232876714,0.18289687639737853,0.18879404826015575,supported,-0.031156687150787614,-0.03371574245296659,-0.02859763184860864,supported,-0.19848582964128023,-0.1995967232761664,-0.19737493600639405,supported,-0.014738869863013686,-0.01729792334257714,-0.012179816383450231,-0.2005843321917808,-0.2015238768928233,-0.19964478749073827,,supported
H2B0121,S089,sobol_symmetric,2.0,0.1,16,21,21,0.3,0.3,0.05,0.0563070155506664,0.0598820936569671,20,0.05627165460294844,0.05676549139920843,0.006271654602948436,0.006765491399208429,0.0004938367962599929,True,0.01099315068493149,0.010021128856289429,0.011965172513573551,supported,-0.04578536592261783,-0.05335041185402267,-0.03822031999121299,supported,-0.0567654913992085,-0.0598520544108557,-0.0536789283875613,supported,-0.0003253424657534365,-0.0012379253087971532,0.0005872403772902802,-0.011318493150684927,-0.01191532043817869,-0.010721665863191164,,supported
H2B0121,S089,sobol_symmetric,2.0,0.1,16,21,21,0.3,0.3,0.1,0.1,0.1186812406514224,20,0.09698867925570595,0.10959955356496598,0.003011320744294055,0.009599553564965974,0.012610874309260028,False,0.02141267123287673,0.02015291922308568,0.02267242324266778,supported,-0.07295695247845688,-0.08247650730641543,-0.06343739765049833,supported,-0.10959955356496605,-0.11382782058306325,-0.10537128654686885,supported,-0.0004623287671232879,-0.0012323613949321256,0.00030770386068554995,-0.021875000000000016,-0.022796420307546663,-0.02095357969245337,loss_matching_failed,inconclusive
H2B0121,S089,sobol_symmetric,2.0,0.1,16,21,21,0.3,0.3,0.2,0.2,0.231337836073815,20,0.19668299378932821,0.21135260106835058,0.003317006210671797,0.011352601068350565,0.014669607279022362,False,0.040085616438356106,0.03878353040748454,0.04138770246922767,supported,-0.15182610258174006,-0.1623960381680296,-0.14125616699545052,supported,-0.21135260106835058,-0.21638505595664032,-0.20632014618006084,supported,-0.0020976027397260457,-0.0032231270519912083,-0.000972078427460883,-0.04218321917808215,-0.04335736616928732,-0.04100907218687697,loss_matching_failed,inconclusive
H2B0122,S090,sobol_symmetric,0.8,0.9,32,7,7,0.0,0.0,0.05,0.05,0.05,20,0.049589461746215355,0.050201920904913086,0.00041053825378464803,0.00020192090491308323,0.0006124591586977313,True,-0.00014554794520547088,-0.005211278620595679,0.004920182730184738,inconclusive,-0.049589461746215396,-0.050853826146247415,-0.04832509734618338,supported,-0.05020192090491314,-0.05123302029881739,-0.04917082151100889,supported,-0.03637414383561645,-0.04194537976442311,-0.030802907906809784,-0.03622859589041098,-0.037069836672383324,-0.03538735510843864,utilization,inconclusive
H2B0122,S090,sobol_symmetric,0.8,0.9,32,7,7,0.0,0.0,0.1,0.1,0.1,20,0.09936691491551737,0.10096553834223605,0.0006330850844826347,0.000965538342236047,0.0015986234267186816,True,0.0006035958904109684,-0.004727579805161646,0.005934771585983582,inconclusive,-0.09936691491551744,-0.10129935091882936,-0.09743447891220552,supported,-0.1009655383422361,-0.10250455955796284,-0.09942651712650935,supported,-0.07225599315068494,-0.07846120583601528,-0.0660507804653546,-0.0728595890410959,-0.07418606932593541,-0.0715331087562564,utilization,inconclusive
H2B0122,S090,sobol_symmetric,0.8,0.9,32,7,7,0.0,0.0,0.2,0.2,0.2,20,0.19975326912875163,0.20064964488663412,0.00024673087124837956,0.0006496448866341042,0.0008963757578824838,True,0.0035659246575342586,-0.0008315199385521528,0.007963369253620671,inconclusive,-0.19975326912875166,-0.20269274983954744,-0.19681378841795588,supported,-0.20064964488663412,-0.202407450892188,-0.19889183888108022,supported,-0.14120719178082192,-0.1464051985573143,-0.13600918500432954,-0.14477311643835616,-0.1463642893196164,-0.14318194355709593,utilization,inconclusive
H2B0123,S091,sobol_symmetric,1.25,0.3,16,28,28,0.1,0.1,0.05,0.0510891634457898,0.0617608245767955,20,0.05157905198635274,0.05420641258247855,0.0015790519863527405,0.004206412582478544,0.0026273605961258037,True,0.015325342465753395,0.011762064442811207,0.018888620488695582,supported,-0.03241262648728969,-0.03989020955382259,-0.024935043420756788,supported,-0.05420641258247862,-0.05612481773493398,-0.052288007430023264,supported,-0.005008561643835641,-0.00888177825282904,-0.0011353450348422413,-0.020333904109589036,-0.021047325308589403,-0.01962048291058867,,supported
H2B0123,S091,sobol_symmetric,1.25,0.3,16,28,28,0.1,0.1,0.1,0.1,0.1160522165159737,20,0.10171928817876259,0.10173957733305752,0.0017192881787625874,0.0017395773330575182,2.0289154294930722e-05,True,0.024777397260273965,0.02090093336892796,0.02865386115161997,supported,-0.06406178737541672,-0.0708569183472261,-0.057266656403607334,supported,-0.10173957733305758,-0.10473519577024543,-0.09874395889586973,supported,-0.013433219178082201,-0.017281623860224516,-0.009584814495939887,-0.03821061643835617,-0.03937812333481686,-0.03704310954189547,,supported
H2B0123,S091,sobol_symmetric,1.25,0.3,16,28,28,0.1,0.1,0.2,0.2,0.2383202961309319,20,0.20005232847974846,0.20410333264749686,5.232847974845356e-05,0.004103332647496849,0.0040510041677483954,True,0.053236301369863015,0.05008046880674278,0.05639213393298325,supported,-0.1259862708023428,-0.13466224750485942,-0.11731029409982614,supported,-0.20410333264749694,-0.20863922402314686,-0.19956744127184703,supported,-0.02332191780821919,-0.026590006797123877,-0.020053828819314504,-0.07655821917808218,-0.07833767978911936,-0.07477875856704501,,supported
H2B0124,S092,sobol_symmetric,3.1,0.7,64,14,14,0.5,0.5,0.05,0.05,0.1506736183017116,20,0.050393739938579526,0.050270515764372234,0.0003937399385795237,0.0002705157643722311,0.0001232241742072926,True,0.10902183219178081,0.10814848739038475,0.10989517699317687,supported,-0.00459441260393065,-0.005727155593639143,-0.003461669614222157,inconclusive,-0.05027051576437228,-0.05070356311446751,-0.04983746841427705,supported,0.0,0.0,0.0,-0.10902183219178081,-0.10989517699317687,-0.10814848739038475,balk_served,inconclusive
H2B0124,S092,sobol_symmetric,3.1,0.7,64,14,14,0.5,0.5,0.1,0.1,0.3013472366034233,20,0.10038095290695673,0.10019566371869522,0.0003809529069567219,0.00019566371869521315,0.00018528918826150875,True,0.21744863013698632,0.21629089930542464,0.218606360968548,supported,-0.010139257314436361,-0.01137932774380124,-0.008899186885071483,supported,-0.10019566371869526,-0.10080835653740873,-0.09958297089998179,supported,0.0,0.0,0.0,-0.21744863013698632,-0.218606360968548,-0.21629089930542464,,supported
H2B0124,S092,sobol_symmetric,3.1,0.7,64,14,14,0.5,0.5,0.2,0.2,0.6026944732068467,20,0.1998518877928221,0.20037741125809355,0.0001481122071779195,0.0003774112580935407,0.0005255234652714602,True,0.4349657534246575,0.4336023193654173,0.43632918748389765,supported,-0.022106606372951722,-0.023298546447112024,-0.02091466629879142,supported,-0.20037741125809366,-0.20110017383651668,-0.19965464867967064,supported,0.0,0.0,0.0,-0.4349657534246575,-0.43632918748389765,-0.4336023193654173,,supported
H2B0125,S093,sobol_symmetric,4.0,0.3,32,14,14,0.5,0.5,0.05,0.05,0.1592935553576039,20,0.049841581305617375,0.050418979648837056,0.00015841869438262823,0.0004189796488370534,0.0005773983432196816,True,0.05147688356164384,0.04947251694666204,0.05348125017662563,supported,-0.009640084309255148,-0.011443490480270067,-0.007836678138240228,supported,-0.050418979648837105,-0.051068697069132675,-0.049769262228541535,supported,-0.009199486301369875,-0.01114069701829946,-0.007258275584440289,-0.0606763698630137,-0.06154429199968833,-0.05980844772633907,,supported
H2B0125,S093,sobol_symmetric,4.0,0.3,32,14,14,0.5,0.5,0.1,0.1,0.3185871107152079,20,0.10022448461540445,0.1011914090924853,0.00022448461540444664,0.0011914090924852877,0.0009669244770808411,True,0.10318065068493151,0.10007429732024446,0.10628700404961856,supported,-0.020190492866563627,-0.02243512765951821,-0.017945858073609045,supported,-0.10119140909248536,-0.1024056542233767,-0.09997716396159402,supported,-0.018531678082191805,-0.02145457097344073,-0.01560878519094288,-0.12171232876712332,-0.12343227862169981,-0.11999237891254683,,supported
H2B0125,S093,sobol_symmetric,4.0,0.3,32,14,14,0.5,0.5,0.2,0.2,0.6371742214304159,20,0.1996844344849134,0.20179638761770002,0.00031556551508660213,0.0017963876177000127,0.002111953132786615,True,0.2060316780821918,0.2026221810341346,0.209441175130249,supported,-0.04167854638375527,-0.04325016601119096,-0.04010692675631958,supported,-0.20179638761770008,-0.20285309209991054,-0.20073968313548962,supported,-0.03672945205479454,-0.039791631453058786,-0.033667272656530293,-0.2427611301369863,-0.24436999590655054,-0.24115226436742207,,supported
H2B0126,S094;X046,sobol_symmetric,2.0,0.5,32,28,28,0.1,0.1,0.05,0.05,0.091698541088036,20,0.04993143590151985,0.049009617862608934,6.856409848015471e-05,0.0009903821373910687,0.000921818038910914,True,0.060659246575342426,0.05870926118121076,0.06260923196947409,supported,-0.017048102704269368,-0.01876154725217178,-0.015334658156366955,supported,-0.049009617862609,-0.04979546696178225,-0.04822376876343576,supported,0.011489726027397246,0.009782340869785371,0.013197111185009122,-0.04916952054794518,-0.04996817934175664,-0.048370861754133715,,supported
H2B0126,S094;X046,sobol_symmetric,2.0,0.5,32,28,28,0.1,0.1,0.1,0.1,0.1833970821760721,20,0.09991121304281185,0.09859516636152305,8.878695718815555e-05,0.00140483363847696,0.0013160466812888044,True,0.11768407534246575,0.11558979122228345,0.11977835946264805,supported,-0.03721879005223025,-0.039474991240031114,-0.034962588864429385,supported,-0.0985951663615231,-0.09980486515926486,-0.09738546756378134,supported,0.0188056506849315,0.01710115467674289,0.02051014669312011,-0.09887842465753423,-0.0999986357808357,-0.09775821353423275,,supported
H2B0126,S094;X046,sobol_symmetric,2.0,0.5,32,28,28,0.1,0.1,0.2,0.2,0.3667941643521443,20,0.199730394839807,0.1972274214039093,0.00026960516019300385,0.0027725785960907023,0.0025029734358976985,True,0.2236301369863014,0.22171259844662025,0.22554767552598257,supported,-0.06805966960775187,-0.07101653205163254,-0.06510280716387119,supported,-0.1972274214039094,-0.19888623139448824,-0.19556861141333054,supported,0.025980308219178107,0.02449698896869275,0.027463627469663465,-0.19764982876712328,-0.19919339490582466,-0.1961062626284219,,supported
H2B0127,S095,sobol_symmetric,1.25,0.1,64,7,7,0.0,0.0,0.05,0.0491931419994515,0.05,20,0.04956026219028935,0.05039689237290559,0.00043973780971065524,0.00039689237290558427,0.0008366301826162395,True,0.0006399828767123083,-0.0016722089730348232,0.0029521747264594396,inconclusive,-0.0495602621902894,-0.051830960544665926,-0.04728956383591288,supported,-0.050396892372905636,-0.052316289117507894,-0.04847749562830338,supported,-0.0056549657534246565,-0.007949653028013988,-0.0033602784788353242,-0.006294948630136965,-0.006517808195474449,-0.006072089064799481,utilization,inconclusive
H2B0127,S095,sobol_symmetric,1.25,0.1,64,7,7,0.0,0.0,0.1,0.1,0.1069284342420069,20,0.10145038453432283,0.10745097194595374,0.001450384534322821,0.007450971945953733,0.006000587411630912,True,0.00040239726027396783,-0.001683988584754419,0.0024887831053023546,inconclusive,-0.10145038453432294,-0.10357722531667474,-0.09932354375197114,supported,-0.1074509719459538,-0.11022203933611963,-0.10467990455578796,supported,-0.013024400684931487,-0.01505448208312258,-0.010994319286740394,-0.013426797945205455,-0.01377685930074503,-0.013076736589665879,utilization,inconclusive
H2B0127,S095,sobol_symmetric,1.25,0.1,64,7,7,0.0,0.0,0.2,0.2,0.213342387040981,20,0.1983263580148282,0.21300741108163787,0.0016736419851718087,0.01300741108163786,0.014681053066809668,False,0.0015154109589041065,-0.0006557074258043249,0.0036865293436125377,inconclusive,-0.19832635801482826,-0.20299286269259997,-0.19365985333705654,supported,-0.21300741108163793,-0.21755691063489485,-0.208457911528381,supported,-0.02510273972602739,-0.027142212363725167,-0.023063267088329613,-0.026618150684931497,-0.027210686546532144,-0.02602561482333085,loss_matching_failed,inconclusive
H2B0128,S096;X067,sobol_symmetric,3.1,0.9,16,21,21,0.3,0.3,0.05,0.05,0.1543981880467121,20,0.049927283455407055,0.050515009493154864,7.271654459294757e-05,0.000515009493154861,0.0005877260377478086,True,0.13899828767123293,0.13671172480540786,0.141284850537058,supported,-0.0012751230933900736,-0.0033794018583385016,0.0008291556715583545,inconclusive,-0.050515009493154905,-0.05126469428065848,-0.04976532470565133,supported,-0.001515410958904062,-0.00334292252509582,0.0003121006072876961,-0.14051369863013696,-0.14249272385350154,-0.1385346734067724,balk_served,inconclusive
H2B0128,S096;X067,sobol_symmetric,3.1,0.9,16,21,21,0.3,0.3,0.1,0.1,0.3171699607835966,20,0.09959381590798046,0.10274417501941971,0.00040618409201954864,0.0027441750194197034,0.003150359111439252,True,0.28379280821917807,0.27991353976685646,0.2876720766714997,supported,-0.004224043406435124,-0.006391422731954494,-0.0020566640809157534,inconclusive,-0.10274417501941975,-0.10378441969189135,-0.10170393034694815,supported,-0.0023287671232876507,-0.004368022218673257,-0.00028951202790204484,-0.2861215753424658,-0.28922585032772774,-0.28301730035720385,balk_served,inconclusive
H2B0128,S096;X067,sobol_symmetric,3.1,0.9,16,21,21,0.3,0.3,0.2,0.2,0.6175927521868484,20,0.20033079658380393,0.20081752050635665,0.0003307965838039162,0.0008175205063566393,0.0004867239225527231,True,0.5554109589041095,0.5527308205353121,0.558091097272907,supported,-0.007988986839206994,-0.010021659936169804,-0.005956313742244184,supported,-0.2008175205063567,-0.20196009299334008,-0.19967494801937333,supported,-0.004434931506849293,-0.0061662521965709215,-0.0027036108171276645,-0.559845890410959,-0.5626978571723829,-0.5569939236495351,,supported
H2B0129,S097,sobol_symmetric,3.1,0.5,32,28,28,0.1,0.1,0.05,0.05,0.1059166962825916,20,0.049981834052974,0.04995482473066353,1.816594702599983e-05,4.517526933647126e-05,2.700932231047143e-05,True,0.07353595890410958,0.0711654411234868,0.07590647668473235,supported,-0.0068311349091690595,-0.008532412837918134,-0.005129856980419984,supported,-0.049954824730663566,-0.05069769064903264,-0.049211958812294496,supported,-0.0038484589041095805,-0.0056841539901838515,-0.0020127638180353095,-0.07738441780821917,-0.07856960896527501,-0.07619922665116333,,supported
H2B0129,S097,sobol_symmetric,3.1,0.5,32,28,28,0.1,0.1,0.1,0.1,0.2118333925651832,20,0.10011563715629304,0.10020261681844908,0.00011563715629303584,0.0002026168184490751,8.697966215603925e-05,True,0.1494948630136986,0.1470285002038245,0.15196122582357272,supported,-0.014027247682243657,-0.01602420476859962,-0.012030290595887692,supported,-0.10020261681844915,-0.10137737412150973,-0.09902785951538857,supported,-0.005740582191780819,-0.007591177849427019,-0.003889986534134618,-0.15523544520547944,-0.15693825475000325,-0.15353263566095562,,supported
H2B0129,S097,sobol_symmetric,3.1,0.5,32,28,28,0.1,0.1,0.2,0.2,0.4236667851303664,20,0.19962252341307601,0.20055677042916206,0.0003774765869239971,0.0005567704291620512,0.0009342470160860483,True,0.2973202054794521,0.29514591726204203,0.29949449369686215,supported,-0.028605299810668096,-0.030789667306913494,-0.026420932314422697,supported,-0.20055677042916215,-0.20187128790473924,-0.19924225295358505,supported,-0.013505993150684898,-0.01517347945994881,-0.011838506841420985,-0.310826198630137,-0.31264571048543943,-0.30900668677483456,,supported
H2B0130,S098;X032,sobol_symmetric,0.8,0.7,32,14,14,0.5,0.5,0.05,0.05,0.05,20,0.050194498519429774,0.050246886687753664,0.0001944985194297713,0.0002468866877536613,5.238816832388998e-05,True,0.002268835616438353,-0.001857793356876366,0.006395464589753072,inconclusive,-0.05019449851942983,-0.05152164020310292,-0.04886735683575674,supported,-0.0502468866877537,-0.051660739481094425,-0.04883303389441297,supported,-0.025834760273972596,-0.029948865975609376,-0.021720654572335817,-0.02810359589041095,-0.028914412056563008,-0.02729277972425889,utilization,inconclusive
H2B0130,S098;X032,sobol_symmetric,0.8,0.7,32,14,14,0.5,0.5,0.1,0.1,0.1,20,0.10096813372176368,0.10131640526269406,0.0009681337217636726,0.0013164052626940537,0.00034827154093038104,True,9.417808219178148e-05,-0.003916123198128823,0.004104479362512386,inconclusive,-0.10096813372176368,-0.1027030184643363,-0.09923324897919106,supported,-0.10131640526269407,-0.10311454741697235,-0.0995182631084158,supported,-0.05657534246575344,-0.06028792523487288,-0.05286275969663401,-0.056669520547945204,-0.05770399936009423,-0.05563504173579618,utilization,inconclusive
H2B0130,S098;X032,sobol_symmetric,0.8,0.7,32,14,14,0.5,0.5,0.2,0.2,0.2,20,0.19925201182448046,0.2019774885669138,0.0007479881755195483,0.001977488566913793,0.0027254767424333415,True,0.00031250000000000445,-0.003983796838494101,0.00460879683849411,inconclusive,-0.19925201182448052,-0.20088961080987752,-0.19761441283908351,supported,-0.2019774885669138,-0.20440023471228544,-0.19955474242154217,supported,-0.11264982876712329,-0.1175608229086271,-0.10773883462561948,-0.11296232876712328,-0.11451680150603037,-0.11140785602821619,utilization,inconclusive
H2B0131,S099,sobol_symmetric,1.25,0.1,16,21,21,0.3,0.3,0.05,0.05,0.0532880341227047,20,0.048895899767509195,0.05121050806073442,0.001104100232490808,0.0012105080607344165,0.0023146082932252246,True,-0.0008904109589040976,-0.005573824171919394,0.003793002254111199,inconclusive,-0.049737503661899815,-0.05480990059556743,-0.0446651067282322,supported,-0.05121050806073446,-0.05610456155805954,-0.04631645456340938,supported,-0.007311643835616405,-0.012116079772679214,-0.002507207898553596,-0.006421232876712308,-0.007094996532420718,-0.005747469221003897,utilization,inconclusive
H2B0131,S099,sobol_symmetric,1.25,0.1,16,21,21,0.3,0.3,0.1,0.1,0.1001413593128333,20,0.09752925252298435,0.0970249716682908,0.0024707474770156584,0.0029750283317092063,0.0005042808546935479,True,-0.0011386986301369917,-0.0058942119356997814,0.003616814675425798,inconclusive,-0.09681358439285513,-0.1013460068015553,-0.09228116198415497,supported,-0.09702497166829083,-0.10263389437685637,-0.09141604895972529,supported,-0.013287671232876691,-0.01824040000198392,-0.008334942463769462,-0.0121489726027397,-0.012985238856354197,-0.011312706349125201,utilization,inconclusive
H2B0131,S099,sobol_symmetric,1.25,0.1,16,21,21,0.3,0.3,0.2,0.1956724153378473,0.2119085676010055,20,0.19327886845428288,0.21019773022063007,0.0067211315457171295,0.010197730220630058,0.016918861766347187,False,0.0017037671232876862,-0.0029947690484748795,0.006402303295050251,inconclusive,-0.1927026638924098,-0.19839284008970473,-0.1870124876951149,supported,-0.21019773022063015,-0.21881696246265295,-0.20157849797860736,supported,-0.024597602739726,-0.029658409957808395,-0.019536795521643602,-0.026301369863013686,-0.02765475416640428,-0.024947985559623093,loss_matching_failed,inconclusive
H2B0132,S100,sobol_symmetric,4.0,0.9,64,7,7,0.0,0.0,0.05,0.1589535520339328,0.1936157297103721,20,0.047801978742527666,0.05005405907459095,0.0021980212574723365,5.4059074590946665e-05,0.002252080332063283,True,0.17902611301369864,0.17814394477989007,0.1799082812475072,supported,-0.0036753717206360085,-0.004361949327076417,-0.0029887941141956004,inconclusive,-0.050054059074591,-0.05030423034599779,-0.049803887803184205,supported,-0.0013227739726027366,-0.0015984684658490213,-0.001047079479356452,-0.1803488869863014,-0.18123656995179097,-0.1794612040208118,balk_served,inconclusive
H2B0132,S100,sobol_symmetric,4.0,0.9,64,7,7,0.0,0.0,0.1,0.265748578341879,0.3872314594207443,20,0.09093824046457505,0.10001047826167635,0.009061759535424957,1.0478261676341583e-05,0.009072237797101299,True,0.35755565068493145,0.356341327790559,0.3587699735793039,supported,-0.00697003495988646,-0.007532155391077577,-0.006407914528695343,supported,-0.10001047826167639,-0.10033991452745727,-0.0996810419958955,supported,-0.0025877568493151036,-0.0029631647648852713,-0.002212348933744936,-0.36014340753424656,-0.3612493624560862,-0.35903745261240694,,supported
H2B0132,S100,sobol_symmetric,4.0,0.9,64,7,7,0.0,0.0,0.2,0.3195323282501511,0.7744629188414885,0,0.1168599169560209,0.2003911796088515,,,0.0835312626528306,False,,,,inactive,,,,inactive,,,,inactive,,,,,,,target_unattainable,inactive
H2B0133,S101,sobol_symmetric,3.1,0.1,64,7,7,0.0,0.0,0.05,0.0536137665807996,0.0545587197962243,20,0.04746246185773773,0.04784816783473933,0.0025375381422622703,0.0021518321652606726,0.00038570597700159776,True,0.009449914383561653,0.007031547215232033,0.011868281551891274,supported,-0.03315700042348676,-0.03703074916271481,-0.029283251684258705,supported,-0.04784816783473938,-0.049197674093308136,-0.04649866157617062,supported,-0.005434503424657527,-0.0077318919144538836,-0.003137114934861171,-0.01488441780821918,-0.015272641667824825,-0.014496193948613534,,supported
H2B0133,S101,sobol_symmetric,3.1,0.1,64,7,7,0.0,0.0,0.1,0.1088186950061292,0.1122573032027093,20,0.09693777701655795,0.09836905085142032,0.0030622229834420533,0.0016309491485796829,0.0014312738348623705,True,0.019574058219178098,0.017545382188251562,0.021602734250104633,supported,-0.07124754924712463,-0.07507813025798771,-0.06741696823626156,supported,-0.09836905085142036,-0.10048487794075286,-0.09625322376208786,supported,-0.010952482876712317,-0.01286627490511804,-0.009038690848306594,-0.030526541095890414,-0.031128952734427,-0.02992412945735383,,supported
H2B0133,S101,sobol_symmetric,3.1,0.1,64,7,7,0.0,0.0,0.2,0.2193675524214557,0.2266286484583429,20,0.203061640324308,0.19673460766473885,0.0030616403243080015,0.003265392335261158,0.0063270326595691595,True,0.0385958904109589,0.03625925043959036,0.04093253038232744,supported,-0.14831175697261031,-0.15152042010499903,-0.1451030938402216,supported,-0.19673460766473888,-0.19923524643782511,-0.19423396889165265,supported,-0.022416523972602742,-0.02450309080645252,-0.020329957138752963,-0.06101241438356164,-0.06175732555246204,-0.06026750321466124,,supported
H2B0134,S102,sobol_symmetric,1.25,0.9,16,21,21,0.3,0.3,0.05,0.05,0.063138864601258,20,0.05041653460342962,0.050644564961485394,0.00041653460342961496,0.0006445649614853916,0.0002280303580557766,True,0.057148972602739725,0.05602194769076507,0.05827599751471438,supported,-0.004584226675724607,-0.00994053140982426,0.0007720780583750468,inconclusive,-0.050644564961485415,-0.051607729467910965,-0.049681400455059865,supported,0.0,0.0,0.0,-0.057148972602739725,-0.05827599751471438,-0.05602194769076507,balk_served,inconclusive
H2B0134,S102,sobol_symmetric,1.25,0.9,16,21,21,0.3,0.3,0.1,0.1,0.1262777292025161,20,0.10186285852457158,0.1006179046838775,0.0018628585245715756,0.0006179046838774988,0.0012449538406940769,True,0.11342465753424658,0.11169265365060307,0.11515666141789008,supported,-0.009746617196375578,-0.014000984577400188,-0.0054922498153509676,supported,-0.10061790468387755,-0.10217040565086248,-0.09906540371689261,supported,-0.00021404109589042152,-0.00038626488371706067,-4.1817308063782366e-05,-0.11363869863013701,-0.11539682765435529,-0.11188056960591873,,supported
H2B0134,S102,sobol_symmetric,1.25,0.9,16,21,21,0.3,0.3,0.2,0.2,0.2525554584050323,20,0.19973560432857398,0.20226824324328102,0.0002643956714260265,0.0022682432432810096,0.002532638914707036,True,0.21994006849315068,0.21690550212122073,0.22297463486508062,supported,-0.02515103299748502,-0.029947505451848443,-0.020354560543121594,supported,-0.20226824324328105,-0.204399213765416,-0.2001372727211461,supported,-0.008279109589041083,-0.010258455036463044,-0.006299764141619123,-0.22821917808219178,-0.2306598643581312,-0.22577849180625234,,supported
H2B0135,S103,sobol_symmetric,0.8,0.3,64,14,14,0.5,0.5,0.05,0.05,0.0461890947500808,20,0.05044488843494773,0.04577686184450317,0.00044488843494772806,0.004223138155496832,0.00466802659044456,True,-0.00048159246575341097,-0.004514902836124865,0.003551717904618043,inconclusive,-0.050444888434947766,-0.051420529145918444,-0.04946924772397709,supported,-0.04577686184450325,-0.04706305523593553,-0.04449066845307097,supported,-0.011444777397260252,-0.015384159548979995,-0.0075053952455405104,-0.010963184931506841,-0.011273829041051422,-0.01065254082196226,utilization,inconclusive
H2B0135,S103,sobol_symmetric,0.8,0.3,64,14,14,0.5,0.5,0.1,0.1,0.0964389303770468,20,0.10051160174162332,0.09607997829517659,0.0005116017416233187,0.003920021704823418,0.004431623446446736,True,-0.0020312500000000066,-0.004353215867787693,0.0002907158677876798,inconclusive,-0.10051160174162337,-0.10201851652872135,-0.09900468695452538,supported,-0.09607997829517667,-0.09779897825710654,-0.0943609783332468,supported,-0.025040667808219168,-0.027323416076690643,-0.022757919539747692,-0.023009417808219162,-0.023420601603924333,-0.02259823401251399,utilization,inconclusive
H2B0135,S103,sobol_symmetric,0.8,0.3,64,14,14,0.5,0.5,0.2,0.2,0.1949629388870699,20,0.20188140902237883,0.1942867697112859,0.0018814090223788216,0.005713230288714122,0.007594639311092943,True,-0.00175513698630137,-0.0033369498949600155,-0.0001733240776427246,inconclusive,-0.2018814090223789,-0.20447555282212748,-0.1992872652226303,supported,-0.19428676971128594,-0.1960586506522208,-0.19251488877035108,supported,-0.0482876712328767,-0.050079337334341355,-0.04649600513141205,-0.04653253424657533,-0.04705295378767502,-0.04601211470547564,utilization,inconclusive
H2B0136,S104,sobol_symmetric,2.0,0.7,16,28,28,0.1,0.1,0.05,0.05,0.1011863898659393,20,0.050613146388291994,0.0507502348502795,0.0006131463882919908,0.000750234850279495,0.0001370884619875043,True,0.06652397260273975,0.06332119003176039,0.06972675517371911,supported,-0.008831976103666548,-0.011934830735036463,-0.005729121472296633,supported,-0.05075023485027954,-0.05210632359572934,-0.04939414610482974,supported,-0.004717465753424665,-0.007583380900560805,-0.001851550606288525,-0.0712414383561644,-0.07304215618521538,-0.0694407205271134,,supported
H2B0136,S104,sobol_symmetric,2.0,0.7,16,28,28,0.1,0.1,0.1,0.1028284786004385,0.2023727797318786,20,0.10332849909189104,0.10197659395527314,0.003328499091891035,0.001976593955273137,0.001351905136617898,True,0.1304280821917808,0.1273711395016263,0.13348502488193528,supported,-0.01697403077548141,-0.019248087064826933,-0.014699974486135888,supported,-0.10197659395527321,-0.10361739870505267,-0.10033578920549376,supported,-0.012731164383561666,-0.015582748889687638,-0.009879579877435695,-0.14315924657534246,-0.14540066058725976,-0.14091783256342516,,supported
H2B0136,S104,sobol_symmetric,2.0,0.7,16,28,28,0.1,0.1,0.2,0.2,0.4047455594637573,20,0.20050213000789122,0.2034315094173532,0.000502130007891205,0.003431509417353179,0.002929379409461974,True,0.2616695205479452,0.2581012397275973,0.26523780136829306,supported,-0.03281362292953145,-0.0371712251373459,-0.028456020721717004,supported,-0.20343150941735325,-0.2056853878940773,-0.20117763094062918,supported,-0.023638698630137,-0.026361637544028985,-0.020915759716245017,-0.2853082191780822,-0.2881282554628177,-0.2824881828933467,,supported
H2B0137,S105,sobol_symmetric,2.0,0.1,64,21,21,0.5,0.5,0.05,0.05,0.0729516899737055,20,0.04994760861986283,0.04829627109534486,5.2391380137170596e-05,0.001703728904655144,0.0016513375245179734,True,0.00821275684931506,0.00681669878970086,0.009608814908929262,supported,-0.029363721697445083,-0.03386959560765162,-0.024857847787238548,supported,-0.048296271095344914,-0.04972545165283439,-0.04686709053785544,supported,-0.0014576198630136983,-0.0028057502379365256,-0.00010948948809087105,-0.00967037671232876,-0.009970646483052846,-0.009370106941604674,,supported
H2B0137,S105,sobol_symmetric,2.0,0.1,64,21,21,0.5,0.5,0.1,0.0958070655212579,0.145903379947411,20,0.0950043203680429,0.09837661402644243,0.004995679631957101,0.0016233859735575729,0.0033722936583995278,True,0.01702482876712329,0.015404016082447118,0.018645641451799463,supported,-0.058060147107585,-0.06214919291834085,-0.05397110129682916,supported,-0.09837661402644247,-0.10083097181401239,-0.09592225623887256,supported,-0.002694777397260256,-0.004385764273256436,-0.001003790521264076,-0.019719606164383546,-0.020211960100438235,-0.019227252228328856,,supported
H2B0137,S105,sobol_symmetric,2.0,0.1,64,21,21,0.5,0.5,0.2,0.2,0.291806759894822,20,0.1984033061327994,0.19809518879520202,0.0015966938672005992,0.0019048112047979904,0.00030811733759739113,True,0.031967037671232865,0.030224945657821578,0.03370912968464415,supported,-0.12028938327063725,-0.12305770635169044,-0.11752106018958405,supported,-0.19809518879520205,-0.20183144191132954,-0.19435893567907456,supported,-0.007744006849315072,-0.009590568320586605,-0.005897445378043539,-0.03971104452054793,-0.04054368216843437,-0.038878406872661496,,supported
H2B0138,S106,sobol_symmetric,0.8,0.9,16,7,7,0.1,0.1,0.05,0.05,0.05,20,0.05021879799261729,0.05078383403720036,0.00021879799261728672,0.000783834037200358,0.0005650360445830713,True,-0.004768835616438344,-0.012661839479493424,0.003124168246616736,inconclusive,-0.05023065476283313,-0.05194630799641982,-0.04851500152924644,supported,-0.0507838340372004,-0.05272367737340248,-0.048843990700998326,supported,-0.04159246575342466,-0.04994207866786913,-0.03324285283898019,-0.036823630136986314,-0.03830987617082035,-0.03533738410315228,utilization,inconclusive
H2B0138,S106,sobol_symmetric,0.8,0.9,16,7,7,0.1,0.1,0.1,0.1,0.1,20,0.10161389899034493,0.10072395081391458,0.0016138989903449197,0.0007239508139145756,0.0008899481764303441,True,-0.0028595890410958945,-0.008191825458087588,0.0024726473758958,inconclusive,-0.10161389899034497,-0.10446739833898633,-0.0987603996417036,supported,-0.10072395081391464,-0.10301094671498749,-0.09843695491284178,supported,-0.0758818493150685,-0.08183119140882972,-0.06993250722130728,-0.0730222602739726,-0.07479669422396414,-0.07124782632398106,utilization,inconclusive
H2B0138,S106,sobol_symmetric,0.8,0.9,16,7,7,0.1,0.1,0.2,0.2,0.2,20,0.2011581333636215,0.19960685423838986,0.0011581333636214997,0.00039314576161014747,0.0015512791252316471,True,-0.00528253424657536,-0.01069075370293637,0.00012568520978565017,inconclusive,-0.20115813336362157,-0.2039139548368418,-0.19840231189040133,supported,-0.1996068542383899,-0.2027584210246015,-0.19645528745217827,supported,-0.1499914383561644,-0.1559124870123794,-0.14407038969994942,-0.1447089041095891,-0.14702207270802714,-0.14239573551115103,utilization,inconclusive
H2B0139,S107,sobol_symmetric,1.25,0.5,32,28,28,0.0,0.0,0.05,0.05,0.05,20,0.049528940887458614,0.051292554980400626,0.00047105911254138877,0.0012925549804006231,0.0017636140929420119,True,0.0026926369863013388,-0.00236600531586295,0.007751279288465628,inconclusive,-0.04952894088745865,-0.05053789605096171,-0.048519985723955585,supported,-0.05129255498040066,-0.05251150648337804,-0.05007360347742328,supported,-0.02934503424657538,-0.034519802837011664,-0.0241702656561391,-0.03203767123287672,-0.032834794336460194,-0.031240548129293253,utilization,inconclusive
H2B0139,S107,sobol_symmetric,1.25,0.5,32,28,28,0.0,0.0,0.1,0.1,0.1,20,0.10055910942739474,0.09994860483297138,0.0005591094273947328,5.139516702862279e-05,0.0006105045944233556,True,0.001969178082191797,-0.0045461825459154675,0.008484538710299062,inconclusive,-0.10055910942739481,-0.1021288130171566,-0.09898940583763302,supported,-0.09994860483297145,-0.10171579132082809,-0.09818141834511482,supported,-0.0604623287671233,-0.06695615730165891,-0.053968500232587695,-0.06243150684931509,-0.06363145969155598,-0.0612315540070742,utilization,inconclusive
H2B0139,S107,sobol_symmetric,1.25,0.5,32,28,28,0.0,0.0,0.2,0.2002011624045039,0.2,20,0.20064697770242618,0.19961546284147963,0.0006469777024261658,0.0003845371585203816,0.0010315148609465474,True,0.0010273972602739545,-0.004950722108698011,0.00700551662924592,inconclusive,-0.20064697770242623,-0.20326833884798784,-0.19802561655686463,supported,-0.19961546284147974,-0.20192290919549502,-0.19730801648746446,supported,-0.12366010273972602,-0.1294785813489994,-0.11784162413045267,-0.12468749999999999,-0.12621603630574696,-0.12315896369425303,utilization,inconclusive
H2B0140,S108,sobol_symmetric,4.0,0.5,16,14,14,0.3,0.3,0.05,0.05,0.1955070617348921,20,0.05010198878885821,0.049456112483240354,0.00010198878885820523,0.0005438875167596488,0.000645876305617854,True,0.089597602739726,0.08624544398654604,0.09294976149290596,supported,-0.007583541103772168,-0.01025397568693498,-0.004913106520609356,supported,-0.04945611248324042,-0.050316803784640915,-0.04859542118183993,supported,-0.009015410958904107,-0.012425691742354864,-0.00560513017545335,-0.09861301369863011,-0.10028938169272966,-0.09693664570453056,,supported
H2B0140,S108,sobol_symmetric,4.0,0.5,16,14,14,0.3,0.3,0.1,0.1030466029413236,0.3910141234697843,20,0.10281504523422327,0.09947295894097723,0.002815045234223268,0.0005270410590227786,0.0033420862932460466,True,0.18495719178082187,0.18111513388501904,0.1887992496766247,supported,-0.014021788056484463,-0.01665193327614953,-0.011391642836819395,supported,-0.09947295894097728,-0.10067836235873132,-0.09826755552322325,supported,-0.013476027397260271,-0.016600232912331696,-0.010351821882188845,-0.19843321917808215,-0.2006709807219504,-0.19619545763421392,,supported
H2B0140,S108,sobol_symmetric,4.0,0.5,16,14,14,0.3,0.3,0.2,0.2,0.7820282469395687,20,0.20012792041542324,0.1984388285495098,0.00012792041542322719,0.0015611714504902008,0.001689091865913428,True,0.3666438356164384,0.363435875281173,0.36985179595170375,supported,-0.027741113951204866,-0.029555362724626638,-0.025926865177783094,supported,-0.19843882854950987,-0.20002200810794238,-0.19685564899107735,supported,-0.02946061643835616,-0.032209992332343604,-0.026711240544368714,-0.3961044520547945,-0.3992143188333169,-0.3929945852762721,,supported
H2B0141,S109,sobol_symmetric,4.0,0.3,16,14,14,0.3,0.3,0.05,0.05,0.1021712160807979,20,0.0497291220607523,0.050866036961474195,0.00027087793924770315,0.0008660369614741925,0.0011369149007218957,True,0.061130136986301375,0.059543882890881694,0.06271639108172106,supported,-0.010428757029742159,-0.014003165442415528,-0.00685434861706879,supported,-0.05086603696147425,-0.052175609804039846,-0.049556464118908655,supported,0.0,-2.6000671958608566e-05,2.6000671958608566e-05,-0.061130136986301375,-0.06271703022784682,-0.05954324374475593,,supported
H2B0141,S109,sobol_symmetric,4.0,0.3,16,14,14,0.3,0.3,0.1,0.1,0.2043424321615959,20,0.10123483986791393,0.09930171817762044,0.0012348398679139228,0.0006982818223795623,0.001933121690293485,True,0.11920376712328769,0.11698755870226563,0.12141997554430975,supported,-0.021569526948423394,-0.02462739544927346,-0.01851165844757333,supported,-0.0993017181776205,-0.10118431202795702,-0.09741912432728397,supported,1.7123287671239052e-05,-7.543115553983237e-06,4.178969089646134e-05,-0.11918664383561643,-0.12140471222764251,-0.11696857544359035,,supported
H2B0141,S109,sobol_symmetric,4.0,0.3,16,14,14,0.3,0.3,0.2,0.2,0.4086848643231919,20,0.19860059678751385,0.20023287299388062,0.001399403212486161,0.00023287299388061178,0.0016322762063667728,True,0.24028253424657536,0.23810547281517563,0.2424595956779751,supported,-0.044368892426929804,-0.0476779722165126,-0.04105981263734701,supported,-0.20023287299388065,-0.20220047299873234,-0.19826527298902896,supported,1.7123287671239052e-05,-7.543115553983237e-06,4.178969089646134e-05,-0.2402654109589041,-0.24244858118882545,-0.23808224072898276,,supported
H2B0142,S110,sobol_symmetric,2.0,0.7,64,28,28,0.0,0.0,0.05,0.079940830862913,0.0885072029719035,20,0.051445569644333534,0.050357227536641756,0.0014455696443335317,0.0003572275366417535,0.0010883421076917782,True,0.0651005993150685,0.06341789834046627,0.06678330028967072,supported,-0.0038119474874721117,-0.005293547258947819,-0.0023303477159964045,inconclusive,-0.05035722753664181,-0.05098676456656216,-0.04972769050672146,supported,-0.00797731164383561,-0.009685462231550781,-0.00626916105612044,-0.0730779109589041,-0.07380517199372073,-0.07235064992408748,balk_served,inconclusive
H2B0142,S110,sobol_symmetric,2.0,0.7,64,28,28,0.0,0.0,0.1,0.150981358797688,0.1770144059438071,20,0.10305531009992888,0.10059226856384504,0.0030553100999288763,0.0005922685638450331,0.002463041536083843,True,0.13002782534246576,0.1281716833369939,0.13188396734793761,supported,-0.00940335319004243,-0.011097331806777001,-0.007709374573307858,supported,-0.10059226856384514,-0.1014913460746382,-0.09969319105305208,supported,-0.015993150684931505,-0.017922697934685157,-0.014063603435177853,-0.14602097602739728,-0.14711330358392996,-0.1449286484708646,,supported
H2B0142,S110,sobol_symmetric,2.0,0.7,64,28,28,0.0,0.0,0.2,0.2514029237835536,0.3540288118876143,20,0.19259512234508827,0.20084804100505987,0.00740487765491174,0.000848041005059863,0.008252918659971603,True,0.260691352739726,0.25862229836862227,0.2627604071108297,supported,-0.018703052876413283,-0.020742175620575138,-0.01666393013225143,supported,-0.20084804100505993,-0.20188738885743737,-0.1998086931526825,supported,-0.03095676369863013,-0.032837113830854595,-0.029076413566405664,-0.29164811643835614,-0.2929517672227062,-0.29034446565400607,,supported
H2B0143,S111,sobol_symmetric,0.8,0.3,32,7,7,0.1,0.1,0.05,0.05,0.05,20,0.051131326242205045,0.04955180980704151,0.0011313262422050427,0.00044819019295849055,0.0015795164351635332,True,0.0015539383561643805,-0.0018380851074712725,0.004945961819800034,inconclusive,-0.051131326242205066,-0.05331392357235431,-0.048948728912055824,supported,-0.049551809807041554,-0.05179451406484137,-0.04730910554924174,supported,-0.010355308219178095,-0.013632385172048622,-0.007078231266307567,-0.011909246575342475,-0.012458639604842132,-0.011359853545842818,utilization,inconclusive
H2B0143,S111,sobol_symmetric,0.8,0.3,32,7,7,0.1,0.1,0.1,0.1038346060877049,0.1,20,0.10480006551649226,0.09997291555075076,0.004800065516492258,2.708444924924558e-05,0.0048271499657415035,True,0.0001369863013698458,-0.002795890648071969,0.0030698632508116604,inconclusive,-0.1048000655164923,-0.1076282800956687,-0.10197185093731591,supported,-0.0999729155507508,-0.10342931535527229,-0.09651651574622931,supported,-0.023886986301369907,-0.026787955273835002,-0.020986017328904812,-0.02402397260273975,-0.024864824042890206,-0.023183121162589297,utilization,inconclusive
H2B0143,S111,sobol_symmetric,0.8,0.3,32,7,7,0.1,0.1,0.2,0.1956255378959491,0.2,20,0.19600449261873223,0.1994209276019874,0.003995507381267777,0.0005790723980126089,0.0034164349832551677,True,0.0014169520547945152,-0.0014581942971051806,0.004292098406694211,inconclusive,-0.19600449261873226,-0.19998610560196664,-0.19202287963549788,supported,-0.19942092760198746,-0.20321514245801392,-0.195626712745961,supported,-0.046498287671232916,-0.04951083048122171,-0.043485744861244124,-0.04791523972602744,-0.04880766094912231,-0.047022818502932565,utilization,inconclusive
H2B0144,S112,sobol_symmetric,3.1,0.9,32,21,21,0.5,0.5,0.05,0.05,0.1531506103234937,20,0.05024801853133558,0.05016448333960505,0.0002480185313355754,0.00016448333960504546,8.353519173052992e-05,True,0.1404666095890411,0.1392459427670833,0.14168727641099893,supported,-0.0007810455656451609,-0.0020250015145000183,0.0004629103832096968,inconclusive,-0.05016448333960508,-0.050654506381216116,-0.04967446029799405,supported,3.852739726027954e-05,-0.0001292096864594349,0.000206264480979994,-0.1404280821917808,-0.1416896909536987,-0.13916647342986288,balk_served,inconclusive
H2B0144,S112,sobol_symmetric,3.1,0.9,32,21,21,0.5,0.5,0.1,0.1,0.3063012206469874,20,0.10025019491911835,0.10001131800690324,0.0002501949191183461,1.1318006903238143e-05,0.00023887691221510798,True,0.2801198630136986,0.27857930400146286,0.2816604220259344,supported,-0.003071678699310118,-0.004487130224479327,-0.0016562271741409086,inconclusive,-0.1000113180069033,-0.10065947908734306,-0.09936315692646354,supported,0.00014554794520548197,-2.696999106405987e-05,0.0003180658814750238,-0.27997431506849313,-0.28152827128184577,-0.2784203588551405,balk_served,inconclusive
H2B0144,S112,sobol_symmetric,3.1,0.9,32,21,21,0.5,0.5,0.2,0.2,0.6126024412939749,20,0.2006368315252581,0.19947294205208602,0.0006368315252580914,0.0005270579479139947,0.0011638894731720861,True,0.5589811643835616,0.557279316622841,0.5606830121442822,supported,-0.0068785828651214105,-0.00787120155397526,-0.005885964176267563,supported,-0.19947294205208604,-0.2001823356781372,-0.1987635484260349,supported,0.0006635273972603161,0.0005131078357828821,0.0008139469587377502,-0.5583176369863014,-0.5600448369368083,-0.5565904370357946,,supported
H2B0145,S113,sobol_symmetric,3.1,0.3,16,14,14,0.0,0.0,0.05,0.1107326466206302,0.1258216833918639,20,0.0472983255198827,0.0516323384805646,0.002701674480117301,0.001632338480564599,0.0043340129606819,True,0.04848458904109593,0.04708651789562635,0.0498826601865655,supported,-0.030712267358321367,-0.03457390951123716,-0.026850625205405577,supported,-0.05163233848056466,-0.05306964376655238,-0.05019503319457694,supported,0.0,0.0,0.0,-0.04848458904109593,-0.0498826601865655,-0.04708651789562635,,supported
H2B0145,S113,sobol_symmetric,3.1,0.3,16,14,14,0.0,0.0,0.1,0.2215212165137485,0.2516433667837279,20,0.09728387202203068,0.10349636954605121,0.0027161279779693293,0.0034963695460512034,0.006212497524020533,True,0.09700342465753424,0.09562575702689774,0.09838109228817074,supported,-0.06215208564974397,-0.06653817646628103,-0.05776599483320691,supported,-0.10349636954605126,-0.10503681683449169,-0.10195592225761084,supported,0.0,0.0,0.0,-0.09700342465753424,-0.09838109228817074,-0.09562575702689774,,supported
H2B0145,S113,sobol_symmetric,3.1,0.3,16,14,14,0.0,0.0,0.2,0.4061525310115804,0.5032867335674559,20,0.19527974455621164,0.2047008668694795,0.004720255443788374,0.004700866869479486,0.00942112231326786,True,0.19154965753424658,0.1895485726103005,0.19355074245819265,supported,-0.12169274038777882,-0.1249372542349851,-0.11844822654057253,supported,-0.20470086686947958,-0.20643963415228647,-0.2029620995866727,supported,0.0,0.0,0.0,-0.19154965753424658,-0.19355074245819265,-0.1895485726103005,,supported
H2B0146,S114,sobol_symmetric,0.8,0.7,64,28,28,0.3,0.3,0.05,0.05,0.05,20,0.050157166755121954,0.05035531850992484,0.00015716675512195133,0.00035531850992483877,0.00019815175480288744,True,0.00041309931506848253,-0.003136880860706512,0.003963079490843477,inconclusive,-0.050157166755121996,-0.051172810315289106,-0.049141523194954885,supported,-0.0503553185099249,-0.05121012683272806,-0.04950051018712173,supported,-0.02766909246575342,-0.031047074579120253,-0.02429111035238659,-0.028082191780821903,-0.028569531011406003,-0.027594852550237803,utilization,inconclusive
H2B0146,S114,sobol_symmetric,0.8,0.7,64,28,28,0.3,0.3,0.1,0.1001430031173268,0.1,20,0.1020058167991736,0.10040411012928319,0.002005816799173596,0.0004041101292831806,0.0016017066698904153,True,0.001455479452054792,-0.0014965630917194148,0.0044075219958289984,inconclusive,-0.10200581679917367,-0.1033831029292976,-0.10062853066904974,supported,-0.10040411012928321,-0.10168592557763004,-0.09912229468093639,supported,-0.0545398116438356,-0.057657938061693476,-0.05142168522597773,-0.05599529109589039,-0.05676915172424171,-0.055221430467539065,utilization,inconclusive
H2B0146,S114,sobol_symmetric,0.8,0.7,64,28,28,0.3,0.3,0.2,0.2,0.2,20,0.19969430418661588,0.2002059618861738,0.00030569581338413254,0.00020596188617377775,0.0005116576995579103,True,0.002078339041095889,-0.0004966258183344628,0.004653303900526241,inconclusive,-0.19969430418661588,-0.20122791382655816,-0.1981606945466736,supported,-0.20020596188617384,-0.20172288933967802,-0.19868903443266966,supported,-0.10957405821917807,-0.11261430481574378,-0.10653381162261236,-0.11165239726027396,-0.1126218510640507,-0.11068294345649721,utilization,inconclusive
H2B0147,S115,sobol_symmetric,2.0,0.3,16,7,7,0.5,0.5,0.05,0.05,0.0936439052489306,20,0.05099604995910991,0.05061449507930323,0.0009960499591099084,0.0006144950793032303,0.0003815548798066781,True,0.022868150684931476,0.018849934209489022,0.02688636716037393,supported,-0.016585278179670915,-0.022531153586039663,-0.010639402773302168,supported,-0.05061449507930328,-0.05237948970602292,-0.04884950045258364,supported,-0.007363013698630155,-0.011066717927396635,-0.003659309469863675,-0.03023116438356163,-0.031390594666885034,-0.02907173410023823,,supported
H2B0147,S115,sobol_symmetric,2.0,0.3,16,7,7,0.5,0.5,0.1,0.1,0.1946102730214894,20,0.0994910502397528,0.10444171485124132,0.0005089497602472071,0.004441714851241313,0.00495066461148852,True,0.04976883561643836,0.04503640796479064,0.05450126326808609,supported,-0.03363675129221137,-0.037723791028238224,-0.029549711556184518,supported,-0.10444171485124139,-0.10650909269508091,-0.10237433700740187,supported,-0.012585616438356168,-0.0172421691070972,-0.007929063769615136,-0.06235445205479453,-0.06370305129266789,-0.06100585281692117,,supported
H2B0147,S115,sobol_symmetric,2.0,0.3,16,7,7,0.5,0.5,0.2,0.2057208121279731,0.3886601711049055,20,0.20570632888801305,0.20917607847577702,0.005706328888013035,0.009176078475777005,0.0034697495877639706,True,0.09994863013698632,0.09487336157513082,0.10502389869884182,supported,-0.07853823649274069,-0.08319424845076227,-0.07388222453471911,supported,-0.20917607847577716,-0.21292890541929388,-0.20542325153226043,supported,-0.025017123287671243,-0.02937042317786545,-0.020663823397477035,-0.12496575342465752,-0.12687721842542196,-0.12305428842389306,,supported
H2B0148,S116;X109,sobol_symmetric,4.0,0.7,32,21,21,0.1,0.1,0.05,0.0596215479498076,0.183674071895046,20,0.04975655269450086,0.05049784852164163,0.00024344730549914068,0.0004978485216416279,0.0007412958271407685,True,0.1402054794520548,0.1384442145837764,0.1419667443203332,supported,-0.003956249689744504,-0.005164291267326964,-0.002748208112162044,inconclusive,-0.0504978485216417,-0.05099733322192207,-0.04999836382136133,supported,-0.0022559931506849207,-0.0033827762260988043,-0.001129210075271037,-0.1424614726027397,-0.14380387768983022,-0.14111906751564918,balk_served,inconclusive
H2B0148,S116;X109,sobol_symmetric,4.0,0.7,32,21,21,0.1,0.1,0.1,0.1129592922383864,0.367348143790092,20,0.09872634047699136,0.1000257879074972,0.0012736595230086467,2.5787907497187845e-05,0.0012994474305058346,True,0.278707191780822,0.276789648834227,0.28062473472741695,supported,-0.00735689246972549,-0.008510555644250095,-0.006203229295200883,supported,-0.10002578790749725,-0.10065718758032122,-0.09939438823467328,supported,-0.0031720890410958545,-0.004404345004584072,-0.0019398330776076364,-0.2818792808219178,-0.283290896729248,-0.28046766491458763,,supported
H2B0148,S116;X109,sobol_symmetric,4.0,0.7,32,21,21,0.1,0.1,0.2,0.2130645751015616,0.7346962875801841,20,0.20109005590317525,0.20026972894772194,0.0010900559031752355,0.00026972894772192557,0.0008203269554533099,True,0.5575214041095891,0.5553406670142467,0.5597021412049314,supported,-0.016073471583311294,-0.017365632660221765,-0.014781310506400823,supported,-0.200269728947722,-0.2011762606490055,-0.19936319724643847,supported,-0.007119006849315035,-0.008131053990008009,-0.0061069597086220615,-0.564640410958904,-0.566823190211276,-0.5624576317065321,,supported
H2B0149,S117,sobol_symmetric,4.0,0.5,64,21,21,0.1,0.1,0.05,0.0540373463425859,0.1780416704865633,20,0.05010369675957112,0.05021640450690342,0.00010369675957111468,0.00021640450690341845,0.00011270774733230376,True,0.0914083904109589,0.08961868155703054,0.09319809926488726,supported,-0.0068667823220617125,-0.00804715901629622,-0.005686405627827205,supported,-0.0502164045069035,-0.0505670918526633,-0.04986571716114369,supported,-0.009584760273972598,-0.011424031020281623,-0.007745489527663573,-0.10099315068493149,-0.10165542179265596,-0.10033087957720702,,supported
H2B0149,S117,sobol_symmetric,4.0,0.5,64,21,21,0.1,0.1,0.1,0.1046983321339839,0.3560833409731267,20,0.09958446797357598,0.0997075729547041,0.00041553202642402587,0.0002924270452959038,0.00012310498112812207,True,0.18210402397260278,0.18050730331890932,0.18370074462629624,supported,-0.012975098433422119,-0.013886336236019557,-0.01206386063082468,supported,-0.09970757295470419,-0.10028102399178648,-0.09913412191762189,supported,-0.01843321917808219,-0.01988889983513747,-0.016977538521026906,-0.20053724315068494,-0.20158256788370407,-0.1994919184176658,,supported
H2B0149,S117,sobol_symmetric,4.0,0.5,64,21,21,0.1,0.1,0.2,0.2,0.7121666819462535,20,0.19932492640955468,0.19928015049347625,0.0006750735904453298,0.000719849506523762,4.477591607843223e-05,True,0.36318493150684933,0.361264772640784,0.36510509037291466,supported,-0.026502542197721135,-0.027252218556054246,-0.025752865839388024,supported,-0.19928015049347633,-0.199883178375607,-0.19867712261134565,supported,-0.03788313356164383,-0.039340120878262996,-0.03642614624502466,-0.40106806506849313,-0.40212981284271754,-0.4000063172942687,,supported
H2B0150,S118,sobol_symmetric,1.25,0.5,16,7,7,0.5,0.5,0.05,0.05,0.056491209636046,20,0.04987330107630402,0.04673216894567199,0.0001266989236959823,0.003267831054328013,0.003141132130632031,True,0.02925513698630135,0.028084738463273307,0.030425535509329395,supported,-0.01797564535420717,-0.025399023219509355,-0.010552267488904983,supported,-0.04673216894567203,-0.04851295883235166,-0.0449513790589924,supported,-8.561643835619526e-06,-2.6481370328847807e-05,9.358082657608754e-06,-0.029263698630136968,-0.030429068354981312,-0.028098328905292624,,supported
H2B0150,S118,sobol_symmetric,1.25,0.5,16,7,7,0.5,0.5,0.1,0.104450023312528,0.1134549386870594,20,0.10449381923559187,0.09484709445578994,0.004493819235591862,0.005152905544210065,0.009646724779801927,True,0.059118150684931516,0.057778705937100175,0.060457595432762856,supported,-0.043348154330296665,-0.048434815193022174,-0.038261493467571156,supported,-0.09484709445578997,-0.09690340111351468,-0.09279078779806525,supported,-0.00032534246575343094,-0.0006836426688548486,3.295773734798672e-05,-0.05944349315068496,-0.06073289449732674,-0.05815409180404318,,supported
H2B0150,S118,sobol_symmetric,1.25,0.5,16,7,7,0.5,0.5,0.2,0.2,0.2372937237664281,20,0.20011645971230899,0.19759178563882848,0.000116459712308975,0.002408214361171529,0.002524674073480504,True,0.12049657534246574,0.11829523800577896,0.12269791267915253,supported,-0.0895173578484451,-0.09571359943969085,-0.08332111625719935,supported,-0.19759178563882854,-0.20087797123467643,-0.19430560004298064,supported,-0.0032448630136986288,-0.0043027661028811354,-0.0021869599245161217,-0.12374143835616438,-0.1259222849185526,-0.1215605917937762,,supported
H2B0151,S119,sobol_symmetric,0.8,0.1,32,28,28,0.3,0.3,0.05,0.05,0.0473677923942738,20,0.051565312100103164,0.04681076813607296,0.0015653121001031611,0.0031892318639270417,0.004754543964030203,True,-0.0012970890410959,-0.006090429008575425,0.003496250926383624,inconclusive,-0.05156531210010321,-0.05526082395556346,-0.04786980024464296,supported,-0.04681076813607303,-0.050698714577643515,-0.042922821694502546,supported,-0.005025684931506852,-0.009770453157995655,-0.00028091670501804826,-0.003728595890410952,-0.0040391039554059935,-0.00341808782541591,utilization,inconclusive
H2B0151,S119,sobol_symmetric,0.8,0.1,32,28,28,0.3,0.3,0.1,0.1,0.1001385615676753,20,0.10077048110187062,0.09776823344894553,0.0007704811018706126,0.002231766551054476,0.0030022476529250886,True,-0.0033732876712328553,-0.007958471338797924,0.0012118959963322135,inconclusive,-0.10077048110187063,-0.10580255585495214,-0.09573840634878912,supported,-0.09776823344894559,-0.1029585891518332,-0.09257787774605797,supported,-0.011164383561643832,-0.01557966591114605,-0.006749101212141615,-0.007791095890410976,-0.00821852827472015,-0.007363663506101802,utilization,inconclusive
H2B0151,S119,sobol_symmetric,0.8,0.1,32,28,28,0.3,0.3,0.2,0.2,0.2131941203665082,20,0.20279137009575382,0.2102257583769406,0.002791370095753809,0.010225758376940591,0.007434388281186782,True,-0.0015154109589041065,-0.006996129661048111,0.003965307743239898,inconclusive,-0.20279137009575385,-0.2095547459900799,-0.1960279942014278,supported,-0.21022575837694063,-0.21699525804870054,-0.20345625870518072,supported,-0.018261986301369854,-0.023798635409082596,-0.012725337193657111,-0.016746575342465746,-0.017281551409988535,-0.016211599274942957,utilization,inconclusive
H2B0152,S120,sobol_symmetric,2.0,0.9,32,14,14,0.0,0.0,0.05,0.0874272713985335,0.0965988857246279,20,0.050203252148202204,0.050602540427640744,0.0002032521482022015,0.0006025404276407409,0.0003992882794385394,True,0.08890839041095888,0.08756869490741456,0.0902480859145032,supported,-0.0027777313726920494,-0.005486467942225124,-6.899480315897396e-05,inconclusive,-0.050602540427640806,-0.051132974673385706,-0.050072106181895906,supported,-0.002782534246575358,-0.003911731486008374,-0.0016533370071423418,-0.09169092465753426,-0.0924377908480569,-0.09094405846701162,balk_served,inconclusive
H2B0152,S120,sobol_symmetric,2.0,0.9,32,14,14,0.0,0.0,0.1,0.1595898796203655,0.1931977714492559,20,0.09852177667823621,0.10104331517330171,0.001478223321763797,0.0010433151733017093,0.002521538495065506,True,0.17622859589041098,0.174282915252295,0.17817427652852696,supported,-0.006327575562667304,-0.009076288300162317,-0.0035788628251722902,supported,-0.10104331517330183,-0.10195476546039056,-0.10013186488621309,supported,-0.006836472602739746,-0.007925344843849144,-0.0057476003616303475,-0.1830650684931507,-0.18460260762752234,-0.18152752935877908,,supported
H2B0152,S120,sobol_symmetric,2.0,0.9,32,14,14,0.0,0.0,0.2,0.2696344682100506,0.3863955428985118,20,0.1908437655255023,0.20201591546699627,0.009156234474497704,0.0020159154669962542,0.011172149941493958,False,0.35266695205479454,0.3502687062880425,0.35506519782154655,supported,-0.01068432867609222,-0.013481148657538751,-0.00788750869464569,supported,-0.20201591546699635,-0.20344264886908486,-0.20058918206490783,supported,-0.012851027397260312,-0.01393481418965557,-0.011767240604865056,-0.3655179794520548,-0.36760864508609103,-0.3634273138180185,loss_matching_failed,inconclusive
H2B0153,S121,sobol_symmetric,3.1,0.3,32,7,7,0.3,0.3,0.05,0.0578984022202125,0.1442452316490931,20,0.05098776137469942,0.04993622542458585,0.000987761374699414,6.377457541414944e-05,0.0010515359501135635,True,0.03902397260273971,0.0355526978776894,0.04249524732779002,supported,-0.014623649924587798,-0.01786615126421185,-0.011381148584963745,supported,-0.0499362254245859,-0.051121180031435697,-0.04875127081773611,supported,-0.007525684931506843,-0.011101318571559923,-0.0039500512914537635,-0.04654965753424655,-0.04748243503805545,-0.04561688003043765,,supported
H2B0153,S121,sobol_symmetric,3.1,0.3,32,7,7,0.3,0.3,0.1,0.1146015816708638,0.2884904632981862,20,0.10302509647990751,0.09966594779182333,0.0030250964799075075,0.0003340522081766717,0.003359148688084179,True,0.0780265410958904,0.07524024198308417,0.08081284020869663,supported,-0.02842904546692001,-0.030240708237147747,-0.026617382696692272,supported,-0.09966594779182339,-0.10134858649445103,-0.09798330908919575,supported,-0.014940068493150683,-0.017622567408377865,-0.0122575695779235,-0.09296660958904109,-0.0943270731646948,-0.09160614601338737,,supported
H2B0153,S121,sobol_symmetric,3.1,0.3,32,7,7,0.3,0.3,0.2,0.2176834300643975,0.5769809265963723,20,0.20091983111874206,0.20057889023828507,0.0009198311187420538,0.0005788902382850569,0.0003409408804569969,True,0.15781250000000005,0.15545331061509404,0.16017168938490606,supported,-0.05558619602052226,-0.05884173893236082,-0.052330653108683706,supported,-0.20057889023828515,-0.2025754849714683,-0.198582295505102,supported,-0.029229452054794502,-0.03226826216696392,-0.02619064194262508,-0.1870419520547945,-0.18897683163221446,-0.18510707247737457,,supported
H2B0154,S122;X043,sobol_symmetric,0.8,0.7,32,21,21,0.0,0.0,0.05,0.0531270075604276,0.05,20,0.05326362066717329,0.0498764458569149,0.0032636206671732906,0.0001235541430851042,0.003387174810258395,True,-0.003099315068493169,-0.008385460139356744,0.0021868300023704062,inconclusive,-0.05326362066717333,-0.05481649252469287,-0.05171074880965379,supported,-0.04987644585691494,-0.051459178425032115,-0.048293713288797765,supported,-0.031074486301369886,-0.036677819248202764,-0.025471153354537004,-0.027975171232876718,-0.02893779980665997,-0.027012542659093464,utilization,inconclusive
H2B0154,S122;X043,sobol_symmetric,0.8,0.7,32,21,21,0.0,0.0,0.1,0.1,0.1,20,0.09942190368223475,0.10017505794672217,0.0005780963177652587,0.00017505794672216524,0.000753154264487424,True,-0.001164383561643828,-0.006250313719880583,0.0039215465965929275,inconclusive,-0.0994219036822348,-0.10105152459503947,-0.09779228276943014,supported,-0.10017505794672221,-0.10236865435970917,-0.09798146153373526,supported,-0.05735873287671234,-0.06273594709773192,-0.05198151865569275,-0.056194349315068504,-0.05757900868609134,-0.05480968994404567,utilization,inconclusive
H2B0154,S122;X043,sobol_symmetric,0.8,0.7,32,21,21,0.0,0.0,0.2,0.2,0.2,20,0.1991731550494274,0.20045611649196488,0.0008268449505726139,0.00045611649196486415,0.001282961442537478,True,-0.001241438356164365,-0.0061367597081260165,0.003653882995797287,inconclusive,-0.19917315504942748,-0.2016292924823297,-0.19671701761652527,supported,-0.20045611649196493,-0.20282226102352915,-0.1980899719604007,supported,-0.1136772260273973,-0.11894322671086333,-0.10841122534393127,-0.11243578767123293,-0.11394784886336841,-0.11092372647909744,utilization,inconclusive
H2B0155,S123,sobol_symmetric,1.25,0.1,64,14,14,0.1,0.1,0.05,0.05,0.0661865196493412,20,0.048730754304198154,0.05127723361722508,0.0012692456958018489,0.0012772336172250792,0.002546479313026928,True,0.006429794520547927,0.006092436428106092,0.006767152612989762,supported,-0.03533053346396046,-0.04027559562999119,-0.030385471297929727,supported,-0.05127723361722514,-0.05372338538850397,-0.048831081845946304,supported,0.0,0.0,0.0,-0.006429794520547927,-0.006767152612989762,-0.006092436428106092,,supported
H2B0155,S123,sobol_symmetric,1.25,0.1,64,14,14,0.1,0.1,0.1,0.0958201770826168,0.1330453250622813,20,0.09571322549116693,0.10522897690328518,0.00428677450883308,0.005228976903285179,0.009515751412118259,True,0.013206335616438336,0.012772014450717312,0.013640656782159359,supported,-0.0700957864465946,-0.07535164959116498,-0.06483992330202422,supported,-0.10522897690328523,-0.10813563678293768,-0.10232231702363277,supported,0.0,0.0,0.0,-0.013206335616438336,-0.013640656782159359,-0.012772014450717312,,supported
H2B0155,S123,sobol_symmetric,1.25,0.1,64,14,14,0.1,0.1,0.2,0.2,0.2607737874445908,20,0.1994589951281081,0.20910250507996833,0.0005410048718919036,0.00910250507996832,0.009643509951860224,True,0.026245719178082206,0.02566487542699887,0.02682656292916554,supported,-0.143746943705987,-0.1502292165420255,-0.1372646708699485,supported,-0.20910250507996836,-0.21249706000177854,-0.20570795015815818,supported,0.0,0.0,0.0,-0.026245719178082206,-0.02682656292916554,-0.02566487542699887,,supported
H2B0156,S124,sobol_symmetric,3.1,0.9,16,28,28,0.5,0.5,0.05,0.05,0.1459754001416125,20,0.0505820962850123,0.04985763051334881,0.0005820962850122957,0.00014236948665119487,0.0007244657716634906,True,0.1378595890410959,0.13489028270560857,0.14082889537658325,supported,0.0002804173455260489,-0.0013500021998596543,0.0019108368909117519,inconclusive,-0.04985763051334886,-0.050738371715636846,-0.04897688931106088,supported,-0.0018065068493150593,-0.003137750140514081,-0.0004752635581160376,-0.13966609589041099,-0.14207859889100158,-0.1372535928898204,balk_served,inconclusive
H2B0156,S124,sobol_symmetric,3.1,0.9,16,28,28,0.5,0.5,0.1,0.1,0.291950800283225,20,0.10042237900671314,0.09901375326346032,0.00042237900671313056,0.0009862467365396865,0.001408625743252817,True,0.2745376712328767,0.27104591554442264,0.27802942692133076,supported,-0.0013095803546984447,-0.0029199977223045943,0.0003008370129077046,inconclusive,-0.0990137532634604,-0.10022787062831359,-0.09779963589860721,supported,-0.0025513698630137303,-0.0036992045632410347,-0.0014035351627864256,-0.27708904109589044,-0.2805836513486438,-0.27359443084313706,balk_served,inconclusive
H2B0156,S124,sobol_symmetric,3.1,0.9,16,28,28,0.5,0.5,0.2,0.2,0.58390160056645,20,0.20091733218756982,0.19793391835488838,0.0009173321875698137,0.002066081645111628,0.002983413832681442,True,0.547611301369863,0.5441201870697636,0.5511024156699624,supported,-0.0029007368360919328,-0.004631807041010912,-0.0011696666311729537,inconclusive,-0.19793391835488838,-0.19916576892632618,-0.1967020677834506,supported,-0.006258561643835636,-0.007578073331171772,-0.0049390499564995,-0.5538698630136987,-0.5571711702879121,-0.5505685557394853,balk_served,inconclusive
H2B0157,S125;X059;X072,sobol_symmetric,4.0,0.1,32,28,28,0.5,0.5,0.05,0.0527252490521456,0.1934110821191932,20,0.05308817631356945,0.048165508757977,0.0030881763135694462,0.0018344912420229995,0.004922667555592446,True,0.019190924657534265,0.01850162789045734,0.01988022142461119,supported,-0.014889811901664773,-0.018853138797504335,-0.010926485005825212,supported,-0.04816550875797705,-0.04998933467427167,-0.046341682841682434,supported,0.0,0.0,0.0,-0.019190924657534265,-0.01988022142461119,-0.01850162789045734,,supported
H2B0157,S125;X059;X072,sobol_symmetric,4.0,0.1,32,28,28,0.5,0.5,0.1,0.1,0.3868221642383864,20,0.10008811990917496,0.09731880167316222,8.811990917495516e-05,0.0026811983268377887,0.002769318236012744,True,0.03882277397260274,0.03799815137870521,0.03964739656650027,supported,-0.02387384990171853,-0.027396876489875724,-0.020350823313561334,supported,-0.09731880167316227,-0.09948385824199191,-0.09515374510433264,supported,0.0,0.0,0.0,-0.03882277397260274,-0.03964739656650027,-0.03799815137870521,,supported
H2B0157,S125;X059;X072,sobol_symmetric,4.0,0.1,32,28,28,0.5,0.5,0.2,0.1976805528738281,0.7736443284767728,20,0.19987941476067145,0.19437610803299568,0.00012058523932856335,0.00562389196700433,0.005503306727675766,True,0.07761130136986302,0.0762178678914904,0.07900473484823564,supported,-0.047224463113275286,-0.05126434837244212,-0.04318457785410845,supported,-0.19437610803299574,-0.19781164349912114,-0.19094057256687033,supported,0.0,0.0,0.0,-0.07761130136986302,-0.07900473484823564,-0.0762178678914904,,supported
H2B0158,S126,sobol_symmetric,2.0,0.9,64,14,14,0.1,0.1,0.05,0.05,0.0926224691035445,20,0.05013729593467468,0.04964092948686173,0.0001372959346746805,0.000359070513138271,0.0004963664478129515,True,0.08883347602739723,0.08791131602371322,0.08975563603108125,supported,-0.001630640274711731,-0.0032489702858918587,-1.2310263531603409e-05,inconclusive,-0.049640929486861815,-0.0500820108027345,-0.04919984817098913,supported,-0.0005672089041095952,-0.0009361685970062743,-0.00019824921121291603,-0.08940068493150684,-0.09027137752036568,-0.088529992342648,balk_served,inconclusive
H2B0158,S126,sobol_symmetric,2.0,0.9,64,14,14,0.1,0.1,0.1,0.1,0.1852449382070891,20,0.10061191652335011,0.09945803250862954,0.0006119165233501034,0.0005419674913704625,0.001153884014720566,True,0.1779730308219178,0.17684115249911658,0.179104909144719,supported,-0.0022830308193904692,-0.0036484312471899757,-0.0009176303915909626,inconclusive,-0.0994580325086296,-0.09998341094010546,-0.09893265407715374,supported,-0.0008283390410958824,-0.0011588439801144847,-0.0004978341020772802,-0.17880136986301368,-0.17990812916945195,-0.1776946105565754,balk_served,inconclusive
H2B0158,S126,sobol_symmetric,2.0,0.9,64,14,14,0.1,0.1,0.2,0.2,0.3704898764141782,20,0.19933471867126373,0.19930236517974598,0.000665281328736278,0.0006976348202540339,3.2353491517755906e-05,True,0.35599529109589045,0.3539938042423873,0.3579967779493936,supported,-0.004336901020422173,-0.006153157903877903,-0.0025206441369664432,inconclusive,-0.19930236517974603,-0.20033057167930632,-0.19827415868018575,supported,-0.002281678082191746,-0.0027689782963316503,-0.0017943778680518418,-0.35827696917808216,-0.36001990259182853,-0.3565340357643358,balk_served,inconclusive
H2B0159,S127,sobol_symmetric,1.25,0.3,16,21,21,0.0,0.0,0.05,0.05,0.05,20,0.049936785703664374,0.04933504389838621,6.321429633562858e-05,0.000664956101613795,0.0006017418052781665,True,0.01483732876712327,0.009184094138007193,0.020490563396239347,supported,-0.048102559100259734,-0.050913354072063696,-0.04529176412845577,supported,-0.04933504389838624,-0.051290009690626734,-0.04738007810614575,supported,-0.0036472602739726135,-0.008894831036539475,0.0016003104885942477,-0.018484589041095883,-0.01927940836188808,-0.017689769720303686,,supported
H2B0159,S127,sobol_symmetric,1.25,0.3,16,21,21,0.0,0.0,0.1,0.1,0.0968989577394075,20,0.1022199872102997,0.09872840839889722,0.002219987210299701,0.0012715916011027811,0.003491578811402482,True,0.04048801369863016,0.03340878581529842,0.04756724158196189,supported,-0.10038576060689504,-0.10322486981720318,-0.0975466513965869,supported,-0.09872840839889727,-0.10150034824188266,-0.09595646855591188,supported,0.0036386986301370104,-0.0027307695150742472,0.010008166775348267,-0.03684931506849315,-0.03798581511721988,-0.03571281501976642,,supported
H2B0159,S127,sobol_symmetric,1.25,0.3,16,21,21,0.0,0.0,0.2,0.2005013660604301,0.1943842712333831,20,0.19996991299861322,0.19623717423629197,3.0087001386791545e-05,0.0037628257637080387,0.003732738762321247,True,0.08203767123287671,0.07516636212895857,0.08890898033679485,supported,-0.19813568639520857,-0.20360439526573734,-0.1926669775246798,supported,-0.19623717423629197,-0.19949860530744043,-0.19297574316514352,supported,0.00855308219178082,0.002089497390699314,0.015016666992862327,-0.07348458904109592,-0.07477162886885609,-0.07219754921333575,,supported
H2B0160,S128,sobol_symmetric,3.1,0.5,64,7,7,0.3,0.3,0.05,0.05,0.1269531072944089,20,0.04943145794300408,0.04939464456148193,0.0005685420569959201,0.0006053554385180709,3.68133815221508e-05,True,0.07605522260273967,0.07525095255942167,0.07685949264605767,supported,-0.006984702374252863,-0.008553800465474345,-0.0054156042830313805,supported,-0.049394644561482,-0.049752005445315266,-0.04903728367764874,supported,-0.0004216609589041354,-0.0008992475039497343,5.592558614146351e-05,-0.0764768835616438,-0.07705538025353564,-0.07589838686975195,,supported
H2B0160,S128,sobol_symmetric,3.1,0.5,64,7,7,0.3,0.3,0.1,0.1,0.2539062145888179,20,0.1001226018819277,0.09879957238341966,0.0001226018819276975,0.0012004276165803462,0.0013230294985080437,True,0.15168664383561642,0.15054680643343135,0.1528264812378015,supported,-0.015552064807743609,-0.017162928598940495,-0.013941201016546724,supported,-0.0987995723834197,-0.09935490022257829,-0.09824424454426112,supported,-0.0013591609589040988,-0.0019190769552535907,-0.0007992449625546068,-0.15304580479452054,-0.15393455332197856,-0.15215705626706252,,supported
H2B0160,S128,sobol_symmetric,3.1,0.5,64,7,7,0.3,0.3,0.2,0.2,0.5078124291776359,20,0.19983205790028977,0.19835024518020944,0.00016794209971024432,0.001649754819790572,0.0014818127200803277,True,0.30725171232876713,0.30553304283619565,0.3089703818213386,supported,-0.03584721475263216,-0.037349041478292384,-0.034345388026971936,supported,-0.19835024518020952,-0.19917994882323406,-0.19752054153718498,supported,1.926369863014532e-05,-0.0005532854367586377,0.0005918128340189283,-0.307232448630137,-0.30858378767178707,-0.3058811095884869,,supported
H2B0161,S129,sobol_symmetric,3.1,0.3,32,21,21,0.0,0.0,0.05,0.1405106623184206,0.1469388997127814,20,0.05147191342202084,0.049572957665359685,0.0014719134220208402,0.00042704233464031793,0.0018989557566611581,True,0.03755993150684933,0.034866755724098385,0.04025310728960028,supported,-0.033245398494204194,-0.03629834042749522,-0.03019245656091317,supported,-0.04957295766535972,-0.05055769197396124,-0.0485882233567582,supported,-0.010166952054794514,-0.012564901821650591,-0.0077690022879384375,-0.04772688356164385,-0.0486696073869506,-0.046784159736337094,,supported
H2B0161,S129,sobol_symmetric,3.1,0.3,32,21,21,0.0,0.0,0.1,0.2633199393252577,0.2938777994255628,20,0.10000794203522242,0.09880767831157967,7.942035222419097e-06,0.0011923216884203308,0.00120026372364275,True,0.07539383561643835,0.07250187004205699,0.07828580119081971,supported,-0.06409751054382842,-0.06712101200540303,-0.06107400908225381,supported,-0.09880767831157974,-0.10026710360962787,-0.09734825301353162,supported,-0.019520547945205486,-0.02210503304815775,-0.01693606284225322,-0.09491438356164385,-0.09629905056126986,-0.09352971656201783,,supported
H2B0161,S129,sobol_symmetric,3.1,0.3,32,21,21,0.0,0.0,0.2,0.5104834120218751,0.5877555988511257,20,0.21330991368524752,0.19780545227365545,0.013309913685247504,0.002194547726344559,0.015504461411592063,False,0.1489597602739726,0.14619400868543253,0.15172551186251265,supported,-0.1404491391021898,-0.14358513228080977,-0.13731314592356986,supported,-0.1978054522736555,-0.1993837402027464,-0.1962271643445646,supported,-0.040479452054794515,-0.04322143218004718,-0.03773747192954185,-0.18943921232876712,-0.19102548107416872,-0.18785294358336552,loss_matching_failed,inconclusive
H2B0162,S130,sobol_symmetric,1.25,0.7,64,7,7,0.3,0.3,0.05,0.05,0.0530372407897883,20,0.05047166733427866,0.04951619332641882,0.00047166733427865537,0.00048380667358118024,0.0009554740078598356,True,0.03972602739726024,0.03867306037139773,0.04077899442312276,supported,-0.009465511053994586,-0.012287176720686771,-0.006643845387302401,supported,-0.0495161933264189,-0.0503337062725199,-0.048698680380317896,supported,-0.00363655821917811,-0.004711240155537341,-0.002561876282818879,-0.043362585616438354,-0.044099157480537186,-0.04262601375233952,,supported
H2B0162,S130,sobol_symmetric,1.25,0.7,64,7,7,0.3,0.3,0.1,0.1,0.1060744815795767,20,0.10054599453441068,0.10007615751682782,0.0005459945344106765,7.615751682781002e-05,0.00046983701758286645,True,0.057371575342465765,0.054728047245010444,0.060015103439921086,supported,-0.04162378573170768,-0.044094331414573446,-0.03915324004884191,supported,-0.10007615751682786,-0.10135654257812189,-0.09879577245553382,supported,-0.030248287671232867,-0.032300729481099424,-0.028195845861366305,-0.08761986301369863,-0.0887950746909052,-0.08644465133649207,,supported
H2B0162,S130,sobol_symmetric,1.25,0.7,64,7,7,0.3,0.3,0.2,0.2,0.2121489631591535,20,0.19989367657430107,0.19965970847944733,0.00010632342569893982,0.00034029152055267686,0.00023396809485373704,True,0.05928082191780819,0.056134427705068074,0.0624272161305483,supported,-0.14077859625352024,-0.14344515510536865,-0.13811203740167183,supported,-0.1996597084794474,-0.20101809509685473,-0.19830132186204005,supported,-0.11557577054794524,-0.11909796966118258,-0.1120535714347079,-0.1748565924657534,-0.17620194313409368,-0.17351124179741315,,supported
H2B0163,S131,sobol_symmetric,2.0,0.3,16,28,28,0.5,0.5,0.05,0.05,0.0936866889476985,20,0.05109026179283578,0.05098477109164332,0.0010902617928357783,0.0009847710916433203,0.00010549070119245801,True,0.0228595890410959,0.018271483326231894,0.027447694755959907,supported,-0.0163055909111873,-0.021715507145180096,-0.010895674677194506,supported,-0.05098477109164338,-0.05271633660167608,-0.04925320558161068,supported,-0.007568493150684949,-0.012005597522974126,-0.003131388778395771,-0.030428082191780847,-0.03156354079448631,-0.029292623589075382,,supported
H2B0163,S131,sobol_symmetric,2.0,0.3,16,28,28,0.5,0.5,0.1,0.1,0.187373377895397,20,0.10050957871793498,0.10084076740213213,0.000509578717934972,0.0008407674021321254,0.0003311886841971534,True,0.045462328767123326,0.041752013747141964,0.04917264378710469,supported,-0.03463493106300485,-0.038386069474968,-0.03088379265104171,supported,-0.10084076740213221,-0.10303115268928023,-0.0986503821149842,supported,-0.014717465753424665,-0.018067163210498796,-0.011367768296350535,-0.06017979452054798,-0.061553032508177445,-0.05880655653291852,,supported
H2B0163,S131,sobol_symmetric,2.0,0.3,16,28,28,0.5,0.5,0.2,0.2057208121279731,0.3747467557907941,20,0.20570632888801305,0.20123153869118454,0.005706328888013035,0.0012315386911845305,0.004474790196828504,True,0.08779965753424658,0.08356115920909915,0.09203815585939401,supported,-0.07886818249604834,-0.08321666548562281,-0.07451969950647386,supported,-0.20123153869118457,-0.2049607895537196,-0.19750228782864954,supported,-0.03234589041095894,-0.03587192090151358,-0.028819859920404305,-0.12014554794520553,-0.1219896308254936,-0.11830146506491745,,supported
H2B0164,S132,sobol_symmetric,4.0,0.7,64,14,14,0.1,0.1,0.05,0.0732198411838369,0.1734214872151158,20,0.051723526659630745,0.05007372473431192,0.001723526659630742,7.372473431191406e-05,0.0016498019253188279,True,0.13873287671232873,0.13717159643886084,0.14029415698579661,supported,-0.0037418792041913757,-0.004612980618853167,-0.0028707777895295846,inconclusive,-0.05007372473431201,-0.05063855825149312,-0.049508891217130896,supported,-0.0019948630136986723,-0.0026944514262055666,-0.0012952746011917781,-0.14072773972602742,-0.14222430935845656,-0.13923117009359828,balk_served,inconclusive
H2B0164,S132,sobol_symmetric,4.0,0.7,64,14,14,0.1,0.1,0.1,0.1369118555683028,0.3468429744302317,20,0.10209266842561496,0.09997032438132022,0.002092668425614952,2.9675618679780857e-05,0.0021223440442947328,True,0.27634417808219175,0.2742369363032317,0.2784514198611518,supported,-0.008430508318213431,-0.009407134588315776,-0.007453882048111087,supported,-0.0999703243813203,-0.10071565362715747,-0.09922499513548312,supported,-0.0046275684931506855,-0.005254148948895646,-0.004000988037405725,-0.28097174657534246,-0.2829782622051764,-0.2789652309455085,,supported
H2B0164,S132,sobol_symmetric,4.0,0.7,64,14,14,0.1,0.1,0.2,0.2386831825974021,0.6936859488604635,20,0.19782032127369037,0.20002737312831517,0.0021796787263096418,2.7373128315161255e-05,0.002207051854624803,True,0.5533882705479453,0.5514676026196612,0.5553089384762293,supported,-0.015207486886625623,-0.016070024555972204,-0.01434494921727904,supported,-0.20002737312831526,-0.20079648178300258,-0.19925826447362793,supported,-0.008446061643835651,-0.009093737416822975,-0.007798385870848326,-0.5618343321917808,-0.5638886472721107,-0.5597800171114509,,supported
H2B0165,S133,sobol_symmetric,3.1,0.5,32,14,14,0.1,0.1,0.05,0.0621410512178522,0.1365154215254784,20,0.05281716244293251,0.05014407010863507,0.002817162442932508,0.0001440701086350693,0.002673092334297439,True,0.07051369863013698,0.06749201109927278,0.07353538616100119,supported,-0.009936304476187253,-0.011835923090296093,-0.008036685862078412,supported,-0.05014407010863513,-0.05090121402156696,-0.0493869261957033,supported,-0.007264554794520567,-0.009952522413972011,-0.004576587175069122,-0.07777825342465754,-0.0790092743839884,-0.07654723246532667,,supported
H2B0165,S133,sobol_symmetric,3.1,0.5,32,14,14,0.1,0.1,0.1,0.1156506033784169,0.2730308430509569,20,0.10215362661545632,0.10027757014470777,0.0021536266154563166,0.0002775701447077644,0.0018760564707485522,True,0.13984589041095893,0.1374197546280001,0.14227202619391777,supported,-0.01963308725364848,-0.021612709762234023,-0.01765346474506294,supported,-0.10027757014470781,-0.1010959835111843,-0.09945915677823132,supported,-0.01575342465753423,-0.018379170715140176,-0.013127678599928286,-0.15559931506849317,-0.1568907661152406,-0.15430786402174573,,supported
H2B0165,S133,sobol_symmetric,3.1,0.5,32,14,14,0.1,0.1,0.2,0.2149248270783565,0.5460616861019137,20,0.19939189006919722,0.19957342869866626,0.0006081099308027915,0.0004265713013337502,0.0001815386294690413,True,0.2797131849315069,0.27713270911258203,0.2822936607504317,supported,-0.038170203606403684,-0.04052765462350823,-0.03581275258929914,supported,-0.1995734286986663,-0.20061364452433672,-0.19853321287299586,supported,-0.03020119863013699,-0.032818559698406274,-0.027583837561867705,-0.3099143835616439,-0.3112882798328883,-0.3085404872903995,,supported
H2B0166,S134,sobol_symmetric,1.25,0.5,32,28,28,0.5,0.5,0.05,0.05,0.0530833542525337,20,0.05109604027505329,0.05075173312003718,0.0010960402750532852,0.0007517331200371791,0.00034430715501610615,True,0.0298287671232877,0.02826724330610462,0.03139029094047078,supported,-0.025559096367490135,-0.032320952853545255,-0.018797239881435016,supported,-0.050751733120037223,-0.052189611350189714,-0.04931385488988473,supported,-0.0018065068493150704,-0.0028424549995743308,-0.0007705586990558102,-0.03163527397260277,-0.03244155686426549,-0.03082899108094005,,supported
H2B0166,S134,sobol_symmetric,1.25,0.5,32,28,28,0.5,0.5,0.1,0.1,0.1061667085050675,20,0.10081246135114916,0.10134766356402077,0.0008124613511491519,0.0013476635640207596,0.0005352022128716077,True,0.051382705479452076,0.0484872100444152,0.054278200914488955,supported,-0.05289508406388686,-0.05844005998889762,-0.04735010813887611,supported,-0.10134766356402083,-0.1032404245432803,-0.09945490258476136,supported,-0.011750856164383561,-0.01461550239555003,-0.008886209933217093,-0.06313356164383566,-0.06409693829423506,-0.06217018499343625,,supported
H2B0166,S134,sobol_symmetric,1.25,0.5,32,28,28,0.5,0.5,0.2,0.2,0.2123334170101351,20,0.20014603863114347,0.20191610598323756,0.00014603863114345805,0.0019161059832375482,0.0017700673520940902,True,0.06280393835616438,0.05915127249642781,0.06645660421590095,supported,-0.1413951906699237,-0.1457281538257511,-0.1370622275140963,supported,-0.20191610598323764,-0.20438477320762596,-0.19944743875884932,supported,-0.06304794520547947,-0.06620420082004431,-0.05989168959091464,-0.12585188356164387,-0.12716133913613062,-0.1245424279871571,,supported
H2B0167,S135,sobol_symmetric,0.8,0.1,64,7,7,0.3,0.3,0.05,0.05,0.05,20,0.049753406107850395,0.05048388246066273,0.0002465938921496075,0.00048388246066272816,0.0007304763528123356,True,-0.0007833904109589229,-0.00449891793382351,0.0029321371119056636,inconclusive,-0.04975340610785041,-0.05142334644144978,-0.04808346577425104,supported,-0.050483882460662786,-0.052756442890401344,-0.04821132203092423,supported,-0.004835188356164399,-0.008534312114610898,-0.0011360645977179,-0.004051797945205477,-0.0042344139150511505,-0.0038691819753598027,utilization,inconclusive
H2B0167,S135,sobol_symmetric,0.8,0.1,64,7,7,0.3,0.3,0.1,0.1,0.0955408868068683,20,0.10379010219935178,0.0967337997568349,0.0037901021993517747,0.00326620024316511,0.007056302442516885,True,-0.002666952054794508,-0.006866770402880206,0.0015328662932911894,inconclusive,-0.10379010219935184,-0.1063418058786735,-0.10123839852003017,supported,-0.09673379975683494,-0.09910728042979312,-0.09436031908387675,supported,-0.01043236301369863,-0.01464334873698396,-0.006221377290413302,-0.007765410958904123,-0.00795806172669963,-0.007572760191108617,utilization,inconclusive
H2B0167,S135,sobol_symmetric,0.8,0.1,64,7,7,0.3,0.3,0.2,0.1965480526297233,0.1898676144115552,20,0.19868328090839968,0.19076370618043462,0.0013167190916003324,0.009236293819565394,0.007919574727965062,True,-0.001588184931506842,-0.005543471189573513,0.002367101326559829,inconclusive,-0.19868328090839973,-0.20271317245362858,-0.1946533893631709,supported,-0.19076370618043467,-0.1942715384842056,-0.18725587387666373,supported,-0.016904965753424667,-0.02089691520743605,-0.012913016299413283,-0.015316780821917824,-0.015615548229266347,-0.015018013414569301,utilization,inconclusive
H2B0168,S136,sobol_symmetric,3.1,0.9,16,21,21,0.0,0.0,0.05,0.1232604646718459,0.1486141623454857,20,0.04849553185652319,0.050778043076679345,0.0015044681434768156,0.0007780430766793425,0.002282511220156158,True,0.14255993150684934,0.14001220063456177,0.14510766237913691,supported,-0.002485004520130238,-0.003949938134083943,-0.0010200709061765326,inconclusive,-0.050778043076679394,-0.0515213640491014,-0.05003472210425739,supported,-0.0029280821917808232,-0.0039194888704995315,-0.001936675513062115,-0.14548801369863015,-0.14743759169276435,-0.14353843570449595,balk_served,inconclusive
H2B0168,S136,sobol_symmetric,3.1,0.9,16,21,21,0.0,0.0,0.1,0.2197912065182651,0.2972283246909715,20,0.0975116810885444,0.10094930397417759,0.0024883189114556087,0.0009493039741775844,0.003437622885633193,True,0.2841095890410959,0.2818309153088957,0.2863882627732961,supported,-0.0043866791252062665,-0.005548614608025124,-0.003224743642387409,inconclusive,-0.10094930397417765,-0.10171899319388833,-0.10017961475446696,supported,-0.004768835616438388,-0.005863113365650212,-0.003674557867226564,-0.28887842465753427,-0.29091038590451107,-0.2868464634105575,balk_served,inconclusive
H2B0168,S136,sobol_symmetric,3.1,0.9,16,21,21,0.0,0.0,0.2,0.305268458341024,0.6025714146557538,0,0.1453633771379077,0.2000875101873385,,,0.0547241330494308,False,,,,inactive,,,,inactive,,,,inactive,,,,,,,target_unattainable,inactive
H2B0169,S137,sobol_symmetric,2.0,0.3,64,28,28,0.3,0.3,0.05,0.05,0.0933888982109553,20,0.049930958827785275,0.05061971361609714,6.904117221472744e-05,0.0006197136160971395,0.0006887547883118669,True,0.025535102739726027,0.024042347970758198,0.027027857508693857,supported,-0.019297094837722427,-0.02187438317015537,-0.016719806505289484,supported,-0.0506197136160972,-0.05152937655478176,-0.04971005067741264,supported,-0.004792380136986291,-0.006213592108734434,-0.0033711681652381477,-0.03032748287671232,-0.03089364993404144,-0.0297613158193832,,supported
H2B0169,S137,sobol_symmetric,2.0,0.3,64,28,28,0.3,0.3,0.1,0.1,0.1867777964219107,20,0.10079726993137775,0.10082876592941889,0.000797269931377742,0.0008287659294188843,3.1495998041142226e-05,True,0.050507277397260276,0.048641929918858996,0.05237262487566156,supported,-0.039311703355906405,-0.04267526458506806,-0.03594814212674475,supported,-0.10082876592941899,-0.10211045004332628,-0.0995470818155117,supported,-0.009905821917808217,-0.011612229299972769,-0.008199414535643665,-0.0604130993150685,-0.0612141477750696,-0.05961205085506739,,supported
H2B0169,S137,sobol_symmetric,2.0,0.3,64,28,28,0.3,0.3,0.2,0.2,0.3735555928438215,20,0.19992658847883782,0.20203329617825744,7.341152116219218e-05,0.0020332961782574266,0.0021067076994196188,True,0.09987585616438355,0.09754570323677614,0.10220600909199096,supported,-0.07875389917311368,-0.08141255713519549,-0.07609524121103187,supported,-0.20203329617825755,-0.20313413039190098,-0.20093246196461412,supported,-0.021080907534246567,-0.0233661901766338,-0.018795624891859333,-0.12095676369863011,-0.12165223535068946,-0.12026129204657075,,supported
H2B0170,S138,sobol_symmetric,0.8,0.7,16,14,14,0.0,0.0,0.05,0.0538101835666218,0.05,20,0.05455423896280097,0.04945215126410067,0.004554238962800966,0.0005478487358993311,0.005102087698700297,True,-0.0032448630136986236,-0.008803443958455713,0.0023137179310584663,inconclusive,-0.05455423896280098,-0.056446107167876416,-0.05266237075772555,supported,-0.049452151264100706,-0.051082943402977976,-0.04782135912522344,supported,-0.03095890410958903,-0.03674862968166094,-0.02516917853751712,-0.02771404109589041,-0.02870181856645053,-0.026726263625330288,utilization,inconclusive
H2B0170,S138,sobol_symmetric,0.8,0.7,16,14,14,0.0,0.0,0.1,0.1,0.1,20,0.10120982576876207,0.09980910117180292,0.0012098257687620656,0.00019089882819708914,0.0014007245969591547,True,-0.001138698630136986,-0.0059988268993830945,0.003721429639109123,inconclusive,-0.10120982576876207,-0.10370370592285705,-0.0987159456146671,supported,-0.09980910117180294,-0.10182955968698375,-0.09778864265662214,supported,-0.0570890410958904,-0.06222253780863134,-0.05195554438314946,-0.05595034246575341,-0.05730109551679434,-0.05459958941471248,utilization,inconclusive
H2B0170,S138,sobol_symmetric,0.8,0.7,16,14,14,0.0,0.0,0.2,0.2,0.2,20,0.2024079782397236,0.19892649567219217,0.0024079782397235794,0.0010735043278078393,0.0034814825675314187,True,-0.0008133561643835441,-0.0057921199391471325,0.004165407610380044,inconclusive,-0.2024079782397236,-0.2058899257136,-0.19892603076584717,supported,-0.1989264956721922,-0.20201113597648718,-0.19584185536789722,supported,-0.11233732876712325,-0.11872151170253818,-0.10595314583170833,-0.11152397260273972,-0.1138210403701631,-0.10922690483531633,utilization,inconclusive
H2B0171,S139,sobol_symmetric,1.25,0.1,32,21,21,0.1,0.1,0.05,0.0474726603551103,0.0624857467966171,20,0.04689882256389406,0.049680379623344706,0.0031011774361059397,0.00031962037665529686,0.002781557059450643,True,0.006224315068493125,0.005937393206136102,0.006511236930850147,supported,-0.03726308616777987,-0.04476169450184876,-0.02976447783371097,supported,-0.049680379623344775,-0.05185513201069028,-0.04750562723599927,supported,0.0,0.0,0.0,-0.006224315068493125,-0.006511236930850147,-0.005937393206136102,,supported
H2B0171,S139,sobol_symmetric,1.25,0.1,32,21,21,0.1,0.1,0.1,0.0933933383734759,0.1189439820301959,20,0.09439822660637141,0.0945521665305044,0.005601773393628592,0.005447833469495608,0.00015393992413298418,True,0.011866438356164365,0.011490011837563714,0.012242864874765017,supported,-0.06801527847368194,-0.07520600291171033,-0.060824554035653546,supported,-0.09455216653050444,-0.0972732153166629,-0.09183111774434598,supported,0.0,0.0,0.0,-0.011866438356164365,-0.012242864874765017,-0.011490011837563714,,supported
H2B0171,S139,sobol_symmetric,1.25,0.1,32,21,21,0.1,0.1,0.2,0.2,0.2455297554407147,20,0.20451940608280741,0.19875439948837173,0.004519406082807403,0.001245600511628281,0.005765006594435684,True,0.02491866438356166,0.024321996405311044,0.02551533236181228,supported,-0.15275581961725024,-0.16076162508851569,-0.1447500141459848,supported,-0.19875439948837176,-0.20253609994836871,-0.1949726990283748,supported,0.0,0.0,0.0,-0.02491866438356166,-0.02551533236181228,-0.024321996405311044,,supported
H2B0172,S140,sobol_symmetric,4.0,0.9,32,7,7,0.5,0.5,0.05,0.0531783047295909,0.1892473140813968,20,0.05109235300095636,0.049887169789561696,0.0010923530009563573,0.00011283021043830693,0.0012051832113946642,True,0.17943493150684936,0.1777258644006646,0.18114399861303412,supported,-0.0010222508546652992,-0.0019750187083726295,-6.948300095796901e-05,inconclusive,-0.049887169789561744,-0.050380920381721005,-0.049393419197402484,supported,-0.00032534246575340877,-0.0010692752621220352,0.00041859033061521754,-0.17976027397260277,-0.1815790855584734,-0.17794146238673214,balk_served,inconclusive
H2B0172,S140,sobol_symmetric,4.0,0.9,32,7,7,0.5,0.5,0.1,0.1,0.3784946281627937,20,0.09777396504479843,0.09990302231464772,0.0022260349552015724,9.69776853522869e-05,0.0021290572698492854,True,0.358304794520548,0.35526227147792433,0.3613473175631716,supported,-0.0017735359986029403,-0.0028200584231311155,-0.0007270135740747648,inconclusive,-0.09990302231464779,-0.10066292733902213,-0.09914311729027345,supported,-0.0014169520547945569,-0.0019933047632584144,-0.0008405993463306995,-0.3597217465753425,-0.3624820603430738,-0.3569614328076112,balk_served,inconclusive
H2B0172,S140,sobol_symmetric,4.0,0.9,32,7,7,0.5,0.5,0.2,0.2,0.7569892563255874,20,0.19952521430798592,0.20018047612649043,0.00047478569201409027,0.00018047612649041422,0.0006552618185045045,True,0.7171361301369863,0.7150229346210067,0.7192493256529658,supported,-0.003853397102961539,-0.004836888837723203,-0.002869905368199875,inconclusive,-0.20018047612649054,-0.20102238963743385,-0.19933856261554722,supported,-0.0036429794520548343,-0.004531814143786322,-0.002754144760323347,-0.7207791095890411,-0.7228441220122865,-0.7187140971657957,balk_served,inconclusive
H2B0173,S141,sobol_symmetric,4.0,0.1,16,7,7,0.5,0.5,0.05,0.0583671111291126,0.1827149437285155,20,0.05257273112710131,0.04507589616791581,0.0025727311271013104,0.004924103832084192,0.007496834959185503,True,0.018047945205479532,0.016591118483507264,0.0195047719274518,supported,-0.016621676385690388,-0.0232262551078203,-0.010017097663560477,supported,-0.045075896167915866,-0.04740476002764457,-0.04274703230818716,supported,-8.561643835615085e-05,-0.0008821456552385858,0.0007109127785262842,-0.018133561643835682,-0.01916507092429993,-0.017102052363371433,,supported
H2B0173,S141,sobol_symmetric,4.0,0.1,16,7,7,0.5,0.5,0.1,0.1199637477450425,0.4092791257660383,20,0.1077768137626379,0.1026904581203983,0.007776813762637891,0.0026904581203982952,0.005086355642239596,True,0.041395547945205495,0.03940673022026895,0.04338436567014204,supported,-0.03096834605158315,-0.03533336284898897,-0.026603329254177334,supported,-0.10269045812039838,-0.1058980478115922,-0.09948286842920456,supported,1.71232876712335e-05,-0.0008034028843886723,0.0008376494597311392,-0.04137842465753426,-0.0429980547034793,-0.03975879461158922,,supported
H2B0173,S141,sobol_symmetric,4.0,0.1,16,7,7,0.5,0.5,0.2,0.2257788438762615,0.7930284862220226,20,0.20043839767761926,0.20068781261909446,0.00043839767761924553,0.0006878126190944522,0.0002494149414752067,True,0.08047089041095891,0.07840085886992221,0.08254092195199561,supported,-0.05655019820125151,-0.05995471991764886,-0.05314567648485416,supported,-0.20068781261909457,-0.20450010946488098,-0.19687551577330817,supported,-0.00020547945205480754,-0.0008707105947629377,0.00045975169065332256,-0.08067636986301374,-0.08264630044006552,-0.07870643928596197,,supported
H2B0174,S142,sobol_symmetric,2.0,0.9,64,21,21,0.1,0.1,0.05,0.05,0.0954612416038685,20,0.049966085248406414,0.05014000610203214,3.391475159358892e-05,0.00014000610203213776,0.00017392085362572668,True,0.08436643835616439,0.08316759166602697,0.08556528504630181,supported,-0.0061448842516287575,-0.007955217984857451,-0.004334550518400064,supported,-0.05014000610203219,-0.05067186846467963,-0.04960814373938475,supported,-0.005761986301369848,-0.006548544231496178,-0.004975428371243517,-0.09012842465753423,-0.09097650105451248,-0.08928034826055599,,supported
H2B0174,S142,sobol_symmetric,2.0,0.9,64,21,21,0.1,0.1,0.1,0.1,0.1909224832077371,20,0.10010197993278461,0.09995340932898829,0.0001019799327846016,4.6590671011717544e-05,0.00014857060379631915,True,0.1683968321917808,0.1669418849818334,0.16985177940172821,supported,-0.01143019323864452,-0.012782861046815244,-0.010077525430473798,supported,-0.09995340932898833,-0.1008271127032817,-0.09907970595469497,supported,-0.01126926369863015,-0.01192693407579222,-0.01061159332146808,-0.17966609589041097,-0.1808466416479878,-0.17848555013283413,,supported
H2B0174,S142,sobol_symmetric,2.0,0.9,64,21,21,0.1,0.1,0.2,0.2,0.3818449664154743,20,0.1999723836093878,0.1996618334281453,2.7616390612217323e-05,0.00033816657185470334,0.000310550181242486,True,0.3481528253424657,0.34617108119649653,0.3501345694884349,supported,-0.015400842100924118,-0.017483438345869892,-0.013318245855978341,supported,-0.19966183342814536,-0.2007733457279646,-0.19855032112832613,supported,-0.010841181506849323,-0.011860794032851603,-0.009821568980847043,-0.35899400684931504,-0.3606861729987388,-0.3573018406998913,,supported
H2B0175,S143,sobol_symmetric,0.8,0.5,16,14,14,0.0,0.0,0.05,0.0529058290259732,0.05,20,0.05225890607872834,0.051214123150415646,0.0022589060787283344,0.0012141231504156427,0.0010447829283126916,True,-0.0004965753424657548,-0.005209651676512977,0.004216500991581468,inconclusive,-0.05225890607872839,-0.05359510063965417,-0.050922711517802616,supported,-0.051214123150415715,-0.05351358922004762,-0.04891465708078381,supported,-0.020958904109589054,-0.025854865849948293,-0.016062942369229814,-0.0204623287671233,-0.02137587413341209,-0.01954878340083451,utilization,inconclusive
H2B0175,S143,sobol_symmetric,0.8,0.5,16,14,14,0.0,0.0,0.1,0.1,0.1,20,0.10002303705488882,0.1007295814025078,2.303705488881924e-05,0.0007295814025077979,0.0007065443476189787,True,-0.002277397260273967,-0.006109926294060637,0.001555131773512703,inconclusive,-0.10002303705488888,-0.10327235063997779,-0.09677372346979997,supported,-0.1007295814025078,-0.1038794374295855,-0.09757972537543011,supported,-0.042525684931506866,-0.04645834780602029,-0.03859302205699344,-0.0402482876712329,-0.04150750292538447,-0.038989072417081334,utilization,inconclusive
H2B0175,S143,sobol_symmetric,0.8,0.5,16,14,14,0.0,0.0,0.2,0.2046104422718883,0.2,20,0.20491108877235428,0.20008458946406113,0.004911088772354272,8.458946406111889e-05,0.004826499308293153,True,-0.00101883561643836,-0.0072549045013519334,0.005217233268475214,inconclusive,-0.20491108877235434,-0.2091122165212283,-0.20070996102348038,supported,-0.20008458946406119,-0.2039880372891394,-0.19618114163898298,supported,-0.0809760273972603,-0.0878636000006881,-0.0740884547938325,-0.07995719178082192,-0.0816045913604578,-0.07830979220118603,utilization,inconclusive
H2B0176,S144,sobol_symmetric,3.1,0.5,32,28,28,0.3,0.3,0.05,0.05,0.1397453949443293,20,0.05004635784156215,0.05035812708977751,4.635784156215017e-05,0.0003581270897775046,0.00031176924821535446,True,0.07649828767123286,0.07426913753295175,0.07872743780951397,supported,-0.007448206148829331,-0.009063555319266923,-0.00583285697839174,supported,-0.050358127089777535,-0.051066596060502976,-0.049649658119052094,supported,-0.0016053082191780754,-0.0037313252694664983,0.0005207088311103474,-0.07810359589041095,-0.079171039457609,-0.0770361523232129,,supported
H2B0176,S144,sobol_symmetric,3.1,0.5,32,28,28,0.3,0.3,0.1,0.1,0.2794907898886587,20,0.099476381895141,0.10017252874938598,0.000523618104859,0.00017252874938597507,0.000696146854244975,True,0.14964897260273974,0.14637815679303673,0.15291978841244275,supported,-0.014769921620361698,-0.016854125958571872,-0.012685717282151522,supported,-0.10017252874938601,-0.10136200434200981,-0.0989830531567622,supported,-0.0058433219178082195,-0.008638601999838694,-0.003048041835777746,-0.1554922945205479,-0.15730891529776955,-0.15367567374332627,,supported
H2B0176,S144,sobol_symmetric,3.1,0.5,32,28,28,0.3,0.3,0.2,0.2,0.5589815797773174,20,0.19960552866455689,0.2011130050895272,0.00039447133544312507,0.0011130050895271915,0.0015074764249703165,True,0.29627568493150686,0.29415282520233704,0.29839854466067667,supported,-0.035834410443338204,-0.0374082169075364,-0.034260603979140006,supported,-0.20111300508952729,-0.2024572024038031,-0.19976880777525147,supported,-0.016095890410958887,-0.018480132181638638,-0.013711648640279135,-0.31237157534246573,-0.3141926203460498,-0.3105505303388817,,supported
H2B0177,S145,sobol_symmetric,3.1,0.3,16,7,7,0.1,0.1,0.05,0.0668584108760108,0.0991335934655812,20,0.05203442045931237,0.04887131260885004,0.002034420459312368,0.0011286873911499629,0.003163107850462331,True,0.037097602739726024,0.03430228562485384,0.03989291985459821,supported,-0.019387421535981664,-0.02441400092843414,-0.014360842143529187,supported,-0.048871312608850095,-0.05052021323620914,-0.047222411981491054,supported,-0.008210616438356166,-0.010579743536584814,-0.005841489340127517,-0.04530821917808219,-0.04670607875515712,-0.04391035960100726,,supported
H2B0177,S145,sobol_symmetric,3.1,0.3,16,7,7,0.1,0.1,0.1,0.128535431588176,0.1982671869311624,20,0.10084994286676552,0.09783237740800207,0.0008499428667655129,0.002167622591997931,0.0030175654587634437,True,0.0805736301369863,0.07640950461634975,0.08473775565762286,supported,-0.03254139756997356,-0.03714230135569635,-0.02794049378425077,supported,-0.09783237740800213,-0.10009957564463932,-0.09556517917136494,supported,-0.010616438356164387,-0.014123928039677582,-0.007108948672651191,-0.0911900684931507,-0.0930436948560835,-0.0893364421302179,,supported
H2B0177,S145,sobol_symmetric,3.1,0.3,16,7,7,0.1,0.1,0.2,0.2403072802117219,0.3879890383064776,20,0.1997688369398269,0.19227208230799894,0.00023116306017312294,0.007727917692001068,0.0074967546318279454,True,0.15690068493150683,0.15376040002296665,0.160040969840047,supported,-0.07123598265123318,-0.07609691866504355,-0.06637504663742282,supported,-0.192272082307999,-0.19520876951210658,-0.1893353951038914,supported,-0.022106164383561656,-0.0247200919950916,-0.019492236772031712,-0.1790068493150685,-0.18131584952488752,-0.17669784910524947,,supported
H2B0178,S146,sobol_symmetric,0.8,0.5,64,21,21,0.5,0.5,0.05,0.05,0.05,20,0.05097154434378247,0.049728581065751495,0.0009715443437824656,0.0002714189342485074,0.001242963278030973,True,0.0018300513698630283,-0.00027000468203515395,0.0039301074217612105,inconclusive,-0.05097154434378248,-0.051907891562536196,-0.05003519712502877,supported,-0.04972858106575151,-0.05097401297501287,-0.04848314915649015,supported,-0.018058647260273952,-0.02016337992441405,-0.015953914596133854,-0.01988869863013698,-0.020396893719479305,-0.019380503540794656,utilization,inconclusive
H2B0178,S146,sobol_symmetric,0.8,0.5,64,21,21,0.5,0.5,0.1,0.1,0.1,20,0.10109083386958125,0.09952175021602919,0.0010908338695812397,0.00047824978397081885,0.0015690836535520586,True,-0.0011408390410958813,-0.0047063057628575706,0.002424627680665808,inconclusive,-0.10109083386958129,-0.10257073313353052,-0.09961093460563206,supported,-0.09952175021602923,-0.1008868930038867,-0.09815660742817175,supported,-0.04094392123287671,-0.044665927158096606,-0.03722191530765682,-0.03980308219178083,-0.04038631064758041,-0.039219853735981254,utilization,inconclusive
H2B0178,S146,sobol_symmetric,0.8,0.5,64,21,21,0.5,0.5,0.2,0.2,0.1974367131818268,20,0.20023181997092712,0.1963131024407355,0.0002318199709271107,0.003686897559264518,0.003918717530191629,True,-0.0018878424657534309,-0.004478311510725375,0.000702626579218513,inconclusive,-0.20023181997092715,-0.2020523878320288,-0.1984112521098255,supported,-0.1963131024407355,-0.19844041553569838,-0.1941857893457726,supported,-0.08040025684931507,-0.08313280466354257,-0.07766770903508756,-0.07851241438356164,-0.0794229827084735,-0.07760184605864978,utilization,inconclusive
H2B0179,S147,sobol_symmetric,2.0,0.1,32,14,14,0.3,0.3,0.05,0.0504944166648796,0.0726760330588289,20,0.05079908503518134,0.04951802592233852,0.000799085035181335,0.0004819740776614845,0.0012810591128428195,True,0.008792808219178072,0.0063946743290442375,0.011190942109311907,supported,-0.037302131206762644,-0.04333442185200805,-0.031269840561517236,supported,-0.049518025922338574,-0.05184690927313267,-0.047189142571544475,supported,-0.0011001712328767067,-0.0036941626104330543,0.001493820144679641,-0.009892979452054779,-0.010336227046393615,-0.009449731857715943,,supported
H2B0179,S147,sobol_symmetric,2.0,0.1,32,14,14,0.3,0.3,0.1,0.1,0.1453520661176578,20,0.1011002051976797,0.10031450250732665,0.001100205197679699,0.0003145025073266472,0.0007857026903530517,True,0.016151541095890416,0.013709613028573969,0.018593469163206863,supported,-0.0604825026320658,-0.06633320128326152,-0.054631803980870086,supported,-0.10031450250732668,-0.1042654977595492,-0.09636350725510416,supported,-0.003865582191780814,-0.006572065904265352,-0.0011590984792962762,-0.02001712328767123,-0.020738800029396296,-0.01929544654594616,,supported
H2B0179,S147,sobol_symmetric,2.0,0.1,32,14,14,0.3,0.3,0.2,0.1976172953407783,0.3013670741393645,20,0.19624971942279715,0.20550772181267368,0.0037502805772028636,0.0055077218126736716,0.009258002389876535,True,0.034370719178082175,0.0317642742018149,0.03697716415434945,supported,-0.1258003829502372,-0.130627570171707,-0.12097319572876741,supported,-0.2055077218126738,-0.21008195390776446,-0.20093348971758312,supported,-0.006750856164383557,-0.009350964798484206,-0.004150747530282908,-0.04112157534246573,-0.042099983426635366,-0.04014316725829609,,supported
H2B0180,S148,sobol_symmetric,4.0,0.9,32,28,28,0.0,0.0,0.05,0.1632935652297443,0.2069039122632181,20,0.04851566093140353,0.049941692503088914,0.00148433906859647,5.830749691108916e-05,0.0014260315716853808,True,0.18871575342465755,0.18719941037508098,0.1902320964742341,supported,-0.004776182557736261,-0.005782554162412328,-0.0037698109530601943,inconclusive,-0.049941692503088976,-0.05035952853265915,-0.049523856473518806,supported,0.0,0.0,0.0,-0.18871575342465755,-0.1902320964742341,-0.18719941037508098,balk_served,inconclusive
H2B0180,S148,sobol_symmetric,4.0,0.9,32,28,28,0.0,0.0,0.1,0.2634290684557187,0.4138078245264363,20,0.08757764297272733,0.09976565569238056,0.012422357027272679,0.00023434430761944125,0.012188012719653238,False,0.3765839041095891,0.37482028502794235,0.3783475231912358,supported,-0.008218587752080155,-0.009089854314067305,-0.007347321190093004,supported,-0.0997656556923806,-0.1002968807491247,-0.09923443063563651,supported,0.0,0.0,0.0,-0.3765839041095891,-0.3783475231912358,-0.37482028502794235,loss_matching_failed,inconclusive
H2B0180,S148,sobol_symmetric,4.0,0.9,32,28,28,0.0,0.0,0.2,0.3172655639307919,0.8276156490528725,0,0.1126254304693838,0.1993222005346408,,,0.0866967700652569,False,,,,inactive,,,,inactive,,,,inactive,,,,,,,target_unattainable,inactive
H2B0181,S149,sobol_symmetric,4.0,0.1,64,28,28,0.0,0.0,0.05,0.1047049596906681,0.1159432797448394,20,0.04851766060764784,0.04974485729148903,0.0014823393923521638,0.000255142708510972,0.0012271966838411918,True,0.009807363013698616,0.007935146493523563,0.01167957953387367,supported,-0.03806306647516117,-0.04079910512433199,-0.03532702782599034,supported,-0.04974485729148909,-0.05085607344342862,-0.048633641139549565,supported,-0.011119434931506869,-0.01318877517702776,-0.009050094685985978,-0.020926797945205487,-0.021474213790358385,-0.02037938210005259,,supported
H2B0181,S149,sobol_symmetric,4.0,0.1,64,28,28,0.0,0.0,0.1,0.2151221719524381,0.2318865594896788,20,0.10222589415766277,0.10015850004133324,0.002225894157662764,0.00015850004133323436,0.0020673941163295295,True,0.0194755993150685,0.01773100369304493,0.02122019493709207,supported,-0.08134724697495284,-0.08426631222716165,-0.07842818172274403,supported,-0.10015850004133328,-0.10161094683080749,-0.09870605325185908,supported,-0.022677654109589045,-0.02450451212811978,-0.020850796091058308,-0.04215325342465755,-0.042865551430701046,-0.04144095541861405,,supported
H2B0181,S149,sobol_symmetric,4.0,0.1,64,28,28,0.0,0.0,0.2,0.4101847169802741,0.4637731189793577,20,0.20069591373055876,0.20094997660967734,0.0006959137305587448,0.0009499766096773277,0.00025406287911858283,True,0.03785744863013698,0.03616924005903857,0.03954565720123539,supported,-0.15839847203207097,-0.1605432350579436,-0.15625370900619834,supported,-0.20094997660967745,-0.20294997437410636,-0.19894997884524854,supported,-0.046579623287671235,-0.048373974616660875,-0.044785271958681594,-0.08443707191780822,-0.08538316405570537,-0.08349097977991107,,supported
H2B0182,S150,sobol_symmetric,1.25,0.9,16,14,14,0.3,0.3,0.05,0.05,0.0624015165414268,20,0.049554789876749536,0.05071819233683121,0.00044521012325046683,0.0007181923368312082,0.001163402460081675,True,0.05704623287671231,0.05578198111649868,0.05831048463692594,supported,-0.004794195908758225,-0.010363404630589691,0.0007750128130732401,inconclusive,-0.050718192336831246,-0.05188381959032597,-0.04955256508333652,supported,-5.136986301370605e-05,-0.0001155867856122127,1.2847059584800595e-05,-0.057097602739726014,-0.058355743795617136,-0.05583946168383489,balk_served,inconclusive
H2B0182,S150,sobol_symmetric,1.25,0.9,16,14,14,0.3,0.3,0.1,0.1,0.1248030330828537,20,0.10055002772168556,0.10117205594921128,0.0005500277216855531,0.0011720559492112703,0.0006220282275257172,True,0.11369006849315069,0.11151337972526798,0.1158667572610334,supported,-0.014513343500971648,-0.019684449649285223,-0.009342237352658071,supported,-0.10117205594921133,-0.1032641360867031,-0.09907997581171957,supported,-0.00017123287671232945,-0.0003038108103957431,-3.8654943028915834e-05,-0.11386130136986301,-0.1160122147169664,-0.11171038802275962,,supported
H2B0182,S150,sobol_symmetric,1.25,0.9,16,14,14,0.3,0.3,0.2,0.2,0.2496060661657075,20,0.20098533335564492,0.20281231435206037,0.0009853333556449073,0.0028123143520603633,0.001826980996415456,True,0.21361301369863014,0.21028112117260866,0.21694490622465162,supported,-0.03147732743906044,-0.036476005183547336,-0.026478649694573544,supported,-0.20281231435206043,-0.20591649836491469,-0.19970813033920617,supported,-0.014674657534246582,-0.017222603992551495,-0.012126711075941668,-0.2282876712328767,-0.23163324145716765,-0.22494210100858572,,supported
H2B0183,S151,sobol_symmetric,0.8,0.3,64,21,21,0.5,0.5,0.05,0.05,0.05,20,0.05037095104249308,0.05037556836402628,0.0003709510424930798,0.00037556836402627414,4.61732153319433e-06,True,6.635273972601662e-05,-0.0023553980127941116,0.0024881034922461446,inconclusive,-0.05037095104249312,-0.05206448512071403,-0.048677416964272205,supported,-0.050375568364026325,-0.05162521506917708,-0.04912592165887557,supported,-0.012005565068493146,-0.014508901836920555,-0.009502228300065738,-0.012071917808219163,-0.012388896819037144,-0.011754938797401183,utilization,inconclusive
H2B0183,S151,sobol_symmetric,0.8,0.3,64,21,21,0.5,0.5,0.1,0.1027954807560335,0.0972727471945476,20,0.1037899989430316,0.09739096123636291,0.0037899989430316,0.002609038763637092,0.006399037706668692,True,-0.0008154965753424753,-0.00318323105905277,0.0015522379083678195,inconclusive,-0.10378999894303162,-0.10554688217395379,-0.10203311571210945,supported,-0.09739096123636296,-0.09889982333975643,-0.09588209913296948,supported,-0.024152397260273968,-0.026553411851978584,-0.021751382668569352,-0.02333690068493149,-0.02372660052874005,-0.022947200841122933,utilization,inconclusive
H2B0183,S151,sobol_symmetric,0.8,0.3,64,21,21,0.5,0.5,0.2,0.2,0.1959420716708233,20,0.2012605333721534,0.19485031897409014,0.0012605333721533996,0.005149681025909875,0.006410214398063274,True,-0.0013912671232876705,-0.003715343080337911,0.0009328088337625703,inconclusive,-0.20126053337215347,-0.20422004213001588,-0.19830102461429105,supported,-0.1948503189740902,-0.19665605892347326,-0.19304457902470712,supported,-0.048080051369863,-0.05039822740550709,-0.04576187533421891,-0.04668878424657532,-0.04718825247685507,-0.04618931601629557,utilization,inconclusive
H2B0184,S152,sobol_symmetric,2.0,0.7,16,7,7,0.1,0.1,0.05,0.0560510284916006,0.0894193009457327,20,0.04861629470794727,0.05085685794258772,0.0013837052920527351,0.0008568579425877187,0.002240563234640454,True,0.0640239726027397,0.061079931775625165,0.06696801342985424,supported,-0.00806983835791067,-0.013447707720294983,-0.0026919689955263544,supported,-0.05085685794258776,-0.05176615713992152,-0.04994755874525401,supported,-0.007320205479452074,-0.010364269613093205,-0.004276141345810943,-0.07134417808219178,-0.0725194760430193,-0.07016888012136425,,supported
H2B0184,S152,sobol_symmetric,2.0,0.7,16,7,7,0.1,0.1,0.1,0.1071611434012146,0.1788386018914654,20,0.0989702630861862,0.1003781933651062,0.0010297369138138057,0.00037819336510619417,0.0014079302789199999,True,0.12439212328767124,0.12082353934937332,0.12796070722596917,supported,-0.014458110501045823,-0.019105563268088672,-0.009810657734002973,supported,-0.10037819336510627,-0.10183743816474777,-0.09891894856546476,supported,-0.0162414383561644,-0.019704926471599042,-0.012777950240729759,-0.14063356164383561,-0.14272141722108136,-0.13854570606658986,,supported
H2B0184,S152,sobol_symmetric,2.0,0.7,16,7,7,0.1,0.1,0.2,0.2045667171196007,0.3653889944073792,20,0.19835794130540063,0.20370404134486558,0.0016420586945993798,0.003704041344865572,0.005346100039464952,True,0.2549143835616438,0.25214960604870257,0.25767916107458505,supported,-0.03214132681004021,-0.035851681693881,-0.028430971926199426,supported,-0.20370404134486564,-0.2061051990236055,-0.20130288366612578,supported,-0.030573630136986312,-0.033221422324495556,-0.027925837949477065,-0.2854880136986301,-0.2882209150027661,-0.2827551123944941,,supported
H2B0185,S153,sobol_symmetric,2.0,0.1,64,14,14,0.5,0.5,0.05,0.05,0.0729516899737055,20,0.04994760861986283,0.04829627109534486,5.2391380137170596e-05,0.001703728904655144,0.0016513375245179734,True,0.00821275684931506,0.00681669878970086,0.009608814908929262,supported,-0.029363721697445083,-0.03386959560765162,-0.024857847787238548,supported,-0.048296271095344914,-0.04972545165283439,-0.04686709053785544,supported,-0.0014576198630136983,-0.0028057502379365256,-0.00010948948809087105,-0.00967037671232876,-0.009970646483052846,-0.009370106941604674,,supported
H2B0185,S153,sobol_symmetric,2.0,0.1,64,14,14,0.5,0.5,0.1,0.0958070655212579,0.145903379947411,20,0.0950043203680429,0.09837661402644243,0.004995679631957101,0.0016233859735575729,0.0033722936583995278,True,0.01702482876712329,0.015404016082447118,0.018645641451799463,supported,-0.058060147107585,-0.06214919291834085,-0.05397110129682916,supported,-0.09837661402644247,-0.10083097181401239,-0.09592225623887256,supported,-0.002694777397260256,-0.004385764273256436,-0.001003790521264076,-0.019719606164383546,-0.020211960100438235,-0.019227252228328856,,supported
H2B0185,S153,sobol_symmetric,2.0,0.1,64,14,14,0.5,0.5,0.2,0.2,0.291806759894822,20,0.1984033061327994,0.19809518879520202,0.0015966938672005992,0.0019048112047979904,0.00030811733759739113,True,0.031967037671232865,0.030224945657821578,0.03370912968464415,supported,-0.12028938327063725,-0.12305770635169044,-0.11752106018958405,supported,-0.19809518879520205,-0.20183144191132954,-0.19435893567907456,supported,-0.007744006849315072,-0.009590568320586605,-0.005897445378043539,-0.03971104452054793,-0.04054368216843437,-0.038878406872661496,,supported
H2B0186,S154,sobol_symmetric,0.8,0.9,32,28,28,0.1,0.1,0.05,0.05,0.0475064840837067,20,0.049162522194680994,0.04732644373949205,0.0008374778053190091,0.002673556260507956,0.001836078455188947,True,0.0008133561643835496,-0.004692949913449938,0.006319662242217037,inconclusive,-0.04916252219468106,-0.05065337152441301,-0.04767167286494912,supported,-0.047326443739492144,-0.048563175619182476,-0.04608971185980181,supported,-0.03325342465753426,-0.03870940717299348,-0.02779744214207504,-0.03406678082191781,-0.034947633933480535,-0.033185927710355084,utilization,inconclusive
H2B0186,S154,sobol_symmetric,0.8,0.9,32,28,28,0.1,0.1,0.1,0.1,0.1,20,0.09781018590852887,0.10020322482701724,0.0021898140914711345,0.00020322482701723432,0.002393038918488369,True,-0.0023373287671232756,-0.007884285883163101,0.0032096283489165497,inconclusive,-0.09781018590852894,-0.09923697714376538,-0.0963833946732925,supported,-0.1002032248270173,-0.10247190732004136,-0.09793454233399324,supported,-0.07446489726027397,-0.07964684610296034,-0.0692829484175876,-0.07212756849315069,-0.07372769149291354,-0.07052744549338784,utilization,inconclusive
H2B0186,S154,sobol_symmetric,0.8,0.9,32,28,28,0.1,0.1,0.2,0.2052776045279638,0.2,20,0.20587072072832627,0.20019146753267164,0.005870720728326256,0.00019146753267162975,0.005679253195654627,True,-0.002097602739726051,-0.006318079273577313,0.002122873794125211,inconclusive,-0.20587072072832627,-0.20786922799967605,-0.20387221345697648,supported,-0.20019146753267164,-0.2024989372298742,-0.1978839978354691,supported,-0.1461986301369863,-0.15064049319143558,-0.14175676708253704,-0.14410102739726027,-0.14563031676883412,-0.14257173802568643,utilization,inconclusive
H2B0187,S155,sobol_symmetric,1.25,0.5,64,7,7,0.0,0.0,0.05,0.05,0.05,20,0.050124772314864306,0.050129415611348885,0.00012477231486430346,0.00012941561134888202,4.643296484578563e-06,True,-0.0008925513698629872,-0.005924371149603913,0.004139268409877938,inconclusive,-0.050124772314864355,-0.05117593629594916,-0.04907360833377955,supported,-0.05012941561134895,-0.051136109654723184,-0.04912272156797471,supported,-0.032187500000000015,-0.03727590233271055,-0.02709909766728948,-0.03129494863013703,-0.031953408749445925,-0.030636488510828133,utilization,inconclusive
H2B0187,S155,sobol_symmetric,1.25,0.5,64,7,7,0.0,0.0,0.1,0.1,0.1,20,0.1004014394156659,0.09957862198577924,0.00040143941566589403,0.0004213780142207635,0.0008228174298866575,True,0.0003595890410958702,-0.003319399234615195,0.0040385773168069355,inconclusive,-0.10040143941566597,-0.10197811762348512,-0.09882476120784682,supported,-0.09957862198577931,-0.10084214762825316,-0.09831509634330546,supported,-0.0618107876712329,-0.06580837988700433,-0.057813195455461465,-0.06217037671232879,-0.0630666718632633,-0.061274081561394286,utilization,inconclusive
H2B0187,S155,sobol_symmetric,1.25,0.5,64,7,7,0.0,0.0,0.2,0.1967745576239625,0.2,20,0.19741761079231632,0.19989085743734963,0.002582389207683694,0.00010914256265037725,0.002473246645033317,True,-0.00017765410958904272,-0.0029655539196536992,0.0026102457004756135,inconclusive,-0.19741761079231632,-0.1994024191951601,-0.19543280238947253,supported,-0.19989085743734972,-0.20134116031517804,-0.1984405545595214,supported,-0.12498287671232877,-0.12817761769366984,-0.12178813573098769,-0.12480522260273971,-0.1259411439299152,-0.12366930127556422,utilization,inconclusive
H2B0188,S156;X097,sobol_symmetric,3.1,0.5,16,21,21,0.3,0.3,0.05,0.05,0.154867212798321,20,0.04936246032718273,0.04924177257445238,0.0006375396728172736,0.0007582274255476251,0.00012068775273035154,True,0.06480308219178084,0.061905847137426764,0.06770031724613491,supported,-0.010063391366320834,-0.012557381500705999,-0.00756940123193567,supported,-0.049241772574452454,-0.05024013937418208,-0.04824340577472283,supported,-0.011515410958904081,-0.01408919842006264,-0.008941623497745523,-0.07631849315068488,-0.0777678061497352,-0.07486918015163456,,supported
H2B0188,S156;X097,sobol_symmetric,3.1,0.5,16,21,21,0.3,0.3,0.1,0.1,0.3215583481592086,20,0.10127419278278693,0.10313368342512612,0.001274192782786926,0.003133683425126113,0.0018594906423391871,True,0.1414982876712329,0.13829236422589364,0.14470421111657217,supported,-0.01918202860037649,-0.021317821190751596,-0.01704623601000138,supported,-0.10313368342512619,-0.10431415392831953,-0.10195321292193285,supported,-0.01839041095890408,-0.020983630962108965,-0.015797190955699196,-0.159888698630137,-0.16139558842929733,-0.15838180883097666,,supported
H2B0188,S156;X097,sobol_symmetric,3.1,0.5,16,21,21,0.3,0.3,0.2,0.2021551631986514,0.6194688511932842,20,0.20117164695414416,0.199852850516483,0.001171646954144151,0.0001471494835170173,0.0013187964376611683,True,0.2695205479452055,0.264861128868005,0.27417996702240605,supported,-0.03681771369951943,-0.039472721876560334,-0.03416270552247853,supported,-0.19985285051648302,-0.20172509928467727,-0.19798060174828877,supported,-0.04030821917808215,-0.04506210627182763,-0.03555433208433668,-0.3098287671232877,-0.3122446479297104,-0.30741288631686503,,supported
H2B0189,S157,sobol_symmetric,4.0,0.3,32,21,21,0.3,0.3,0.05,0.05,0.1595873042121385,20,0.05032442578915595,0.049850381440897706,0.00032442578915594517,0.00014961855910229638,0.00047404434825824154,True,0.05860873287671233,0.05643878733540035,0.06077867841802431,supported,-0.009876728468767448,-0.01185756394936575,-0.007895892988169145,supported,-0.04985038144089777,-0.05070580211101477,-0.04899496077078077,supported,-0.0013869863013698525,-0.0031559685354260337,0.00038199593268632855,-0.0599957191780822,-0.06103272518499329,-0.05895871317117111,,supported
H2B0189,S157,sobol_symmetric,4.0,0.3,32,21,21,0.3,0.3,0.1,0.1,0.319174608424277,20,0.10062177750334604,0.10081933258019274,0.0006217775033460354,0.0008193325801927331,0.0001975550768466977,True,0.11698630136986302,0.1143204272290962,0.11965217551062983,supported,-0.02038710069700779,-0.02247472540559809,-0.01829947598841749,supported,-0.10081933258019278,-0.10181350198846527,-0.09982516317192029,supported,-0.004357876712328757,-0.006647999456087191,-0.0020677539685703223,-0.1213441780821918,-0.12233656450041164,-0.12035179166397197,,supported
H2B0189,S157,sobol_symmetric,4.0,0.3,32,21,21,0.3,0.3,0.2,0.2,0.6383492168485541,20,0.19918649350912876,0.2022094575498193,0.0008135064908712519,0.002209457549819299,0.003022964040690551,True,0.23461900684931508,0.2319620271048766,0.23727598659375357,supported,-0.041691366413712884,-0.04352201590356484,-0.03986071692386093,supported,-0.20220945754981937,-0.20382190746620157,-0.20059700763343716,supported,-0.008608732876712316,-0.010842842600548783,-0.006374623152875851,-0.24322773972602735,-0.24472531410488216,-0.24173016534717254,,supported
H2B0190,S158,sobol_symmetric,1.25,0.7,32,7,7,0.0,0.0,0.05,0.0604028561787264,0.0626508374531841,20,0.049638293860478425,0.05082710742370824,0.00036170613952157815,0.0008271074237082357,0.0011888135632298139,True,0.03676369863013699,0.034528986630291233,0.038998410629982744,supported,-0.013988830728681423,-0.018677693697243362,-0.009299967760119484,supported,-0.05082710742370827,-0.05196890612883025,-0.0496853087185863,supported,-0.00779965753424659,-0.009855392568771004,-0.005743922499722178,-0.044563356164383575,-0.045538251350803194,-0.043588460977963955,,supported
H2B0190,S158,sobol_symmetric,1.25,0.7,32,7,7,0.0,0.0,0.1,0.111971687605661,0.1253016749063682,20,0.0971549974564231,0.10109598680760948,0.002845002543576905,0.0010959868076094725,0.0039409893511863775,True,0.07459332191780821,0.07222697952902166,0.07695966430659476,supported,-0.025902623366380155,-0.031363273070611604,-0.020441973662148703,supported,-0.10109598680760953,-0.10230477797828126,-0.0998871956369378,supported,-0.013886986301369881,-0.016072845025061174,-0.011701127577678588,-0.0884803082191781,-0.08948137418721998,-0.08747924225113622,,supported
H2B0190,S158,sobol_symmetric,1.25,0.7,32,7,7,0.0,0.0,0.2,0.211791619739627,0.2506033498127364,20,0.20085332883507728,0.2017494745014449,0.0008533288350772716,0.0017494745014448865,0.0008961456663676148,True,0.14991010273972605,0.147155274336239,0.15266493114321308,supported,-0.054848653701907245,-0.05909050005687651,-0.05060680734693798,supported,-0.20174947450144484,-0.2038832988817423,-0.19961565012114738,supported,-0.026391267123287675,-0.028517681613802828,-0.024264852632772522,-0.1763013698630137,-0.17794083542443467,-0.17466190430159273,,supported
H2B0191,S159,sobol_symmetric,0.8,0.3,16,28,28,0.1,0.1,0.05,0.05,0.0471629769599443,20,0.05006746450599527,0.04597126042425463,6.746450599526971e-05,0.0040287395757453714,0.004096204081740641,True,-0.0027311643835616407,-0.00668852089453543,0.0012261921274121482,inconclusive,-0.05006746450599531,-0.05219003063511338,-0.04794489837687724,supported,-0.04597126042425465,-0.04787826890213132,-0.04406425194637798,supported,-0.013715753424657534,-0.01776551145405532,-0.009665995395259749,-0.010984589041095894,-0.01148693050174447,-0.010482247580447317,utilization,inconclusive
H2B0191,S159,sobol_symmetric,0.8,0.3,16,28,28,0.1,0.1,0.1,0.1016256299374371,0.0933973447394221,20,0.10175381259537315,0.0938825230308811,0.001753812595373147,0.006117476969118907,0.007871289564492054,True,-0.005941780821917808,-0.009893549384295158,-0.001990012259540458,reversed,-0.10175381259537322,-0.10561404451017861,-0.09789358068056783,supported,-0.09388252303088114,-0.09667696036063916,-0.09108808570112312,supported,-0.02836472602739727,-0.03218897102691765,-0.024540481027876884,-0.02242294520547946,-0.023153501627716136,-0.021692388783242783,utilization,reversed
H2B0191,S159,sobol_symmetric,0.8,0.3,16,28,28,0.1,0.1,0.2,0.1995997368711589,0.1932438914001283,20,0.1997452868611715,0.19346023084492367,0.00025471313882852176,0.0065397691550763415,0.00628505601624782,True,-0.004049657534246564,-0.006747755043285366,-0.0013515600252077624,inconclusive,-0.19974528686117154,-0.2039242028575211,-0.19556637086482198,supported,-0.19346023084492367,-0.19736699103652944,-0.1895534706533179,supported,-0.050248287671232884,-0.05336982779430492,-0.04712674754816085,-0.046198630136986316,-0.04723950169415746,-0.045157758579815174,utilization,inconclusive
H2B0192,S160;X117,sobol_symmetric,3.1,0.7,64,14,14,0.5,0.5,0.05,0.05,0.1549475495932841,20,0.049997367283355854,0.04974728179750826,2.6327166441492134e-06,0.0002527182024917446,0.0002500854858475954,True,0.10802868150684933,0.10688136088609387,0.10917600212760478,supported,-0.0043955394429253,-0.005882649670395497,-0.002908429215455103,inconclusive,-0.0497472817975083,-0.050299151208561085,-0.049195412386455514,supported,0.0,0.0,0.0,-0.10802868150684933,-0.10917600212760478,-0.10688136088609387,balk_served,inconclusive
H2B0192,S160;X117,sobol_symmetric,3.1,0.7,64,14,14,0.5,0.5,0.1,0.1,0.3098950991865682,20,0.09986338785203235,0.09989112630826016,0.0001366121479676602,0.0001088736917398414,2.7738456227818786e-05,True,0.21694135273972606,0.2157865731528156,0.21809613232663652,supported,-0.009257630540490322,-0.010006341470442414,-0.00850891961053823,supported,-0.09989112630826022,-0.10047148082292175,-0.09931077179359869,supported,0.0,0.0,0.0,-0.21694135273972606,-0.21809613232663652,-0.2157865731528156,,supported
H2B0192,S160;X117,sobol_symmetric,3.1,0.7,64,14,14,0.5,0.5,0.2,0.2,0.6197901983731364,20,0.20026342862574703,0.19972439737640638,0.00026342862574701975,0.00027560262359363485,0.0005390312493406546,True,0.4337585616438355,0.43272545609935925,0.4347916671883118,supported,-0.022140312754031735,-0.02328199025859995,-0.02099863524946352,supported,-0.19972439737640643,-0.20022561264439215,-0.19922318210842072,supported,0.0,0.0,0.0,-0.4337585616438355,-0.4347916671883118,-0.43272545609935925,,supported
H2B0193,S161,sobol_symmetric,3.1,0.3,32,7,7,0.0,0.0,0.05,0.113373574525458,0.122165042227594,20,0.04927208506465644,0.04982274888199249,0.0007279149353435627,0.0001772511180075098,0.0005506638173360529,True,0.028270547945205497,0.02533182206897343,0.031209273821437563,supported,-0.028639729693443288,-0.030818598570069747,-0.02646086081681683,supported,-0.04982274888199255,-0.05091127153037669,-0.04873422623360841,supported,-0.018197773972602756,-0.021688466465381362,-0.01470708147982415,-0.04646832191780825,-0.04759574977544046,-0.045340894060176044,,supported
H2B0193,S161,sobol_symmetric,3.1,0.3,32,7,7,0.0,0.0,0.1,0.2239589198427628,0.244330084455188,20,0.09999113785470505,0.09967097642823888,8.862145294954993e-06,0.0003290235717611223,0.0003201614264661673,True,0.052037671232876746,0.04914783368597951,0.05492750877977398,supported,-0.061917776506861144,-0.06390105778652262,-0.059934495227199666,supported,-0.09967097642823892,-0.10133363664108361,-0.09800831621539424,supported,-0.0407234589041096,-0.04400321140419063,-0.03744370640402856,-0.09276113013698634,-0.09432054604257335,-0.09120171423139932,,supported
H2B0193,S161,sobol_symmetric,3.1,0.3,32,7,7,0.0,0.0,0.2,0.4217171982035829,0.4886601689103761,20,0.20639392250623625,0.19959012211179436,0.006393922506236244,0.00040987788820565085,0.0068038003944418946,True,0.1035402397260274,0.10100916829294611,0.10607131115910869,supported,-0.1261950961532341,-0.12896117767355145,-0.12342901463291676,supported,-0.19959012211179442,-0.2014104814578738,-0.19776976276571503,supported,-0.08210188356164387,-0.08493829575136083,-0.07926547137192691,-0.18564212328767127,-0.18738388208395704,-0.1839003644913855,,supported
H2B0194,S162,sobol_symmetric,1.25,0.7,32,21,21,0.3,0.3,0.05,0.05,0.0602198049644948,20,0.05076798681615088,0.050350845089090136,0.0007679868161508743,0.0003508450890901335,0.0004171417270607408,True,0.044208047945205484,0.04332696701822047,0.0450891288721905,supported,-0.01011135948500358,-0.013988742011259141,-0.006233976958748018,supported,-0.0503508450890902,-0.05136078565972317,-0.049340904518457226,supported,0.0,0.0,0.0,-0.044208047945205484,-0.0450891288721905,-0.04332696701822047,,supported
H2B0194,S162,sobol_symmetric,1.25,0.7,32,21,21,0.3,0.3,0.1,0.1,0.1204396099289896,20,0.10043281322288555,0.09981484774161642,0.00043281322288554747,0.0001851522583835863,0.0006179654812691338,True,0.08757277397260277,0.08617850536362452,0.08896704258158102,supported,-0.02326879918421973,-0.028466931242403067,-0.01807066712603639,supported,-0.09981484774161647,-0.1011554267489393,-0.09847426873429364,supported,0.0,0.0,0.0,-0.08757277397260277,-0.08896704258158102,-0.08617850536362452,,supported
H2B0194,S162,sobol_symmetric,1.25,0.7,32,21,21,0.3,0.3,0.2,0.2,0.2408792198579793,20,0.20060911966743541,0.1986474764660704,0.0006091196674354038,0.001352523533929617,0.001961643201365021,True,0.17211044520547944,0.17012420509199175,0.17409668531896713,supported,-0.054211855780897975,-0.05974837861823368,-0.04867533294356227,supported,-0.19864747646607045,-0.20045954343977082,-0.19683540949237008,supported,-0.0022773972602739777,-0.0032299236357928134,-0.0013248708847551419,-0.17438784246575345,-0.1761141125787586,-0.1726615723527483,,supported
H2B0195,S163,sobol_symmetric,2.0,0.3,64,14,14,0.5,0.5,0.05,0.05,0.0645989127224133,20,0.05013880377136996,0.04927982030653158,0.00013880377136995387,0.0007201796934684229,0.0008589834648383768,True,0.029554794520547906,0.028934397837802914,0.030175191203292897,supported,-0.021472718405406717,-0.024929375984475997,-0.018016060826337436,supported,-0.04927982030653163,-0.050254017672060655,-0.0483056229410026,supported,0.0,0.0,0.0,-0.029554794520547906,-0.030175191203292897,-0.028934397837802914,,supported
H2B0195,S163,sobol_symmetric,2.0,0.3,64,14,14,0.5,0.5,0.1,0.1,0.1291978254448267,20,0.1003894943340496,0.09870771278022024,0.00038949433404959766,0.001292287219779767,0.0016817815538293646,True,0.05920590753424657,0.05841690722049964,0.0599949078479935,supported,-0.042139546478503646,-0.04423100151966562,-0.04004809143734167,supported,-0.09870771278022028,-0.09995349117160457,-0.09746193438883599,supported,0.0,0.0,0.0,-0.05920590753424657,-0.0599949078479935,-0.05841690722049964,,supported
H2B0195,S163,sobol_symmetric,2.0,0.3,64,14,14,0.5,0.5,0.2,0.2,0.2630268247051547,20,0.19996753528820022,0.20117343812978833,3.24647117997956e-05,0.0011734381297883179,0.0012059028415881134,True,0.12066780821917808,0.11944933270076745,0.12188628373758871,supported,-0.09114320201113124,-0.09394876258320167,-0.08833764143906081,supported,-0.20117343812978836,-0.20285682642426262,-0.1994900498353141,supported,0.0,0.0,0.0,-0.12066780821917808,-0.12188628373758871,-0.11944933270076745,,supported
H2B0196,S164,sobol_symmetric,4.0,0.7,16,28,28,0.1,0.1,0.05,0.0539375579022391,0.1972467080963197,20,0.05135080639333761,0.0488486530672687,0.0013508063933376085,0.0011513469327312995,0.002502153326068908,True,0.13436643835616435,0.13147836170870925,0.13725451500361946,supported,-0.00415908786170389,-0.005253160922742327,-0.0030650148006654537,inconclusive,-0.04884865306726875,-0.049608063386562186,-0.04808924274797532,supported,-0.003630136986301402,-0.006418228697044745,-0.000842045275558059,-0.1379965753424658,-0.13995059114347885,-0.13604255954145272,balk_served,inconclusive
H2B0196,S164,sobol_symmetric,4.0,0.7,16,28,28,0.1,0.1,0.1,0.1036339836616126,0.3944934161926395,20,0.10130770570576927,0.09834151566907061,0.0013077057057692687,0.0016584843309293967,0.0029661900366986654,True,0.269931506849315,0.2668849425324499,0.2729780711661801,supported,-0.007620093579891145,-0.008748396340294558,-0.006491790819487732,supported,-0.09834151566907064,-0.09932857980379575,-0.09735445153434552,supported,-0.007585616438356207,-0.010031905242386153,-0.00513932763432626,-0.2775171232876712,-0.27997595392284547,-0.2750582926524969,,supported
H2B0196,S164,sobol_symmetric,4.0,0.7,16,28,28,0.1,0.1,0.2,0.2,0.788986832385279,20,0.19964339688866325,0.19750153126318837,0.00035660311133675626,0.002498468736811643,0.002141865625474887,True,0.5422859589041097,0.538770722384054,0.5458011954241654,supported,-0.016352273934473152,-0.018089752284203175,-0.01461479558474313,supported,-0.19750153126318842,-0.19863458278856733,-0.19636847973780952,supported,-0.014974315068493171,-0.01807499467642226,-0.011873635460564084,-0.5572602739726028,-0.5603847283218885,-0.5541358196233171,,supported
H2B0197,S165,sobol_symmetric,3.1,0.1,16,28,28,0.1,0.1,0.05,0.05,0.0570011716475613,20,0.05273314488323202,0.04948925980109562,0.002733144883232015,0.0005107401989043817,0.003243885082136397,True,0.015222602739726022,0.014570042849636264,0.01587516262981578,supported,-0.03657310920209311,-0.043688224917980495,-0.02945799348620573,supported,-0.04948925980109568,-0.05204401489923948,-0.04693450470295187,supported,0.0,0.0,0.0,-0.015222602739726022,-0.01587516262981578,-0.014570042849636264,,supported
H2B0197,S165,sobol_symmetric,3.1,0.1,16,28,28,0.1,0.1,0.1,0.091616161332579,0.1176292643186507,20,0.09239547247506717,0.10234465473064554,0.007604527524932833,0.0023446547306455318,0.009949182255578365,True,0.03158390410958904,0.030430319312947974,0.032737488906230114,supported,-0.06262176680812104,-0.06945526537962779,-0.05578826823661428,supported,-0.1023446547306456,-0.10602154116832221,-0.098667768292969,supported,-2.5684931506847473e-05,-7.944411098650907e-05,2.8074247972814126e-05,-0.031609589041095884,-0.032745434578078284,-0.030473743504113488,,supported
H2B0197,S165,sobol_symmetric,3.1,0.1,16,28,28,0.1,0.1,0.2,0.2,0.2319098823852969,20,0.2002970384881841,0.20070867798081715,0.00029703848818407597,0.0007086779808171406,0.00041163949263306465,True,0.06149828767123287,0.05970607453645503,0.0632905008060107,supported,-0.13619547359234624,-0.14200664916231562,-0.13038429802237686,supported,-0.20070867798081723,-0.20572124256281996,-0.19569611339881451,supported,-0.000428082191780832,-0.0009700574517593432,0.00011389306819767928,-0.06192636986301371,-0.06346903927234954,-0.06038370045367789,,supported
H2B0198,S166;X090,sobol_symmetric,1.25,0.9,32,14,14,0.5,0.5,0.05,0.05,0.0628160893183647,20,0.05035289526184313,0.05068787899832602,0.0003528952618431294,0.000687878998326015,0.0003349837364828856,True,0.05484589041095893,0.053410756948451966,0.05628102387346589,supported,-0.0021739452857963914,-0.006136175022522863,0.0017882844509300795,inconclusive,-0.05068787899832609,-0.05157142203862936,-0.04980433595802281,supported,-0.002234589041095897,-0.0032165146673935156,-0.0012526634147982784,-0.057080479452054834,-0.058111538057391256,-0.05604942084671841,balk_served,inconclusive
H2B0198,S166;X090,sobol_symmetric,1.25,0.9,32,14,14,0.5,0.5,0.1,0.1,0.1256321786367294,20,0.10068740687336801,0.10124194466182697,0.0006874068733680044,0.001241944661826963,0.0005545377884589586,True,0.11083047945205478,0.10893031679521471,0.11273064210889484,supported,-0.008544492033332601,-0.011994711224813461,-0.005094272841851742,supported,-0.10124194466182701,-0.10258808420111339,-0.09989580512254063,supported,-0.0032234589041096164,-0.004130065741995794,-0.0023168520662234385,-0.11405393835616437,-0.11561594238437885,-0.11249193432794989,,supported
H2B0198,S166;X090,sobol_symmetric,1.25,0.9,32,14,14,0.5,0.5,0.2,0.2,0.2568380200303728,20,0.19934565833175497,0.20691365150007784,0.0006543416682450454,0.006913651500077833,0.0075679931683228785,True,0.2224143835616438,0.21998646509418765,0.22484230202909997,supported,-0.020466404229489855,-0.023763919444550214,-0.017168889014429495,supported,-0.20691365150007787,-0.20880395926541828,-0.20502334373473746,supported,-0.01069349315068493,-0.012007742889775463,-0.009379243411594396,-0.23310787671232883,-0.23527741818154027,-0.23093833524311738,,supported
H2B0199,S167,sobol_symmetric,0.8,0.5,16,21,21,0.3,0.3,0.05,0.05,0.0462610798096371,20,0.05090306215629088,0.046929506973351374,0.0009030621562908792,0.0030704930266486283,0.0039735551829395074,True,0.0016780821917808109,-0.0031904073787078985,0.00654657176226952,inconclusive,-0.05090306215629094,-0.05251546583525387,-0.049290658477328005,supported,-0.046929506973351416,-0.0490017752196779,-0.044857238727024934,supported,-0.01705479452054795,-0.02234280962380527,-0.01176677941729063,-0.01873287671232876,-0.019636713326033763,-0.01782904009862376,utilization,inconclusive
H2B0199,S167,sobol_symmetric,0.8,0.5,16,21,21,0.3,0.3,0.1,0.1002939563443859,0.095811765352614,20,0.10130463035972184,0.09500668029110189,0.0013046303597218367,0.004993319708898117,0.0062979500686199535,True,-0.0006164383561643699,-0.004780070717377603,0.0035471940050488624,inconclusive,-0.10130463035972186,-0.10375087452521496,-0.09885838619422875,supported,-0.09500668029110193,-0.09803700619268038,-0.09197635438952348,supported,-0.03853595890410959,-0.042759885901443015,-0.03431203190677616,-0.03791952054794523,-0.03927790947389049,-0.03656113162199997,utilization,inconclusive
H2B0199,S167,sobol_symmetric,0.8,0.5,16,21,21,0.3,0.3,0.2,0.2,0.2,20,0.20166129291997362,0.19951348690229723,0.001661292919973606,0.0004865130977027843,0.0021478060176763902,True,0.0026626712328767232,-0.0011512360726429285,0.0064765785383963746,inconclusive,-0.20166129291997362,-0.2059429337332434,-0.19737965210670383,supported,-0.19951348690229728,-0.20385187276157019,-0.19517510104302438,supported,-0.07695205479452054,-0.08154714671599414,-0.07235696287304694,-0.07961472602739728,-0.08156381849759306,-0.07766563355720149,utilization,inconclusive
H2B0200,S168,sobol_symmetric,2.0,0.5,64,7,7,0.0,0.0,0.05,0.0719292026482554,0.074921709160231,20,0.050593727148996424,0.050130451498133846,0.0005937271489964216,0.00013045149813384338,0.0004632756508625782,True,0.03865154109589042,0.03627867794175196,0.04102440425002887,supported,-0.015867300023119098,-0.018753395603992185,-0.01298120444224601,supported,-0.0501304514981339,-0.05090843543126865,-0.049352467564999156,supported,-0.011449058219178087,-0.0137696953455558,-0.009128421092800374,-0.05010059931506851,-0.050829264232680436,-0.04937193439745658,,supported
H2B0200,S168,sobol_symmetric,2.0,0.5,64,7,7,0.0,0.0,0.1,0.1345342753901673,0.1498434183204621,20,0.09803763897573503,0.09990328981988797,0.0019623610242649747,9.671018011203625e-05,0.0018656508441529385,True,0.07652397260273973,0.07466337516330003,0.07838457004217943,supported,-0.03288116447071542,-0.03601247935392924,-0.029749849587501605,supported,-0.09990328981988802,-0.1009495144601836,-0.09885706517959245,supported,-0.023306934931506852,-0.025374391762742386,-0.021239478100271318,-0.09983090753424657,-0.10081671699826167,-0.09884509807023148,,supported
H2B0200,S168,sobol_symmetric,2.0,0.5,64,7,7,0.0,0.0,0.2,0.2473135077700514,0.2996868366409242,20,0.19843961737081975,0.20003395255837564,0.0015603826291802625,3.395255837562727e-05,0.0015943351875558898,True,0.15330265410958904,0.15142625167322046,0.15517905654595762,supported,-0.06698913854996864,-0.07001252040148308,-0.06396575669845421,supported,-0.2000339525583757,-0.2013995489071702,-0.19866835620958118,supported,-0.04671232876712329,-0.04889678756593584,-0.04452786996831075,-0.20001498287671232,-0.20109066297566305,-0.1989393027777616,,supported
H2B0201,S169,sobol_symmetric,2.0,0.1,16,14,14,0.3,0.3,0.05,0.0563070155506664,0.0598820936569671,20,0.05627165460294844,0.05676549139920843,0.006271654602948436,0.006765491399208429,0.0004938367962599929,True,0.01099315068493149,0.010021128856289429,0.011965172513573551,supported,-0.04578536592261783,-0.05335041185402267,-0.03822031999121299,supported,-0.0567654913992085,-0.0598520544108557,-0.0536789283875613,supported,-0.0003253424657534365,-0.0012379253087971532,0.0005872403772902802,-0.011318493150684927,-0.01191532043817869,-0.010721665863191164,,supported
H2B0201,S169,sobol_symmetric,2.0,0.1,16,14,14,0.3,0.3,0.1,0.1,0.1186812406514224,20,0.09698867925570595,0.10959955356496598,0.003011320744294055,0.009599553564965974,0.012610874309260028,False,0.02141267123287673,0.02015291922308568,0.02267242324266778,supported,-0.07295695247845688,-0.08247650730641543,-0.06343739765049833,supported,-0.10959955356496605,-0.11382782058306325,-0.10537128654686885,supported,-0.0004623287671232879,-0.0012323613949321256,0.00030770386068554995,-0.021875000000000016,-0.022796420307546663,-0.02095357969245337,loss_matching_failed,inconclusive
H2B0201,S169,sobol_symmetric,2.0,0.1,16,14,14,0.3,0.3,0.2,0.2,0.231337836073815,20,0.19668299378932821,0.21135260106835058,0.003317006210671797,0.011352601068350565,0.014669607279022362,False,0.040085616438356106,0.03878353040748454,0.04138770246922767,supported,-0.15182610258174006,-0.1623960381680296,-0.14125616699545052,supported,-0.21135260106835058,-0.21638505595664032,-0.20632014618006084,supported,-0.0020976027397260457,-0.0032231270519912083,-0.000972078427460883,-0.04218321917808215,-0.04335736616928732,-0.04100907218687697,loss_matching_failed,inconclusive
H2B0202,S170,sobol_symmetric,0.8,0.9,64,28,28,0.0,0.0,0.05,0.05,0.05,20,0.05029980199183372,0.05000614868605217,0.0002998019918337147,6.148686052163954e-06,0.00029365330578155074,True,0.0004430650684931481,-0.0035877848317374967,0.004473914968723793,inconclusive,-0.050299801991833745,-0.05101556117967573,-0.049584042803991764,supported,-0.05000614868605221,-0.050924724109489394,-0.04908757326261502,supported,-0.03549871575342467,-0.0395411872892235,-0.03145624421762584,-0.03594178082191782,-0.036603375315416714,-0.03528018632841892,utilization,inconclusive
H2B0202,S170,sobol_symmetric,0.8,0.9,64,28,28,0.0,0.0,0.1,0.1,0.1,20,0.1003990778478278,0.10048584199754929,0.00039907784782779177,0.00048584199754928004,8.676414972148827e-05,True,6.421232876724359e-06,-0.004366004956188314,0.004378847421941763,inconclusive,-0.10039907784782783,-0.10166974093138245,-0.0991284147642732,supported,-0.10048584199754935,-0.10154274326047903,-0.09942894073461968,supported,-0.07221746575342466,-0.07675171383402768,-0.06768321767282165,-0.0722238869863014,-0.07299599299062097,-0.07145178098198184,utilization,inconclusive
H2B0202,S170,sobol_symmetric,0.8,0.9,64,28,28,0.0,0.0,0.2,0.2,0.2,20,0.19973173787414156,0.20000341700754665,0.0002682621258584539,3.417007546635542e-06,0.0002716791334050894,True,0.00207405821917806,-0.002379118940445521,0.00652723537880164,inconclusive,-0.19973173787414158,-0.20136112444229654,-0.19810235130598663,supported,-0.2000034170075467,-0.201576057927138,-0.1984307760879554,supported,-0.1416823630136987,-0.1463500951310811,-0.13701463089631627,-0.1437564212328767,-0.14503652984830695,-0.14247631261744648,utilization,inconclusive
H2B0203,S171,sobol_symmetric,1.25,0.3,32,7,7,0.1,0.1,0.05,0.05,0.0501869446080565,20,0.052025368231002365,0.050460518117410855,0.0020253682310023627,0.0004605181174108519,0.0015648501135915108,True,0.004871575342465767,0.0012559414013944,0.008487209283537134,inconclusive,-0.04917610663198009,-0.05134405011867503,-0.04700816314528515,supported,-0.05046051811741094,-0.05209231579923744,-0.048828720435584436,supported,-0.014036815068493146,-0.01755859804704708,-0.010515032089939213,-0.018908390410958913,-0.019540516291065717,-0.01827626453085211,utilization,inconclusive
H2B0203,S171,sobol_symmetric,1.25,0.3,32,7,7,0.1,0.1,0.1,0.1,0.1003738892161131,20,0.1012368215587568,0.0999640398181704,0.00123682155875679,3.596018182960847e-05,0.0012727817405863984,True,0.0036172945205479256,0.0003583595984980787,0.006876229442597772,inconclusive,-0.09682788030848918,-0.09976514081439641,-0.09389061980258195,supported,-0.09996403981817045,-0.10223162793195938,-0.09769645170438153,supported,-0.03381421232876714,-0.03702420233824232,-0.03060422231929196,-0.037431506849315066,-0.0382628780810799,-0.03660013561755023,utilization,inconclusive
H2B0203,S171,sobol_symmetric,1.25,0.3,32,7,7,0.1,0.1,0.2,0.2,0.2043921953492912,20,0.2012085283805936,0.20301149471980956,0.0012085283805935987,0.0030114947198095487,0.00180296633921595,True,0.006053082191780798,0.004337229903678942,0.007768934479882654,supported,-0.1966187028701137,-0.20073170996647371,-0.1925056957737537,supported,-0.20301149471980962,-0.20592846703702822,-0.200094522402591,supported,-0.06998715753424661,-0.0720998011313082,-0.06787451393718502,-0.07604023972602743,-0.07706737117080914,-0.07501310828124572,,supported
H2B0204,S172,sobol_symmetric,4.0,0.7,64,21,21,0.5,0.5,0.05,0.05,0.1943619351130776,20,0.05014777711166356,0.05007493266686518,0.00014777711166355512,7.493266686517397e-05,7.284444479838115e-05,True,0.14027183219178083,0.13921824589074447,0.14132541849281718,supported,-0.0036417371118490057,-0.004677938243530663,-0.0026055359801673483,inconclusive,-0.05007493266686526,-0.05044851946243043,-0.04970134587130009,supported,0.0,0.0,0.0,-0.14027183219178083,-0.14132541849281718,-0.13921824589074447,balk_served,inconclusive
H2B0204,S172,sobol_symmetric,4.0,0.7,64,21,21,0.5,0.5,0.1,0.1,0.3887238702261553,20,0.1000708017564492,0.09982284804568461,7.080175644919029e-05,0.000177151954315391,0.0002479537107645813,True,0.2796810787671233,0.2778323062599594,0.28152985127428715,supported,-0.007121484861290192,-0.008037711210605538,-0.006205258511974846,supported,-0.09982284804568466,-0.10048849138287097,-0.09915720470849834,supported,0.0,0.0,0.0,-0.2796810787671233,-0.28152985127428715,-0.2778323062599594,,supported
H2B0204,S172,sobol_symmetric,4.0,0.7,64,21,21,0.5,0.5,0.2,0.2,0.7774477404523106,20,0.2001813444555896,0.20012621414461215,0.00018134445558959378,0.0001262141446121412,5.513031097745258e-05,True,0.5605779109589041,0.5591771451174374,0.5619786768003707,supported,-0.016766785356198615,-0.017612253988218578,-0.015921316724178652,supported,-0.2001262141446122,-0.2007175939659909,-0.19953483432323352,supported,0.0,0.0,0.0,-0.5605779109589041,-0.5619786768003707,-0.5591771451174374,,supported
H2B0205,S173,sobol_symmetric,4.0,0.5,64,21,21,0.5,0.5,0.05,0.05,0.1905109737061672,20,0.05022961317793817,0.05019620303223453,0.0002296131779381677,0.0001962030322345265,3.34101457036412e-05,True,0.0937093321917808,0.091763614908448,0.09565504947511361,supported,-0.005901970924974178,-0.006794972700954774,-0.0050089691489935825,supported,-0.05019620303223461,-0.05073793451400138,-0.049654471550467844,supported,-0.006697345890410966,-0.00853993972910117,-0.004854752051720761,-0.10040667808219177,-0.10152771681106838,-0.09928563935331515,,supported
H2B0205,S173,sobol_symmetric,4.0,0.5,64,21,21,0.5,0.5,0.1,0.1,0.3810219474123344,20,0.10005369589791498,0.10047035084015085,5.369589791497098e-05,0.00047035084015084605,0.00041665494223587507,True,0.18758775684931508,0.18587239620031373,0.18930311749831644,supported,-0.012775859705881071,-0.013841681350965864,-0.011710038060796278,supported,-0.10047035084015092,-0.10099543640259984,-0.099945265277702,supported,-0.013407534246575347,-0.014982140070961485,-0.01183292842218921,-0.2009952910958904,-0.2020996096650542,-0.1998909725267266,,supported
H2B0205,S173,sobol_symmetric,4.0,0.5,64,21,21,0.5,0.5,0.2,0.2,0.7620438948246688,20,0.20082033913208655,0.2002412799207649,0.0008203391320865394,0.0002412799207648919,0.0005790592113216475,True,0.3726990582191781,0.37085728548672375,0.37454083095163243,supported,-0.02743597984052849,-0.028080707567680354,-0.026791252113376626,supported,-0.20024127992076496,-0.20083313252779164,-0.19964942731373828,supported,-0.02799443493150685,-0.030053823925386896,-0.025935045937626803,-0.400693493150685,-0.40190957365278535,-0.3994774126485846,,supported
H2B0206,S174,sobol_symmetric,2.0,0.7,16,7,7,0.1,0.1,0.05,0.0530006302481494,0.0849749285067882,20,0.049754587409908936,0.04996918701326096,0.0002454125900910667,3.081298673904276e-05,0.00021459960335202394,True,0.06866438356164388,0.06651087486554604,0.07081789225774172,supported,-0.007651935395673886,-0.012076046468850138,-0.003227824322497635,supported,-0.04996918701326102,-0.05107506648178064,-0.048863307544741406,supported,-0.0011986301369862951,-0.0025136576585234388,0.0001163973845508487,-0.06986301369863017,-0.07142413700157162,-0.06830189039568872,,supported
H2B0206,S174,sobol_symmetric,2.0,0.7,16,7,7,0.1,0.1,0.1,0.1,0.1653577617454987,20,0.09544299838004469,0.09612443365608395,0.004557001619955314,0.0038755663439160593,0.000681435276039255,True,0.13065924657534242,0.12793966142584898,0.13337883172483586,supported,-0.013366310855144148,-0.017773892216862708,-0.008958729493425587,supported,-0.09612443365608403,-0.09767321736971539,-0.09457564994245267,supported,-0.003707191780821967,-0.005397090448162341,-0.0020172931134815933,-0.13436643835616438,-0.1365636259053848,-0.13216925080694397,,supported
H2B0206,S174,sobol_symmetric,2.0,0.7,16,7,7,0.1,0.1,0.2,0.2,0.3398997140271529,20,0.19892733968814907,0.19812984810229967,0.001072660311850937,0.001870151897700345,0.000797491585849408,True,0.27551369863013697,0.27223204712048243,0.2787953501397915,supported,-0.036706369202560506,-0.040956486926394746,-0.032456251478726265,supported,-0.19812984810229975,-0.20040071274225607,-0.19585898346234343,supported,-0.0016267123287671936,-0.0030803103516588584,-0.00017311430587552894,-0.2771404109589041,-0.27984554316138743,-0.2744352787564208,,supported
H2B0207,S175,sobol_symmetric,0.8,0.1,32,28,28,0.0,0.0,0.05,0.0621043438238587,0.0484690085176897,20,0.06184214177376764,0.04902735357916565,0.011842141773767634,0.0009726464208343541,0.012814788194601988,False,-6.849315068492845e-05,-0.0041300860720002094,0.003993099770630353,inconclusive,-0.0618421417737677,-0.06633889897367905,-0.05734538457385635,supported,-0.049027353579165725,-0.0521237168902162,-0.04593099026811525,supported,-0.003994006849315074,-0.008079615034938703,9.160133630855584e-05,-0.003925513698630145,-0.004166028698097585,-0.0036849986991627053,loss_matching_failed,inconclusive
H2B0207,S175,sobol_symmetric,0.8,0.1,32,28,28,0.0,0.0,0.1,0.1050591576170349,0.0919415748403083,20,0.11193107318596521,0.09110728629339801,0.011931073185965202,0.008892713706601996,0.020823786892567198,False,-0.0023544520547945256,-0.006975308051187455,0.0022664039415984036,inconclusive,-0.11193107318596522,-0.11655553400936101,-0.10730661236256943,supported,-0.09110728629339804,-0.09406155880489765,-0.08815301378189842,supported,-0.009653253424657537,-0.014302648244292756,-0.005003858605022319,-0.0072988013698630115,-0.007529488659530382,-0.007068114080195641,loss_matching_failed,inconclusive
H2B0207,S175,sobol_symmetric,0.8,0.1,32,28,28,0.0,0.0,0.2,0.2127049367828901,0.1954160583660902,20,0.2129279564311756,0.1920490887672579,0.012927956431175586,0.007950911232742108,0.020878867663917694,False,0.0023501712328767243,-0.0010299029963764788,0.005730245462129927,inconclusive,-0.21292795643117562,-0.2192364962705887,-0.20661941659176256,supported,-0.19204908876725793,-0.19663725440867616,-0.1874609231258397,supported,-0.013035102739726018,-0.01636701745766246,-0.009703188021789573,-0.015385273972602743,-0.015735101394955004,-0.015035446550250482,loss_matching_failed,inconclusive
H2B0208,S176,sobol_symmetric,3.1,0.9,32,14,14,0.3,0.3,0.05,0.05,0.1548601424697596,20,0.04991141549556,0.04959836389654397,8.858450443999938e-05,0.0004016361034560323,0.0003130515990160329,True,0.13748287671232884,0.13544097125341725,0.13952478217124042,supported,-0.001104729097262666,-0.0022542763363123507,4.481814178701861e-05,inconclusive,-0.04959836389654402,-0.05016632851285245,-0.04903039928023559,supported,-0.0010273972602739545,-0.0023095626048901573,0.0002547680843422481,-0.1385102739726028,-0.14012893849130947,-0.1368916094538961,balk_served,inconclusive
H2B0208,S176,sobol_symmetric,3.1,0.9,32,14,14,0.3,0.3,0.1,0.1,0.3097202849395192,20,0.10010143890257779,0.09955431721304135,0.00010143890257778565,0.0004456827869586538,0.0005471216895364395,True,0.2748202054794521,0.2724710659916586,0.27716934496724555,supported,-0.004041634584056814,-0.005161768544791241,-0.0029215006233223864,inconclusive,-0.0995543172130414,-0.10025909061055248,-0.09884954381553031,supported,-0.0030650684931506633,-0.00444436676867697,-0.0016857702176243565,-0.27788527397260276,-0.27993768490278625,-0.2758328630424193,balk_served,inconclusive
H2B0208,S176,sobol_symmetric,3.1,0.9,32,14,14,0.3,0.3,0.2,0.2,0.6194405698790384,20,0.20040285163845512,0.19924809595916226,0.00040285163845510397,0.0007519040408377475,0.0011547556792928515,True,0.5482748287671233,0.5465816242139298,0.5499680333203169,supported,-0.00892625625587753,-0.010298453245069351,-0.007554059266685709,supported,-0.19924809595916235,-0.2001391332759467,-0.198357058642378,supported,-0.008095034246575362,-0.00939366792961051,-0.006796400563540214,-0.5563698630136986,-0.5584060825265734,-0.5543336435008238,,supported
H2B0209,S177,sobol_symmetric,3.1,0.1,64,21,21,0.1,0.1,0.05,0.05,0.0746417393307662,20,0.050601433124177864,0.05078577692330506,0.0006014331241778609,0.0007857769233050593,0.00018434379912719845,True,0.012949486301369873,0.010908262775095911,0.014990709827643835,supported,-0.0312481257009051,-0.03456960315362318,-0.02792664824818702,supported,-0.05078577692330508,-0.05195316864375612,-0.04961838520285405,supported,-0.0028638698630136907,-0.00483826205125677,-0.0008894776747706114,-0.015813356164383563,-0.01616827962241441,-0.015458432706352715,,supported
H2B0209,S177,sobol_symmetric,3.1,0.1,64,21,21,0.1,0.1,0.1,0.1,0.1492834786615324,20,0.09971577296487733,0.10149563403624959,0.00028422703512268055,0.0014956340362495824,0.001779861071372263,True,0.02688998287671233,0.025034378166274983,0.02874558758714968,supported,-0.05850625024269844,-0.061658638598456786,-0.055353861886940095,supported,-0.10149563403624962,-0.1028114678395834,-0.10017980023291582,supported,-0.004663955479452042,-0.006509024184433019,-0.002818886774471066,-0.03155393835616437,-0.031994844324457365,-0.03111303238787138,,supported
H2B0209,S177,sobol_symmetric,3.1,0.1,64,21,21,0.1,0.1,0.2,0.1959663110977688,0.2985669573230648,20,0.19505312420143514,0.20285756061953117,0.00494687579856487,0.0028575606195311576,0.007804436418096028,True,0.05222174657534247,0.050278773620998266,0.05416471952968667,supported,-0.12221538055491558,-0.1260595640422592,-0.11837119706757196,supported,-0.20285756061953125,-0.2045770730434918,-0.2011380481955707,supported,-0.010946061643835613,-0.01307060354128721,-0.008821519746384017,-0.06316780821917808,-0.06367878096321883,-0.06265683547513734,,supported
H2B0210,S178,sobol_symmetric,0.8,0.9,16,7,7,0.5,0.5,0.05,0.05,0.0500039053346871,20,0.05019271645304098,0.0507237387506733,0.0001927164530409753,0.0007237387506732959,0.0005310222976323206,True,-0.004623287671232862,-0.01267409670684096,0.003427521364375237,inconclusive,-0.05020440519111433,-0.05192540847890028,-0.04848340190332839,supported,-0.05072373875067333,-0.05261518199346595,-0.048832295507880714,supported,-0.04142123287671233,-0.04995745186916514,-0.03288501388425952,-0.036797945205479465,-0.038265751649671505,-0.035330138761287426,utilization,inconclusive
H2B0210,S178,sobol_symmetric,0.8,0.9,16,7,7,0.5,0.5,0.1,0.1,0.1000078106693743,20,0.10161389899034493,0.10068815569515857,0.0016138989903449197,0.0006881556951585655,0.0009257432951863542,True,-0.0029280821917808232,-0.008406387369927954,0.0025502229863663085,inconclusive,-0.10160200838392404,-0.10446214226628198,-0.0987418745015661,supported,-0.10068815569515863,-0.10291978981431152,-0.09845652157600573,supported,-0.07595890410958905,-0.0821185066491742,-0.06979930157000391,-0.07303082191780823,-0.07480507012728001,-0.07125657370833645,utilization,inconclusive
H2B0210,S178,sobol_symmetric,0.8,0.9,16,7,7,0.5,0.5,0.2,0.2,0.2000156213387487,20,0.2011581333636215,0.19927437173701207,0.0011581333636214997,0.0007256282629879429,0.0018837616266094426,True,-0.005539383561643851,-0.011145002712334907,6.623558904720554e-05,inconclusive,-0.20114624275720067,-0.20390852038226262,-0.1983839651321387,supported,-0.19927437173701215,-0.20231417903121646,-0.19623456444280785,supported,-0.15006849315068496,-0.15615389473835478,-0.14398309156301514,-0.14452910958904114,-0.14675554380399822,-0.14230267537408406,utilization,inconclusive
H2B0211,S179,sobol_symmetric,2.0,0.5,64,28,28,0.3,0.3,0.05,0.05,0.100556121069749,20,0.049925357476673135,0.05028670551134945,7.464252332686772e-05,0.0002867055113494471,0.0003613480346763148,True,0.05043878424657537,0.0496164712468537,0.051261097246297044,supported,-0.012147028395647876,-0.013490410542625628,-0.010803646248670125,supported,-0.050286705511349505,-0.051087859412036946,-0.049485551610662065,supported,0.0,0.0,0.0,-0.05043878424657537,-0.051261097246297044,-0.0496164712468537,,supported
H2B0211,S179,sobol_symmetric,2.0,0.5,64,28,28,0.3,0.3,0.1,0.1,0.201112242139498,20,0.10104684894369038,0.10004603954663871,0.0010468489436903788,4.603954663870424e-05,0.0010008093970516746,True,0.1003125,0.09934331863133956,0.10128168136866043,supported,-0.026732867236708792,-0.028592286549545362,-0.02487344792387222,supported,-0.10004603954663875,-0.10092618843433913,-0.09916589065893837,supported,0.0,0.0,0.0,-0.1003125,-0.10128168136866043,-0.09934331863133956,,supported
H2B0211,S179,sobol_symmetric,2.0,0.5,64,28,28,0.3,0.3,0.2,0.2,0.402224484278996,20,0.20062709439120768,0.20062265591001038,0.0006270943912076721,0.0006226559100103723,4.438481197299726e-06,True,0.20104238013698633,0.19994573273261423,0.20213902754135843,supported,-0.05545593295057134,-0.05720302041360956,-0.05370884548753313,supported,-0.20062265591001038,-0.2015885257401478,-0.19965678607987297,supported,0.0,0.0,0.0,-0.20104238013698633,-0.20213902754135843,-0.19994573273261423,,supported
H2B0212,S180,sobol_symmetric,4.0,0.5,16,14,14,0.0,0.0,0.05,0.118544735784428,0.1305485667121904,20,0.0509371910047026,0.049933882916974134,0.0009371910047025964,6.611708302586838e-05,0.0010033080877284647,True,0.081875,0.07837742395500773,0.08537257604499228,supported,-0.012322552885353551,-0.014923591752267979,-0.009721514018439124,supported,-0.04993388291697417,-0.050635194590145066,-0.04923257124380327,supported,-0.01896404109589042,-0.021810120183733038,-0.016117962008047805,-0.10083904109589041,-0.10233264335422139,-0.09934543883755943,,supported
H2B0212,S180,sobol_symmetric,4.0,0.5,16,14,14,0.0,0.0,0.1,0.2134837814132024,0.2610971334243809,20,0.09859540146593179,0.10006158130364418,0.0014045985340682132,6.158130364417036e-05,0.0014661798377123836,True,0.1700770547945205,0.16638881800649208,0.17376529158254894,supported,-0.022052832153507,-0.02451651057743381,-0.01958915372958019,supported,-0.10006158130364422,-0.10110439013879606,-0.09901877246849237,supported,-0.03182363013698632,-0.03442438301015737,-0.029222877263815266,-0.20190068493150687,-0.20404410879634732,-0.19975726106666641,,supported
H2B0212,S180,sobol_symmetric,4.0,0.5,16,14,14,0.0,0.0,0.2,0.3466831458091819,0.5221942668487618,20,0.18261769552524035,0.1996868261512941,0.017382304474759663,0.00031317384870591103,0.017069130626053752,False,0.3431934931506849,0.34005678659031824,0.3463301997110516,supported,-0.04143933550474898,-0.04398623044013873,-0.03889244056935923,supported,-0.19968682615129413,-0.20095699477743623,-0.19841665752515203,supported,-0.059708904109589046,-0.06188444731406175,-0.05753336090511634,-0.402902397260274,-0.4050090093455536,-0.40079578517499437,loss_matching_failed,inconclusive
H2B0213,S181,sobol_symmetric,4.0,0.3,16,14,14,0.0,0.0,0.05,0.117599773300008,0.130664172442204,20,0.04792409462876211,0.04947696388386365,0.0020759053712378905,0.000523036116136355,0.0015528692551015355,True,0.04491438356164383,0.04164738076511826,0.048181386358169404,supported,-0.02770787873672727,-0.03076882998911007,-0.024646927484344473,supported,-0.0494769638838637,-0.05034278483959684,-0.04861114292813057,supported,-0.014965753424657524,-0.017812963534059447,-0.012118543315255604,-0.05988013698630135,-0.06097713735129029,-0.058783136621312404,,supported
H2B0213,S181,sobol_symmetric,4.0,0.3,16,14,14,0.0,0.0,0.1,0.2257489536611335,0.261328344884408,20,0.09746974435195356,0.0991023800076429,0.002530255648046445,0.0008976199923571015,0.0016326356556893434,True,0.08794520547945206,0.08536321961969523,0.09052719133920889,supported,-0.052112200125020644,-0.05625163635905036,-0.04797276389099093,supported,-0.09910238000764295,-0.1005838131606343,-0.09762094685465159,supported,-0.03213184931506848,-0.03478178532472335,-0.029481913305413616,-0.12007705479452054,-0.12183145001450892,-0.11832265957453215,,supported
H2B0213,S181,sobol_symmetric,4.0,0.3,16,14,14,0.0,0.0,0.2,0.4088238111355211,0.522656689768816,20,0.1943448879934329,0.1988744220270268,0.005655112006567098,0.0011255779729732185,0.004529534033593879,True,0.1796318493150685,0.17672704067568665,0.18253665795445037,supported,-0.10220491355203558,-0.1054786504131729,-0.09893117669089825,supported,-0.19887442202702682,-0.20088354053742913,-0.1968653035166245,supported,-0.06132705479452053,-0.06410380909163176,-0.05855030049740931,-0.24095890410958903,-0.24364297451963796,-0.2382748336995401,,supported
H2B0214,S182,sobol_symmetric,1.25,0.7,64,28,28,0.3,0.3,0.05,0.05,0.050053872174316,20,0.05003677433907172,0.0500998149749705,3.6774339071718454e-05,9.981497497049685e-05,6.30406358987784e-05,True,0.0011151541095890394,-0.0028892367778335717,0.0051195449970116505,inconclusive,-0.047858421341894705,-0.04923645593209158,-0.04648038675169783,supported,-0.05009981497497053,-0.05096868222714071,-0.049230947722800344,supported,-0.04287671232876712,-0.04667394223018773,-0.03907948242734651,-0.04399186643835616,-0.04474838309394962,-0.0432353497827627,utilization,inconclusive
H2B0214,S182,sobol_symmetric,1.25,0.7,64,28,28,0.3,0.3,0.1,0.1,0.1001077443486321,20,0.10054685163860408,0.0999274371973162,0.0005468516386040734,7.256280268380655e-05,0.0006194144412878799,True,-0.0001412671232876861,-0.003374642387486384,0.0030921081409110117,inconclusive,-0.09836849864142712,-0.09986945477250199,-0.09686754251035225,supported,-0.09992743719731625,-0.10120351888949353,-0.09865135550513898,supported,-0.08788955479452054,-0.0916223093009424,-0.08415680028809869,-0.08774828767123286,-0.08891822040278703,-0.08657835493967868,utilization,inconclusive
H2B0214,S182,sobol_symmetric,1.25,0.7,64,28,28,0.3,0.3,0.2,0.2,0.2002154886972643,20,0.19965943959878685,0.19992230453270085,0.00034056040121316355,7.769546729916033e-05,0.00026286493391400323,True,0.00032534246575343094,-0.0031319795065286485,0.00378266443803551,inconclusive,-0.19748108660160987,-0.1994663983348248,-0.19549577486839495,supported,-0.19992230453270093,-0.20163329080607775,-0.19821131825932412,supported,-0.17517765410958902,-0.17922118325623354,-0.1711341249629445,-0.17550299657534243,-0.17716960054248007,-0.1738363926082048,utilization,inconclusive
H2B0215,S183,sobol_symmetric,0.8,0.1,32,7,7,0.5,0.5,0.05,0.05,0.0416323375866137,20,0.05038473343483181,0.04140893758153146,0.00038473343483180766,0.008591062418468541,0.008975795853300349,True,-0.0022131849315068673,-0.00563921808415779,0.0012128482211440548,inconclusive,-0.05038473343483184,-0.053450749202544744,-0.04731871766711893,supported,-0.04140893758153153,-0.04559389395115172,-0.03722398121191134,supported,-0.0055436643835616636,-0.009024936749306203,-0.002062392017817124,-0.0033304794520547963,-0.0036864845795564196,-0.002974474324553173,utilization,inconclusive
H2B0215,S183,sobol_symmetric,0.8,0.1,32,7,7,0.5,0.5,0.1,0.0990658196647364,0.09267380526566,20,0.10199411358229268,0.09056789381812133,0.001994113582292678,0.009432106181878674,0.011426219764171353,False,-0.0007876712328767244,-0.004272721615560456,0.002697379149807007,inconclusive,-0.10199411358229274,-0.10617052355063492,-0.09781770361395056,supported,-0.09056789381812136,-0.0960403420018692,-0.08509544563437352,supported,-0.008065068493150685,-0.011395048154694522,-0.004735088831606849,-0.00727739726027396,-0.007761736113740875,-0.006793058406807045,loss_matching_failed,inconclusive
H2B0215,S183,sobol_symmetric,0.8,0.1,32,7,7,0.5,0.5,0.2,0.2251744123405234,0.1869374086702387,20,0.22631917252556666,0.1838105653107603,0.026319172525566648,0.016189434689239723,0.04250860721480637,False,-0.004229452054794525,-0.007989795585025394,-0.0004691085245636566,inconclusive,-0.22631917252556666,-0.23346989041566507,-0.21916845463546825,supported,-0.18381056531076032,-0.19077653273012518,-0.17684459789139545,supported,-0.01898116438356166,-0.022868049612460126,-0.015094279154663194,-0.014751712328767135,-0.015362465290517512,-0.014140959367016759,loss_matching_failed,inconclusive
H2B0216,S184,sobol_symmetric,2.0,0.9,32,21,21,0.1,0.1,0.05,0.05,0.0955062262474339,20,0.04971944325946749,0.050299673018466586,0.00028055674053251156,0.00029967301846658273,0.0005802297589990943,True,0.09088184931506847,0.0896706184001906,0.09209308022994635,supported,0.0002461844364263888,-0.0021384537208532614,0.0026308225937060393,inconclusive,-0.05029967301846664,-0.05099179021994303,-0.04960755581699025,supported,0.0,0.0,0.0,-0.09088184931506847,-0.09209308022994635,-0.0896706184001906,balk_served,inconclusive
H2B0216,S184,sobol_symmetric,2.0,0.9,32,21,21,0.1,0.1,0.1,0.1,0.1910124524948679,20,0.09998371811129514,0.09982141601168143,1.6281888704866576e-05,0.0001785839883185758,0.00016230209961370923,True,0.1801070205479452,0.17819088061333016,0.18202316048256023,supported,-0.002680207786208999,-0.00520591914250575,-0.0001544964299122478,inconclusive,-0.09982141601168146,-0.10099676245900639,-0.09864606956435652,supported,0.0,0.0,0.0,-0.1801070205479452,-0.18202316048256023,-0.17819088061333016,balk_served,inconclusive
H2B0216,S184,sobol_symmetric,2.0,0.9,32,21,21,0.1,0.1,0.2,0.2,0.3820249049897359,20,0.2007535585581718,0.19916569912730134,0.0007535585581718018,0.0008343008726986734,0.0015878594308704752,True,0.3593578767123287,0.35702493753339914,0.3616908158912583,supported,-0.009430047830218762,-0.012255732956880804,-0.006604362703556721,supported,-0.1991656991273014,-0.20057817237361894,-0.19775322588098385,supported,0.0,0.0,0.0,-0.3593578767123287,-0.3616908158912583,-0.35702493753339914,,supported
H2B0217,S185,sobol_symmetric,3.1,0.5,32,28,28,0.5,0.5,0.05,0.05,0.1536684604495987,20,0.050049572758406324,0.0493872405065076,4.957275840632158e-05,0.0006127594934924041,0.0006623322518987257,True,0.07665239726027401,0.07529443142317471,0.0780103630973733,supported,-0.007486867151627602,-0.009522769984967842,-0.005450964318287363,supported,-0.04938724050650765,-0.05021857780076997,-0.04855590321224532,supported,8.561643835602872e-06,-1.3577130592196747e-05,3.070041826340249e-05,-0.0766438356164384,-0.07800257908888766,-0.07528509214398912,,supported
H2B0217,S185,sobol_symmetric,3.1,0.5,32,28,28,0.5,0.5,0.1,0.1,0.3073369208991975,20,0.09970984238984339,0.09868168215639969,0.0002901576101566189,0.001318317843600314,0.0010281602334436951,True,0.1531335616438356,0.15158934279479985,0.15467778049287134,supported,-0.015178863961565623,-0.016907906846137022,-0.013449821076994224,supported,-0.09868168215639976,-0.09971793273486447,-0.09764543157793505,supported,1.7123287671205743e-05,6.790188544228733e-07,3.356755648798861e-05,-0.15311643835616445,-0.15466213402141613,-0.15157074269091278,,supported
H2B0217,S185,sobol_symmetric,3.1,0.5,32,28,28,0.5,0.5,0.2,0.2,0.614673841798395,20,0.19970752566803843,0.1975837974066451,0.0002924743319615841,0.002416202593354899,0.002123728261393315,True,0.3068022260273972,0.30424613135407325,0.30935832070072117,supported,-0.03407504061945948,-0.0361313859646026,-0.032018695274316354,supported,-0.1975837974066452,-0.1992520514199982,-0.1959155433932922,supported,1.7123287671205743e-05,6.790188544228733e-07,3.356755648798861e-05,-0.30678510273972603,-0.309343556804726,-0.30422664867472604,,supported
H2B0218,S186,sobol_symmetric,0.8,0.5,32,14,14,0.1,0.1,0.05,0.05,0.05,20,0.05024055092306924,0.05030117629851834,0.0002405509230692382,0.00030117629851833527,6.0625375449097074e-05,True,0.0024357876712328753,-0.0006035250357320837,0.005475100378197834,inconclusive,-0.050240550923069296,-0.05195444923602029,-0.0485266526101183,supported,-0.05030117629851838,-0.05208841328326898,-0.04851393931376778,supported,-0.017662671232876723,-0.020726481129627234,-0.014598861336126211,-0.0200984589041096,-0.020856153795642606,-0.019340764012576592,utilization,inconclusive
H2B0218,S186,sobol_symmetric,0.8,0.5,32,14,14,0.1,0.1,0.1,0.1,0.1,20,0.09977849762116917,0.10031768021225289,0.00022150237883084012,0.0003176802122528827,0.0005391825910837228,True,0.0033904109589041028,-0.0006674935139161292,0.007448315431724335,inconclusive,-0.0997784976211692,-0.10186807426332507,-0.09768892097901331,supported,-0.10031768021225299,-0.10252378242422577,-0.0981115780002802,supported,-0.036690924657534256,-0.0412017878785444,-0.03218006143652411,-0.04008133561643836,-0.04108903148361998,-0.03907363974925674,utilization,inconclusive
H2B0218,S186,sobol_symmetric,0.8,0.5,32,14,14,0.1,0.1,0.2,0.2,0.1957777745202563,20,0.1991495529368524,0.19622377703088328,0.0008504470631476024,0.003776222969116727,0.0029257759059691246,True,-0.00043236301369864173,-0.004067031788715038,0.0032023057613177544,inconclusive,-0.1991495529368524,-0.201234078398667,-0.19706502747503782,supported,-0.19622377703088328,-0.19905588312016004,-0.19339167094160653,supported,-0.07881849315068497,-0.08254452189282796,-0.07509246440854198,-0.0783861301369863,-0.07970426900708194,-0.07706799126689065,utilization,inconclusive
H2B0219,S187,sobol_symmetric,1.25,0.1,16,21,21,0.0,0.0,0.05,0.05,0.0529988372677971,20,0.04650134418380721,0.04826649545840612,0.0034986558161927903,0.0017335045415938846,0.0017651512745989056,True,0.003493150684931523,-0.0011635399020786907,0.008149841271941736,inconclusive,-0.04392920339190563,-0.05812477089782848,-0.02973363588598279,supported,-0.04826649545840615,-0.05163645410332359,-0.044896536813488715,supported,-0.0024914383561643718,-0.007177512204530764,0.002194635492202021,-0.005984589041095894,-0.006445670474770446,-0.005523507607421343,utilization,inconclusive
H2B0219,S187,sobol_symmetric,1.25,0.1,16,21,21,0.0,0.0,0.1,0.1,0.112173608210115,20,0.09394309703858406,0.10134262310905846,0.00605690296141595,0.0013426231090584578,0.007399526070474408,True,0.007388698630136992,0.0029041837875803883,0.011873213472693597,supported,-0.08394800637583763,-0.09485998441536309,-0.07303602833631218,supported,-0.10134262310905848,-0.1069120772772765,-0.09577316894084045,supported,-0.00524828767123287,-0.00990228266756846,-0.000594292674897281,-0.012636986301369862,-0.013413357832631475,-0.01186061477010825,,supported
H2B0219,S187,sobol_symmetric,1.25,0.1,16,21,21,0.0,0.0,0.2,0.2039348801893745,0.2239260134831767,20,0.1938531462695667,0.2020531222449911,0.006146853730433305,0.0020531222449911013,0.008199975975424406,True,0.019537671232876717,0.014901313237987086,0.024174029227766347,supported,-0.16611386866231764,-0.17828139606077723,-0.15394634126385806,supported,-0.20205312224499114,-0.20999273892210976,-0.19411350556787252,supported,-0.005462328767123281,-0.010312684258064128,-0.0006119732761824346,-0.025,-0.026168006212979517,-0.023831993787020486,,supported
H2B0220,S188,sobol_symmetric,3.1,0.9,64,7,7,0.3,0.3,0.05,0.0576601981080266,0.1500936815449285,20,0.0510484129892261,0.050236388385983634,0.0010484129892260954,0.00023638838598363104,0.0008120246032424644,True,0.13992294520547943,0.138553901186387,0.14129198922457187,supported,-0.0017338941970679006,-0.0026125396668897497,-0.0008552487272460514,inconclusive,-0.050236388385983675,-0.05070641213010119,-0.04976636464186616,supported,-0.00013698630136986246,-0.0002776965475233394,3.7239447836145067e-06,-0.14005993150684926,-0.14142774355604976,-0.13869211945764875,balk_served,inconclusive
H2B0220,S188,sobol_symmetric,3.1,0.9,64,7,7,0.3,0.3,0.1,0.1102006651835531,0.3001873630898571,20,0.1020275551203956,0.10030655838372841,0.0020275551203955966,0.0003065583837284086,0.001720996736667188,True,0.27929794520547946,0.27806083839776796,0.28053505201319096,supported,-0.002951451754607437,-0.0036724818121813703,-0.002230421697033504,inconclusive,-0.10030655838372846,-0.10069223952428528,-0.09992087724317163,supported,-0.00025898972602740323,-0.00045544917141567546,-6.2530280639131e-05,-0.27955693493150685,-0.28072188899251876,-0.27839198087049494,balk_served,inconclusive
H2B0220,S188,sobol_symmetric,3.1,0.9,64,7,7,0.3,0.3,0.2,0.203486088571664,0.6003747261797142,20,0.2018404185601487,0.2001714607491915,0.0018404185601486878,0.00017146074919149878,0.001668957810957189,True,0.5575749143835617,0.5558215252441353,0.559328303522988,supported,-0.006719481134203123,-0.00748318398635648,-0.005955778282049766,supported,-0.20017146074919157,-0.20079186998628995,-0.19955105151209318,supported,-0.00046874999999999,-0.0006577557278959858,-0.00027974427210399424,-0.5580436643835618,-0.5598123181680401,-0.5562750105990835,,supported
H2B0221,S189,sobol_symmetric,4.0,0.3,64,7,7,0.3,0.3,0.05,0.0537069687078224,0.1617663853059321,20,0.051230168613616164,0.04971563531387457,0.0012301686136161616,0.00028436468612542953,0.0015145332997415911,True,0.05385702054794521,0.051849921710380005,0.05586411938551041,supported,-0.008790855068213343,-0.010551258084793637,-0.00703045205163305,supported,-0.049715635313874615,-0.05038465367383344,-0.04904661695391579,supported,-0.005946061643835604,-0.007781768238371099,-0.004110355049300109,-0.05980308219178082,-0.06053483483201142,-0.05907132955155022,,supported
H2B0221,S189,sobol_symmetric,4.0,0.3,64,7,7,0.3,0.3,0.1,0.1009991022657916,0.3235327706118642,20,0.09862782361815824,0.0993148917671475,0.0013721763818417693,0.0006851082328525049,0.0006870681489892644,True,0.10669734589041095,0.10418902652939614,0.10920566525142576,supported,-0.01890934590158545,-0.02077361578681985,-0.01704507601635105,supported,-0.09931489176714756,-0.10017133627932343,-0.09845844725497169,supported,-0.012726883561643837,-0.015124345201248817,-0.010329421922038857,-0.11942422945205478,-0.12042091687246352,-0.11842754203164603,,supported
H2B0221,S189,sobol_symmetric,4.0,0.3,64,7,7,0.3,0.3,0.2,0.2033633543792552,0.6470655412237284,20,0.20211856857886934,0.198787326916345,0.0021185685788693287,0.0012126730836550248,0.0033312416625243535,True,0.2146382705479452,0.21278283434341658,0.21649370675247384,supported,-0.03998066214644301,-0.04205756605705095,-0.03790375823583507,supported,-0.19878732691634501,-0.19996241393296021,-0.1976122398997298,supported,-0.024353595890410952,-0.026136099116607626,-0.022571092664214278,-0.23899186643835618,-0.24013990127735096,-0.2378438315993614,,supported
H2B0222,S190;X057,sobol_symmetric,2.0,0.7,16,21,21,0.0,0.0,0.05,0.0816100853878786,0.0878482320302687,20,0.05235868849476053,0.050505890100911666,0.002358688494760529,0.0005058901009116629,0.001852798393848866,True,0.07105308219178083,0.0691932661037233,0.07291289827983836,supported,-0.009385029513679605,-0.013213997860829156,-0.005556061166530055,supported,-0.050505890100911735,-0.051601762848827934,-0.049410017352995536,supported,-0.0019520547945205192,-0.0028939827420158626,-0.0010101268470251758,-0.07300513698630133,-0.0745661033029314,-0.07144417066967126,,supported
H2B0222,S190;X057,sobol_symmetric,2.0,0.7,16,21,21,0.0,0.0,0.1,0.1504438934069731,0.1756964640605374,20,0.10224421232511616,0.10014928793334925,0.0022442123251161517,0.00014928793334924306,0.0020949243917669086,True,0.14126712328767127,0.13854002585629338,0.14399422071904916,supported,-0.014478122209571963,-0.018943441994542266,-0.01001280242460166,supported,-0.10014928793334929,-0.10163814822750364,-0.09866042763919494,supported,-0.002808219178082161,-0.0037717887862335183,-0.0018446495699308034,-0.14407534246575343,-0.14620698532072857,-0.1419436996107783,,supported
H2B0222,S190;X057,sobol_symmetric,2.0,0.7,16,21,21,0.0,0.0,0.2,0.2530544472857758,0.3513929281210748,20,0.19313812833515703,0.2011079306195651,0.006861871664842978,0.0011079306195651006,0.007969802284408078,True,0.28285958904109587,0.27911821069725756,0.2866009673849342,supported,-0.02422288868516693,-0.026810676304915806,-0.021635101065418057,supported,-0.20110793061956517,-0.2032168141472772,-0.19899904709185312,supported,-0.005976027397260264,-0.007331034149933127,-0.004621020644587401,-0.2888356164383562,-0.291972616636167,-0.2856986162405454,,supported
H2B0223,S191;X033,sobol_symmetric,1.25,0.3,64,14,14,0.1,0.1,0.05,0.05,0.0621650076363529,20,0.050568956560345754,0.05042073945614841,0.0005689565603457514,0.0004207394561484071,0.0001482171041973443,True,0.015256849315068466,0.013379353683496825,0.017134344946640106,supported,-0.028300681851113563,-0.03336899876279962,-0.023232364939427506,supported,-0.050420739456148465,-0.05156431209463042,-0.04927716681766651,supported,-0.0036258561643835617,-0.005541996098998581,-0.0017097162297685423,-0.018882705479452026,-0.019345538437572456,-0.018419872521331596,,supported
H2B0223,S191;X033,sobol_symmetric,1.25,0.3,64,14,14,0.1,0.1,0.1,0.1,0.1243300152727059,20,0.09997208390835241,0.09984631961747252,2.791609164759512e-05,0.00015368038252748517,0.00012576429087989005,True,0.029910102739726035,0.027897032091526126,0.03192317338792594,supported,-0.05558341423924764,-0.05877597371265249,-0.05239085476584279,supported,-0.09984631961747256,-0.10088130749477671,-0.09881133174016841,supported,-0.007470034246575319,-0.009363709568622753,-0.005576358924527885,-0.037380136986301354,-0.03778091860051309,-0.03697935537208962,,supported
H2B0223,S191;X033,sobol_symmetric,1.25,0.3,64,14,14,0.1,0.1,0.2,0.2,0.2447471538057197,20,0.20031544576569593,0.19398576482907867,0.00031544576569592087,0.006014235170921339,0.00632968093661726,True,0.058124999999999996,0.05681065381660578,0.059439346183394214,supported,-0.11966873290829816,-0.12319676063989728,-0.11614070517669904,supported,-0.19398576482907867,-0.1958299443950243,-0.19214158526313305,supported,-0.014578339041095878,-0.016311075533729312,-0.012845602548462443,-0.07270333904109587,-0.07342043087436168,-0.07198624720783006,,supported
H2B0224,S192;X066,sobol_symmetric,3.1,0.7,16,28,28,0.5,0.5,0.05,0.05,0.1406354953400835,20,0.05068384968114076,0.05044015127011103,0.0006838496811407552,0.0004401512701110305,0.00024369841102972467,True,0.10363869863013697,0.1003282427785606,0.10694915448171334,supported,-0.00272700761199407,-0.005512551348619993,5.8536124631853106e-05,inconclusive,-0.050440151270111075,-0.0510603659219685,-0.04981993661825365,supported,-0.006078767123287698,-0.00904654764848467,-0.0031109865980907263,-0.1097174657534247,-0.1110939981500269,-0.10834093335682249,balk_served,inconclusive
H2B0224,S192;X066,sobol_symmetric,3.1,0.7,16,28,28,0.5,0.5,0.1,0.1,0.2812709906801671,20,0.10089015251537718,0.09967323346604276,0.0008901525153771767,0.00032676653395724564,0.0012169190493344223,True,0.20369006849315072,0.20075389433265028,0.20662624265365115,supported,-0.010030429303291863,-0.012351287335592548,-0.0077095712709911775,supported,-0.09967323346604282,-0.100745097351112,-0.09860136958097362,supported,-0.013082191780821933,-0.015994429539850884,-0.010169954021792982,-0.21677226027397262,-0.2189187688922556,-0.21462575165568964,,supported
H2B0224,S192;X066,sobol_symmetric,3.1,0.7,16,28,28,0.5,0.5,0.2,0.2,0.5625419813603342,20,0.20014064330837372,0.1996608495871651,0.0001406433083737113,0.0003391504128349154,0.00047979372120862673,True,0.4120976027397261,0.40892623745862294,0.4152689680208293,supported,-0.020159511345486953,-0.022563466208188224,-0.01775555648278568,supported,-0.19966084958716518,-0.2013356753685415,-0.19798602380578886,supported,-0.02190924657534249,-0.024682249018598328,-0.01913624413208665,-0.4340068493150685,-0.4369822397068286,-0.4310314589233084,,supported
H2B0225,S193,sobol_symmetric,3.1,0.5,64,14,14,0.3,0.3,0.05,0.05,0.1010892967670994,20,0.04996904565343015,0.05037479372407028,3.095434656985585e-05,0.0003747937240702742,0.0004057480706401301,True,0.074642551369863,0.07339502238787904,0.07589008035184697,supported,-0.0065853250285379085,-0.00850043642746949,-0.004670213629606326,supported,-0.05037479372407033,-0.05086572550437569,-0.04988386194376498,supported,-0.003450342465753481,-0.004365906760131559,-0.002534778171375402,-0.07809289383561648,-0.07888564455413487,-0.07730014311709808,,supported
H2B0225,S193,sobol_symmetric,3.1,0.5,64,14,14,0.3,0.3,0.1,0.1,0.2021785935341988,20,0.10042165025895719,0.10078332510233319,0.00042165025895718466,0.000783325102333185,0.0003616748433760003,True,0.15021404109589045,0.14856255064102245,0.15186553155075846,supported,-0.012409109330145513,-0.014070080216440004,-0.010748138443851023,supported,-0.10078332510233326,-0.10131436825376024,-0.10025228195090628,supported,-0.00608518835616439,-0.007281436066072873,-0.004888940646255906,-0.15629922945205482,-0.15717803377416473,-0.15542042512994492,,supported
H2B0225,S193,sobol_symmetric,3.1,0.5,64,14,14,0.3,0.3,0.2,0.2,0.4043571870683976,20,0.20019092508397113,0.20092444903140594,0.0001909250839711163,0.0009244490314059273,0.000733523947434811,True,0.2987778253424657,0.29668581643294994,0.3008698342519815,supported,-0.026916847072315564,-0.028299095093816375,-0.025534599050814753,supported,-0.200924449031406,-0.20179774283682286,-0.20005115522598912,supported,-0.012761130136986331,-0.013846850843812448,-0.011675409430160214,-0.3115389554794521,-0.31289829082285536,-0.31017962013604883,,supported
H2B0226,S194,sobol_symmetric,1.25,0.5,16,28,28,0.0,0.0,0.05,0.05,0.0500224091890063,20,0.05033392541932017,0.04952407795929788,0.00033392541932016767,0.00047592204070212585,0.0008098474600222935,True,0.030410958904109588,0.029679512355594125,0.03114240545262505,supported,-0.05014357242497734,-0.051844878197076984,-0.0484422666528777,supported,-0.04952407795929793,-0.05081046849411654,-0.04823768742447933,supported,0.0,0.0,0.0,-0.030410958904109588,-0.03114240545262505,-0.029679512355594125,,supported
H2B0226,S194,sobol_symmetric,1.25,0.5,16,28,28,0.0,0.0,0.1,0.1,0.1000448183780126,20,0.09885658768036262,0.09738020339596995,0.0011434123196373824,0.0026197966040300558,0.0014763842843926733,True,0.0600513698630137,0.05873016214864424,0.06137257757738317,supported,-0.0986103257394068,-0.1011238545153867,-0.09609679696342689,supported,-0.09738020339596998,-0.0996588998744967,-0.09510150691744325,supported,0.0,0.0,0.0,-0.0600513698630137,-0.06137257757738317,-0.05873016214864424,,supported
H2B0226,S194,sobol_symmetric,1.25,0.5,16,28,28,0.0,0.0,0.2,0.207255549514677,0.1974909402386162,20,0.20975799969241313,0.19414406218199898,0.009757999692413116,0.0058559378180010335,0.01561393751041415,False,0.11982876712328767,0.11787134646360002,0.12178618778297533,supported,-0.2094859827064605,-0.21232924120095167,-0.2066427242119693,supported,-0.19414406218199906,-0.19677187642682872,-0.1915162479371694,supported,0.0,0.0,0.0,-0.11982876712328767,-0.12178618778297533,-0.11787134646360002,loss_matching_failed,inconclusive
H2B0227,S195,sobol_symmetric,2.0,0.1,32,7,7,0.1,0.1,0.05,0.05,0.0677697234662242,20,0.04913123435611894,0.04849756088079807,0.0008687656438810601,0.0015024391192019343,0.0006336734753208742,True,0.01671232876712327,0.01222490353401278,0.02119975400023376,supported,-0.03648261785212561,-0.04368690513510116,-0.029278330569150062,supported,-0.04849756088079814,-0.05032400119083351,-0.04667112057076277,supported,0.00687499999999997,0.002370142530001374,0.011379857469998565,-0.009837328767123298,-0.010149580491783114,-0.009525077042463482,,supported
H2B0227,S195,sobol_symmetric,2.0,0.1,32,7,7,0.1,0.1,0.1,0.1056278879824528,0.1355394469324485,20,0.10799782520042148,0.09845703150986615,0.007997825200421471,0.0015429684901338558,0.009540793690555327,True,0.029340753424657518,0.025303273088541717,0.03337823376077332,supported,-0.08049404168334759,-0.08742089121022334,-0.07356719215647184,supported,-0.0984570315098662,-0.10179397773138765,-0.09512008528834476,supported,0.009400684931506836,0.005454004745163607,0.013347365117850066,-0.019940068493150682,-0.02056312239510578,-0.019317014591195582,,supported
H2B0227,S195,sobol_symmetric,2.0,0.1,32,7,7,0.1,0.1,0.2,0.1979323811897932,0.2787474280224952,20,0.200910207000496,0.20411463719872058,0.0009102070004959883,0.004114637198720572,0.0032044301982245837,True,0.06798373287671235,0.0626064557949843,0.07336100995844039,supported,-0.14570509770957346,-0.1512258481756534,-0.14018434724349352,supported,-0.20411463719872067,-0.20832385092412098,-0.19990542347332035,supported,0.02669520547945206,0.02159976031914531,0.03179065063975881,-0.04128852739726028,-0.042136531550421276,-0.04044052324409928,,supported
H2B0228,S196,sobol_symmetric,4.0,0.9,16,21,21,0.5,0.5,0.05,0.05,0.1959539519565467,20,0.0504894416836099,0.04979563695852659,0.000489441683609898,0.00020436304147341405,0.0006938047250833121,True,0.17622431506849315,0.1738924628110554,0.1785561673259309,supported,-0.001294739836887804,-0.0029541574949700274,0.0003646778211944194,inconclusive,-0.04979563695852666,-0.05043089188547629,-0.04916038203157703,supported,-0.003373287671232883,-0.005232672058176517,-0.0015139032842892489,-0.17959760273972605,-0.18191433045711505,-0.17728087502233705,balk_served,inconclusive
H2B0228,S196,sobol_symmetric,4.0,0.9,16,21,21,0.5,0.5,0.1,0.1,0.3919079039130934,20,0.10117479418370327,0.09960692672400046,0.0011747941837032677,0.00039307327599955033,0.001567867459702818,True,0.3523116438356165,0.349150503139667,0.35547278453156594,supported,-0.0030022460541914695,-0.004155893342176108,-0.001848598766206831,inconclusive,-0.09960692672400052,-0.10026664883283985,-0.0989472046151612,supported,-0.006738013698630141,-0.0084590293847352,-0.005016998012525082,-0.3590496575342465,-0.36139019103049375,-0.35670912403799926,balk_served,inconclusive
H2B0228,S196,sobol_symmetric,4.0,0.9,16,21,21,0.5,0.5,0.2,0.2,0.7838158078261869,20,0.20010489384719024,0.19866025090360304,0.00010489384719022943,0.001339749096396975,0.0014446429435872044,True,0.7042722602739726,0.7013310251187612,0.707213495429184,supported,-0.005618282146589137,-0.0067205159698669505,-0.004516048323311324,supported,-0.1986602509036031,-0.19943820276032243,-0.19788229904688376,supported,-0.011892123287671207,-0.01394954300428949,-0.009834703571052924,-0.7161643835616439,-0.7182996704428004,-0.7140290966804874,,supported
H2B0229,S197,sobol_symmetric,4.0,0.3,16,21,21,0.5,0.5,0.05,0.05,0.1577028951730952,20,0.05000456415708584,0.050927671726608524,4.564157085835963e-06,0.0009276717266085213,0.0009231075695226854,True,0.062208904109589035,0.06029399389484726,0.0641238143243308,supported,-0.014899325264004582,-0.01842442769547975,-0.011374222832529412,supported,-0.05092767172660857,-0.05180035874283432,-0.050054984710382826,supported,0.0011558219178082474,-0.00013032465215844923,0.002441968487774944,-0.06105308219178081,-0.06219902327863547,-0.05990714110492615,,supported
H2B0229,S197,sobol_symmetric,4.0,0.3,16,21,21,0.5,0.5,0.1,0.1,0.3154057903461904,20,0.10103872457623511,0.10129924090676334,0.001038724576235106,0.0012992409067633381,0.0002605163305282321,True,0.12190924657534248,0.11908120582528407,0.12473728732540089,supported,-0.02441208781173218,-0.027192580594062238,-0.021631595029402123,supported,-0.10129924090676339,-0.10284359317070217,-0.0997548886428246,supported,0.0003767123287671204,-0.0012264141280798318,0.0019798387856140723,-0.12153253424657535,-0.12353135439972006,-0.11953371409343065,,supported
H2B0229,S197,sobol_symmetric,4.0,0.3,16,21,21,0.5,0.5,0.2,0.2,0.6308115806923809,20,0.1999096863182534,0.20225906854765463,9.031368174661214e-05,0.002259068547654619,0.002349382229401231,True,0.24712328767123287,0.24404074379725907,0.2502058315452067,supported,-0.044275390287170244,-0.04777928106715209,-0.0407714995071884,supported,-0.20225906854765469,-0.2042415646255316,-0.20027657246977776,supported,0.004469178082191799,0.0030486511731656505,0.005889704991217948,-0.24265410958904116,-0.24501586671148456,-0.24029235246659775,,supported
H2B0230,S198,sobol_symmetric,1.25,0.9,64,7,7,0.1,0.1,0.05,0.0473663564084075,0.0617104509522508,20,0.047462100788134336,0.04987098951699829,0.002537899211865667,0.00012901048300171386,0.0024088887288639532,True,0.05307148972602742,0.051716756235533345,0.05442622321652149,supported,-0.003995397256206845,-0.007686192477843223,-0.0003046020345704669,inconclusive,-0.049870989516998324,-0.05058349613742895,-0.0491584828965677,supported,-0.002953767123287654,-0.004144575900403177,-0.0017629583461721313,-0.05602525684931507,-0.056788794898034206,-0.05526171880059594,balk_served,inconclusive
H2B0230,S198,sobol_symmetric,1.25,0.9,64,7,7,0.1,0.1,0.1,0.1,0.1234209019045017,20,0.10039871647183733,0.09988843690808066,0.0003987164718373265,0.00011156309191934222,0.0005102795637566687,True,0.1061964897260274,0.10446380931901124,0.10792917013304355,supported,-0.008789520298663972,-0.01131811037897867,-0.006260930218349275,supported,-0.09988843690808068,-0.10099560587972907,-0.09878126793643228,supported,-0.006098030821917793,-0.007083004153622707,-0.00511305749021288,-0.1122945205479452,-0.11349264451770533,-0.11109639657818507,,supported
H2B0230,S198,sobol_symmetric,1.25,0.9,64,7,7,0.1,0.1,0.2,0.2,0.2511690439134212,20,0.20049391648894446,0.20266412145684232,0.0004939164889444514,0.0026641214568423055,0.002170204967897854,True,0.21276541095890417,0.21098363440374107,0.21454718751406726,supported,-0.018703255057192707,-0.021571715699020347,-0.015834794415365068,supported,-0.20266412145684232,-0.20395770225668097,-0.20137054065700366,supported,-0.015141267123287627,-0.016388606849559062,-0.01389392739701619,-0.2279066780821918,-0.22932377284644712,-0.2264895833179365,,supported
H2B0231,S199,sobol_symmetric,0.8,0.3,32,28,28,0.0,0.0,0.05,0.05,0.05,20,0.05002904653273611,0.05156832563389132,2.904653273611002e-05,0.0015683256338913168,0.0015392791011552068,True,-0.0015796232876712306,-0.00508871415791794,0.0019294675825754786,inconclusive,-0.05002904653273619,-0.05204826187394474,-0.04800983119152764,supported,-0.051568325633891375,-0.05337639363390085,-0.0497602576338819,supported,-0.014002568493150689,-0.01772546785486079,-0.010279669131440586,-0.012422945205479458,-0.012914712019867932,-0.011931178391090983,utilization,inconclusive
H2B0231,S199,sobol_symmetric,0.8,0.3,32,28,28,0.0,0.0,0.1,0.1,0.1,20,0.1023223968825165,0.10191775136844616,0.002322396882516495,0.0019177513684461578,0.000404645514070337,True,5.5650684931496384e-05,-0.003112520123981194,0.003223821493844187,inconclusive,-0.10232239688251657,-0.10482791359052682,-0.09981688017450632,supported,-0.10191775136844623,-0.10449681690318897,-0.09933868583370349,supported,-0.02449058219178083,-0.027876751107641623,-0.02110441327592004,-0.024546232876712325,-0.025260908537260665,-0.023831557216163986,utilization,inconclusive
H2B0231,S199,sobol_symmetric,0.8,0.3,32,28,28,0.0,0.0,0.2,0.1997162770939674,0.2,20,0.19542802112142624,0.20180406214980767,0.004571978878573774,0.0018040621498076614,0.006376041028381435,True,-7.277397260273544e-05,-0.0023800415406436217,0.002234493595438151,inconclusive,-0.19542802112142624,-0.1985237727920737,-0.19233226945077878,supported,-0.2018040621498077,-0.20501171008306657,-0.19859641421654883,supported,-0.048668664383561655,-0.05136288717749425,-0.04597444158962906,-0.04859589041095891,-0.049549214896472224,-0.04764256592544559,utilization,inconclusive
H2B0232,S200,sobol_symmetric,3.1,0.7,32,14,14,0.3,0.3,0.05,0.05,0.1550349395993107,20,0.05002989554953837,0.05034322291133607,2.9895549538368205e-05,0.0003432229113360663,0.0003133273617976981,True,0.1092380136986301,0.10786133397557872,0.11061469342168147,supported,-0.005464655347015545,-0.007315812733716172,-0.003613497960314919,supported,-0.050343222911336125,-0.05095195741263981,-0.04973448841003244,supported,-0.0002054794520548242,-0.0006022347120253214,0.000191275807915673,-0.10944349315068488,-0.11088905218009835,-0.10799793412127141,,supported
H2B0232,S200,sobol_symmetric,3.1,0.7,32,14,14,0.3,0.3,0.1,0.1,0.3100698791986215,20,0.10037190863111536,0.10086253881091842,0.00037190863111535855,0.0008625388109184118,0.0004906301798030532,True,0.21926797945205476,0.21681358367279718,0.22172237523131233,supported,-0.010336287738387809,-0.012359582730381536,-0.008312992746394082,supported,-0.10086253881091849,-0.10183250793264753,-0.09989256968918944,supported,-7.705479452054243e-05,-0.00036273699279165114,0.0002086274037505663,-0.2193450342465753,-0.22171132663948417,-0.21697874185366645,,supported
H2B0232,S200,sobol_symmetric,3.1,0.7,32,14,14,0.3,0.3,0.2,0.2,0.620139758397243,20,0.20034890888432916,0.2022433045268038,0.0003489088843291466,0.0022433045268037966,0.00189439564247465,True,0.4413356164383562,0.43864829887848145,0.444022933998231,supported,-0.02265884549904859,-0.02429461166295847,-0.021023079335138712,supported,-0.20224330452680386,-0.2032121185948039,-0.20127449045880383,supported,0.0014511986301369907,0.0011377112228647215,0.0017646860374092598,-0.4398844178082192,-0.4425928678513777,-0.4371759677650607,,supported
H2B0233,S201,sobol_symmetric,2.0,0.1,32,7,7,0.0,0.0,0.05,0.05,0.05,20,0.049599080762461584,0.05170603100938713,0.00040091923753841907,0.0017060310093871267,0.0021069502469255458,True,0.01287671232876711,0.0075261082181367475,0.01822731643939747,supported,-0.04959908076246163,-0.051238705522565944,-0.04795945600235732,supported,-0.05170603100938718,-0.05433813881783939,-0.04907392320093497,supported,0.002547089041095879,-0.0027649582454209445,0.007859136327612704,-0.01032962328767123,-0.010891694283357135,-0.009767552291985325,,supported
H2B0233,S201,sobol_symmetric,2.0,0.1,32,7,7,0.0,0.0,0.1,0.1,0.1031265599990188,20,0.10100916451623401,0.10517113525954161,0.0010091645162340068,0.005171135259541604,0.004161970743307597,True,0.03097602739726029,0.025180915644664185,0.0367711391498564,supported,-0.10100916451623407,-0.10339344896744113,-0.09862488006502701,supported,-0.10517113525954165,-0.10833968797424191,-0.10200258254484139,supported,0.00998287671232877,0.0041968449988136185,0.01576890842584392,-0.020993150684931523,-0.02169668389879138,-0.020289617471071667,,supported
H2B0233,S201,sobol_symmetric,2.0,0.1,32,7,7,0.0,0.0,0.2,0.2,0.2067660297846473,20,0.19965815136655035,0.20629877297549962,0.00034184863344965954,0.006298772975499606,0.006640621608949265,True,0.05779965753424656,0.05327685017590471,0.062322464892588414,supported,-0.19965815136655035,-0.20328305912296923,-0.19603324361013147,supported,-0.20629877297549964,-0.21034622235994654,-0.20225132359105275,supported,0.0166181506849315,0.012553910058379351,0.020682391311483646,-0.04118150684931507,-0.04209532967813608,-0.040267684020494056,,supported
H2B0234,S202,sobol_symmetric,0.8,0.9,32,21,21,0.3,0.3,0.05,0.05,0.05,20,0.049589461746215355,0.050201920904913086,0.00041053825378464803,0.00020192090491308323,0.0006124591586977313,True,1.71232876712224e-05,-0.005352481323173889,0.005386727898516334,inconclusive,-0.049589461746215396,-0.050853826146247415,-0.04832509734618338,supported,-0.05020192090491314,-0.05123302029881739,-0.04917082151100889,supported,-0.036211472602739735,-0.04205111984227892,-0.03037182536320055,-0.036228595890410956,-0.03706983667238329,-0.03538735510843862,utilization,inconclusive
H2B0234,S202,sobol_symmetric,0.8,0.9,32,21,21,0.3,0.3,0.1,0.1,0.1,20,0.09936691491551737,0.10096553834223605,0.0006330850844826347,0.000965538342236047,0.0015986234267186816,True,0.0009845890410958903,-0.004470620549111586,0.0064397986313033655,inconclusive,-0.09936691491551744,-0.10129935091882936,-0.09743447891220552,supported,-0.1009655383422361,-0.10250455955796284,-0.09942651712650935,supported,-0.07187500000000001,-0.07819516250691101,-0.065554837493089,-0.07285958904109588,-0.07418606932593538,-0.07153310875625637,utilization,inconclusive
H2B0234,S202,sobol_symmetric,0.8,0.9,32,21,21,0.3,0.3,0.2,0.2,0.2,20,0.19975326912875163,0.20064964488663412,0.00024673087124837956,0.0006496448866341042,0.0008963757578824838,True,0.002688356164383571,-0.001572272647669707,0.006948984976436848,inconclusive,-0.19975326912875166,-0.20269274983954744,-0.19681378841795588,supported,-0.20064964488663412,-0.202407450892188,-0.19889183888108022,supported,-0.1420847602739726,-0.14721757996839704,-0.13695194057954815,-0.14477311643835616,-0.1463642893196164,-0.14318194355709593,utilization,inconclusive
H2B0235,S203,sobol_symmetric,1.25,0.5,16,14,14,0.5,0.5,0.05,0.05,0.0584338450112627,20,0.051482359788760104,0.05500449162623763,0.0014823597887601014,0.005004491626237624,0.0035221318374775226,True,0.023861301369863013,0.020750195749910612,0.026972406989815415,supported,-0.031727692094509596,-0.040653977649862165,-0.022801406539157028,supported,-0.05500449162623768,-0.05716689409196382,-0.05284208916051154,supported,-0.01047945205479452,-0.013427359578661693,-0.007531544530927347,-0.03434075342465753,-0.035724535225805196,-0.03295697162350987,,supported
H2B0235,S203,sobol_symmetric,1.25,0.5,16,14,14,0.5,0.5,0.1,0.1,0.106653603938764,20,0.1004948557627963,0.10024559306385705,0.0004948557627963007,0.00024559306385704693,0.0002492626989392538,True,0.03803938356164385,0.03430520592400236,0.041773561199285346,supported,-0.060885976201403715,-0.06631445047433591,-0.05545750192847152,supported,-0.10024559306385708,-0.10308623066557838,-0.09740495546213578,supported,-0.024511986301369852,-0.02781522560216384,-0.021208747000575866,-0.06255136986301373,-0.06433845035110408,-0.060764289374923376,,supported
H2B0235,S203,sobol_symmetric,1.25,0.5,16,14,14,0.5,0.5,0.2,0.2054448063027915,0.2133072078775281,20,0.20697785611550407,0.2003257323881568,0.006977856115504055,0.00032573238815677974,0.0066521237273472755,True,0.052285958904109586,0.04586135780274497,0.0587105600054742,supported,-0.15107806458578119,-0.15930899472988272,-0.14284713444167965,supported,-0.20032573238815687,-0.20419062804630192,-0.19646083673001183,supported,-0.07269691780821917,-0.0789153999233404,-0.06647843569309794,-0.1249828767123288,-0.12723818584909055,-0.12272756757556703,,supported
H2B0236,S204,sobol_symmetric,4.0,0.7,64,28,28,0.1,0.1,0.05,0.0539749710089749,0.2012061302578163,20,0.05050901219944063,0.04965738890498476,0.0005090121994406269,0.0003426110950152453,0.0008516232944558721,True,0.13853809931506852,0.1371417446865382,0.13993445394359885,supported,-0.0038144312285229866,-0.0046260824996867895,-0.0030027799573591842,inconclusive,-0.04965738890498479,-0.05007639385933447,-0.049238383950635116,supported,-0.0016695205479451748,-0.0026905229382580193,-0.0006485181576323302,-0.1402076198630137,-0.14134663172639886,-0.13906860799962853,balk_served,inconclusive
H2B0236,S204,sobol_symmetric,4.0,0.7,64,28,28,0.1,0.1,0.1,0.103706041978975,0.4024122605156327,20,0.09982186020405101,0.09949128616845267,0.00017813979594899498,0.0005087138315473388,0.00033057403559834386,True,0.2776669520547946,0.2766673179345768,0.2786665861750124,supported,-0.007909473429955023,-0.009077900705529458,-0.006741046154380589,supported,-0.0994912861684527,-0.09994790242477203,-0.09903466991213336,supported,-0.003240582191780761,-0.0041492605743058825,-0.0023319038092556397,-0.28090753424657533,-0.2819960358500405,-0.27981903264311014,,supported
H2B0236,S204,sobol_symmetric,4.0,0.7,64,28,28,0.1,0.1,0.2,0.2,0.8048245210312654,20,0.20043413321402306,0.19904419123121092,0.0004341332140230525,0.0009558087687890904,0.0013899419828121429,True,0.5539319349315068,0.5520092441886739,0.5558546256743397,supported,-0.016739322001255746,-0.017622108073543575,-0.015856535928967918,supported,-0.19904419123121092,-0.19977320179932345,-0.1983151806630984,supported,-0.007930222602739744,-0.00890216346821028,-0.0069582817372692085,-0.5618621575342465,-0.5634877831419468,-0.5602365319265462,,supported
H2B0237,S205;X089,sobol_symmetric,4.0,0.3,64,28,28,0.1,0.1,0.05,0.05,0.1103623412470515,20,0.04978214029575924,0.049813650447212414,0.00021785970424076373,0.00018634955278758886,3.151015145317487e-05,True,0.06299443493150686,0.06102397813057766,0.06496489173243607,supported,-0.010379773916712753,-0.011870487261319477,-0.008889060572106028,supported,-0.049813650447212456,-0.05042060697641836,-0.04920669391800655,supported,0.0029708904109589152,0.0012235852845822433,0.004718195537335587,-0.06002354452054792,-0.060682895974199555,-0.05936419306689629,,supported
H2B0237,S205;X089,sobol_symmetric,4.0,0.3,64,28,28,0.1,0.1,0.1,0.1,0.220724682494103,20,0.10081245287136445,0.09956907980951134,0.0008124528713644441,0.0004309201904886678,0.001243373061853112,True,0.1193792808219178,0.11729438702422755,0.12146417461960805,supported,-0.021364814334018784,-0.023481640497601812,-0.019247988170435756,supported,-0.0995690798095114,-0.1003319458136498,-0.09880621380537298,supported,-0.0004537671232876739,-0.002130966662930582,0.0012234324163552346,-0.11983304794520548,-0.12064163592359065,-0.11902445996682032,,supported
H2B0237,S205;X089,sobol_symmetric,4.0,0.3,64,28,28,0.1,0.1,0.2,0.2,0.4355919267683771,20,0.20005953654888003,0.19684104326119548,5.953654888002369e-05,0.003158956738804536,0.0032184932876845596,True,0.22859803082191776,0.2265021275272793,0.23069393411655623,supported,-0.044162566653626854,-0.04568847524914292,-0.04263665805811079,supported,-0.1968410432611955,-0.19794543536441297,-0.19573665115797803,supported,-0.008088613013698625,-0.010086158898066157,-0.006091067129331093,-0.2366866438356164,-0.23784650041424607,-0.23552678725698675,,supported
H2B0238,S206,sobol_symmetric,2.0,0.7,32,14,14,0.5,0.5,0.05,0.05,0.1006990801002466,20,0.050348127929696763,0.04936136498802777,0.0003481279296967607,0.0006386350119722342,0.000986762941668995,True,0.06918664383561643,0.0680470622355183,0.07032622543571455,supported,-0.007265552294604569,-0.01016196867191308,-0.004369135917296058,supported,-0.04936136498802783,-0.05027917345367828,-0.04844355652237738,supported,0.0,0.0,0.0,-0.06918664383561643,-0.07032622543571455,-0.0680470622355183,,supported
H2B0238,S206,sobol_symmetric,2.0,0.7,32,14,14,0.5,0.5,0.1,0.1,0.2013981602004932,20,0.10023725498557168,0.09926680713938074,0.00023725498557167213,0.0007331928606192639,0.000970447846190936,True,0.13918236301369863,0.1378202854212666,0.14054444060613067,supported,-0.016003996291967647,-0.018469601212655642,-0.013538391371279653,supported,-0.09926680713938081,-0.10037897325303392,-0.0981546410257277,supported,0.0,0.0,0.0,-0.13918236301369863,-0.14054444060613067,-0.1378202854212666,,supported
H2B0238,S206,sobol_symmetric,2.0,0.7,32,14,14,0.5,0.5,0.2,0.2,0.4027963204009865,20,0.2001021918803434,0.20000589140136107,0.000102191880343383,5.891401361063364e-06,9.630047898231964e-05,True,0.28055650684931505,0.27823894763417306,0.28287406606445703,supported,-0.03296656193619481,-0.03586136680455646,-0.030071757067833153,supported,-0.2000058914013611,-0.2016892221962722,-0.19832256060645,supported,0.0,0.0,0.0,-0.28055650684931505,-0.28287406606445703,-0.27823894763417306,,supported
H2B0239,S207;X114,sobol_symmetric,0.8,0.1,64,21,21,0.3,0.3,0.05,0.0475917258053877,0.05,20,0.048686693688328134,0.04951773704466124,0.001313306311671869,0.0004822629553387636,0.0008310433563331054,True,-0.0007170376712328841,-0.004571521506539459,0.0031374461640736907,inconclusive,-0.048686693688328175,-0.05137707079911332,-0.04599631657754303,supported,-0.049517737044661295,-0.05154875299315096,-0.04748672109617163,supported,-0.0046875,-0.008503787875534555,-0.0008712121244654446,-0.003970462328767116,-0.004165345452196054,-0.0037755792053381786,utilization,inconclusive
H2B0239,S207;X114,sobol_symmetric,0.8,0.1,64,21,21,0.3,0.3,0.1,0.1,0.0956210246637684,20,0.10116409932216978,0.09656464934024364,0.0011640993221697787,0.0034353506597563643,0.004599449981926143,True,0.0005008561643835563,-0.0026236908164905116,0.003625403145257624,inconclusive,-0.10116409932216985,-0.10467753316900064,-0.09765066547533907,supported,-0.0965646493402437,-0.09901494685399477,-0.09411435182649262,supported,-0.007234589041095885,-0.010366118758121878,-0.004103059324069892,-0.007735445205479441,-0.007977797760305229,-0.007493092650653654,utilization,inconclusive
H2B0239,S207;X114,sobol_symmetric,0.8,0.1,64,21,21,0.3,0.3,0.2,0.2053381765549197,0.1956381602194018,20,0.20680258173145383,0.19712974942956285,0.006802581731453816,0.0028702505704371606,0.009672832301890977,True,-0.0002568493150684914,-0.0036677284660994415,0.003154029835962459,inconclusive,-0.20680258173145388,-0.2112652681800971,-0.20233989528281066,supported,-0.1971297494295629,-0.20132049785313083,-0.19293900100599498,supported,-0.016044520547945206,-0.019505880448911148,-0.012583160646979265,-0.015787671232876714,-0.01619901427173914,-0.015376328194014287,utilization,inconclusive
H2B0240,S208,sobol_symmetric,3.1,0.9,16,7,7,0.0,0.0,0.05,0.131396781737718,0.1510458922420787,20,0.04998567058442541,0.050420284596187956,1.4329415574595994e-05,0.0004202845961879531,0.0004346140117625491,True,0.13607020547945203,0.13402203978142552,0.13811837117747855,supported,-0.003227521420121643,-0.004874893700735976,-0.0015801491395073097,inconclusive,-0.05042028459618799,-0.05113103481894335,-0.04970953437343263,supported,-0.004469178082191788,-0.006053918504830567,-0.0028844376595530087,-0.14053938356164383,-0.1426620442472111,-0.13841672287607656,balk_served,inconclusive
H2B0240,S208,sobol_symmetric,3.1,0.9,16,7,7,0.0,0.0,0.1,0.2223259287037733,0.3020917844841574,20,0.0932795714127311,0.10016128797663174,0.006720428587268901,0.0001612879766317299,0.006881716563900631,True,0.27028253424657533,0.2669480076216128,0.27361706087153786,supported,-0.006584995487517742,-0.008124899927998233,-0.0050450910470372515,supported,-0.10016128797663179,-0.10114698490150435,-0.09917559105175923,supported,-0.00896404109589044,-0.010895153379350049,-0.007032928812430832,-0.2792465753424658,-0.282239432267125,-0.27625371841780655,,supported
H2B0240,S208,sobol_symmetric,3.1,0.9,16,7,7,0.0,0.0,0.2,0.3276484062095738,0.6041835689683149,0,0.1573663058002282,0.2000629571368226,,,0.0426966513365944,False,,,,inactive,,,,inactive,,,,inactive,,,,,,,target_unattainable,inactive
H2B0241,S209,sobol_symmetric,3.1,0.1,32,28,28,0.5,0.5,0.05,0.05,0.1546579582980653,20,0.05030127983414599,0.05016534957423667,0.0003012798341459899,0.0001653495742366673,0.00013593025990932261,True,0.013634417808219177,0.010715766377664615,0.01655306923877374,supported,-0.014867198463306633,-0.0195781566842341,-0.010156240242379167,supported,-0.050165349574236684,-0.05198694375571812,-0.04834375539275525,supported,-0.0019477739726027426,-0.004840162481232641,0.0009446145360271561,-0.01558219178082192,-0.016196655380454818,-0.01496772818118902,,supported
H2B0241,S209,sobol_symmetric,3.1,0.1,32,28,28,0.5,0.5,0.1,0.1,0.3093159165961306,20,0.09943505932579742,0.10053617208354626,0.0005649406742025825,0.0005361720835462547,0.0011011127577488372,True,0.025205479452054796,0.02258803686266547,0.027822922041444122,supported,-0.03054606544145516,-0.03554057320998777,-0.025551557672922554,supported,-0.10053617208354629,-0.1035103696035261,-0.09756197456356648,supported,-0.006104452054794529,-0.008621657530377237,-0.0035872465792118205,-0.03130993150684933,-0.03228296996321314,-0.030336893050485522,,supported
H2B0241,S209,sobol_symmetric,3.1,0.1,32,28,28,0.5,0.5,0.2,0.2,0.6041733995282444,20,0.19866053538866618,0.19572995073356367,0.0013394646113338293,0.004270049266436343,0.002930584655102514,True,0.04855736301369863,0.04601719333744232,0.05109753268995494,supported,-0.06275665633862387,-0.0683790363509354,-0.05713427632631235,supported,-0.19572995073356372,-0.19892178585339887,-0.19253811561372858,supported,-0.012328767123287667,-0.015287022069714107,-0.009370512176861228,-0.060886130136986294,-0.06198204188178873,-0.05979021839218386,,supported
H2B0242,S210,sobol_symmetric,0.8,0.9,32,14,14,0.1,0.1,0.05,0.05,0.05,20,0.04907612390336537,0.04995717456044744,0.0009238760966346349,4.282543955256429e-05,0.0008810506570820706,True,0.00030821917808218635,-0.006686884590059728,0.007303322946224101,inconclusive,-0.04907612390336545,-0.050461819456682544,-0.04769042835004836,supported,-0.04995717456044746,-0.05091614356463761,-0.04899820555625731,supported,-0.03563356164383563,-0.04269257169834498,-0.028574551589326286,-0.03594178082191782,-0.03665485843469917,-0.035228703209136465,utilization,inconclusive
H2B0242,S210,sobol_symmetric,0.8,0.9,32,14,14,0.1,0.1,0.1,0.1035826376572943,0.1,20,0.10349366672261973,0.10089449387255486,0.0034936667226197204,0.0008944938725548579,0.0025991728500648625,True,-0.0007020547945205569,-0.006072320341372334,0.004668210752331221,inconclusive,-0.1034936667226198,-0.10493639223312394,-0.10205094121211565,supported,-0.10089449387255493,-0.10266860099279582,-0.09912038675231405,supported,-0.07329195205479454,-0.07887222380288852,-0.06771168030670055,-0.07258989726027397,-0.07393153413785021,-0.07124826038269773,utilization,inconclusive
H2B0242,S210,sobol_symmetric,0.8,0.9,32,14,14,0.1,0.1,0.2,0.2,0.1954221223892462,20,0.19975570070158605,0.19644405830294104,0.0002442992984139636,0.003555941697058973,0.0033116423986450094,True,-0.0030736301369863163,-0.007564863340680328,0.0014176030667076957,inconclusive,-0.19975570070158608,-0.20197639847298637,-0.19753500293018578,supported,-0.19644405830294104,-0.19893450925974077,-0.1939536073461413,supported,-0.1444135273972603,-0.1493614299089896,-0.139465624885531,-0.141339897260274,-0.1433919036236924,-0.1392878908968556,utilization,inconclusive
H2B0243,S211,sobol_symmetric,2.0,0.3,64,21,21,0.0,0.0,0.05,0.0773573542421735,0.0809136655078452,20,0.04997075008531547,0.0500798568551063,2.924991468453153e-05,7.985685510629448e-05,0.00010910676979082601,True,0.024952910958904125,0.023557918267750416,0.026347903650057833,supported,-0.027989592725600497,-0.03162489133961152,-0.02435429411158947,supported,-0.05007985685510633,-0.051065605835102876,-0.04909410787510979,supported,-0.005890410958904085,-0.0071588001163825216,-0.0046220218014256485,-0.030843321917808208,-0.03137568131095045,-0.030310962524665964,,supported
H2B0243,S211,sobol_symmetric,2.0,0.3,64,21,21,0.0,0.0,0.1,0.1475262406681353,0.1618273310156905,20,0.09988547621274543,0.09967042419578793,0.00011452378725457235,0.00032957580421207056,0.0002150520169574982,True,0.05145761986301371,0.04939933907744199,0.053515900648585434,supported,-0.05755401704240419,-0.061368279695178884,-0.053739754389629496,supported,-0.09967042419578795,-0.10097763492237465,-0.09836321346920125,supported,-0.00981592465753422,-0.01170201647496464,-0.0079298328401038,-0.06127354452054794,-0.06197926267314516,-0.06056782636795072,,supported
H2B0243,S211,sobol_symmetric,2.0,0.3,64,21,21,0.0,0.0,0.2,0.2791098346259101,0.323654662031381,20,0.20126318954364747,0.20055456743262606,0.0012631895436474583,0.0005545674326260519,0.0007086221110214064,True,0.10392979452054793,0.10158268835772728,0.10627690068336858,supported,-0.11513587121992722,-0.11795408095561369,-0.11231766148424074,supported,-0.20055456743262617,-0.20264788742127982,-0.19846124744397253,supported,-0.019392123287671224,-0.021921231650499286,-0.016863014924843163,-0.12332191780821918,-0.12438362827403629,-0.12226020734240206,,supported
H2B0244,S212,sobol_symmetric,4.0,0.7,16,7,7,0.3,0.3,0.05,0.0651903492752161,0.1801980520061971,20,0.04898701906831838,0.050543329631435575,0.0010129809316816243,0.0005433296314355726,0.001556310563117197,True,0.13781678082191778,0.13472136014827607,0.1409122014955595,supported,-0.004191878584621828,-0.006065359775299913,-0.002318397393943743,inconclusive,-0.05054332963143564,-0.05120792700673286,-0.04987873225613842,supported,-0.004075342465753445,-0.006507288044131846,-0.0016433968873750446,-0.14189212328767126,-0.14368546768575102,-0.1400987788895915,balk_served,inconclusive
H2B0244,S212,sobol_symmetric,4.0,0.7,16,7,7,0.3,0.3,0.1,0.1272173074945775,0.3603961040123942,20,0.10020500908867011,0.10081607607467438,0.00020500908867010503,0.0008160760746743767,0.0006110669860042717,True,0.27350171232876713,0.27050183022316493,0.27650159443436934,supported,-0.009012961596089445,-0.010440009664357253,-0.007585913527821638,supported,-0.10081607607467444,-0.10173981116937772,-0.09989234097997116,supported,-0.009469178082191776,-0.01217351045992967,-0.006764845704453882,-0.2829708904109589,-0.2856405498421056,-0.28030123097981224,,supported
H2B0244,S212,sobol_symmetric,4.0,0.7,16,7,7,0.3,0.3,0.2,0.232248969734872,0.7207922080247885,20,0.20156268670056562,0.20183506215089916,0.001562686700565613,0.0018350621508991527,0.0002723754503335396,True,0.5450342465753424,0.5414182831049795,0.5486502100457052,supported,-0.018044380893890676,-0.01972161237497484,-0.016367149412806512,supported,-0.20183506215089922,-0.2030167376059182,-0.20065338669588023,supported,-0.021010273972602755,-0.023486228830886472,-0.018534319114319037,-0.5660445205479452,-0.5691448322118101,-0.5629442088840803,,supported
H2B0245,S213,sobol_symmetric,4.0,0.3,32,7,7,0.3,0.3,0.05,0.0730428092235774,0.1854518643587845,20,0.05005494919816509,0.0494331992592899,5.494919816508709e-05,0.0005668007407101036,0.0006217499388751907,True,0.059670376712328756,0.05895059059570399,0.06039016282895352,supported,-0.013305792843293493,-0.014901721708846799,-0.011709863977740187,supported,-0.04943319925928997,-0.05005099618758781,-0.04881540233099213,supported,0.0,0.0,0.0,-0.059670376712328756,-0.06039016282895352,-0.05895059059570399,,supported
H2B0245,S213,sobol_symmetric,4.0,0.3,32,7,7,0.3,0.3,0.1,0.1464578130703635,0.370903728717569,20,0.10336812891420935,0.09898792807449547,0.003368128914209345,0.0010120719255045374,0.0043802008397138825,True,0.1194135273972603,0.11828835038358738,0.12053870441093321,supported,-0.026921559104107123,-0.028388882197436866,-0.02545423601077738,supported,-0.09898792807449555,-0.1000042393122388,-0.0979716168367523,supported,0.0,0.0,0.0,-0.1194135273972603,-0.12053870441093321,-0.11828835038358738,,supported
H2B0245,S213,sobol_symmetric,4.0,0.3,32,7,7,0.3,0.3,0.2,0.2685706363397869,0.7418074574351381,20,0.19806463213589207,0.19916729732982963,0.0019353678641079453,0.0008327026701703821,0.0011026651939375631,True,0.24023972602739727,0.2389306883770634,0.24154876367773112,supported,-0.05206581295102906,-0.053349640476983325,-0.05078198542507479,supported,-0.19916729732982968,-0.20031651889644542,-0.19801807576321395,supported,0.0,0.0,0.0,-0.24023972602739727,-0.24154876367773112,-0.2389306883770634,,supported
H2B0246,S214;X002,sobol_symmetric,1.25,0.5,64,21,21,0.0,0.0,0.05,0.05,0.05,20,0.04968171598111484,0.0494880918034761,0.00031828401888515934,0.0005119081965238997,0.0001936241776387404,True,0.022412243150684925,0.021032025040088904,0.023792461261280946,supported,-0.04968171598111488,-0.050317622462418866,-0.04904580949981089,supported,-0.04948809180347613,-0.05033094872922791,-0.048645234877724354,supported,-0.008478167808219195,-0.009814572548853115,-0.007141763067585275,-0.03089041095890412,-0.03147871745992769,-0.03030210445788055,,supported
H2B0246,S214;X002,sobol_symmetric,1.25,0.5,64,21,21,0.0,0.0,0.1,0.1,0.1,20,0.10105259627157856,0.09955765266068647,0.0010525962715785542,0.0004423473393135313,0.0014949436108920855,True,0.043476027397260274,0.04240566069974472,0.04454639409477583,supported,-0.10105259627157859,-0.10195331919274292,-0.10015187335041426,supported,-0.0995576526606865,-0.10063141286847802,-0.09848389245289499,supported,-0.01867508561643837,-0.019620315429284184,-0.017729855803592556,-0.062151113013698654,-0.06290695916059422,-0.0613952668668031,,supported
H2B0246,S214;X002,sobol_symmetric,1.25,0.5,64,21,21,0.0,0.0,0.2,0.2,0.2,20,0.19981349047572555,0.19862774523500198,0.00018650952427445855,0.0013722547649980266,0.001185745240723568,True,0.08629494863013698,0.08445569654887425,0.08813420071139971,supported,-0.19981349047572555,-0.20173286266281748,-0.19789411828863362,supported,-0.19862774523500198,-0.20039465258938788,-0.1968608378806161,supported,-0.03758775684931508,-0.038860154978848836,-0.03631535871978132,-0.12388270547945206,-0.1250465060558727,-0.1227189049030314,,supported
H2B0247,S215,sobol_symmetric,0.8,0.1,16,14,14,0.1,0.1,0.05,0.05,0.044487757642102,20,0.04588132494049268,0.044589107490027556,0.004118675059507325,0.005410892509972447,0.0012922174504651218,True,0.0014982876712328701,-0.0012130071224382539,0.004209582464903994,inconclusive,-0.04588132494049273,-0.05118221289748384,-0.040580436983501625,supported,-0.044589107490027605,-0.04775739026153419,-0.04142082471852102,supported,-0.0020976027397260205,-0.004782715056789823,0.0005875095773377813,-0.0035958904109588906,-0.003853283931361534,-0.0033384968905562475,utilization,inconclusive
H2B0247,S215,sobol_symmetric,0.8,0.1,16,14,14,0.1,0.1,0.1,0.1049010418428988,0.1,20,0.114017302455043,0.10354751936581952,0.014017302455042999,0.0035475193658195125,0.010469783089223486,False,0.0034160958904109473,-4.596129912322593e-06,0.006836787910734218,inconclusive,-0.11401730245504305,-0.11998868723892255,-0.10804591767116355,supported,-0.10354751936581956,-0.10823662951630772,-0.0988584092153314,supported,-0.004914383561643834,-0.008393726217266716,-0.001435040906020953,-0.00833047945205478,-0.008670755640969327,-0.007990203263140235,loss_matching_failed,inconclusive
H2B0247,S215,sobol_symmetric,0.8,0.1,16,14,14,0.1,0.1,0.2,0.215556197694455,0.2078881089434769,20,0.21937229308145634,0.21352813264661372,0.019372293081456327,0.013528132646613705,0.005844160434842621,True,-0.0018407534246575208,-0.006647916613922919,0.0029664097646078776,inconclusive,-0.2193722930814564,-0.22815689911564083,-0.21058768704727196,supported,-0.21352813264661377,-0.22059780561332226,-0.20645845967990528,supported,-0.019015410958904095,-0.023756772688708717,-0.014274049229099474,-0.017174657534246573,-0.017694085628857756,-0.01665522943963539,utilization,inconclusive
H2B0248,S216,sobol_symmetric,2.0,0.9,64,28,28,0.5,0.5,0.05,0.05,0.0957048927964425,20,0.0501253841823717,0.05067598534006954,0.0001253841823717003,0.000675985340069539,0.0005506011576978387,True,0.09117508561643832,0.0900887351353851,0.09226143609749154,supported,-0.0020362714597734364,-0.0036199279656712463,-0.00045261495387562654,inconclusive,-0.050675985340069604,-0.051260877015713045,-0.05009109366442616,supported,0.0,0.0,0.0,-0.09117508561643832,-0.09226143609749154,-0.0900887351353851,balk_served,inconclusive
H2B0248,S216,sobol_symmetric,2.0,0.9,64,28,28,0.5,0.5,0.1,0.1,0.1914097855928851,20,0.1000600733263868,0.10112249527025678,6.0073326386800296e-05,0.0011224952702567764,0.0010624219438699761,True,0.18196061643835618,0.18051868635478308,0.18340254652192928,supported,-0.00320662769291053,-0.004826576210040129,-0.0015866791757809303,inconclusive,-0.10112249527025688,-0.10189351406618578,-0.10035147647432797,supported,0.0,0.0,0.0,-0.18196061643835618,-0.18340254652192928,-0.18051868635478308,balk_served,inconclusive
H2B0248,S216,sobol_symmetric,2.0,0.9,64,28,28,0.5,0.5,0.2,0.2,0.3828195711857702,20,0.1996795733426123,0.20197525711789596,0.00032042665738771237,0.001975257117895951,0.0022956837752836634,True,0.3634289383561644,0.3618803273879613,0.36497754932436755,supported,-0.007469933575579296,-0.008499646771640331,-0.0064402203795182605,supported,-0.20197525711789602,-0.20294289573019467,-0.20100761850559737,supported,0.0,0.0,0.0,-0.3634289383561644,-0.36497754932436755,-0.3618803273879613,,supported
H2B0249,S217,sobol_symmetric,2.0,0.3,16,21,21,0.1,0.1,0.05,0.0463968791536449,0.0951075690952384,20,0.046909743695477554,0.051469763430962726,0.0030902563045224485,0.0014697634309627228,0.004560019735485171,True,0.03094178082191783,0.030155244379216312,0.03172831726461935,supported,-0.021495068283950737,-0.028580925962198727,-0.014409210605702747,supported,-0.05146976343096277,-0.05271175369615491,-0.05022777316577062,supported,0.0,0.0,0.0,-0.03094178082191783,-0.03172831726461935,-0.030155244379216312,,supported
H2B0249,S217,sobol_symmetric,2.0,0.3,16,21,21,0.1,0.1,0.1,0.0985571094451541,0.2003137420084142,20,0.09885384518055443,0.10700344311914822,0.0011461548194455773,0.007003443119148217,0.008149597938593794,True,0.06426369863013699,0.06269305573375918,0.06583434152651481,supported,-0.04263123115673875,-0.04849205929818268,-0.03677040301529483,supported,-0.10700344311914826,-0.1094596158467043,-0.10454727039159223,supported,0.0,0.0,0.0,-0.06426369863013699,-0.06583434152651481,-0.06269305573375918,,supported
H2B0249,S217,sobol_symmetric,2.0,0.3,16,21,21,0.1,0.1,0.2,0.1942247668861194,0.3894568766654362,20,0.19124894993019995,0.20631445001925536,0.008751050069800065,0.0063144500192553465,0.015065500089055411,False,0.12383561643835617,0.12146661418487754,0.1262046186918348,supported,-0.08558839025358206,-0.09182682120137868,-0.07934995930578544,supported,-0.20631445001925539,-0.20974922146642513,-0.20287967857208564,supported,0.0,0.0,0.0,-0.12383561643835617,-0.1262046186918348,-0.12146661418487754,loss_matching_failed,inconclusive
H2B0250,S218,sobol_symmetric,0.8,0.7,64,7,7,0.5,0.5,0.05,0.05,0.05,20,0.05064595242840482,0.0500472392636781,0.0006459524284048168,4.723926367809772e-05,0.0005987131647267191,True,0.0011301369863013667,-0.0025521344569801605,0.004812408429582894,inconclusive,-0.05064595242840484,-0.051620369743930875,-0.049671535112878806,supported,-0.050047239263678114,-0.05100507533102699,-0.04908940319632924,supported,-0.026879280821917817,-0.030824678786031415,-0.02293388285780422,-0.028009417808219184,-0.028588520397388358,-0.02743031521905001,utilization,inconclusive
H2B0250,S218,sobol_symmetric,0.8,0.7,64,7,7,0.5,0.5,0.1,0.1,0.1,20,0.10047472926561148,0.1000087925498611,0.00047472926561147044,8.792549861094678e-06,0.00046593671575037576,True,0.000980308219178072,-0.003161379799506678,0.005121996237862822,inconclusive,-0.10047472926561149,-0.10175756866016644,-0.09919188987105654,supported,-0.10000879254986114,-0.10115033875299219,-0.0988672463467301,supported,-0.05498929794520548,-0.05946623160903425,-0.05051236428137672,-0.055969606164383554,-0.05669128510162691,-0.0552479272271402,utilization,inconclusive
H2B0250,S218,sobol_symmetric,0.8,0.7,64,7,7,0.5,0.5,0.2,0.2,0.2,20,0.20116393160059118,0.19870500819255682,0.001163931600591167,0.001294991807443191,0.002458923408034358,True,0.00016267123287671547,-0.0033839469445502294,0.00370928941030366,inconclusive,-0.20116393160059118,-0.2028752100990521,-0.19945265310213026,supported,-0.1987050081925569,-0.2001889942980824,-0.1972210220870314,supported,-0.11104023972602742,-0.11516862378728646,-0.10691185566476838,-0.11120291095890408,-0.11222032949541173,-0.11018549242239643,utilization,inconclusive
H2B0251,S219,sobol_symmetric,1.25,0.3,16,28,28,0.3,0.3,0.05,0.05,0.0630890799437998,20,0.04977732463992192,0.05066191944956681,0.00022267536007808397,0.0006619194495668043,0.0008845948096448883,True,0.014529109589041096,0.010070826371463643,0.01898739280661855,supported,-0.028804327121668305,-0.037275850539089286,-0.020332803704247327,supported,-0.05066191944956684,-0.053158420600022516,-0.04816541829911117,supported,-0.004383561643835615,-0.008526685300436126,-0.00024043798723510403,-0.01891267123287671,-0.019853189611816896,-0.017972152853936524,,supported
H2B0251,S219,sobol_symmetric,1.25,0.3,16,28,28,0.3,0.3,0.1,0.1,0.1208376206244886,20,0.10155892948600816,0.0977875128743441,0.001558929486008151,0.0022124871256559014,0.0037714166116640524,True,0.025881849315068484,0.02212457003682867,0.029639128593308296,supported,-0.06417316849495369,-0.0726551462869308,-0.05569119070297658,supported,-0.09778751287434415,-0.10087921563871993,-0.09469581010996836,supported,-0.010667808219178098,-0.014347624450695226,-0.006987991987660971,-0.036549657534246584,-0.037552446183861124,-0.035546868884632044,,supported
H2B0251,S219,sobol_symmetric,1.25,0.3,16,28,28,0.3,0.3,0.2,0.2,0.2523563197751992,20,0.2022430439956288,0.20334396612835812,0.0022430439956288017,0.0033439661283581057,0.001100922132729304,True,0.05377568493150684,0.05077832785154376,0.056773042011469925,supported,-0.12712286085939728,-0.13406415286866852,-0.12018156885012604,supported,-0.20334396612835817,-0.20792965362623356,-0.1987582786304828,supported,-0.022200342465753427,-0.025962117222674053,-0.0184385677088328,-0.07597602739726028,-0.07768814746118727,-0.0742639073333333,,supported
H2B0252,S220,sobol_symmetric,3.1,0.7,64,14,14,0.0,0.0,0.05,0.1179563895664549,0.1330545766755448,20,0.04972442675898695,0.050205995121139324,0.000275573241013051,0.00020599512113932128,0.00048156836215237225,True,0.10019049657534244,0.09871971272698421,0.10166128042370068,supported,-0.008421785239514113,-0.009716629533747132,-0.007126940945281093,supported,-0.05020599512113934,-0.05074410720088437,-0.04966788304139431,supported,-0.009419948630136976,-0.010314034273054716,-0.008525862987219237,-0.10961044520547944,-0.1107163623999737,-0.10850452801098517,,supported
H2B0252,S220,sobol_symmetric,3.1,0.7,64,14,14,0.0,0.0,0.1,0.2117254539069713,0.2661091533510897,20,0.09741603978473687,0.10048928151223915,0.002583960215263137,0.0004892815122391481,0.003073241727502285,True,0.20016695205479454,0.19858703811958545,0.20174686599000363,supported,-0.017925171777657355,-0.019247600308368536,-0.016602743246946175,supported,-0.10048928151223917,-0.10102304906832259,-0.09995551395615575,supported,-0.019396404109589004,-0.020547721306495976,-0.01824508691268203,-0.21956335616438355,-0.22062174640403476,-0.21850496592473234,,supported
H2B0252,S220,sobol_symmetric,3.1,0.7,64,14,14,0.0,0.0,0.2,0.3378128357740851,0.5322183067021794,0,0.1770685354074964,0.1992278287233052,,,0.0221592933158087,False,,,,inactive,,,,inactive,,,,inactive,,,,,,,target_unattainable,inactive
H2B0253,S221,sobol_symmetric,4.0,0.1,64,14,14,0.0,0.0,0.05,0.1459253146563734,0.1469854261575981,20,0.05041891440914579,0.050497403014456155,0.0004189144091457861,0.000497403014456152,7.848860531036589e-05,True,0.008510273972602752,0.00683757474184872,0.010182973203356784,supported,-0.04299044112701873,-0.04551084298481629,-0.04047003926922118,supported,-0.05049740301445623,-0.05177980672410249,-0.04921499930480997,supported,-0.011628852739726036,-0.013206630777922092,-0.01005107470152998,-0.02013912671232879,-0.02065471235862085,-0.01962354106603673,,supported
H2B0253,S221,sobol_symmetric,4.0,0.1,64,14,14,0.0,0.0,0.1,0.2809246002370958,0.2939708523151962,20,0.10120444940707396,0.099459250523581,0.0012044494070739542,0.0005407494764190085,0.0017451988834929627,True,0.01749785958904109,0.015592014380457752,0.019403704797624433,supported,-0.08314299774139117,-0.08601000813986064,-0.0802759873429217,supported,-0.09945925052358107,-0.10114907527357175,-0.09776942577359038,supported,-0.022219606164383572,-0.023889990936042365,-0.02054922139272478,-0.03971746575342466,-0.04043521499747994,-0.038999716509369384,,supported
H2B0253,S221,sobol_symmetric,4.0,0.1,64,14,14,0.0,0.0,0.2,0.5432125213302236,0.5879417046303924,20,0.20071928052011043,0.1978850796112248,0.0007192805201104158,0.002114920388775199,0.0028342009088856146,True,0.03310787671232877,0.03152354960297139,0.03469220382168614,supported,-0.16985792465215405,-0.1732080136860145,-0.1665078356182936,supported,-0.19788507961122487,-0.20002645066665464,-0.1957437085557951,supported,-0.04624143835616439,-0.04802145924629815,-0.044461417466030634,-0.07934931506849316,-0.0802573259523435,-0.07844130418464282,,supported
H2B0254,S222,sobol_symmetric,1.25,0.9,16,28,28,0.3,0.3,0.05,0.05,0.0599103936163513,20,0.05056712457259517,0.05090046690609125,0.0005671245725951679,0.0009004669060912462,0.00033334233349607834,True,0.05499999999999995,0.05342002321917938,0.05657997678082052,supported,-0.005388198886881595,-0.011744906273495339,0.0009685084997321479,inconclusive,-0.05090046690609127,-0.05232662587437157,-0.04947430793781097,supported,-0.0020976027397260565,-0.0029291670737398474,-0.0012660384057122654,-0.05709760273972599,-0.05874253828730132,-0.05545266719215067,balk_served,inconclusive
H2B0254,S222,sobol_symmetric,1.25,0.9,16,28,28,0.3,0.3,0.1,0.1,0.1230461089625927,20,0.10017037842400248,0.10411878237770981,0.00017037842400247083,0.004118782377709809,0.003948403953707338,True,0.11212328767123289,0.10911544704732903,0.11513112829513675,supported,-0.010815476870105612,-0.017800736493247586,-0.003830217246963639,supported,-0.10411878237770988,-0.10639371677438567,-0.1018438479810341,supported,-0.004443493150684907,-0.005540300918229865,-0.0033466853831399493,-0.11656678082191782,-0.11901055007778032,-0.11412301156605532,,supported
H2B0254,S222,sobol_symmetric,1.25,0.9,16,28,28,0.3,0.3,0.2,0.2,0.2396415744654052,20,0.19990498148827646,0.20299351085359169,9.501851172355469e-05,0.0029935108535916743,0.003088529365315229,True,0.18191780821917808,0.17521667283618328,0.18861894360217288,supported,-0.0533829582894507,-0.058989266623573525,-0.04777664995532788,supported,-0.20299351085359177,-0.2063039855122127,-0.19968303619497083,supported,-0.045436643835616436,-0.05147133622349314,-0.03940195144773973,-0.2273544520547945,-0.2307678635046713,-0.22394104060491768,,supported
H2B0255,S223,sobol_symmetric,1.25,0.5,32,7,7,0.5,0.5,0.05,0.05,0.0594587934506401,20,0.05083025051958902,0.04951635581992754,0.0008302505195890153,0.00048364418007246224,0.0013138946996614775,True,0.03090753424657534,0.029950705985805414,0.03186436250734527,supported,-0.021328091911931517,-0.026535812046525987,-0.016120371777337047,supported,-0.04951635581992757,-0.051040156565686265,-0.04799255507416887,supported,0.0,0.0,0.0,-0.03090753424657534,-0.03186436250734527,-0.029950705985805414,,supported
H2B0255,S223,sobol_symmetric,1.25,0.5,32,7,7,0.5,0.5,0.1,0.097139566914563,0.1220065708289608,20,0.09715054916868457,0.1021127846569821,0.0028494508313154365,0.0021127846569821,0.004962235488297537,True,0.06377140410958901,0.062462219605836755,0.06508058861334126,supported,-0.03926531364859245,-0.044794144057683345,-0.03373648323950155,supported,-0.10211278465698218,-0.10407930054079326,-0.1001462687731711,supported,0.0,0.0,0.0,-0.06377140410958901,-0.06508058861334126,-0.062462219605836755,,supported
H2B0255,S223,sobol_symmetric,1.25,0.5,32,7,7,0.5,0.5,0.2,0.2,0.2413449019791815,20,0.20127610584049332,0.20160213774525504,0.0012761058404933134,0.0016021377452550278,0.0003260319047617144,True,0.12576198630136987,0.12403720374617289,0.12748676885656685,supported,-0.08853860871012571,-0.09359704535812514,-0.08348017206212628,supported,-0.2016021377452551,-0.20405821810342334,-0.19914605738708685,supported,-0.00029537671232875986,-0.000655059853251472,6.430642859395235e-05,-0.12605736301369866,-0.1277706610604095,-0.12434406496698783,,supported
H2B0256,S224,sobol_symmetric,3.1,0.5,32,21,21,0.1,0.1,0.05,0.05,0.1326571902930849,20,0.050781892530475804,0.04967041381243315,0.0007818925304758015,0.0003295861875668507,0.0011114787180426522,True,0.07244434931506849,0.07053205004742458,0.0743566485827124,supported,-0.0066779455516832505,-0.008928171154271594,-0.004427719949094906,supported,-0.04967041381243319,-0.05054793416948408,-0.04879289345538229,supported,-0.004730308219178086,-0.006718929419311435,-0.0027416870190447376,-0.07717465753424657,-0.0784890037176408,-0.07586031135085235,,supported
H2B0256,S224,sobol_symmetric,3.1,0.5,32,21,21,0.1,0.1,0.1,0.1,0.2653143805861699,20,0.099650529283895,0.1001143208080908,0.00034947071610499925,0.00011432080809078982,0.00046379152419578906,True,0.14328767123287672,0.14084684646806844,0.145728495997685,supported,-0.016530634839192808,-0.018844544654176794,-0.01421672502420882,supported,-0.10011432080809082,-0.10139796680832888,-0.09883067480785276,supported,-0.012388698630136991,-0.014352915603022664,-0.010424481657251319,-0.15567636986301372,-0.15752141480902956,-0.15383132491699789,,supported
H2B0256,S224,sobol_symmetric,3.1,0.5,32,21,21,0.1,0.1,0.2,0.2,0.5306287611723399,20,0.1990752554384204,0.20076979990540428,0.0009247445615796213,0.000769799905404267,0.0016945444669838883,True,0.2877183219178082,0.2858147390932717,0.2896219047423447,supported,-0.03453736555091552,-0.03653145829632158,-0.03254327280550946,supported,-0.20076979990540433,-0.202429811375095,-0.19910978843571367,supported,-0.024760273972602748,-0.02682575694484367,-0.022694791000361824,-0.312478595890411,-0.3146721064481662,-0.3102850853326558,,supported
H2B0257,X001,asymmetric_stress,4.0,0.3,32,21,21,0.1,0.3,0.05,0.05,0.097929971332017,20,0.04993805875908938,0.05045077188680743,6.19412409106207e-05,0.0004507718868074287,0.0005127131277180494,True,0.05759845890410957,0.05619100366021057,0.05900591414800857,supported,-0.013373981794362791,-0.015199265084785042,-0.01154869850394054,supported,-0.05045077188680751,-0.051048255402648464,-0.04985328837096655,supported,-0.002928082191780812,-0.004334920383905542,-0.001521243999656082,-0.06052654109589041,-0.06122873676721056,-0.05982434542457026,,supported
H2B0257,X001,asymmetric_stress,4.0,0.3,32,21,21,0.1,0.3,0.1,0.1,0.1958599426640341,20,0.10119480265815517,0.10076945710667343,0.001194802658155164,0.0007694571066734213,0.0004253455514817428,True,0.11372431506849315,0.11183344312625175,0.11561518701073455,supported,-0.028032545292535006,-0.030551798984574097,-0.025513291600495914,supported,-0.10076945710667347,-0.10179277667748661,-0.09974613753586033,supported,-0.007170376712328741,-0.008716207681807094,-0.005624545742850389,-0.1208946917808219,-0.12222920492272038,-0.11956017863892343,,supported
H2B0257,X001,asymmetric_stress,4.0,0.3,32,21,21,0.1,0.3,0.2,0.2,0.3917198853280683,20,0.19841449979447892,0.20133150232954894,0.0015855002055210898,0.0013315023295489281,0.002917002535070018,True,0.22747859589041095,0.2252787148905397,0.2296784768902822,supported,-0.059559742503674865,-0.06188138056097656,-0.05723810444637317,supported,-0.201331502329549,-0.20265785020104404,-0.20000515445805395,supported,-0.013895547945205455,-0.015283427428524576,-0.012507668461886334,-0.24137414383561645,-0.2432235244496959,-0.239524763221537,,supported
H2B0258,X003,asymmetric_stress,1.25,0.1,32,14,14,0.3,0.0,0.05,0.05,0.05,20,0.051358285120498816,0.04896199971882064,0.001358285120498813,0.0010380002811793618,0.002396285401678175,True,0.004379280821917786,-0.002261158895544275,0.011019720539379847,inconclusive,-0.05139569257535994,-0.0544869824061941,-0.04830440274452578,supported,-0.048961999718820676,-0.05094724442156852,-0.04697675501607283,supported,-0.0017037671232876862,-0.008352303415399857,0.0049447691688244855,-0.006083047945205472,-0.00633795897597912,-0.005828136914431825,utilization,inconclusive
H2B0258,X003,asymmetric_stress,1.25,0.1,32,14,14,0.3,0.0,0.1,0.0900616711347478,0.1053744720122708,20,0.08885099276768245,0.10440337710257604,0.011149007232317557,0.004403377102576031,0.015552384334893588,False,0.006618150684931501,0.001440684660619902,0.0117956167092431,supported,-0.08881619805647858,-0.09238585704833865,-0.08524653906461852,supported,-0.10440337710257604,-0.10683727328193446,-0.10196948092321761,supported,-0.0063570205479452245,-0.01158905215776965,-0.0011249889381207993,-0.012975171232876725,-0.013276844862630099,-0.012673497603123352,loss_matching_failed,inconclusive
H2B0258,X003,asymmetric_stress,1.25,0.1,32,14,14,0.3,0.0,0.2,0.2,0.2,20,0.20002885041416346,0.20123224889645203,2.8850414163450466e-05,0.001232248896452015,0.0012033984822885646,True,0.0011472602739725946,-0.004048344778205294,0.006342865326150483,inconclusive,-0.19999405570295956,-0.20564967454380212,-0.194338436862117,supported,-0.20123224889645205,-0.20560018675999606,-0.19686431103290805,supported,-0.02386130136986304,-0.028977690910990974,-0.018744911828735108,-0.025008561643835636,-0.025596587980075955,-0.024420535307595317,utilization,inconclusive
H2B0259,X004,asymmetric_stress,1.25,0.1,32,21,21,0.1,0.1,0.05,0.0474726603551103,0.0624857467966171,20,0.04689882256389406,0.049680379623344706,0.0031011774361059397,0.00031962037665529686,0.002781557059450643,True,0.006224315068493125,0.005937393206136102,0.006511236930850147,supported,-0.03726308616777987,-0.04476169450184876,-0.02976447783371097,supported,-0.049680379623344775,-0.05185513201069028,-0.04750562723599927,supported,0.0,0.0,0.0,-0.006224315068493125,-0.006511236930850147,-0.005937393206136102,,supported
H2B0259,X004,asymmetric_stress,1.25,0.1,32,21,21,0.1,0.1,0.1,0.0933933383734759,0.1189439820301959,20,0.09439822660637141,0.0945521665305044,0.005601773393628592,0.005447833469495608,0.00015393992413298418,True,0.011866438356164365,0.011490011837563714,0.012242864874765017,supported,-0.06801527847368194,-0.07520600291171033,-0.060824554035653546,supported,-0.09455216653050444,-0.0972732153166629,-0.09183111774434598,supported,0.0,0.0,0.0,-0.011866438356164365,-0.012242864874765017,-0.011490011837563714,,supported
H2B0259,X004,asymmetric_stress,1.25,0.1,32,21,21,0.1,0.1,0.2,0.2,0.2455297554407147,20,0.20451940608280741,0.19875439948837173,0.004519406082807403,0.001245600511628281,0.005765006594435684,True,0.02491866438356166,0.024321996405311044,0.02551533236181228,supported,-0.15275581961725024,-0.16076162508851569,-0.1447500141459848,supported,-0.19875439948837176,-0.20253609994836871,-0.1949726990283748,supported,0.0,0.0,0.0,-0.02491866438356166,-0.02551533236181228,-0.024321996405311044,,supported
H2B0260,X005,asymmetric_stress,4.0,0.5,32,21,28,0.1,0.1,0.05,0.05,0.1489122203109331,20,0.0501542651073678,0.050034610054729076,0.00015426510736779586,3.461005472907286e-05,0.000119655052638723,True,0.09666523972602739,0.09392172294678813,0.09940875650526665,supported,-0.005473819431103305,-0.007251736395473392,-0.003695902466733219,supported,-0.05003461005472913,-0.050865482817874653,-0.04920373729158361,supported,-0.004079623287671236,-0.006316673831974668,-0.0018425727433678042,-0.10074486301369864,-0.10234665529599764,-0.09914307073139965,,supported
H2B0260,X005,asymmetric_stress,4.0,0.5,32,21,28,0.1,0.1,0.1,0.1,0.2978244406218662,20,0.10039407728748903,0.10033727968407595,0.00039407728748902526,0.00033727968407594455,5.679760341308071e-05,True,0.19401113013698632,0.19102304667583203,0.1969992135981406,supported,-0.010619421679919003,-0.012198455606283553,-0.009040387753554454,supported,-0.10033727968407599,-0.10112007833696025,-0.09955448103119173,supported,-0.007988013698630142,-0.010290288414203062,-0.005685738983057222,-0.20199914383561648,-0.20383234218155974,-0.20016594548967323,,supported
H2B0260,X005,asymmetric_stress,4.0,0.5,32,21,28,0.1,0.1,0.2,0.2,0.5956488812437325,20,0.19975300686774103,0.20079585178532708,0.00024699313225898245,0.0007958517853270675,0.00104284491758605,True,0.3858005136986301,0.38309852982968834,0.3885024975675719,supported,-0.022754025773315794,-0.024813849227323565,-0.020694202319308023,supported,-0.20079585178532716,-0.20198579852745807,-0.19960590504319625,supported,-0.01843321917808221,-0.020852542933038454,-0.016013895423125965,-0.4042337328767124,-0.4069396295343317,-0.40152783621909305,,supported
H2B0261,X006,asymmetric_stress,2.0,0.1,32,7,21,0.1,0.1,0.05,0.05,0.0677697234662242,20,0.04913123435611894,0.04849756088079807,0.0008687656438810601,0.0015024391192019343,0.0006336734753208742,True,0.01671232876712327,0.01222490353401278,0.02119975400023376,supported,-0.03648261785212561,-0.04368690513510116,-0.029278330569150062,supported,-0.04849756088079814,-0.05032400119083351,-0.04667112057076277,supported,0.00687499999999997,0.002370142530001374,0.011379857469998565,-0.009837328767123298,-0.010149580491783114,-0.009525077042463482,,supported
H2B0261,X006,asymmetric_stress,2.0,0.1,32,7,21,0.1,0.1,0.1,0.1056278879824528,0.1355394469324485,20,0.10799782520042148,0.09845703150986615,0.007997825200421471,0.0015429684901338558,0.009540793690555327,True,0.029340753424657518,0.025303273088541717,0.03337823376077332,supported,-0.08049404168334759,-0.08742089121022334,-0.07356719215647184,supported,-0.0984570315098662,-0.10179397773138765,-0.09512008528834476,supported,0.009400684931506836,0.005454004745163607,0.013347365117850066,-0.019940068493150682,-0.02056312239510578,-0.019317014591195582,,supported
H2B0261,X006,asymmetric_stress,2.0,0.1,32,7,21,0.1,0.1,0.2,0.1979323811897932,0.2787474280224952,20,0.200910207000496,0.20411463719872058,0.0009102070004959883,0.004114637198720572,0.0032044301982245837,True,0.06798373287671235,0.0626064557949843,0.07336100995844039,supported,-0.14570509770957346,-0.1512258481756534,-0.14018434724349352,supported,-0.20411463719872067,-0.20832385092412098,-0.19990542347332035,supported,0.02669520547945206,0.02159976031914531,0.03179065063975881,-0.04128852739726028,-0.042136531550421276,-0.04044052324409928,,supported
H2B0262,X007;X080,asymmetric_stress,2.0,0.5,32,14,28,0.1,0.1,0.05,0.05,0.091698541088036,20,0.04993143590151985,0.049009617862608934,6.856409848015471e-05,0.0009903821373910687,0.000921818038910914,True,0.060659246575342426,0.05870926118121076,0.06260923196947409,supported,-0.017048102704269368,-0.01876154725217178,-0.015334658156366955,supported,-0.049009617862609,-0.04979546696178225,-0.04822376876343576,supported,0.011489726027397246,0.009782340869785371,0.013197111185009122,-0.04916952054794518,-0.04996817934175664,-0.048370861754133715,,supported
H2B0262,X007;X080,asymmetric_stress,2.0,0.5,32,14,28,0.1,0.1,0.1,0.1,0.1833970821760721,20,0.09991121304281185,0.09859516636152305,8.878695718815555e-05,0.00140483363847696,0.0013160466812888044,True,0.11768407534246575,0.11558979122228345,0.11977835946264805,supported,-0.03721879005223025,-0.039474991240031114,-0.034962588864429385,supported,-0.0985951663615231,-0.09980486515926486,-0.09738546756378134,supported,0.0188056506849315,0.01710115467674289,0.02051014669312011,-0.09887842465753423,-0.0999986357808357,-0.09775821353423275,,supported
H2B0262,X007;X080,asymmetric_stress,2.0,0.5,32,14,28,0.1,0.1,0.2,0.2,0.3667941643521443,20,0.199730394839807,0.1972274214039093,0.00026960516019300385,0.0027725785960907023,0.0025029734358976985,True,0.2236301369863014,0.22171259844662025,0.22554767552598257,supported,-0.06805966960775187,-0.07101653205163254,-0.06510280716387119,supported,-0.1972274214039094,-0.19888623139448824,-0.19556861141333054,supported,0.025980308219178107,0.02449698896869275,0.027463627469663465,-0.19764982876712328,-0.19919339490582466,-0.1961062626284219,,supported
H2B0263,X008,asymmetric_stress,3.1,0.1,32,14,14,0.1,0.1,0.05,0.05,0.1187562648720423,20,0.05066390825926004,0.05102753427517422,0.0006639082592600348,0.0010275342751742203,0.0003636260159141855,True,0.013968321917808202,0.011282304162540398,0.016654339673076005,supported,-0.016871178401500576,-0.022673184086994536,-0.011069172716006617,supported,-0.05102753427517427,-0.05262728906642495,-0.049427779483923594,supported,-0.001879280821917817,-0.004651447390818343,0.0008928857469827096,-0.01584760273972602,-0.016382499821840292,-0.015312705657611746,,supported
H2B0263,X008,asymmetric_stress,3.1,0.1,32,14,14,0.1,0.1,0.1,0.1020956471633001,0.2375125297440846,20,0.10196577969307544,0.10166910616660915,0.001965779693075431,0.0016691061666091467,0.00029667352646628453,True,0.02845462328767125,0.026100870363182368,0.03080837621216013,supported,-0.03945595397733145,-0.04436593749958645,-0.034545970455076444,supported,-0.10166910616660922,-0.10457768702181619,-0.09876052531140225,supported,-0.003052226027397259,-0.005450330846374442,-0.000654121208420076,-0.03150684931506851,-0.032441518322891855,-0.030572180307245164,,supported
H2B0263,X008,asymmetric_stress,3.1,0.1,32,14,14,0.1,0.1,0.2,0.2052437771849034,0.4750250594881692,20,0.20559661628051443,0.20298469519705625,0.005596616280514416,0.002984695197056242,0.002611921083458174,True,0.054173801369863016,0.05073982038838399,0.05760778235134204,supported,-0.07618655409095614,-0.08201626917955496,-0.07035683900235731,supported,-0.20298469519705628,-0.2069703021636507,-0.19899908823046186,supported,-0.008715753424657547,-0.011653127484096335,-0.005778379365218757,-0.06288955479452055,-0.06416474627979377,-0.06161436330924733,,supported
H2B0264,X009,asymmetric_stress,0.8,0.1,16,28,28,0.1,0.5,0.05,0.05,0.044487757642102,20,0.04588132494049268,0.044589107490027556,0.004118675059507325,0.005410892509972447,0.0012922174504651218,True,0.0023630136986301396,-0.0013772532279343395,0.006103280625194619,inconclusive,-0.04588132494049273,-0.05118221289748384,-0.040580436983501625,supported,-0.044589107490027605,-0.04775739026153419,-0.04142082471852102,supported,-0.001232876712328751,-0.004942836417126677,0.002477082992469175,-0.0035958904109588906,-0.0038532839313615364,-0.003338496890556245,utilization,inconclusive
H2B0264,X009,asymmetric_stress,0.8,0.1,16,28,28,0.1,0.5,0.1,0.1063056639263071,0.1,20,0.11539644784971448,0.10354751936581952,0.015396447849714473,0.0035475193658195125,0.01184892848389496,False,0.004434931506849316,0.0006250655456111979,0.008244797468087433,inconclusive,-0.11539644784971452,-0.12045435700507523,-0.11033853869435381,supported,-0.10354751936581956,-0.10823662951630772,-0.0988584092153314,supported,-0.003895547945205463,-0.00775381244171802,-3.7283448692906115e-05,-0.008330479452054779,-0.008670755640969327,-0.007990203263140231,loss_matching_failed,inconclusive
H2B0264,X009,asymmetric_stress,0.8,0.1,16,28,28,0.1,0.5,0.2,0.215556197694455,0.2078881089434769,20,0.21937229308145634,0.21352813264661372,0.019372293081456327,0.013528132646613705,0.005844160434842621,True,-0.0005650684931506889,-0.006244540197484981,0.005114403211183604,inconclusive,-0.2193722930814564,-0.22815689911564083,-0.21058768704727196,supported,-0.21352813264661377,-0.22059780561332226,-0.20645845967990528,supported,-0.017739726027397252,-0.023322815632041333,-0.012156636422753171,-0.017174657534246563,-0.017694085628857742,-0.016655229439635384,utilization,inconclusive
H2B0265,X010,asymmetric_stress,3.1,0.5,64,21,21,0.3,0.3,0.05,0.05,0.1320567689160337,20,0.04971813482659373,0.04996040459058991,0.00028186517340627465,3.959540941009254e-05,0.0002422697639961821,True,0.07291309931506848,0.07165717206892902,0.07416902656120794,supported,-0.007280615397537218,-0.008603120506408452,-0.0059581102886659834,supported,-0.049960404590589966,-0.05042454613464806,-0.049496263046531874,supported,-0.004633989726027399,-0.005826586779816168,-0.003441392672238629,-0.07754708904109589,-0.07823762290799309,-0.07685655517419869,,supported
H2B0265,X010,asymmetric_stress,3.1,0.5,64,21,21,0.3,0.3,0.1,0.1,0.2641135378320675,20,0.10018658760757793,0.09995748988776001,0.00018658760757792048,4.251011223999068e-05,0.00022909771981791116,True,0.146964897260274,0.1451538461693615,0.14877594835118652,supported,-0.01538357058454901,-0.01684380564233271,-0.013923335526765312,supported,-0.09995748988776006,-0.10059632095714029,-0.09931865881837983,supported,-0.008088613013698603,-0.009420726856038513,-0.006756499171358692,-0.1550535102739726,-0.15600385784224144,-0.15410316270570376,,supported
H2B0265,X010,asymmetric_stress,3.1,0.5,64,21,21,0.3,0.3,0.2,0.2,0.5282270756641351,20,0.1999361849264834,0.19990608994335624,6.381507351660431e-05,9.391005664377561e-05,3.0094983127171293e-05,True,0.293527397260274,0.2913530099386029,0.29570178458194507,supported,-0.03449589461540602,-0.03601734405950605,-0.03297444517130598,supported,-0.1999060899433563,-0.20083642381268565,-0.19897575607402693,supported,-0.016620291095890406,-0.01813009242041638,-0.015110489771364432,-0.31014768835616435,-0.3117257903936334,-0.3085695863186953,,supported
H2B0266,X011,asymmetric_stress,0.8,0.9,32,21,21,0.0,0.0,0.05,0.05,0.0475064840837067,20,0.049162522194680994,0.04732644373949205,0.0008374778053190091,0.002673556260507956,0.001836078455188947,True,0.0001198630136986345,-0.00547306827665321,0.0057127943040504794,inconclusive,-0.04916252219468106,-0.05065337152441301,-0.04767167286494912,supported,-0.047326443739492144,-0.048563175619182476,-0.04608971185980181,supported,-0.03394691780821918,-0.03954610229669589,-0.02834773331974247,-0.034066780821917816,-0.03494763393348056,-0.03318592771035507,utilization,inconclusive
H2B0266,X011,asymmetric_stress,0.8,0.9,32,21,21,0.0,0.0,0.1,0.1,0.1,20,0.09781018590852887,0.10020322482701724,0.0021898140914711345,0.00020322482701723432,0.002393038918488369,True,-0.002161815068493145,-0.007774632027136425,0.003451001890150135,inconclusive,-0.09781018590852894,-0.09923697714376538,-0.0963833946732925,supported,-0.1002032248270173,-0.10247190732004136,-0.09793454233399324,supported,-0.07428938356164383,-0.0795375774934849,-0.06904118962980275,-0.07212756849315069,-0.07372769149291356,-0.07052744549338782,utilization,inconclusive
H2B0266,X011,asymmetric_stress,0.8,0.9,32,21,21,0.0,0.0,0.2,0.2052776045279638,0.2,20,0.20587072072832627,0.20019146753267164,0.005870720728326256,0.00019146753267162975,0.005679253195654627,True,-0.0017080479452054708,-0.0062032226576856885,0.0027871267672747464,inconclusive,-0.20587072072832627,-0.20786922799967605,-0.20387221345697648,supported,-0.20019146753267164,-0.2024989372298742,-0.1978839978354691,supported,-0.14580907534246573,-0.15055160565873058,-0.1410665450262009,-0.1441010273972603,-0.14563031676883414,-0.14257173802568646,utilization,inconclusive
H2B0267,X012,asymmetric_stress,3.1,0.3,32,7,7,0.3,0.3,0.05,0.05,0.1232805307546074,20,0.05042952952527162,0.0494753352152764,0.0004295295252716158,0.0005246647847235997,0.0009541943099952155,True,0.03952482876712328,0.036054024519840217,0.04299563301440634,supported,-0.014028729834846057,-0.016772607105403153,-0.01128485256428896,supported,-0.04947533521527646,-0.05075427465336441,-0.048196395777188504,supported,-0.0066738013698630135,-0.010028706142502649,-0.003318896597223378,-0.04619863013698629,-0.047446215424412116,-0.04495104484956046,,supported
H2B0267,X012,asymmetric_stress,3.1,0.3,32,7,7,0.3,0.3,0.1,0.1,0.2465610615092149,20,0.10062208883117721,0.09868622564064597,0.0006220888311772033,0.0013137743593540363,0.0019358631905312396,True,0.07757705479452055,0.07471813636961698,0.08043597321942413,supported,-0.03120148161472116,-0.03358431804285659,-0.02881864518658573,supported,-0.098686225640646,-0.0999794608257936,-0.09739299045549839,supported,-0.014546232876712323,-0.01729127159678954,-0.011801194156635109,-0.09212328767123287,-0.09343219620605127,-0.09081437913641448,,supported
H2B0267,X012,asymmetric_stress,3.1,0.3,32,7,7,0.3,0.3,0.2,0.2,0.4931221230184299,20,0.198851227898958,0.1986835143207106,0.0011487721010420004,0.0013164856792894086,0.00016771357824740818,True,0.15718750000000004,0.15425666731013243,0.16011833268986764,supported,-0.06272808138468458,-0.06524694336011864,-0.06020921940925052,supported,-0.19868351432071066,-0.2002417767533712,-0.1971252518880501,supported,-0.02818065068493151,-0.03163314624195648,-0.02472815512790654,-0.18536815068493154,-0.18719717829847143,-0.18353912307139164,,supported
H2B0268,X013,asymmetric_stress,0.8,0.5,32,14,21,0.3,0.3,0.05,0.0527449659280458,0.05,20,0.05265208369954828,0.050239517711297074,0.00265208369954828,0.00023951771129707145,0.0024125659882512085,True,0.0022388698630136927,-0.001267999984903223,0.005745739710930608,inconclusive,-0.05265208369954831,-0.05397033743557405,-0.05133382996352257,supported,-0.05023951771129709,-0.05212624246794636,-0.04835279295464782,supported,-0.01784246575342465,-0.02157508838762274,-0.014109843119226563,-0.020081335616438344,-0.020873980397712058,-0.01928869083516463,utilization,inconclusive
H2B0268,X013,asymmetric_stress,0.8,0.5,32,14,21,0.3,0.3,0.1,0.1,0.1,20,0.09856171243678921,0.10022001431658281,0.0014382875632107939,0.00022001431658280612,0.0016583018797936,True,0.002893835616438356,-0.001180906042623853,0.006968577275500565,inconclusive,-0.09856171243678924,-0.10046226504272412,-0.09666115983085435,supported,-0.10022001431658285,-0.10294040917856476,-0.09749961945460095,supported,-0.037161815068493136,-0.041456915858152386,-0.032866714278833885,-0.04005565068493149,-0.041215836897364196,-0.03889546447249879,utilization,inconclusive
H2B0268,X013,asymmetric_stress,0.8,0.5,32,14,21,0.3,0.3,0.2,0.2039919603711783,0.2048906259265251,20,0.2045751843972131,0.20449220894399117,0.004575184397213078,0.0044922089439911606,8.297545322191735e-05,True,0.001018835616438374,-0.0018940491495483013,0.00393172038242505,inconclusive,-0.20457518439721314,-0.20694321423687667,-0.20220715455754962,supported,-0.2044922089439912,-0.2066086922017133,-0.2023757256862691,supported,-0.08070633561643836,-0.08402947363171653,-0.07738319760116019,-0.08172517123287673,-0.08279621864895816,-0.0806541238167953,utilization,inconclusive
H2B0269,X014,asymmetric_stress,2.0,0.7,16,21,28,0.1,0.1,0.05,0.05,0.1011863898659393,20,0.050613146388291994,0.0507502348502795,0.0006131463882919908,0.000750234850279495,0.0001370884619875043,True,0.06652397260273975,0.06332119003176039,0.06972675517371911,supported,-0.008831976103666548,-0.011934830735036463,-0.005729121472296633,supported,-0.05075023485027954,-0.05210632359572934,-0.04939414610482974,supported,-0.004717465753424665,-0.007583380900560805,-0.001851550606288525,-0.0712414383561644,-0.07304215618521538,-0.0694407205271134,,supported
H2B0269,X014,asymmetric_stress,2.0,0.7,16,21,28,0.1,0.1,0.1,0.1028284786004385,0.2023727797318786,20,0.10332849909189104,0.10197659395527314,0.003328499091891035,0.001976593955273137,0.001351905136617898,True,0.1304280821917808,0.1273711395016263,0.13348502488193528,supported,-0.01697403077548141,-0.019248087064826933,-0.014699974486135888,supported,-0.10197659395527321,-0.10361739870505267,-0.10033578920549376,supported,-0.012731164383561666,-0.015582748889687638,-0.009879579877435695,-0.14315924657534246,-0.14540066058725976,-0.14091783256342516,,supported
H2B0269,X014,asymmetric_stress,2.0,0.7,16,21,28,0.1,0.1,0.2,0.2,0.4047455594637573,20,0.20050213000789122,0.2034315094173532,0.000502130007891205,0.003431509417353179,0.002929379409461974,True,0.2616695205479452,0.2581012397275973,0.26523780136829306,supported,-0.03281362292953145,-0.0371712251373459,-0.028456020721717004,supported,-0.20343150941735325,-0.2056853878940773,-0.20117763094062918,supported,-0.023638698630137,-0.026361637544028985,-0.020915759716245017,-0.2853082191780822,-0.2881282554628177,-0.2824881828933467,,supported
H2B0270,X015,asymmetric_stress,1.25,0.5,16,14,14,0.5,0.5,0.05,0.05,0.0584338450112627,20,0.051482359788760104,0.05500449162623763,0.0014823597887601014,0.005004491626237624,0.0035221318374775226,True,0.020273972602739714,0.017136670714348438,0.02341127449113099,supported,-0.031727692094509596,-0.040653977649862165,-0.022801406539157028,supported,-0.05500449162623768,-0.05716689409196382,-0.05284208916051154,supported,-0.014066780821917802,-0.017392049747260007,-0.010741511896575599,-0.03434075342465752,-0.03572453522580518,-0.032956971623509856,,supported
H2B0270,X015,asymmetric_stress,1.25,0.5,16,14,14,0.5,0.5,0.1,0.1,0.106653603938764,20,0.1004948557627963,0.10024559306385705,0.0004948557627963007,0.00024559306385704693,0.0002492626989392538,True,0.03444349315068493,0.0307171083578295,0.038169877943540355,supported,-0.060885976201403715,-0.06631445047433591,-0.05545750192847152,supported,-0.10024559306385708,-0.10308623066557838,-0.09740495546213578,supported,-0.028107876712328755,-0.03169712562680277,-0.02451862779785474,-0.06255136986301371,-0.06433845035110407,-0.06076428937492336,,supported
H2B0270,X015,asymmetric_stress,1.25,0.5,16,14,14,0.5,0.5,0.2,0.2054448063027915,0.2133072078775281,20,0.20697785611550407,0.2003257323881568,0.006977856115504055,0.00032573238815677974,0.0066521237273472755,True,0.04583904109589043,0.03912789040735277,0.052550191784428095,supported,-0.15107806458578119,-0.15930899472988272,-0.14284713444167965,supported,-0.20032573238815687,-0.20419062804630192,-0.19646083673001183,supported,-0.07914383561643834,-0.08549974228920862,-0.07278792894366806,-0.1249828767123288,-0.12723818584909055,-0.12272756757556703,,supported
H2B0271,X016,asymmetric_stress,1.25,0.3,16,28,28,0.3,0.3,0.05,0.05,0.0630890799437998,20,0.04977732463992192,0.05066191944956681,0.00022267536007808397,0.0006619194495668043,0.0008845948096448883,True,0.014529109589041096,0.010070826371463643,0.01898739280661855,supported,-0.028804327121668305,-0.037275850539089286,-0.020332803704247327,supported,-0.05066191944956684,-0.053158420600022516,-0.04816541829911117,supported,-0.004383561643835615,-0.008526685300436126,-0.00024043798723510403,-0.01891267123287671,-0.019853189611816896,-0.017972152853936524,,supported
H2B0271,X016,asymmetric_stress,1.25,0.3,16,28,28,0.3,0.3,0.1,0.1,0.1208376206244886,20,0.10155892948600816,0.0977875128743441,0.001558929486008151,0.0022124871256559014,0.0037714166116640524,True,0.025881849315068484,0.02212457003682867,0.029639128593308296,supported,-0.06417316849495369,-0.0726551462869308,-0.05569119070297658,supported,-0.09778751287434415,-0.10087921563871993,-0.09469581010996836,supported,-0.010667808219178098,-0.014347624450695226,-0.006987991987660971,-0.036549657534246584,-0.037552446183861124,-0.035546868884632044,,supported
H2B0271,X016,asymmetric_stress,1.25,0.3,16,28,28,0.3,0.3,0.2,0.2,0.2523563197751992,20,0.2022430439956288,0.20334396612835812,0.0022430439956288017,0.0033439661283581057,0.001100922132729304,True,0.05377568493150684,0.05077832785154376,0.056773042011469925,supported,-0.12712286085939728,-0.13406415286866852,-0.12018156885012604,supported,-0.20334396612835817,-0.20792965362623356,-0.1987582786304828,supported,-0.022200342465753427,-0.025962117222674053,-0.0184385677088328,-0.07597602739726028,-0.07768814746118727,-0.0742639073333333,,supported
H2B0272,X017,asymmetric_stress,2.0,0.5,32,14,14,0.1,0.1,0.05,0.05,0.0849974815072147,20,0.04989773464755368,0.04956834467415243,0.00010226535244631935,0.00043165532584757416,0.0003293899734012548,True,0.0523972602739726,0.04950960499749253,0.055284915550452673,supported,-0.009153400213152257,-0.012892001809617632,-0.005414798616686882,supported,-0.04956834467415249,-0.0503642367495607,-0.048772452598744284,supported,0.00269691780821914,0.00032848278945860846,0.005065352826979672,-0.04970034246575346,-0.05057567160540765,-0.048825013326099266,,supported
H2B0272,X017,asymmetric_stress,2.0,0.5,32,14,14,0.1,0.1,0.1,0.1,0.1699949630144294,20,0.09970209892597555,0.0994510681337599,0.0002979010740244564,0.0005489318662401099,0.0002510307922156535,True,0.11397688356164384,0.11040737681138452,0.11754639031190317,supported,-0.02328000024603799,-0.026646652093309842,-0.01991334839876614,supported,-0.09945106813375999,-0.10053742069981746,-0.09836471556770253,supported,0.014203767123287686,0.011101479975645472,0.0173060542709299,-0.09977311643835618,-0.10092753419523995,-0.09861869868147241,,supported
H2B0272,X017,asymmetric_stress,2.0,0.5,32,14,14,0.1,0.1,0.2,0.2,0.3399899260288589,20,0.20007063041555848,0.19914469788755834,7.063041555846472e-05,0.0008553021124416693,0.000925932528000134,True,0.24874999999999994,0.24657869479751235,0.25092130520248757,supported,-0.05309796105320497,-0.05629280910064569,-0.04990311300576424,supported,-0.1991446978875584,-0.20036681688451022,-0.19792257889060658,supported,0.04904537671232873,0.0468204089932101,0.051270344431447366,-0.19970462328767125,-0.20115248226784924,-0.19825676430749326,,supported
H2B0273,X018,asymmetric_stress,1.25,0.9,64,7,7,0.5,0.5,0.05,0.05,0.0620504081146887,20,0.050014380636847225,0.0501842689101931,1.4380636847222128e-05,0.00018426891019309583,0.0001698882733458737,True,0.05333904109589042,0.05245020402733185,0.05422787816444898,supported,-0.005493774409411229,-0.008925825316661085,-0.0020617235021613734,supported,-0.05018426891019316,-0.05076198785296401,-0.04960654996742231,supported,-0.0031635273972602795,-0.004002374013362862,-0.0023246807811576967,-0.056502568493150704,-0.05709572084294306,-0.05590941614335835,,supported
H2B0273,X018,asymmetric_stress,1.25,0.9,64,7,7,0.5,0.5,0.1,0.0974133249542822,0.1241008162293774,20,0.09764406686659236,0.10051691947840598,0.0023559331334076505,0.0005169194784059722,0.0028728526118136227,True,0.10649186643835618,0.10537761790643785,0.1076061149702745,supported,-0.008535054124937764,-0.01152995874829663,-0.0055401495015788985,supported,-0.10051691947840602,-0.10148318004061375,-0.09955065891619828,supported,-0.006620291095890418,-0.007507517000206602,-0.005733065191574235,-0.1131121575342466,-0.1140855150968443,-0.1121387999716489,,supported
H2B0273,X018,asymmetric_stress,1.25,0.9,64,7,7,0.5,0.5,0.2,0.2,0.2482016324587549,20,0.19984076227211708,0.20085323920710252,0.00015923772788292712,0.0008532392071025074,0.0010124769349854346,True,0.21007705479452055,0.2078916020340579,0.2122625075549832,supported,-0.020396754637977542,-0.022746492008693647,-0.018047017267261437,supported,-0.20085323920710252,-0.20237909635230594,-0.1993273820618991,supported,-0.01590111301369864,-0.017094588376254084,-0.014707637651143197,-0.22597816780821917,-0.22751716099848807,-0.22443917461795027,,supported
H2B0274,X019,asymmetric_stress,1.25,0.1,64,14,14,0.1,0.3,0.05,0.05,0.0495161887209316,20,0.04875763526666287,0.04550950772033676,0.0012423647333371299,0.004490492279663243,0.0032481275463261128,True,0.005702054794520489,0.0054893691389709,0.005914740450070078,supported,-0.04174847516296602,-0.04625583521695484,-0.03724111510897721,supported,-0.04550950772033679,-0.046972553398804746,-0.04404646204186883,supported,0.0,0.0,0.0,-0.005702054794520489,-0.005914740450070078,-0.0054893691389709,,supported
H2B0274,X019,asymmetric_stress,1.25,0.1,64,14,14,0.1,0.3,0.1,0.1,0.1040457859075676,20,0.09950143916418808,0.09587096091202485,0.0004985608358119287,0.004129039087975156,0.0036304782521632273,True,0.01201626712328765,0.011673288544979387,0.012359245701595913,supported,-0.08806349084620553,-0.0918909514236151,-0.08423603026879596,supported,-0.09587096091202488,-0.09845904684928498,-0.09328287497476477,supported,0.0,0.0,0.0,-0.01201626712328765,-0.012359245701595913,-0.011673288544979387,,supported
H2B0274,X019,asymmetric_stress,1.25,0.1,64,14,14,0.1,0.3,0.2,0.19618577989737,0.2104153426279706,20,0.19571545020833384,0.19435237961944168,0.004284549791666176,0.005647620380558327,0.0013630705888921513,True,0.02434931506849315,0.023922991254664936,0.02477563888232136,supported,-0.17461664015494383,-0.17959956534836408,-0.16963371496152357,supported,-0.19435237961944166,-0.19755030940736612,-0.1911544498315172,supported,0.0,0.0,0.0,-0.02434931506849315,-0.02477563888232136,-0.023922991254664936,,supported
H2B0275,X020,asymmetric_stress,4.0,0.1,32,28,28,0.5,0.5,0.05,0.05,0.1448255046169344,20,0.05093478558278632,0.04952100487261565,0.0009347855827863197,0.00047899512738435596,0.0014137807101706756,True,0.019798801369863,0.01923814539506477,0.020359457344661228,supported,-0.016984005150511093,-0.02110781550043896,-0.012860194800583227,supported,-0.04952100487261571,-0.05082962051111648,-0.04821238923411494,supported,0.0,0.0,0.0,-0.019798801369863,-0.020359457344661228,-0.01923814539506477,,supported
H2B0275,X020,asymmetric_stress,4.0,0.1,32,28,28,0.5,0.5,0.1,0.1,0.3006372268438655,20,0.09998145995719386,0.10341377263542997,1.8540042806144963e-05,0.003413772635429968,0.003432312678236113,True,0.041357020547945225,0.04060126873904484,0.04211277235684561,supported,-0.031484309851933096,-0.034970976693229294,-0.0279976430106369,supported,-0.10341377263543003,-0.10528213297017074,-0.10154541230068932,supported,0.0,0.0,0.0,-0.041357020547945225,-0.04211277235684561,-0.04060126873904484,,supported
H2B0275,X020,asymmetric_stress,4.0,0.1,32,28,28,0.5,0.5,0.2,0.2,0.5793020184677379,20,0.19940058125973875,0.19800386478265494,0.0005994187402612594,0.0019961352173450686,0.0013967164770838092,True,0.07915239726027395,0.07823207814261288,0.08007271637793503,supported,-0.061814462334671014,-0.06471660768128715,-0.05891231698805488,supported,-0.19800386478265503,-0.19993959251672389,-0.19606813704858617,supported,0.0,0.0,0.0,-0.07915239726027395,-0.08007271637793503,-0.07823207814261288,,supported
H2B0276,X021,asymmetric_stress,3.1,0.9,16,28,21,0.3,0.3,0.05,0.05,0.1543981880467121,20,0.049927283455407055,0.050515009493154864,7.271654459294757e-05,0.000515009493154861,0.0005877260377478086,True,0.13876712328767127,0.1364340935548081,0.14110015302053444,supported,-0.0012751230933900736,-0.0033794018583385016,0.0008291556715583545,inconclusive,-0.050515009493154905,-0.05126469428065848,-0.04976532470565133,supported,-0.0017465753424657337,-0.0036311488148621685,0.00013799812993070103,-0.140513698630137,-0.14249272385350156,-0.13853467340677242,balk_served,inconclusive
H2B0276,X021,asymmetric_stress,3.1,0.9,16,28,21,0.3,0.3,0.1,0.1,0.3171699607835966,20,0.09959381590798046,0.10274417501941971,0.00040618409201954864,0.0027441750194197034,0.003150359111439252,True,0.28284246575342464,0.27893114879743114,0.28675378270941815,supported,-0.004224043406435124,-0.006391422731954494,-0.0020566640809157534,inconclusive,-0.10274417501941975,-0.10378441969189135,-0.10170393034694815,supported,-0.0032791095890411072,-0.00535465302677887,-0.001203566151303344,-0.2861215753424658,-0.28922585032772774,-0.28301730035720385,balk_served,inconclusive
H2B0276,X021,asymmetric_stress,3.1,0.9,16,28,21,0.3,0.3,0.2,0.2,0.6175927521868484,20,0.20033079658380393,0.20081752050635665,0.0003307965838039162,0.0008175205063566393,0.0004867239225527231,True,0.5529537671232876,0.5502736949679985,0.5556338392785767,supported,-0.007988986839206994,-0.010021659936169804,-0.005956313742244184,supported,-0.2008175205063567,-0.20196009299334008,-0.19967494801937333,supported,-0.006892123287671276,-0.008685769235463528,-0.005098477339879023,-0.5598458904109589,-0.5626978571723827,-0.556993923649535,,supported
H2B0277,X022,asymmetric_stress,0.8,0.5,32,7,7,0.1,0.1,0.05,0.05,0.05,20,0.05024055092306924,0.05030117629851834,0.0002405509230692382,0.00030117629851833527,6.0625375449097074e-05,True,0.002701198630136975,-0.0004877674887506199,0.00589016474902457,inconclusive,-0.050240550923069296,-0.05195444923602029,-0.0485266526101183,supported,-0.05030117629851838,-0.05208841328326898,-0.04851393931376778,supported,-0.01739726027397261,-0.020548054701440388,-0.014246465846504831,-0.020098458904109585,-0.020856153795642596,-0.019340764012576575,utilization,inconclusive
H2B0277,X022,asymmetric_stress,0.8,0.5,32,7,7,0.1,0.1,0.1,0.1,0.1,20,0.09977849762116917,0.10031768021225289,0.00022150237883084012,0.0003176802122528827,0.0005391825910837228,True,0.003677226027397257,-0.0008337308602641537,0.008188182915058666,inconclusive,-0.0997784976211692,-0.10186807426332507,-0.09768892097901331,supported,-0.10031768021225299,-0.10252378242422577,-0.0981115780002802,supported,-0.036404109589041105,-0.041287974375064485,-0.031520244803017725,-0.04008133561643836,-0.04108903148361998,-0.03907363974925674,utilization,inconclusive
H2B0277,X022,asymmetric_stress,0.8,0.5,32,7,7,0.1,0.1,0.2,0.2,0.1957777745202563,20,0.1991495529368524,0.19622377703088328,0.0008504470631476024,0.003776222969116727,0.0029257759059691246,True,-0.00014126712328766945,-0.004639369751810517,0.004356835505235177,inconclusive,-0.1991495529368524,-0.201234078398667,-0.19706502747503782,supported,-0.19622377703088328,-0.19905588312016004,-0.19339167094160653,supported,-0.07852739726027398,-0.0829674373904545,-0.07408735713009347,-0.0783861301369863,-0.07970426900708195,-0.07706799126689064,utilization,inconclusive
H2B0278,X024,asymmetric_stress,0.8,0.5,32,14,14,0.1,0.1,0.05,0.05,0.05,20,0.05024055092306924,0.05030117629851834,0.0002405509230692382,0.00030117629851833527,6.0625375449097074e-05,True,0.0024357876712328753,-0.0006035250357320837,0.005475100378197834,inconclusive,-0.050240550923069296,-0.05195444923602029,-0.0485266526101183,supported,-0.05030117629851838,-0.05208841328326898,-0.04851393931376778,supported,-0.017662671232876723,-0.020726481129627234,-0.014598861336126211,-0.0200984589041096,-0.020856153795642606,-0.019340764012576592,utilization,inconclusive
H2B0278,X024,asymmetric_stress,0.8,0.5,32,14,14,0.1,0.1,0.1,0.1,0.1,20,0.09977849762116917,0.10031768021225289,0.00022150237883084012,0.0003176802122528827,0.0005391825910837228,True,0.0033904109589041028,-0.0006674935139161292,0.007448315431724335,inconclusive,-0.0997784976211692,-0.10186807426332507,-0.09768892097901331,supported,-0.10031768021225299,-0.10252378242422577,-0.0981115780002802,supported,-0.036690924657534256,-0.0412017878785444,-0.03218006143652411,-0.04008133561643836,-0.04108903148361998,-0.03907363974925674,utilization,inconclusive
H2B0278,X024,asymmetric_stress,0.8,0.5,32,14,14,0.1,0.1,0.2,0.2,0.1957777745202563,20,0.1991495529368524,0.19622377703088328,0.0008504470631476024,0.003776222969116727,0.0029257759059691246,True,-0.00043236301369864173,-0.004067031788715038,0.0032023057613177544,inconclusive,-0.1991495529368524,-0.201234078398667,-0.19706502747503782,supported,-0.19622377703088328,-0.19905588312016004,-0.19339167094160653,supported,-0.07881849315068497,-0.08254452189282796,-0.07509246440854198,-0.0783861301369863,-0.07970426900708194,-0.07706799126689065,utilization,inconclusive
H2B0279,X025,asymmetric_stress,1.25,0.1,32,14,21,0.0,0.0,0.05,0.05,0.05,20,0.05019654676304951,0.051448726443762624,0.00019654676304950436,0.0014487264437626213,0.001252179680713117,True,0.004627568493150691,0.0019284884985303033,0.007326648487771079,inconclusive,-0.050196546763049577,-0.05255199720669518,-0.047841096319403975,supported,-0.05144872644376271,-0.05459628592905167,-0.048301166958473744,supported,-0.0017979452054794286,-0.004468778727509606,0.0008728883165507488,-0.00642551369863012,-0.006796074587602545,-0.006054952809657695,utilization,inconclusive
H2B0279,X025,asymmetric_stress,1.25,0.1,32,14,21,0.0,0.0,0.1,0.1,0.1027247936313794,20,0.10085762358065298,0.10663631461448073,0.000857623580652972,0.006636314614480721,0.005778691033827749,True,0.009670376712328782,0.007050124406843817,0.012290629017813748,supported,-0.10085762358065302,-0.10417153653734636,-0.09754371062395968,supported,-0.10663631461448078,-0.11073272084695551,-0.10253990838200605,supported,-0.0036729452054794277,-0.006400628226897092,-0.0009452621840617642,-0.01334332191780821,-0.01384417662827333,-0.012842467207343089,,supported
H2B0279,X025,asymmetric_stress,1.25,0.1,32,14,21,0.0,0.0,0.2,0.2,0.2008100649719844,20,0.1966875990155558,0.20410410953837807,0.0033124009844442137,0.004104109538378059,0.007416510522822273,True,0.017726883561643824,0.015159902287513703,0.020293864835773945,supported,-0.19668759901555583,-0.2001655434288237,-0.19320965460228795,supported,-0.20410410953837813,-0.20959841593751052,-0.19860980313924573,supported,-0.007829623287671223,-0.010078962254415178,-0.005580284320927267,-0.02555650684931505,-0.026175423886711822,-0.024937589811918275,,supported
H2B0280,X026,asymmetric_stress,3.1,0.7,32,28,14,0.0,0.0,0.05,0.0968877292847285,0.1133814311381303,20,0.049740003344666425,0.04986459652424467,0.0002599966553335775,0.00013540347575533018,0.00012459317957824734,True,0.11356592465753426,0.11189228728527334,0.11523956202979518,supported,-0.0005298533697781493,-0.0014389813010544353,0.0003792745614981366,inconclusive,-0.04986459652424471,-0.05056409291548406,-0.04916510013300535,supported,0.0,0.0,0.0,-0.11356592465753426,-0.11523956202979518,-0.11189228728527334,balk_served,inconclusive
H2B0280,X026,asymmetric_stress,3.1,0.7,32,28,14,0.0,0.0,0.1,0.1760038742725198,0.2267628622762606,20,0.0979721749325095,0.0995822037789251,0.00202782506749051,0.00041779622107490644,0.0016100288464156037,True,0.22684075342465754,0.22501887333466294,0.22866263351465213,supported,0.00023481559424169408,-0.0016227283392696082,0.0020923595277529965,inconclusive,-0.09958220377892511,-0.10041700313952283,-0.0987474044183274,supported,0.0,0.0,0.0,-0.22684075342465754,-0.22866263351465213,-0.22501887333466294,balk_served,inconclusive
H2B0280,X026,asymmetric_stress,3.1,0.7,32,28,14,0.0,0.0,0.2,0.2785825231525711,0.4535257245525212,0,0.1798607097553946,0.1991002311353726,,,0.019239521379978,False,,,,inactive,,,,inactive,,,,inactive,,,,,,,target_unattainable,inactive
H2B0281,X027,asymmetric_stress,4.0,0.7,32,21,7,0.1,0.1,0.05,0.05,0.1631326126307934,20,0.04961434329653873,0.05012409635510347,0.00038565670346127345,0.00012409635510346462,0.0005097530585647381,True,0.14003852739726028,0.13827166383936962,0.14180539095515093,supported,-0.0015051636289122373,-0.0026063827317959276,-0.00040394452602854694,inconclusive,-0.05012409635510352,-0.050608203380632995,-0.04963998932957405,supported,-0.0014640410958904003,-0.0025956604172947986,-0.0003324217744860021,-0.1415025684931507,-0.14292786280504408,-0.14007727418125734,balk_served,inconclusive
H2B0281,X027,asymmetric_stress,4.0,0.7,32,21,7,0.1,0.1,0.1,0.1,0.3262652252615868,20,0.09945060977892631,0.10046429832909098,0.0005493902210736978,0.00046429832909097857,0.0010136885501646764,True,0.27934075342465753,0.2775138430790187,0.28116766377029634,supported,-0.0033361346728100483,-0.0043764842230717615,-0.002295785122548335,inconclusive,-0.10046429832909107,-0.10101754950441358,-0.09991104715376856,supported,-0.004409246575342462,-0.00556243573409713,-0.0032560574165877943,-0.28375,-0.2851565378257064,-0.2823434621742936,balk_served,inconclusive
H2B0281,X027,asymmetric_stress,4.0,0.7,32,21,7,0.1,0.1,0.2,0.2,0.6525304505231737,20,0.19985631486080094,0.20064438615579888,0.00014368513919907344,0.0006443861557988706,0.000788071294997944,True,0.5588398972602742,0.5564543488918318,0.5612254456287166,supported,-0.0067202443610963475,-0.007732909158909768,-0.005707579563282927,supported,-0.20064438615579894,-0.20148779587691695,-0.19980097643468092,supported,-0.008291952054794494,-0.009667733762444033,-0.006916170347144954,-0.5671318493150685,-0.569055982486298,-0.5652077161438391,,supported
H2B0282,X028,asymmetric_stress,3.1,0.9,64,28,14,0.1,0.1,0.05,0.05,0.1506160011877624,20,0.04977354460324463,0.05005967311186924,0.00022645539675537202,5.967311186923924e-05,0.00028612850862461126,True,0.14013484589041095,0.13888325588747022,0.14138643589335168,supported,-0.0008337819311734524,-0.0017453306035960102,7.776674124910534e-05,inconclusive,-0.050059673111869284,-0.05040213129836442,-0.04971721492537415,supported,-0.0005008561643835618,-0.0010340324189701579,3.232009020303424e-05,-0.1406357020547945,-0.14164282699492278,-0.13962857711466622,balk_served,inconclusive
H2B0282,X028,asymmetric_stress,3.1,0.9,64,28,14,0.1,0.1,0.1,0.1,0.3012320023755248,20,0.10064185045245282,0.10001733926415461,0.0006418504524528107,1.733926415460607e-05,0.0006245111882982046,True,0.2799721746575342,0.2784087352727856,0.28153561404228283,supported,-0.0019624763545119826,-0.0027879741262491434,-0.0011369785827748217,inconclusive,-0.10001733926415468,-0.10048559633040753,-0.09954908219790183,supported,-0.0010787671232876995,-0.0014981967274642172,-0.0006593375191111817,-0.2810509417808219,-0.2823871852685565,-0.2797146982930873,balk_served,inconclusive
H2B0282,X028,asymmetric_stress,3.1,0.9,64,28,14,0.1,0.1,0.2,0.2,0.6024640047510497,20,0.19981073228031138,0.19950168395968854,0.00018926771968863498,0.000498316040311475,0.00030904832062284004,True,0.5585530821917807,0.5574007983821292,0.5597053660014322,supported,-0.004614287450755131,-0.0055767592778964824,-0.0036518156236137796,inconclusive,-0.19950168395968856,-0.2000507729436129,-0.19895259497576423,supported,-0.0019049657534246534,-0.002266207874384545,-0.0015437236324647617,-0.5604580479452055,-0.5614864538185166,-0.5594296420718944,balk_served,inconclusive
H2B0283,X029,asymmetric_stress,3.1,0.3,32,7,7,0.0,0.0,0.05,0.1189424927882903,0.1219606911883491,20,0.05102836405076453,0.04988641610088813,0.0010283640507645284,0.00011358389911187566,0.001141947949876404,True,0.026596746575342455,0.023067322354179267,0.030126170796505643,supported,-0.030561869882915794,-0.03286681258898887,-0.028256927176842726,supported,-0.049886416100888176,-0.05074888392290597,-0.04902394827887038,supported,-0.019833047945205497,-0.023071052330241534,-0.01659504356016946,-0.04642979452054795,-0.047222079409207245,-0.04563750963188865,,supported
H2B0283,X029,asymmetric_stress,3.1,0.3,32,7,7,0.0,0.0,0.1,0.224322487747195,0.2439213823766982,20,0.09978204148700882,0.10049953141999295,0.00021795851299118152,0.0004995314199929407,0.0007174899329841222,True,0.05431934931506851,0.05065871058710608,0.057979988043030936,supported,-0.060801143710893846,-0.06316570303143508,-0.058436584390352604,supported,-0.10049953141999297,-0.10180377104481189,-0.09919529179517406,supported,-0.03899828767123288,-0.04223848938690838,-0.035758085955557385,-0.09331763698630141,-0.09442346630452016,-0.09221180766808267,,supported
H2B0283,X029,asymmetric_stress,3.1,0.3,32,7,7,0.0,0.0,0.2,0.4098842751758785,0.4878427647533964,20,0.19888438363179778,0.1994305359934985,0.0011156163682022324,0.0005694640065015133,0.0005461523617007191,True,0.10562500000000001,0.10301957244099358,0.10823042755900644,supported,-0.12227326634317534,-0.12498942988542591,-0.11955710280092477,supported,-0.19943053599349853,-0.20099876518114912,-0.19786230680584793,supported,-0.07963184931506853,-0.0820603698391202,-0.07720332879101686,-0.18525684931506853,-0.18648581777126932,-0.18402788085886773,,supported
H2B0284,X031,asymmetric_stress,1.25,0.3,32,28,28,0.3,0.3,0.05,0.0496570284609789,0.0625894819088517,20,0.0490557123554413,0.04946763891395821,0.0009442876445587001,0.0005323610860417938,0.0004119265585169063,True,0.01495719178082191,0.012694195846773046,0.017220187714870775,supported,-0.02774120770611736,-0.03226844885820246,-0.023213966554032264,supported,-0.04946763891395825,-0.05051898943089755,-0.048416288397018954,supported,-0.0035958904109589076,-0.005812628777756755,-0.0013791520441610605,-0.01855308219178082,-0.018946350413131575,-0.018159813970430063,,supported
H2B0284,X031,asymmetric_stress,1.25,0.3,32,28,28,0.3,0.3,0.1,0.098625399146364,0.1251789638177035,20,0.09801908122397242,0.0997340493243872,0.0019809187760275876,0.0002659506756128027,0.0017149681004147849,True,0.031177226027397253,0.02844151929857563,0.03391293275621888,supported,-0.05692737475030836,-0.060769226921444826,-0.053085522579171894,supported,-0.09973404932438726,-0.10153567722596828,-0.09793242142280624,supported,-0.0062457191780821986,-0.009116070745563695,-0.0033753676106007035,-0.03742294520547945,-0.038171215905216736,-0.03667467450574217,,supported
H2B0284,X031,asymmetric_stress,1.25,0.3,32,28,28,0.3,0.3,0.2,0.2,0.2547507790575183,20,0.1999701818905018,0.2030584286598053,2.981810949820307e-05,0.0030584286598052957,0.0030882467693034987,True,0.06269263698630137,0.060427969689841016,0.06495730428276172,supported,-0.11428211186219894,-0.11885493008514686,-0.10970929363925103,supported,-0.2030584286598053,-0.2061011238430628,-0.2000157334765478,supported,-0.013488869863013698,-0.016158484187380077,-0.010819255538647318,-0.07618150684931506,-0.07760102210135097,-0.07476199159727914,,supported
H2B0285,X034,asymmetric_stress,1.25,0.9,16,28,28,0.0,0.0,0.05,0.0540155159670366,0.0572511153283808,20,0.04986696475639037,0.0479350987318853,0.00013303524360963603,0.002064901268114705,0.001931866024505069,True,0.05232020547945204,0.049630866726280726,0.05500954423262336,supported,0.003829129157862482,-0.0030815714199872468,0.010739829735712211,inconclusive,-0.04793509873188533,-0.04946051346989349,-0.046409683993877175,supported,-0.0012585616438356094,-0.0028341841296265274,0.0003170608419553083,-0.05357876712328764,-0.055331625135008305,-0.05182590911156698,balk_served,inconclusive
H2B0285,X034,asymmetric_stress,1.25,0.9,16,28,28,0.0,0.0,0.1,0.1054729675985855,0.1203396758777772,20,0.10150492017582569,0.10057567325465389,0.0015049201758256803,0.0005756732546538801,0.0009292469211718002,True,0.10892979452054789,0.10680055140792216,0.11105903763317362,supported,0.004690654001516648,-0.0029698445987051967,0.012351152601738493,inconclusive,-0.10057567325465393,-0.1022959805106124,-0.09885536599869546,supported,-0.00370719178082195,-0.005227792126826984,-0.002186591434816916,-0.11263698630136987,-0.11467726882119364,-0.1105967037815461,balk_served,inconclusive
H2B0285,X034,asymmetric_stress,1.25,0.9,16,28,28,0.0,0.0,0.2,0.2,0.2406793517555544,20,0.20038476810891948,0.20007739781868597,0.00038476810891946434,7.739781868595919e-05,0.00030737029023350515,True,0.2044178082191781,0.20089017717216406,0.20794543926619213,supported,-0.028107792792822876,-0.034062271430497795,-0.022153314155147957,supported,-0.20007739781868605,-0.20281392820266134,-0.19734086743471077,supported,-0.019657534246575348,-0.02225663923953234,-0.017058429253618355,-0.22407534246575342,-0.22709695169093802,-0.22105373324056882,,supported
H2B0286,X035,asymmetric_stress,0.8,0.1,16,28,28,0.5,0.5,0.05,0.05,0.044487757642102,20,0.04588132494049268,0.044589107490027556,0.004118675059507325,0.005410892509972447,0.0012922174504651218,True,0.0023630136986301396,-0.0013772532279343395,0.006103280625194619,inconclusive,-0.04588132494049273,-0.05118221289748384,-0.040580436983501625,supported,-0.044589107490027605,-0.04775739026153419,-0.04142082471852102,supported,-0.001232876712328751,-0.004942836417126677,0.002477082992469175,-0.0035958904109588906,-0.0038532839313615364,-0.003338496890556245,utilization,inconclusive
H2B0286,X035,asymmetric_stress,0.8,0.1,16,28,28,0.5,0.5,0.1,0.1063056639263071,0.1,20,0.11539644784971448,0.10354751936581952,0.015396447849714473,0.0035475193658195125,0.01184892848389496,False,0.004434931506849316,0.0006250655456111979,0.008244797468087433,inconclusive,-0.11539644784971452,-0.12045435700507523,-0.11033853869435381,supported,-0.10354751936581956,-0.10823662951630772,-0.0988584092153314,supported,-0.003895547945205463,-0.00775381244171802,-3.7283448692906115e-05,-0.008330479452054779,-0.008670755640969327,-0.007990203263140231,loss_matching_failed,inconclusive
H2B0286,X035,asymmetric_stress,0.8,0.1,16,28,28,0.5,0.5,0.2,0.215556197694455,0.2078881089434769,20,0.21937229308145634,0.21352813264661372,0.019372293081456327,0.013528132646613705,0.005844160434842621,True,-0.0005650684931506889,-0.006244540197484981,0.005114403211183604,inconclusive,-0.2193722930814564,-0.22815689911564083,-0.21058768704727196,supported,-0.21352813264661377,-0.22059780561332226,-0.20645845967990528,supported,-0.017739726027397252,-0.023322815632041333,-0.012156636422753171,-0.017174657534246563,-0.017694085628857742,-0.016655229439635384,utilization,inconclusive
H2B0287,X036,asymmetric_stress,4.0,0.9,64,14,14,0.1,0.1,0.05,0.0823857041456457,0.194798178710542,20,0.05102115056843596,0.05005269482341733,0.0010211505684359565,5.269482341732634e-05,0.0009684557450186301,True,0.17983518835616435,0.17852404670718622,0.1811463300051425,supported,-0.002122749075641439,-0.0026659565778091817,-0.0015795415734736963,inconclusive,-0.05005269482341738,-0.050454156937724565,-0.04965123270911019,supported,-0.0007512842465753677,-0.0010792352761464816,-0.00042333321700425383,-0.18058647260273977,-0.18203375657295318,-0.17913918863252637,balk_served,inconclusive
H2B0287,X036,asymmetric_stress,4.0,0.9,64,14,14,0.1,0.1,0.1,0.1468742620612407,0.3895963574210841,20,0.09810102121669315,0.10022740599725906,0.0018989787833068594,0.00022740599725905308,0.0021263847805659125,True,0.3606785102739725,0.3594743030571622,0.3618827174907828,supported,-0.0028959336447092116,-0.003468913696312515,-0.002322953593105908,inconclusive,-0.10022740599725913,-0.10061786295023027,-0.09983694904428798,supported,-0.0011643835616438891,-0.0015531240418027044,-0.0007756430814850739,-0.36184289383561646,-0.36321767974959807,-0.36046810792163486,balk_served,inconclusive
H2B0287,X036,asymmetric_stress,4.0,0.9,64,14,14,0.1,0.1,0.2,0.2567770181112319,0.7791927148421683,20,0.19497172732719512,0.19994856061909302,0.005028272672804895,5.1439380906986854e-05,0.004976833291897909,True,0.719396404109589,0.7177385311985224,0.7210542770206557,supported,-0.006173847828000942,-0.00668591321399097,-0.005661782442010914,supported,-0.19994856061909302,-0.20044241758550968,-0.19945470365267637,supported,-0.0025791952054795065,-0.002982775293426242,-0.002175615117532771,-0.7219755993150685,-0.7235544080292494,-0.7203967906008876,,supported
H2B0288,X037,asymmetric_stress,3.1,0.1,64,14,14,0.3,0.3,0.05,0.05,0.0849714410761917,20,0.04999892976287033,0.049472910550718285,1.070237129675855e-06,0.0005270894492817174,0.0005260192121520416,True,0.01107020547945205,0.009396132675129374,0.012744278283774727,supported,-0.024714634127827605,-0.028076454902750004,-0.021352813352905207,supported,-0.04947291055071833,-0.0505917601204709,-0.04835406098096576,supported,-0.004270119863013694,-0.005961286633689906,-0.002578953092337481,-0.015340325342465743,-0.01571204601808504,-0.014968604666846444,,supported
H2B0288,X037,asymmetric_stress,3.1,0.1,64,14,14,0.3,0.3,0.1,0.1,0.1649419105848194,20,0.1003286811299462,0.09709248436934541,0.00032868112994619003,0.0029075156306545974,0.0032361967606007874,True,0.02194991438356163,0.019843439943502548,0.024056388823620715,supported,-0.04960321853837142,-0.05341897060807179,-0.04578746646867105,supported,-0.09709248436934549,-0.09845538368656771,-0.09572958505212327,supported,-0.008180650684931512,-0.010344043895765646,-0.0060172574740973775,-0.030130565068493143,-0.03056990502271634,-0.029691225114269946,,supported
H2B0288,X037,asymmetric_stress,3.1,0.1,64,14,14,0.3,0.3,0.2,0.2,0.3398857643047669,20,0.19837010146866677,0.19946664191399216,0.001629898531333246,0.0005333580860078513,0.0010965404453253946,True,0.04464469178082191,0.04280486978316697,0.046484513778476844,supported,-0.09835564872894806,-0.10222013143058091,-0.09449116602731521,supported,-0.19946664191399222,-0.20162304193842812,-0.19731024188955631,supported,-0.017241010273972603,-0.019240082752775688,-0.01524193779516952,-0.06188570205479451,-0.06258013404867802,-0.06119127006091101,,supported
H2B0289,X038,asymmetric_stress,0.8,0.1,64,28,28,0.1,0.5,0.05,0.05,0.05,20,0.049753406107850395,0.05048388246066273,0.0002465938921496075,0.00048388246066272816,0.0007304763528123356,True,-0.0007833904109589229,-0.00449891793382351,0.0029321371119056636,inconclusive,-0.04975340610785041,-0.05142334644144978,-0.04808346577425104,supported,-0.050483882460662786,-0.052756442890401344,-0.04821132203092423,supported,-0.004835188356164399,-0.008534312114610898,-0.0011360645977179,-0.004051797945205477,-0.0042344139150511505,-0.0038691819753598027,utilization,inconclusive
H2B0289,X038,asymmetric_stress,0.8,0.1,64,28,28,0.1,0.5,0.1,0.1,0.0955408868068683,20,0.10379010219935178,0.0967337997568349,0.0037901021993517747,0.00326620024316511,0.007056302442516885,True,-0.002666952054794508,-0.006866770402880206,0.0015328662932911894,inconclusive,-0.10379010219935184,-0.1063418058786735,-0.10123839852003017,supported,-0.09673379975683494,-0.09910728042979312,-0.09436031908387675,supported,-0.01043236301369863,-0.01464334873698396,-0.006221377290413302,-0.007765410958904123,-0.00795806172669963,-0.007572760191108617,utilization,inconclusive
H2B0289,X038,asymmetric_stress,0.8,0.1,64,28,28,0.1,0.5,0.2,0.1965480526297233,0.1898676144115552,20,0.19868328090839968,0.19076370618043462,0.0013167190916003324,0.009236293819565394,0.007919574727965062,True,-0.001588184931506842,-0.005543471189573513,0.002367101326559829,inconclusive,-0.19868328090839973,-0.20271317245362858,-0.1946533893631709,supported,-0.19076370618043467,-0.1942715384842056,-0.18725587387666373,supported,-0.016904965753424667,-0.02089691520743605,-0.012913016299413283,-0.015316780821917824,-0.015615548229266347,-0.015018013414569301,utilization,inconclusive
H2B0290,X039,asymmetric_stress,1.25,0.3,32,28,28,0.3,0.3,0.05,0.05,0.0578618054164639,20,0.0511151579296749,0.049995264083532,0.0011151579296748981,4.73591646800442e-06,0.0011198938461429025,True,0.015410958904109578,0.012635760158048716,0.01818615765017044,supported,-0.02671016323049012,-0.031667479241472694,-0.021752847219507543,supported,-0.04999526408353206,-0.0518338213146032,-0.04815670685246092,supported,-0.0034075342465753333,-0.006055763633904228,-0.0007593048592464389,-0.01881849315068491,-0.019540755127549804,-0.018096231173820018,,supported
H2B0290,X039,asymmetric_stress,1.25,0.3,32,28,28,0.3,0.3,0.1,0.1,0.111157965355937,20,0.1012516772546241,0.09684765095288952,0.0012516772546240923,0.003152349047110481,0.004404026301734573,True,0.02886986301369863,0.02605960651274101,0.031680119514656255,supported,-0.05758884976185347,-0.06140982476657755,-0.05376787475712938,supported,-0.09684765095288958,-0.09920112220604929,-0.09449417969972987,supported,-0.007615582191780818,-0.010057690201548782,-0.0051734741820128535,-0.03648544520547945,-0.03754097922307932,-0.03542991118787958,,supported
H2B0290,X039,asymmetric_stress,1.25,0.3,32,28,28,0.3,0.3,0.2,0.2,0.2257834075942218,20,0.19937732121746493,0.19474932335216466,0.0006226787825350799,0.005250676647835351,0.004627997865300271,True,0.05911386986301369,0.05721985542491618,0.0610078843011112,supported,-0.12107244202988979,-0.1267801727877663,-0.11536471127201328,supported,-0.19474932335216472,-0.1973510453621317,-0.19214760134219774,supported,-0.014267979452054791,-0.016703184780409337,-0.011832774123700244,-0.07338184931506847,-0.07464668914290293,-0.07211700948723401,,supported
H2B0291,X040,asymmetric_stress,3.1,0.5,32,14,21,0.1,0.1,0.05,0.0653944956591563,0.1415739540228086,20,0.050554967912184855,0.049828189008949364,0.0005549679121848519,0.0001718109910506388,0.0007267789032354907,True,0.0739554794520548,0.07150725005029084,0.07640370885381877,supported,-0.005834924725521401,-0.007525158520061655,-0.004144690930981147,supported,-0.04982818900894941,-0.05049482098765886,-0.049161557030239965,supported,-0.003313356164383552,-0.005693948070226183,-0.0009327642585409204,-0.07726883561643835,-0.0782858159295955,-0.0762518553032812,,supported
H2B0291,X040,asymmetric_stress,3.1,0.5,32,14,21,0.1,0.1,0.1,0.1228453231520001,0.2831479080456173,20,0.10183677566110405,0.09953934122994541,0.0018367756611040453,0.0004606587700545922,0.0022974344311586375,True,0.1475085616438356,0.14486917645580813,0.15014794683186308,supported,-0.009910466932044126,-0.011609270233691205,-0.008211663630397046,supported,-0.09953934122994545,-0.10026526993588665,-0.09881341252400426,supported,-0.006857876712328764,-0.009206080729441781,-0.004509672695215747,-0.1543664383561644,-0.15539683288103343,-0.15333604383129537,,supported
H2B0291,X040,asymmetric_stress,3.1,0.5,32,14,21,0.1,0.1,0.2,0.2232744681162846,0.5662958160912347,20,0.20723840167101581,0.19922296302135645,0.007238401671015804,0.0007770369786435638,0.008015438649659368,True,0.29508561643835624,0.2923138179779252,0.29785741489878725,supported,-0.019361710578144786,-0.0216295919613512,-0.017093829194938372,supported,-0.19922296302135648,-0.20029990194331365,-0.1981460240993993,supported,-0.013749999999999995,-0.016749259501019558,-0.010750740498980433,-0.30883561643835616,-0.31092554326929966,-0.30674568960741266,,supported
H2B0292,X041,asymmetric_stress,0.8,0.9,64,28,28,0.0,0.0,0.05,0.05,0.05,20,0.05029980199183372,0.05000614868605217,0.0002998019918337147,6.148686052163954e-06,0.00029365330578155074,True,0.0004430650684931481,-0.0035877848317374967,0.004473914968723793,inconclusive,-0.050299801991833745,-0.05101556117967573,-0.049584042803991764,supported,-0.05000614868605221,-0.050924724109489394,-0.04908757326261502,supported,-0.03549871575342467,-0.0395411872892235,-0.03145624421762584,-0.03594178082191782,-0.036603375315416714,-0.03528018632841892,utilization,inconclusive
H2B0292,X041,asymmetric_stress,0.8,0.9,64,28,28,0.0,0.0,0.1,0.1,0.1,20,0.1003990778478278,0.10048584199754929,0.00039907784782779177,0.00048584199754928004,8.676414972148827e-05,True,6.421232876724359e-06,-0.004366004956188314,0.004378847421941763,inconclusive,-0.10039907784782783,-0.10166974093138245,-0.0991284147642732,supported,-0.10048584199754935,-0.10154274326047903,-0.09942894073461968,supported,-0.07221746575342466,-0.07675171383402768,-0.06768321767282165,-0.0722238869863014,-0.07299599299062097,-0.07145178098198184,utilization,inconclusive
H2B0292,X041,asymmetric_stress,0.8,0.9,64,28,28,0.0,0.0,0.2,0.2,0.2,20,0.19973173787414156,0.20000341700754665,0.0002682621258584539,3.417007546635542e-06,0.0002716791334050894,True,0.00207405821917806,-0.002379118940445521,0.00652723537880164,inconclusive,-0.19973173787414158,-0.20136112444229654,-0.19810235130598663,supported,-0.2000034170075467,-0.201576057927138,-0.1984307760879554,supported,-0.1416823630136987,-0.1463500951310811,-0.13701463089631627,-0.1437564212328767,-0.14503652984830695,-0.14247631261744648,utilization,inconclusive
H2B0293,X042,asymmetric_stress,0.8,0.5,16,21,21,0.3,0.3,0.05,0.05,0.0462610798096371,20,0.05090306215629088,0.046929506973351374,0.0009030621562908792,0.0030704930266486283,0.0039735551829395074,True,0.0016780821917808109,-0.0031904073787078985,0.00654657176226952,inconclusive,-0.05090306215629094,-0.05251546583525387,-0.049290658477328005,supported,-0.046929506973351416,-0.0490017752196779,-0.044857238727024934,supported,-0.01705479452054795,-0.02234280962380527,-0.01176677941729063,-0.01873287671232876,-0.019636713326033763,-0.01782904009862376,utilization,inconclusive
H2B0293,X042,asymmetric_stress,0.8,0.5,16,21,21,0.3,0.3,0.1,0.1002939563443859,0.095811765352614,20,0.10130463035972184,0.09500668029110189,0.0013046303597218367,0.004993319708898117,0.0062979500686199535,True,-0.0006164383561643699,-0.004780070717377603,0.0035471940050488624,inconclusive,-0.10130463035972186,-0.10375087452521496,-0.09885838619422875,supported,-0.09500668029110193,-0.09803700619268038,-0.09197635438952348,supported,-0.03853595890410959,-0.042759885901443015,-0.03431203190677616,-0.03791952054794523,-0.03927790947389049,-0.03656113162199997,utilization,inconclusive
H2B0293,X042,asymmetric_stress,0.8,0.5,16,21,21,0.3,0.3,0.2,0.2,0.2,20,0.20166129291997362,0.19951348690229723,0.001661292919973606,0.0004865130977027843,0.0021478060176763902,True,0.0026626712328767232,-0.0011512360726429285,0.0064765785383963746,inconclusive,-0.20166129291997362,-0.2059429337332434,-0.19737965210670383,supported,-0.19951348690229728,-0.20385187276157019,-0.19517510104302438,supported,-0.07695205479452054,-0.08154714671599414,-0.07235696287304694,-0.07961472602739728,-0.08156381849759306,-0.07766563355720149,utilization,inconclusive
H2B0294,X044,asymmetric_stress,4.0,0.3,32,28,21,0.0,0.0,0.05,0.054946772086997,0.0629232441260809,20,0.048848662184273375,0.050466081788201424,0.0011513378157266274,0.00046608178820142093,0.0016174196039280483,True,0.06332191780821916,0.0620420348961198,0.06460180072031853,supported,0.002365198720309725,-0.001346713883187484,0.006077111323806934,inconclusive,-0.050466081788201486,-0.05150064471432801,-0.04943151886207496,supported,0.0,0.0,0.0,-0.06332191780821916,-0.06460180072031853,-0.0620420348961198,balk_served,inconclusive
H2B0294,X044,asymmetric_stress,4.0,0.3,32,28,21,0.0,0.0,0.1,0.1024633431260805,0.1258464882521618,20,0.09576961492379156,0.10053564318198686,0.0042303850762084455,0.0005356431819868585,0.004766028258195304,True,0.1259931506849315,0.12474542993617697,0.127240871433686,supported,0.006762989880115389,0.001745642939907627,0.011780336820323152,reversed,-0.10053564318198696,-0.10160283001316521,-0.09946845635080871,supported,0.0,0.0,0.0,-0.1259931506849315,-0.127240871433686,-0.12474542993617697,balk_served,reversed
H2B0294,X044,asymmetric_stress,4.0,0.3,32,28,21,0.0,0.0,0.2,0.2,0.2516929765043237,20,0.2011198410884835,0.20061705099354948,0.0011198410884834809,0.0006170509935494728,0.0005027900949340081,True,0.25102739726027395,0.24955847434633946,0.2524963201742085,supported,-0.02506029002372223,-0.028840528824258294,-0.02128005122318617,supported,-0.2006170509935495,-0.20177481217502855,-0.19945928981207048,supported,0.0,0.0,0.0,-0.25102739726027395,-0.2524963201742085,-0.24955847434633946,,supported
H2B0295,X045,asymmetric_stress,3.1,0.1,32,28,28,0.5,0.5,0.05,0.05,0.1128816267685582,20,0.05005128975495182,0.04974053965730122,5.128975495181931e-05,0.0002594603426987821,0.0003107500976506014,True,0.010556506849315094,0.0075963072237916485,0.01351670647483854,supported,-0.019970099103412377,-0.023818473918720183,-0.016121724288104572,supported,-0.049740539657301255,-0.05151732617383388,-0.04796375314076863,supported,-0.004803082191780808,-0.007821313951493242,-0.0017848504320683747,-0.015359589041095903,-0.015944661936582387,-0.014774516145609417,,supported
H2B0295,X045,asymmetric_stress,3.1,0.1,32,28,28,0.5,0.5,0.1,0.1,0.2315796029632181,20,0.10086492713340704,0.10178592443908763,0.0008649271334070369,0.0017859244390876217,0.0009209973056805848,True,0.02217465753424657,0.01909725530218025,0.025252059766312892,supported,-0.036771768266878044,-0.04147255915891153,-0.03207097737484456,supported,-0.10178592443908765,-0.10452567662386217,-0.09904617225431314,supported,-0.009289383561643836,-0.012322991836478312,-0.006255775286809359,-0.031464041095890405,-0.03233073557796677,-0.03059734661381404,,supported
H2B0295,X045,asymmetric_stress,3.1,0.1,32,28,28,0.5,0.5,0.2,0.2034345272981347,0.4607741336447532,20,0.2039861110196634,0.2013526599807795,0.003986111019663396,0.0013526599807794915,0.002633451038883905,True,0.04628852739726026,0.0440270564565025,0.04854999833801803,supported,-0.08027684717874914,-0.08384722159043022,-0.07670647276706806,supported,-0.20135265998077956,-0.20408988822084506,-0.19861543174071405,supported,-0.01595462328767124,-0.017987015960076652,-0.013922230615265825,-0.06224315068493149,-0.06328000388909806,-0.06120629748076492,,supported
H2B0296,X047,asymmetric_stress,1.25,0.3,16,28,21,0.1,0.1,0.05,0.0510891634457898,0.0617608245767955,20,0.05157905198635274,0.05420641258247855,0.0015790519863527405,0.004206412582478544,0.0026273605961258037,True,0.015325342465753395,0.011762064442811207,0.018888620488695582,supported,-0.03241262648728969,-0.03989020955382259,-0.024935043420756788,supported,-0.05420641258247862,-0.05612481773493398,-0.052288007430023264,supported,-0.005008561643835641,-0.00888177825282904,-0.0011353450348422413,-0.020333904109589036,-0.021047325308589403,-0.01962048291058867,,supported
H2B0296,X047,asymmetric_stress,1.25,0.3,16,28,21,0.1,0.1,0.1,0.1,0.1160522165159737,20,0.10171928817876259,0.10173957733305752,0.0017192881787625874,0.0017395773330575182,2.0289154294930722e-05,True,0.024777397260273965,0.02090093336892796,0.02865386115161997,supported,-0.06406178737541672,-0.0708569183472261,-0.057266656403607334,supported,-0.10173957733305758,-0.10473519577024543,-0.09874395889586973,supported,-0.013433219178082201,-0.017281623860224516,-0.009584814495939887,-0.03821061643835617,-0.03937812333481686,-0.03704310954189547,,supported
H2B0296,X047,asymmetric_stress,1.25,0.3,16,28,21,0.1,0.1,0.2,0.2,0.2383202961309319,20,0.20005232847974846,0.20410333264749686,5.232847974845356e-05,0.004103332647496849,0.0040510041677483954,True,0.053236301369863015,0.05008046880674278,0.05639213393298325,supported,-0.1259862708023428,-0.13466224750485942,-0.11731029409982614,supported,-0.20410333264749694,-0.20863922402314686,-0.19956744127184703,supported,-0.02332191780821919,-0.026590006797123877,-0.020053828819314504,-0.07655821917808218,-0.07833767978911936,-0.07477875856704501,,supported
H2B0297,X048,asymmetric_stress,4.0,0.3,32,14,14,0.0,0.5,0.05,0.0565226405586274,0.0609189849542536,20,0.04950298971670192,0.05041294901447926,0.0004970102832980855,0.00041294901447925386,0.0009099592977773394,True,0.05958476027397268,0.05880220105695686,0.060367319490988496,supported,-0.0004039854580694613,-0.004789007008443269,0.003981036092304346,inconclusive,-0.05041294901447931,-0.05110777387407753,-0.049718124154881096,supported,-0.0010873287671232634,-0.0013812341341246375,-0.0007934234001218893,-0.06067208904109593,-0.0614962811216675,-0.05984789696052436,balk_served,inconclusive
H2B0297,X048,asymmetric_stress,4.0,0.3,32,14,14,0.0,0.5,0.1,0.1093984698352323,0.1218379699085073,20,0.10231740123516234,0.10029699495036208,0.0023174012351623308,0.00029699495036207557,0.002020406284800255,True,0.11732876712328766,0.11577315319963809,0.11888438104693723,supported,0.0036164247509411886,-0.00032352979464142593,0.007556379296523803,inconclusive,-0.10029699495036208,-0.10135442796666252,-0.09923956193406164,supported,-0.0033476027397260468,-0.003885964217394169,-0.0028092412620579245,-0.12067636986301371,-0.12206889337362888,-0.11928384635239854,balk_served,inconclusive
H2B0297,X048,asymmetric_stress,4.0,0.3,32,14,14,0.0,0.5,0.2,0.2,0.2436759398170147,20,0.1998484959609386,0.20234418994553996,0.00015150403906141752,0.0023441899455399484,0.002495693984601366,True,0.2150642123287671,0.2126371336837972,0.217491290973737,supported,-0.02595665945206068,-0.02962753133018514,-0.02228578757393622,supported,-0.20234418994553996,-0.20386660250819716,-0.20082177738288276,supported,-0.028163527397260336,-0.030446723779355943,-0.02588033101516473,-0.24322773972602735,-0.24478723285010515,-0.24166824660194955,,supported
H2B0298,X049,asymmetric_stress,4.0,0.3,16,14,21,0.3,0.3,0.05,0.05,0.1021712160807979,20,0.0497291220607523,0.050866036961474195,0.00027087793924770315,0.0008660369614741925,0.0011369149007218957,True,0.061130136986301375,0.059543882890881694,0.06271639108172106,supported,-0.010428757029742159,-0.014003165442415528,-0.00685434861706879,supported,-0.05086603696147425,-0.052175609804039846,-0.049556464118908655,supported,0.0,-2.6000671958608566e-05,2.6000671958608566e-05,-0.061130136986301375,-0.06271703022784682,-0.05954324374475593,,supported
H2B0298,X049,asymmetric_stress,4.0,0.3,16,14,21,0.3,0.3,0.1,0.1,0.2043424321615959,20,0.10123483986791393,0.09930171817762044,0.0012348398679139228,0.0006982818223795623,0.001933121690293485,True,0.11920376712328769,0.11698755870226563,0.12141997554430975,supported,-0.021569526948423394,-0.02462739544927346,-0.01851165844757333,supported,-0.0993017181776205,-0.10118431202795702,-0.09741912432728397,supported,1.7123287671239052e-05,-7.543115553983237e-06,4.178969089646134e-05,-0.11918664383561643,-0.12140471222764251,-0.11696857544359035,,supported
H2B0298,X049,asymmetric_stress,4.0,0.3,16,14,21,0.3,0.3,0.2,0.2,0.4086848643231919,20,0.19860059678751385,0.20023287299388062,0.001399403212486161,0.00023287299388061178,0.0016322762063667728,True,0.24028253424657536,0.23810547281517563,0.2424595956779751,supported,-0.044368892426929804,-0.0476779722165126,-0.04105981263734701,supported,-0.20023287299388065,-0.20220047299873234,-0.19826527298902896,supported,1.7123287671239052e-05,-7.543115553983237e-06,4.178969089646134e-05,-0.2402654109589041,-0.24244858118882545,-0.23808224072898276,,supported
H2B0299,X050,asymmetric_stress,3.1,0.9,16,21,28,0.5,0.5,0.05,0.05,0.1459754001416125,20,0.0505820962850123,0.04985763051334881,0.0005820962850122957,0.00014236948665119487,0.0007244657716634906,True,0.1378595890410959,0.13489028270560857,0.14082889537658325,supported,0.0002804173455260489,-0.0013500021998596543,0.0019108368909117519,inconclusive,-0.04985763051334886,-0.050738371715636846,-0.04897688931106088,supported,-0.0018065068493150593,-0.003137750140514081,-0.0004752635581160376,-0.13966609589041099,-0.14207859889100158,-0.1372535928898204,balk_served,inconclusive
H2B0299,X050,asymmetric_stress,3.1,0.9,16,21,28,0.5,0.5,0.1,0.1,0.291950800283225,20,0.10042237900671314,0.09901375326346032,0.00042237900671313056,0.0009862467365396865,0.001408625743252817,True,0.2745376712328767,0.27104591554442264,0.27802942692133076,supported,-0.0013095803546984447,-0.0029199977223045943,0.0003008370129077046,inconclusive,-0.0990137532634604,-0.10022787062831359,-0.09779963589860721,supported,-0.0025513698630137303,-0.0036992045632410347,-0.0014035351627864256,-0.27708904109589044,-0.2805836513486438,-0.27359443084313706,balk_served,inconclusive
H2B0299,X050,asymmetric_stress,3.1,0.9,16,21,28,0.5,0.5,0.2,0.2,0.58390160056645,20,0.20091733218756982,0.19793391835488838,0.0009173321875698137,0.002066081645111628,0.002983413832681442,True,0.547611301369863,0.5441201870697636,0.5511024156699624,supported,-0.0029007368360919328,-0.004631807041010912,-0.0011696666311729537,inconclusive,-0.19793391835488838,-0.19916576892632618,-0.1967020677834506,supported,-0.006258561643835636,-0.007578073331171772,-0.0049390499564995,-0.5538698630136987,-0.5571711702879121,-0.5505685557394853,balk_served,inconclusive
H2B0300,X051,asymmetric_stress,1.25,0.1,16,14,21,0.5,0.0,0.05,0.0510709504685408,0.7306986348292513,20,0.04342719616126892,0.03560584065818883,0.00657280383873108,0.014394159341811173,0.007821355503080094,True,0.003690068493150672,0.0001934396812706689,0.007186697305030675,inconclusive,0.007345076766089631,-0.011990740110876617,0.02668089364305588,inconclusive,-0.035605840658188864,-0.04248109515876534,-0.028730586157612394,supported,-0.0008390410958904248,-0.004629783916236679,0.0029517017244558292,-0.004529109589041097,-0.0053881062355103735,-0.0036701129425718206,utilization;balk_served,inconclusive
H2B0300,X051,asymmetric_stress,1.25,0.1,16,14,21,0.5,0.0,0.1,0.1133810936976963,1.0,0,0.0884813775907745,0.0685323756275416,,,0.0199490019632328,False,,,,inactive,,,,inactive,,,,inactive,,,,,,,target_unattainable,inactive
H2B0300,X051,asymmetric_stress,1.25,0.1,16,14,21,0.5,0.0,0.2,0.2042838018741633,1.0,0,0.2164290671022617,0.0685323756275416,,,0.1478966914747201,False,,,,inactive,,,,inactive,,,,inactive,,,,,,,target_unattainable,inactive
H2B0301,X052,asymmetric_stress,4.0,0.7,32,21,14,0.1,0.1,0.05,0.05,0.1696979435265161,20,0.048341273054158904,0.049833262987533496,0.0016587269458410991,0.00016673701246650713,0.001491989933374592,True,0.13998715753424654,0.13848476213264643,0.14148955293584664,supported,-0.002998189574731905,-0.004266477168356201,-0.0017299019811076093,inconclusive,-0.04983326298753358,-0.05040621704937878,-0.049260308925688376,supported,-0.00015839041095890293,-0.00045349374239255386,0.000136712920474748,-0.14014554794520545,-0.14156805442679418,-0.13872304146361672,balk_served,inconclusive
H2B0301,X052,asymmetric_stress,4.0,0.7,32,21,14,0.1,0.1,0.1,0.1,0.3393958870530323,20,0.09952496490776175,0.10001266634832193,0.00047503509223825735,1.2666348321921372e-05,0.0004877014405601787,True,0.28145976027397257,0.27976290639151846,0.2831566141564267,supported,-0.0053790745856122,-0.006660788028182983,-0.004097361143041418,supported,-0.100012666348322,-0.10073225863473351,-0.09929307406191049,supported,-5.993150684930892e-05,-0.0003238415292628807,0.00020397851556426284,-0.2815196917808219,-0.28313347679868284,-0.279905906762961,,supported
H2B0301,X052,asymmetric_stress,4.0,0.7,32,21,14,0.1,0.1,0.2,0.2,0.6787917741060647,20,0.19960729775106412,0.2002994449947976,0.00039270224893589445,0.00029944499479758746,0.0006921472437334819,True,0.5639383561643835,0.5621655564455059,0.565711155883261,supported,-0.010841879017639435,-0.012309791143007762,-0.009373966892271109,supported,-0.20029944499479768,-0.20111745190711325,-0.19948143808248212,supported,-9.845890410957181e-05,-0.0003311158893607738,0.00013419808114163023,-0.5640368150684931,-0.5657953465905191,-0.5622782835464671,,supported
H2B0302,X053,asymmetric_stress,0.8,0.9,32,14,14,0.5,0.5,0.05,0.05,0.05,20,0.049589461746215355,0.050201920904913086,0.00041053825378464803,0.00020192090491308323,0.0006124591586977313,True,0.0004109589041095818,-0.004743155419697006,0.00556507322791617,inconclusive,-0.049589461746215396,-0.050853826146247415,-0.04832509734618338,supported,-0.05020192090491314,-0.05123302029881739,-0.04917082151100889,supported,-0.035817636986301374,-0.041484415813071676,-0.03015085815953107,-0.036228595890410956,-0.03706983667238329,-0.03538735510843862,utilization,inconclusive
H2B0302,X053,asymmetric_stress,0.8,0.9,32,14,14,0.5,0.5,0.1,0.1,0.1,20,0.09936691491551737,0.10096553834223605,0.0006330850844826347,0.000965538342236047,0.0015986234267186816,True,0.0014511986301369794,-0.003978780030278208,0.006881177290552166,inconclusive,-0.09936691491551744,-0.10129935091882936,-0.09743447891220552,supported,-0.1009655383422361,-0.10250455955796284,-0.09942651712650935,supported,-0.0714083904109589,-0.0776274918242827,-0.06518928899763508,-0.07285958904109588,-0.07418606932593538,-0.07153310875625637,utilization,inconclusive
H2B0302,X053,asymmetric_stress,0.8,0.9,32,14,14,0.5,0.5,0.2,0.2,0.2,20,0.19975326912875163,0.20064964488663412,0.00024673087124837956,0.0006496448866341042,0.0008963757578824838,True,0.004071061643835627,-0.0005299825279829846,0.008672105815654238,inconclusive,-0.19975326912875166,-0.20269274983954744,-0.19681378841795588,supported,-0.20064964488663412,-0.202407450892188,-0.19889183888108022,supported,-0.14070205479452053,-0.14597789162698208,-0.13542621796205898,-0.14477311643835616,-0.1463642893196164,-0.14318194355709593,utilization,inconclusive
H2B0303,X054,asymmetric_stress,1.25,0.5,16,21,21,0.0,0.0,0.05,0.059472077056428,0.0589621114791018,20,0.054826078250098484,0.05104925936888054,0.004826078250098481,0.001049259368880534,0.003776818881217947,True,0.028518835616438365,0.02553436221542056,0.03150330901745617,supported,-0.022712479804679976,-0.029404398856828468,-0.016020560752531485,supported,-0.05104925936888059,-0.05292632336813003,-0.049172195369631154,supported,-0.002808219178082194,-0.0055188313168580555,-9.760703930633248e-05,-0.03132705479452056,-0.0324479446371851,-0.030206164951856018,,supported
H2B0303,X054,asymmetric_stress,1.25,0.5,16,21,21,0.0,0.0,0.1,0.1066893415295791,0.1179242229582037,20,0.0985232034534129,0.1029773261054715,0.0014767965465871113,0.002977326105471495,0.004454122652058606,True,0.0577482876712329,0.05406252619480441,0.06143404914766139,supported,-0.042916800355633555,-0.04944790863170548,-0.03638569207956163,supported,-0.10297732610547153,-0.10533670000356994,-0.10061795220737312,supported,-0.005702054794520533,-0.0088791517913017,-0.0025249577977393663,-0.06345034246575346,-0.06500853455737507,-0.06189215037413185,,supported
H2B0303,X054,asymmetric_stress,1.25,0.5,16,21,21,0.0,0.0,0.2,0.2,0.2358484459164075,20,0.1964601714065109,0.20341649996948524,0.003539828593489114,0.0034164999694852316,0.006956328562974345,True,0.10894691780821916,0.10493902786966156,0.11295480774677677,supported,-0.0851227984191709,-0.09369988639336391,-0.0765457104449779,supported,-0.20341649996948527,-0.20704030750742677,-0.19979269243154377,supported,-0.017071917808219178,-0.020934754958541565,-0.01320908065789679,-0.12601883561643837,-0.12860410205457629,-0.12343356917830044,,supported
H2B0304,X055,asymmetric_stress,4.0,0.3,64,7,7,0.3,0.3,0.05,0.0537069687078224,0.1617663853059321,20,0.051230168613616164,0.04971563531387457,0.0012301686136161616,0.00028436468612542953,0.0015145332997415911,True,0.05296018835616436,0.05103727787040242,0.0548830988419263,supported,-0.008790855068213343,-0.010551258084793637,-0.00703045205163305,supported,-0.049715635313874615,-0.05038465367383344,-0.04904661695391579,supported,-0.006842893835616454,-0.008551637975368983,-0.005134149695863925,-0.05980308219178082,-0.06053483483201142,-0.05907132955155022,,supported
H2B0304,X055,asymmetric_stress,4.0,0.3,64,7,7,0.3,0.3,0.1,0.1009991022657916,0.3235327706118642,20,0.09862782361815824,0.0993148917671475,0.0013721763818417693,0.0006851082328525049,0.0006870681489892644,True,0.10547945205479455,0.10288195369427985,0.10807695041530924,supported,-0.01890934590158545,-0.02077361578681985,-0.01704507601635105,supported,-0.09931489176714756,-0.10017133627932343,-0.09845844725497169,supported,-0.013944777397260272,-0.016313844526242606,-0.01157571026827794,-0.1194242294520548,-0.12042091687246355,-0.11842754203164606,,supported
H2B0304,X055,asymmetric_stress,4.0,0.3,64,7,7,0.3,0.3,0.2,0.2033633543792552,0.6470655412237284,20,0.20211856857886934,0.198787326916345,0.0021185685788693287,0.0012126730836550248,0.0033312416625243535,True,0.21160316780821917,0.20979509873049443,0.2134112368859439,supported,-0.03998066214644301,-0.04205756605705095,-0.03790375823583507,supported,-0.19878732691634501,-0.19996241393296021,-0.1976122398997298,supported,-0.027388698630136998,-0.028961035388949417,-0.025816361871324578,-0.23899186643835618,-0.24013990127735096,-0.2378438315993614,,supported
H2B0305,X056,asymmetric_stress,1.25,0.1,64,7,14,0.0,0.0,0.05,0.0491931419994515,0.05,20,0.04956026219028935,0.05039689237290559,0.00043973780971065524,0.00039689237290558427,0.0008366301826162395,True,0.0006399828767123083,-0.0016722089730348232,0.0029521747264594396,inconclusive,-0.0495602621902894,-0.051830960544665926,-0.04728956383591288,supported,-0.050396892372905636,-0.052316289117507894,-0.04847749562830338,supported,-0.0056549657534246565,-0.007949653028013988,-0.0033602784788353242,-0.006294948630136965,-0.006517808195474449,-0.006072089064799481,utilization,inconclusive
H2B0305,X056,asymmetric_stress,1.25,0.1,64,7,14,0.0,0.0,0.1,0.1,0.1069284342420069,20,0.10145038453432283,0.10745097194595374,0.001450384534322821,0.007450971945953733,0.006000587411630912,True,0.00040239726027396783,-0.001683988584754419,0.0024887831053023546,inconclusive,-0.10145038453432294,-0.10357722531667474,-0.09932354375197114,supported,-0.1074509719459538,-0.11022203933611963,-0.10467990455578796,supported,-0.013024400684931487,-0.01505448208312258,-0.010994319286740394,-0.013426797945205455,-0.01377685930074503,-0.013076736589665879,utilization,inconclusive
H2B0305,X056,asymmetric_stress,1.25,0.1,64,7,14,0.0,0.0,0.2,0.2,0.213342387040981,20,0.1983263580148282,0.21300741108163787,0.0016736419851718087,0.01300741108163786,0.014681053066809668,False,0.0015154109589041065,-0.0006557074258043249,0.0036865293436125377,inconclusive,-0.19832635801482826,-0.20299286269259997,-0.19365985333705654,supported,-0.21300741108163793,-0.21755691063489485,-0.208457911528381,supported,-0.02510273972602739,-0.027142212363725167,-0.023063267088329613,-0.026618150684931497,-0.027210686546532144,-0.02602561482333085,loss_matching_failed,inconclusive
H2B0306,X058,asymmetric_stress,3.1,0.9,64,28,28,0.1,0.1,0.05,0.05,0.1557815434090202,20,0.04996654941831041,0.04985175596370513,3.34505816895897e-05,0.0001482440362948756,0.0001147934546052859,True,0.13896404109589044,0.13733687363350705,0.14059120855827384,supported,-0.002192012616176758,-0.0033108733462221315,-0.0010731518861313847,inconclusive,-0.04985175596370517,-0.05039964175565796,-0.049303870171752376,supported,-0.0009439212328767099,-0.0014001605644205354,-0.00048768190133288437,-0.13990796232876712,-0.14144354189271516,-0.13837238276481909,balk_served,inconclusive
H2B0306,X058,asymmetric_stress,3.1,0.9,64,28,28,0.1,0.1,0.1,0.1,0.3115630868180405,20,0.10092669135584206,0.10001842937818299,0.0009266913558420575,1.842937818298529e-05,0.0009082619776590722,True,0.2772859589041096,0.2753688236399115,0.27920309416830774,supported,-0.003594694784442534,-0.004523758000469228,-0.0026656315684158408,inconclusive,-0.10001842937818303,-0.10067922515467054,-0.09935763360169553,supported,-0.0034160958904109417,-0.004119695164009606,-0.002712496616812278,-0.2807020547945206,-0.28248558528647894,-0.27891852430256225,balk_served,inconclusive
H2B0306,X058,asymmetric_stress,3.1,0.9,64,28,28,0.1,0.1,0.2,0.2,0.623126173636081,20,0.19967283722660575,0.20041519527420576,0.00032716277339425726,0.00041519527420574853,0.0007423580476000058,True,0.5544970034246576,0.5526541344366954,0.5563398724126197,supported,-0.007730880537726054,-0.00856880126958856,-0.006892959805863547,supported,-0.2004151952742058,-0.20115265551020048,-0.1996777350382111,supported,-0.007889554794520548,-0.008683376749248767,-0.00709573283979233,-0.5623865582191783,-0.5639981185211039,-0.5607749979172526,,supported
H2B0307,X061,asymmetric_stress,2.0,0.9,64,14,28,0.5,0.5,0.05,0.05,0.0970196673084624,20,0.04997175759417435,0.050368004931589015,2.824240582565557e-05,0.00036800493158901243,0.000396247337414668,True,0.09051369863013699,0.08947526958295858,0.0915521276773154,supported,-0.0020957873168455043,-0.00396468505184974,-0.0002268895818412686,inconclusive,-0.050368004931589105,-0.050915695501029104,-0.04982031436214911,supported,0.0,0.0,0.0,-0.09051369863013699,-0.0915521276773154,-0.08947526958295858,balk_served,inconclusive
H2B0307,X061,asymmetric_stress,2.0,0.9,64,14,28,0.5,0.5,0.1,0.1,0.1940393346169248,20,0.09965905032798712,0.10031546868962318,0.00034094967201288295,0.0003154686896231773,0.0006564183616360603,True,0.18026327054794516,0.17890202494393237,0.18162451615195796,supported,-0.005576760420375015,-0.007091483253809841,-0.004062037586940189,supported,-0.10031546868962324,-0.10108615457309286,-0.09954478280615361,supported,0.0,0.0,0.0,-0.18026327054794516,-0.18162451615195796,-0.17890202494393237,,supported
H2B0307,X061,asymmetric_stress,2.0,0.9,64,14,28,0.5,0.5,0.2,0.2,0.3880786692338496,20,0.20018162728579014,0.20048551752688204,0.00018162728579013132,0.00048551752688202887,0.00030389024109189755,True,0.3604002568493151,0.3590273131149794,0.3617732005836508,supported,-0.008268590026525057,-0.009913377052502342,-0.006623803000547774,supported,-0.20048551752688218,-0.20140214302493978,-0.19956889202882458,supported,0.0,0.0,0.0,-0.3604002568493151,-0.3617732005836508,-0.3590273131149794,,supported
H2B0308,X062,asymmetric_stress,4.0,0.5,16,14,14,0.0,0.3,0.05,0.100157087413165,0.1068803871048664,20,0.051528369648796944,0.04962033948735514,0.0015283696487969414,0.000379660512644861,0.0019080301614418024,True,0.09360445205479453,0.09175560955802221,0.09545329455156686,supported,-0.006727793833463389,-0.010096523736032096,-0.0033590639308946815,supported,-0.04962033948735517,-0.05036959158063754,-0.048871087394072796,supported,-0.005821917808219212,-0.007385853363552804,-0.004257982252885621,-0.09942636986301376,-0.10101991093649854,-0.09783282878952898,,supported
H2B0308,X062,asymmetric_stress,4.0,0.5,16,14,14,0.0,0.3,0.1,0.1770119598060862,0.2137607742097328,20,0.09914171228686339,0.0997766752058853,0.0008582877131366184,0.00022332479411470152,0.0006349629190219169,True,0.1891609589041096,0.18628931445716745,0.19203260335105177,supported,-0.010697574234453746,-0.013340140101713333,-0.00805500836719416,supported,-0.09977667520588535,-0.10098064284683332,-0.09857270756493737,supported,-0.011147260273972648,-0.012559194918828624,-0.009735325629116671,-0.20030821917808223,-0.20282096587186035,-0.1977954724843041,,supported
H2B0308,X062,asymmetric_stress,4.0,0.5,16,14,14,0.0,0.3,0.2,0.2960385622501711,0.4275215484194656,20,0.1888870915889377,0.19938275583473666,0.0111129084110623,0.0006172441652633476,0.010495664245798952,False,0.3785017123287671,0.3755796167728638,0.38142380788467045,supported,-0.021557675466674933,-0.024902452808911884,-0.018212898124437982,supported,-0.1993827558347367,-0.2009623328380445,-0.1978031788314289,supported,-0.02195205479452058,-0.023779441508103277,-0.020124668080937883,-0.40045376712328773,-0.403008758182459,-0.39789877606411644,loss_matching_failed,inconclusive
H2B0309,X063,asymmetric_stress,0.8,0.3,64,21,21,0.0,0.3,0.05,0.05,0.05,20,0.04925245421918485,0.0493536291055751,0.0007475457808151509,0.0006463708944249025,0.00010117488639024841,True,0.0006827910958904337,-0.003081297158983941,0.004446879350764808,inconclusive,-0.049252454219184914,-0.050436771154606805,-0.048068137283763024,supported,-0.04935362910557513,-0.05086454000603824,-0.04784271820511202,supported,-0.011136558219178055,-0.014907637695052552,-0.00736547874330356,-0.011819349315068488,-0.012208649146057654,-0.011430049484079323,utilization,inconclusive
H2B0309,X063,asymmetric_stress,0.8,0.3,64,21,21,0.0,0.3,0.1,0.1,0.1,20,0.09989763984568908,0.10000560647848375,0.00010236015431092094,5.60647848374396e-06,0.0001079666327946649,True,0.000612157534246549,-0.003328258562391894,0.0045525736308849925,inconclusive,-0.09989763984568908,-0.1020459014409405,-0.09774937825043767,supported,-0.10000560647848378,-0.10194533898321424,-0.09806587397375331,supported,-0.023330479452054798,-0.027404534606191713,-0.019256424297917882,-0.023942636986301346,-0.024412095841162728,-0.023473178131439964,utilization,inconclusive
H2B0309,X063,asymmetric_stress,0.8,0.3,64,21,21,0.0,0.3,0.2,0.2,0.2062757669588228,20,0.19986590644196392,0.20624601157154276,0.00013409355803609135,0.006246011571542753,0.006380105129578845,True,0.0028788527397260234,-0.0010458487610274978,0.006803554240479544,inconclusive,-0.19986590644196398,-0.20235835756922502,-0.19737345531470293,supported,-0.20624601157154282,-0.20946849683574575,-0.20302352630733989,supported,-0.04650042808219178,-0.050726086628948716,-0.04227476953543484,-0.049379280821917795,-0.05018712121848734,-0.04857144042534825,utilization,inconclusive
H2B0310,X064,asymmetric_stress,4.0,0.7,16,7,7,0.3,0.5,0.05,0.0597349380708119,0.1646623321561506,20,0.04705574371189534,0.050182443001886345,0.0029442562881046644,0.00018244300188634266,0.003126699289991007,True,0.137611301369863,0.1341910243999166,0.1410315783398094,supported,-0.003226865556160466,-0.005197130751765056,-0.001256600360555876,inconclusive,-0.0501824430018864,-0.05096341332070692,-0.04940147268306588,supported,-0.0030479452054795074,-0.00552710620900523,-0.000568784201953785,-0.1406592465753425,-0.14289839736273593,-0.1384200957879491,balk_served,inconclusive
H2B0310,X064,asymmetric_stress,4.0,0.7,16,7,7,0.3,0.5,0.1,0.1172779272632073,0.3293246643123013,20,0.09831616143010341,0.09993421899814611,0.0016838385698965952,6.57810018538929e-05,0.0016180575680427023,True,0.27386986301369853,0.2705967305469957,0.2771429954804014,supported,-0.006729700609353362,-0.00846135994925235,-0.004998041269454374,supported,-0.09993421899814615,-0.10093534539597943,-0.09893309260031288,supported,-0.006155821917808263,-0.008290962365768912,-0.004020681469847614,-0.2800256849315069,-0.28280195226135046,-0.2772494176016634,,supported
H2B0310,X064,asymmetric_stress,4.0,0.7,16,7,7,0.3,0.5,0.2,0.2173078930986703,0.6586493286246026,20,0.19725274072356624,0.19948520319849677,0.0027472592764337667,0.0005147968015032367,0.00223246247493053,True,0.5480736301369864,0.5450716079333017,0.5510756523406711,supported,-0.012247142181721796,-0.013788218503542922,-0.01070606585990067,supported,-0.19948520319849683,-0.20057678015070135,-0.1983936262462923,supported,-0.010881849315068548,-0.01292575269464916,-0.008837945935487937,-0.5589554794520548,-0.5619837597554244,-0.5559271991486853,,supported
H2B0311,X068,asymmetric_stress,2.0,0.9,64,28,21,0.5,0.5,0.05,0.05,0.0957048927964425,20,0.0501253841823717,0.05067598534006954,0.0001253841823717003,0.000675985340069539,0.0005506011576978387,True,0.09117508561643832,0.0900887351353851,0.09226143609749154,supported,-0.0020362714597734364,-0.0036199279656712463,-0.00045261495387562654,inconclusive,-0.050675985340069604,-0.051260877015713045,-0.05009109366442616,supported,0.0,0.0,0.0,-0.09117508561643832,-0.09226143609749154,-0.0900887351353851,balk_served,inconclusive
H2B0311,X068,asymmetric_stress,2.0,0.9,64,28,21,0.5,0.5,0.1,0.1,0.1914097855928851,20,0.1000600733263868,0.10112249527025678,6.0073326386800296e-05,0.0011224952702567764,0.0010624219438699761,True,0.18196061643835618,0.18051868635478308,0.18340254652192928,supported,-0.00320662769291053,-0.004826576210040129,-0.0015866791757809303,inconclusive,-0.10112249527025688,-0.10189351406618578,-0.10035147647432797,supported,0.0,0.0,0.0,-0.18196061643835618,-0.18340254652192928,-0.18051868635478308,balk_served,inconclusive
H2B0311,X068,asymmetric_stress,2.0,0.9,64,28,21,0.5,0.5,0.2,0.2,0.3828195711857702,20,0.1996795733426123,0.20197525711789596,0.00032042665738771237,0.001975257117895951,0.0022956837752836634,True,0.3634289383561644,0.3618803273879613,0.36497754932436755,supported,-0.007469933575579296,-0.008499646771640331,-0.0064402203795182605,supported,-0.20197525711789602,-0.20294289573019467,-0.20100761850559737,supported,0.0,0.0,0.0,-0.3634289383561644,-0.36497754932436755,-0.3618803273879613,,supported
H2B0312,X069,asymmetric_stress,0.8,0.9,16,7,7,0.5,0.5,0.05,0.05,0.0500039053346871,20,0.05019271645304098,0.0507237387506733,0.0001927164530409753,0.0007237387506732959,0.0005310222976323206,True,-0.004623287671232862,-0.01267409670684096,0.003427521364375237,inconclusive,-0.05020440519111433,-0.05192540847890028,-0.04848340190332839,supported,-0.05072373875067333,-0.05261518199346595,-0.048832295507880714,supported,-0.04142123287671233,-0.04995745186916514,-0.03288501388425952,-0.036797945205479465,-0.038265751649671505,-0.035330138761287426,utilization,inconclusive
H2B0312,X069,asymmetric_stress,0.8,0.9,16,7,7,0.5,0.5,0.1,0.1,0.1000078106693743,20,0.10161389899034493,0.10068815569515857,0.0016138989903449197,0.0006881556951585655,0.0009257432951863542,True,-0.0029280821917808232,-0.008406387369927954,0.0025502229863663085,inconclusive,-0.10160200838392404,-0.10446214226628198,-0.0987418745015661,supported,-0.10068815569515863,-0.10291978981431152,-0.09845652157600573,supported,-0.07595890410958905,-0.0821185066491742,-0.06979930157000391,-0.07303082191780823,-0.07480507012728001,-0.07125657370833645,utilization,inconclusive
H2B0312,X069,asymmetric_stress,0.8,0.9,16,7,7,0.5,0.5,0.2,0.2,0.2000156213387487,20,0.2011581333636215,0.19927437173701207,0.0011581333636214997,0.0007256282629879429,0.0018837616266094426,True,-0.005539383561643851,-0.011145002712334907,6.623558904720554e-05,inconclusive,-0.20114624275720067,-0.20390852038226262,-0.1983839651321387,supported,-0.19927437173701215,-0.20231417903121646,-0.19623456444280785,supported,-0.15006849315068496,-0.15615389473835478,-0.14398309156301514,-0.14452910958904114,-0.14675554380399822,-0.14230267537408406,utilization,inconclusive
H2B0313,X070,asymmetric_stress,4.0,0.3,16,14,14,0.0,0.5,0.05,0.0599108640093751,0.0656921589641674,20,0.04863630820857433,0.05213995582648655,0.0013636917914256752,0.002139955826486545,0.00350364761791222,True,0.0628681506849315,0.061857371427416555,0.06387892994244644,supported,-0.010586316238111598,-0.013868110513840251,-0.007304521962382946,supported,-0.052139955826486575,-0.05295715815554282,-0.05132275349743033,supported,0.00010273972602742876,-0.0003192408467498892,0.0005247202988047468,-0.06276541095890406,-0.06364116477200699,-0.061889657145801136,,supported
H2B0313,X070,asymmetric_stress,4.0,0.3,16,14,14,0.0,0.5,0.1,0.1147969033851798,0.1313843179283348,20,0.09725655213275722,0.10237431620457851,0.0027434478672427876,0.0023743162045785082,0.005117764071821296,True,0.12254280821917803,0.12050340809300594,0.12458220834535011,supported,-0.020009286225880007,-0.025485440037635733,-0.01453313241412428,supported,-0.10237431620457857,-0.1043237988168549,-0.10042483359230224,supported,-0.00015410958904109594,-0.0005474852343118279,0.00023926605622963593,-0.12269691780821912,-0.12479726280728391,-0.12059657280915433,,supported
H2B0313,X070,asymmetric_stress,4.0,0.3,16,14,14,0.0,0.5,0.2,0.2153673800065082,0.2668596794454601,20,0.19954423481315292,0.2054526743639276,0.0004557651868470902,0.005452674363927601,0.005908439550774691,True,0.24624999999999994,0.24330251676171236,0.24919748323828753,supported,-0.04649815720444595,-0.05032764697942658,-0.042668667429465325,supported,-0.20545267436392756,-0.20798400422628735,-0.20292134450156776,supported,-0.0003938356164383372,-0.0007466217171809761,-4.1049515695698255e-05,-0.2466438356164383,-0.24951480904551812,-0.24377286218735847,,supported
H2B0314,X071,asymmetric_stress,1.25,0.3,16,21,21,0.0,0.0,0.05,0.05,0.0443349060858332,20,0.051269197135222086,0.04426064969441555,0.0012691971352220832,0.005739350305584451,0.007008547440806534,True,5.551115123125783e-18,-0.004778467977404509,0.004778467977404519,inconclusive,-0.051269197135222135,-0.05344871122403495,-0.049089683046409316,supported,-0.04426064969441561,-0.0467492257758718,-0.04177207361295941,supported,-0.016472602739726026,-0.021171723395898553,-0.011773482083553501,-0.016472602739726033,-0.01735914558917915,-0.015586059890272917,utilization,inconclusive
H2B0314,X071,asymmetric_stress,1.25,0.3,16,21,21,0.0,0.0,0.1,0.1042292117633906,0.0934795950319314,20,0.10317716634203908,0.09124460908070474,0.0031771663420390728,0.008755390919295267,0.01193255726133434,False,-0.004332191780821909,-0.009894640418123699,0.0012302568564798808,inconclusive,-0.1031771663420391,-0.1063826158525795,-0.0999717168314987,supported,-0.09124460908070478,-0.09453344377856424,-0.08795577438284533,supported,-0.03833904109589041,-0.04417408661674427,-0.032503995575036554,-0.0340068493150685,-0.035184194653399274,-0.03282950397673772,loss_matching_failed,inconclusive
H2B0314,X071,asymmetric_stress,1.25,0.3,16,21,21,0.0,0.0,0.2,0.1987259061918554,0.203668532658391,20,0.1982340758582821,0.19963468061204542,0.0017659241417179172,0.00036531938795458796,0.0014006047537633293,True,0.0004280821917808153,-0.0051297705051681335,0.0059859348887297634,inconclusive,-0.19823407585828212,-0.20251778514824498,-0.19395036656831927,supported,-0.19963468061204545,-0.20432693230745289,-0.19494242891663802,supported,-0.07407534246575344,-0.07950147775903255,-0.06864920717247433,-0.07450342465753423,-0.07630102845723356,-0.0727058208578349,utilization,inconclusive
H2B0315,X073,asymmetric_stress,4.0,0.7,32,28,7,0.1,0.1,0.05,0.05,0.1623621745275118,20,0.05002679143311618,0.049954713594930936,2.679143311618004e-05,4.5286405069067115e-05,7.207783818524716e-05,True,0.14058219178082193,0.13884631829851948,0.14231806526312438,supported,-0.0008646807798976142,-0.0022168057369428675,0.0004874441771476391,inconclusive,-0.04995471359493096,-0.050359231594265384,-0.04955019559559654,supported,-0.00031249999999999887,-0.0017220790764686088,0.001097079076468611,-0.14089469178082192,-0.1421712608959948,-0.13961812266564905,balk_served,inconclusive
H2B0315,X073,asymmetric_stress,4.0,0.7,32,28,7,0.1,0.1,0.1,0.1,0.3247243490550237,20,0.1001113172615135,0.09950369002197319,0.00011131726151349108,0.0004963099780268126,0.0006076272395403037,True,0.2775599315068493,0.2751122440744934,0.2800076189392052,supported,-0.003446536881260337,-0.004698231590753748,-0.002194842171766926,inconclusive,-0.09950369002197325,-0.1000159424299726,-0.0989914376139739,supported,-0.0032063356164383607,-0.004818454596563942,-0.0015942166363127795,-0.2807662671232877,-0.28262127772533363,-0.2789112565212418,balk_served,inconclusive
H2B0315,X073,asymmetric_stress,4.0,0.7,32,28,7,0.1,0.1,0.2,0.2,0.6494486981100475,20,0.19985631486080094,0.1994835140756639,0.00014368513919907344,0.0005164859243361186,0.0003728007851370452,True,0.5555565068493151,0.5527366653483715,0.5583763483502587,supported,-0.0067051204765359255,-0.007844355683308832,-0.00556588526976302,supported,-0.19948351407566395,-0.20010872826976298,-0.19885829988156492,supported,-0.007084760273972585,-0.008768786834585882,-0.005400733713359289,-0.5626412671232875,-0.5645021904073935,-0.5607803438391816,,supported
H2B0316,X074,asymmetric_stress,2.0,0.7,32,14,28,0.5,0.5,0.05,0.05,0.1006990801002466,20,0.050348127929696763,0.04936136498802777,0.0003481279296967607,0.0006386350119722342,0.000986762941668995,True,0.06918664383561643,0.0680470622355183,0.07032622543571455,supported,-0.007265552294604569,-0.01016196867191308,-0.004369135917296058,supported,-0.04936136498802783,-0.05027917345367828,-0.04844355652237738,supported,0.0,0.0,0.0,-0.06918664383561643,-0.07032622543571455,-0.0680470622355183,,supported
H2B0316,X074,asymmetric_stress,2.0,0.7,32,14,28,0.5,0.5,0.1,0.1,0.2013981602004932,20,0.10023725498557168,0.09926680713938074,0.00023725498557167213,0.0007331928606192639,0.000970447846190936,True,0.13918236301369863,0.1378202854212666,0.14054444060613067,supported,-0.016003996291967647,-0.018469601212655642,-0.013538391371279653,supported,-0.09926680713938081,-0.10037897325303392,-0.0981546410257277,supported,0.0,0.0,0.0,-0.13918236301369863,-0.14054444060613067,-0.1378202854212666,,supported
H2B0316,X074,asymmetric_stress,2.0,0.7,32,14,28,0.5,0.5,0.2,0.2,0.4027963204009865,20,0.2001021918803434,0.20000589140136107,0.000102191880343383,5.891401361063364e-06,9.630047898231964e-05,True,0.28055650684931505,0.27823894763417306,0.28287406606445703,supported,-0.03296656193619481,-0.03586136680455646,-0.030071757067833153,supported,-0.2000058914013611,-0.2016892221962722,-0.19832256060645,supported,0.0,0.0,0.0,-0.28055650684931505,-0.28287406606445703,-0.27823894763417306,,supported
H2B0317,X075,asymmetric_stress,3.1,0.7,64,14,14,0.0,0.0,0.05,0.1188815120314557,0.1328967293299767,20,0.04991613249079562,0.049744906940670124,8.386750920438141e-05,0.0002550930593298792,0.00017122555012549778,True,0.09855950342465755,0.0971867628195816,0.0999322440297335,supported,-0.008445847664914694,-0.009451416236365652,-0.007440279093463735,supported,-0.04974490694067017,-0.050314990386701945,-0.0491748234946384,supported,-0.010288955479452022,-0.011424259178480112,-0.009153651780423933,-0.10884845890410957,-0.1100534312160489,-0.10764348659217025,,supported
H2B0317,X075,asymmetric_stress,3.1,0.7,64,14,14,0.0,0.0,0.1,0.21199060477398,0.2657934586599534,20,0.0976699668705997,0.09990436144696188,0.002330033129400305,9.56385530381243e-05,0.002234394576362181,True,0.19917808219178085,0.1974972061154706,0.20085895826809108,supported,-0.01703958711486275,-0.01811233691304593,-0.01596683731667957,supported,-0.09990436144696191,-0.10050871209364541,-0.09930001080027841,supported,-0.01947773972602739,-0.020704120065840045,-0.018251359386214732,-0.21865582191780822,-0.21986285253222854,-0.2174487913033879,,supported
H2B0317,X075,asymmetric_stress,3.1,0.7,64,14,14,0.0,0.0,0.2,0.3356316706847753,0.5315869173199068,0,0.1754435635706991,0.1994231572601934,,,0.0239795936894943,False,,,,inactive,,,,inactive,,,,inactive,,,,,,,target_unattainable,inactive
H2B0318,X076,asymmetric_stress,0.8,0.9,16,7,14,0.1,0.1,0.05,0.05,0.05,20,0.05063553778702912,0.050147869483954735,0.000635537787029114,0.00014786948395473232,0.0004876683030743817,True,-0.0011900684931506977,-0.008143995480056919,0.005763858493755523,inconclusive,-0.05063553778702917,-0.05216730728953828,-0.049103768284520066,supported,-0.05014786948395476,-0.051708701614660915,-0.04858703735324861,supported,-0.037183219178082205,-0.04469153055600844,-0.029674907800155973,-0.03599315068493151,-0.03718935115260797,-0.03479695021725505,utilization,inconclusive
H2B0318,X076,asymmetric_stress,0.8,0.9,16,7,14,0.1,0.1,0.1,0.1,0.0965712576567258,20,0.10105955645921169,0.09696085804083018,0.0010595564592116857,0.003039141959169822,0.004098698418381508,True,0.0022859589041095973,-0.002745777429765347,0.007317695237984542,inconclusive,-0.10105955645921175,-0.10318055508036113,-0.09893855783806237,supported,-0.0969608580408302,-0.0992937028729986,-0.0946280132086618,supported,-0.0673030821917808,-0.07292599276354188,-0.061680171620019715,-0.06958904109589041,-0.07135467626004979,-0.06782340593173103,utilization,inconclusive
H2B0318,X076,asymmetric_stress,0.8,0.9,16,7,14,0.1,0.1,0.2,0.2026427869378215,0.1973873937961104,20,0.20408965741393645,0.19633796382575477,0.004089657413936437,0.0036620361742452368,0.007751693588181674,True,-0.00016267123287670991,-0.006427024464632524,0.006101681998879105,inconclusive,-0.2040896574139365,-0.20676069897088706,-0.20141861585698595,supported,-0.1963379638257548,-0.1988140099243635,-0.19386191772714612,supported,-0.1411044520547945,-0.14843283611731112,-0.13377606799227787,-0.14094178082191783,-0.1430500649920713,-0.13883349665176437,utilization,inconclusive
H2B0319,X077,asymmetric_stress,4.0,0.5,16,7,7,0.5,0.0,0.05,0.0831564250086558,0.5291858523577649,20,0.05003779744597607,0.049598962528058246,3.779744597606771e-05,0.00040103747194175643,0.00043883491791782414,True,0.0843150684931507,0.08098186753075531,0.08764826945554607,supported,-0.009015486837694724,-0.010772923868863039,-0.007258049806526409,supported,-0.0495989625280583,-0.050669661602212236,-0.04852826345390437,supported,-0.014614726027397263,-0.01843897102691764,-0.010790481027876888,-0.09892979452054795,-0.10109502379720058,-0.09676456524389533,,supported
H2B0319,X077,asymmetric_stress,4.0,0.5,16,7,7,0.5,0.0,0.1,0.1611070289780151,1.0,20,0.0966110565132364,0.09312593464854535,0.003388943486763607,0.006874065351454656,0.0034851218646910487,True,0.15675513698630136,0.15278677724170875,0.16072349673089398,supported,-0.017695838976277873,-0.01921677979083667,-0.016174898161719076,supported,-0.09312593464854535,-0.09400477463813711,-0.09224709465895359,supported,-0.028912671232876726,-0.03231759548094589,-0.02550774698480756,-0.18566780821917808,-0.1876431920528778,-0.18369242438547836,,supported
H2B0319,X077,asymmetric_stress,4.0,0.5,16,7,7,0.5,0.0,0.2,0.315330959095696,1.0,0,0.2004007259528789,0.0944847632967267,,,0.1059159626561522,False,,,,inactive,,,,inactive,,,,inactive,,,,,,,target_unattainable,inactive
H2B0320,X078,asymmetric_stress,0.8,0.1,16,14,14,0.5,0.5,0.05,0.067306815100182,0.05,20,0.06571127817017612,0.053880932635984605,0.01571127817017612,0.003880932635984602,0.011830345534191516,False,0.0009417808219178133,-0.002355541115582163,0.00423910275941779,inconclusive,-0.06571127817017616,-0.07018578002143529,-0.06123677631891703,supported,-0.05388093263598463,-0.058710619599716685,-0.04905124567225258,supported,-0.0033561643835616343,-0.006654808470193938,-5.752029692933022e-05,-0.004297945205479448,-0.004695594011593165,-0.0039002963993657307,loss_matching_failed,inconclusive
H2B0320,X078,asymmetric_stress,0.8,0.1,16,14,14,0.5,0.5,0.1,0.105667657538831,0.1,20,0.09848036633013785,0.10765140920426323,0.0015196336698621582,0.007651409204263229,0.009171042874125387,True,0.003801369863013701,0.0009821727427986667,0.006620566983228736,inconclusive,-0.09848036633013789,-0.10470166591885482,-0.09225906674142095,supported,-0.10765140920426326,-0.11365192415649515,-0.10165089425203137,supported,-0.004794520547945211,-0.007749231235109901,-0.0018398098607805215,-0.008595890410958911,-0.009149649789955498,-0.008042131031962324,utilization,inconclusive
H2B0320,X078,asymmetric_stress,0.8,0.1,16,14,14,0.5,0.5,0.2,0.2048530654637799,0.212494048133868,20,0.20404427117312457,0.21941015919725407,0.004044271173124558,0.019410159197254057,0.015365888024129498,False,0.0018321917808219277,-0.00030794941488639636,0.003972332976530252,inconclusive,-0.20404427117312451,-0.21216661449688048,-0.19592192784936854,supported,-0.21941015919725407,-0.22984214824805924,-0.2089781701464489,supported,-0.015667808219178087,-0.01802549719634427,-0.013310119242011906,-0.01750000000000001,-0.018425346344843656,-0.01657465365515636,loss_matching_failed,inconclusive
H2B0321,X079,asymmetric_stress,3.1,0.5,64,28,7,0.3,0.3,0.05,0.05,0.1274082509877259,20,0.05034202981155015,0.050038680165528114,0.00034202981155014717,3.868016552811132e-05,0.00030334964602203585,True,0.07680864726027394,0.07555573461101284,0.07806155990953503,supported,-0.008387144151508921,-0.009815025120368802,-0.00695926318264904,supported,-0.05003868016552815,-0.05065447644651941,-0.04942288388453689,supported,-0.0007512842465753844,-0.0014296874133996411,-7.28810797511277e-05,-0.07755993150684933,-0.07849664608560117,-0.07662321692809748,,supported
H2B0321,X079,asymmetric_stress,3.1,0.5,64,28,7,0.3,0.3,0.1,0.1,0.2548165019754518,20,0.10013689778424728,0.09988028964899845,0.00013689778424727517,0.00011971035100155625,0.0002566081352488314,True,0.1526626712328767,0.15120858496118117,0.1541167575045722,supported,-0.017621984879388194,-0.019212086805887096,-0.016031882952889293,supported,-0.09988028964899849,-0.10068329629396192,-0.09907728300403507,supported,-0.002065496575342518,-0.0027802158361375953,-0.0013507773145474407,-0.15472816780821916,-0.15595779060332274,-0.15349854501311558,,supported
H2B0321,X079,asymmetric_stress,3.1,0.5,64,28,7,0.3,0.3,0.2,0.2,0.5096330039509036,20,0.19983205790028977,0.19997201118829855,0.00016794209971024432,2.7988811701462613e-05,0.0001399532880087817,True,0.3088505993150685,0.30699078010322334,0.3107104185269136,supported,-0.03697186440952752,-0.03851144836651844,-0.03543228045253661,supported,-0.1999720111882986,-0.2009437011463642,-0.199000321230233,supported,-0.0008583047945205702,-0.0014048013686615163,-0.00031180822037962406,-0.30970890410958907,-0.3113954265276625,-0.30802238169151563,,supported
H2B0322,X081,asymmetric_stress,1.25,0.9,16,21,21,0.1,0.1,0.05,0.05,0.0621424660374799,20,0.04944911787675373,0.0502194819700653,0.0005508821232462699,0.00021948197006529946,0.0007703640933115694,True,0.05648972602739727,0.0551680578816793,0.05781139417311524,supported,-0.008358589947069773,-0.016078825315572434,-0.0006383545785671099,supported,-0.05021948197006537,-0.051325914599139294,-0.04911304934099145,supported,0.0,0.0,0.0,-0.05648972602739727,-0.05781139417311524,-0.0551680578816793,,supported
H2B0322,X081,asymmetric_stress,1.25,0.9,16,21,21,0.1,0.1,0.1,0.0993748199935887,0.1242849320749598,20,0.099629754453667,0.09982342920213778,0.00037024554633301177,0.00017657079786222163,0.00019367474847079014,True,0.11210616438356165,0.11043460223394988,0.11377772653317342,supported,-0.011643698981019052,-0.017828839588946276,-0.005458558373091827,supported,-0.09982342920213785,-0.10134320825173383,-0.09830365015254187,supported,-0.00011986301369862896,-0.00037073918460373196,0.00013101315720647402,-0.11222602739726026,-0.11378311818365006,-0.11066893661087046,,supported
H2B0322,X081,asymmetric_stress,1.25,0.9,16,21,21,0.1,0.1,0.2,0.2,0.2485698641499197,20,0.20224121415057214,0.2007471820157233,0.0022412141505721295,0.0007471820157232967,0.0014940321348488328,True,0.21389554794520546,0.21074965197904263,0.2170414439113683,supported,-0.03071257997943259,-0.03715134168298176,-0.02427381827588342,supported,-0.20074718201572334,-0.203760609635257,-0.19773375439618968,supported,-0.011592465753424657,-0.01433292917728025,-0.008852002329569064,-0.22548801369863014,-0.228370370254561,-0.22260565714269928,,supported
H2B0323,X082,asymmetric_stress,4.0,0.3,32,28,21,0.3,0.3,0.05,0.05,0.1595873042121385,20,0.05032442578915595,0.049850381440897706,0.00032442578915594517,0.00014961855910229638,0.00047404434825824154,True,0.05860873287671233,0.05643878733540035,0.06077867841802431,supported,-0.009876728468767448,-0.01185756394936575,-0.007895892988169145,supported,-0.04985038144089777,-0.05070580211101477,-0.04899496077078077,supported,-0.0013869863013698525,-0.0031559685354260337,0.00038199593268632855,-0.0599957191780822,-0.06103272518499329,-0.05895871317117111,,supported
H2B0323,X082,asymmetric_stress,4.0,0.3,32,28,21,0.3,0.3,0.1,0.1,0.319174608424277,20,0.10062177750334604,0.10081933258019274,0.0006217775033460354,0.0008193325801927331,0.0001975550768466977,True,0.11698630136986302,0.1143204272290962,0.11965217551062983,supported,-0.02038710069700779,-0.02247472540559809,-0.01829947598841749,supported,-0.10081933258019278,-0.10181350198846527,-0.09982516317192029,supported,-0.004357876712328757,-0.006647999456087191,-0.0020677539685703223,-0.1213441780821918,-0.12233656450041164,-0.12035179166397197,,supported
H2B0323,X082,asymmetric_stress,4.0,0.3,32,28,21,0.3,0.3,0.2,0.2,0.6383492168485541,20,0.19918649350912876,0.2022094575498193,0.0008135064908712519,0.002209457549819299,0.003022964040690551,True,0.23461900684931508,0.2319620271048766,0.23727598659375357,supported,-0.041691366413712884,-0.04352201590356484,-0.03986071692386093,supported,-0.20220945754981937,-0.20382190746620157,-0.20059700763343716,supported,-0.008608732876712316,-0.010842842600548783,-0.006374623152875851,-0.24322773972602735,-0.24472531410488216,-0.24173016534717254,,supported
H2B0324,X084,asymmetric_stress,2.0,0.7,16,28,28,0.5,0.5,0.05,0.05,0.0905056755435217,20,0.050714448696521065,0.05030964869113781,0.0007144486965210625,0.00030964869113780935,0.00040480000538325317,True,0.07036815068493152,0.06851288385564785,0.07222341751421518,supported,-0.0073764887518200485,-0.01143527498687202,-0.0033177025167680776,supported,-0.05030964869113787,-0.051689039362896726,-0.04893025801937901,supported,0.0,0.0,0.0,-0.07036815068493152,-0.07222341751421518,-0.06851288385564785,,supported
H2B0324,X084,asymmetric_stress,2.0,0.7,16,28,28,0.5,0.5,0.1,0.1,0.1810113510870435,20,0.1004749523496908,0.0999640831917776,0.0004749523496907909,3.591680822240262e-05,0.0005108691579131935,True,0.1398972602739726,0.13739052040141575,0.14240400014652943,supported,-0.015172510137411782,-0.017545162419285304,-0.01279985785553826,supported,-0.09996408319177766,-0.10163383505840365,-0.09829433132515167,supported,0.0,0.0,0.0,-0.1398972602739726,-0.14240400014652943,-0.13739052040141575,,supported
H2B0324,X084,asymmetric_stress,2.0,0.7,16,28,28,0.5,0.5,0.2,0.2,0.362022702174087,20,0.20035240111258784,0.19978836791796206,0.00035240111258783013,0.00021163208203794914,0.0005640331946257793,True,0.2797517123287671,0.27599293995540736,0.28351048470212686,supported,-0.030771843927908514,-0.03453507142957037,-0.027008616426246655,supported,-0.19978836791796217,-0.20218875497647457,-0.19738798085944978,supported,0.0,0.0,0.0,-0.2797517123287671,-0.28351048470212686,-0.27599293995540736,,supported
H2B0325,X085,asymmetric_stress,2.0,0.3,16,14,21,0.1,0.1,0.05,0.0463968791536449,0.0951075690952384,20,0.046909743695477554,0.051469763430962726,0.0030902563045224485,0.0014697634309627228,0.004560019735485171,True,0.0277568493150685,0.02552186506788671,0.029991833562250287,supported,-0.021495068283950737,-0.028580925962198727,-0.014409210605702747,supported,-0.05146976343096277,-0.05271175369615491,-0.05022777316577062,supported,-0.00318493150684932,-0.005631538094163565,-0.0007383249195350751,-0.03094178082191782,-0.031728317264619325,-0.030155244379216316,,supported
H2B0325,X085,asymmetric_stress,2.0,0.3,16,14,21,0.1,0.1,0.1,0.0985571094451541,0.2003137420084142,20,0.09885384518055443,0.10700344311914822,0.0011461548194455773,0.007003443119148217,0.008149597938593794,True,0.05831335616438358,0.05575595843458184,0.06087075389418532,supported,-0.04263123115673875,-0.04849205929818268,-0.03677040301529483,supported,-0.10700344311914826,-0.1094596158467043,-0.10454727039159223,supported,-0.005950342465753417,-0.007993815816255249,-0.003906869115251585,-0.064263698630137,-0.06583434152651484,-0.06269305573375918,,supported
H2B0325,X085,asymmetric_stress,2.0,0.3,16,14,21,0.1,0.1,0.2,0.1942247668861194,0.3894568766654362,20,0.19124894993019995,0.20631445001925536,0.008751050069800065,0.0063144500192553465,0.015065500089055411,False,0.11309931506849316,0.11042686840898534,0.11577176172800098,supported,-0.08558839025358206,-0.09182682120137868,-0.07934995930578544,supported,-0.20631445001925539,-0.20974922146642513,-0.20287967857208564,supported,-0.010736301369863015,-0.013593785864410237,-0.007878816875315794,-0.1238356164383562,-0.12620461869183483,-0.12146661418487757,loss_matching_failed,inconclusive
H2B0326,X086,asymmetric_stress,1.25,0.5,64,7,7,0.0,0.0,0.05,0.05,0.05,20,0.050124772314864306,0.050129415611348885,0.00012477231486430346,0.00012941561134888202,4.643296484578563e-06,True,-0.0002654109589041165,-0.004552061559328049,0.004021239641519816,inconclusive,-0.050124772314864355,-0.05117593629594916,-0.04907360833377955,supported,-0.05012941561134895,-0.051136109654723184,-0.04912272156797471,supported,-0.0315603595890411,-0.03579261729488837,-0.027328101883193828,-0.03129494863013698,-0.03195340874944587,-0.030636488510828088,utilization,inconclusive
H2B0326,X086,asymmetric_stress,1.25,0.5,64,7,7,0.0,0.0,0.1,0.1,0.1,20,0.1004014394156659,0.09957862198577924,0.00040143941566589403,0.0004213780142207635,0.0008228174298866575,True,0.0014661815068493234,-0.0018045198156568438,0.00473688282935549,inconclusive,-0.10040143941566597,-0.10197811762348512,-0.09882476120784682,supported,-0.09957862198577931,-0.10084214762825316,-0.09831509634330546,supported,-0.06070419520547944,-0.06426623077239232,-0.05714215963856655,-0.062170376712328765,-0.06306667186326327,-0.06127408156139426,utilization,inconclusive
H2B0326,X086,asymmetric_stress,1.25,0.5,64,7,7,0.0,0.0,0.2,0.1967745576239625,0.2,20,0.19741761079231632,0.19989085743734963,0.002582389207683694,0.00010914256265037725,0.002473246645033317,True,0.0005928938356164426,-0.002024433130242978,0.003210220801475863,inconclusive,-0.19741761079231632,-0.1994024191951601,-0.19543280238947253,supported,-0.19989085743734972,-0.20134116031517804,-0.1984405545595214,supported,-0.12421232876712326,-0.12723146892432138,-0.12119318860992515,-0.12480522260273971,-0.12594114392991523,-0.1236693012755642,utilization,inconclusive
H2B0327,X087,asymmetric_stress,1.25,0.9,16,28,28,0.3,0.3,0.05,0.05,0.063138864601258,20,0.05041653460342962,0.050644564961485394,0.00041653460342961496,0.0006445649614853916,0.0002280303580557766,True,0.054751712328767146,0.05338404856125238,0.05611937609628191,supported,-0.004584226675724607,-0.00994053140982426,0.0007720780583750468,inconclusive,-0.050644564961485415,-0.051607729467910965,-0.049681400455059865,supported,-0.0023972602739726124,-0.0035300066359102464,-0.0012645139120349785,-0.05714897260273977,-0.05827599751471442,-0.056021947690765114,balk_served,inconclusive
H2B0327,X087,asymmetric_stress,1.25,0.9,16,28,28,0.3,0.3,0.1,0.1,0.1262777292025161,20,0.10186285852457158,0.1006179046838775,0.0018628585245715756,0.0006179046838774988,0.0012449538406940769,True,0.11059931506849312,0.10833547909959605,0.11286315103739018,supported,-0.009746617196375578,-0.014000984577400188,-0.0054922498153509676,supported,-0.10061790468387755,-0.10217040565086248,-0.09906540371689261,supported,-0.0030393835616438656,-0.004272669463535333,-0.0018060976597523977,-0.11363869863013701,-0.11539682765435531,-0.1118805696059187,,supported
H2B0327,X087,asymmetric_stress,1.25,0.9,16,28,28,0.3,0.3,0.2,0.2,0.2525554584050323,20,0.19973560432857398,0.20226824324328102,0.0002643956714260265,0.0022682432432810096,0.002532638914707036,True,0.21375856164383564,0.21018119845744773,0.21733592483022354,supported,-0.02515103299748502,-0.029947505451848443,-0.020354560543121594,supported,-0.20226824324328105,-0.204399213765416,-0.2001372727211461,supported,-0.014460616438356144,-0.017328771645887288,-0.011592461230825,-0.22821917808219178,-0.23065986435813124,-0.2257784918062523,,supported
H2B0328,X088,asymmetric_stress,4.0,0.7,32,21,14,0.1,0.5,0.05,0.05,0.1496639819625554,20,0.050048974605019135,0.050546170193556325,4.8974605019132256e-05,0.0005461701935563223,0.0004971955885371901,True,0.14241010273972604,0.14103573448260395,0.14378447099684813,supported,-0.0006549049396687295,-0.0019061570012101122,0.0005963471218726531,inconclusive,-0.05054617019355636,-0.0509622295989242,-0.05013011078818852,supported,4.280821917801436e-06,-4.679041328795277e-06,1.3240685164398149e-05,-0.14240582191780823,-0.14377543677499138,-0.14103620706062509,balk_served,inconclusive
H2B0328,X088,asymmetric_stress,4.0,0.7,32,21,14,0.1,0.5,0.1,0.1,0.2993279639251109,20,0.10007198989573676,0.10049452615330554,7.198989573675707e-05,0.0004945261533055301,0.000422536257568773,True,0.2832191780821918,0.28148964473156335,0.2849487114328203,supported,-0.0018030040676353886,-0.0034883738867432265,-0.00011763424852755068,inconclusive,-0.10049452615330559,-0.1011233853502738,-0.09986566695633738,supported,-8.561643835602872e-06,-2.6481370328796298e-05,9.358082657590554e-06,-0.2832277397260274,-0.2849505123472845,-0.28150496710477024,balk_served,inconclusive
H2B0328,X088,asymmetric_stress,4.0,0.7,32,21,14,0.1,0.5,0.2,0.2,0.5986559278502218,20,0.19993139390946577,0.20093944562439686,6.86060905342456e-05,0.0009394456243968508,0.0010080517149310964,True,0.5663356164383563,0.5641705003455935,0.5685007325311191,supported,-0.0033752811066586398,-0.004994740600742699,-0.001755821612574581,inconclusive,-0.20093944562439692,-0.20187609121700142,-0.2000028000317924,supported,0.0,-1.3000335979278996e-05,1.3000335979278996e-05,-0.5663356164383563,-0.5685008886452815,-0.5641703442314311,balk_served,inconclusive
H2B0329,X091,asymmetric_stress,2.0,0.3,64,14,14,0.5,0.1,0.05,0.05,0.0842079321914153,20,0.05052564650467084,0.05118787345535358,0.0005256465046708375,0.0011878734553535802,0.0006622269506827427,True,0.030783390410958865,0.030316467458350045,0.031250313363567685,supported,-0.0037908515041822632,-0.007736205918760608,0.00015450291039608138,inconclusive,-0.05118787345535365,-0.05199570008992154,-0.050380046820785764,supported,0.0,0.0,0.0,-0.030783390410958865,-0.031250313363567685,-0.030316467458350045,balk_served,inconclusive
H2B0329,X091,asymmetric_stress,2.0,0.3,64,14,14,0.5,0.1,0.1,0.1,0.1684158643828306,20,0.100342410330362,0.10168624869855458,0.0003424103303619891,0.0016862486985545766,0.0013438383681925875,True,0.06113013698630134,0.06025744252964233,0.06200283144296035,supported,-0.009022856720152683,-0.013725161296357044,-0.004320552143948322,supported,-0.10168624869855465,-0.10325002182820565,-0.10012247556890365,supported,0.0,0.0,0.0,-0.06113013698630134,-0.06200283144296035,-0.06025744252964233,,supported
H2B0329,X091,asymmetric_stress,2.0,0.3,64,14,14,0.5,0.1,0.2,0.2,0.3368317287656612,20,0.20023976471887944,0.20232559180576332,0.00023976471887943163,0.002325591805763305,0.0020858270868838735,True,0.12154751712328767,0.12044324829436881,0.12265178595220652,supported,-0.029539472747634514,-0.03308744064530854,-0.025991504849960493,supported,-0.20232559180576346,-0.20420423684999506,-0.20044694676153185,supported,0.0,0.0,0.0,-0.12154751712328767,-0.12265178595220652,-0.12044324829436881,,supported
H2B0330,X092,asymmetric_stress,1.25,0.5,32,14,28,0.5,0.5,0.05,0.05,0.0530833542525337,20,0.05109604027505329,0.05075173312003718,0.0010960402750532852,0.0007517331200371791,0.00034430715501610615,True,0.0298287671232877,0.02826724330610462,0.03139029094047078,supported,-0.025559096367490135,-0.032320952853545255,-0.018797239881435016,supported,-0.050751733120037223,-0.052189611350189714,-0.04931385488988473,supported,-0.0018065068493150704,-0.0028424549995743308,-0.0007705586990558102,-0.03163527397260277,-0.03244155686426549,-0.03082899108094005,,supported
H2B0330,X092,asymmetric_stress,1.25,0.5,32,14,28,0.5,0.5,0.1,0.1,0.1061667085050675,20,0.10081246135114916,0.10134766356402077,0.0008124613511491519,0.0013476635640207596,0.0005352022128716077,True,0.051382705479452076,0.0484872100444152,0.054278200914488955,supported,-0.05289508406388686,-0.05844005998889762,-0.04735010813887611,supported,-0.10134766356402083,-0.1032404245432803,-0.09945490258476136,supported,-0.011750856164383561,-0.01461550239555003,-0.008886209933217093,-0.06313356164383566,-0.06409693829423506,-0.06217018499343625,,supported
H2B0330,X092,asymmetric_stress,1.25,0.5,32,14,28,0.5,0.5,0.2,0.2,0.2123334170101351,20,0.20014603863114347,0.20191610598323756,0.00014603863114345805,0.0019161059832375482,0.0017700673520940902,True,0.06280393835616438,0.05915127249642781,0.06645660421590095,supported,-0.1413951906699237,-0.1457281538257511,-0.1370622275140963,supported,-0.20191610598323764,-0.20438477320762596,-0.19944743875884932,supported,-0.06304794520547947,-0.06620420082004431,-0.05989168959091464,-0.12585188356164387,-0.12716133913613062,-0.1245424279871571,,supported
H2B0331,X093,asymmetric_stress,1.25,0.9,16,14,14,0.3,0.3,0.05,0.05,0.0624015165414268,20,0.049554789876749536,0.05071819233683121,0.00044521012325046683,0.0007181923368312082,0.001163402460081675,True,0.05704623287671231,0.05578198111649868,0.05831048463692594,supported,-0.004794195908758225,-0.010363404630589691,0.0007750128130732401,inconclusive,-0.050718192336831246,-0.05188381959032597,-0.04955256508333652,supported,-5.136986301370605e-05,-0.0001155867856122127,1.2847059584800595e-05,-0.057097602739726014,-0.058355743795617136,-0.05583946168383489,balk_served,inconclusive
H2B0331,X093,asymmetric_stress,1.25,0.9,16,14,14,0.3,0.3,0.1,0.1,0.1248030330828537,20,0.10055002772168556,0.10117205594921128,0.0005500277216855531,0.0011720559492112703,0.0006220282275257172,True,0.11369006849315069,0.11151337972526798,0.1158667572610334,supported,-0.014513343500971648,-0.019684449649285223,-0.009342237352658071,supported,-0.10117205594921133,-0.1032641360867031,-0.09907997581171957,supported,-0.00017123287671232945,-0.0003038108103957431,-3.8654943028915834e-05,-0.11386130136986301,-0.1160122147169664,-0.11171038802275962,,supported
H2B0331,X093,asymmetric_stress,1.25,0.9,16,14,14,0.3,0.3,0.2,0.2,0.2496060661657075,20,0.20098533335564492,0.20281231435206037,0.0009853333556449073,0.0028123143520603633,0.001826980996415456,True,0.21361301369863014,0.21028112117260866,0.21694490622465162,supported,-0.03147732743906044,-0.036476005183547336,-0.026478649694573544,supported,-0.20281231435206043,-0.20591649836491469,-0.19970813033920617,supported,-0.014674657534246582,-0.017222603992551495,-0.012126711075941668,-0.2282876712328767,-0.23163324145716765,-0.22494210100858572,,supported
H2B0332,X094,asymmetric_stress,0.8,0.9,16,7,7,0.1,0.1,0.05,0.05,0.05,20,0.05021879799261729,0.05078383403720036,0.00021879799261728672,0.000783834037200358,0.0005650360445830713,True,-0.004768835616438344,-0.012661839479493424,0.003124168246616736,inconclusive,-0.05023065476283313,-0.05194630799641982,-0.04851500152924644,supported,-0.0507838340372004,-0.05272367737340248,-0.048843990700998326,supported,-0.04159246575342466,-0.04994207866786913,-0.03324285283898019,-0.036823630136986314,-0.03830987617082035,-0.03533738410315228,utilization,inconclusive
H2B0332,X094,asymmetric_stress,0.8,0.9,16,7,7,0.1,0.1,0.1,0.1,0.1,20,0.10161389899034493,0.10072395081391458,0.0016138989903449197,0.0007239508139145756,0.0008899481764303441,True,-0.0028595890410958945,-0.008191825458087588,0.0024726473758958,inconclusive,-0.10161389899034497,-0.10446739833898633,-0.0987603996417036,supported,-0.10072395081391464,-0.10301094671498749,-0.09843695491284178,supported,-0.0758818493150685,-0.08183119140882972,-0.06993250722130728,-0.0730222602739726,-0.07479669422396414,-0.07124782632398106,utilization,inconclusive
H2B0332,X094,asymmetric_stress,0.8,0.9,16,7,7,0.1,0.1,0.2,0.2,0.2,20,0.2011581333636215,0.19960685423838986,0.0011581333636214997,0.00039314576161014747,0.0015512791252316471,True,-0.00528253424657536,-0.01069075370293637,0.00012568520978565017,inconclusive,-0.20115813336362157,-0.2039139548368418,-0.19840231189040133,supported,-0.1996068542383899,-0.2027584210246015,-0.19645528745217827,supported,-0.1499914383561644,-0.1559124870123794,-0.14407038969994942,-0.1447089041095891,-0.14702207270802714,-0.14239573551115103,utilization,inconclusive
H2B0333,X095,asymmetric_stress,2.0,0.7,32,14,14,0.5,0.5,0.05,0.05,0.1006990801002466,20,0.050348127929696763,0.04936136498802777,0.0003481279296967607,0.0006386350119722342,0.000986762941668995,True,0.06918664383561643,0.0680470622355183,0.07032622543571455,supported,-0.007265552294604569,-0.01016196867191308,-0.004369135917296058,supported,-0.04936136498802783,-0.05027917345367828,-0.04844355652237738,supported,0.0,0.0,0.0,-0.06918664383561643,-0.07032622543571455,-0.0680470622355183,,supported
H2B0333,X095,asymmetric_stress,2.0,0.7,32,14,14,0.5,0.5,0.1,0.1,0.2013981602004932,20,0.10023725498557168,0.09926680713938074,0.00023725498557167213,0.0007331928606192639,0.000970447846190936,True,0.13918236301369863,0.1378202854212666,0.14054444060613067,supported,-0.016003996291967647,-0.018469601212655642,-0.013538391371279653,supported,-0.09926680713938081,-0.10037897325303392,-0.0981546410257277,supported,0.0,0.0,0.0,-0.13918236301369863,-0.14054444060613067,-0.1378202854212666,,supported
H2B0333,X095,asymmetric_stress,2.0,0.7,32,14,14,0.5,0.5,0.2,0.2,0.4027963204009865,20,0.2001021918803434,0.20000589140136107,0.000102191880343383,5.891401361063364e-06,9.630047898231964e-05,True,0.28055650684931505,0.27823894763417306,0.28287406606445703,supported,-0.03296656193619481,-0.03586136680455646,-0.030071757067833153,supported,-0.2000058914013611,-0.2016892221962722,-0.19832256060645,supported,0.0,0.0,0.0,-0.28055650684931505,-0.28287406606445703,-0.27823894763417306,,supported
H2B0334,X096,asymmetric_stress,3.1,0.3,16,28,21,0.5,0.5,0.05,0.05,0.1429947517257437,20,0.04963273196505736,0.049991141579645466,0.000367268034942643,8.858420354536378e-06,0.0003584096145881066,True,0.046309931506849325,0.04495054759716822,0.04766931541653043,supported,-0.013446808805462809,-0.016768128901175093,-0.010125488709750526,supported,-0.049991141579645494,-0.05134239551995318,-0.04863988763933781,supported,0.0,0.0,0.0,-0.046309931506849325,-0.04766931541653043,-0.04495054759716822,,supported
H2B0334,X096,asymmetric_stress,3.1,0.3,16,28,21,0.5,0.5,0.1,0.1,0.2859895034514874,20,0.10078417462871095,0.09980995413981392,0.000784174628710943,0.00019004586018608882,0.0009742204888970318,True,0.0925684931506849,0.09071670492269665,0.09442028137867314,supported,-0.024470590319468157,-0.028869208635898393,-0.02007197200303792,supported,-0.09980995413981397,-0.10161051484976025,-0.0980093934298677,supported,0.0,0.0,0.0,-0.0925684931506849,-0.09442028137867314,-0.09071670492269665,,supported
H2B0334,X096,asymmetric_stress,3.1,0.3,16,28,21,0.5,0.5,0.2,0.2,0.5719790069029748,20,0.19973171171855814,0.19940171328166,0.0002682882814418752,0.000598286718340002,0.0003299984368981268,True,0.18482020547945205,0.18239582232121285,0.18724458863769125,supported,-0.05084312031045211,-0.05490366456473685,-0.04678257605616736,supported,-0.19940171328166006,-0.20146209780588978,-0.19734132875743035,supported,0.0,0.0,0.0,-0.18482020547945205,-0.18724458863769125,-0.18239582232121285,,supported
H2B0335,X098,asymmetric_stress,0.8,0.5,16,28,14,0.0,0.0,0.05,0.0529058290259732,0.05,20,0.05225890607872834,0.051214123150415646,0.0022589060787283344,0.0012141231504156427,0.0010447829283126916,True,-0.0004965753424657548,-0.005209651676512977,0.004216500991581468,inconclusive,-0.05225890607872839,-0.05359510063965417,-0.050922711517802616,supported,-0.051214123150415715,-0.05351358922004762,-0.04891465708078381,supported,-0.020958904109589054,-0.025854865849948293,-0.016062942369229814,-0.0204623287671233,-0.02137587413341209,-0.01954878340083451,utilization,inconclusive
H2B0335,X098,asymmetric_stress,0.8,0.5,16,28,14,0.0,0.0,0.1,0.1,0.1,20,0.10002303705488882,0.1007295814025078,2.303705488881924e-05,0.0007295814025077979,0.0007065443476189787,True,-0.002277397260273967,-0.006109926294060637,0.001555131773512703,inconclusive,-0.10002303705488888,-0.10327235063997779,-0.09677372346979997,supported,-0.1007295814025078,-0.1038794374295855,-0.09757972537543011,supported,-0.042525684931506866,-0.04645834780602029,-0.03859302205699344,-0.0402482876712329,-0.04150750292538447,-0.038989072417081334,utilization,inconclusive
H2B0335,X098,asymmetric_stress,0.8,0.5,16,28,14,0.0,0.0,0.2,0.2046104422718883,0.2,20,0.20491108877235428,0.20008458946406113,0.004911088772354272,8.458946406111889e-05,0.004826499308293153,True,-0.00101883561643836,-0.0072549045013519334,0.005217233268475214,inconclusive,-0.20491108877235434,-0.2091122165212283,-0.20070996102348038,supported,-0.20008458946406119,-0.2039880372891394,-0.19618114163898298,supported,-0.0809760273972603,-0.0878636000006881,-0.0740884547938325,-0.07995719178082192,-0.0816045913604578,-0.07830979220118603,utilization,inconclusive
H2B0336,X100,asymmetric_stress,3.1,0.5,32,21,21,0.0,0.1,0.05,0.082594917587685,0.0909295615682364,20,0.0500019727103044,0.05020275056799263,1.9727103043945537e-06,0.0002027505679926267,0.00020077785768823214,True,0.07324058219178087,0.07071304555008082,0.07576811883348092,supported,-0.0075280247260164634,-0.010562149614662814,-0.004493899837370114,supported,-0.050202750567992685,-0.05127052871801535,-0.04913497241797002,supported,-0.006083047945205472,-0.007907012920253292,-0.004259082970157653,-0.07932363013698632,-0.0808510728004734,-0.07779618747349923,,supported
H2B0336,X100,asymmetric_stress,3.1,0.5,32,21,21,0.0,0.1,0.1,0.1557393112514411,0.1756023807341318,20,0.10054221862903771,0.09652161575085415,0.0005422186290377079,0.0034783842491458578,0.004020602878183566,True,0.1406078767123288,0.13783700216797284,0.14337875125668476,supported,-0.015529574442927468,-0.018493031314912596,-0.01256611757094234,supported,-0.0965216157508542,-0.09798012213986625,-0.09506310936184216,supported,-0.012136130136986324,-0.014333451331487786,-0.009938808942484861,-0.15274400684931508,-0.15465909688404444,-0.1508289168145857,,supported
H2B0336,X100,asymmetric_stress,3.1,0.5,32,21,21,0.0,0.1,0.2,0.2659948875710994,0.3637182462729459,20,0.1926992315582548,0.19882584188968755,0.007300768441745209,0.001174158110312462,0.006126610331432747,True,0.28943493150684935,0.28703696323892935,0.29183289977476934,supported,-0.029408395070687005,-0.03181642452215255,-0.027000365619221454,supported,-0.1988258418896876,-0.20056100155375473,-0.19709068222562048,supported,-0.025830479452054793,-0.027519377711621426,-0.02414158119248816,-0.3152654109589041,-0.3172267433456475,-0.3133040785721607,,supported
H2B0337,X102,asymmetric_stress,4.0,0.3,32,28,14,0.1,0.5,0.05,0.05,0.0902294766503995,20,0.04974229295624973,0.049407962459025026,0.00025770704375027015,0.0005920375409749767,0.0003343304972247066,True,0.053450342465753406,0.051984581247990165,0.05491610368351665,supported,-0.013476150069474979,-0.01544527501519924,-0.011507025123750717,supported,-0.04940796245902508,-0.050487856599938964,-0.0483280683181112,supported,-0.00589469178082192,-0.007187115786745197,-0.004602267774898643,-0.059345034246575334,-0.060525438623676625,-0.058164629869474044,,supported
H2B0337,X102,asymmetric_stress,4.0,0.3,32,28,14,0.1,0.5,0.1,0.1,0.180458953300799,20,0.1002911987664786,0.09943057113296097,0.00029119876647859533,0.0005694288670390346,0.0008606276335176299,True,0.1080864726027397,0.10625059338994287,0.10992235181553651,supported,-0.029046133802598656,-0.03156345613876254,-0.026528811466434772,supported,-0.09943057113296103,-0.10069679872212604,-0.09816434354379601,supported,-0.011352739726027388,-0.012968938232338039,-0.009736541219716737,-0.11943921232876711,-0.12084369843836074,-0.11803472621917349,,supported
H2B0337,X102,asymmetric_stress,4.0,0.3,32,28,14,0.1,0.5,0.2,0.2,0.3609179066015981,20,0.1990694649651868,0.19939737028512927,0.000930535034813218,0.0006026297148707394,0.0003279053199424786,True,0.21549229452054797,0.21317737761966027,0.21780721142143566,supported,-0.06303820889822373,-0.06547938233347202,-0.060597035462975436,supported,-0.1993973702851293,-0.20098767731482167,-0.19780706325543693,supported,-0.024109589041095864,-0.025662702133441666,-0.02255647594875006,-0.2396018835616438,-0.24155887569940815,-0.23764489142387946,,supported
H2B0338,X103,asymmetric_stress,3.1,0.7,64,14,14,0.1,0.5,0.05,0.0537495930923737,0.1174643198734513,20,0.051906113889514424,0.05015398538507648,0.0019061138895144214,0.00015398538507647996,0.0017521285044379414,True,0.10929366438356167,0.1083074387258069,0.11027989004131643,supported,-0.00132938637864429,-0.0025170464901686515,-0.0001417262671199286,inconclusive,-0.05015398538507652,-0.05057873669552538,-0.049729234074627655,supported,6.421232876763216e-06,-6.574966132232844e-05,7.859212707585487e-05,-0.10928724315068492,-0.11029658079272923,-0.1082779055086406,balk_served,inconclusive
H2B0338,X103,asymmetric_stress,3.1,0.7,64,14,14,0.1,0.5,0.1,0.1031877183800525,0.2349286397469026,20,0.10203714364625363,0.10025302610118836,0.002037143646253625,0.0002530261011883528,0.0017841175450652724,True,0.21840325342465752,0.21717589329529755,0.2196306135540175,supported,-0.0029476916899005474,-0.004080180830472053,-0.0018152025493290418,inconclusive,-0.10025302610118843,-0.10084263097214229,-0.09966342123023457,supported,-3.852739726024623e-05,-8.925370206480009e-05,1.219890754430763e-05,-0.21844178082191776,-0.21965878170660727,-0.21722477993722825,balk_served,inconclusive
H2B0338,X103,asymmetric_stress,3.1,0.7,64,14,14,0.1,0.5,0.2,0.2,0.4698572794938052,20,0.19995717805997315,0.20032458863828265,4.282194002686035e-05,0.00032458863828263573,0.0003674105783094961,True,0.43639126712328763,0.4346856089228324,0.43809692532374284,supported,-0.007106448323995837,-0.008251986261330831,-0.005960910386660842,supported,-0.20032458863828267,-0.20126809047957767,-0.19938108679698768,supported,-0.0001369863013698791,-0.00020153136571966475,-7.244123702009346e-05,-0.43652825342465756,-0.4382005673978565,-0.4348559394514586,,supported
H2B0339,X104,asymmetric_stress,3.1,0.5,32,28,21,0.5,0.5,0.05,0.05,0.1536207457220065,20,0.05020356642410016,0.04932636377978158,0.00020356642410016001,0.0006736362202184251,0.0008772026443185851,True,0.07652397260273973,0.07524996620834254,0.07779797899713692,supported,-0.0074615325716924944,-0.008870446841241915,-0.006052618302143074,supported,-0.04932636377978163,-0.050073014357281335,-0.04857971320228193,supported,-4.280821917818089e-06,-3.469994135396111e-05,2.613829751832493e-05,-0.07652825342465755,-0.07780422663252404,-0.07525228021679106,,supported
H2B0339,X104,asymmetric_stress,3.1,0.5,32,28,21,0.5,0.5,0.1,0.1,0.3072414914440131,20,0.10008637151426461,0.09875408082514826,8.637151426460488e-05,0.0012459191748517423,0.0013322906891163472,True,0.15319349315068492,0.15149267851676104,0.1548943077846088,supported,-0.01608366223041715,-0.017743358511177705,-0.014423965949656592,supported,-0.09875408082514833,-0.09978694169939101,-0.09772121995090566,supported,8.561643835602872e-06,-3.7715577769842817e-06,2.0894845448190027e-05,-0.15318493150684934,-0.1548900880050431,-0.1514797750086556,,supported
H2B0339,X104,asymmetric_stress,3.1,0.5,32,28,21,0.5,0.5,0.2,0.2,0.6144829828880263,20,0.19970752566803843,0.1976817359617857,0.0002924743319615841,0.002318264038214307,0.002025789706252723,True,0.30672945205479457,0.30456204221611793,0.3088968618934712,supported,-0.035060811072397426,-0.03690005847178227,-0.03322156367301258,supported,-0.19768173596178576,-0.1988631336413229,-0.1965003382822486,supported,8.561643835602872e-06,-3.7715577769842817e-06,2.0894845448190027e-05,-0.3067208904109589,-0.30889005792472235,-0.30455172289719545,,supported
H2B0340,X105,asymmetric_stress,4.0,0.1,16,14,21,0.1,0.1,0.05,0.05,0.0945417871896923,20,0.05024495842603882,0.049313743238771024,0.0002449584260388188,0.0006862567612289788,0.0009312151872677976,True,0.01764554794520548,0.014259617989034091,0.02103147790137687,supported,-0.017240005968566084,-0.025084815133749064,-0.009395196803383105,supported,-0.04931374323877109,-0.05118258944825858,-0.04744489702928361,supported,-0.002063356164383573,-0.005394637403551249,0.0012679250747841034,-0.019708904109589052,-0.020409428031103957,-0.01900838018807415,,supported
H2B0340,X105,asymmetric_stress,4.0,0.1,16,14,21,0.1,0.1,0.1,0.0952330748309566,0.1981278507808422,20,0.09815472772283305,0.10478774080146827,0.001845272277166951,0.004787740801468265,0.0066330130786352165,True,0.03523972602739727,0.032507106119935875,0.03797234593485867,supported,-0.03332083181870314,-0.03976097688165651,-0.026880686755749776,supported,-0.10478774080146831,-0.10703671436726643,-0.1025387672356702,supported,-0.006618150684931512,-0.009294360708139965,-0.00394194066172306,-0.04185787671232878,-0.04284469555766348,-0.04087105786699408,,supported
H2B0340,X105,asymmetric_stress,4.0,0.1,16,14,21,0.1,0.1,0.2,0.1952621302184203,0.3781671487587695,20,0.19740364871130225,0.20107932520895638,0.002596351288697757,0.001079325208956372,0.003675676497654129,True,0.0698458904109589,0.06616141079060467,0.07353037003131313,supported,-0.07957675381407936,-0.08774708619219475,-0.07140642143596397,supported,-0.20107932520895644,-0.20537755257133022,-0.19678109784658265,supported,-0.010410958904109596,-0.014408861319976055,-0.006413056488243136,-0.08025684931506852,-0.08209723043440513,-0.0784164681957319,,supported
H2B0341,X106,asymmetric_stress,0.8,0.5,64,14,28,0.1,0.1,0.05,0.05,0.05,20,0.05097154434378247,0.049728581065751495,0.0009715443437824656,0.0002714189342485074,0.001242963278030973,True,0.003283390410958903,0.0006805694147040287,0.005886211407213777,inconclusive,-0.05097154434378248,-0.051907891562536196,-0.05003519712502877,supported,-0.04972858106575151,-0.05097401297501287,-0.04848314915649015,supported,-0.016605308219178085,-0.01920199231418631,-0.01400862412416986,-0.019888698630136988,-0.02039689371947932,-0.019380503540794656,utilization,inconclusive
H2B0341,X106,asymmetric_stress,0.8,0.5,64,14,28,0.1,0.1,0.1,0.1,0.1,20,0.10109083386958125,0.09952175021602919,0.0010908338695812397,0.00047824978397081885,0.0015690836535520586,True,-0.00030821917808218635,-0.004065690748085011,0.003449252391920638,inconclusive,-0.10109083386958129,-0.10257073313353052,-0.09961093460563206,supported,-0.09952175021602923,-0.1008868930038867,-0.09815660742817175,supported,-0.04011130136986301,-0.043986115789943436,-0.036236486949782584,-0.039803082191780824,-0.0403863106475804,-0.03921985373598125,utilization,inconclusive
H2B0341,X106,asymmetric_stress,0.8,0.5,64,14,28,0.1,0.1,0.2,0.2,0.1974367131818268,20,0.20023181997092712,0.1963131024407355,0.0002318199709271107,0.003686897559264518,0.003918717530191629,True,-0.0007170376712328618,-0.003695738322667989,0.002261662980202266,inconclusive,-0.20023181997092715,-0.2020523878320288,-0.1984112521098255,supported,-0.1963131024407355,-0.19844041553569838,-0.1941857893457726,supported,-0.07922945205479451,-0.08240827745024615,-0.07605062665934287,-0.07851241438356164,-0.07942298270847349,-0.0776018460586498,utilization,inconclusive
H2B0342,X107,asymmetric_stress,2.0,0.3,64,14,14,0.5,0.5,0.05,0.05,0.0790161475055159,20,0.05001507291998138,0.050207452691979626,1.5072919981380661e-05,0.00020745269197962324,0.00019237977199824258,True,0.030128424657534236,0.029459046207538416,0.030797803107530056,supported,-0.020903479610922128,-0.023297132165564387,-0.01850982705627987,supported,-0.05020745269197968,-0.051362318167789446,-0.04905258721616992,supported,0.0,0.0,0.0,-0.030128424657534236,-0.030797803107530056,-0.029459046207538416,,supported
H2B0342,X107,asymmetric_stress,2.0,0.3,64,14,14,0.5,0.5,0.1,0.1,0.1580322950110319,20,0.09981065430369157,0.10093814666417926,0.000189345696308435,0.0009381466641792541,0.001127492360487689,True,0.0605779109589041,0.05984155639031023,0.06131426552749797,supported,-0.04053342197322497,-0.043367074343949166,-0.03769976960250078,supported,-0.1009381466641793,-0.10215511466952552,-0.09972117865883308,supported,0.0,0.0,0.0,-0.0605779109589041,-0.06131426552749797,-0.05984155639031023,,supported
H2B0342,X107,asymmetric_stress,2.0,0.3,64,14,14,0.5,0.5,0.2,0.2,0.3160645900220638,20,0.20095755799526627,0.20058671231656997,0.0009575579952662561,0.0005867123165699539,0.00037084567869630214,True,0.12035530821917809,0.1194704135373038,0.12124020290105238,supported,-0.08437261456874236,-0.08810680471179064,-0.08063842442569408,supported,-0.20058671231657002,-0.20208761543738205,-0.199085809195758,supported,0.0,0.0,0.0,-0.12035530821917809,-0.12124020290105238,-0.1194704135373038,,supported
H2B0343,X108,asymmetric_stress,0.8,0.5,32,28,7,0.0,0.0,0.05,0.05,0.05,20,0.051159509198808226,0.050611756631251725,0.001159509198808223,0.0006117566312517225,0.0005477525675565004,True,-0.002470034246575359,-0.006162341944009747,0.0012222734508590296,inconclusive,-0.051159509198808274,-0.052884389658054906,-0.04943462873956164,supported,-0.050611756631251795,-0.051800629759958174,-0.049422883502545416,supported,-0.022688356164383562,-0.02646837012357597,-0.018908342205191154,-0.020218321917808202,-0.020674497575745698,-0.019762146259870706,utilization,inconclusive
H2B0343,X108,asymmetric_stress,0.8,0.5,32,28,7,0.0,0.0,0.1,0.0984406452742057,0.1,20,0.0980241122347564,0.09947620085986875,0.0019758877652436,0.0005237991401312592,0.001452088625112341,True,-0.00027825342465754297,-0.005930423284511895,0.005373916435196809,inconclusive,-0.09802411223475645,-0.09975376702860117,-0.09629445744091172,supported,-0.09947620085986879,-0.10143553710669233,-0.09751686461304525,supported,-0.040021404109589036,-0.04569484777090102,-0.03434796044827705,-0.03974315068493149,-0.04053495546231528,-0.0389513459075477,utilization,inconclusive
H2B0343,X108,asymmetric_stress,0.8,0.5,32,28,7,0.0,0.0,0.2,0.2010524893249371,0.1967457456538248,20,0.20130734828718927,0.19534596542315436,0.0013073482871892583,0.004654034576845656,0.005961382864034914,True,-0.00430222602739726,-0.008795509171927854,0.00019105711713333397,inconclusive,-0.2013073482871893,-0.20422042510272687,-0.19839427147165173,supported,-0.1953459654231544,-0.1982343113240216,-0.1924576195222872,supported,-0.08234589041095888,-0.08697405749248306,-0.0777177233294347,-0.07804366438356164,-0.0791935494289249,-0.07689377933819838,utilization,inconclusive
H2B0344,X110,asymmetric_stress,2.0,0.1,16,21,21,0.3,0.3,0.05,0.0563070155506664,0.0598820936569671,20,0.05627165460294844,0.05676549139920843,0.006271654602948436,0.006765491399208429,0.0004938367962599929,True,0.01099315068493149,0.010021128856289429,0.011965172513573551,supported,-0.04578536592261783,-0.05335041185402267,-0.03822031999121299,supported,-0.0567654913992085,-0.0598520544108557,-0.0536789283875613,supported,-0.0003253424657534365,-0.0012379253087971532,0.0005872403772902802,-0.011318493150684927,-0.01191532043817869,-0.010721665863191164,,supported
H2B0344,X110,asymmetric_stress,2.0,0.1,16,21,21,0.3,0.3,0.1,0.1,0.1186812406514224,20,0.09698867925570595,0.10959955356496598,0.003011320744294055,0.009599553564965974,0.012610874309260028,False,0.02141267123287673,0.02015291922308568,0.02267242324266778,supported,-0.07295695247845688,-0.08247650730641543,-0.06343739765049833,supported,-0.10959955356496605,-0.11382782058306325,-0.10537128654686885,supported,-0.0004623287671232879,-0.0012323613949321256,0.00030770386068554995,-0.021875000000000016,-0.022796420307546663,-0.02095357969245337,loss_matching_failed,inconclusive
H2B0344,X110,asymmetric_stress,2.0,0.1,16,21,21,0.3,0.3,0.2,0.2,0.231337836073815,20,0.19668299378932821,0.21135260106835058,0.003317006210671797,0.011352601068350565,0.014669607279022362,False,0.040085616438356106,0.03878353040748454,0.04138770246922767,supported,-0.15182610258174006,-0.1623960381680296,-0.14125616699545052,supported,-0.21135260106835058,-0.21638505595664032,-0.20632014618006084,supported,-0.0020976027397260457,-0.0032231270519912083,-0.000972078427460883,-0.04218321917808215,-0.04335736616928732,-0.04100907218687697,loss_matching_failed,inconclusive
H2B0345,X111,asymmetric_stress,4.0,0.5,32,14,14,0.3,0.3,0.05,0.05,0.1305265233354272,20,0.049922383207925435,0.0504730747995536,7.761679207456823e-05,0.0004730747995535939,0.0005506915916281621,True,0.09501712328767123,0.092600927693465,0.09743331888187746,supported,-0.004417684254341162,-0.0062101368379406515,-0.002625231670741672,inconclusive,-0.05047307479955363,-0.05115629325022973,-0.04978985634887753,supported,-0.0061344178082192,-0.008079142712506876,-0.004189692903931525,-0.10115154109589045,-0.1025044804461287,-0.0997986017456522,balk_served,inconclusive
H2B0345,X111,asymmetric_stress,4.0,0.5,32,14,14,0.3,0.3,0.1,0.1,0.2610530466708545,20,0.100376470323345,0.10052445326767523,0.0003764703233449934,0.0005244532676752234,0.00014798294433022996,True,0.18648972602739727,0.18438019967939343,0.18859925237540112,supported,-0.009845098256192186,-0.011588096471605042,-0.008102100040779329,supported,-0.10052445326767527,-0.10149816019782706,-0.09955074633752348,supported,-0.014931506849315084,-0.017083225442864617,-0.012779788255765551,-0.20142123287671235,-0.20325309969728894,-0.19958936605613575,,supported
H2B0345,X111,asymmetric_stress,4.0,0.5,32,14,14,0.3,0.3,0.2,0.2,0.5221060933417091,20,0.19945166419587484,0.20120338839247456,0.0005483358041251662,0.0012033883924745525,0.0017517241965997188,True,0.37283818493150683,0.3701776263912785,0.3754987434717352,supported,-0.019935795499543725,-0.02168517238969095,-0.0181864186093965,supported,-0.2012033883924746,-0.20255667188738075,-0.19985010489756844,supported,-0.030124143835616464,-0.03220477744834406,-0.028043510222888868,-0.40296232876712335,-0.40512106577507373,-0.40080359175917296,,supported
H2B0346,X112,asymmetric_stress,0.8,0.7,16,28,14,0.3,0.3,0.05,0.05,0.05,20,0.0495398909191562,0.04963473760127758,0.0004601090808438041,0.0003652623987224213,9.484668212138281e-05,True,0.0054195205479452,5.428488185492235e-05,0.010784756214035478,supported,-0.04953989091915624,-0.05104348623303292,-0.04803629560527956,supported,-0.04963473760127762,-0.051234241038696796,-0.04803523416385845,supported,-0.02229452054794522,-0.02762298384683596,-0.016966057249054478,-0.02771404109589042,-0.02861820488351313,-0.02680987730826771,,supported
H2B0346,X112,asymmetric_stress,0.8,0.7,16,28,14,0.3,0.3,0.1,0.0986812289971312,0.1,20,0.10070388043763256,0.09893588908622732,0.0007038804376325591,0.0010641109137726895,0.0017679913514052487,True,0.005119863013698633,-0.0004194335443092924,0.010659159571706558,inconclusive,-0.1007038804376326,-0.10259832282146994,-0.09880943805379527,supported,-0.09893588908622733,-0.10155582376092694,-0.09631595441152772,supported,-0.050119863013698626,-0.056421907792471415,-0.04381781823492584,-0.05523972602739726,-0.05677671545558749,-0.05370273659920703,utilization,inconclusive
H2B0346,X112,asymmetric_stress,0.8,0.7,16,28,14,0.3,0.3,0.2,0.2,0.1948515024658748,20,0.20046018517967754,0.19303385304915527,0.0004601851796775247,0.006966146950844743,0.007426332130522267,True,0.0009332191780821786,-0.004953534788139635,0.0068199731443039915,inconclusive,-0.20046018517967762,-0.20418246366409865,-0.1967379066952566,supported,-0.19303385304915527,-0.19554295960649648,-0.19052474649181406,supported,-0.10684931506849318,-0.11358935928589911,-0.10010927085108726,-0.10778253424657533,-0.10941798994708549,-0.10614707854606517,utilization,inconclusive
H2B0347,X113,asymmetric_stress,2.0,0.7,16,21,21,0.5,0.0,0.05,0.05,0.1741493085756281,20,0.050269347180593685,0.049967472061374515,0.000269347180593682,3.252793862548731e-05,0.0003018751192191693,True,0.07005993150684933,0.06831996875402309,0.07179989425967558,supported,-0.0014502078885972464,-0.00573208007179694,0.0028316642946024477,inconclusive,-0.049967472061374585,-0.0512549780544953,-0.04867996606825387,supported,0.0,0.0,0.0,-0.07005993150684933,-0.07179989425967558,-0.06831996875402309,balk_served,inconclusive
H2B0347,X113,asymmetric_stress,2.0,0.7,16,21,21,0.5,0.0,0.1,0.1004806883997244,0.3482986171512562,20,0.10062546006490569,0.09999109262167447,0.0006254600649056863,8.907378325540005e-06,0.0006343674432312263,True,0.13997431506849317,0.13699460232834418,0.14295402780864216,supported,-0.003683765634601377,-0.007670620652579047,0.00030308938337629283,inconclusive,-0.09999109262167453,-0.10231201842155403,-0.09767016682179504,supported,0.0,0.0,0.0,-0.13997431506849317,-0.14295402780864216,-0.13699460232834418,balk_served,inconclusive
H2B0347,X113,asymmetric_stress,2.0,0.7,16,21,21,0.5,0.0,0.2,0.2,0.6965972343025124,20,0.20099203877210167,0.20058505834959836,0.000992038772101661,0.0005850583495983497,0.00040698042250331135,True,0.2806763698630137,0.27712546665137555,0.28422727307465184,supported,-0.0013115176635244501,-0.005913922231603292,0.0032908869045543926,inconclusive,-0.2005850583495985,-0.20345780363808114,-0.19771231306111586,supported,0.0,0.0,0.0,-0.2806763698630137,-0.28422727307465184,-0.27712546665137555,balk_served,inconclusive
H2B0348,X115,asymmetric_stress,2.0,0.9,32,14,7,0.3,0.3,0.05,0.05,0.0949564897053401,20,0.050195053799742796,0.05032993446437425,0.0001950537997427934,0.0003299344643742444,0.00013488066463145099,True,0.09146404109589043,0.08980936335772412,0.09311871883405674,supported,-0.0016284132247636307,-0.003404839028751707,0.00014801257922444563,inconclusive,-0.05032993446437432,-0.051343582504494285,-0.04931628642425435,supported,0.0007148972602740334,0.0005477658186716107,0.000882028701876456,-0.09074914383561637,-0.09247130688568268,-0.08902698078555006,balk_served,inconclusive
H2B0348,X115,asymmetric_stress,2.0,0.9,32,14,7,0.3,0.3,0.1,0.1,0.1899129794106802,20,0.09969073546750068,0.10027330632368839,0.00030926453249932595,0.0002733063236883826,0.0005825708561877085,True,0.1817679794520548,0.17987914762301468,0.18365681128109493,supported,-0.003169788014166647,-0.005439213050203522,-0.0009003629781297721,inconclusive,-0.10027330632368847,-0.10146582560556053,-0.09908078704181641,supported,0.0009631849315069219,0.0008122046241465209,0.001114165238867323,-0.1808047945205479,-0.1827767188052525,-0.1788328702358433,balk_served,inconclusive
H2B0348,X115,asymmetric_stress,2.0,0.9,32,14,7,0.3,0.3,0.2,0.2,0.3798259588213605,20,0.19934708765603107,0.20012585578933892,0.0006529123439689422,0.00012585578933890784,0.00077876813330785,True,0.3616523972602739,0.3592615757393323,0.3640432187812154,supported,-0.006743041649436165,-0.008820885749711918,-0.004665197549160413,supported,-0.20012585578933897,-0.20168816014736746,-0.1985635514313105,supported,0.0010402397260274477,0.0008756557805946325,0.0012048236714602629,-0.3606121575342466,-0.3630827507351659,-0.3581415643333273,,supported
H2B0349,X116,asymmetric_stress,2.0,0.3,16,28,28,0.5,0.3,0.05,0.05,0.1165085494171745,20,0.04971979322168305,0.04696984783868195,0.0002802067783169507,0.0030301521613180504,0.0027499453830010998,True,0.0220291095890411,0.016225524593125706,0.02783269458495649,supported,-0.013724038661074727,-0.02023176852236104,-0.007216308799788415,supported,-0.04696984783868199,-0.048584755562872325,-0.04535494011449165,supported,-0.006121575342465754,-0.01183207558388891,-0.0004110751010425991,-0.028150684931506853,-0.029103672518773372,-0.027197697344240334,,supported
H2B0349,X116,asymmetric_stress,2.0,0.3,16,28,28,0.5,0.3,0.1,0.0962377891042695,0.2372831390071837,20,0.09627576675006068,0.09595403660615832,0.0037242332499393266,0.004045963393841681,0.00032173014390235455,True,0.04380993150684932,0.039611384492696994,0.04800847852100165,supported,-0.02886011079059635,-0.033462746344640276,-0.024257475236552428,supported,-0.09595403660615835,-0.09813132605132738,-0.09377674716098933,supported,-0.01365582191780823,-0.01788729648081286,-0.009424347354803603,-0.05746575342465754,-0.05868484949025263,-0.05624665735906245,,supported
H2B0349,X116,asymmetric_stress,2.0,0.3,16,28,28,0.5,0.3,0.2,0.2,0.4903120873624184,20,0.1993622472770893,0.2016423611095818,0.0006377527229107227,0.001642361109581797,0.0022801138324925196,True,0.09454623287671234,0.09122605039999039,0.09786641535343428,supported,-0.05951682159846709,-0.0656932048723986,-0.05334043832453559,supported,-0.20164236110958184,-0.2052023535503161,-0.19808236866884757,supported,-0.026232876712328768,-0.029861028029799293,-0.022604725394858242,-0.1207791095890411,-0.12281103756567494,-0.11874718161240727,,supported
H2B0350,X118,asymmetric_stress,4.0,0.5,16,14,14,0.0,0.0,0.05,0.118544735784428,0.1305485667121904,20,0.0509371910047026,0.049933882916974134,0.0009371910047025964,6.611708302586838e-05,0.0010033080877284647,True,0.081875,0.07837742395500773,0.08537257604499228,supported,-0.012322552885353551,-0.014923591752267979,-0.009721514018439124,supported,-0.04993388291697417,-0.050635194590145066,-0.04923257124380327,supported,-0.01896404109589042,-0.021810120183733038,-0.016117962008047805,-0.10083904109589041,-0.10233264335422139,-0.09934543883755943,,supported
H2B0350,X118,asymmetric_stress,4.0,0.5,16,14,14,0.0,0.0,0.1,0.2134837814132024,0.2610971334243809,20,0.09859540146593179,0.10006158130364418,0.0014045985340682132,6.158130364417036e-05,0.0014661798377123836,True,0.1700770547945205,0.16638881800649208,0.17376529158254894,supported,-0.022052832153507,-0.02451651057743381,-0.01958915372958019,supported,-0.10006158130364422,-0.10110439013879606,-0.09901877246849237,supported,-0.03182363013698632,-0.03442438301015737,-0.029222877263815266,-0.20190068493150687,-0.20404410879634732,-0.19975726106666641,,supported
H2B0350,X118,asymmetric_stress,4.0,0.5,16,14,14,0.0,0.0,0.2,0.3466831458091819,0.5221942668487618,20,0.18261769552524035,0.1996868261512941,0.017382304474759663,0.00031317384870591103,0.017069130626053752,False,0.3432191780821918,0.34008241494733576,0.3463559412170479,supported,-0.04143933550474898,-0.04398623044013873,-0.03889244056935923,supported,-0.19968682615129413,-0.20095699477743623,-0.19841665752515203,supported,-0.05968321917808219,-0.06185586666070036,-0.05751057169546402,-0.402902397260274,-0.4050090093455536,-0.40079578517499437,loss_matching_failed,inconclusive
H2B0351,X119,asymmetric_stress,4.0,0.7,32,7,7,0.1,0.3,0.05,0.1046951261770811,0.1644567726277351,20,0.05198249440898859,0.04977644274733067,0.0019824944089885874,0.00022355725266933607,0.0022060516616579234,True,0.13269691780821918,0.13075782280069848,0.1346360128157399,supported,-0.0046364832572201335,-0.005740224990949076,-0.003532741523491191,inconclusive,-0.04977644274733073,-0.05046768883045937,-0.04908519666420209,supported,-0.006986301369862979,-0.00840389844571955,-0.005568704294006408,-0.13968321917808219,-0.1416834762369691,-0.13768296211919526,balk_served,inconclusive
H2B0351,X119,asymmetric_stress,4.0,0.7,32,7,7,0.1,0.3,0.1,0.187742467944582,0.3289135452554703,20,0.10014711130242851,0.09962984649762655,0.00014711130242850423,0.00037015350237346034,0.0005172648048019646,True,0.26647688356164384,0.2643444925794245,0.2686092745438632,supported,-0.010785313207218228,-0.011620666533405525,-0.009949959881030932,supported,-0.0996298464976266,-0.10032136320095493,-0.09893832979429827,supported,-0.013069349315068469,-0.014582885201455505,-0.011555813428681432,-0.2795462328767123,-0.28156831384415265,-0.277524151909272,,supported
H2B0351,X119,asymmetric_stress,4.0,0.7,32,7,7,0.1,0.3,0.2,0.3085230868950311,0.6578270905109407,20,0.18685674782712544,0.1995226838619827,0.01314325217287457,0.00047731613801729744,0.012665936034857272,False,0.535963184931507,0.5330212437988654,0.5389051260641485,supported,-0.019002251773743338,-0.020160247082636557,-0.01784425646485012,supported,-0.19952268386198274,-0.2003858714825753,-0.19865949624139018,supported,-0.02389554794520548,-0.025316806368826928,-0.02247428952158403,-0.5598587328767123,-0.5621727662054729,-0.5575446995479517,loss_matching_failed,inconclusive
H2B0352,X120,asymmetric_stress,3.1,0.5,32,14,21,0.0,0.0,0.05,0.1354984683220546,0.1462105337653499,20,0.05461450756553958,0.049868640427124675,0.004614507565539577,0.00013135957287532807,0.004745867138414905,True,0.0811515410958904,0.07829101589756579,0.08401206629421501,supported,0.0026057493046219766,-0.00030660846737458987,0.005518107076618543,inconclusive,-0.049868640427124716,-0.05060347071995761,-0.04913381013429182,supported,0.0028767123287671116,0.0004518656296669302,0.005301559027867293,-0.07827482876712329,-0.07940397923321865,-0.07714567830102792,balk_served,inconclusive
H2B0352,X120,asymmetric_stress,3.1,0.5,32,14,21,0.0,0.0,0.1,0.2211784856394692,0.2924210675306998,20,0.09840535071599596,0.10029413724347233,0.001594649284004046,0.0002941372434723255,0.0018887865274763715,True,0.15839041095890413,0.15557098604076583,0.16120983587704243,supported,0.002564038631087112,-0.0003042298784444366,0.005432307140618661,inconclusive,-0.1002941372434724,-0.10135059769361068,-0.09923767679333412,supported,0.0013142123287671116,-0.0018813928249236723,0.004509817482457896,-0.15707619863013697,-0.15872084518229929,-0.15543155207797466,balk_served,inconclusive
H2B0352,X120,asymmetric_stress,3.1,0.5,32,14,21,0.0,0.0,0.2,0.2946947480654683,0.5848421350613996,0,0.1450249382594037,0.1994689359849903,,,0.0544439977255866,False,,,,inactive,,,,inactive,,,,inactive,,,,,,,target_unattainable,inactive
H2B0353,X121,asymmetric_stress,0.8,0.3,32,28,14,0.1,0.1,0.05,0.0467279053935499,0.05,20,0.04760707344547657,0.04970345611049319,0.0023929265545234307,0.00029654388950681176,0.002096382665016619,True,0.0038184931506849208,0.00024504626849420523,0.007391940032875636,inconclusive,-0.047607073445476586,-0.04960172233000225,-0.04561242456095092,supported,-0.04970345611049322,-0.05112783269564277,-0.04827907952534367,supported,-0.008112157534246572,-0.011600147314084064,-0.0046241677544090806,-0.011930650684931493,-0.012285794309597609,-0.011575507060265377,utilization,inconclusive
H2B0353,X121,asymmetric_stress,0.8,0.3,32,28,14,0.1,0.1,0.1,0.1,0.1,20,0.09964690335643435,0.09989926214357803,0.0003530966435656563,0.00010073785642197852,0.00025235878714367777,True,-0.001455479452054803,-0.004910121526511348,0.0019991626224017426,inconclusive,-0.09964690335643439,-0.10187686042395346,-0.09741694628891533,supported,-0.09989926214357805,-0.10312330342740872,-0.09667522085974739,supported,-0.025436643835616446,-0.028730270681621057,-0.022143016989611835,-0.023981164383561644,-0.02479177468638339,-0.023170554080739897,utilization,inconclusive
H2B0353,X121,asymmetric_stress,0.8,0.3,32,28,14,0.1,0.1,0.2,0.2,0.2,20,0.20002604442530686,0.19856730655652127,2.604442530684814e-05,0.0014326934434787386,0.0014587378687855868,True,0.00038955479452054687,-0.004043721322573049,0.004822830911614143,inconclusive,-0.20002604442530686,-0.20352227749658042,-0.1965298113540333,supported,-0.19856730655652127,-0.2028650278299203,-0.19426958528312224,supported,-0.04727311643835617,-0.051829363739374766,-0.04271686913733757,-0.047662671232876715,-0.04875779811525675,-0.04656754435049668,utilization,inconclusive
H2B0354,X122,asymmetric_stress,2.0,0.7,64,28,28,0.1,0.0,0.05,0.05,0.1156415769059946,20,0.05036864063712824,0.04937838003763155,0.0003686406371282355,0.0006216199623684526,0.0009902605994966882,True,0.06698630136986303,0.06442442196515848,0.06954818077456758,supported,-0.0014485375836162467,-0.00410484937010781,0.0012077742028753168,inconclusive,-0.049378380037631585,-0.05001835005086495,-0.04873841002439822,supported,-0.002318065068493147,-0.004854049400031054,0.0002179192630447596,-0.06930436643835618,-0.0702164415812506,-0.06839229129546176,balk_served,inconclusive
H2B0354,X122,asymmetric_stress,2.0,0.7,64,28,28,0.1,0.0,0.1,0.1,0.2312831538119892,20,0.10025599694074627,0.09907687705830354,0.000255996940746267,0.0009231229416964692,0.0011791198824427362,True,0.1314619006849315,0.12951870402993318,0.1334050973399298,supported,-0.00648901649009391,-0.009004891256379361,-0.003973141723808459,supported,-0.09907687705830358,-0.10006690475781416,-0.098086849358793,supported,-0.00764126712328767,-0.010317927857863826,-0.004964606388711513,-0.13910316780821913,-0.14047860204926538,-0.13772773356717288,,supported
H2B0354,X122,asymmetric_stress,2.0,0.7,64,28,28,0.1,0.0,0.2,0.2,0.4625663076239785,20,0.19980195615556312,0.19918738436580924,0.00019804384443689038,0.000812615634190772,0.0006145717897538816,True,0.23865796232876718,0.2363114784363573,0.24100444622117706,supported,-0.039060787089465185,-0.04093323141659776,-0.03718834276233261,supported,-0.1991873843658093,-0.2005527884792568,-0.19782198025236178,supported,-0.04075984589041096,-0.04322970680171402,-0.038289984979107905,-0.2794178082191781,-0.2813107705301554,-0.2775248459082008,,supported
H2B0355,X123,asymmetric_stress,3.1,0.3,32,14,14,0.5,0.0,0.05,0.0541711310031224,1.0,0,0.0476425866100415,0.0046735069928383,,,0.0429690796172032,False,,,,inactive,,,,inactive,,,,inactive,,,,,,,target_unattainable,inactive
H2B0355,X123,asymmetric_stress,3.1,0.3,32,14,14,0.5,0.0,0.1,0.1171873226753268,1.0,0,0.0989047669562016,0.0046735069928383,,,0.0942312599633632,False,,,,inactive,,,,inactive,,,,inactive,,,,,,,target_unattainable,inactive
H2B0355,X123,asymmetric_stress,3.1,0.3,32,14,14,0.5,0.0,0.2,0.2293614512041106,1.0,0,0.1979621552697003,0.0046735069928383,,,0.193288648276862,False,,,,inactive,,,,inactive,,,,inactive,,,,,,,target_unattainable,inactive
H2B0356,X124,asymmetric_stress,3.1,0.9,64,14,28,0.1,0.1,0.05,0.0696569468017561,0.1568626758024438,20,0.05180560390917778,0.04996178587395376,0.0018056039091777776,3.821412604624458e-05,0.0018438180352240222,True,0.1409931506849315,0.13958965016337962,0.1423966512064834,supported,-0.0009067588753159716,-0.0020613651815295543,0.00024784743089761093,inconclusive,-0.04996178587395382,-0.05025830464730346,-0.049665267100604184,supported,0.0013291952054794553,0.0004953608359805121,0.0021630295749783986,-0.13966395547945207,-0.14053862005022538,-0.13878929090867875,balk_served,inconclusive
H2B0356,X124,asymmetric_stress,3.1,0.9,64,14,28,0.1,0.1,0.1,0.1266012926606132,0.3137253516048877,20,0.10022757760948924,0.09986946223141271,0.00022757760948922956,0.00013053776858729105,0.0003581153780765206,True,0.28084332191780825,0.27964809496716797,0.28203854886844854,supported,-0.0016370463082652942,-0.002676404876477464,-0.0005976877400531246,inconclusive,-0.0998694622314128,-0.1003905144495219,-0.09934841001330369,supported,0.0017808219178082284,0.0008070021623180168,0.00275464167329844,-0.2790625000000001,-0.2803573540211354,-0.27776764597886483,balk_served,inconclusive
H2B0356,X124,asymmetric_stress,3.1,0.9,64,14,28,0.1,0.1,0.2,0.2231968523251893,0.6274507032097754,20,0.19797924717337193,0.19953297186498425,0.002020752826628086,0.0004670281350157568,0.0015537246916123293,True,0.5611044520547945,0.5594130413949813,0.5627958627146078,supported,-0.0037882213908217166,-0.004783280415866137,-0.0027931623657772965,inconclusive,-0.1995329718649843,-0.20031065898539216,-0.19875528474457646,supported,0.0037350171232876763,0.0026917072556329816,0.004778326990942371,-0.5573694349315069,-0.5590682594627707,-0.5556706104002431,balk_served,inconclusive
H2B0357,X125,asymmetric_stress,1.25,0.7,16,14,28,0.1,0.1,0.05,0.05,0.0629913430286933,20,0.049827507176574845,0.050227107573422115,0.0001724928234251577,0.00022710757342211257,0.0003996003968472703,True,0.04384417808219176,0.04246112928754981,0.045227226876833705,supported,-0.009891479019788253,-0.015237560026825098,-0.004545398012751406,supported,-0.05022710757342217,-0.05177511896290807,-0.048679096183936274,supported,0.0,0.0,0.0,-0.04384417808219176,-0.045227226876833705,-0.04246112928754981,,supported
H2B0357,X125,asymmetric_stress,1.25,0.7,16,14,28,0.1,0.1,0.1,0.1,0.1223176312453394,20,0.10027277441734181,0.09757456516166386,0.0002727744173418034,0.0024254348383361407,0.002698209255677944,True,0.08538527397260275,0.08356499015906843,0.08720555778613706,supported,-0.025347339421250437,-0.03440118009416116,-0.016293498748339713,supported,-0.09757456516166393,-0.0996780841430645,-0.09547104618026336,supported,0.0,0.0,0.0,-0.08538527397260275,-0.08720555778613706,-0.08356499015906843,,supported
H2B0357,X125,asymmetric_stress,1.25,0.7,16,14,28,0.1,0.1,0.2,0.2,0.2519653721147732,20,0.20040477529626516,0.20147105258270165,0.0004047752962651474,0.0014710525827016374,0.00106627728643649,True,0.17587328767123284,0.1730643846454817,0.17868219069698396,supported,-0.056287796008114156,-0.06068762270412367,-0.05188796931210464,supported,-0.2014710525827017,-0.20457863552383423,-0.19836346964156917,supported,-0.000513698630136994,-0.0009280811531080701,-9.93161071659178e-05,-0.17638698630136987,-0.17905606640853214,-0.1737179061942076,,supported
H2B0358,X126,asymmetric_stress,3.1,0.1,16,28,28,0.1,0.1,0.05,0.05,0.0570011716475613,20,0.05273314488323202,0.04948925980109562,0.002733144883232015,0.0005107401989043817,0.003243885082136397,True,0.015222602739726022,0.014570042849636264,0.01587516262981578,supported,-0.03657310920209311,-0.043688224917980495,-0.02945799348620573,supported,-0.04948925980109568,-0.05204401489923948,-0.04693450470295187,supported,0.0,0.0,0.0,-0.015222602739726022,-0.01587516262981578,-0.014570042849636264,,supported
H2B0358,X126,asymmetric_stress,3.1,0.1,16,28,28,0.1,0.1,0.1,0.091616161332579,0.1176292643186507,20,0.09239547247506717,0.10234465473064554,0.007604527524932833,0.0023446547306455318,0.009949182255578365,True,0.03158390410958904,0.030430319312947974,0.032737488906230114,supported,-0.06262176680812104,-0.06945526537962779,-0.05578826823661428,supported,-0.1023446547306456,-0.10602154116832221,-0.098667768292969,supported,-2.5684931506847473e-05,-7.944411098650907e-05,2.8074247972814126e-05,-0.031609589041095884,-0.032745434578078284,-0.030473743504113488,,supported
H2B0358,X126,asymmetric_stress,3.1,0.1,16,28,28,0.1,0.1,0.2,0.2,0.2319098823852969,20,0.2002970384881841,0.20070867798081715,0.00029703848818407597,0.0007086779808171406,0.00041163949263306465,True,0.06149828767123287,0.05970607453645503,0.0632905008060107,supported,-0.13619547359234624,-0.14200664916231562,-0.13038429802237686,supported,-0.20070867798081723,-0.20572124256281996,-0.19569611339881451,supported,-0.000428082191780832,-0.0009700574517593432,0.00011389306819767928,-0.06192636986301371,-0.06346903927234954,-0.06038370045367789,,supported
H2B0359,X127,asymmetric_stress,0.8,0.1,32,28,28,0.3,0.3,0.05,0.05,0.0473677923942738,20,0.051565312100103164,0.04681076813607296,0.0015653121001031611,0.0031892318639270417,0.004754543964030203,True,-0.0012970890410959,-0.006090429008575425,0.003496250926383624,inconclusive,-0.05156531210010321,-0.05526082395556346,-0.04786980024464296,supported,-0.04681076813607303,-0.050698714577643515,-0.042922821694502546,supported,-0.005025684931506852,-0.009770453157995655,-0.00028091670501804826,-0.003728595890410952,-0.0040391039554059935,-0.00341808782541591,utilization,inconclusive
H2B0359,X127,asymmetric_stress,0.8,0.1,32,28,28,0.3,0.3,0.1,0.1,0.1001385615676753,20,0.10077048110187062,0.09776823344894553,0.0007704811018706126,0.002231766551054476,0.0030022476529250886,True,-0.0033732876712328553,-0.007958471338797924,0.0012118959963322135,inconclusive,-0.10077048110187063,-0.10580255585495214,-0.09573840634878912,supported,-0.09776823344894559,-0.1029585891518332,-0.09257787774605797,supported,-0.011164383561643832,-0.01557966591114605,-0.006749101212141615,-0.007791095890410976,-0.00821852827472015,-0.007363663506101802,utilization,inconclusive
H2B0359,X127,asymmetric_stress,0.8,0.1,32,28,28,0.3,0.3,0.2,0.2,0.2131941203665082,20,0.20279137009575382,0.2102257583769406,0.002791370095753809,0.010225758376940591,0.007434388281186782,True,-0.0015154109589041065,-0.006996129661048111,0.003965307743239898,inconclusive,-0.20279137009575385,-0.2095547459900799,-0.1960279942014278,supported,-0.21022575837694063,-0.21699525804870054,-0.20345625870518072,supported,-0.018261986301369854,-0.023798635409082596,-0.012725337193657111,-0.016746575342465746,-0.017281551409988535,-0.016211599274942957,utilization,inconclusive
H2B0360,X128,asymmetric_stress,0.8,0.7,32,28,21,0.0,0.0,0.05,0.0531270075604276,0.05,20,0.05326362066717329,0.0498764458569149,0.0032636206671732906,0.0001235541430851042,0.003387174810258395,True,-0.003099315068493169,-0.008385460139356744,0.0021868300023704062,inconclusive,-0.05326362066717333,-0.05481649252469287,-0.05171074880965379,supported,-0.04987644585691494,-0.051459178425032115,-0.048293713288797765,supported,-0.031074486301369886,-0.036677819248202764,-0.025471153354537004,-0.027975171232876718,-0.02893779980665997,-0.027012542659093464,utilization,inconclusive
H2B0360,X128,asymmetric_stress,0.8,0.7,32,28,21,0.0,0.0,0.1,0.1,0.1,20,0.09942190368223475,0.10017505794672217,0.0005780963177652587,0.00017505794672216524,0.000753154264487424,True,-0.001164383561643828,-0.006250313719880583,0.0039215465965929275,inconclusive,-0.0994219036822348,-0.10105152459503947,-0.09779228276943014,supported,-0.10017505794672221,-0.10236865435970917,-0.09798146153373526,supported,-0.05735873287671234,-0.06273594709773192,-0.05198151865569275,-0.056194349315068504,-0.05757900868609134,-0.05480968994404567,utilization,inconclusive
H2B0360,X128,asymmetric_stress,0.8,0.7,32,28,21,0.0,0.0,0.2,0.2,0.2,20,0.1991731550494274,0.20045611649196488,0.0008268449505726139,0.00045611649196486415,0.001282961442537478,True,-0.001241438356164365,-0.0061367597081260165,0.003653882995797287,inconclusive,-0.19917315504942748,-0.2016292924823297,-0.19671701761652527,supported,-0.20045611649196493,-0.20282226102352915,-0.1980899719604007,supported,-0.1136772260273973,-0.11894322671086333,-0.10841122534393127,-0.11243578767123293,-0.11394784886336841,-0.11092372647909744,utilization,inconclusive
