h1,h2,tau1,tau2,balk_high,mean,std,n,se,ci95,metric
2,2,5,9,0.3,1.0,0.0,50,0.0,0.0,average_utilization
2,2,5,9,0.5,1.0,0.0,50,0.0,0.0,average_utilization
2,2,5,9,0.7,1.0,0.0,50,0.0,0.0,average_utilization
2,2,5,12,0.3,1.0,0.0,50,0.0,0.0,average_utilization
2,2,5,12,0.5,1.0,0.0,50,0.0,0.0,average_utilization
2,2,5,12,0.7,1.0,0.0,50,0.0,0.0,average_utilization
2,2,9,5,0.3,1.0,0.0,50,0.0,0.0,average_utilization
2,2,9,5,0.5,1.0,0.0,50,0.0,0.0,average_utilization
2,2,9,5,0.7,1.0,0.0,50,0.0,0.0,average_utilization
2,2,9,9,0.3,1.0,0.0,50,0.0,0.0,average_utilization
2,2,9,9,0.5,1.0,0.0,50,0.0,0.0,average_utilization
2,2,9,9,0.7,1.0,0.0,50,0.0,0.0,average_utilization
2,2,12,12,0.3,1.0,0.0,50,0.0,0.0,average_utilization
2,2,12,12,0.5,1.0,0.0,50,0.0,0.0,average_utilization
2,2,12,12,0.7,1.0,0.0,50,0.0,0.0,average_utilization
2,5,5,9,0.3,1.0,0.0,50,0.0,0.0,average_utilization
2,5,5,9,0.5,1.0,0.0,50,0.0,0.0,average_utilization
2,5,5,9,0.7,1.0,0.0,50,0.0,0.0,average_utilization
2,5,5,12,0.3,1.0,0.0,50,0.0,0.0,average_utilization
2,5,5,12,0.5,1.0,0.0,50,0.0,0.0,average_utilization
2,5,5,12,0.7,1.0,0.0,50,0.0,0.0,average_utilization
2,5,9,5,0.3,1.0,0.0,50,0.0,0.0,average_utilization
2,5,9,5,0.5,1.0,0.0,50,0.0,0.0,average_utilization
2,5,9,5,0.7,1.0,0.0,50,0.0,0.0,average_utilization
2,5,9,9,0.3,1.0,0.0,50,0.0,0.0,average_utilization
2,5,9,9,0.5,1.0,0.0,50,0.0,0.0,average_utilization
2,5,9,9,0.7,1.0,0.0,50,0.0,0.0,average_utilization
2,5,12,12,0.3,1.0,0.0,50,0.0,0.0,average_utilization
2,5,12,12,0.5,1.0,0.0,50,0.0,0.0,average_utilization
2,5,12,12,0.7,1.0,0.0,50,0.0,0.0,average_utilization
2,7,5,9,0.3,1.0,0.0,50,0.0,0.0,average_utilization
2,7,5,9,0.5,1.0,0.0,50,0.0,0.0,average_utilization
2,7,5,9,0.7,1.0,0.0,50,0.0,0.0,average_utilization
2,7,5,12,0.3,1.0,0.0,50,0.0,0.0,average_utilization
2,7,5,12,0.5,1.0,0.0,50,0.0,0.0,average_utilization
2,7,5,12,0.7,1.0,0.0,50,0.0,0.0,average_utilization
2,7,9,5,0.3,1.0,0.0,50,0.0,0.0,average_utilization
2,7,9,5,0.5,1.0,0.0,50,0.0,0.0,average_utilization
2,7,9,5,0.7,1.0,0.0,50,0.0,0.0,average_utilization
2,7,9,9,0.3,1.0,0.0,50,0.0,0.0,average_utilization
2,7,9,9,0.5,1.0,0.0,50,0.0,0.0,average_utilization
2,7,9,9,0.7,1.0,0.0,50,0.0,0.0,average_utilization
2,7,12,12,0.3,1.0,0.0,50,0.0,0.0,average_utilization
2,7,12,12,0.5,1.0,0.0,50,0.0,0.0,average_utilization
2,7,12,12,0.7,1.0,0.0,50,0.0,0.0,average_utilization
2,10,5,9,0.3,0.8709811643835615,0.010005406860727662,50,0.0014149782079501873,0.002773357287582367,average_utilization
2,10,5,9,0.5,0.8709811643835615,0.010005406860727662,50,0.0014149782079501873,0.002773357287582367,average_utilization
2,10,5,9,0.7,0.8709811643835615,0.010005406860727662,50,0.0014149782079501873,0.002773357287582367,average_utilization
2,10,5,12,0.3,0.8709811643835615,0.010005406860727662,50,0.0014149782079501873,0.002773357287582367,average_utilization
2,10,5,12,0.5,0.8709811643835615,0.010005406860727662,50,0.0014149782079501873,0.002773357287582367,average_utilization
2,10,5,12,0.7,0.8709811643835615,0.010005406860727662,50,0.0014149782079501873,0.002773357287582367,average_utilization
2,10,9,5,0.3,0.999859589041096,0.00014754362866928333,50,2.086582007058403e-05,4.089700733834469e-05,average_utilization
2,10,9,5,0.5,1.0,0.0,50,0.0,0.0,average_utilization
2,10,9,5,0.7,1.0,0.0,50,0.0,0.0,average_utilization
2,10,9,9,0.3,0.8709811643835615,0.010005406860727662,50,0.0014149782079501873,0.002773357287582367,average_utilization
2,10,9,9,0.5,0.8709811643835615,0.010005406860727662,50,0.0014149782079501873,0.002773357287582367,average_utilization
2,10,9,9,0.7,0.8709811643835615,0.010005406860727662,50,0.0014149782079501873,0.002773357287582367,average_utilization
2,10,12,12,0.3,0.8709811643835615,0.010005406860727662,50,0.0014149782079501873,0.002773357287582367,average_utilization
2,10,12,12,0.5,0.8709811643835615,0.010005406860727662,50,0.0014149782079501873,0.002773357287582367,average_utilization
2,10,12,12,0.7,0.8709811643835615,0.010005406860727662,50,0.0014149782079501873,0.002773357287582367,average_utilization
2,14,5,9,0.3,0.8709931506849315,0.010029384038903674,50,0.0014183690930065825,0.0027800034222929017,average_utilization
2,14,5,9,0.5,0.8710376712328767,0.0100733195818966,50,0.0014245825170836645,0.0027921817334839822,average_utilization
2,14,5,9,0.7,0.8711849315068493,0.009933090717503933,50,0.001404751160897636,0.0027533122753593663,average_utilization
2,14,5,12,0.3,0.8702876712328766,0.010232799453043081,50,0.0014471363767537514,0.0028363872984373526,average_utilization
2,14,5,12,0.5,0.8702876712328766,0.010232799453043081,50,0.0014471363767537514,0.0028363872984373526,average_utilization
2,14,5,12,0.7,0.8702876712328766,0.010232799453043081,50,0.0014471363767537514,0.0028363872984373526,average_utilization
2,14,9,5,0.3,0.999859589041096,0.00014754362866928333,50,2.086582007058403e-05,4.089700733834469e-05,average_utilization
2,14,9,5,0.5,1.0,0.0,50,0.0,0.0,average_utilization
2,14,9,5,0.7,1.0,0.0,50,0.0,0.0,average_utilization
2,14,9,9,0.3,0.8709931506849315,0.010029384038903674,50,0.0014183690930065825,0.0027800034222929017,average_utilization
2,14,9,9,0.5,0.8710376712328767,0.0100733195818966,50,0.0014245825170836645,0.0027921817334839822,average_utilization
2,14,9,9,0.7,0.8711849315068493,0.009933090717503933,50,0.001404751160897636,0.0027533122753593663,average_utilization
2,14,12,12,0.3,0.8702876712328766,0.010232799453043081,50,0.0014471363767537514,0.0028363872984373526,average_utilization
2,14,12,12,0.5,0.8702876712328766,0.010232799453043081,50,0.0014471363767537514,0.0028363872984373526,average_utilization
2,14,12,12,0.7,0.8702876712328766,0.010232799453043081,50,0.0014471363767537514,0.0028363872984373526,average_utilization
5,2,5,9,0.3,1.0,0.0,50,0.0,0.0,average_utilization
5,2,5,9,0.5,1.0,0.0,50,0.0,0.0,average_utilization
5,2,5,9,0.7,1.0,0.0,50,0.0,0.0,average_utilization
5,2,5,12,0.3,1.0,0.0,50,0.0,0.0,average_utilization
5,2,5,12,0.5,1.0,0.0,50,0.0,0.0,average_utilization
5,2,5,12,0.7,1.0,0.0,50,0.0,0.0,average_utilization
5,2,9,5,0.3,1.0,0.0,50,0.0,0.0,average_utilization
5,2,9,5,0.5,1.0,0.0,50,0.0,0.0,average_utilization
5,2,9,5,0.7,1.0,0.0,50,0.0,0.0,average_utilization
5,2,9,9,0.3,1.0,0.0,50,0.0,0.0,average_utilization
5,2,9,9,0.5,1.0,0.0,50,0.0,0.0,average_utilization
5,2,9,9,0.7,1.0,0.0,50,0.0,0.0,average_utilization
5,2,12,12,0.3,1.0,0.0,50,0.0,0.0,average_utilization
5,2,12,12,0.5,1.0,0.0,50,0.0,0.0,average_utilization
5,2,12,12,0.7,1.0,0.0,50,0.0,0.0,average_utilization
5,5,5,9,0.3,1.0,0.0,50,0.0,0.0,average_utilization
5,5,5,9,0.5,1.0,0.0,50,0.0,0.0,average_utilization
5,5,5,9,0.7,1.0,0.0,50,0.0,0.0,average_utilization
5,5,5,12,0.3,1.0,0.0,50,0.0,0.0,average_utilization
5,5,5,12,0.5,1.0,0.0,50,0.0,0.0,average_utilization
5,5,5,12,0.7,1.0,0.0,50,0.0,0.0,average_utilization
5,5,9,5,0.3,1.0,0.0,50,0.0,0.0,average_utilization
5,5,9,5,0.5,1.0,0.0,50,0.0,0.0,average_utilization
5,5,9,5,0.7,1.0,0.0,50,0.0,0.0,average_utilization
5,5,9,9,0.3,1.0,0.0,50,0.0,0.0,average_utilization
5,5,9,9,0.5,1.0,0.0,50,0.0,0.0,average_utilization
5,5,9,9,0.7,1.0,0.0,50,0.0,0.0,average_utilization
5,5,12,12,0.3,1.0,0.0,50,0.0,0.0,average_utilization
5,5,12,12,0.5,1.0,0.0,50,0.0,0.0,average_utilization
5,5,12,12,0.7,1.0,0.0,50,0.0,0.0,average_utilization
5,7,5,9,0.3,1.0,0.0,50,0.0,0.0,average_utilization
5,7,5,9,0.5,1.0,0.0,50,0.0,0.0,average_utilization
5,7,5,9,0.7,1.0,0.0,50,0.0,0.0,average_utilization
5,7,5,12,0.3,1.0,0.0,50,0.0,0.0,average_utilization
5,7,5,12,0.5,1.0,0.0,50,0.0,0.0,average_utilization
5,7,5,12,0.7,1.0,0.0,50,0.0,0.0,average_utilization
5,7,9,5,0.3,1.0,0.0,50,0.0,0.0,average_utilization
5,7,9,5,0.5,1.0,0.0,50,0.0,0.0,average_utilization
5,7,9,5,0.7,1.0,0.0,50,0.0,0.0,average_utilization
5,7,9,9,0.3,1.0,0.0,50,0.0,0.0,average_utilization
5,7,9,9,0.5,1.0,0.0,50,0.0,0.0,average_utilization
5,7,9,9,0.7,1.0,0.0,50,0.0,0.0,average_utilization
5,7,12,12,0.3,1.0,0.0,50,0.0,0.0,average_utilization
5,7,12,12,0.5,1.0,0.0,50,0.0,0.0,average_utilization
5,7,12,12,0.7,1.0,0.0,50,0.0,0.0,average_utilization
5,10,5,9,0.3,0.8411078767123287,0.0030174454948113014,50,0.0004267312342483737,0.0008363932191268125,average_utilization
5,10,5,9,0.5,0.8411078767123287,0.0030174454948113014,50,0.0004267312342483737,0.0008363932191268125,average_utilization
5,10,5,9,0.7,0.8411078767123287,0.0030174454948113014,50,0.0004267312342483737,0.0008363932191268125,average_utilization
5,10,5,12,0.3,0.8411078767123287,0.0030174454948113014,50,0.0004267312342483737,0.0008363932191268125,average_utilization
5,10,5,12,0.5,0.8411078767123287,0.0030174454948113014,50,0.0004267312342483737,0.0008363932191268125,average_utilization
5,10,5,12,0.7,0.8411078767123287,0.0030174454948113014,50,0.0004267312342483737,0.0008363932191268125,average_utilization
5,10,9,5,0.3,0.9976352739726028,0.0013426062857556972,50,0.00018987320182430742,0.00037215147557564254,average_utilization
5,10,9,5,0.5,1.0,0.0,50,0.0,0.0,average_utilization
5,10,9,5,0.7,1.0,0.0,50,0.0,0.0,average_utilization
5,10,9,9,0.3,0.8411078767123287,0.0030174454948113014,50,0.0004267312342483737,0.0008363932191268125,average_utilization
5,10,9,9,0.5,0.8411078767123287,0.0030174454948113014,50,0.0004267312342483737,0.0008363932191268125,average_utilization
5,10,9,9,0.7,0.8411078767123287,0.0030174454948113014,50,0.0004267312342483737,0.0008363932191268125,average_utilization
5,10,12,12,0.3,0.8411078767123287,0.0030174454948113014,50,0.0004267312342483737,0.0008363932191268125,average_utilization
5,10,12,12,0.5,0.8411078767123287,0.0030174454948113014,50,0.0004267312342483737,0.0008363932191268125,average_utilization
5,10,12,12,0.7,0.8411078767123287,0.0030174454948113014,50,0.0004267312342483737,0.0008363932191268125,average_utilization
5,14,5,9,0.3,0.8405667808219178,0.003419485628530346,50,0.00048358829522075026,0.0009478330586326705,average_utilization
5,14,5,9,0.5,0.8405205479452055,0.0036417361805451648,50,0.0005150192697111766,0.001009437768633906,average_utilization
5,14,5,9,0.7,0.8406815068493151,0.0034547687284112887,50,0.0004885780790581697,0.0009576130349540125,average_utilization
5,14,5,12,0.3,0.842138698630137,0.003282615265506789,50,0.0004642319028532659,0.0009098945295924011,average_utilization
5,14,5,12,0.5,0.842138698630137,0.003282615265506789,50,0.0004642319028532659,0.0009098945295924011,average_utilization
5,14,5,12,0.7,0.842138698630137,0.003282615265506789,50,0.0004642319028532659,0.0009098945295924011,average_utilization
5,14,9,5,0.3,0.9976352739726028,0.0013426062857556972,50,0.00018987320182430742,0.00037215147557564254,average_utilization
5,14,9,5,0.5,1.0,0.0,50,0.0,0.0,average_utilization
5,14,9,5,0.7,1.0,0.0,50,0.0,0.0,average_utilization
5,14,9,9,0.3,0.8405667808219178,0.003419485628530346,50,0.00048358829522075026,0.0009478330586326705,average_utilization
5,14,9,9,0.5,0.8405205479452055,0.0036417361805451648,50,0.0005150192697111766,0.001009437768633906,average_utilization
5,14,9,9,0.7,0.8406815068493151,0.0034547687284112887,50,0.0004885780790581697,0.0009576130349540125,average_utilization
5,14,12,12,0.3,0.842138698630137,0.003282615265506789,50,0.0004642319028532659,0.0009098945295924011,average_utilization
5,14,12,12,0.5,0.842138698630137,0.003282615265506789,50,0.0004642319028532659,0.0009098945295924011,average_utilization
5,14,12,12,0.7,0.842138698630137,0.003282615265506789,50,0.0004642319028532659,0.0009098945295924011,average_utilization
7,2,5,9,0.3,1.0,0.0,50,0.0,0.0,average_utilization
7,2,5,9,0.5,1.0,0.0,50,0.0,0.0,average_utilization
7,2,5,9,0.7,1.0,0.0,50,0.0,0.0,average_utilization
7,2,5,12,0.3,1.0,0.0,50,0.0,0.0,average_utilization
7,2,5,12,0.5,1.0,0.0,50,0.0,0.0,average_utilization
7,2,5,12,0.7,1.0,0.0,50,0.0,0.0,average_utilization
7,2,9,5,0.3,1.0,0.0,50,0.0,0.0,average_utilization
7,2,9,5,0.5,1.0,0.0,50,0.0,0.0,average_utilization
7,2,9,5,0.7,1.0,0.0,50,0.0,0.0,average_utilization
7,2,9,9,0.3,1.0,0.0,50,0.0,0.0,average_utilization
7,2,9,9,0.5,1.0,0.0,50,0.0,0.0,average_utilization
7,2,9,9,0.7,1.0,0.0,50,0.0,0.0,average_utilization
7,2,12,12,0.3,1.0,0.0,50,0.0,0.0,average_utilization
7,2,12,12,0.5,1.0,0.0,50,0.0,0.0,average_utilization
7,2,12,12,0.7,1.0,0.0,50,0.0,0.0,average_utilization
7,5,5,9,0.3,1.0,0.0,50,0.0,0.0,average_utilization
7,5,5,9,0.5,1.0,0.0,50,0.0,0.0,average_utilization
7,5,5,9,0.7,1.0,0.0,50,0.0,0.0,average_utilization
7,5,5,12,0.3,1.0,0.0,50,0.0,0.0,average_utilization
7,5,5,12,0.5,1.0,0.0,50,0.0,0.0,average_utilization
7,5,5,12,0.7,1.0,0.0,50,0.0,0.0,average_utilization
7,5,9,5,0.3,1.0,0.0,50,0.0,0.0,average_utilization
7,5,9,5,0.5,1.0,0.0,50,0.0,0.0,average_utilization
7,5,9,5,0.7,1.0,0.0,50,0.0,0.0,average_utilization
7,5,9,9,0.3,1.0,0.0,50,0.0,0.0,average_utilization
7,5,9,9,0.5,1.0,0.0,50,0.0,0.0,average_utilization
7,5,9,9,0.7,1.0,0.0,50,0.0,0.0,average_utilization
7,5,12,12,0.3,1.0,0.0,50,0.0,0.0,average_utilization
7,5,12,12,0.5,1.0,0.0,50,0.0,0.0,average_utilization
7,5,12,12,0.7,1.0,0.0,50,0.0,0.0,average_utilization
7,7,5,9,0.3,1.0,0.0,50,0.0,0.0,average_utilization
7,7,5,9,0.5,1.0,0.0,50,0.0,0.0,average_utilization
7,7,5,9,0.7,1.0,0.0,50,0.0,0.0,average_utilization
7,7,5,12,0.3,1.0,0.0,50,0.0,0.0,average_utilization
7,7,5,12,0.5,1.0,0.0,50,0.0,0.0,average_utilization
7,7,5,12,0.7,1.0,0.0,50,0.0,0.0,average_utilization
7,7,9,5,0.3,1.0,0.0,50,0.0,0.0,average_utilization
7,7,9,5,0.5,1.0,0.0,50,0.0,0.0,average_utilization
7,7,9,5,0.7,1.0,0.0,50,0.0,0.0,average_utilization
7,7,9,9,0.3,1.0,0.0,50,0.0,0.0,average_utilization
7,7,9,9,0.5,1.0,0.0,50,0.0,0.0,average_utilization
7,7,9,9,0.7,1.0,0.0,50,0.0,0.0,average_utilization
7,7,12,12,0.3,1.0,0.0,50,0.0,0.0,average_utilization
7,7,12,12,0.5,1.0,0.0,50,0.0,0.0,average_utilization
7,7,12,12,0.7,1.0,0.0,50,0.0,0.0,average_utilization
7,10,5,9,0.3,0.8405085616438356,0.003651785204271433,50,0.0005164404162754064,0.0010122232158997963,average_utilization
7,10,5,9,0.5,0.8404880136986301,0.003342791149512723,50,0.0004727420579821641,0.0009265744336450416,average_utilization
7,10,5,9,0.7,0.8408082191780822,0.003111261356352193,50,0.00043999880062405825,0.0008623976492231542,average_utilization
7,10,5,12,0.3,0.8405085616438356,0.003651785204271433,50,0.0005164404162754064,0.0010122232158997963,average_utilization
7,10,5,12,0.5,0.8404880136986301,0.003342791149512723,50,0.0004727420579821641,0.0009265744336450416,average_utilization
7,10,5,12,0.7,0.8408082191780822,0.003111261356352193,50,0.00043999880062405825,0.0008623976492231542,average_utilization
7,10,9,5,0.3,0.8714794520547946,0.004112705288069693,50,0.0005816243596431706,0.0011399837449006143,average_utilization
7,10,9,5,0.5,0.9259400684931507,0.0025875544921589123,50,0.000365935465619056,0.0007172335126133498,average_utilization
7,10,9,5,0.7,0.9672465753424657,0.002001328325054003,50,0.0002830305660052801,0.000554739909370349,average_utilization
7,10,9,9,0.3,0.8403544520547945,0.0031384935737036133,50,0.00044385001773524527,0.0008699460347610808,average_utilization
7,10,9,9,0.5,0.8403544520547945,0.0031384935737036133,50,0.00044385001773524527,0.0008699460347610808,average_utilization
7,10,9,9,0.7,0.8403544520547945,0.0031384935737036133,50,0.00044385001773524527,0.0008699460347610808,average_utilization
7,10,12,12,0.3,0.8403544520547945,0.0031384935737036133,50,0.00044385001773524527,0.0008699460347610808,average_utilization
7,10,12,12,0.5,0.8403544520547945,0.0031384935737036133,50,0.00044385001773524527,0.0008699460347610808,average_utilization
7,10,12,12,0.7,0.8403544520547945,0.0031384935737036133,50,0.00044385001773524527,0.0008699460347610808,average_utilization
7,14,5,9,0.3,0.8412534246575342,0.0028150975717252846,50,0.0003981149165337464,0.0007803052364061429,average_utilization
7,14,5,9,0.5,0.8398236301369864,0.0038312664569422348,50,0.0005418228984472824,0.0010619728809566735,average_utilization
7,14,5,9,0.7,0.8406318493150685,0.0036788886640321916,50,0.0005202734243134961,0.0010197359116544524,average_utilization
7,14,5,12,0.3,0.8400650684931508,0.0029449840142726207,50,0.00041648363339563004,0.0008163079214554349,average_utilization
7,14,5,12,0.5,0.8408270547945206,0.0035813841517374286,50,0.0005064842039455133,0.0009927090397332061,average_utilization
7,14,5,12,0.7,0.8404383561643836,0.0030529532161096425,50,0.0004317527843512815,0.0008462354573285117,average_utilization
7,14,9,5,0.3,0.8714794520547946,0.004112705288069693,50,0.0005816243596431706,0.0011399837449006143,average_utilization
7,14,9,5,0.5,0.9259400684931507,0.0025875544921589123,50,0.000365935465619056,0.0007172335126133498,average_utilization
7,14,9,5,0.7,0.9672465753424657,0.002001328325054003,50,0.0002830305660052801,0.000554739909370349,average_utilization
7,14,9,9,0.3,0.8400205479452054,0.003691597142841739,50,0.0005220706746224555,0.0010232585222600128,average_utilization
7,14,9,9,0.5,0.8409006849315068,0.002704556999399966,50,0.0003824821188762514,0.0007496649529974528,average_utilization
7,14,9,9,0.7,0.8399760273972603,0.0034191421900781316,50,0.00048353972568905405,0.0009477378623505459,average_utilization
7,14,12,12,0.3,0.840501712328767,0.0036855237949640135,50,0.0005212117735286866,0.0010215750761162256,average_utilization
7,14,12,12,0.5,0.840501712328767,0.0036855237949640135,50,0.0005212117735286866,0.0010215750761162256,average_utilization
7,14,12,12,0.7,0.840501712328767,0.0036855237949640135,50,0.0005212117735286866,0.0010215750761162256,average_utilization
10,2,5,9,0.3,0.9998972602739726,0.00013729173385913172,50,1.9415983202530154e-05,3.80553270769591e-05,average_utilization
10,2,5,9,0.5,1.0,0.0,50,0.0,0.0,average_utilization
10,2,5,9,0.7,1.0,0.0,50,0.0,0.0,average_utilization
10,2,5,12,0.3,0.9998972602739726,0.00013729173385913172,50,1.9415983202530154e-05,3.80553270769591e-05,average_utilization
10,2,5,12,0.5,1.0,0.0,50,0.0,0.0,average_utilization
10,2,5,12,0.7,1.0,0.0,50,0.0,0.0,average_utilization
10,2,9,5,0.3,0.8674280821917809,0.009992596475846716,50,0.0014131665459464018,0.0027698064300549475,average_utilization
10,2,9,5,0.5,0.8674280821917809,0.009992596475846716,50,0.0014131665459464018,0.0027698064300549475,average_utilization
10,2,9,5,0.7,0.8674280821917809,0.009992596475846716,50,0.0014131665459464018,0.0027698064300549475,average_utilization
10,2,9,9,0.3,0.8674280821917809,0.009992596475846716,50,0.0014131665459464018,0.0027698064300549475,average_utilization
10,2,9,9,0.5,0.8674280821917809,0.009992596475846716,50,0.0014131665459464018,0.0027698064300549475,average_utilization
10,2,9,9,0.7,0.8674280821917809,0.009992596475846716,50,0.0014131665459464018,0.0027698064300549475,average_utilization
10,2,12,12,0.3,0.8674280821917809,0.009992596475846716,50,0.0014131665459464018,0.0027698064300549475,average_utilization
10,2,12,12,0.5,0.8674280821917809,0.009992596475846716,50,0.0014131665459464018,0.0027698064300549475,average_utilization
10,2,12,12,0.7,0.8674280821917809,0.009992596475846716,50,0.0014131665459464018,0.0027698064300549475,average_utilization
10,5,5,9,0.3,0.9977380136986301,0.0012922115782711032,50,0.00018274631394465363,0.0003581827753315211,average_utilization
10,5,5,9,0.5,1.0,0.0,50,0.0,0.0,average_utilization
10,5,5,9,0.7,1.0,0.0,50,0.0,0.0,average_utilization
10,5,5,12,0.3,0.9977380136986301,0.0012922115782711032,50,0.00018274631394465363,0.0003581827753315211,average_utilization
10,5,5,12,0.5,1.0,0.0,50,0.0,0.0,average_utilization
10,5,5,12,0.7,1.0,0.0,50,0.0,0.0,average_utilization
10,5,9,5,0.3,0.8414520547945206,0.0031656285710956237,50,0.00044768748586791925,0.0008774674723011217,average_utilization
10,5,9,5,0.5,0.8414520547945206,0.0031656285710956237,50,0.00044768748586791925,0.0008774674723011217,average_utilization
10,5,9,5,0.7,0.8414520547945206,0.0031656285710956237,50,0.00044768748586791925,0.0008774674723011217,average_utilization
10,5,9,9,0.3,0.8414520547945206,0.0031656285710956237,50,0.00044768748586791925,0.0008774674723011217,average_utilization
10,5,9,9,0.5,0.8414520547945206,0.0031656285710956237,50,0.00044768748586791925,0.0008774674723011217,average_utilization
10,5,9,9,0.7,0.8414520547945206,0.0031656285710956237,50,0.00044768748586791925,0.0008774674723011217,average_utilization
10,5,12,12,0.3,0.8414520547945206,0.0031656285710956237,50,0.00044768748586791925,0.0008774674723011217,average_utilization
10,5,12,12,0.5,0.8414520547945206,0.0031656285710956237,50,0.00044768748586791925,0.0008774674723011217,average_utilization
10,5,12,12,0.7,0.8414520547945206,0.0031656285710956237,50,0.00044768748586791925,0.0008774674723011217,average_utilization
10,7,5,9,0.3,0.8708082191780823,0.004046862223608684,50,0.0005723127441682742,0.0011217329785698173,average_utilization
10,7,5,9,0.5,0.9261369863013698,0.0028012833096561795,50,0.00039616128485651594,0.0007764761183187712,average_utilization
10,7,5,9,0.7,0.9669160958904109,0.0018302368933962277,50,0.0002588345836996546,0.0005073157840513229,average_utilization
10,7,5,12,0.3,0.8708082191780823,0.004046862223608684,50,0.0005723127441682742,0.0011217329785698173,average_utilization
10,7,5,12,0.5,0.9261369863013698,0.0028012833096561795,50,0.00039616128485651594,0.0007764761183187712,average_utilization
10,7,5,12,0.7,0.9669160958904109,0.0018302368933962277,50,0.0002588345836996546,0.0005073157840513229,average_utilization
10,7,9,5,0.3,0.8411369863013698,0.002599307287471027,50,0.0003675975618716747,0.0007204912212684825,average_utilization
10,7,9,5,0.5,0.8410188356164383,0.0032059594871788376,50,0.00045339113871870046,0.0008886466318886529,average_utilization
10,7,9,5,0.7,0.8404982876712329,0.0038091997409414368,50,0.000538702193542746,0.0010558562993437822,average_utilization
10,7,9,9,0.3,0.8411164383561643,0.003554195010161681,50,0.0005026390786689429,0.000985172594191128,average_utilization
10,7,9,9,0.5,0.8411164383561643,0.003554195010161681,50,0.0005026390786689429,0.000985172594191128,average_utilization
10,7,9,9,0.7,0.8411164383561643,0.003554195010161681,50,0.0005026390786689429,0.000985172594191128,average_utilization
10,7,12,12,0.3,0.8411164383561643,0.003554195010161681,50,0.0005026390786689429,0.000985172594191128,average_utilization
10,7,12,12,0.5,0.8411164383561643,0.003554195010161681,50,0.0005026390786689429,0.000985172594191128,average_utilization
10,7,12,12,0.7,0.8411164383561643,0.003554195010161681,50,0.0005026390786689429,0.000985172594191128,average_utilization
10,10,5,9,0.3,0.8405633561643836,0.003569010470696941,50,0.0005047343011911197,0.0009892792303345947,average_utilization
10,10,5,9,0.5,0.841361301369863,0.003133658553996427,50,0.0004431662426908209,0.0008686058356740089,average_utilization
10,10,5,9,0.7,0.8406695205479453,0.0036166517456645616,50,0.0005114717949099152,0.0010024847180234338,average_utilization
10,10,5,12,0.3,0.8405633561643836,0.003569010470696941,50,0.0005047343011911197,0.0009892792303345947,average_utilization
10,10,5,12,0.5,0.841361301369863,0.003133658553996427,50,0.0004431662426908209,0.0008686058356740089,average_utilization
10,10,5,12,0.7,0.8406695205479453,0.0036166517456645616,50,0.0005114717949099152,0.0010024847180234338,average_utilization
10,10,9,5,0.3,0.8409897260273972,0.0036399907669734414,50,0.0005147724309566685,0.0010089539646750702,average_utilization
10,10,9,5,0.5,0.8407071917808219,0.0034576621974336274,50,0.0004889872773715394,0.0009584150636482173,average_utilization
10,10,9,5,0.7,0.8411712328767124,0.003584625311501377,50,0.0005069425731551128,0.000993607443384021,average_utilization
10,10,9,9,0.3,0.841056506849315,0.003704543896283363,50,0.00052390162205304,0.0010268471792239584,average_utilization
10,10,9,9,0.5,0.841056506849315,0.003704543896283363,50,0.00052390162205304,0.0010268471792239584,average_utilization
10,10,9,9,0.7,0.841056506849315,0.003704543896283363,50,0.00052390162205304,0.0010268471792239584,average_utilization
10,10,12,12,0.3,0.841056506849315,0.003704543896283363,50,0.00052390162205304,0.0010268471792239584,average_utilization
10,10,12,12,0.5,0.841056506849315,0.003704543896283363,50,0.00052390162205304,0.0010268471792239584,average_utilization
10,10,12,12,0.7,0.841056506849315,0.003704543896283363,50,0.00052390162205304,0.0010268471792239584,average_utilization
10,14,5,9,0.3,0.8415085616438356,0.004413572434676716,50,0.0006241733995635852,0.001223379863144627,average_utilization
10,14,5,9,0.5,0.8408304794520548,0.002892618988999957,50,0.000409078100502169,0.0008017930769842512,average_utilization
10,14,5,9,0.7,0.8403407534246575,0.003082079662018167,50,0.00043587188583403763,0.0008543088962347137,average_utilization
10,14,5,12,0.3,0.840125,0.003736885676104966,50,0.0005284754404185396,0.0010358118632203376,average_utilization
10,14,5,12,0.5,0.8403681506849315,0.0038473679663997636,50,0.000544099995752234,0.0010664359916743786,average_utilization
10,14,5,12,0.7,0.841345890410959,0.003657876944949676,50,0.0005173019185039695,0.00101391176026778,average_utilization
10,14,9,5,0.3,0.8398732876712329,0.003678723974371862,50,0.0005202501336783741,0.0010196902620096132,average_utilization
10,14,9,5,0.5,0.8405770547945205,0.003447315058031758,50,0.00048752397088415054,0.0009555469829329351,average_utilization
10,14,9,5,0.7,0.8409811643835617,0.003513388279406651,50,0.0004968681354619559,0.0009738615455054336,average_utilization
10,14,9,9,0.3,0.8402140410958904,0.003341493099822159,50,0.00047255848603446114,0.0009262146326275438,average_utilization
10,14,9,9,0.5,0.8406729452054794,0.0033735355622024734,50,0.0004770899745214682,0.0009350963500620776,average_utilization
10,14,9,9,0.7,0.8408527397260274,0.003178879812761523,50,0.00044956149443613907,0.0008811405290948326,average_utilization
10,14,12,12,0.3,0.8404880136986301,0.003681456056108502,50,0.0005206365083829209,0.001020447556430525,average_utilization
10,14,12,12,0.5,0.8410753424657534,0.0034962276158878986,50,0.0004944412511532018,0.0009691048522602756,average_utilization
10,14,12,12,0.7,0.8410924657534247,0.0029440187192315294,50,0.0004163471200617498,0.0008160403553210295,average_utilization
14,2,5,9,0.3,0.9998972602739726,0.00013729173385913172,50,1.9415983202530154e-05,3.80553270769591e-05,average_utilization
14,2,5,9,0.5,1.0,0.0,50,0.0,0.0,average_utilization
14,2,5,9,0.7,1.0,0.0,50,0.0,0.0,average_utilization
14,2,5,12,0.3,0.9998972602739726,0.00013729173385913172,50,1.9415983202530154e-05,3.80553270769591e-05,average_utilization
14,2,5,12,0.5,1.0,0.0,50,0.0,0.0,average_utilization
14,2,5,12,0.7,1.0,0.0,50,0.0,0.0,average_utilization
14,2,9,5,0.3,0.8672671232876712,0.00993789800912157,50,0.0014054310145980304,0.0027546447886121397,average_utilization
14,2,9,5,0.5,0.8667602739726027,0.010347843298688054,50,0.0014634060334316192,0.0028682758255259735,average_utilization
14,2,9,5,0.7,0.8676900684931507,0.009802636054443257,50,0.0013863020855201138,0.002717152087619423,average_utilization
14,2,9,9,0.3,0.8672671232876712,0.00993789800912157,50,0.0014054310145980304,0.0027546447886121397,average_utilization
14,2,9,9,0.5,0.8667602739726027,0.010347843298688054,50,0.0014634060334316192,0.0028682758255259735,average_utilization
14,2,9,9,0.7,0.8676900684931507,0.009802636054443257,50,0.0013863020855201138,0.002717152087619423,average_utilization
14,2,12,12,0.3,0.8670102739726028,0.01013450262454493,50,0.0014332351059537167,0.0028091408076692847,average_utilization
14,2,12,12,0.5,0.8670102739726028,0.01013450262454493,50,0.0014332351059537167,0.0028091408076692847,average_utilization
14,2,12,12,0.7,0.8670102739726028,0.01013450262454493,50,0.0014332351059537167,0.0028091408076692847,average_utilization
14,5,5,9,0.3,0.9977380136986301,0.0012922115782711032,50,0.00018274631394465363,0.0003581827753315211,average_utilization
14,5,5,9,0.5,1.0,0.0,50,0.0,0.0,average_utilization
14,5,5,9,0.7,1.0,0.0,50,0.0,0.0,average_utilization
14,5,5,12,0.3,0.9977380136986301,0.0012922115782711032,50,0.00018274631394465363,0.0003581827753315211,average_utilization
14,5,5,12,0.5,1.0,0.0,50,0.0,0.0,average_utilization
14,5,5,12,0.7,1.0,0.0,50,0.0,0.0,average_utilization
14,5,9,5,0.3,0.8401095890410959,0.003430952419864496,50,0.00048520994440291596,0.0009510114910297152,average_utilization
14,5,9,5,0.5,0.8406832191780822,0.002869952940617276,50,0.00040587263719934976,0.0007955103689107255,average_utilization
14,5,9,5,0.7,0.8414109589041097,0.0032730197244062193,50,0.0004628748884169925,0.0009072347812973052,average_utilization
14,5,9,9,0.3,0.8401095890410959,0.003430952419864496,50,0.00048520994440291596,0.0009510114910297152,average_utilization
14,5,9,9,0.5,0.8406832191780822,0.002869952940617276,50,0.00040587263719934976,0.0007955103689107255,average_utilization
14,5,9,9,0.7,0.8414109589041097,0.0032730197244062193,50,0.0004628748884169925,0.0009072347812973052,average_utilization
14,5,12,12,0.3,0.840431506849315,0.0032863441286414418,50,0.0004647592437349918,0.0009109281177205839,average_utilization
14,5,12,12,0.5,0.840431506849315,0.0032863441286414418,50,0.0004647592437349918,0.0009109281177205839,average_utilization
14,5,12,12,0.7,0.840431506849315,0.0032863441286414418,50,0.0004647592437349918,0.0009109281177205839,average_utilization
14,7,5,9,0.3,0.8708082191780823,0.004046862223608684,50,0.0005723127441682742,0.0011217329785698173,average_utilization
14,7,5,9,0.5,0.9261369863013698,0.0028012833096561795,50,0.00039616128485651594,0.0007764761183187712,average_utilization
14,7,5,9,0.7,0.9669160958904109,0.0018302368933962277,50,0.0002588345836996546,0.0005073157840513229,average_utilization
14,7,5,12,0.3,0.8708082191780823,0.004046862223608684,50,0.0005723127441682742,0.0011217329785698173,average_utilization
14,7,5,12,0.5,0.9261369863013698,0.0028012833096561795,50,0.00039616128485651594,0.0007764761183187712,average_utilization
14,7,5,12,0.7,0.9669160958904109,0.0018302368933962277,50,0.0002588345836996546,0.0005073157840513229,average_utilization
14,7,9,5,0.3,0.8400958904109589,0.003604136411028899,50,0.0005097018593119761,0.0009990156442514731,average_utilization
14,7,9,5,0.5,0.8412123287671233,0.0031886249442664412,50,0.00045093966415027555,0.00088384174173454,average_utilization
14,7,9,5,0.7,0.8410308219178083,0.002892893589237778,50,0.0004091169348402247,0.0008018691922868404,average_utilization
14,7,9,9,0.3,0.8405,0.0035759059675026634,50,0.0005057094717013151,0.0009911905645345776,average_utilization
14,7,9,9,0.5,0.84025,0.003754061210814515,50,0.000530904427831265,0.0010405726785492793,average_utilization
14,7,9,9,0.7,0.8405239726027398,0.002799274657300678,50,0.0003958772185161916,0.0007759193482917355,average_utilization
14,7,12,12,0.3,0.8401010273972602,0.00288171942415454,50,0.0004075366692593336,0.0007987718717482939,average_utilization
14,7,12,12,0.5,0.8401010273972602,0.00288171942415454,50,0.0004075366692593336,0.0007987718717482939,average_utilization
14,7,12,12,0.7,0.8401010273972602,0.00288171942415454,50,0.0004075366692593336,0.0007987718717482939,average_utilization
14,10,5,9,0.3,0.8406643835616439,0.0032324800715490504,50,0.00045714171572854196,0.0008959977628279422,average_utilization
14,10,5,9,0.5,0.84023801369863,0.0034562895624489,50,0.0004887931574703804,0.0009580345886419456,average_utilization
14,10,5,9,0.7,0.8412945205479453,0.0036925809155086554,50,0.00052220980108724,0.0010235312101309903,average_utilization
14,10,5,12,0.3,0.8406643835616439,0.0032324800715490504,50,0.00045714171572854196,0.0008959977628279422,average_utilization
14,10,5,12,0.5,0.84023801369863,0.0034562895624489,50,0.0004887931574703804,0.0009580345886419456,average_utilization
14,10,5,12,0.7,0.8412945205479453,0.0036925809155086554,50,0.00052220980108724,0.0010235312101309903,average_utilization
14,10,9,5,0.3,0.8405582191780822,0.003074661537132907,50,0.0004348228045520264,0.0008522526969219718,average_utilization
14,10,9,5,0.5,0.8403356164383561,0.0027204733093532238,50,0.00038473302501613457,0.0007540767290316237,average_utilization
14,10,9,5,0.7,0.8408065068493151,0.003121779765901228,50,0.00044148632836794226,0.0008653132036011668,average_utilization
14,10,9,9,0.3,0.8406678082191781,0.003329507079999486,50,0.00047086340685525144,0.0009228922774362928,average_utilization
14,10,9,9,0.5,0.8400650684931508,0.0033242442908023888,50,0.0004701191360694069,0.0009214335066960375,average_utilization
14,10,9,9,0.7,0.8402654109589041,0.0033474867741193504,50,0.00047340611958241466,0.0009278759943815327,average_utilization
14,10,12,12,0.3,0.8402722602739726,0.0035161241710550697,50,0.0004972550489693936,0.0009746198959800115,average_utilization
14,10,12,12,0.5,0.8414982876712328,0.0033347709841409752,50,0.00047160783531804404,0.0009243513572233662,average_utilization
14,10,12,12,0.7,0.8403407534246575,0.004015680864586768,50,0.0005679030340860723,0.0011130899468087018,average_utilization
14,14,5,9,0.3,0.8406198630136985,0.0036708313728599073,50,0.0005191339512683129,0.0010175025444858932,average_utilization
14,14,5,9,0.5,0.839332191780822,0.0033957491797701805,50,0.00048023145444483025,0.0009412536507118673,average_utilization
14,14,5,9,0.7,0.8405753424657534,0.003292132855224426,50,0.0004655778932992444,0.0009125326708665191,average_utilization
14,14,5,12,0.3,0.840263698630137,0.003245600334985959,50,0.00045899720117798036,0.0008996345143088415,average_utilization
14,14,5,12,0.5,0.8411061643835616,0.0032031767778326744,50,0.0004529976041889518,0.0008878753042103455,average_utilization
14,14,5,12,0.7,0.839736301369863,0.003851696656242915,50,0.0005447121649405831,0.001067635843283543,average_utilization
14,14,9,5,0.3,0.8406044520547945,0.003170324711265286,50,0.00044835162037979337,0.000878769175944395,average_utilization
14,14,9,5,0.5,0.8413921232876713,0.0035459210449959137,50,0.0005014689632937398,0.00098287916805573,average_utilization
14,14,9,5,0.7,0.8410308219178083,0.0037048810672735415,50,0.0005239493052317549,0.0010269406382542397,average_utilization
14,14,9,9,0.3,0.8399674657534247,0.004067941765931912,50,0.0005752938416324868,0.0011275759295996742,average_utilization
14,14,9,9,0.5,0.8412208904109589,0.003662265400025744,50,0.0005179225397726135,0.0010151281779543224,average_utilization
14,14,9,9,0.7,0.841154109589041,0.003782517090185801,50,0.0005349286968848775,0.00104846024589436,average_utilization
14,14,12,12,0.3,0.8411506849315069,0.003402516137918465,50,0.0004811884468437617,0.000943129355813773,average_utilization
14,14,12,12,0.5,0.8400171232876713,0.003233916247414026,50,0.00045734482166716214,0.0008963958504676377,average_utilization
14,14,12,12,0.7,0.8409058219178083,0.0037608155090599546,50,0.0005318596298495664,0.00104244487450515,average_utilization
2,2,5,9,0.3,0.32002332217605944,0.0014743448315458802,50,0.000208503845638686,0.00040866753745182456,overall_percent_serviced
2,2,5,9,0.5,0.32002332217605944,0.0014743448315458802,50,0.000208503845638686,0.00040866753745182456,overall_percent_serviced
2,2,5,9,0.7,0.32002332217605944,0.0014743448315458802,50,0.000208503845638686,0.00040866753745182456,overall_percent_serviced
2,2,5,12,0.3,0.32002332217605944,0.0014743448315458802,50,0.000208503845638686,0.00040866753745182456,overall_percent_serviced
2,2,5,12,0.5,0.32002332217605944,0.0014743448315458802,50,0.000208503845638686,0.00040866753745182456,overall_percent_serviced
2,2,5,12,0.7,0.32002332217605944,0.0014743448315458802,50,0.000208503845638686,0.00040866753745182456,overall_percent_serviced
2,2,9,5,0.3,0.32002332217605944,0.0014743448315458802,50,0.000208503845638686,0.00040866753745182456,overall_percent_serviced
2,2,9,5,0.5,0.32002332217605944,0.0014743448315458802,50,0.000208503845638686,0.00040866753745182456,overall_percent_serviced
2,2,9,5,0.7,0.32002332217605944,0.0014743448315458802,50,0.000208503845638686,0.00040866753745182456,overall_percent_serviced
2,2,9,9,0.3,0.32002332217605944,0.0014743448315458802,50,0.000208503845638686,0.00040866753745182456,overall_percent_serviced
2,2,9,9,0.5,0.32002332217605944,0.0014743448315458802,50,0.000208503845638686,0.00040866753745182456,overall_percent_serviced
2,2,9,9,0.7,0.32002332217605944,0.0014743448315458802,50,0.000208503845638686,0.00040866753745182456,overall_percent_serviced
2,2,12,12,0.3,0.32002332217605944,0.0014743448315458802,50,0.000208503845638686,0.00040866753745182456,overall_percent_serviced
2,2,12,12,0.5,0.32002332217605944,0.0014743448315458802,50,0.000208503845638686,0.00040866753745182456,overall_percent_serviced
2,2,12,12,0.7,0.32002332217605944,0.0014743448315458802,50,0.000208503845638686,0.00040866753745182456,overall_percent_serviced
2,5,5,9,0.3,0.3201747171541543,0.00175768609994618,50,0.0002485743520938559,0.0004872057301039576,overall_percent_serviced
2,5,5,9,0.5,0.3201747171541543,0.00175768609994618,50,0.0002485743520938559,0.0004872057301039576,overall_percent_serviced
2,5,5,9,0.7,0.3201747171541543,0.00175768609994618,50,0.0002485743520938559,0.0004872057301039576,overall_percent_serviced
2,5,5,12,0.3,0.3201747171541543,0.00175768609994618,50,0.0002485743520938559,0.0004872057301039576,overall_percent_serviced
2,5,5,12,0.5,0.3201747171541543,0.00175768609994618,50,0.0002485743520938559,0.0004872057301039576,overall_percent_serviced
2,5,5,12,0.7,0.3201747171541543,0.00175768609994618,50,0.0002485743520938559,0.0004872057301039576,overall_percent_serviced
2,5,9,5,0.3,0.3201747171541543,0.00175768609994618,50,0.0002485743520938559,0.0004872057301039576,overall_percent_serviced
2,5,9,5,0.5,0.3201747171541543,0.00175768609994618,50,0.0002485743520938559,0.0004872057301039576,overall_percent_serviced
2,5,9,5,0.7,0.3201747171541543,0.00175768609994618,50,0.0002485743520938559,0.0004872057301039576,overall_percent_serviced
2,5,9,9,0.3,0.3201747171541543,0.00175768609994618,50,0.0002485743520938559,0.0004872057301039576,overall_percent_serviced
2,5,9,9,0.5,0.3201747171541543,0.00175768609994618,50,0.0002485743520938559,0.0004872057301039576,overall_percent_serviced
2,5,9,9,0.7,0.3201747171541543,0.00175768609994618,50,0.0002485743520938559,0.0004872057301039576,overall_percent_serviced
2,5,12,12,0.3,0.3201747171541543,0.00175768609994618,50,0.0002485743520938559,0.0004872057301039576,overall_percent_serviced
2,5,12,12,0.5,0.3201747171541543,0.00175768609994618,50,0.0002485743520938559,0.0004872057301039576,overall_percent_serviced
2,5,12,12,0.7,0.3201747171541543,0.00175768609994618,50,0.0002485743520938559,0.0004872057301039576,overall_percent_serviced
2,7,5,9,0.3,0.31975402383294244,0.0014988109885166873,50,0.00021196388273941243,0.00041544921016924835,overall_percent_serviced
2,7,5,9,0.5,0.31975402383294244,0.0014988109885166873,50,0.00021196388273941243,0.00041544921016924835,overall_percent_serviced
2,7,5,9,0.7,0.31975402383294244,0.0014988109885166873,50,0.00021196388273941243,0.00041544921016924835,overall_percent_serviced
2,7,5,12,0.3,0.31975402383294244,0.0014988109885166873,50,0.00021196388273941243,0.00041544921016924835,overall_percent_serviced
2,7,5,12,0.5,0.31975402383294244,0.0014988109885166873,50,0.00021196388273941243,0.00041544921016924835,overall_percent_serviced
2,7,5,12,0.7,0.31975402383294244,0.0014988109885166873,50,0.00021196388273941243,0.00041544921016924835,overall_percent_serviced
2,7,9,5,0.3,0.3195056715797251,0.001365508261038272,50,0.0001931120302292825,0.00037849957924939365,overall_percent_serviced
2,7,9,5,0.5,0.31992015409090824,0.0018037674947245265,50,0.00025509124544071657,0.0004999788410638044,overall_percent_serviced
2,7,9,5,0.7,0.3198330434787756,0.0017389462209131124,50,0.00024592413298527634,0.00048201130065114164,overall_percent_serviced
2,7,9,9,0.3,0.31975402383294244,0.0014988109885166873,50,0.00021196388273941243,0.00041544921016924835,overall_percent_serviced
2,7,9,9,0.5,0.31975402383294244,0.0014988109885166873,50,0.00021196388273941243,0.00041544921016924835,overall_percent_serviced
2,7,9,9,0.7,0.31975402383294244,0.0014988109885166873,50,0.00021196388273941243,0.00041544921016924835,overall_percent_serviced
2,7,12,12,0.3,0.31975402383294244,0.0014988109885166873,50,0.00021196388273941243,0.00041544921016924835,overall_percent_serviced
2,7,12,12,0.5,0.31975402383294244,0.0014988109885166873,50,0.00021196388273941243,0.00041544921016924835,overall_percent_serviced
2,7,12,12,0.7,0.31975402383294244,0.0014988109885166873,50,0.00021196388273941243,0.00041544921016924835,overall_percent_serviced
2,10,5,9,0.3,0.2789014972478772,0.004086873354771167,50,0.0005779711726018613,0.001132823498299648,overall_percent_serviced
2,10,5,9,0.5,0.2789014972478772,0.004086873354771167,50,0.0005779711726018613,0.001132823498299648,overall_percent_serviced
2,10,5,9,0.7,0.2789014972478772,0.004086873354771167,50,0.0005779711726018613,0.001132823498299648,overall_percent_serviced
2,10,5,12,0.3,0.2789014972478772,0.004086873354771167,50,0.0005779711726018613,0.001132823498299648,overall_percent_serviced
2,10,5,12,0.5,0.2789014972478772,0.004086873354771167,50,0.0005779711726018613,0.001132823498299648,overall_percent_serviced
2,10,5,12,0.7,0.2789014972478772,0.004086873354771167,50,0.0005779711726018613,0.001132823498299648,overall_percent_serviced
2,10,9,5,0.3,0.31994157312880034,0.0016049919089483934,50,0.00022698013251339015,0.0004448810597262447,overall_percent_serviced
2,10,9,5,0.5,0.31992015409090824,0.0018037674947245265,50,0.00025509124544071657,0.0004999788410638044,overall_percent_serviced
2,10,9,5,0.7,0.3198330434787756,0.0017389462209131124,50,0.00024592413298527634,0.00048201130065114164,overall_percent_serviced
2,10,9,9,0.3,0.2789014972478772,0.004086873354771167,50,0.0005779711726018613,0.001132823498299648,overall_percent_serviced
2,10,9,9,0.5,0.2789014972478772,0.004086873354771167,50,0.0005779711726018613,0.001132823498299648,overall_percent_serviced
2,10,9,9,0.7,0.2789014972478772,0.004086873354771167,50,0.0005779711726018613,0.001132823498299648,overall_percent_serviced
2,10,12,12,0.3,0.2789014972478772,0.004086873354771167,50,0.0005779711726018613,0.001132823498299648,overall_percent_serviced
2,10,12,12,0.5,0.2789014972478772,0.004086873354771167,50,0.0005779711726018613,0.001132823498299648,overall_percent_serviced
2,10,12,12,0.7,0.2789014972478772,0.004086873354771167,50,0.0005779711726018613,0.001132823498299648,overall_percent_serviced
2,14,5,9,0.3,0.2790172124368746,0.004097887565874809,50,0.0005795288172740225,0.001135876481857084,overall_percent_serviced
2,14,5,9,0.5,0.279016857339359,0.004097482707411567,50,0.0005794715616410667,0.0011357642608164906,overall_percent_serviced
2,14,5,9,0.7,0.27893306231220455,0.0041128965390305125,50,0.0005816514066134314,0.0011400367569623256,overall_percent_serviced
2,14,5,12,0.3,0.27870572323783854,0.0041108716628662,50,0.0005813650458800617,0.001139475489924921,overall_percent_serviced
2,14,5,12,0.5,0.27870572323783854,0.0041108716628662,50,0.0005813650458800617,0.001139475489924921,overall_percent_serviced
2,14,5,12,0.7,0.27870572323783854,0.0041108716628662,50,0.0005813650458800617,0.001139475489924921,overall_percent_serviced
2,14,9,5,0.3,0.31994157312880034,0.0016049919089483934,50,0.00022698013251339015,0.0004448810597262447,overall_percent_serviced
2,14,9,5,0.5,0.31992015409090824,0.0018037674947245265,50,0.00025509124544071657,0.0004999788410638044,overall_percent_serviced
2,14,9,5,0.7,0.3198330434787756,0.0017389462209131124,50,0.00024592413298527634,0.00048201130065114164,overall_percent_serviced
2,14,9,9,0.3,0.2790172124368746,0.004097887565874809,50,0.0005795288172740225,0.001135876481857084,overall_percent_serviced
2,14,9,9,0.5,0.279016857339359,0.004097482707411567,50,0.0005794715616410667,0.0011357642608164906,overall_percent_serviced
2,14,9,9,0.7,0.27893306231220455,0.0041128965390305125,50,0.0005816514066134314,0.0011400367569623256,overall_percent_serviced
2,14,12,12,0.3,0.27870572323783854,0.0041108716628662,50,0.0005813650458800617,0.001139475489924921,overall_percent_serviced
2,14,12,12,0.5,0.27870572323783854,0.0041108716628662,50,0.0005813650458800617,0.001139475489924921,overall_percent_serviced
2,14,12,12,0.7,0.27870572323783854,0.0041108716628662,50,0.0005813650458800617,0.001139475489924921,overall_percent_serviced
5,2,5,9,0.3,0.32025165595231586,0.001638636325695629,50,0.00023173817155959747,0.000454206816256811,overall_percent_serviced
5,2,5,9,0.5,0.32025165595231586,0.001638636325695629,50,0.00023173817155959747,0.000454206816256811,overall_percent_serviced
5,2,5,9,0.7,0.32025165595231586,0.001638636325695629,50,0.00023173817155959747,0.000454206816256811,overall_percent_serviced
5,2,5,12,0.3,0.32025165595231586,0.001638636325695629,50,0.00023173817155959747,0.000454206816256811,overall_percent_serviced
5,2,5,12,0.5,0.32025165595231586,0.001638636325695629,50,0.00023173817155959747,0.000454206816256811,overall_percent_serviced
5,2,5,12,0.7,0.32025165595231586,0.001638636325695629,50,0.00023173817155959747,0.000454206816256811,overall_percent_serviced
5,2,9,5,0.3,0.32025165595231586,0.001638636325695629,50,0.00023173817155959747,0.000454206816256811,overall_percent_serviced
5,2,9,5,0.5,0.32025165595231586,0.001638636325695629,50,0.00023173817155959747,0.000454206816256811,overall_percent_serviced
5,2,9,5,0.7,0.32025165595231586,0.001638636325695629,50,0.00023173817155959747,0.000454206816256811,overall_percent_serviced
5,2,9,9,0.3,0.32025165595231586,0.001638636325695629,50,0.00023173817155959747,0.000454206816256811,overall_percent_serviced
5,2,9,9,0.5,0.32025165595231586,0.001638636325695629,50,0.00023173817155959747,0.000454206816256811,overall_percent_serviced
5,2,9,9,0.7,0.32025165595231586,0.001638636325695629,50,0.00023173817155959747,0.000454206816256811,overall_percent_serviced
5,2,12,12,0.3,0.32025165595231586,0.001638636325695629,50,0.00023173817155959747,0.000454206816256811,overall_percent_serviced
5,2,12,12,0.5,0.32025165595231586,0.001638636325695629,50,0.00023173817155959747,0.000454206816256811,overall_percent_serviced
5,2,12,12,0.7,0.32025165595231586,0.001638636325695629,50,0.00023173817155959747,0.000454206816256811,overall_percent_serviced
5,5,5,9,0.3,0.32027717692493957,0.0016916749992682424,50,0.0002392389727092644,0.00046890838651015817,overall_percent_serviced
5,5,5,9,0.5,0.32027717692493957,0.0016916749992682424,50,0.0002392389727092644,0.00046890838651015817,overall_percent_serviced
5,5,5,9,0.7,0.32027717692493957,0.0016916749992682424,50,0.0002392389727092644,0.00046890838651015817,overall_percent_serviced
5,5,5,12,0.3,0.32027717692493957,0.0016916749992682424,50,0.0002392389727092644,0.00046890838651015817,overall_percent_serviced
5,5,5,12,0.5,0.32027717692493957,0.0016916749992682424,50,0.0002392389727092644,0.00046890838651015817,overall_percent_serviced
5,5,5,12,0.7,0.32027717692493957,0.0016916749992682424,50,0.0002392389727092644,0.00046890838651015817,overall_percent_serviced
5,5,9,5,0.3,0.32027717692493957,0.0016916749992682424,50,0.0002392389727092644,0.00046890838651015817,overall_percent_serviced
5,5,9,5,0.5,0.32027717692493957,0.0016916749992682424,50,0.0002392389727092644,0.00046890838651015817,overall_percent_serviced
5,5,9,5,0.7,0.32027717692493957,0.0016916749992682424,50,0.0002392389727092644,0.00046890838651015817,overall_percent_serviced
5,5,9,9,0.3,0.32027717692493957,0.0016916749992682424,50,0.0002392389727092644,0.00046890838651015817,overall_percent_serviced
5,5,9,9,0.5,0.32027717692493957,0.0016916749992682424,50,0.0002392389727092644,0.00046890838651015817,overall_percent_serviced
5,5,9,9,0.7,0.32027717692493957,0.0016916749992682424,50,0.0002392389727092644,0.00046890838651015817,overall_percent_serviced
5,5,12,12,0.3,0.32027717692493957,0.0016916749992682424,50,0.0002392389727092644,0.00046890838651015817,overall_percent_serviced
5,5,12,12,0.5,0.32027717692493957,0.0016916749992682424,50,0.0002392389727092644,0.00046890838651015817,overall_percent_serviced
5,5,12,12,0.7,0.32027717692493957,0.0016916749992682424,50,0.0002392389727092644,0.00046890838651015817,overall_percent_serviced
5,7,5,9,0.3,0.32059306915328156,0.002003734400124667,50,0.0002833708364049822,0.000555406839353765,overall_percent_serviced
5,7,5,9,0.5,0.32059306915328156,0.002003734400124667,50,0.0002833708364049822,0.000555406839353765,overall_percent_serviced
5,7,5,9,0.7,0.32059306915328156,0.002003734400124667,50,0.0002833708364049822,0.000555406839353765,overall_percent_serviced
5,7,5,12,0.3,0.32059306915328156,0.002003734400124667,50,0.0002833708364049822,0.000555406839353765,overall_percent_serviced
5,7,5,12,0.5,0.32059306915328156,0.002003734400124667,50,0.0002833708364049822,0.000555406839353765,overall_percent_serviced
5,7,5,12,0.7,0.32059306915328156,0.002003734400124667,50,0.0002833708364049822,0.000555406839353765,overall_percent_serviced
5,7,9,5,0.3,0.320354055837017,0.001728901094226031,50,0.00024450353754561373,0.0004792269335894029,overall_percent_serviced
5,7,9,5,0.5,0.32024690656810095,0.001523682456000439,50,0.00021548123940257673,0.0004223432292290504,overall_percent_serviced
5,7,9,5,0.7,0.32000428910556084,0.0018770408948392717,50,0.0002654536690610628,0.0005202891913596832,overall_percent_serviced
5,7,9,9,0.3,0.32059306915328156,0.002003734400124667,50,0.0002833708364049822,0.000555406839353765,overall_percent_serviced
5,7,9,9,0.5,0.32059306915328156,0.002003734400124667,50,0.0002833708364049822,0.000555406839353765,overall_percent_serviced
5,7,9,9,0.7,0.32059306915328156,0.002003734400124667,50,0.0002833708364049822,0.000555406839353765,overall_percent_serviced
5,7,12,12,0.3,0.32059306915328156,0.002003734400124667,50,0.0002833708364049822,0.000555406839353765,overall_percent_serviced
5,7,12,12,0.5,0.32059306915328156,0.002003734400124667,50,0.0002833708364049822,0.000555406839353765,overall_percent_serviced
5,7,12,12,0.7,0.32059306915328156,0.002003734400124667,50,0.0002833708364049822,0.000555406839353765,overall_percent_serviced
5,10,5,9,0.3,0.269232009149211,0.0017335708607757582,50,0.0002451639422643878,0.00048052132683820003,overall_percent_serviced
5,10,5,9,0.5,0.269232009149211,0.0017335708607757582,50,0.0002451639422643878,0.00048052132683820003,overall_percent_serviced
5,10,5,9,0.7,0.269232009149211,0.0017335708607757582,50,0.0002451639422643878,0.00048052132683820003,overall_percent_serviced
5,10,5,12,0.3,0.269232009149211,0.0017335708607757582,50,0.0002451639422643878,0.00048052132683820003,overall_percent_serviced
5,10,5,12,0.5,0.269232009149211,0.0017335708607757582,50,0.0002451639422643878,0.00048052132683820003,overall_percent_serviced
5,10,5,12,0.7,0.269232009149211,0.0017335708607757582,50,0.0002451639422643878,0.00048052132683820003,overall_percent_serviced
5,10,9,5,0.3,0.31889107831610486,0.0017928649263452678,50,0.0002535493894340518,0.0004969568032907415,overall_percent_serviced
5,10,9,5,0.5,0.320232633880567,0.0015320305638007014,50,0.0002166618401297051,0.000424657206654222,overall_percent_serviced
5,10,9,5,0.7,0.32000428910556084,0.0018770408948392717,50,0.0002654536690610628,0.0005202891913596832,overall_percent_serviced
5,10,9,9,0.3,0.269232009149211,0.0017335708607757582,50,0.0002451639422643878,0.00048052132683820003,overall_percent_serviced
5,10,9,9,0.5,0.269232009149211,0.0017335708607757582,50,0.0002451639422643878,0.00048052132683820003,overall_percent_serviced
5,10,9,9,0.7,0.269232009149211,0.0017335708607757582,50,0.0002451639422643878,0.00048052132683820003,overall_percent_serviced
5,10,12,12,0.3,0.269232009149211,0.0017335708607757582,50,0.0002451639422643878,0.00048052132683820003,overall_percent_serviced
5,10,12,12,0.5,0.269232009149211,0.0017335708607757582,50,0.0002451639422643878,0.00048052132683820003,overall_percent_serviced
5,10,12,12,0.7,0.269232009149211,0.0017335708607757582,50,0.0002451639422643878,0.00048052132683820003,overall_percent_serviced
5,14,5,9,0.3,0.26875945128528883,0.0016863552288494006,50,0.00023848664356176068,0.0004674338213810509,overall_percent_serviced
5,14,5,9,0.5,0.2689800136597809,0.002104648257420886,50,0.0002976422109669518,0.0005833787334952255,overall_percent_serviced
5,14,5,9,0.7,0.26898529828523116,0.0016810014746362941,50,0.00023772950837998194,0.0004659498364247646,overall_percent_serviced
5,14,5,12,0.3,0.26946892128647315,0.0019147814242705594,50,0.00027079098591834965,0.0005307503323999653,overall_percent_serviced
5,14,5,12,0.5,0.26946892128647315,0.0019147814242705594,50,0.00027079098591834965,0.0005307503323999653,overall_percent_serviced
5,14,5,12,0.7,0.26946892128647315,0.0019147814242705594,50,0.00027079098591834965,0.0005307503323999653,overall_percent_serviced
5,14,9,5,0.3,0.31889107831610486,0.0017928649263452678,50,0.0002535493894340518,0.0004969568032907415,overall_percent_serviced
5,14,9,5,0.5,0.320232633880567,0.0015320305638007014,50,0.0002166618401297051,0.000424657206654222,overall_percent_serviced
5,14,9,5,0.7,0.32000428910556084,0.0018770408948392717,50,0.0002654536690610628,0.0005202891913596832,overall_percent_serviced
5,14,9,9,0.3,0.26875945128528883,0.0016863552288494006,50,0.00023848664356176068,0.0004674338213810509,overall_percent_serviced
5,14,9,9,0.5,0.2689800136597809,0.002104648257420886,50,0.0002976422109669518,0.0005833787334952255,overall_percent_serviced
5,14,9,9,0.7,0.26898529828523116,0.0016810014746362941,50,0.00023772950837998194,0.0004659498364247646,overall_percent_serviced
5,14,12,12,0.3,0.26946892128647315,0.0019147814242705594,50,0.00027079098591834965,0.0005307503323999653,overall_percent_serviced
5,14,12,12,0.5,0.26946892128647315,0.0019147814242705594,50,0.00027079098591834965,0.0005307503323999653,overall_percent_serviced
5,14,12,12,0.7,0.26946892128647315,0.0019147814242705594,50,0.00027079098591834965,0.0005307503323999653,overall_percent_serviced
7,2,5,9,0.3,0.3202815347746501,0.001713868398031433,50,0.00024237759326187024,0.00047506008279326565,overall_percent_serviced
7,2,5,9,0.5,0.3197618584890929,0.0014035463566652846,50,0.00019849142930153908,0.0003890432014310166,overall_percent_serviced
7,2,5,9,0.7,0.32017930134528316,0.0019223079658422283,50,0.0002718553996351916,0.0005328365832849755,overall_percent_serviced
7,2,5,12,0.3,0.3202815347746501,0.001713868398031433,50,0.00024237759326187024,0.00047506008279326565,overall_percent_serviced
7,2,5,12,0.5,0.3197618584890929,0.0014035463566652846,50,0.00019849142930153908,0.0003890432014310166,overall_percent_serviced
7,2,5,12,0.7,0.32017930134528316,0.0019223079658422283,50,0.0002718553996351916,0.0005328365832849755,overall_percent_serviced
7,2,9,5,0.3,0.3203290087910692,0.001624733222992175,50,0.0002297719759193684,0.00045035307280196207,overall_percent_serviced
7,2,9,5,0.5,0.3203290087910692,0.001624733222992175,50,0.0002297719759193684,0.00045035307280196207,overall_percent_serviced
7,2,9,5,0.7,0.3203290087910692,0.001624733222992175,50,0.0002297719759193684,0.00045035307280196207,overall_percent_serviced
7,2,9,9,0.3,0.3203290087910692,0.001624733222992175,50,0.0002297719759193684,0.00045035307280196207,overall_percent_serviced
7,2,9,9,0.5,0.3203290087910692,0.001624733222992175,50,0.0002297719759193684,0.00045035307280196207,overall_percent_serviced
7,2,9,9,0.7,0.3203290087910692,0.001624733222992175,50,0.0002297719759193684,0.00045035307280196207,overall_percent_serviced
7,2,12,12,0.3,0.3203290087910692,0.001624733222992175,50,0.0002297719759193684,0.00045035307280196207,overall_percent_serviced
7,2,12,12,0.5,0.3203290087910692,0.001624733222992175,50,0.0002297719759193684,0.00045035307280196207,overall_percent_serviced
7,2,12,12,0.7,0.3203290087910692,0.001624733222992175,50,0.0002297719759193684,0.00045035307280196207,overall_percent_serviced
7,5,5,9,0.3,0.3197056405661476,0.0015853242266415238,50,0.00022419870220750812,0.0004394294563267159,overall_percent_serviced
7,5,5,9,0.5,0.32020726077982586,0.001712164581552997,50,0.00024213663722471034,0.0004745878089604322,overall_percent_serviced
7,5,5,9,0.7,0.32004926158509045,0.001811316657326486,50,0.00025615885825434166,0.0005020713621785096,overall_percent_serviced
7,5,5,12,0.3,0.3197056405661476,0.0015853242266415238,50,0.00022419870220750812,0.0004394294563267159,overall_percent_serviced
7,5,5,12,0.5,0.32020726077982586,0.001712164581552997,50,0.00024213663722471034,0.0004745878089604322,overall_percent_serviced
7,5,5,12,0.7,0.32004926158509045,0.001811316657326486,50,0.00025615885825434166,0.0005020713621785096,overall_percent_serviced
7,5,9,5,0.3,0.3198885024114414,0.0017287311804308411,50,0.00024447950810625453,0.0004791798358882589,overall_percent_serviced
7,5,9,5,0.5,0.3198885024114414,0.0017287311804308411,50,0.00024447950810625453,0.0004791798358882589,overall_percent_serviced
7,5,9,5,0.7,0.3198885024114414,0.0017287311804308411,50,0.00024447950810625453,0.0004791798358882589,overall_percent_serviced
7,5,9,9,0.3,0.3198885024114414,0.0017287311804308411,50,0.00024447950810625453,0.0004791798358882589,overall_percent_serviced
7,5,9,9,0.5,0.3198885024114414,0.0017287311804308411,50,0.00024447950810625453,0.0004791798358882589,overall_percent_serviced
7,5,9,9,0.7,0.3198885024114414,0.0017287311804308411,50,0.00024447950810625453,0.0004791798358882589,overall_percent_serviced
7,5,12,12,0.3,0.3198885024114414,0.0017287311804308411,50,0.00024447950810625453,0.0004791798358882589,overall_percent_serviced
7,5,12,12,0.5,0.3198885024114414,0.0017287311804308411,50,0.00024447950810625453,0.0004791798358882589,overall_percent_serviced
7,5,12,12,0.7,0.3198885024114414,0.0017287311804308411,50,0.00024447950810625453,0.0004791798358882589,overall_percent_serviced
7,7,5,9,0.3,0.32011428487615085,0.0020598300612047374,50,0.0002913039608739542,0.0005709557633129502,overall_percent_serviced
7,7,5,9,0.5,0.32028430045228684,0.0018487265277060702,50,0.0002614494128600844,0.0005124408492057655,overall_percent_serviced
7,7,5,9,0.7,0.3201961327950197,0.001379052249717433,50,0.00019502743947715217,0.00038225378137521826,overall_percent_serviced
7,7,5,12,0.3,0.32011428487615085,0.0020598300612047374,50,0.0002913039608739542,0.0005709557633129502,overall_percent_serviced
7,7,5,12,0.5,0.32028430045228684,0.0018487265277060702,50,0.0002614494128600844,0.0005124408492057655,overall_percent_serviced
7,7,5,12,0.7,0.3201961327950197,0.001379052249717433,50,0.00019502743947715217,0.00038225378137521826,overall_percent_serviced
7,7,9,5,0.3,0.32008371225606164,0.0014505732768935885,50,0.00020514204013988958,0.00040207839867418356,overall_percent_serviced
7,7,9,5,0.5,0.320487273350061,0.001813889066294051,50,0.00025652265181933166,0.0005027843975658901,overall_percent_serviced
7,7,9,5,0.7,0.31984988631192235,0.0017968775675792647,50,0.0002541168625994574,0.0004980690506949365,overall_percent_serviced
7,7,9,9,0.3,0.32035264559023124,0.0016403677825638932,50,0.0002319830365381738,0.00045468675161482066,overall_percent_serviced
7,7,9,9,0.5,0.32035264559023124,0.0016403677825638932,50,0.0002319830365381738,0.00045468675161482066,overall_percent_serviced
7,7,9,9,0.7,0.32035264559023124,0.0016403677825638932,50,0.0002319830365381738,0.00045468675161482066,overall_percent_serviced
7,7,12,12,0.3,0.32035264559023124,0.0016403677825638932,50,0.0002319830365381738,0.00045468675161482066,overall_percent_serviced
7,7,12,12,0.5,0.32035264559023124,0.0016403677825638932,50,0.0002319830365381738,0.00045468675161482066,overall_percent_serviced
7,7,12,12,0.7,0.32035264559023124,0.0016403677825638932,50,0.0002319830365381738,0.00045468675161482066,overall_percent_serviced
7,10,5,9,0.3,0.26889638360816176,0.0018492038766337166,50,0.00026151692019283057,0.0005125731635779478,overall_percent_serviced
7,10,5,9,0.5,0.2685959024555694,0.0015623660454710932,50,0.00022095192508964396,0.0004330657731757022,overall_percent_serviced
7,10,5,9,0.7,0.26928271409236554,0.001571839597827676,50,0.00022229168771229708,0.00043569170791610224,overall_percent_serviced
7,10,5,12,0.3,0.26889638360816176,0.0018492038766337166,50,0.00026151692019283057,0.0005125731635779478,overall_percent_serviced
7,10,5,12,0.5,0.2685959024555694,0.0015623660454710932,50,0.00022095192508964396,0.0004330657731757022,overall_percent_serviced
7,10,5,12,0.7,0.26928271409236554,0.001571839597827676,50,0.00022229168771229708,0.00043569170791610224,overall_percent_serviced
7,10,9,5,0.3,0.2785761660507491,0.0022272641322769555,50,0.0003149827142853214,0.0006173661199992299,overall_percent_serviced
7,10,9,5,0.5,0.2960317119837688,0.002024619887242614,50,0.0002863244903188791,0.000561196001025003,overall_percent_serviced
7,10,9,5,0.7,0.3092842508529815,0.0016416071023664847,50,0.00023215830282546804,0.00045503027353791735,overall_percent_serviced
7,10,9,9,0.3,0.26877250242113704,0.0015557101890138218,50,0.0002200106448425358,0.0004312208638913701,overall_percent_serviced
7,10,9,9,0.5,0.26877250242113704,0.0015557101890138218,50,0.0002200106448425358,0.0004312208638913701,overall_percent_serviced
7,10,9,9,0.7,0.26877250242113704,0.0015557101890138218,50,0.0002200106448425358,0.0004312208638913701,overall_percent_serviced
7,10,12,12,0.3,0.26877250242113704,0.0015557101890138218,50,0.0002200106448425358,0.0004312208638913701,overall_percent_serviced
7,10,12,12,0.5,0.26877250242113704,0.0015557101890138218,50,0.0002200106448425358,0.0004312208638913701,overall_percent_serviced
7,10,12,12,0.7,0.26877250242113704,0.0015557101890138218,50,0.0002200106448425358,0.0004312208638913701,overall_percent_serviced
7,14,5,9,0.3,0.26902468558756143,0.001707037739260105,50,0.00024141159223443475,0.0004731667207794921,overall_percent_serviced
7,14,5,9,0.5,0.26874083046723096,0.0017649996128537512,50,0.0002496086390081037,0.0004892329324558833,overall_percent_serviced
7,14,5,9,0.7,0.2690632923107831,0.0020444514495205545,50,0.00028912909675253014,0.000566693029634959,overall_percent_serviced
7,14,5,12,0.3,0.2686013932094165,0.001649919260355803,50,0.00023333381948157622,0.0004573342861838894,overall_percent_serviced
7,14,5,12,0.5,0.26904785468710074,0.0019625384621288606,50,0.0002775448509821471,0.0005439879079250083,overall_percent_serviced
7,14,5,12,0.7,0.268964554590117,0.0017438695128433326,50,0.0002466203916072003,0.0004833759675501126,overall_percent_serviced
7,14,9,5,0.3,0.2785761660507491,0.0022272641322769555,50,0.0003149827142853214,0.0006173661199992299,overall_percent_serviced
7,14,9,5,0.5,0.2960317119837688,0.002024619887242614,50,0.0002863244903188791,0.000561196001025003,overall_percent_serviced
7,14,9,5,0.7,0.3092842508529815,0.0016416071023664847,50,0.00023215830282546804,0.00045503027353791735,overall_percent_serviced
7,14,9,9,0.3,0.268720102704639,0.0017089017407371549,50,0.0002416752018513475,0.0004736833956286411,overall_percent_serviced
7,14,9,9,0.5,0.2690256945012371,0.0017481052911231146,50,0.00024721942111624763,0.00048455006538784535,overall_percent_serviced
7,14,9,9,0.7,0.26898394456477515,0.0017413515254759212,50,0.00024626429441871255,0.0004826780170606766,overall_percent_serviced
7,14,12,12,0.3,0.2688291393731285,0.0015754333868700815,50,0.00022279992623270483,0.00043668785541610145,overall_percent_serviced
7,14,12,12,0.5,0.2688291393731285,0.0015754333868700815,50,0.00022279992623270483,0.00043668785541610145,overall_percent_serviced
7,14,12,12,0.7,0.2688291393731285,0.0015754333868700815,50,0.00022279992623270483,0.00043668785541610145,overall_percent_serviced
10,2,5,9,0.3,0.3200578648093733,0.00140526473621466,50,0.0001987344448679422,0.0003895195119411667,overall_percent_serviced
10,2,5,9,0.5,0.3197618584890929,0.0014035463566652846,50,0.00019849142930153908,0.0003890432014310166,overall_percent_serviced
10,2,5,9,0.7,0.32017930134528316,0.0019223079658422283,50,0.0002718553996351916,0.0005328365832849755,overall_percent_serviced
10,2,5,12,0.3,0.3200578648093733,0.00140526473621466,50,0.0001987344448679422,0.0003895195119411667,overall_percent_serviced
10,2,5,12,0.5,0.3197618584890929,0.0014035463566652846,50,0.00019849142930153908,0.0003890432014310166,overall_percent_serviced
10,2,5,12,0.7,0.32017930134528316,0.0019223079658422283,50,0.0002718553996351916,0.0005328365832849755,overall_percent_serviced
10,2,9,5,0.3,0.2778241682075861,0.003758048742781615,50,0.0005314683500100919,0.00104167796601978,overall_percent_serviced
10,2,9,5,0.5,0.2778241682075861,0.003758048742781615,50,0.0005314683500100919,0.00104167796601978,overall_percent_serviced
10,2,9,5,0.7,0.2778241682075861,0.003758048742781615,50,0.0005314683500100919,0.00104167796601978,overall_percent_serviced
10,2,9,9,0.3,0.2778241682075861,0.003758048742781615,50,0.0005314683500100919,0.00104167796601978,overall_percent_serviced
10,2,9,9,0.5,0.2778241682075861,0.003758048742781615,50,0.0005314683500100919,0.00104167796601978,overall_percent_serviced
10,2,9,9,0.7,0.2778241682075861,0.003758048742781615,50,0.0005314683500100919,0.00104167796601978,overall_percent_serviced
10,2,12,12,0.3,0.2778241682075861,0.003758048742781615,50,0.0005314683500100919,0.00104167796601978,overall_percent_serviced
10,2,12,12,0.5,0.2778241682075861,0.003758048742781615,50,0.0005314683500100919,0.00104167796601978,overall_percent_serviced
10,2,12,12,0.7,0.2778241682075861,0.003758048742781615,50,0.0005314683500100919,0.00104167796601978,overall_percent_serviced
10,5,5,9,0.3,0.319043657347966,0.0018307664789420028,50,0.00025890947840578177,0.0005074625776753322,overall_percent_serviced
10,5,5,9,0.5,0.3202079711122975,0.001712939326954949,50,0.000242246202770193,0.00047480255742957827,overall_percent_serviced
10,5,5,9,0.7,0.32004926158509045,0.001811316657326486,50,0.00025615885825434166,0.0005020713621785096,overall_percent_serviced
10,5,5,12,0.3,0.319043657347966,0.0018307664789420028,50,0.00025890947840578177,0.0005074625776753322,overall_percent_serviced
10,5,5,12,0.5,0.3202079711122975,0.001712939326954949,50,0.000242246202770193,0.00047480255742957827,overall_percent_serviced
10,5,5,12,0.7,0.32004926158509045,0.001811316657326486,50,0.00025615885825434166,0.0005020713621785096,overall_percent_serviced
10,5,9,5,0.3,0.2691143561785616,0.001895023186996449,50,0.0002679967492061864,0.0005252736284441253,overall_percent_serviced
10,5,9,5,0.5,0.2691143561785616,0.001895023186996449,50,0.0002679967492061864,0.0005252736284441253,overall_percent_serviced
10,5,9,5,0.7,0.2691143561785616,0.001895023186996449,50,0.0002679967492061864,0.0005252736284441253,overall_percent_serviced
10,5,9,9,0.3,0.2691143561785616,0.001895023186996449,50,0.0002679967492061864,0.0005252736284441253,overall_percent_serviced
10,5,9,9,0.5,0.2691143561785616,0.001895023186996449,50,0.0002679967492061864,0.0005252736284441253,overall_percent_serviced
10,5,9,9,0.7,0.2691143561785616,0.001895023186996449,50,0.0002679967492061864,0.0005252736284441253,overall_percent_serviced
10,5,12,12,0.3,0.2691143561785616,0.001895023186996449,50,0.0002679967492061864,0.0005252736284441253,overall_percent_serviced
10,5,12,12,0.5,0.2691143561785616,0.001895023186996449,50,0.0002679967492061864,0.0005252736284441253,overall_percent_serviced
10,5,12,12,0.7,0.2691143561785616,0.001895023186996449,50,0.0002679967492061864,0.0005252736284441253,overall_percent_serviced
10,7,5,9,0.3,0.27857649265354023,0.002263079611530039,50,0.00032004778793558164,0.00062729366435374,overall_percent_serviced
10,7,5,9,0.5,0.29653039580630847,0.002222190848482183,50,0.0003142652436104879,0.0006159598774765563,overall_percent_serviced
10,7,5,9,0.7,0.3096137682753268,0.0017583616901847426,50,0.00024866989498165414,0.0004873929941640421,overall_percent_serviced
10,7,5,12,0.3,0.27857649265354023,0.002263079611530039,50,0.00032004778793558164,0.00062729366435374,overall_percent_serviced
10,7,5,12,0.5,0.29653039580630847,0.002222190848482183,50,0.0003142652436104879,0.0006159598774765563,overall_percent_serviced
10,7,5,12,0.7,0.3096137682753268,0.0017583616901847426,50,0.00024866989498165414,0.0004873929941640421,overall_percent_serviced
10,7,9,5,0.3,0.26932623321677984,0.0014656747523223424,50,0.00020727771127620836,0.0004062643141013684,overall_percent_serviced
10,7,9,5,0.5,0.2693364966108243,0.0017842633506695103,50,0.0002523329429362083,0.0004945725681549683,overall_percent_serviced
10,7,9,5,0.7,0.2686519814499344,0.001961211860050892,50,0.00027735724111709357,0.0005436201925895033,overall_percent_serviced
10,7,9,9,0.3,0.26888047990246533,0.0021415626781369768,50,0.000302862698409336,0.0005936108888822986,overall_percent_serviced
10,7,9,9,0.5,0.26888047990246533,0.0021415626781369768,50,0.000302862698409336,0.0005936108888822986,overall_percent_serviced
10,7,9,9,0.7,0.26888047990246533,0.0021415626781369768,50,0.000302862698409336,0.0005936108888822986,overall_percent_serviced
10,7,12,12,0.3,0.26888047990246533,0.0021415626781369768,50,0.000302862698409336,0.0005936108888822986,overall_percent_serviced
10,7,12,12,0.5,0.26888047990246533,0.0021415626781369768,50,0.000302862698409336,0.0005936108888822986,overall_percent_serviced
10,7,12,12,0.7,0.26888047990246533,0.0021415626781369768,50,0.000302862698409336,0.0005936108888822986,overall_percent_serviced
10,10,5,9,0.3,0.2688339171198042,0.001928269641778129,50,0.00027269850793149394,0.0005344890755457281,overall_percent_serviced
10,10,5,9,0.5,0.269032782394652,0.001904630423135725,50,0.0002693554175706949,0.000527936618438562,overall_percent_serviced
10,10,5,9,0.7,0.2692111090468012,0.0020466559352138596,50,0.00028944085810908305,0.0005673040818938027,overall_percent_serviced
10,10,5,12,0.3,0.2688339171198042,0.001928269641778129,50,0.00027269850793149394,0.0005344890755457281,overall_percent_serviced
10,10,5,12,0.5,0.269032782394652,0.001904630423135725,50,0.0002693554175706949,0.000527936618438562,overall_percent_serviced
10,10,5,12,0.7,0.2692111090468012,0.0020466559352138596,50,0.00028944085810908305,0.0005673040818938027,overall_percent_serviced
10,10,9,5,0.3,0.2693152599628646,0.0016525428608742615,50,0.00023370485262512152,0.0004580615111452382,overall_percent_serviced
10,10,9,5,0.5,0.2688999791590868,0.00188141861392319,50,0.0002660727720311365,0.0005215026331810275,overall_percent_serviced
10,10,9,5,0.7,0.26910813775198966,0.001859561232154254,50,0.00026298167145757695,0.0005154440760568508,overall_percent_serviced
10,10,9,9,0.3,0.26917925595546743,0.0018307381208061094,50,0.00025890546795974336,0.000507454717201097,overall_percent_serviced
10,10,9,9,0.5,0.26917925595546743,0.0018307381208061094,50,0.00025890546795974336,0.000507454717201097,overall_percent_serviced
10,10,9,9,0.7,0.26917925595546743,0.0018307381208061094,50,0.00025890546795974336,0.000507454717201097,overall_percent_serviced
10,10,12,12,0.3,0.26917925595546743,0.0018307381208061094,50,0.00025890546795974336,0.000507454717201097,overall_percent_serviced
10,10,12,12,0.5,0.26917925595546743,0.0018307381208061094,50,0.00025890546795974336,0.000507454717201097,overall_percent_serviced
10,10,12,12,0.7,0.26917925595546743,0.0018307381208061094,50,0.00025890546795974336,0.000507454717201097,overall_percent_serviced
10,14,5,9,0.3,0.2694479826869443,0.0017467903383487603,50,0.0002470334587115104,0.0004841855790745604,overall_percent_serviced
10,14,5,9,0.5,0.26891950505223045,0.0015710432337901396,50,0.00022217906483005005,0.0004354709670668981,overall_percent_serviced
10,14,5,9,0.7,0.26836687738884474,0.001632538265998089,50,0.00023087577568675527,0.0004525165203460403,overall_percent_serviced
10,14,5,12,0.3,0.26877523577215506,0.0019828454446011983,50,0.0002804166919844724,0.0005496167162895659,overall_percent_serviced
10,14,5,12,0.5,0.2685805371898041,0.0019509329578271878,50,0.00027590358482398663,0.0005407710262550138,overall_percent_serviced
10,14,5,12,0.7,0.2688722102244038,0.0022077600162937593,50,0.00031222441575076796,0.0006119598548715052,overall_percent_serviced
10,14,9,5,0.3,0.2686100198196801,0.0019318328712438983,50,0.0002732024246751278,0.0005354767523632505,overall_percent_serviced
10,14,9,5,0.5,0.2692233270858489,0.0016183339175539187,50,0.0002288669774653134,0.00044857927583201424,overall_percent_serviced
10,14,9,5,0.7,0.26910301591126845,0.001835488321375324,50,0.0002595772477666409,0.0005087714056226162,overall_percent_serviced
10,14,9,9,0.3,0.2690674727096713,0.0018098234162393758,50,0.00025594768207461323,0.000501657456866242,overall_percent_serviced
10,14,9,9,0.5,0.269028760813427,0.001669368351896075,50,0.00023608433638478508,0.00046272529931417873,overall_percent_serviced
10,14,9,9,0.7,0.26935791382199503,0.0017624644980908236,50,0.00024925011964011326,0.000488530234494622,overall_percent_serviced
10,14,12,12,0.3,0.26886057061321433,0.0021597525231545046,50,0.00030543513096146124,0.000598652856684464,overall_percent_serviced
10,14,12,12,0.5,0.269306234395373,0.0017556656087241212,50,0.00024828861148496677,0.0004866456785105348,overall_percent_serviced
10,14,12,12,0.7,0.26900805539996997,0.0018726165897497576,50,0.00026482797783489615,0.0005190628365563965,overall_percent_serviced
14,2,5,9,0.3,0.3200578648093733,0.00140526473621466,50,0.0001987344448679422,0.0003895195119411667,overall_percent_serviced
14,2,5,9,0.5,0.3197618584890929,0.0014035463566652846,50,0.00019849142930153908,0.0003890432014310166,overall_percent_serviced
14,2,5,9,0.7,0.32017930134528316,0.0019223079658422283,50,0.0002718553996351916,0.0005328365832849755,overall_percent_serviced
14,2,5,12,0.3,0.3200578648093733,0.00140526473621466,50,0.0001987344448679422,0.0003895195119411667,overall_percent_serviced
14,2,5,12,0.5,0.3197618584890929,0.0014035463566652846,50,0.00019849142930153908,0.0003890432014310166,overall_percent_serviced
14,2,5,12,0.7,0.32017930134528316,0.0019223079658422283,50,0.0002718553996351916,0.0005328365832849755,overall_percent_serviced
14,2,9,5,0.3,0.27776123190969476,0.003805288870743237,50,0.0005381491129752485,0.0010547722614314872,overall_percent_serviced
14,2,9,5,0.5,0.2775309688108345,0.003945130350853908,50,0.0005579256847507324,0.0010935343421114355,overall_percent_serviced
14,2,9,5,0.7,0.27795395601041273,0.003696025765925367,50,0.000522696976505206,0.0010244860739502038,overall_percent_serviced
14,2,9,9,0.3,0.27776123190969476,0.003805288870743237,50,0.0005381491129752485,0.0010547722614314872,overall_percent_serviced
14,2,9,9,0.5,0.2775309688108345,0.003945130350853908,50,0.0005579256847507324,0.0010935343421114355,overall_percent_serviced
14,2,9,9,0.7,0.27795395601041273,0.003696025765925367,50,0.000522696976505206,0.0010244860739502038,overall_percent_serviced
14,2,12,12,0.3,0.2776115350703348,0.0038793317650764533,50,0.0005486203595115878,0.001075295904642712,overall_percent_serviced
14,2,12,12,0.5,0.2776115350703348,0.0038793317650764533,50,0.0005486203595115878,0.001075295904642712,overall_percent_serviced
14,2,12,12,0.7,0.2776115350703348,0.0038793317650764533,50,0.0005486203595115878,0.001075295904642712,overall_percent_serviced
14,5,5,9,0.3,0.319043657347966,0.0018307664789420028,50,0.00025890947840578177,0.0005074625776753322,overall_percent_serviced
14,5,5,9,0.5,0.3202079711122975,0.001712939326954949,50,0.000242246202770193,0.00047480255742957827,overall_percent_serviced
14,5,5,9,0.7,0.32004926158509045,0.001811316657326486,50,0.00025615885825434166,0.0005020713621785096,overall_percent_serviced
14,5,5,12,0.3,0.319043657347966,0.0018307664789420028,50,0.00025890947840578177,0.0005074625776753322,overall_percent_serviced
14,5,5,12,0.5,0.3202079711122975,0.001712939326954949,50,0.000242246202770193,0.00047480255742957827,overall_percent_serviced
14,5,5,12,0.7,0.32004926158509045,0.001811316657326486,50,0.00025615885825434166,0.0005020713621785096,overall_percent_serviced
14,5,9,5,0.3,0.26848336652862326,0.0018803235893931347,50,0.000265917912176983,0.0005211991078668866,overall_percent_serviced
14,5,9,5,0.5,0.2689167688668244,0.0015698752627063654,50,0.00022201388877533674,0.00043514722199966,overall_percent_serviced
14,5,9,5,0.7,0.2692454376690826,0.00167911642412078,50,0.0002374629219795021,0.0004654273270798241,overall_percent_serviced
14,5,9,9,0.3,0.26848336652862326,0.0018803235893931347,50,0.000265917912176983,0.0005211991078668866,overall_percent_serviced
14,5,9,9,0.5,0.2689167688668244,0.0015698752627063654,50,0.00022201388877533674,0.00043514722199966,overall_percent_serviced
14,5,9,9,0.7,0.2692454376690826,0.00167911642412078,50,0.0002374629219795021,0.0004654273270798241,overall_percent_serviced
14,5,12,12,0.3,0.2689674453408821,0.001582529348275264,50,0.00022380344671843333,0.00043865475556812935,overall_percent_serviced
14,5,12,12,0.5,0.2689674453408821,0.001582529348275264,50,0.00022380344671843333,0.00043865475556812935,overall_percent_serviced
14,5,12,12,0.7,0.2689674453408821,0.001582529348275264,50,0.00022380344671843333,0.00043865475556812935,overall_percent_serviced
14,7,5,9,0.3,0.27857649265354023,0.002263079611530039,50,0.00032004778793558164,0.00062729366435374,overall_percent_serviced
14,7,5,9,0.5,0.29653039580630847,0.002222190848482183,50,0.0003142652436104879,0.0006159598774765563,overall_percent_serviced
14,7,5,9,0.7,0.3096137682753268,0.0017583616901847426,50,0.00024866989498165414,0.0004873929941640421,overall_percent_serviced
14,7,5,12,0.3,0.27857649265354023,0.002263079611530039,50,0.00032004778793558164,0.00062729366435374,overall_percent_serviced
14,7,5,12,0.5,0.29653039580630847,0.002222190848482183,50,0.0003142652436104879,0.0006159598774765563,overall_percent_serviced
14,7,5,12,0.7,0.3096137682753268,0.0017583616901847426,50,0.00024866989498165414,0.0004873929941640421,overall_percent_serviced
14,7,9,5,0.3,0.2685608587727797,0.0018059102873663599,50,0.00025539428208225994,0.0005005727928812294,overall_percent_serviced
14,7,9,5,0.5,0.26963443704559925,0.002164200197239785,50,0.0003060641270627031,0.0005998856890428981,overall_percent_serviced
14,7,9,5,0.7,0.2691469377609949,0.0016774957185186528,50,0.00023723371959518785,0.0004649780904065682,overall_percent_serviced
14,7,9,9,0.3,0.2690243428676531,0.0019033370658964807,50,0.0002691725092358216,0.0005275781181022103,overall_percent_serviced
14,7,9,9,0.5,0.2686489338922026,0.00208625317705168,50,0.00029504075375304435,0.000578279877355967,overall_percent_serviced
14,7,9,9,0.7,0.268835148234848,0.0017813720951612227,50,0.00025192405766099766,0.0004937711530155554,overall_percent_serviced
14,7,12,12,0.3,0.26876987496363797,0.0014059271090664203,50,0.00019882811853497292,0.00038970311232854694,overall_percent_serviced
14,7,12,12,0.5,0.26876987496363797,0.0014059271090664203,50,0.00019882811853497292,0.00038970311232854694,overall_percent_serviced
14,7,12,12,0.7,0.26876987496363797,0.0014059271090664203,50,0.00019882811853497292,0.00038970311232854694,overall_percent_serviced
14,10,5,9,0.3,0.2687215832483766,0.0018621059888832337,50,0.00026334155440548327,0.0005161494466347472,overall_percent_serviced
14,10,5,9,0.5,0.2689114014385114,0.001534650708555385,50,0.00021703238455445054,0.00042538347372672304,overall_percent_serviced
14,10,5,9,0.7,0.2689711961833311,0.0019101825375898132,50,0.0002701406051267768,0.0005294755860484825,overall_percent_serviced
14,10,5,12,0.3,0.2687215832483766,0.0018621059888832337,50,0.00026334155440548327,0.0005161494466347472,overall_percent_serviced
14,10,5,12,0.5,0.2689114014385114,0.001534650708555385,50,0.00021703238455445054,0.00042538347372672304,overall_percent_serviced
14,10,5,12,0.7,0.2689711961833311,0.0019101825375898132,50,0.0002701406051267768,0.0005294755860484825,overall_percent_serviced
14,10,9,5,0.3,0.2692075513198858,0.001815832716773615,50,0.0002567975255062029,0.0005033231499921577,overall_percent_serviced
14,10,9,5,0.5,0.26903995399021835,0.0014947656547055742,50,0.00021139178614541218,0.0004143279008450079,overall_percent_serviced
14,10,9,5,0.7,0.26908026395253287,0.0019415140928645675,50,0.0002745715561667568,0.0005381602500868433,overall_percent_serviced
14,10,9,9,0.3,0.2693988313022493,0.001961691470135222,50,0.00027742506822568463,0.0005437531337223419,overall_percent_serviced
14,10,9,9,0.5,0.26883272283059445,0.0014963458171496392,50,0.00021161525486132712,0.00041476589952820116,overall_percent_serviced
14,10,9,9,0.7,0.2688733335264878,0.001514567038796329,50,0.00021419212473890262,0.0004198165644882491,overall_percent_serviced
14,10,12,12,0.3,0.26882248233804196,0.002009234767443481,50,0.00028414870581101225,0.000556931463389584,overall_percent_serviced
14,10,12,12,0.5,0.26924774461535234,0.0014224530067452063,50,0.00020116523339774585,0.00039428385745958185,overall_percent_serviced
14,10,12,12,0.7,0.2689060333438043,0.0020345628419089733,50,0.00028773063645280174,0.0005639520474474914,overall_percent_serviced
14,14,5,9,0.3,0.2686084381680541,0.002131535024865364,50,0.000301444574083787,0.0005908313652042225,overall_percent_serviced
14,14,5,9,0.5,0.2681354354936872,0.0017496973199329121,50,0.00024744456798969807,0.0004849913532598082,overall_percent_serviced
14,14,5,9,0.7,0.2691481216247799,0.0018397335341809851,50,0.0002601776115191335,0.0005099481185775016,overall_percent_serviced
14,14,5,12,0.3,0.26845831905453826,0.001557817551094006,50,0.0002203086708459985,0.00043180499485815705,overall_percent_serviced
14,14,5,12,0.5,0.2686576871702028,0.001327531756171088,50,0.00018774134140581253,0.0003679730291553926,overall_percent_serviced
14,14,5,12,0.7,0.268233455074496,0.0020072423260769695,50,0.00028386693205073685,0.0005563791868194442,overall_percent_serviced
14,14,9,5,0.3,0.2684612971337757,0.0015171528536473652,50,0.0002145578141821147,0.0004205333157969448,overall_percent_serviced
14,14,9,5,0.5,0.2692591875011614,0.0019753652510908735,50,0.0002793588328733248,0.0005475433124317165,overall_percent_serviced
14,14,9,5,0.7,0.26906344380051217,0.001981433212300056,50,0.00028021697217712273,0.0005492252654671605,overall_percent_serviced
14,14,9,9,0.3,0.2683420197345903,0.0017402869587907204,50,0.00024611374195428643,0.0004823829342304014,overall_percent_serviced
14,14,9,9,0.5,0.26868478149746766,0.0020458483900155475,50,0.00028932665397191483,0.000567080241784953,overall_percent_serviced
14,14,9,9,0.7,0.2692452484734715,0.0016803176524434807,50,0.0002376328013180491,0.0004657602905833762,overall_percent_serviced
14,14,12,12,0.3,0.2684923902541672,0.0020161276521442595,50,0.0002851235069137837,0.000558842073551016,overall_percent_serviced
14,14,12,12,0.5,0.2681731469658332,0.0016458421406884518,50,0.0002327572276886776,0.00045620416626980813,overall_percent_serviced
14,14,12,12,0.7,0.2689488850901234,0.001711981228195387,50,0.00024211070714420647,0.00047453698600264467,overall_percent_serviced
2,2,5,9,0.3,1.0,0.0,50,0.0,0.0,mean_offered_booking_delay
2,2,5,9,0.5,1.0,0.0,50,0.0,0.0,mean_offered_booking_delay
2,2,5,9,0.7,1.0,0.0,50,0.0,0.0,mean_offered_booking_delay
2,2,5,12,0.3,1.0,0.0,50,0.0,0.0,mean_offered_booking_delay
2,2,5,12,0.5,1.0,0.0,50,0.0,0.0,mean_offered_booking_delay
2,2,5,12,0.7,1.0,0.0,50,0.0,0.0,mean_offered_booking_delay
2,2,9,5,0.3,1.0,0.0,50,0.0,0.0,mean_offered_booking_delay
2,2,9,5,0.5,1.0,0.0,50,0.0,0.0,mean_offered_booking_delay
2,2,9,5,0.7,1.0,0.0,50,0.0,0.0,mean_offered_booking_delay
2,2,9,9,0.3,1.0,0.0,50,0.0,0.0,mean_offered_booking_delay
2,2,9,9,0.5,1.0,0.0,50,0.0,0.0,mean_offered_booking_delay
2,2,9,9,0.7,1.0,0.0,50,0.0,0.0,mean_offered_booking_delay
2,2,12,12,0.3,1.0,0.0,50,0.0,0.0,mean_offered_booking_delay
2,2,12,12,0.5,1.0,0.0,50,0.0,0.0,mean_offered_booking_delay
2,2,12,12,0.7,1.0,0.0,50,0.0,0.0,mean_offered_booking_delay
2,5,5,9,0.3,3.532222078858347,0.006608385630587392,50,0.0009345668584168168,0.0018317510424969608,mean_offered_booking_delay
2,5,5,9,0.5,3.532222078858347,0.006608385630587392,50,0.0009345668584168168,0.0018317510424969608,mean_offered_booking_delay
2,5,5,9,0.7,3.532222078858347,0.006608385630587392,50,0.0009345668584168168,0.0018317510424969608,mean_offered_booking_delay
2,5,5,12,0.3,3.532222078858347,0.006608385630587392,50,0.0009345668584168168,0.0018317510424969608,mean_offered_booking_delay
2,5,5,12,0.5,3.532222078858347,0.006608385630587392,50,0.0009345668584168168,0.0018317510424969608,mean_offered_booking_delay
2,5,5,12,0.7,3.532222078858347,0.006608385630587392,50,0.0009345668584168168,0.0018317510424969608,mean_offered_booking_delay
2,5,9,5,0.3,3.532222078858347,0.006608385630587392,50,0.0009345668584168168,0.0018317510424969608,mean_offered_booking_delay
2,5,9,5,0.5,3.532222078858347,0.006608385630587392,50,0.0009345668584168168,0.0018317510424969608,mean_offered_booking_delay
2,5,9,5,0.7,3.532222078858347,0.006608385630587392,50,0.0009345668584168168,0.0018317510424969608,mean_offered_booking_delay
2,5,9,9,0.3,3.532222078858347,0.006608385630587392,50,0.0009345668584168168,0.0018317510424969608,mean_offered_booking_delay
2,5,9,9,0.5,3.532222078858347,0.006608385630587392,50,0.0009345668584168168,0.0018317510424969608,mean_offered_booking_delay
2,5,9,9,0.7,3.532222078858347,0.006608385630587392,50,0.0009345668584168168,0.0018317510424969608,mean_offered_booking_delay
2,5,12,12,0.3,3.532222078858347,0.006608385630587392,50,0.0009345668584168168,0.0018317510424969608,mean_offered_booking_delay
2,5,12,12,0.5,3.532222078858347,0.006608385630587392,50,0.0009345668584168168,0.0018317510424969608,mean_offered_booking_delay
2,5,12,12,0.7,3.532222078858347,0.006608385630587392,50,0.0009345668584168168,0.0018317510424969608,mean_offered_booking_delay
2,7,5,9,0.3,4.932312597883072,0.019046071147340075,50,0.002693521212649123,0.005279301576792281,mean_offered_booking_delay
2,7,5,9,0.5,4.932312597883072,0.019046071147340075,50,0.002693521212649123,0.005279301576792281,mean_offered_booking_delay
2,7,5,9,0.7,4.932312597883072,0.019046071147340075,50,0.002693521212649123,0.005279301576792281,mean_offered_booking_delay
2,7,5,12,0.3,4.932312597883072,0.019046071147340075,50,0.002693521212649123,0.005279301576792281,mean_offered_booking_delay
2,7,5,12,0.5,4.932312597883072,0.019046071147340075,50,0.002693521212649123,0.005279301576792281,mean_offered_booking_delay
2,7,5,12,0.7,4.932312597883072,0.019046071147340075,50,0.002693521212649123,0.005279301576792281,mean_offered_booking_delay
2,7,9,5,0.3,4.734609303080488,0.025366360630084756,50,0.003587345123111279,0.0070311964412981065,mean_offered_booking_delay
2,7,9,5,0.5,4.611794198723717,0.022270678328862918,50,0.003149549533592651,0.0061731170858415965,mean_offered_booking_delay
2,7,9,5,0.7,4.55294723401122,0.02147754076561047,50,0.003037382943714735,0.005953270569680881,mean_offered_booking_delay
2,7,9,9,0.3,4.932312597883072,0.019046071147340075,50,0.002693521212649123,0.005279301576792281,mean_offered_booking_delay
2,7,9,9,0.5,4.932312597883072,0.019046071147340075,50,0.002693521212649123,0.005279301576792281,mean_offered_booking_delay
2,7,9,9,0.7,4.932312597883072,0.019046071147340075,50,0.002693521212649123,0.005279301576792281,mean_offered_booking_delay
2,7,12,12,0.3,4.932312597883072,0.019046071147340075,50,0.002693521212649123,0.005279301576792281,mean_offered_booking_delay
2,7,12,12,0.5,4.932312597883072,0.019046071147340075,50,0.002693521212649123,0.005279301576792281,mean_offered_booking_delay
2,7,12,12,0.7,4.932312597883072,0.019046071147340075,50,0.002693521212649123,0.005279301576792281,mean_offered_booking_delay
2,10,5,9,0.3,5.765693548758342,0.09816199611693383,50,0.013882202621818291,0.02720911713876385,mean_offered_booking_delay
2,10,5,9,0.5,5.765693548758342,0.09816199611693383,50,0.013882202621818291,0.02720911713876385,mean_offered_booking_delay
2,10,5,9,0.7,5.765693548758342,0.09816199611693383,50,0.013882202621818291,0.02720911713876385,mean_offered_booking_delay
2,10,5,12,0.3,5.765693548758342,0.09816199611693383,50,0.013882202621818291,0.02720911713876385,mean_offered_booking_delay
2,10,5,12,0.5,5.765693548758342,0.09816199611693383,50,0.013882202621818291,0.02720911713876385,mean_offered_booking_delay
2,10,5,12,0.7,5.765693548758342,0.09816199611693383,50,0.013882202621818291,0.02720911713876385,mean_offered_booking_delay
2,10,9,5,0.3,4.737761592705132,0.028860346740151185,50,0.004081469377471195,0.007999679979843542,mean_offered_booking_delay
2,10,9,5,0.5,4.611794198723717,0.022270678328862918,50,0.003149549533592651,0.0061731170858415965,mean_offered_booking_delay
2,10,9,5,0.7,4.55294723401122,0.02147754076561047,50,0.003037382943714735,0.005953270569680881,mean_offered_booking_delay
2,10,9,9,0.3,5.765693548758342,0.09816199611693383,50,0.013882202621818291,0.02720911713876385,mean_offered_booking_delay
2,10,9,9,0.5,5.765693548758342,0.09816199611693383,50,0.013882202621818291,0.02720911713876385,mean_offered_booking_delay
2,10,9,9,0.7,5.765693548758342,0.09816199611693383,50,0.013882202621818291,0.02720911713876385,mean_offered_booking_delay
2,10,12,12,0.3,5.765693548758342,0.09816199611693383,50,0.013882202621818291,0.02720911713876385,mean_offered_booking_delay
2,10,12,12,0.5,5.765693548758342,0.09816199611693383,50,0.013882202621818291,0.02720911713876385,mean_offered_booking_delay
2,10,12,12,0.7,5.765693548758342,0.09816199611693383,50,0.013882202621818291,0.02720911713876385,mean_offered_booking_delay
2,14,5,9,0.3,5.762147374637692,0.09662518775637875,50,0.013664865099191756,0.02678313559441584,mean_offered_booking_delay
2,14,5,9,0.5,5.76367637904595,0.09487810801020392,50,0.013417790712032977,0.026298869795584635,mean_offered_booking_delay
2,14,5,9,0.7,5.766612014091879,0.0977758821312503,50,0.013827597858300733,0.027102091802269437,mean_offered_booking_delay
2,14,5,12,0.3,5.767076183593264,0.09601402658407668,50,0.013578433857325212,0.026613730360357416,mean_offered_booking_delay
2,14,5,12,0.5,5.767076183593264,0.09601402658407668,50,0.013578433857325212,0.026613730360357416,mean_offered_booking_delay
2,14,5,12,0.7,5.767076183593264,0.09601402658407668,50,0.013578433857325212,0.026613730360357416,mean_offered_booking_delay
2,14,9,5,0.3,4.737761592705132,0.028860346740151185,50,0.004081469377471195,0.007999679979843542,mean_offered_booking_delay
2,14,9,5,0.5,4.611794198723717,0.022270678328862918,50,0.003149549533592651,0.0061731170858415965,mean_offered_booking_delay
2,14,9,5,0.7,4.55294723401122,0.02147754076561047,50,0.003037382943714735,0.005953270569680881,mean_offered_booking_delay
2,14,9,9,0.3,5.762147374637692,0.09662518775637875,50,0.013664865099191756,0.02678313559441584,mean_offered_booking_delay
2,14,9,9,0.5,5.76367637904595,0.09487810801020392,50,0.013417790712032977,0.026298869795584635,mean_offered_booking_delay
2,14,9,9,0.7,5.766612014091879,0.0977758821312503,50,0.013827597858300733,0.027102091802269437,mean_offered_booking_delay
2,14,12,12,0.3,5.767076183593264,0.09601402658407668,50,0.013578433857325212,0.026613730360357416,mean_offered_booking_delay
2,14,12,12,0.5,5.767076183593264,0.09601402658407668,50,0.013578433857325212,0.026613730360357416,mean_offered_booking_delay
2,14,12,12,0.7,5.767076183593264,0.09601402658407668,50,0.013578433857325212,0.026613730360357416,mean_offered_booking_delay
5,2,5,9,0.3,3.531840195318572,0.00760554332169045,50,0.0010755862514750753,0.0021081490528911473,mean_offered_booking_delay
5,2,5,9,0.5,3.531840195318572,0.00760554332169045,50,0.0010755862514750753,0.0021081490528911473,mean_offered_booking_delay
5,2,5,9,0.7,3.531840195318572,0.00760554332169045,50,0.0010755862514750753,0.0021081490528911473,mean_offered_booking_delay
5,2,5,12,0.3,3.531840195318572,0.00760554332169045,50,0.0010755862514750753,0.0021081490528911473,mean_offered_booking_delay
5,2,5,12,0.5,3.531840195318572,0.00760554332169045,50,0.0010755862514750753,0.0021081490528911473,mean_offered_booking_delay
5,2,5,12,0.7,3.531840195318572,0.00760554332169045,50,0.0010755862514750753,0.0021081490528911473,mean_offered_booking_delay
5,2,9,5,0.3,3.531840195318572,0.00760554332169045,50,0.0010755862514750753,0.0021081490528911473,mean_offered_booking_delay
5,2,9,5,0.5,3.531840195318572,0.00760554332169045,50,0.0010755862514750753,0.0021081490528911473,mean_offered_booking_delay
5,2,9,5,0.7,3.531840195318572,0.00760554332169045,50,0.0010755862514750753,0.0021081490528911473,mean_offered_booking_delay
5,2,9,9,0.3,3.531840195318572,0.00760554332169045,50,0.0010755862514750753,0.0021081490528911473,mean_offered_booking_delay
5,2,9,9,0.5,3.531840195318572,0.00760554332169045,50,0.0010755862514750753,0.0021081490528911473,mean_offered_booking_delay
5,2,9,9,0.7,3.531840195318572,0.00760554332169045,50,0.0010755862514750753,0.0021081490528911473,mean_offered_booking_delay
5,2,12,12,0.3,3.531840195318572,0.00760554332169045,50,0.0010755862514750753,0.0021081490528911473,mean_offered_booking_delay
5,2,12,12,0.5,3.531840195318572,0.00760554332169045,50,0.0010755862514750753,0.0021081490528911473,mean_offered_booking_delay
5,2,12,12,0.7,3.531840195318572,0.00760554332169045,50,0.0010755862514750753,0.0021081490528911473,mean_offered_booking_delay
5,5,5,9,0.3,3.5390283543062155,0.006810967598052162,50,0.000963216275004907,0.0018879038990096176,mean_offered_booking_delay
5,5,5,9,0.5,3.5390283543062155,0.006810967598052162,50,0.000963216275004907,0.0018879038990096176,mean_offered_booking_delay
5,5,5,9,0.7,3.5390283543062155,0.006810967598052162,50,0.000963216275004907,0.0018879038990096176,mean_offered_booking_delay
5,5,5,12,0.3,3.5390283543062155,0.006810967598052162,50,0.000963216275004907,0.0018879038990096176,mean_offered_booking_delay
5,5,5,12,0.5,3.5390283543062155,0.006810967598052162,50,0.000963216275004907,0.0018879038990096176,mean_offered_booking_delay
5,5,5,12,0.7,3.5390283543062155,0.006810967598052162,50,0.000963216275004907,0.0018879038990096176,mean_offered_booking_delay
5,5,9,5,0.3,3.5390283543062155,0.006810967598052162,50,0.000963216275004907,0.0018879038990096176,mean_offered_booking_delay
5,5,9,5,0.5,3.5390283543062155,0.006810967598052162,50,0.000963216275004907,0.0018879038990096176,mean_offered_booking_delay
5,5,9,5,0.7,3.5390283543062155,0.006810967598052162,50,0.000963216275004907,0.0018879038990096176,mean_offered_booking_delay
5,5,9,9,0.3,3.5390283543062155,0.006810967598052162,50,0.000963216275004907,0.0018879038990096176,mean_offered_booking_delay
5,5,9,9,0.5,3.5390283543062155,0.006810967598052162,50,0.000963216275004907,0.0018879038990096176,mean_offered_booking_delay
5,5,9,9,0.7,3.5390283543062155,0.006810967598052162,50,0.000963216275004907,0.0018879038990096176,mean_offered_booking_delay
5,5,12,12,0.3,3.5390283543062155,0.006810967598052162,50,0.000963216275004907,0.0018879038990096176,mean_offered_booking_delay
5,5,12,12,0.5,3.5390283543062155,0.006810967598052162,50,0.000963216275004907,0.0018879038990096176,mean_offered_booking_delay
5,5,12,12,0.7,3.5390283543062155,0.006810967598052162,50,0.000963216275004907,0.0018879038990096176,mean_offered_booking_delay
5,7,5,9,0.3,4.987113205217812,0.012483574083242101,50,0.0017654439775410256,0.00346027019598041,mean_offered_booking_delay
5,7,5,9,0.5,4.987113205217812,0.012483574083242101,50,0.0017654439775410256,0.00346027019598041,mean_offered_booking_delay
5,7,5,9,0.7,4.987113205217812,0.012483574083242101,50,0.0017654439775410256,0.00346027019598041,mean_offered_booking_delay
5,7,5,12,0.3,4.987113205217812,0.012483574083242101,50,0.0017654439775410256,0.00346027019598041,mean_offered_booking_delay
5,7,5,12,0.5,4.987113205217812,0.012483574083242101,50,0.0017654439775410256,0.00346027019598041,mean_offered_booking_delay
5,7,5,12,0.7,4.987113205217812,0.012483574083242101,50,0.0017654439775410256,0.00346027019598041,mean_offered_booking_delay
5,7,9,5,0.3,4.972260654325112,0.02159289707521721,50,0.0030536967894698517,0.00598524570736091,mean_offered_booking_delay
5,7,9,5,0.5,4.807109703068454,0.0176750847214496,50,0.00249963445291675,0.004899283527716829,mean_offered_booking_delay
5,7,9,5,0.7,4.713502159832186,0.014153596076283447,50,0.0020016207527430675,0.003923176675376412,mean_offered_booking_delay
5,7,9,9,0.3,4.987113205217812,0.012483574083242101,50,0.0017654439775410256,0.00346027019598041,mean_offered_booking_delay
5,7,9,9,0.5,4.987113205217812,0.012483574083242101,50,0.0017654439775410256,0.00346027019598041,mean_offered_booking_delay
5,7,9,9,0.7,4.987113205217812,0.012483574083242101,50,0.0017654439775410256,0.00346027019598041,mean_offered_booking_delay
5,7,12,12,0.3,4.987113205217812,0.012483574083242101,50,0.0017654439775410256,0.00346027019598041,mean_offered_booking_delay
5,7,12,12,0.5,4.987113205217812,0.012483574083242101,50,0.0017654439775410256,0.00346027019598041,mean_offered_booking_delay
5,7,12,12,0.7,4.987113205217812,0.012483574083242101,50,0.0017654439775410256,0.00346027019598041,mean_offered_booking_delay
5,10,5,9,0.3,6.65491034695289,0.05369787507512657,50,0.007594026320186018,0.014884291587564595,mean_offered_booking_delay
5,10,5,9,0.5,6.65491034695289,0.05369787507512657,50,0.007594026320186018,0.014884291587564595,mean_offered_booking_delay
5,10,5,9,0.7,6.65491034695289,0.05369787507512657,50,0.007594026320186018,0.014884291587564595,mean_offered_booking_delay
5,10,5,12,0.3,6.65491034695289,0.05369787507512657,50,0.007594026320186018,0.014884291587564595,mean_offered_booking_delay
5,10,5,12,0.5,6.65491034695289,0.05369787507512657,50,0.007594026320186018,0.014884291587564595,mean_offered_booking_delay
5,10,5,12,0.7,6.65491034695289,0.05369787507512657,50,0.007594026320186018,0.014884291587564595,mean_offered_booking_delay
5,10,9,5,0.3,5.001660243356822,0.030664569796721386,50,0.004336625049085977,0.008499785096208514,mean_offered_booking_delay
5,10,9,5,0.5,4.807427993708364,0.0181069580287625,50,0.0025607105617596326,0.0050189927010488794,mean_offered_booking_delay
5,10,9,5,0.7,4.713502159832186,0.014153596076283447,50,0.0020016207527430675,0.003923176675376412,mean_offered_booking_delay
5,10,9,9,0.3,6.65491034695289,0.05369787507512657,50,0.007594026320186018,0.014884291587564595,mean_offered_booking_delay
5,10,9,9,0.5,6.65491034695289,0.05369787507512657,50,0.007594026320186018,0.014884291587564595,mean_offered_booking_delay
5,10,9,9,0.7,6.65491034695289,0.05369787507512657,50,0.007594026320186018,0.014884291587564595,mean_offered_booking_delay
5,10,12,12,0.3,6.65491034695289,0.05369787507512657,50,0.007594026320186018,0.014884291587564595,mean_offered_booking_delay
5,10,12,12,0.5,6.65491034695289,0.05369787507512657,50,0.007594026320186018,0.014884291587564595,mean_offered_booking_delay
5,10,12,12,0.7,6.65491034695289,0.05369787507512657,50,0.007594026320186018,0.014884291587564595,mean_offered_booking_delay
5,14,5,9,0.3,6.729214076826192,0.0684924857748953,50,0.009686300230350322,0.01898514845148663,mean_offered_booking_delay
5,14,5,9,0.5,6.709860353084191,0.07786272783146118,50,0.011011452570261746,0.02158244703771302,mean_offered_booking_delay
5,14,5,9,0.7,6.702832686907234,0.06520274133588265,50,0.009221060110111005,0.01807327781581757,mean_offered_booking_delay
5,14,5,12,0.3,6.767767417212326,0.09738793456691552,50,0.013772733787603549,0.026994558223702954,mean_offered_booking_delay
5,14,5,12,0.5,6.767767417212326,0.09738793456691552,50,0.013772733787603549,0.026994558223702954,mean_offered_booking_delay
5,14,5,12,0.7,6.767767417212326,0.09738793456691552,50,0.013772733787603549,0.026994558223702954,mean_offered_booking_delay
5,14,9,5,0.3,5.001660243356822,0.030664569796721386,50,0.004336625049085977,0.008499785096208514,mean_offered_booking_delay
5,14,9,5,0.5,4.807427993708364,0.0181069580287625,50,0.0025607105617596326,0.0050189927010488794,mean_offered_booking_delay
5,14,9,5,0.7,4.713502159832186,0.014153596076283447,50,0.0020016207527430675,0.003923176675376412,mean_offered_booking_delay
5,14,9,9,0.3,6.729214076826192,0.0684924857748953,50,0.009686300230350322,0.01898514845148663,mean_offered_booking_delay
5,14,9,9,0.5,6.709860353084191,0.07786272783146118,50,0.011011452570261746,0.02158244703771302,mean_offered_booking_delay
5,14,9,9,0.7,6.702832686907234,0.06520274133588265,50,0.009221060110111005,0.01807327781581757,mean_offered_booking_delay
5,14,12,12,0.3,6.767767417212326,0.09738793456691552,50,0.013772733787603549,0.026994558223702954,mean_offered_booking_delay
5,14,12,12,0.5,6.767767417212326,0.09738793456691552,50,0.013772733787603549,0.026994558223702954,mean_offered_booking_delay
5,14,12,12,0.7,6.767767417212326,0.09738793456691552,50,0.013772733787603549,0.026994558223702954,mean_offered_booking_delay
7,2,5,9,0.3,4.72717549928018,0.02854873667055148,50,0.004037401058811202,0.007913306075269955,mean_offered_booking_delay
7,2,5,9,0.5,4.619763281969353,0.02508368785239337,50,0.003547369155518796,0.00695284354481684,mean_offered_booking_delay
7,2,5,9,0.7,4.5508713271970125,0.02224247899785689,50,0.003145561545956794,0.006165300630075316,mean_offered_booking_delay
7,2,5,12,0.3,4.72717549928018,0.02854873667055148,50,0.004037401058811202,0.007913306075269955,mean_offered_booking_delay
7,2,5,12,0.5,4.619763281969353,0.02508368785239337,50,0.003547369155518796,0.00695284354481684,mean_offered_booking_delay
7,2,5,12,0.7,4.5508713271970125,0.02224247899785689,50,0.003145561545956794,0.006165300630075316,mean_offered_booking_delay
7,2,9,5,0.3,4.929027084604822,0.02111564997941039,50,0.002986203857920534,0.005852959561524246,mean_offered_booking_delay
7,2,9,5,0.5,4.929027084604822,0.02111564997941039,50,0.002986203857920534,0.005852959561524246,mean_offered_booking_delay
7,2,9,5,0.7,4.929027084604822,0.02111564997941039,50,0.002986203857920534,0.005852959561524246,mean_offered_booking_delay
7,2,9,9,0.3,4.929027084604822,0.02111564997941039,50,0.002986203857920534,0.005852959561524246,mean_offered_booking_delay
7,2,9,9,0.5,4.929027084604822,0.02111564997941039,50,0.002986203857920534,0.005852959561524246,mean_offered_booking_delay
7,2,9,9,0.7,4.929027084604822,0.02111564997941039,50,0.002986203857920534,0.005852959561524246,mean_offered_booking_delay
7,2,12,12,0.3,4.929027084604822,0.02111564997941039,50,0.002986203857920534,0.005852959561524246,mean_offered_booking_delay
7,2,12,12,0.5,4.929027084604822,0.02111564997941039,50,0.002986203857920534,0.005852959561524246,mean_offered_booking_delay
7,2,12,12,0.7,4.929027084604822,0.02111564997941039,50,0.002986203857920534,0.005852959561524246,mean_offered_booking_delay
7,5,5,9,0.3,4.976264926798995,0.018332004146714435,50,0.002592536888976337,0.00508137230239362,mean_offered_booking_delay
7,5,5,9,0.5,4.80581523167615,0.01701759945078135,50,0.002406651994232792,0.004717037908696272,mean_offered_booking_delay
7,5,5,9,0.7,4.712748911606997,0.02026960320052535,50,0.0028665547750104043,0.005618447359020392,mean_offered_booking_delay
7,5,5,12,0.3,4.976264926798995,0.018332004146714435,50,0.002592536888976337,0.00508137230239362,mean_offered_booking_delay
7,5,5,12,0.5,4.80581523167615,0.01701759945078135,50,0.002406651994232792,0.004717037908696272,mean_offered_booking_delay
7,5,5,12,0.7,4.712748911606997,0.02026960320052535,50,0.0028665547750104043,0.005618447359020392,mean_offered_booking_delay
7,5,9,5,0.3,4.990396325385292,0.01340923023297803,50,0.0018963515256460867,0.00371684899026633,mean_offered_booking_delay
7,5,9,5,0.5,4.990396325385292,0.01340923023297803,50,0.0018963515256460867,0.00371684899026633,mean_offered_booking_delay
7,5,9,5,0.7,4.990396325385292,0.01340923023297803,50,0.0018963515256460867,0.00371684899026633,mean_offered_booking_delay
7,5,9,9,0.3,4.990396325385292,0.01340923023297803,50,0.0018963515256460867,0.00371684899026633,mean_offered_booking_delay
7,5,9,9,0.5,4.990396325385292,0.01340923023297803,50,0.0018963515256460867,0.00371684899026633,mean_offered_booking_delay
7,5,9,9,0.7,4.990396325385292,0.01340923023297803,50,0.0018963515256460867,0.00371684899026633,mean_offered_booking_delay
7,5,12,12,0.3,4.990396325385292,0.01340923023297803,50,0.0018963515256460867,0.00371684899026633,mean_offered_booking_delay
7,5,12,12,0.5,4.990396325385292,0.01340923023297803,50,0.0018963515256460867,0.00371684899026633,mean_offered_booking_delay
7,5,12,12,0.7,4.990396325385292,0.01340923023297803,50,0.0018963515256460867,0.00371684899026633,mean_offered_booking_delay
7,7,5,9,0.3,5.106838391144932,0.009727879533804483,50,0.001375729916983796,0.00269643063728824,mean_offered_booking_delay
7,7,5,9,0.5,5.182829893308573,0.011477636839023251,50,0.001623182968173974,0.003181438617620989,mean_offered_booking_delay
7,7,5,9,0.7,5.2655704749060614,0.00824979010383859,50,0.0011666965051579878,0.002286725150109656,mean_offered_booking_delay
7,7,5,12,0.3,5.106838391144932,0.009727879533804483,50,0.001375729916983796,0.00269643063728824,mean_offered_booking_delay
7,7,5,12,0.5,5.182829893308573,0.011477636839023251,50,0.001623182968173974,0.003181438617620989,mean_offered_booking_delay
7,7,5,12,0.7,5.2655704749060614,0.00824979010383859,50,0.0011666965051579878,0.002286725150109656,mean_offered_booking_delay
7,7,9,5,0.3,5.106118892871089,0.010609596416180856,50,0.001500423514306795,0.002940830088041318,mean_offered_booking_delay
7,7,9,5,0.5,5.1830813657747035,0.010930180283004408,50,0.0015457609195407827,0.003029691402299934,mean_offered_booking_delay
7,7,9,5,0.7,5.265917885040714,0.010362946721744912,50,0.0014655419800041459,0.002872462280808126,mean_offered_booking_delay
7,7,9,9,0.3,5.001696390104664,0.011203307341585934,50,0.0015843869185904892,0.003105398360437359,mean_offered_booking_delay
7,7,9,9,0.5,5.001696390104664,0.011203307341585934,50,0.0015843869185904892,0.003105398360437359,mean_offered_booking_delay
7,7,9,9,0.7,5.001696390104664,0.011203307341585934,50,0.0015843869185904892,0.003105398360437359,mean_offered_booking_delay
7,7,12,12,0.3,5.001696390104664,0.011203307341585934,50,0.0015843869185904892,0.003105398360437359,mean_offered_booking_delay
7,7,12,12,0.5,5.001696390104664,0.011203307341585934,50,0.0015843869185904892,0.003105398360437359,mean_offered_booking_delay
7,7,12,12,0.7,5.001696390104664,0.011203307341585934,50,0.0015843869185904892,0.003105398360437359,mean_offered_booking_delay
7,10,5,9,0.3,6.882183740068569,0.024594344381532532,50,0.0034781655382037837,0.006817204454879416,mean_offered_booking_delay
7,10,5,9,0.5,6.870020548000403,0.02477513003081319,50,0.003503732489913297,0.006867315680230062,mean_offered_booking_delay
7,10,5,9,0.7,6.83173272470966,0.028566277153250594,50,0.004039881657663568,0.007918168049020593,mean_offered_booking_delay
7,10,5,12,0.3,6.882183740068569,0.024594344381532532,50,0.0034781655382037837,0.006817204454879416,mean_offered_booking_delay
7,10,5,12,0.5,6.870020548000403,0.02477513003081319,50,0.003503732489913297,0.006867315680230062,mean_offered_booking_delay
7,10,5,12,0.7,6.83173272470966,0.028566277153250594,50,0.004039881657663568,0.007918168049020593,mean_offered_booking_delay
7,10,9,5,0.3,5.84458512011119,0.01942517362610244,50,0.0027471343993486223,0.0053843834227232995,mean_offered_booking_delay
7,10,9,5,0.5,5.740211961796288,0.0120127002864302,50,0.0016988523665792752,0.003329750638495379,mean_offered_booking_delay
7,10,9,5,0.7,5.6685521687461,0.012653119823992207,50,0.0017894213661421648,0.003507265877638643,mean_offered_booking_delay
7,10,9,9,0.3,6.9049269036453405,0.022224768615018257,50,0.003143056919596273,0.006160391562408695,mean_offered_booking_delay
7,10,9,9,0.5,6.9049269036453405,0.022224768615018257,50,0.003143056919596273,0.006160391562408695,mean_offered_booking_delay
7,10,9,9,0.7,6.9049269036453405,0.022224768615018257,50,0.003143056919596273,0.006160391562408695,mean_offered_booking_delay
7,10,12,12,0.3,6.9049269036453405,0.022224768615018257,50,0.003143056919596273,0.006160391562408695,mean_offered_booking_delay
7,10,12,12,0.5,6.9049269036453405,0.022224768615018257,50,0.003143056919596273,0.006160391562408695,mean_offered_booking_delay
7,10,12,12,0.7,6.9049269036453405,0.022224768615018257,50,0.003143056919596273,0.006160391562408695,mean_offered_booking_delay
7,14,5,9,0.3,7.0905127526732565,0.04221342325879237,50,0.005969879568678002,0.011700963954608885,mean_offered_booking_delay
7,14,5,9,0.5,7.027880101467303,0.04872633604750618,50,0.006890944528313227,0.013506251275493925,mean_offered_booking_delay
7,14,5,9,0.7,6.95225013030403,0.04864031438540917,50,0.00687877922819368,0.013482407287259612,mean_offered_booking_delay
7,14,5,12,0.3,7.345519645447585,0.09459193434991364,50,0.01337731964487533,0.026219546503955648,mean_offered_booking_delay
7,14,5,12,0.5,7.2794880671717115,0.07616733153920317,50,0.01077168732725091,0.021112507161411786,mean_offered_booking_delay
7,14,5,12,0.7,7.193159218777929,0.07266903913925044,50,0.010276954071534923,0.02014282998020845,mean_offered_booking_delay
7,14,9,5,0.3,5.84458512011119,0.01942517362610244,50,0.0027471343993486223,0.0053843834227232995,mean_offered_booking_delay
7,14,9,5,0.5,5.740211961796288,0.0120127002864302,50,0.0016988523665792752,0.003329750638495379,mean_offered_booking_delay
7,14,9,5,0.7,5.6685521687461,0.012653119823992207,50,0.0017894213661421648,0.003507265877638643,mean_offered_booking_delay
7,14,9,9,0.3,7.128054381572057,0.04824857303954887,50,0.006823378635767887,0.013373822126105057,mean_offered_booking_delay
7,14,9,9,0.5,7.083861826042701,0.03971138550998653,50,0.005616037996884936,0.011007434473894474,mean_offered_booking_delay
7,14,9,9,0.7,7.055757355208377,0.04022071080589566,50,0.005688067470998374,0.011148612243156813,mean_offered_booking_delay
7,14,12,12,0.3,7.403193684368747,0.08325465225838244,50,0.011773985835446027,0.02307701223747421,mean_offered_booking_delay
7,14,12,12,0.5,7.403193684368747,0.08325465225838244,50,0.011773985835446027,0.02307701223747421,mean_offered_booking_delay
7,14,12,12,0.7,7.403193684368747,0.08325465225838244,50,0.011773985835446027,0.02307701223747421,mean_offered_booking_delay
10,2,5,9,0.3,4.734414306612864,0.02836051104626505,50,0.004010781935746,0.00786113259406216,mean_offered_booking_delay
10,2,5,9,0.5,4.619763281969353,0.02508368785239337,50,0.003547369155518796,0.00695284354481684,mean_offered_booking_delay
10,2,5,9,0.7,4.5508713271970125,0.02224247899785689,50,0.003145561545956794,0.006165300630075316,mean_offered_booking_delay
10,2,5,12,0.3,4.734414306612864,0.02836051104626505,50,0.004010781935746,0.00786113259406216,mean_offered_booking_delay
10,2,5,12,0.5,4.619763281969353,0.02508368785239337,50,0.003547369155518796,0.00695284354481684,mean_offered_booking_delay
10,2,5,12,0.7,4.5508713271970125,0.02224247899785689,50,0.003145561545956794,0.006165300630075316,mean_offered_booking_delay
10,2,9,5,0.3,5.780932566530754,0.08946581214702991,50,0.012652376490705329,0.024798657921782444,mean_offered_booking_delay
10,2,9,5,0.5,5.780932566530754,0.08946581214702991,50,0.012652376490705329,0.024798657921782444,mean_offered_booking_delay
10,2,9,5,0.7,5.780932566530754,0.08946581214702991,50,0.012652376490705329,0.024798657921782444,mean_offered_booking_delay
10,2,9,9,0.3,5.780932566530754,0.08946581214702991,50,0.012652376490705329,0.024798657921782444,mean_offered_booking_delay
10,2,9,9,0.5,5.780932566530754,0.08946581214702991,50,0.012652376490705329,0.024798657921782444,mean_offered_booking_delay
10,2,9,9,0.7,5.780932566530754,0.08946581214702991,50,0.012652376490705329,0.024798657921782444,mean_offered_booking_delay
10,2,12,12,0.3,5.780932566530754,0.08946581214702991,50,0.012652376490705329,0.024798657921782444,mean_offered_booking_delay
10,2,12,12,0.5,5.780932566530754,0.08946581214702991,50,0.012652376490705329,0.024798657921782444,mean_offered_booking_delay
10,2,12,12,0.7,5.780932566530754,0.08946581214702991,50,0.012652376490705329,0.024798657921782444,mean_offered_booking_delay
10,5,5,9,0.3,5.0003146258610345,0.02535454698773238,50,0.0035856744217877034,0.007027921866703898,mean_offered_booking_delay
10,5,5,9,0.5,4.805790281413525,0.01703835308445151,50,0.0024095870012532782,0.0047227905224564255,mean_offered_booking_delay
10,5,5,9,0.7,4.712748911606997,0.02026960320052535,50,0.0028665547750104043,0.005618447359020392,mean_offered_booking_delay
10,5,5,12,0.3,5.0003146258610345,0.02535454698773238,50,0.0035856744217877034,0.007027921866703898,mean_offered_booking_delay
10,5,5,12,0.5,4.805790281413525,0.01703835308445151,50,0.0024095870012532782,0.0047227905224564255,mean_offered_booking_delay
10,5,5,12,0.7,4.712748911606997,0.02026960320052535,50,0.0028665547750104043,0.005618447359020392,mean_offered_booking_delay
10,5,9,5,0.3,6.648328833288997,0.0611469419118706,50,0.008647483454940723,0.016949067571683817,mean_offered_booking_delay
10,5,9,5,0.5,6.648328833288997,0.0611469419118706,50,0.008647483454940723,0.016949067571683817,mean_offered_booking_delay
10,5,9,5,0.7,6.648328833288997,0.0611469419118706,50,0.008647483454940723,0.016949067571683817,mean_offered_booking_delay
10,5,9,9,0.3,6.648328833288997,0.0611469419118706,50,0.008647483454940723,0.016949067571683817,mean_offered_booking_delay
10,5,9,9,0.5,6.648328833288997,0.0611469419118706,50,0.008647483454940723,0.016949067571683817,mean_offered_booking_delay
10,5,9,9,0.7,6.648328833288997,0.0611469419118706,50,0.008647483454940723,0.016949067571683817,mean_offered_booking_delay
10,5,12,12,0.3,6.648328833288997,0.0611469419118706,50,0.008647483454940723,0.016949067571683817,mean_offered_booking_delay
10,5,12,12,0.5,6.648328833288997,0.0611469419118706,50,0.008647483454940723,0.016949067571683817,mean_offered_booking_delay
10,5,12,12,0.7,6.648328833288997,0.0611469419118706,50,0.008647483454940723,0.016949067571683817,mean_offered_booking_delay
10,7,5,9,0.3,5.846496738557699,0.019595301014997842,50,0.002771194045419322,0.005431540329021872,mean_offered_booking_delay
10,7,5,9,0.5,5.740109504523619,0.014882610691186383,50,0.0021047189882994603,0.004125249217066942,mean_offered_booking_delay
10,7,5,9,0.7,5.670232018940827,0.012120717805336526,50,0.0017141283506003971,0.0033596915671767784,mean_offered_booking_delay
10,7,5,12,0.3,5.846496738557699,0.019595301014997842,50,0.002771194045419322,0.005431540329021872,mean_offered_booking_delay
10,7,5,12,0.5,5.740109504523619,0.014882610691186383,50,0.0021047189882994603,0.004125249217066942,mean_offered_booking_delay
10,7,5,12,0.7,5.670232018940827,0.012120717805336526,50,0.0017141283506003971,0.0033596915671767784,mean_offered_booking_delay
10,7,9,5,0.3,6.874594199490311,0.022967432606578443,50,0.0032480854685113278,0.006366247518282202,mean_offered_booking_delay
10,7,9,5,0.5,6.858156871464705,0.030194296467698972,50,0.004270118357093392,0.008369431979903048,mean_offered_booking_delay
10,7,9,5,0.7,6.836130503649603,0.03434864818607638,50,0.0048576324113931224,0.00952095952633052,mean_offered_booking_delay
10,7,9,9,0.3,6.901127716145961,0.02808439075671726,50,0.003971732629913513,0.007784595954630486,mean_offered_booking_delay
10,7,9,9,0.5,6.901127716145961,0.02808439075671726,50,0.003971732629913513,0.007784595954630486,mean_offered_booking_delay
10,7,9,9,0.7,6.901127716145961,0.02808439075671726,50,0.003971732629913513,0.007784595954630486,mean_offered_booking_delay
10,7,12,12,0.3,6.901127716145961,0.02808439075671726,50,0.003971732629913513,0.007784595954630486,mean_offered_booking_delay
10,7,12,12,0.5,6.901127716145961,0.02808439075671726,50,0.003971732629913513,0.007784595954630486,mean_offered_booking_delay
10,7,12,12,0.7,6.901127716145961,0.02808439075671726,50,0.003971732629913513,0.007784595954630486,mean_offered_booking_delay
10,10,5,9,0.3,7.173326744255577,0.015613643824562018,50,0.0022081026854758527,0.004327881263532671,mean_offered_booking_delay
10,10,5,9,0.5,7.292761117852579,0.01565351175908195,50,0.0022137408628460416,0.004338932091178241,mean_offered_booking_delay
10,10,5,9,0.7,7.423230297487948,0.012746152489656964,50,0.0018025781718948469,0.0035330532169139,mean_offered_booking_delay
10,10,5,12,0.3,7.173326744255577,0.015613643824562018,50,0.0022081026854758527,0.004327881263532671,mean_offered_booking_delay
10,10,5,12,0.5,7.292761117852579,0.01565351175908195,50,0.0022137408628460416,0.004338932091178241,mean_offered_booking_delay
10,10,5,12,0.7,7.423230297487948,0.012746152489656964,50,0.0018025781718948469,0.0035330532169139,mean_offered_booking_delay
10,10,9,5,0.3,7.175170645943841,0.013436315489666171,50,0.0019001819593809591,0.0037243566403866797,mean_offered_booking_delay
10,10,9,5,0.5,7.299106915147155,0.014103732675989035,50,0.001994569003046828,0.003909355245971783,mean_offered_booking_delay
10,10,9,5,0.7,7.425742635233697,0.015571328639011695,50,0.0022021184145458927,0.0043161520925099495,mean_offered_booking_delay
10,10,9,9,0.3,7.001342515877788,0.01644425768043663,50,0.0023255692234831417,0.004558115678026957,mean_offered_booking_delay
10,10,9,9,0.5,7.001342515877788,0.01644425768043663,50,0.0023255692234831417,0.004558115678026957,mean_offered_booking_delay
10,10,9,9,0.7,7.001342515877788,0.01644425768043663,50,0.0023255692234831417,0.004558115678026957,mean_offered_booking_delay
10,10,12,12,0.3,7.001342515877788,0.01644425768043663,50,0.0023255692234831417,0.004558115678026957,mean_offered_booking_delay
10,10,12,12,0.5,7.001342515877788,0.01644425768043663,50,0.0023255692234831417,0.004558115678026957,mean_offered_booking_delay
10,10,12,12,0.7,7.001342515877788,0.01644425768043663,50,0.0023255692234831417,0.004558115678026957,mean_offered_booking_delay
10,14,5,9,0.3,7.7424082243516645,0.017763454726291976,50,0.0025121318588522566,0.0049237784433504225,mean_offered_booking_delay
10,14,5,9,0.5,7.725439318682012,0.015581698625747232,50,0.002203584952134195,0.004319026506183022,mean_offered_booking_delay
10,14,5,9,0.7,7.713947405416714,0.019513599898371516,50,0.0027596397626999244,0.005408893934891852,mean_offered_booking_delay
10,14,5,12,0.3,8.102262850374276,0.06870505022879203,50,0.00971636138370824,0.01904406831206815,mean_offered_booking_delay
10,14,5,12,0.5,7.946292227438995,0.0776018443319851,50,0.010974558071945901,0.021510133821013966,mean_offered_booking_delay
10,14,5,12,0.7,7.77409398897325,0.04928920030397403,50,0.006970545554840415,0.013662269287487212,mean_offered_booking_delay
10,14,9,5,0.3,7.746396567969534,0.018905696803147277,50,0.0026736692825124544,0.0052403917937244105,mean_offered_booking_delay
10,14,9,5,0.5,7.727390804492281,0.01753212955495661,50,0.002479417539390181,0.0048596583772047555,mean_offered_booking_delay
10,14,9,5,0.7,7.706743111072925,0.020394431981219308,50,0.0028842082304735934,0.005653048131728243,mean_offered_booking_delay
10,14,9,9,0.3,7.782893379576593,0.02121015845437724,50,0.0029995693746262654,0.0058791559742674806,mean_offered_booking_delay
10,14,9,9,0.5,7.7931437914000705,0.02192211211960958,50,0.0031002548275415463,0.0060764994619814305,mean_offered_booking_delay
10,14,9,9,0.7,7.797344678883139,0.022769565003764043,50,0.0032201027637658902,0.006311401416981144,mean_offered_booking_delay
10,14,12,12,0.3,8.318647076304428,0.08667151612460523,50,0.012257203357485511,0.0240241185806716,mean_offered_booking_delay
10,14,12,12,0.5,8.311509848640325,0.07288235030426501,50,0.010307120825791846,0.020201956818552018,mean_offered_booking_delay
10,14,12,12,0.7,8.323613878962108,0.06727689983860385,50,0.009514390418616986,0.01864820522048929,mean_offered_booking_delay
14,2,5,9,0.3,4.734414306612864,0.02836051104626505,50,0.004010781935746,0.00786113259406216,mean_offered_booking_delay
14,2,5,9,0.5,4.619763281969353,0.02508368785239337,50,0.003547369155518796,0.00695284354481684,mean_offered_booking_delay
14,2,5,9,0.7,4.5508713271970125,0.02224247899785689,50,0.003145561545956794,0.006165300630075316,mean_offered_booking_delay
14,2,5,12,0.3,4.734414306612864,0.02836051104626505,50,0.004010781935746,0.00786113259406216,mean_offered_booking_delay
14,2,5,12,0.5,4.619763281969353,0.02508368785239337,50,0.003547369155518796,0.00695284354481684,mean_offered_booking_delay
14,2,5,12,0.7,4.5508713271970125,0.02224247899785689,50,0.003145561545956794,0.006165300630075316,mean_offered_booking_delay
14,2,9,5,0.3,5.78359242978526,0.08948089424606359,50,0.012654509421605576,0.02480283846634693,mean_offered_booking_delay
14,2,9,5,0.5,5.787026035200179,0.09323634110266132,50,0.013185609809342769,0.025843795226311826,mean_offered_booking_delay
14,2,9,5,0.7,5.780737213276946,0.08684331555497993,50,0.012281499465929898,0.0240717389532226,mean_offered_booking_delay
14,2,9,9,0.3,5.78359242978526,0.08948089424606359,50,0.012654509421605576,0.02480283846634693,mean_offered_booking_delay
14,2,9,9,0.5,5.787026035200179,0.09323634110266132,50,0.013185609809342769,0.025843795226311826,mean_offered_booking_delay
14,2,9,9,0.7,5.780737213276946,0.08684331555497993,50,0.012281499465929898,0.0240717389532226,mean_offered_booking_delay
14,2,12,12,0.3,5.785624668129747,0.09490390101004727,50,0.013421438393052251,0.026306019250382413,mean_offered_booking_delay
14,2,12,12,0.5,5.785624668129747,0.09490390101004727,50,0.013421438393052251,0.026306019250382413,mean_offered_booking_delay
14,2,12,12,0.7,5.785624668129747,0.09490390101004727,50,0.013421438393052251,0.026306019250382413,mean_offered_booking_delay
14,5,5,9,0.3,5.0003146258610345,0.02535454698773238,50,0.0035856744217877034,0.007027921866703898,mean_offered_booking_delay
14,5,5,9,0.5,4.805790281413525,0.01703835308445151,50,0.0024095870012532782,0.0047227905224564255,mean_offered_booking_delay
14,5,5,9,0.7,4.712748911606997,0.02026960320052535,50,0.0028665547750104043,0.005618447359020392,mean_offered_booking_delay
14,5,5,12,0.3,5.0003146258610345,0.02535454698773238,50,0.0035856744217877034,0.007027921866703898,mean_offered_booking_delay
14,5,5,12,0.5,4.805790281413525,0.01703835308445151,50,0.0024095870012532782,0.0047227905224564255,mean_offered_booking_delay
14,5,5,12,0.7,4.712748911606997,0.02026960320052535,50,0.0028665547750104043,0.005618447359020392,mean_offered_booking_delay
14,5,9,5,0.3,6.731003677932903,0.06302624440264115,50,0.008913256961965647,0.01746998364545267,mean_offered_booking_delay
14,5,9,5,0.5,6.715499489802508,0.0646336368811658,50,0.009140576586284255,0.017915530109117138,mean_offered_booking_delay
14,5,9,5,0.7,6.690651916209097,0.06603527219035157,50,0.009338797752659406,0.018304043595212437,mean_offered_booking_delay
14,5,9,9,0.3,6.731003677932903,0.06302624440264115,50,0.008913256961965647,0.01746998364545267,mean_offered_booking_delay
14,5,9,9,0.5,6.715499489802508,0.0646336368811658,50,0.009140576586284255,0.017915530109117138,mean_offered_booking_delay
14,5,9,9,0.7,6.690651916209097,0.06603527219035157,50,0.009338797752659406,0.018304043595212437,mean_offered_booking_delay
14,5,12,12,0.3,6.768489968494776,0.0858766153498811,50,0.012144787411849937,0.023803783327225877,mean_offered_booking_delay
14,5,12,12,0.5,6.768489968494776,0.0858766153498811,50,0.012144787411849937,0.023803783327225877,mean_offered_booking_delay
14,5,12,12,0.7,6.768489968494776,0.0858766153498811,50,0.012144787411849937,0.023803783327225877,mean_offered_booking_delay
14,7,5,9,0.3,5.846496738557699,0.019595301014997842,50,0.002771194045419322,0.005431540329021872,mean_offered_booking_delay
14,7,5,9,0.5,5.740109504523619,0.014882610691186383,50,0.0021047189882994603,0.004125249217066942,mean_offered_booking_delay
14,7,5,9,0.7,5.670232018940827,0.012120717805336526,50,0.0017141283506003971,0.0033596915671767784,mean_offered_booking_delay
14,7,5,12,0.3,5.846496738557699,0.019595301014997842,50,0.002771194045419322,0.005431540329021872,mean_offered_booking_delay
14,7,5,12,0.5,5.740109504523619,0.014882610691186383,50,0.0021047189882994603,0.004125249217066942,mean_offered_booking_delay
14,7,5,12,0.7,5.670232018940827,0.012120717805336526,50,0.0017141283506003971,0.0033596915671767784,mean_offered_booking_delay
14,7,9,5,0.3,7.088179617904455,0.04540613457839635,50,0.006421397133570607,0.01258593838179839,mean_offered_booking_delay
14,7,9,5,0.5,7.0054077388591125,0.054407363504867245,50,0.007694363136154622,0.01508095174686306,mean_offered_booking_delay
14,7,9,5,0.7,6.952025458473137,0.04163681590817631,50,0.005888334975137478,0.011541136551269456,mean_offered_booking_delay
14,7,9,9,0.3,7.120697638796752,0.05379717959856695,50,0.0076080701005714554,0.014911817397120053,mean_offered_booking_delay
14,7,9,9,0.5,7.085696315741234,0.04438667781561278,50,0.006277224175552458,0.012303359384082817,mean_offered_booking_delay
14,7,9,9,0.7,7.05802482285382,0.031734223104851994,50,0.004487896870625532,0.008796277866426042,mean_offered_booking_delay
14,7,12,12,0.3,7.404405556566143,0.07949480346500892,50,0.011242262919839933,0.02203483532288627,mean_offered_booking_delay
14,7,12,12,0.5,7.404405556566143,0.07949480346500892,50,0.011242262919839933,0.02203483532288627,mean_offered_booking_delay
14,7,12,12,0.7,7.404405556566143,0.07949480346500892,50,0.011242262919839933,0.02203483532288627,mean_offered_booking_delay
14,10,5,9,0.3,7.7452664985659,0.019659990845224,50,0.002780342568944667,0.005449471435131547,mean_offered_booking_delay
14,10,5,9,0.5,7.7263020161484635,0.020266572680641318,50,0.0028661261947783003,0.0056176073417654685,mean_offered_booking_delay
14,10,5,9,0.7,7.707311275464385,0.016782386327350334,50,0.002373387835312364,0.004651840157212233,mean_offered_booking_delay
14,10,5,12,0.3,7.7452664985659,0.019659990845224,50,0.002780342568944667,0.005449471435131547,mean_offered_booking_delay
14,10,5,12,0.5,7.7263020161484635,0.020266572680641318,50,0.0028661261947783003,0.0056176073417654685,mean_offered_booking_delay
14,10,5,12,0.7,7.707311275464385,0.016782386327350334,50,0.002373387835312364,0.004651840157212233,mean_offered_booking_delay
14,10,9,5,0.3,7.744664103327887,0.018817286303385694,50,0.002661166149730553,0.005215885653471884,mean_offered_booking_delay
14,10,9,5,0.5,7.7303684591914,0.01952264494233934,50,0.0027609189250850804,0.005411401093166758,mean_offered_booking_delay
14,10,9,5,0.7,7.707883496973102,0.019283394717132776,50,0.002727083833756286,0.005345084314162321,mean_offered_booking_delay
14,10,9,9,0.3,7.785459223763503,0.02347401258607268,50,0.003319726696254071,0.006506664324657979,mean_offered_booking_delay
14,10,9,9,0.5,7.790812002880286,0.016536100869927416,50,0.0023385578119020888,0.004583573311328094,mean_offered_booking_delay
14,10,9,9,0.7,7.797264103266124,0.02205865879923723,50,0.00311956544416419,0.006114348270561813,mean_offered_booking_delay
14,10,12,12,0.3,8.33174656250935,0.09291826298908207,50,0.013140626771130986,0.02575562847141673,mean_offered_booking_delay
14,10,12,12,0.5,8.329124412657922,0.076239443681921,50,0.010781885524275244,0.02113249562757948,mean_offered_booking_delay
14,10,12,12,0.7,8.323081322269912,0.07804263517026466,50,0.011036895310112378,0.021632314807820262,mean_offered_booking_delay
14,14,5,9,0.3,9.970977539526837,0.02227719739534529,50,0.0031504714688159897,0.00617492407887934,mean_offered_booking_delay
14,14,5,9,0.5,8.81799957929883,0.07728107051047238,50,0.010929193803062148,0.02142121985400181,mean_offered_booking_delay
14,14,5,9,0.7,8.086687638327795,0.025026007340861425,50,0.0035392118993494864,0.006936855322724993,mean_offered_booking_delay
14,14,5,12,0.3,9.960718290820285,0.017677217722573624,50,0.0024999361048285654,0.0048998747654639884,mean_offered_booking_delay
14,14,5,12,0.5,10.030609145435136,0.03247526242961346,50,0.004592695656958479,0.009001683487638619,mean_offered_booking_delay
14,14,5,12,0.7,9.575571521508667,0.05770442708422549,50,0.008160638339148103,0.01599485114473028,mean_offered_booking_delay
14,14,9,5,0.3,9.975438632319399,0.022312836351933162,50,0.003155511578391529,0.006184802693647396,mean_offered_booking_delay
14,14,9,5,0.5,8.797927635509424,0.07385790177658472,50,0.010445084638086601,0.020472365890649737,mean_offered_booking_delay
14,14,9,5,0.7,8.084151184796,0.022867084917041983,50,0.003233894162161801,0.00633843255783713,mean_offered_booking_delay
14,14,9,9,0.3,10.05531122653971,0.020756592884849843,50,0.0029354255166411532,0.00575343401261666,mean_offered_booking_delay
14,14,9,9,0.5,9.314489578707112,0.09193917994020254,50,0.013002163518489483,0.025484240496239385,mean_offered_booking_delay
14,14,9,9,0.7,8.426820583447054,0.022643457913638802,50,0.003202268528049238,0.0062764463149765064,mean_offered_booking_delay
14,14,12,12,0.3,10.016791780765715,0.021151255745477937,50,0.0029912392736476745,0.005862828976349442,mean_offered_booking_delay
14,14,12,12,0.5,10.381519749810503,0.027349948173659995,50,0.0038678667637391225,0.00758101885692868,mean_offered_booking_delay
14,14,12,12,0.7,10.334139471724988,0.028561381133884026,50,0.004039189255964583,0.007916810941690583,mean_offered_booking_delay
2,2,5,9,0.3,1.0,0.0,50,0.0,0.0,mean_accepted_booking_delay
2,2,5,9,0.5,1.0,0.0,50,0.0,0.0,mean_accepted_booking_delay
2,2,5,9,0.7,1.0,0.0,50,0.0,0.0,mean_accepted_booking_delay
2,2,5,12,0.3,1.0,0.0,50,0.0,0.0,mean_accepted_booking_delay
2,2,5,12,0.5,1.0,0.0,50,0.0,0.0,mean_accepted_booking_delay
2,2,5,12,0.7,1.0,0.0,50,0.0,0.0,mean_accepted_booking_delay
2,2,9,5,0.3,1.0,0.0,50,0.0,0.0,mean_accepted_booking_delay
2,2,9,5,0.5,1.0,0.0,50,0.0,0.0,mean_accepted_booking_delay
2,2,9,5,0.7,1.0,0.0,50,0.0,0.0,mean_accepted_booking_delay
2,2,9,9,0.3,1.0,0.0,50,0.0,0.0,mean_accepted_booking_delay
2,2,9,9,0.5,1.0,0.0,50,0.0,0.0,mean_accepted_booking_delay
2,2,9,9,0.7,1.0,0.0,50,0.0,0.0,mean_accepted_booking_delay
2,2,12,12,0.3,1.0,0.0,50,0.0,0.0,mean_accepted_booking_delay
2,2,12,12,0.5,1.0,0.0,50,0.0,0.0,mean_accepted_booking_delay
2,2,12,12,0.7,1.0,0.0,50,0.0,0.0,mean_accepted_booking_delay
2,5,5,9,0.3,3.532222078858347,0.006608385630587392,50,0.0009345668584168168,0.0018317510424969608,mean_accepted_booking_delay
2,5,5,9,0.5,3.532222078858347,0.006608385630587392,50,0.0009345668584168168,0.0018317510424969608,mean_accepted_booking_delay
2,5,5,9,0.7,3.532222078858347,0.006608385630587392,50,0.0009345668584168168,0.0018317510424969608,mean_accepted_booking_delay
2,5,5,12,0.3,3.532222078858347,0.006608385630587392,50,0.0009345668584168168,0.0018317510424969608,mean_accepted_booking_delay
2,5,5,12,0.5,3.532222078858347,0.006608385630587392,50,0.0009345668584168168,0.0018317510424969608,mean_accepted_booking_delay
2,5,5,12,0.7,3.532222078858347,0.006608385630587392,50,0.0009345668584168168,0.0018317510424969608,mean_accepted_booking_delay
2,5,9,5,0.3,3.532222078858347,0.006608385630587392,50,0.0009345668584168168,0.0018317510424969608,mean_accepted_booking_delay
2,5,9,5,0.5,3.532222078858347,0.006608385630587392,50,0.0009345668584168168,0.0018317510424969608,mean_accepted_booking_delay
2,5,9,5,0.7,3.532222078858347,0.006608385630587392,50,0.0009345668584168168,0.0018317510424969608,mean_accepted_booking_delay
2,5,9,9,0.3,3.532222078858347,0.006608385630587392,50,0.0009345668584168168,0.0018317510424969608,mean_accepted_booking_delay
2,5,9,9,0.5,3.532222078858347,0.006608385630587392,50,0.0009345668584168168,0.0018317510424969608,mean_accepted_booking_delay
2,5,9,9,0.7,3.532222078858347,0.006608385630587392,50,0.0009345668584168168,0.0018317510424969608,mean_accepted_booking_delay
2,5,12,12,0.3,3.532222078858347,0.006608385630587392,50,0.0009345668584168168,0.0018317510424969608,mean_accepted_booking_delay
2,5,12,12,0.5,3.532222078858347,0.006608385630587392,50,0.0009345668584168168,0.0018317510424969608,mean_accepted_booking_delay
2,5,12,12,0.7,3.532222078858347,0.006608385630587392,50,0.0009345668584168168,0.0018317510424969608,mean_accepted_booking_delay
2,7,5,9,0.3,4.932312597883072,0.019046071147340075,50,0.002693521212649123,0.005279301576792281,mean_accepted_booking_delay
2,7,5,9,0.5,4.932312597883072,0.019046071147340075,50,0.002693521212649123,0.005279301576792281,mean_accepted_booking_delay
2,7,5,9,0.7,4.932312597883072,0.019046071147340075,50,0.002693521212649123,0.005279301576792281,mean_accepted_booking_delay
2,7,5,12,0.3,4.932312597883072,0.019046071147340075,50,0.002693521212649123,0.005279301576792281,mean_accepted_booking_delay
2,7,5,12,0.5,4.932312597883072,0.019046071147340075,50,0.002693521212649123,0.005279301576792281,mean_accepted_booking_delay
2,7,5,12,0.7,4.932312597883072,0.019046071147340075,50,0.002693521212649123,0.005279301576792281,mean_accepted_booking_delay
2,7,9,5,0.3,4.583449171659089,0.021718578189217564,50,0.0030714707830651975,0.006020082734807787,mean_accepted_booking_delay
2,7,9,5,0.5,4.422182008374228,0.016626960580543425,50,0.0023514073154047343,0.004608758338193279,mean_accepted_booking_delay
2,7,9,5,0.7,4.340805243992487,0.012743529198286717,50,0.001802207182471461,0.0035323260776440636,mean_accepted_booking_delay
2,7,9,9,0.3,4.932312597883072,0.019046071147340075,50,0.002693521212649123,0.005279301576792281,mean_accepted_booking_delay
2,7,9,9,0.5,4.932312597883072,0.019046071147340075,50,0.002693521212649123,0.005279301576792281,mean_accepted_booking_delay
2,7,9,9,0.7,4.932312597883072,0.019046071147340075,50,0.002693521212649123,0.005279301576792281,mean_accepted_booking_delay
2,7,12,12,0.3,4.932312597883072,0.019046071147340075,50,0.002693521212649123,0.005279301576792281,mean_accepted_booking_delay
2,7,12,12,0.5,4.932312597883072,0.019046071147340075,50,0.002693521212649123,0.005279301576792281,mean_accepted_booking_delay
2,7,12,12,0.7,4.932312597883072,0.019046071147340075,50,0.002693521212649123,0.005279301576792281,mean_accepted_booking_delay
2,10,5,9,0.3,5.765693548758342,0.09816199611693383,50,0.013882202621818291,0.02720911713876385,mean_accepted_booking_delay
2,10,5,9,0.5,5.765693548758342,0.09816199611693383,50,0.013882202621818291,0.02720911713876385,mean_accepted_booking_delay
2,10,5,9,0.7,5.765693548758342,0.09816199611693383,50,0.013882202621818291,0.02720911713876385,mean_accepted_booking_delay
2,10,5,12,0.3,5.765693548758342,0.09816199611693383,50,0.013882202621818291,0.02720911713876385,mean_accepted_booking_delay
2,10,5,12,0.5,5.765693548758342,0.09816199611693383,50,0.013882202621818291,0.02720911713876385,mean_accepted_booking_delay
2,10,5,12,0.7,5.765693548758342,0.09816199611693383,50,0.013882202621818291,0.02720911713876385,mean_accepted_booking_delay
2,10,9,5,0.3,4.5854921155102035,0.023047730130165707,50,0.003259441253199536,0.00638850485627109,mean_accepted_booking_delay
2,10,9,5,0.5,4.422182008374228,0.016626960580543425,50,0.0023514073154047343,0.004608758338193279,mean_accepted_booking_delay
2,10,9,5,0.7,4.340805243992487,0.012743529198286717,50,0.001802207182471461,0.0035323260776440636,mean_accepted_booking_delay
2,10,9,9,0.3,5.765693548758342,0.09816199611693383,50,0.013882202621818291,0.02720911713876385,mean_accepted_booking_delay
2,10,9,9,0.5,5.765693548758342,0.09816199611693383,50,0.013882202621818291,0.02720911713876385,mean_accepted_booking_delay
2,10,9,9,0.7,5.765693548758342,0.09816199611693383,50,0.013882202621818291,0.02720911713876385,mean_accepted_booking_delay
2,10,12,12,0.3,5.765693548758342,0.09816199611693383,50,0.013882202621818291,0.02720911713876385,mean_accepted_booking_delay
2,10,12,12,0.5,5.765693548758342,0.09816199611693383,50,0.013882202621818291,0.02720911713876385,mean_accepted_booking_delay
2,10,12,12,0.7,5.765693548758342,0.09816199611693383,50,0.013882202621818291,0.02720911713876385,mean_accepted_booking_delay
2,14,5,9,0.3,5.7621159284697425,0.09662388440049674,50,0.013664680776835261,0.02678277432259711,mean_accepted_booking_delay
2,14,5,9,0.5,5.763617383927849,0.09489434761567152,50,0.013420087339062962,0.026303371184563405,mean_accepted_booking_delay
2,14,5,9,0.7,5.766513159521312,0.0977744035690603,50,0.01382738875803054,0.02710168196573986,mean_accepted_booking_delay
2,14,5,12,0.3,5.767076183593264,0.09601402658407668,50,0.013578433857325212,0.026613730360357416,mean_accepted_booking_delay
2,14,5,12,0.5,5.767076183593264,0.09601402658407668,50,0.013578433857325212,0.026613730360357416,mean_accepted_booking_delay
2,14,5,12,0.7,5.767076183593264,0.09601402658407668,50,0.013578433857325212,0.026613730360357416,mean_accepted_booking_delay
2,14,9,5,0.3,4.5854921155102035,0.023047730130165707,50,0.003259441253199536,0.00638850485627109,mean_accepted_booking_delay
2,14,9,5,0.5,4.422182008374228,0.016626960580543425,50,0.0023514073154047343,0.004608758338193279,mean_accepted_booking_delay
2,14,9,5,0.7,4.340805243992487,0.012743529198286717,50,0.001802207182471461,0.0035323260776440636,mean_accepted_booking_delay
2,14,9,9,0.3,5.7621159284697425,0.09662388440049674,50,0.013664680776835261,0.02678277432259711,mean_accepted_booking_delay
2,14,9,9,0.5,5.763617383927849,0.09489434761567152,50,0.013420087339062962,0.026303371184563405,mean_accepted_booking_delay
2,14,9,9,0.7,5.766513159521312,0.0977744035690603,50,0.01382738875803054,0.02710168196573986,mean_accepted_booking_delay
2,14,12,12,0.3,5.767076183593264,0.09601402658407668,50,0.013578433857325212,0.026613730360357416,mean_accepted_booking_delay
2,14,12,12,0.5,5.767076183593264,0.09601402658407668,50,0.013578433857325212,0.026613730360357416,mean_accepted_booking_delay
2,14,12,12,0.7,5.767076183593264,0.09601402658407668,50,0.013578433857325212,0.026613730360357416,mean_accepted_booking_delay
5,2,5,9,0.3,3.531840195318572,0.00760554332169045,50,0.0010755862514750753,0.0021081490528911473,mean_accepted_booking_delay
5,2,5,9,0.5,3.531840195318572,0.00760554332169045,50,0.0010755862514750753,0.0021081490528911473,mean_accepted_booking_delay
5,2,5,9,0.7,3.531840195318572,0.00760554332169045,50,0.0010755862514750753,0.0021081490528911473,mean_accepted_booking_delay
5,2,5,12,0.3,3.531840195318572,0.00760554332169045,50,0.0010755862514750753,0.0021081490528911473,mean_accepted_booking_delay
5,2,5,12,0.5,3.531840195318572,0.00760554332169045,50,0.0010755862514750753,0.0021081490528911473,mean_accepted_booking_delay
5,2,5,12,0.7,3.531840195318572,0.00760554332169045,50,0.0010755862514750753,0.0021081490528911473,mean_accepted_booking_delay
5,2,9,5,0.3,3.531840195318572,0.00760554332169045,50,0.0010755862514750753,0.0021081490528911473,mean_accepted_booking_delay
5,2,9,5,0.5,3.531840195318572,0.00760554332169045,50,0.0010755862514750753,0.0021081490528911473,mean_accepted_booking_delay
5,2,9,5,0.7,3.531840195318572,0.00760554332169045,50,0.0010755862514750753,0.0021081490528911473,mean_accepted_booking_delay
5,2,9,9,0.3,3.531840195318572,0.00760554332169045,50,0.0010755862514750753,0.0021081490528911473,mean_accepted_booking_delay
5,2,9,9,0.5,3.531840195318572,0.00760554332169045,50,0.0010755862514750753,0.0021081490528911473,mean_accepted_booking_delay
5,2,9,9,0.7,3.531840195318572,0.00760554332169045,50,0.0010755862514750753,0.0021081490528911473,mean_accepted_booking_delay
5,2,12,12,0.3,3.531840195318572,0.00760554332169045,50,0.0010755862514750753,0.0021081490528911473,mean_accepted_booking_delay
5,2,12,12,0.5,3.531840195318572,0.00760554332169045,50,0.0010755862514750753,0.0021081490528911473,mean_accepted_booking_delay
5,2,12,12,0.7,3.531840195318572,0.00760554332169045,50,0.0010755862514750753,0.0021081490528911473,mean_accepted_booking_delay
5,5,5,9,0.3,3.5390283543062155,0.006810967598052162,50,0.000963216275004907,0.0018879038990096176,mean_accepted_booking_delay
5,5,5,9,0.5,3.5390283543062155,0.006810967598052162,50,0.000963216275004907,0.0018879038990096176,mean_accepted_booking_delay
5,5,5,9,0.7,3.5390283543062155,0.006810967598052162,50,0.000963216275004907,0.0018879038990096176,mean_accepted_booking_delay
5,5,5,12,0.3,3.5390283543062155,0.006810967598052162,50,0.000963216275004907,0.0018879038990096176,mean_accepted_booking_delay
5,5,5,12,0.5,3.5390283543062155,0.006810967598052162,50,0.000963216275004907,0.0018879038990096176,mean_accepted_booking_delay
5,5,5,12,0.7,3.5390283543062155,0.006810967598052162,50,0.000963216275004907,0.0018879038990096176,mean_accepted_booking_delay
5,5,9,5,0.3,3.5390283543062155,0.006810967598052162,50,0.000963216275004907,0.0018879038990096176,mean_accepted_booking_delay
5,5,9,5,0.5,3.5390283543062155,0.006810967598052162,50,0.000963216275004907,0.0018879038990096176,mean_accepted_booking_delay
5,5,9,5,0.7,3.5390283543062155,0.006810967598052162,50,0.000963216275004907,0.0018879038990096176,mean_accepted_booking_delay
5,5,9,9,0.3,3.5390283543062155,0.006810967598052162,50,0.000963216275004907,0.0018879038990096176,mean_accepted_booking_delay
5,5,9,9,0.5,3.5390283543062155,0.006810967598052162,50,0.000963216275004907,0.0018879038990096176,mean_accepted_booking_delay
5,5,9,9,0.7,3.5390283543062155,0.006810967598052162,50,0.000963216275004907,0.0018879038990096176,mean_accepted_booking_delay
5,5,12,12,0.3,3.5390283543062155,0.006810967598052162,50,0.000963216275004907,0.0018879038990096176,mean_accepted_booking_delay
5,5,12,12,0.5,3.5390283543062155,0.006810967598052162,50,0.000963216275004907,0.0018879038990096176,mean_accepted_booking_delay
5,5,12,12,0.7,3.5390283543062155,0.006810967598052162,50,0.000963216275004907,0.0018879038990096176,mean_accepted_booking_delay
5,7,5,9,0.3,4.987113205217812,0.012483574083242101,50,0.0017654439775410256,0.00346027019598041,mean_accepted_booking_delay
5,7,5,9,0.5,4.987113205217812,0.012483574083242101,50,0.0017654439775410256,0.00346027019598041,mean_accepted_booking_delay
5,7,5,9,0.7,4.987113205217812,0.012483574083242101,50,0.0017654439775410256,0.00346027019598041,mean_accepted_booking_delay
5,7,5,12,0.3,4.987113205217812,0.012483574083242101,50,0.0017654439775410256,0.00346027019598041,mean_accepted_booking_delay
5,7,5,12,0.5,4.987113205217812,0.012483574083242101,50,0.0017654439775410256,0.00346027019598041,mean_accepted_booking_delay
5,7,5,12,0.7,4.987113205217812,0.012483574083242101,50,0.0017654439775410256,0.00346027019598041,mean_accepted_booking_delay
5,7,9,5,0.3,4.772741452463322,0.02084414891382406,50,0.0029478078090054405,0.005777703305650663,mean_accepted_booking_delay
5,7,9,5,0.5,4.5328039552397,0.014263155182805414,50,0.002017114750175552,0.003953544910344081,mean_accepted_booking_delay
5,7,9,5,0.7,4.39749521831496,0.00914026575227666,50,0.0012926287790563972,0.0025335524069505385,mean_accepted_booking_delay
5,7,9,9,0.3,4.987113205217812,0.012483574083242101,50,0.0017654439775410256,0.00346027019598041,mean_accepted_booking_delay
5,7,9,9,0.5,4.987113205217812,0.012483574083242101,50,0.0017654439775410256,0.00346027019598041,mean_accepted_booking_delay
5,7,9,9,0.7,4.987113205217812,0.012483574083242101,50,0.0017654439775410256,0.00346027019598041,mean_accepted_booking_delay
5,7,12,12,0.3,4.987113205217812,0.012483574083242101,50,0.0017654439775410256,0.00346027019598041,mean_accepted_booking_delay
5,7,12,12,0.5,4.987113205217812,0.012483574083242101,50,0.0017654439775410256,0.00346027019598041,mean_accepted_booking_delay
5,7,12,12,0.7,4.987113205217812,0.012483574083242101,50,0.0017654439775410256,0.00346027019598041,mean_accepted_booking_delay
5,10,5,9,0.3,6.65491034695289,0.05369787507512657,50,0.007594026320186018,0.014884291587564595,mean_accepted_booking_delay
5,10,5,9,0.5,6.65491034695289,0.05369787507512657,50,0.007594026320186018,0.014884291587564595,mean_accepted_booking_delay
5,10,5,9,0.7,6.65491034695289,0.05369787507512657,50,0.007594026320186018,0.014884291587564595,mean_accepted_booking_delay
5,10,5,12,0.3,6.65491034695289,0.05369787507512657,50,0.007594026320186018,0.014884291587564595,mean_accepted_booking_delay
5,10,5,12,0.5,6.65491034695289,0.05369787507512657,50,0.007594026320186018,0.014884291587564595,mean_accepted_booking_delay
5,10,5,12,0.7,6.65491034695289,0.05369787507512657,50,0.007594026320186018,0.014884291587564595,mean_accepted_booking_delay
5,10,9,5,0.3,4.797464985481089,0.028984371848052713,50,0.004099009176438108,0.008034057985818691,mean_accepted_booking_delay
5,10,9,5,0.5,4.533108346585358,0.014752111344125267,50,0.002086263593649994,0.0040890766435539875,mean_accepted_booking_delay
5,10,9,5,0.7,4.39749521831496,0.00914026575227666,50,0.0012926287790563972,0.0025335524069505385,mean_accepted_booking_delay
5,10,9,9,0.3,6.65491034695289,0.05369787507512657,50,0.007594026320186018,0.014884291587564595,mean_accepted_booking_delay
5,10,9,9,0.5,6.65491034695289,0.05369787507512657,50,0.007594026320186018,0.014884291587564595,mean_accepted_booking_delay
5,10,9,9,0.7,6.65491034695289,0.05369787507512657,50,0.007594026320186018,0.014884291587564595,mean_accepted_booking_delay
5,10,12,12,0.3,6.65491034695289,0.05369787507512657,50,0.007594026320186018,0.014884291587564595,mean_accepted_booking_delay
5,10,12,12,0.5,6.65491034695289,0.05369787507512657,50,0.007594026320186018,0.014884291587564595,mean_accepted_booking_delay
5,10,12,12,0.7,6.65491034695289,0.05369787507512657,50,0.007594026320186018,0.014884291587564595,mean_accepted_booking_delay
5,14,5,9,0.3,6.7086321974987415,0.06359010484821385,50,0.008992998870907114,0.017626277786977944,mean_accepted_booking_delay
5,14,5,9,0.5,6.682935425258984,0.07166460665291778,50,0.010134905867068946,0.019864415499455133,mean_accepted_booking_delay
5,14,5,9,0.7,6.672556519580099,0.05887681289002358,50,0.00832643872983744,0.016319819910481384,mean_accepted_booking_delay
5,14,5,12,0.3,6.767767417212326,0.09738793456691552,50,0.013772733787603549,0.026994558223702954,mean_accepted_booking_delay
5,14,5,12,0.5,6.767767417212326,0.09738793456691552,50,0.013772733787603549,0.026994558223702954,mean_accepted_booking_delay
5,14,5,12,0.7,6.767767417212326,0.09738793456691552,50,0.013772733787603549,0.026994558223702954,mean_accepted_booking_delay
5,14,9,5,0.3,4.797464985481089,0.028984371848052713,50,0.004099009176438108,0.008034057985818691,mean_accepted_booking_delay
5,14,9,5,0.5,4.533108346585358,0.014752111344125267,50,0.002086263593649994,0.0040890766435539875,mean_accepted_booking_delay
5,14,9,5,0.7,4.39749521831496,0.00914026575227666,50,0.0012926287790563972,0.0025335524069505385,mean_accepted_booking_delay
5,14,9,9,0.3,6.7086321974987415,0.06359010484821385,50,0.008992998870907114,0.017626277786977944,mean_accepted_booking_delay
5,14,9,9,0.5,6.682935425258984,0.07166460665291778,50,0.010134905867068946,0.019864415499455133,mean_accepted_booking_delay
5,14,9,9,0.7,6.672556519580099,0.05887681289002358,50,0.00832643872983744,0.016319819910481384,mean_accepted_booking_delay
5,14,12,12,0.3,6.767767417212326,0.09738793456691552,50,0.013772733787603549,0.026994558223702954,mean_accepted_booking_delay
5,14,12,12,0.5,6.767767417212326,0.09738793456691552,50,0.013772733787603549,0.026994558223702954,mean_accepted_booking_delay
5,14,12,12,0.7,6.767767417212326,0.09738793456691552,50,0.013772733787603549,0.026994558223702954,mean_accepted_booking_delay
7,2,5,9,0.3,4.577194731812525,0.023326021724724904,50,0.003298797627931541,0.0064656433507458205,mean_accepted_booking_delay
7,2,5,9,0.5,4.427694009953682,0.018628867332101298,50,0.002634519683270675,0.005163658579210523,mean_accepted_booking_delay
7,2,5,9,0.7,4.3395467274929,0.014450563417937505,50,0.0020436182769579727,0.004005491822837626,mean_accepted_booking_delay
7,2,5,12,0.3,4.577194731812525,0.023326021724724904,50,0.003298797627931541,0.0064656433507458205,mean_accepted_booking_delay
7,2,5,12,0.5,4.427694009953682,0.018628867332101298,50,0.002634519683270675,0.005163658579210523,mean_accepted_booking_delay
7,2,5,12,0.7,4.3395467274929,0.014450563417937505,50,0.0020436182769579727,0.004005491822837626,mean_accepted_booking_delay
7,2,9,5,0.3,4.929027084604822,0.02111564997941039,50,0.002986203857920534,0.005852959561524246,mean_accepted_booking_delay
7,2,9,5,0.5,4.929027084604822,0.02111564997941039,50,0.002986203857920534,0.005852959561524246,mean_accepted_booking_delay
7,2,9,5,0.7,4.929027084604822,0.02111564997941039,50,0.002986203857920534,0.005852959561524246,mean_accepted_booking_delay
7,2,9,9,0.3,4.929027084604822,0.02111564997941039,50,0.002986203857920534,0.005852959561524246,mean_accepted_booking_delay
7,2,9,9,0.5,4.929027084604822,0.02111564997941039,50,0.002986203857920534,0.005852959561524246,mean_accepted_booking_delay
7,2,9,9,0.7,4.929027084604822,0.02111564997941039,50,0.002986203857920534,0.005852959561524246,mean_accepted_booking_delay
7,2,12,12,0.3,4.929027084604822,0.02111564997941039,50,0.002986203857920534,0.005852959561524246,mean_accepted_booking_delay
7,2,12,12,0.5,4.929027084604822,0.02111564997941039,50,0.002986203857920534,0.005852959561524246,mean_accepted_booking_delay
7,2,12,12,0.7,4.929027084604822,0.02111564997941039,50,0.002986203857920534,0.005852959561524246,mean_accepted_booking_delay
7,5,5,9,0.3,4.775626049995115,0.018071986675672228,50,0.0025557648655761527,0.005009299136529259,mean_accepted_booking_delay
7,5,5,9,0.5,4.532159976686817,0.014947866557547464,50,0.002113947561422685,0.004143337220388462,mean_accepted_booking_delay
7,5,5,9,0.7,4.39592734356773,0.014600978123699539,50,0.0020648901286448753,0.004047184652143956,mean_accepted_booking_delay
7,5,5,12,0.3,4.775626049995115,0.018071986675672228,50,0.0025557648655761527,0.005009299136529259,mean_accepted_booking_delay
7,5,5,12,0.5,4.532159976686817,0.014947866557547464,50,0.002113947561422685,0.004143337220388462,mean_accepted_booking_delay
7,5,5,12,0.7,4.39592734356773,0.014600978123699539,50,0.0020648901286448753,0.004047184652143956,mean_accepted_booking_delay
7,5,9,5,0.3,4.990396325385292,0.01340923023297803,50,0.0018963515256460867,0.00371684899026633,mean_accepted_booking_delay
7,5,9,5,0.5,4.990396325385292,0.01340923023297803,50,0.0018963515256460867,0.00371684899026633,mean_accepted_booking_delay
7,5,9,5,0.7,4.990396325385292,0.01340923023297803,50,0.0018963515256460867,0.00371684899026633,mean_accepted_booking_delay
7,5,9,9,0.3,4.990396325385292,0.01340923023297803,50,0.0018963515256460867,0.00371684899026633,mean_accepted_booking_delay
7,5,9,9,0.5,4.990396325385292,0.01340923023297803,50,0.0018963515256460867,0.00371684899026633,mean_accepted_booking_delay
7,5,9,9,0.7,4.990396325385292,0.01340923023297803,50,0.0018963515256460867,0.00371684899026633,mean_accepted_booking_delay
7,5,12,12,0.3,4.990396325385292,0.01340923023297803,50,0.0018963515256460867,0.00371684899026633,mean_accepted_booking_delay
7,5,12,12,0.5,4.990396325385292,0.01340923023297803,50,0.0018963515256460867,0.00371684899026633,mean_accepted_booking_delay
7,5,12,12,0.7,4.990396325385292,0.01340923023297803,50,0.0018963515256460867,0.00371684899026633,mean_accepted_booking_delay
7,7,5,9,0.3,5.001878056865371,0.010288966086427704,50,0.0014550795382222885,0.0028519558949156856,mean_accepted_booking_delay
7,7,5,9,0.5,5.001456057476538,0.012258392796540117,50,0.0017335985345763685,0.003397853127769682,mean_accepted_booking_delay
7,7,5,9,0.7,5.000993094430042,0.01064666354886504,50,0.0015056655984828206,0.002951104573026328,mean_accepted_booking_delay
7,7,5,12,0.3,5.001878056865371,0.010288966086427704,50,0.0014550795382222885,0.0028519558949156856,mean_accepted_booking_delay
7,7,5,12,0.5,5.001456057476538,0.012258392796540117,50,0.0017335985345763685,0.003397853127769682,mean_accepted_booking_delay
7,7,5,12,0.7,5.000993094430042,0.01064666354886504,50,0.0015056655984828206,0.002951104573026328,mean_accepted_booking_delay
7,7,9,5,0.3,5.0012764384496355,0.011504113316013746,50,0.0016269273074583559,0.0031887775226183777,mean_accepted_booking_delay
7,7,9,5,0.5,5.001421005543205,0.01140216725698739,50,0.0016125099575277997,0.0031605195167544874,mean_accepted_booking_delay
7,7,9,5,0.7,5.002248699074005,0.012770553294474513,50,0.0018060289668054266,0.003539816774938636,mean_accepted_booking_delay
7,7,9,9,0.3,5.001696390104664,0.011203307341585934,50,0.0015843869185904892,0.003105398360437359,mean_accepted_booking_delay
7,7,9,9,0.5,5.001696390104664,0.011203307341585934,50,0.0015843869185904892,0.003105398360437359,mean_accepted_booking_delay
7,7,9,9,0.7,5.001696390104664,0.011203307341585934,50,0.0015843869185904892,0.003105398360437359,mean_accepted_booking_delay
7,7,12,12,0.3,5.001696390104664,0.011203307341585934,50,0.0015843869185904892,0.003105398360437359,mean_accepted_booking_delay
7,7,12,12,0.5,5.001696390104664,0.011203307341585934,50,0.0015843869185904892,0.003105398360437359,mean_accepted_booking_delay
7,7,12,12,0.7,5.001696390104664,0.011203307341585934,50,0.0015843869185904892,0.003105398360437359,mean_accepted_booking_delay
7,10,5,9,0.3,6.8909386331097435,0.02472627243816657,50,0.0034968229828987217,0.0068537730464814945,mean_accepted_booking_delay
7,10,5,9,0.5,6.886191789474949,0.025355073349871964,50,0.0035857488606353552,0.007028067766845296,mean_accepted_booking_delay
7,10,5,9,0.7,6.856910219000455,0.028910713686668192,50,0.0040885923393571616,0.008013640985140036,mean_accepted_booking_delay
7,10,5,12,0.3,6.8909386331097435,0.02472627243816657,50,0.0034968229828987217,0.0068537730464814945,mean_accepted_booking_delay
7,10,5,12,0.5,6.886191789474949,0.025355073349871964,50,0.0035857488606353552,0.007028067766845296,mean_accepted_booking_delay
7,10,5,12,0.7,6.856910219000455,0.028910713686668192,50,0.0040885923393571616,0.008013640985140036,mean_accepted_booking_delay
7,10,9,5,0.3,5.579955615686697,0.019674017794889326,50,0.00278232627919021,0.005453359507212811,mean_accepted_booking_delay
7,10,9,5,0.5,5.330490407916358,0.013453071772929015,50,0.0019025516556854872,0.0037290012451435548,mean_accepted_booking_delay
7,10,9,5,0.7,5.151553348604589,0.01381326559313591,50,0.001953490754247444,0.0038288418783249904,mean_accepted_booking_delay
7,10,9,9,0.3,6.9049269036453405,0.022224768615018257,50,0.003143056919596273,0.006160391562408695,mean_accepted_booking_delay
7,10,9,9,0.5,6.9049269036453405,0.022224768615018257,50,0.003143056919596273,0.006160391562408695,mean_accepted_booking_delay
7,10,9,9,0.7,6.9049269036453405,0.022224768615018257,50,0.003143056919596273,0.006160391562408695,mean_accepted_booking_delay
7,10,12,12,0.3,6.9049269036453405,0.022224768615018257,50,0.003143056919596273,0.006160391562408695,mean_accepted_booking_delay
7,10,12,12,0.5,6.9049269036453405,0.022224768615018257,50,0.003143056919596273,0.006160391562408695,mean_accepted_booking_delay
7,10,12,12,0.7,6.9049269036453405,0.022224768615018257,50,0.003143056919596273,0.006160391562408695,mean_accepted_booking_delay
7,14,5,9,0.3,7.013773068722942,0.03376804328688268,50,0.004775522479111123,0.009360024059057802,mean_accepted_booking_delay
7,14,5,9,0.5,6.9487673034179345,0.038067206142987205,50,0.00538351592090649,0.01055169120497672,mean_accepted_booking_delay
7,14,5,9,0.7,6.890109199158156,0.037256491443932144,50,0.0052688635486446015,0.010326972555343419,mean_accepted_booking_delay
7,14,5,12,0.3,7.3585253288948795,0.09533537500236107,50,0.013482458030226395,0.026425617739243734,mean_accepted_booking_delay
7,14,5,12,0.5,7.302816653729566,0.0771642463835171,50,0.010912672376586894,0.021388837858110313,mean_accepted_booking_delay
7,14,5,12,0.7,7.228148593232186,0.07468390976887457,50,0.01056189980861909,0.020701323624893415,mean_accepted_booking_delay
7,14,9,5,0.3,5.579955615686697,0.019674017794889326,50,0.00278232627919021,0.005453359507212811,mean_accepted_booking_delay
7,14,9,5,0.5,5.330490407916358,0.013453071772929015,50,0.0019025516556854872,0.0037290012451435548,mean_accepted_booking_delay
7,14,9,5,0.7,5.151553348604589,0.01381326559313591,50,0.001953490754247444,0.0038288418783249904,mean_accepted_booking_delay
7,14,9,9,0.3,7.0340291859233455,0.038256303760690065,50,0.005410258362463273,0.010604106390428015,mean_accepted_booking_delay
7,14,9,9,0.5,6.9727429492344575,0.029848376058471963,50,0.004221197823670343,0.008273547734393873,mean_accepted_booking_delay
7,14,9,9,0.7,6.935322916038701,0.028881081711195713,50,0.004084401745197853,0.008005427420587791,mean_accepted_booking_delay
7,14,12,12,0.3,7.403193684368747,0.08325465225838244,50,0.011773985835446027,0.02307701223747421,mean_accepted_booking_delay
7,14,12,12,0.5,7.403193684368747,0.08325465225838244,50,0.011773985835446027,0.02307701223747421,mean_accepted_booking_delay
7,14,12,12,0.7,7.403193684368747,0.08325465225838244,50,0.011773985835446027,0.02307701223747421,mean_accepted_booking_delay
10,2,5,9,0.3,4.5830634617470665,0.02397253642626291,50,0.0033902286138504053,0.006644848083146794,mean_accepted_booking_delay
10,2,5,9,0.5,4.427694009953682,0.018628867332101298,50,0.002634519683270675,0.005163658579210523,mean_accepted_booking_delay
10,2,5,9,0.7,4.3395467274929,0.014450563417937505,50,0.0020436182769579727,0.004005491822837626,mean_accepted_booking_delay
10,2,5,12,0.3,4.5830634617470665,0.02397253642626291,50,0.0033902286138504053,0.006644848083146794,mean_accepted_booking_delay
10,2,5,12,0.5,4.427694009953682,0.018628867332101298,50,0.002634519683270675,0.005163658579210523,mean_accepted_booking_delay
10,2,5,12,0.7,4.3395467274929,0.014450563417937505,50,0.0020436182769579727,0.004005491822837626,mean_accepted_booking_delay
10,2,9,5,0.3,5.780932566530754,0.08946581214702991,50,0.012652376490705329,0.024798657921782444,mean_accepted_booking_delay
10,2,9,5,0.5,5.780932566530754,0.08946581214702991,50,0.012652376490705329,0.024798657921782444,mean_accepted_booking_delay
10,2,9,5,0.7,5.780932566530754,0.08946581214702991,50,0.012652376490705329,0.024798657921782444,mean_accepted_booking_delay
10,2,9,9,0.3,5.780932566530754,0.08946581214702991,50,0.012652376490705329,0.024798657921782444,mean_accepted_booking_delay
10,2,9,9,0.5,5.780932566530754,0.08946581214702991,50,0.012652376490705329,0.024798657921782444,mean_accepted_booking_delay
10,2,9,9,0.7,5.780932566530754,0.08946581214702991,50,0.012652376490705329,0.024798657921782444,mean_accepted_booking_delay
10,2,12,12,0.3,5.780932566530754,0.08946581214702991,50,0.012652376490705329,0.024798657921782444,mean_accepted_booking_delay
10,2,12,12,0.5,5.780932566530754,0.08946581214702991,50,0.012652376490705329,0.024798657921782444,mean_accepted_booking_delay
10,2,12,12,0.7,5.780932566530754,0.08946581214702991,50,0.012652376490705329,0.024798657921782444,mean_accepted_booking_delay
10,5,5,9,0.3,4.79663488657507,0.023111860342459344,50,0.003268510634797889,0.006406280844203862,mean_accepted_booking_delay
10,5,5,9,0.5,4.53212513654192,0.014976268802410358,50,0.0021179642454113795,0.004151209921006304,mean_accepted_booking_delay
10,5,5,9,0.7,4.39592734356773,0.014600978123699539,50,0.0020648901286448753,0.004047184652143956,mean_accepted_booking_delay
10,5,5,12,0.3,4.79663488657507,0.023111860342459344,50,0.003268510634797889,0.006406280844203862,mean_accepted_booking_delay
10,5,5,12,0.5,4.53212513654192,0.014976268802410358,50,0.0021179642454113795,0.004151209921006304,mean_accepted_booking_delay
10,5,5,12,0.7,4.39592734356773,0.014600978123699539,50,0.0020648901286448753,0.004047184652143956,mean_accepted_booking_delay
10,5,9,5,0.3,6.648328833288997,0.0611469419118706,50,0.008647483454940723,0.016949067571683817,mean_accepted_booking_delay
10,5,9,5,0.5,6.648328833288997,0.0611469419118706,50,0.008647483454940723,0.016949067571683817,mean_accepted_booking_delay
10,5,9,5,0.7,6.648328833288997,0.0611469419118706,50,0.008647483454940723,0.016949067571683817,mean_accepted_booking_delay
10,5,9,9,0.3,6.648328833288997,0.0611469419118706,50,0.008647483454940723,0.016949067571683817,mean_accepted_booking_delay
10,5,9,9,0.5,6.648328833288997,0.0611469419118706,50,0.008647483454940723,0.016949067571683817,mean_accepted_booking_delay
10,5,9,9,0.7,6.648328833288997,0.0611469419118706,50,0.008647483454940723,0.016949067571683817,mean_accepted_booking_delay
10,5,12,12,0.3,6.648328833288997,0.0611469419118706,50,0.008647483454940723,0.016949067571683817,mean_accepted_booking_delay
10,5,12,12,0.5,6.648328833288997,0.0611469419118706,50,0.008647483454940723,0.016949067571683817,mean_accepted_booking_delay
10,5,12,12,0.7,6.648328833288997,0.0611469419118706,50,0.008647483454940723,0.016949067571683817,mean_accepted_booking_delay
10,7,5,9,0.3,5.583646752048832,0.020705512482172832,50,0.0029282016568174226,0.005739275247362148,mean_accepted_booking_delay
10,7,5,9,0.5,5.331799212645386,0.01650640925010432,50,0.0023343587827578238,0.004575343214205335,mean_accepted_booking_delay
10,7,5,9,0.7,5.153900609292138,0.013321549209561469,50,0.0018839515563982413,0.003692545050540553,mean_accepted_booking_delay
10,7,5,12,0.3,5.583646752048832,0.020705512482172832,50,0.0029282016568174226,0.005739275247362148,mean_accepted_booking_delay
10,7,5,12,0.5,5.331799212645386,0.01650640925010432,50,0.0023343587827578238,0.004575343214205335,mean_accepted_booking_delay
10,7,5,12,0.7,5.153900609292138,0.013321549209561469,50,0.0018839515563982413,0.003692545050540553,mean_accepted_booking_delay
10,7,9,5,0.3,6.883362901683596,0.02302896152546967,50,0.0032567869716687405,0.006383302464470731,mean_accepted_booking_delay
10,7,9,5,0.5,6.874075385338415,0.030419427159485986,50,0.004301956644856555,0.008431835023918848,mean_accepted_booking_delay
10,7,9,5,0.7,6.861490363479256,0.035032551963910016,50,0.004954351011190175,0.009710527981932742,mean_accepted_booking_delay
10,7,9,9,0.3,6.901127716145961,0.02808439075671726,50,0.003971732629913513,0.007784595954630486,mean_accepted_booking_delay
10,7,9,9,0.5,6.901127716145961,0.02808439075671726,50,0.003971732629913513,0.007784595954630486,mean_accepted_booking_delay
10,7,9,9,0.7,6.901127716145961,0.02808439075671726,50,0.003971732629913513,0.007784595954630486,mean_accepted_booking_delay
10,7,12,12,0.3,6.901127716145961,0.02808439075671726,50,0.003971732629913513,0.007784595954630486,mean_accepted_booking_delay
10,7,12,12,0.5,6.901127716145961,0.02808439075671726,50,0.003971732629913513,0.007784595954630486,mean_accepted_booking_delay
10,7,12,12,0.7,6.901127716145961,0.02808439075671726,50,0.003971732629913513,0.007784595954630486,mean_accepted_booking_delay
10,10,5,9,0.3,6.99980610770006,0.016679337130557872,50,0.0023588144781428086,0.004623276377159905,mean_accepted_booking_delay
10,10,5,9,0.5,6.995506621026841,0.017378972905986393,50,0.0024577579183760515,0.004817205520017061,mean_accepted_booking_delay
10,10,5,9,0.7,6.993065439110426,0.015540140259165015,50,0.0021977077115691306,0.004307507114675496,mean_accepted_booking_delay
10,10,5,12,0.3,6.99980610770006,0.016679337130557872,50,0.0023588144781428086,0.004623276377159905,mean_accepted_booking_delay
10,10,5,12,0.5,6.995506621026841,0.017378972905986393,50,0.0024577579183760515,0.004817205520017061,mean_accepted_booking_delay
10,10,5,12,0.7,6.993065439110426,0.015540140259165015,50,0.0021977077115691306,0.004307507114675496,mean_accepted_booking_delay
10,10,9,5,0.3,7.0015051056380955,0.01435382679969718,50,0.002029937653208615,0.003978677800288885,mean_accepted_booking_delay
10,10,9,5,0.5,7.000094747691158,0.015307767998155029,50,0.0021648453112651685,0.00424309681007973,mean_accepted_booking_delay
10,10,9,5,0.7,6.993410406707178,0.016599538573557508,50,0.0023475292579860367,0.004601157345652632,mean_accepted_booking_delay
10,10,9,9,0.3,7.001342515877788,0.01644425768043663,50,0.0023255692234831417,0.004558115678026957,mean_accepted_booking_delay
10,10,9,9,0.5,7.001342515877788,0.01644425768043663,50,0.0023255692234831417,0.004558115678026957,mean_accepted_booking_delay
10,10,9,9,0.7,7.001342515877788,0.01644425768043663,50,0.0023255692234831417,0.004558115678026957,mean_accepted_booking_delay
10,10,12,12,0.3,7.001342515877788,0.01644425768043663,50,0.0023255692234831417,0.004558115678026957,mean_accepted_booking_delay
10,10,12,12,0.5,7.001342515877788,0.01644425768043663,50,0.0023255692234831417,0.004558115678026957,mean_accepted_booking_delay
10,10,12,12,0.7,7.001342515877788,0.01644425768043663,50,0.0023255692234831417,0.004558115678026957,mean_accepted_booking_delay
10,14,5,9,0.3,7.394292255922453,0.017657277172844273,50,0.002497116085241723,0.004894347527073777,mean_accepted_booking_delay
10,14,5,9,0.5,7.2051838760351465,0.016480006781974484,50,0.00233062490990689,0.004568024823417505,mean_accepted_booking_delay
10,14,5,9,0.7,7.082068863170594,0.018164531991359312,50,0.00256885274963403,0.005034951389282699,mean_accepted_booking_delay
10,14,5,12,0.3,8.122533186107274,0.07044534213145749,50,0.009962475824831998,0.019526452616670714,mean_accepted_booking_delay
10,14,5,12,0.5,7.973324127724765,0.08378216284364266,50,0.011848587097843064,0.023223230711772406,mean_accepted_booking_delay
10,14,5,12,0.7,7.7797966107170575,0.061023987737238224,50,0.008630095108809173,0.016914986413265977,mean_accepted_booking_delay
10,14,9,5,0.3,7.396706600516728,0.020246973043457,50,0.0028633543875059347,0.005612174599511632,mean_accepted_booking_delay
10,14,9,5,0.5,7.207733119898215,0.018392690299025925,50,0.002601119206941052,0.005098193645604461,mean_accepted_booking_delay
10,14,9,5,0.7,7.079284055026896,0.019147768702148682,50,0.002707903418776174,0.005307490700801301,mean_accepted_booking_delay
10,14,9,9,0.3,7.437716217411807,0.019275772460295916,50,0.0027260058838568285,0.005342971532359384,mean_accepted_booking_delay
10,14,9,9,0.5,7.280774850713202,0.019881850882982315,50,0.0028117183163793085,0.005510967900103444,mean_accepted_booking_delay
10,14,9,9,0.7,7.15092952285338,0.017253405233361635,50,0.002439999967813896,0.004782399936915236,mean_accepted_booking_delay
10,14,12,12,0.3,8.314360564926803,0.0841057505573255,50,0.011894349311173821,0.02331292464990069,mean_accepted_booking_delay
10,14,12,12,0.5,8.306031463205482,0.07116996585310327,50,0.01006495309430887,0.019727308064845385,mean_accepted_booking_delay
10,14,12,12,0.7,8.316476815973441,0.06510012123302096,50,0.009206547435987093,0.0180448329745347,mean_accepted_booking_delay
14,2,5,9,0.3,4.5830634617470665,0.02397253642626291,50,0.0033902286138504053,0.006644848083146794,mean_accepted_booking_delay
14,2,5,9,0.5,4.427694009953682,0.018628867332101298,50,0.002634519683270675,0.005163658579210523,mean_accepted_booking_delay
14,2,5,9,0.7,4.3395467274929,0.014450563417937505,50,0.0020436182769579727,0.004005491822837626,mean_accepted_booking_delay
14,2,5,12,0.3,4.5830634617470665,0.02397253642626291,50,0.0033902286138504053,0.006644848083146794,mean_accepted_booking_delay
14,2,5,12,0.5,4.427694009953682,0.018628867332101298,50,0.002634519683270675,0.005163658579210523,mean_accepted_booking_delay
14,2,5,12,0.7,4.3395467274929,0.014450563417937505,50,0.0020436182769579727,0.004005491822837626,mean_accepted_booking_delay
14,2,9,5,0.3,5.783526951666897,0.0894116929584182,50,0.012644722881653398,0.02478365684804066,mean_accepted_booking_delay
14,2,9,5,0.5,5.786957651416019,0.093121321405431,50,0.013169343567766452,0.025811913392822246,mean_accepted_booking_delay
14,2,9,5,0.7,5.780657967652438,0.08678144521522974,50,0.012272749678571563,0.024054589370000264,mean_accepted_booking_delay
14,2,9,9,0.3,5.783526951666897,0.0894116929584182,50,0.012644722881653398,0.02478365684804066,mean_accepted_booking_delay
14,2,9,9,0.5,5.786957651416019,0.093121321405431,50,0.013169343567766452,0.025811913392822246,mean_accepted_booking_delay
14,2,9,9,0.7,5.780657967652438,0.08678144521522974,50,0.012272749678571563,0.024054589370000264,mean_accepted_booking_delay
14,2,12,12,0.3,5.785624668129747,0.09490390101004727,50,0.013421438393052251,0.026306019250382413,mean_accepted_booking_delay
14,2,12,12,0.5,5.785624668129747,0.09490390101004727,50,0.013421438393052251,0.026306019250382413,mean_accepted_booking_delay
14,2,12,12,0.7,5.785624668129747,0.09490390101004727,50,0.013421438393052251,0.026306019250382413,mean_accepted_booking_delay
14,5,5,9,0.3,4.79663488657507,0.023111860342459344,50,0.003268510634797889,0.006406280844203862,mean_accepted_booking_delay
14,5,5,9,0.5,4.53212513654192,0.014976268802410358,50,0.0021179642454113795,0.004151209921006304,mean_accepted_booking_delay
14,5,5,9,0.7,4.39592734356773,0.014600978123699539,50,0.0020648901286448753,0.004047184652143956,mean_accepted_booking_delay
14,5,5,12,0.3,4.79663488657507,0.023111860342459344,50,0.003268510634797889,0.006406280844203862,mean_accepted_booking_delay
14,5,5,12,0.5,4.53212513654192,0.014976268802410358,50,0.0021179642454113795,0.004151209921006304,mean_accepted_booking_delay
14,5,5,12,0.7,4.39592734356773,0.014600978123699539,50,0.0020648901286448753,0.004047184652143956,mean_accepted_booking_delay
14,5,9,5,0.3,6.7090311583362965,0.05863157151826212,50,0.008291756362437437,0.016251842470377375,mean_accepted_booking_delay
14,5,9,5,0.5,6.68791122041506,0.05835767233085746,50,0.008253021167882372,0.01617592148904945,mean_accepted_booking_delay
14,5,9,5,0.7,6.660303228666719,0.05988593304207165,50,0.008469149870346478,0.016599533745879094,mean_accepted_booking_delay
14,5,9,9,0.3,6.7090311583362965,0.05863157151826212,50,0.008291756362437437,0.016251842470377375,mean_accepted_booking_delay
14,5,9,9,0.5,6.68791122041506,0.05835767233085746,50,0.008253021167882372,0.01617592148904945,mean_accepted_booking_delay
14,5,9,9,0.7,6.660303228666719,0.05988593304207165,50,0.008469149870346478,0.016599533745879094,mean_accepted_booking_delay
14,5,12,12,0.3,6.768489968494776,0.0858766153498811,50,0.012144787411849937,0.023803783327225877,mean_accepted_booking_delay
14,5,12,12,0.5,6.768489968494776,0.0858766153498811,50,0.012144787411849937,0.023803783327225877,mean_accepted_booking_delay
14,5,12,12,0.7,6.768489968494776,0.0858766153498811,50,0.012144787411849937,0.023803783327225877,mean_accepted_booking_delay
14,7,5,9,0.3,5.583646752048832,0.020705512482172832,50,0.0029282016568174226,0.005739275247362148,mean_accepted_booking_delay
14,7,5,9,0.5,5.331799212645386,0.01650640925010432,50,0.0023343587827578238,0.004575343214205335,mean_accepted_booking_delay
14,7,5,9,0.7,5.153900609292138,0.013321549209561469,50,0.0018839515563982413,0.003692545050540553,mean_accepted_booking_delay
14,7,5,12,0.3,5.583646752048832,0.020705512482172832,50,0.0029282016568174226,0.005739275247362148,mean_accepted_booking_delay
14,7,5,12,0.5,5.331799212645386,0.01650640925010432,50,0.0023343587827578238,0.004575343214205335,mean_accepted_booking_delay
14,7,5,12,0.7,5.153900609292138,0.013321549209561469,50,0.0018839515563982413,0.003692545050540553,mean_accepted_booking_delay
14,7,9,5,0.3,7.012842123124771,0.03672546664299303,50,0.005193765301100144,0.010179779990156283,mean_accepted_booking_delay
14,7,9,5,0.5,6.931109034499324,0.040505206353787536,50,0.005728301217224719,0.01122747038576045,mean_accepted_booking_delay
14,7,9,5,0.7,6.888048995765023,0.032535559721958845,50,0.0046012229818194,0.009018397044366024,mean_accepted_booking_delay
14,7,9,9,0.3,7.028626421773937,0.0415550421043491,50,0.005876770412895549,0.011518470009275276,mean_accepted_booking_delay
14,7,9,9,0.5,6.972479452636758,0.029725042877924622,50,0.004203755878008277,0.008239361520896223,mean_accepted_booking_delay
14,7,9,9,0.7,6.93528568662042,0.02232690444486184,50,0.0031575011071731753,0.006188702170059424,mean_accepted_booking_delay
14,7,12,12,0.3,7.404405556566143,0.07949480346500892,50,0.011242262919839933,0.02203483532288627,mean_accepted_booking_delay
14,7,12,12,0.5,7.404405556566143,0.07949480346500892,50,0.011242262919839933,0.02203483532288627,mean_accepted_booking_delay
14,7,12,12,0.7,7.404405556566143,0.07949480346500892,50,0.011242262919839933,0.02203483532288627,mean_accepted_booking_delay
14,10,5,9,0.3,7.397039797338342,0.01969892159896002,50,0.0027858482089373558,0.005460262489517217,mean_accepted_booking_delay
14,10,5,9,0.5,7.205676360549338,0.019936723905120805,50,0.0028194785335909733,0.005526177925838307,mean_accepted_booking_delay
14,10,5,9,0.7,7.076727188966669,0.01551792790719094,50,0.0021945664106277365,0.0043013501648303636,mean_accepted_booking_delay
14,10,5,12,0.3,7.397039797338342,0.01969892159896002,50,0.0027858482089373558,0.005460262489517217,mean_accepted_booking_delay
14,10,5,12,0.5,7.205676360549338,0.019936723905120805,50,0.0028194785335909733,0.005526177925838307,mean_accepted_booking_delay
14,10,5,12,0.7,7.076727188966669,0.01551792790719094,50,0.0021945664106277365,0.0043013501648303636,mean_accepted_booking_delay
14,10,9,5,0.3,7.395953706270792,0.018860947250204433,50,0.002667340740044264,0.005227987850486757,mean_accepted_booking_delay
14,10,9,5,0.5,7.210276923717474,0.019554974633817796,50,0.0027654910339006975,0.005420362426445367,mean_accepted_booking_delay
14,10,9,5,0.7,7.077774182253413,0.016792890637004673,50,0.002374873369030017,0.004654751803298833,mean_accepted_booking_delay
14,10,9,9,0.3,7.440716246147609,0.022186550611695326,50,0.003137652077733662,0.006149798072357977,mean_accepted_booking_delay
14,10,9,9,0.5,7.276378506547101,0.015343299158062375,50,0.00216987017608795,0.004252945545132382,mean_accepted_booking_delay
14,10,9,9,0.7,7.149538145530938,0.02082774117282144,50,0.0029454874040200593,0.005773155311879316,mean_accepted_booking_delay
14,10,12,12,0.3,8.327986541435926,0.09106093144612523,50,0.012877960425343695,0.025240802433673642,mean_accepted_booking_delay
14,10,12,12,0.5,8.323083123565036,0.0734355884232937,50,0.01038536051090706,0.020355306601377837,mean_accepted_booking_delay
14,10,12,12,0.7,8.316763118822573,0.07463539842281307,50,0.010555039268266174,0.0206878769658017,mean_accepted_booking_delay
14,14,5,9,0.3,9.41496855879772,0.022595417591949312,50,0.0031954746006018337,0.006263130217179594,mean_accepted_booking_delay
14,14,5,9,0.5,7.984447203891871,0.07277736876338792,50,0.010292274193901123,0.0201728574200462,mean_accepted_booking_delay
14,14,5,9,0.7,7.208764675471785,0.016060407780392517,50,0.002271284650027347,0.0044517179140536,mean_accepted_booking_delay
14,14,5,12,0.3,9.436224648465974,0.017869694413607827,50,0.002527156419518692,0.004953226582256636,mean_accepted_booking_delay
14,14,5,12,0.5,9.218063021226913,0.027768851267210393,50,0.003927108607361025,0.007697132870427608,mean_accepted_booking_delay
14,14,5,12,0.7,8.84801126439496,0.03986421457371746,50,0.005637651290350242,0.011049796529086473,mean_accepted_booking_delay
14,14,9,5,0.3,9.420401727626277,0.023107423123968865,50,0.003267883117341044,0.006405050909988446,mean_accepted_booking_delay
14,14,9,5,0.5,7.965242980560416,0.07060341344280431,50,0.009984830484064875,0.019570267748767155,mean_accepted_booking_delay
14,14,9,5,0.7,7.20884339577289,0.01868536234753595,50,0.002642509284974091,0.005179318198549218,mean_accepted_booking_delay
14,14,9,9,0.3,9.433131164855904,0.021837816658713923,50,0.0030883336491370336,0.006053133952308586,mean_accepted_booking_delay
14,14,9,9,0.5,8.351176549303698,0.08451133778052816,50,0.011951708006351666,0.023425347692449264,mean_accepted_booking_delay
14,14,9,9,0.7,7.35060555143205,0.023902479292002215,50,0.0033803210389091584,0.0066254292362619505,mean_accepted_booking_delay
14,14,12,12,0.3,9.443510611778926,0.020719159871350843,50,0.0029301316891040753,0.0057430581106439876,mean_accepted_booking_delay
14,14,12,12,0.5,9.36747367029829,0.026205833607824233,50,0.0037060645301477684,0.007263886479089626,mean_accepted_booking_delay
14,14,12,12,0.7,9.114706058589656,0.02203533634024206,50,0.003116267150382304,0.006107883614749316,mean_accepted_booking_delay
2,2,5,9,0.3,0.0,0.0,50,0.0,0.0,overall_balking_rate
2,2,5,9,0.5,0.0,0.0,50,0.0,0.0,overall_balking_rate
2,2,5,9,0.7,0.0,0.0,50,0.0,0.0,overall_balking_rate
2,2,5,12,0.3,0.0,0.0,50,0.0,0.0,overall_balking_rate
2,2,5,12,0.5,0.0,0.0,50,0.0,0.0,overall_balking_rate
2,2,5,12,0.7,0.0,0.0,50,0.0,0.0,overall_balking_rate
2,2,9,5,0.3,0.0,0.0,50,0.0,0.0,overall_balking_rate
2,2,9,5,0.5,0.0,0.0,50,0.0,0.0,overall_balking_rate
2,2,9,5,0.7,0.0,0.0,50,0.0,0.0,overall_balking_rate
2,2,9,9,0.3,0.0,0.0,50,0.0,0.0,overall_balking_rate
2,2,9,9,0.5,0.0,0.0,50,0.0,0.0,overall_balking_rate
2,2,9,9,0.7,0.0,0.0,50,0.0,0.0,overall_balking_rate
2,2,12,12,0.3,0.0,0.0,50,0.0,0.0,overall_balking_rate
2,2,12,12,0.5,0.0,0.0,50,0.0,0.0,overall_balking_rate
2,2,12,12,0.7,0.0,0.0,50,0.0,0.0,overall_balking_rate
2,5,5,9,0.3,0.0,0.0,50,0.0,0.0,overall_balking_rate
2,5,5,9,0.5,0.0,0.0,50,0.0,0.0,overall_balking_rate
2,5,5,9,0.7,0.0,0.0,50,0.0,0.0,overall_balking_rate
2,5,5,12,0.3,0.0,0.0,50,0.0,0.0,overall_balking_rate
2,5,5,12,0.5,0.0,0.0,50,0.0,0.0,overall_balking_rate
2,5,5,12,0.7,0.0,0.0,50,0.0,0.0,overall_balking_rate
2,5,9,5,0.3,0.0,0.0,50,0.0,0.0,overall_balking_rate
2,5,9,5,0.5,0.0,0.0,50,0.0,0.0,overall_balking_rate
2,5,9,5,0.7,0.0,0.0,50,0.0,0.0,overall_balking_rate
2,5,9,9,0.3,0.0,0.0,50,0.0,0.0,overall_balking_rate
2,5,9,9,0.5,0.0,0.0,50,0.0,0.0,overall_balking_rate
2,5,9,9,0.7,0.0,0.0,50,0.0,0.0,overall_balking_rate
2,5,12,12,0.3,0.0,0.0,50,0.0,0.0,overall_balking_rate
2,5,12,12,0.5,0.0,0.0,50,0.0,0.0,overall_balking_rate
2,5,12,12,0.7,0.0,0.0,50,0.0,0.0,overall_balking_rate
2,7,5,9,0.3,0.0,0.0,50,0.0,0.0,overall_balking_rate
2,7,5,9,0.5,0.0,0.0,50,0.0,0.0,overall_balking_rate
2,7,5,9,0.7,0.0,0.0,50,0.0,0.0,overall_balking_rate
2,7,5,12,0.3,0.0,0.0,50,0.0,0.0,overall_balking_rate
2,7,5,12,0.5,0.0,0.0,50,0.0,0.0,overall_balking_rate
2,7,5,12,0.7,0.0,0.0,50,0.0,0.0,overall_balking_rate
2,7,9,5,0.3,0.10676941946838493,0.004998079416528722,50,0.0007068351696672724,0.0013853969325478537,overall_balking_rate
2,7,9,5,0.5,0.12021814492688358,0.005759280414913654,50,0.0008144852472280635,0.0015963910845670044,overall_balking_rate
2,7,9,5,0.7,0.12789942633966292,0.007045688916305626,50,0.000996410882170121,0.001952965329053437,overall_balking_rate
2,7,9,9,0.3,0.0,0.0,50,0.0,0.0,overall_balking_rate
2,7,9,9,0.5,0.0,0.0,50,0.0,0.0,overall_balking_rate
2,7,9,9,0.7,0.0,0.0,50,0.0,0.0,overall_balking_rate
2,7,12,12,0.3,0.0,0.0,50,0.0,0.0,overall_balking_rate
2,7,12,12,0.5,0.0,0.0,50,0.0,0.0,overall_balking_rate
2,7,12,12,0.7,0.0,0.0,50,0.0,0.0,overall_balking_rate
2,10,5,9,0.3,0.0,0.0,50,0.0,0.0,overall_balking_rate
2,10,5,9,0.5,0.0,0.0,50,0.0,0.0,overall_balking_rate
2,10,5,9,0.7,0.0,0.0,50,0.0,0.0,overall_balking_rate
2,10,5,12,0.3,0.0,0.0,50,0.0,0.0,overall_balking_rate
2,10,5,12,0.5,0.0,0.0,50,0.0,0.0,overall_balking_rate
2,10,5,12,0.7,0.0,0.0,50,0.0,0.0,overall_balking_rate
2,10,9,5,0.3,0.10756922241081611,0.006327869723667955,50,0.0008948959184141311,0.001753996000091697,overall_balking_rate
2,10,9,5,0.5,0.12021814492688358,0.005759280414913654,50,0.0008144852472280635,0.0015963910845670044,overall_balking_rate
2,10,9,5,0.7,0.12789942633966292,0.007045688916305626,50,0.000996410882170121,0.001952965329053437,overall_balking_rate
2,10,9,9,0.3,0.0,0.0,50,0.0,0.0,overall_balking_rate
2,10,9,9,0.5,0.0,0.0,50,0.0,0.0,overall_balking_rate
2,10,9,9,0.7,0.0,0.0,50,0.0,0.0,overall_balking_rate
2,10,12,12,0.3,0.0,0.0,50,0.0,0.0,overall_balking_rate
2,10,12,12,0.5,0.0,0.0,50,0.0,0.0,overall_balking_rate
2,10,12,12,0.7,0.0,0.0,50,0.0,0.0,overall_balking_rate
2,14,5,9,0.3,7.4300435121003525e-06,2.1415757737492575e-05,50,3.028645504085855e-06,5.936145188008275e-06,overall_balking_rate
2,14,5,9,0.5,1.3844084878553201e-05,5.5881441844295705e-05,50,7.902829294116637e-06,1.548954541646861e-05,overall_balking_rate
2,14,5,9,0.7,2.336573613067488e-05,7.301242344159189e-05,50,1.0325515945282653e-05,2.0238011252754e-05,overall_balking_rate
2,14,5,12,0.3,0.0,0.0,50,0.0,0.0,overall_balking_rate
2,14,5,12,0.5,0.0,0.0,50,0.0,0.0,overall_balking_rate
2,14,5,12,0.7,0.0,0.0,50,0.0,0.0,overall_balking_rate
2,14,9,5,0.3,0.10756922241081611,0.006327869723667955,50,0.0008948959184141311,0.001753996000091697,overall_balking_rate
2,14,9,5,0.5,0.12021814492688358,0.005759280414913654,50,0.0008144852472280635,0.0015963910845670044,overall_balking_rate
2,14,9,5,0.7,0.12789942633966292,0.007045688916305626,50,0.000996410882170121,0.001952965329053437,overall_balking_rate
2,14,9,9,0.3,7.4300435121003525e-06,2.1415757737492575e-05,50,3.028645504085855e-06,5.936145188008275e-06,overall_balking_rate
2,14,9,9,0.5,1.3844084878553201e-05,5.5881441844295705e-05,50,7.902829294116637e-06,1.548954541646861e-05,overall_balking_rate
2,14,9,9,0.7,2.336573613067488e-05,7.301242344159189e-05,50,1.0325515945282653e-05,2.0238011252754e-05,overall_balking_rate
2,14,12,12,0.3,0.0,0.0,50,0.0,0.0,overall_balking_rate
2,14,12,12,0.5,0.0,0.0,50,0.0,0.0,overall_balking_rate
2,14,12,12,0.7,0.0,0.0,50,0.0,0.0,overall_balking_rate
5,2,5,9,0.3,0.0,0.0,50,0.0,0.0,overall_balking_rate
5,2,5,9,0.5,0.0,0.0,50,0.0,0.0,overall_balking_rate
5,2,5,9,0.7,0.0,0.0,50,0.0,0.0,overall_balking_rate
5,2,5,12,0.3,0.0,0.0,50,0.0,0.0,overall_balking_rate
5,2,5,12,0.5,0.0,0.0,50,0.0,0.0,overall_balking_rate
5,2,5,12,0.7,0.0,0.0,50,0.0,0.0,overall_balking_rate
5,2,9,5,0.3,0.0,0.0,50,0.0,0.0,overall_balking_rate
5,2,9,5,0.5,0.0,0.0,50,0.0,0.0,overall_balking_rate
5,2,9,5,0.7,0.0,0.0,50,0.0,0.0,overall_balking_rate
5,2,9,9,0.3,0.0,0.0,50,0.0,0.0,overall_balking_rate
5,2,9,9,0.5,0.0,0.0,50,0.0,0.0,overall_balking_rate
5,2,9,9,0.7,0.0,0.0,50,0.0,0.0,overall_balking_rate
5,2,12,12,0.3,0.0,0.0,50,0.0,0.0,overall_balking_rate
5,2,12,12,0.5,0.0,0.0,50,0.0,0.0,overall_balking_rate
5,2,12,12,0.7,0.0,0.0,50,0.0,0.0,overall_balking_rate
5,5,5,9,0.3,0.0,0.0,50,0.0,0.0,overall_balking_rate
5,5,5,9,0.5,0.0,0.0,50,0.0,0.0,overall_balking_rate
5,5,5,9,0.7,0.0,0.0,50,0.0,0.0,overall_balking_rate
5,5,5,12,0.3,0.0,0.0,50,0.0,0.0,overall_balking_rate
5,5,5,12,0.5,0.0,0.0,50,0.0,0.0,overall_balking_rate
5,5,5,12,0.7,0.0,0.0,50,0.0,0.0,overall_balking_rate
5,5,9,5,0.3,0.0,0.0,50,0.0,0.0,overall_balking_rate
5,5,9,5,0.5,0.0,0.0,50,0.0,0.0,overall_balking_rate
5,5,9,5,0.7,0.0,0.0,50,0.0,0.0,overall_balking_rate
5,5,9,9,0.3,0.0,0.0,50,0.0,0.0,overall_balking_rate
5,5,9,9,0.5,0.0,0.0,50,0.0,0.0,overall_balking_rate
5,5,9,9,0.7,0.0,0.0,50,0.0,0.0,overall_balking_rate
5,5,12,12,0.3,0.0,0.0,50,0.0,0.0,overall_balking_rate
5,5,12,12,0.5,0.0,0.0,50,0.0,0.0,overall_balking_rate
5,5,12,12,0.7,0.0,0.0,50,0.0,0.0,overall_balking_rate
5,7,5,9,0.3,0.0,0.0,50,0.0,0.0,overall_balking_rate
5,7,5,9,0.5,0.0,0.0,50,0.0,0.0,overall_balking_rate
5,7,5,9,0.7,0.0,0.0,50,0.0,0.0,overall_balking_rate
5,7,5,12,0.3,0.0,0.0,50,0.0,0.0,overall_balking_rate
5,7,5,12,0.5,0.0,0.0,50,0.0,0.0,overall_balking_rate
5,7,5,12,0.7,0.0,0.0,50,0.0,0.0,overall_balking_rate
5,7,9,5,0.3,0.16262456362607888,0.004279613407520471,50,0.0006052287322629186,0.0011862483152353205,overall_balking_rate
5,7,9,5,0.5,0.18699298083440447,0.005161594018639447,50,0.0007299596264623752,0.0014307208678662553,overall_balking_rate
5,7,9,5,0.7,0.19721134117882216,0.0055712218693586705,50,0.0007878897526636619,0.0015442639152207773,overall_balking_rate
5,7,9,9,0.3,0.0,0.0,50,0.0,0.0,overall_balking_rate
5,7,9,9,0.5,0.0,0.0,50,0.0,0.0,overall_balking_rate
5,7,9,9,0.7,0.0,0.0,50,0.0,0.0,overall_balking_rate
5,7,12,12,0.3,0.0,0.0,50,0.0,0.0,overall_balking_rate
5,7,12,12,0.5,0.0,0.0,50,0.0,0.0,overall_balking_rate
5,7,12,12,0.7,0.0,0.0,50,0.0,0.0,overall_balking_rate
5,10,5,9,0.3,0.0,0.0,50,0.0,0.0,overall_balking_rate
5,10,5,9,0.5,0.0,0.0,50,0.0,0.0,overall_balking_rate
5,10,5,9,0.7,0.0,0.0,50,0.0,0.0,overall_balking_rate
5,10,5,12,0.3,0.0,0.0,50,0.0,0.0,overall_balking_rate
5,10,5,12,0.5,0.0,0.0,50,0.0,0.0,overall_balking_rate
5,10,5,12,0.7,0.0,0.0,50,0.0,0.0,overall_balking_rate
5,10,9,5,0.3,0.16689739598417078,0.005106352954754691,50,0.0007221473602878011,0.0014154088261640902,overall_balking_rate
5,10,9,5,0.5,0.18704210036743857,0.0051961578561216925,50,0.0007348476912358802,0.0014403014748223253,overall_balking_rate
5,10,9,5,0.7,0.19721134117882216,0.0055712218693586705,50,0.0007878897526636619,0.0015442639152207773,overall_balking_rate
5,10,9,9,0.3,0.0,0.0,50,0.0,0.0,overall_balking_rate
5,10,9,9,0.5,0.0,0.0,50,0.0,0.0,overall_balking_rate
5,10,9,9,0.7,0.0,0.0,50,0.0,0.0,overall_balking_rate
5,10,12,12,0.3,0.0,0.0,50,0.0,0.0,overall_balking_rate
5,10,12,12,0.5,0.0,0.0,50,0.0,0.0,overall_balking_rate
5,10,12,12,0.7,0.0,0.0,50,0.0,0.0,overall_balking_rate
5,14,5,9,0.3,0.006282593428486929,0.0022472862193199366,50,0.0003178142649896412,0.0006229159593796967,overall_balking_rate
5,14,5,9,0.5,0.008158918982005483,0.0027926698273724065,50,0.00039494315451001874,0.0007740885828396367,overall_balking_rate
5,14,5,9,0.7,0.009133085853860398,0.0027727976553441978,50,0.0003921328049904083,0.0007685802977812004,overall_balking_rate
5,14,5,12,0.3,0.0,0.0,50,0.0,0.0,overall_balking_rate
5,14,5,12,0.5,0.0,0.0,50,0.0,0.0,overall_balking_rate
5,14,5,12,0.7,0.0,0.0,50,0.0,0.0,overall_balking_rate
5,14,9,5,0.3,0.16689739598417078,0.005106352954754691,50,0.0007221473602878011,0.0014154088261640902,overall_balking_rate
5,14,9,5,0.5,0.18704210036743857,0.0051961578561216925,50,0.0007348476912358802,0.0014403014748223253,overall_balking_rate
5,14,9,5,0.7,0.19721134117882216,0.0055712218693586705,50,0.0007878897526636619,0.0015442639152207773,overall_balking_rate
5,14,9,9,0.3,0.006282593428486929,0.0022472862193199366,50,0.0003178142649896412,0.0006229159593796967,overall_balking_rate
5,14,9,9,0.5,0.008158918982005483,0.0027926698273724065,50,0.00039494315451001874,0.0007740885828396367,overall_balking_rate
5,14,9,9,0.7,0.009133085853860398,0.0027727976553441978,50,0.0003921328049904083,0.0007685802977812004,overall_balking_rate
5,14,12,12,0.3,0.0,0.0,50,0.0,0.0,overall_balking_rate
5,14,12,12,0.5,0.0,0.0,50,0.0,0.0,overall_balking_rate
5,14,12,12,0.7,0.0,0.0,50,0.0,0.0,overall_balking_rate
7,2,5,9,0.3,0.10549476162655118,0.006073373713644655,50,0.000858904747519652,0.0016834533051385179,overall_balking_rate
7,2,5,9,0.5,0.12221658866288548,0.006443457544335974,50,0.0009112425047775174,0.001786035309363934,overall_balking_rate
7,2,5,9,0.7,0.12730929408200867,0.007059222477054629,50,0.000998324816685965,0.0019567166407044915,overall_balking_rate
7,2,5,12,0.3,0.10549476162655118,0.006073373713644655,50,0.000858904747519652,0.0016834533051385179,overall_balking_rate
7,2,5,12,0.5,0.12221658866288548,0.006443457544335974,50,0.0009112425047775174,0.001786035309363934,overall_balking_rate
7,2,5,12,0.7,0.12730929408200867,0.007059222477054629,50,0.000998324816685965,0.0019567166407044915,overall_balking_rate
7,2,9,5,0.3,0.0,0.0,50,0.0,0.0,overall_balking_rate
7,2,9,5,0.5,0.0,0.0,50,0.0,0.0,overall_balking_rate
7,2,9,5,0.7,0.0,0.0,50,0.0,0.0,overall_balking_rate
7,2,9,9,0.3,0.0,0.0,50,0.0,0.0,overall_balking_rate
7,2,9,9,0.5,0.0,0.0,50,0.0,0.0,overall_balking_rate
7,2,9,9,0.7,0.0,0.0,50,0.0,0.0,overall_balking_rate
7,2,12,12,0.3,0.0,0.0,50,0.0,0.0,overall_balking_rate
7,2,12,12,0.5,0.0,0.0,50,0.0,0.0,overall_balking_rate
7,2,12,12,0.7,0.0,0.0,50,0.0,0.0,overall_balking_rate
7,5,5,9,0.3,0.163905040693826,0.0035907423694098175,50,0.0005078076557807066,0.000995303005330185,overall_balking_rate
7,5,5,9,0.5,0.1864602721912659,0.004717343197215479,50,0.0006671330727870588,0.0013075808226626353,overall_balking_rate
7,5,5,9,0.7,0.19755394584687896,0.005890167900000921,50,0.0008329955328835954,0.001632671244451847,overall_balking_rate
7,5,5,12,0.3,0.163905040693826,0.0035907423694098175,50,0.0005078076557807066,0.000995303005330185,overall_balking_rate
7,5,5,12,0.5,0.1864602721912659,0.004717343197215479,50,0.0006671330727870588,0.0013075808226626353,overall_balking_rate
7,5,5,12,0.7,0.19755394584687896,0.005890167900000921,50,0.0008329955328835954,0.001632671244451847,overall_balking_rate
7,5,9,5,0.3,0.0,0.0,50,0.0,0.0,overall_balking_rate
7,5,9,5,0.5,0.0,0.0,50,0.0,0.0,overall_balking_rate
7,5,9,5,0.7,0.0,0.0,50,0.0,0.0,overall_balking_rate
7,5,9,9,0.3,0.0,0.0,50,0.0,0.0,overall_balking_rate
7,5,9,9,0.5,0.0,0.0,50,0.0,0.0,overall_balking_rate
7,5,9,9,0.7,0.0,0.0,50,0.0,0.0,overall_balking_rate
7,5,12,12,0.3,0.0,0.0,50,0.0,0.0,overall_balking_rate
7,5,12,12,0.5,0.0,0.0,50,0.0,0.0,overall_balking_rate
7,5,12,12,0.7,0.0,0.0,50,0.0,0.0,overall_balking_rate
7,7,5,9,0.3,0.1051604899256764,0.00227219403327306,50,0.0003213367618197985,0.0006298200531668051,overall_balking_rate
7,7,5,9,0.5,0.18165034152408416,0.0033930207581515264,50,0.000479845597359133,0.0009404973708239007,overall_balking_rate
7,7,5,9,0.7,0.2648400019581186,0.002722380643490092,50,0.00038500276279656816,0.0007546054150812736,overall_balking_rate
7,7,5,12,0.3,0.1051604899256764,0.00227219403327306,50,0.0003213367618197985,0.0006298200531668051,overall_balking_rate
7,7,5,12,0.5,0.18165034152408416,0.0033930207581515264,50,0.000479845597359133,0.0009404973708239007,overall_balking_rate
7,7,5,12,0.7,0.2648400019581186,0.002722380643490092,50,0.00038500276279656816,0.0007546054150812736,overall_balking_rate
7,7,9,5,0.3,0.10497681981935982,0.0023579651575184883,50,0.00033346663053658576,0.0006535945958517081,overall_balking_rate
7,7,9,5,0.5,0.18193269777277032,0.003090650944761458,50,0.00043708404826428733,0.0008566847345980031,overall_balking_rate
7,7,9,5,0.7,0.26426775653768503,0.003585371341390783,50,0.0005070480777138661,0.0009938142323191775,overall_balking_rate
7,7,9,9,0.3,0.0,0.0,50,0.0,0.0,overall_balking_rate
7,7,9,9,0.5,0.0,0.0,50,0.0,0.0,overall_balking_rate
7,7,9,9,0.7,0.0,0.0,50,0.0,0.0,overall_balking_rate
7,7,12,12,0.3,0.0,0.0,50,0.0,0.0,overall_balking_rate
7,7,12,12,0.5,0.0,0.0,50,0.0,0.0,overall_balking_rate
7,7,12,12,0.7,0.0,0.0,50,0.0,0.0,overall_balking_rate
7,10,5,9,0.3,0.00983001082694038,0.0007729950950626606,50,0.00010931801470854944,0.0002142633088287569,overall_balking_rate
7,10,5,9,0.5,0.01824378736774669,0.001018090981760877,50,0.00014397980741359713,0.00028220042253065036,overall_balking_rate
7,10,5,9,0.7,0.029399116000881343,0.0019776042155429273,50,0.0002796754702627013,0.0005481639217148946,overall_balking_rate
7,10,5,12,0.3,0.00983001082694038,0.0007729950950626606,50,0.00010931801470854944,0.0002142633088287569,overall_balking_rate
7,10,5,12,0.5,0.01824378736774669,0.001018090981760877,50,0.00014397980741359713,0.00028220042253065036,overall_balking_rate
7,10,5,12,0.7,0.029399116000881343,0.0019776042155429273,50,0.0002796754702627013,0.0005481639217148946,overall_balking_rate
7,10,9,5,0.3,0.199521790896951,0.0028365407980945495,50,0.0004011474466889915,0.0007862489955104233,overall_balking_rate
7,10,9,5,0.5,0.29835159520949256,0.0026629872699252457,50,0.00037660327135551844,0.0007381424118568161,overall_balking_rate
7,10,9,5,0.7,0.3766300360528402,0.0027889052735705746,50,0.00039441076620573535,0.0007730451017632413,overall_balking_rate
7,10,9,9,0.3,0.0,0.0,50,0.0,0.0,overall_balking_rate
7,10,9,9,0.5,0.0,0.0,50,0.0,0.0,overall_balking_rate
7,10,9,9,0.7,0.0,0.0,50,0.0,0.0,overall_balking_rate
7,10,12,12,0.3,0.0,0.0,50,0.0,0.0,overall_balking_rate
7,10,12,12,0.5,0.0,0.0,50,0.0,0.0,overall_balking_rate
7,10,12,12,0.7,0.0,0.0,50,0.0,0.0,overall_balking_rate
7,14,5,9,0.3,0.0383630065410117,0.004006683953965345,50,0.0005666306787840447,0.0011105961304167277,overall_balking_rate
7,14,5,9,0.5,0.049077535028616316,0.004641299730393168,50,0.0006563789025760607,0.001286502649049079,overall_balking_rate
7,14,5,9,0.7,0.056759888411077215,0.005170521768315619,50,0.0007312222009297266,0.0014331955138222642,overall_balking_rate
7,14,5,12,0.3,0.009599850312326491,0.0008533983147617467,50,0.00012068874708424056,0.0002365499442851115,overall_balking_rate
7,14,5,12,0.5,0.017923482553318184,0.0010872329529885729,50,0.00015375795875753893,0.00030136559916477633,overall_balking_rate
7,14,5,12,0.7,0.02849500941948523,0.001553972526034214,50,0.0002197649021872763,0.00043073920828706156,overall_balking_rate
7,14,9,5,0.3,0.199521790896951,0.0028365407980945495,50,0.0004011474466889915,0.0007862489955104233,overall_balking_rate
7,14,9,5,0.5,0.29835159520949256,0.0026629872699252457,50,0.00037660327135551844,0.0007381424118568161,overall_balking_rate
7,14,9,5,0.7,0.3766300360528402,0.0027889052735705746,50,0.00039441076620573535,0.0007730451017632413,overall_balking_rate
7,14,9,9,0.3,0.031746931002974266,0.004260355675273235,50,0.0006025052776504595,0.0011809103441949005,overall_balking_rate
7,14,9,9,0.5,0.03673796308486365,0.00440661348952738,50,0.0006231892561025851,0.0012214509419610669,overall_balking_rate
7,14,9,9,0.7,0.039330841801967484,0.004994051798845236,50,0.0007062655785120684,0.001384280533883654,overall_balking_rate
7,14,12,12,0.3,0.0,0.0,50,0.0,0.0,overall_balking_rate
7,14,12,12,0.5,0.0,0.0,50,0.0,0.0,overall_balking_rate
7,14,12,12,0.7,0.0,0.0,50,0.0,0.0,overall_balking_rate
10,2,5,9,0.3,0.10675751801010316,0.0054834469410400145,50,0.000775476503257205,0.0015199339463841217,overall_balking_rate
10,2,5,9,0.5,0.12221658866288548,0.006443457544335974,50,0.0009112425047775174,0.001786035309363934,overall_balking_rate
10,2,5,9,0.7,0.12730929408200867,0.007059222477054629,50,0.000998324816685965,0.0019567166407044915,overall_balking_rate
10,2,5,12,0.3,0.10675751801010316,0.0054834469410400145,50,0.000775476503257205,0.0015199339463841217,overall_balking_rate
10,2,5,12,0.5,0.12221658866288548,0.006443457544335974,50,0.0009112425047775174,0.001786035309363934,overall_balking_rate
10,2,5,12,0.7,0.12730929408200867,0.007059222477054629,50,0.000998324816685965,0.0019567166407044915,overall_balking_rate
10,2,9,5,0.3,0.0,0.0,50,0.0,0.0,overall_balking_rate
10,2,9,5,0.5,0.0,0.0,50,0.0,0.0,overall_balking_rate
10,2,9,5,0.7,0.0,0.0,50,0.0,0.0,overall_balking_rate
10,2,9,9,0.3,0.0,0.0,50,0.0,0.0,overall_balking_rate
10,2,9,9,0.5,0.0,0.0,50,0.0,0.0,overall_balking_rate
10,2,9,9,0.7,0.0,0.0,50,0.0,0.0,overall_balking_rate
10,2,12,12,0.3,0.0,0.0,50,0.0,0.0,overall_balking_rate
10,2,12,12,0.5,0.0,0.0,50,0.0,0.0,overall_balking_rate
10,2,12,12,0.7,0.0,0.0,50,0.0,0.0,overall_balking_rate
10,5,5,9,0.3,0.1665021429720813,0.004748186811107579,50,0.0006714950184949396,0.0013161302362500816,overall_balking_rate
10,5,5,9,0.5,0.18645999388216927,0.0047175177342537915,50,0.0006671577560517306,0.001307629201861392,overall_balking_rate
10,5,5,9,0.7,0.19755394584687896,0.005890167900000921,50,0.0008329955328835954,0.001632671244451847,overall_balking_rate
10,5,5,12,0.3,0.1665021429720813,0.004748186811107579,50,0.0006714950184949396,0.0013161302362500816,overall_balking_rate
10,5,5,12,0.5,0.18645999388216927,0.0047175177342537915,50,0.0006671577560517306,0.001307629201861392,overall_balking_rate
10,5,5,12,0.7,0.19755394584687896,0.005890167900000921,50,0.0008329955328835954,0.001632671244451847,overall_balking_rate
10,5,9,5,0.3,0.0,0.0,50,0.0,0.0,overall_balking_rate
10,5,9,5,0.5,0.0,0.0,50,0.0,0.0,overall_balking_rate
10,5,9,5,0.7,0.0,0.0,50,0.0,0.0,overall_balking_rate
10,5,9,9,0.3,0.0,0.0,50,0.0,0.0,overall_balking_rate
10,5,9,9,0.5,0.0,0.0,50,0.0,0.0,overall_balking_rate
10,5,9,9,0.7,0.0,0.0,50,0.0,0.0,overall_balking_rate
10,5,12,12,0.3,0.0,0.0,50,0.0,0.0,overall_balking_rate
10,5,12,12,0.5,0.0,0.0,50,0.0,0.0,overall_balking_rate
10,5,12,12,0.7,0.0,0.0,50,0.0,0.0,overall_balking_rate
10,7,5,9,0.3,0.1988033148438633,0.0026522727087006765,50,0.0003750880035756522,0.0007351724870082783,overall_balking_rate
10,7,5,9,0.5,0.29788082612684996,0.002774800020420593,50,0.0003924159821751944,0.0007691353250633809,overall_balking_rate
10,7,5,9,0.7,0.37684212231061026,0.0028250236109580887,50,0.0003995186704641143,0.000783056594109664,overall_balking_rate
10,7,5,12,0.3,0.1988033148438633,0.0026522727087006765,50,0.0003750880035756522,0.0007351724870082783,overall_balking_rate
10,7,5,12,0.5,0.29788082612684996,0.002774800020420593,50,0.0003924159821751944,0.0007691353250633809,overall_balking_rate
10,7,5,12,0.7,0.37684212231061026,0.0028250236109580887,50,0.0003995186704641143,0.000783056594109664,overall_balking_rate
10,7,9,5,0.3,0.009931033001222698,0.0007026450516995097,50,9.936901616477911e-05,0.00019476327168296706,overall_balking_rate
10,7,9,5,0.5,0.018224273387750754,0.0012458203689914417,50,0.00017618560621083504,0.00034532378817323667,overall_balking_rate
10,7,9,5,0.7,0.02945164596014663,0.0015799759613512084,50,0.00022344234327663479,0.00043794699282220415,overall_balking_rate
10,7,9,9,0.3,0.0,0.0,50,0.0,0.0,overall_balking_rate
10,7,9,9,0.5,0.0,0.0,50,0.0,0.0,overall_balking_rate
10,7,9,9,0.7,0.0,0.0,50,0.0,0.0,overall_balking_rate
10,7,12,12,0.3,0.0,0.0,50,0.0,0.0,overall_balking_rate
10,7,12,12,0.5,0.0,0.0,50,0.0,0.0,overall_balking_rate
10,7,12,12,0.7,0.0,0.0,50,0.0,0.0,overall_balking_rate
10,10,5,9,0.3,0.11290775561837917,0.002146204976152934,50,0.00030351921849081044,0.0005948976682419885,overall_balking_rate
10,10,5,9,0.5,0.1930076734479702,0.0028038646759763262,50,0.0003965263451824564,0.0007771916365576146,overall_balking_rate
10,10,5,9,0.7,0.2793880132828334,0.0025844685937936,50,0.00036549905368702307,0.0007163781452265652,overall_balking_rate
10,10,5,12,0.3,0.11290775561837917,0.002146204976152934,50,0.00030351921849081044,0.0005948976682419885,overall_balking_rate
10,10,5,12,0.5,0.1930076734479702,0.0028038646759763262,50,0.0003965263451824564,0.0007771916365576146,overall_balking_rate
10,10,5,12,0.7,0.2793880132828334,0.0025844685937936,50,0.00036549905368702307,0.0007163781452265652,overall_balking_rate
10,10,9,5,0.3,0.11286309546924062,0.0019319666368268836,50,0.00027322134198529146,0.0005355138302911713,overall_balking_rate
10,10,9,5,0.5,0.19417250927628998,0.0026621711623164746,50,0.00037648785631065043,0.0007379161983688748,overall_balking_rate
10,10,9,5,0.7,0.28078420423599965,0.0033895879818255517,50,0.0004793601294754543,0.0009395458537718904,overall_balking_rate
10,10,9,9,0.3,0.0,0.0,50,0.0,0.0,overall_balking_rate
10,10,9,9,0.5,0.0,0.0,50,0.0,0.0,overall_balking_rate
10,10,9,9,0.7,0.0,0.0,50,0.0,0.0,overall_balking_rate
10,10,12,12,0.3,0.0,0.0,50,0.0,0.0,overall_balking_rate
10,10,12,12,0.5,0.0,0.0,50,0.0,0.0,overall_balking_rate
10,10,12,12,0.7,0.0,0.0,50,0.0,0.0,overall_balking_rate
10,14,5,9,0.3,0.174445441996262,0.0026758638119286373,50,0.00037842428938928476,0.0007417116072029981,overall_balking_rate
10,14,5,9,0.5,0.2632412599015684,0.002142226552812339,50,0.0003029565844662973,0.0005937949055539427,overall_balking_rate
10,14,5,9,0.7,0.33719078881130726,0.0026325131108471647,50,0.0003722935744485047,0.0007296954059190692,overall_balking_rate
10,14,5,12,0.3,0.03517233370652634,0.0014921045933561042,50,0.00021101545524033946,0.00041359029227106534,overall_balking_rate
10,14,5,12,0.5,0.06701447404673991,0.002923632841735138,50,0.00041346412161812247,0.00081038967837152,overall_balking_rate
10,14,5,12,0.7,0.11724919438923624,0.006593084166151132,50,0.0009324029045638238,0.0018275096929450947,overall_balking_rate
10,14,9,5,0.3,0.17470960319720605,0.0019913367924782074,50,0.00028161754991752185,0.0005519703978383428,overall_balking_rate
10,14,9,5,0.5,0.2630846088791639,0.0020792384477315877,50,0.00029404872121895927,0.0005763354935891602,overall_balking_rate
10,14,9,5,0.7,0.33661436483549223,0.002645390645442878,50,0.00037411473285602336,0.0007332648763978057,overall_balking_rate
10,14,9,9,0.3,0.1344053011524808,0.0024770628357417934,50,0.00035030958571564025,0.0006866067880026549,overall_balking_rate
10,14,9,9,0.5,0.18843677844278708,0.0028635449047927355,50,0.00040496640408222594,0.0007937341520011628,overall_balking_rate
10,14,9,9,0.7,0.2269012730487306,0.004300158910959558,50,0.0006081343052238525,0.0011919432382387508,overall_balking_rate
10,14,12,12,0.3,0.0009247960029028209,0.0007759746874546103,50,0.00010973939270565334,0.00021508920970308054,overall_balking_rate
10,14,12,12,0.5,0.0011726712463965825,0.0007456475824688353,50,0.00010545049238781378,0.000206682965080115,overall_balking_rate
10,14,12,12,0.7,0.001530228599973804,0.0009417289776610247,50,0.00013318058922879704,0.0002610339548884422,overall_balking_rate
14,2,5,9,0.3,0.10675751801010316,0.0054834469410400145,50,0.000775476503257205,0.0015199339463841217,overall_balking_rate
14,2,5,9,0.5,0.12221658866288548,0.006443457544335974,50,0.0009112425047775174,0.001786035309363934,overall_balking_rate
14,2,5,9,0.7,0.12730929408200867,0.007059222477054629,50,0.000998324816685965,0.0019567166407044915,overall_balking_rate
14,2,5,12,0.3,0.10675751801010316,0.0054834469410400145,50,0.000775476503257205,0.0015199339463841217,overall_balking_rate
14,2,5,12,0.5,0.12221658866288548,0.006443457544335974,50,0.0009112425047775174,0.001786035309363934,overall_balking_rate
14,2,5,12,0.7,0.12730929408200867,0.007059222477054629,50,0.000998324816685965,0.0019567166407044915,overall_balking_rate
14,2,9,5,0.3,1.588016339830876e-05,5.79944247813891e-05,50,8.201650206786678e-06,1.607523440530189e-05,overall_balking_rate
14,2,9,5,0.5,1.684378702441967e-05,6.329205601858383e-05,50,8.950848401195892e-06,1.754366286634395e-05,overall_balking_rate
14,2,9,5,0.7,1.9084611667911873e-05,6.769955351770874e-05,50,9.574162675134687e-06,1.8765358843263986e-05,overall_balking_rate
14,2,9,9,0.3,1.588016339830876e-05,5.79944247813891e-05,50,8.201650206786678e-06,1.607523440530189e-05,overall_balking_rate
14,2,9,9,0.5,1.684378702441967e-05,6.329205601858383e-05,50,8.950848401195892e-06,1.754366286634395e-05,overall_balking_rate
14,2,9,9,0.7,1.9084611667911873e-05,6.769955351770874e-05,50,9.574162675134687e-06,1.8765358843263986e-05,overall_balking_rate
14,2,12,12,0.3,0.0,0.0,50,0.0,0.0,overall_balking_rate
14,2,12,12,0.5,0.0,0.0,50,0.0,0.0,overall_balking_rate
14,2,12,12,0.7,0.0,0.0,50,0.0,0.0,overall_balking_rate
14,5,5,9,0.3,0.1665021429720813,0.004748186811107579,50,0.0006714950184949396,0.0013161302362500816,overall_balking_rate
14,5,5,9,0.5,0.18645999388216927,0.0047175177342537915,50,0.0006671577560517306,0.001307629201861392,overall_balking_rate
14,5,5,9,0.7,0.19755394584687896,0.005890167900000921,50,0.0008329955328835954,0.001632671244451847,overall_balking_rate
14,5,5,12,0.3,0.1665021429720813,0.004748186811107579,50,0.0006714950184949396,0.0013161302362500816,overall_balking_rate
14,5,5,12,0.5,0.18645999388216927,0.0047175177342537915,50,0.0006671577560517306,0.001307629201861392,overall_balking_rate
14,5,5,12,0.7,0.19755394584687896,0.005890167900000921,50,0.0008329955328835954,0.001632671244451847,overall_balking_rate
14,5,9,5,0.3,0.006700169719740651,0.0023575222150689626,50,0.00033340398901463876,0.000653471818468692,overall_balking_rate
14,5,9,5,0.5,0.008362704669856813,0.0028009231260154688,50,0.00039611034719755215,0.0007763762805072022,overall_balking_rate
14,5,9,5,0.7,0.009120217730253156,0.0029266676552900705,50,0.0004138933090669884,0.0008112308857712973,overall_balking_rate
14,5,9,9,0.3,0.006700169719740651,0.0023575222150689626,50,0.00033340398901463876,0.000653471818468692,overall_balking_rate
14,5,9,9,0.5,0.008362704669856813,0.0028009231260154688,50,0.00039611034719755215,0.0007763762805072022,overall_balking_rate
14,5,9,9,0.7,0.009120217730253156,0.0029266676552900705,50,0.0004138933090669884,0.0008112308857712973,overall_balking_rate
14,5,12,12,0.3,0.0,0.0,50,0.0,0.0,overall_balking_rate
14,5,12,12,0.5,0.0,0.0,50,0.0,0.0,overall_balking_rate
14,5,12,12,0.7,0.0,0.0,50,0.0,0.0,overall_balking_rate
14,7,5,9,0.3,0.1988033148438633,0.0026522727087006765,50,0.0003750880035756522,0.0007351724870082783,overall_balking_rate
14,7,5,9,0.5,0.29788082612684996,0.002774800020420593,50,0.0003924159821751944,0.0007691353250633809,overall_balking_rate
14,7,5,9,0.7,0.37684212231061026,0.0028250236109580887,50,0.0003995186704641143,0.000783056594109664,overall_balking_rate
14,7,5,12,0.3,0.1988033148438633,0.0026522727087006765,50,0.0003750880035756522,0.0007351724870082783,overall_balking_rate
14,7,5,12,0.5,0.29788082612684996,0.002774800020420593,50,0.0003924159821751944,0.0007691353250633809,overall_balking_rate
14,7,5,12,0.7,0.37684212231061026,0.0028250236109580887,50,0.0003995186704641143,0.000783056594109664,overall_balking_rate
14,7,9,5,0.3,0.03804736915411418,0.003997578386809307,50,0.000565342957127528,0.0011080721959699548,overall_balking_rate
14,7,9,5,0.5,0.047327194033017904,0.005555551036965749,50,0.0007856735622932873,0.001539920182094843,overall_balking_rate
14,7,9,5,0.7,0.057520652984008026,0.00408151643108169,50,0.0005772135891884357,0.001131338634809334,overall_balking_rate
14,7,9,9,0.3,0.03104538899388987,0.004991136574932915,50,0.0007058533035926525,0.001383472475041599,overall_balking_rate
14,7,9,9,0.5,0.037443058854838,0.005795352086034218,50,0.0008195865518796798,0.0016063896416841725,overall_balking_rate
14,7,9,9,0.7,0.04006806454203917,0.004609559418588038,50,0.0006518901446331842,0.001277704683481041,overall_balking_rate
14,7,12,12,0.3,0.0,0.0,50,0.0,0.0,overall_balking_rate
14,7,12,12,0.5,0.0,0.0,50,0.0,0.0,overall_balking_rate
14,7,12,12,0.7,0.0,0.0,50,0.0,0.0,overall_balking_rate
14,10,5,9,0.3,0.17434122746020578,0.0027122946244483278,50,0.00038357638430464654,0.0007518097132371072,overall_balking_rate
14,10,5,9,0.5,0.263463941756435,0.0027176831879640556,50,0.00038433844226521167,0.0007533033468398149,overall_balking_rate
14,10,5,9,0.7,0.3365426272720874,0.0027370328043966638,50,0.00038707489126378283,0.0007586667868770144,overall_balking_rate
14,10,5,12,0.3,0.17434122746020578,0.0027122946244483278,50,0.00038357638430464654,0.0007518097132371072,overall_balking_rate
14,10,5,12,0.5,0.263463941756435,0.0027176831879640556,50,0.00038433844226521167,0.0007533033468398149,overall_balking_rate
14,10,5,12,0.7,0.3365426272720874,0.0027370328043966638,50,0.00038707489126378283,0.0007586667868770144,overall_balking_rate
14,10,9,5,0.3,0.17411315571833094,0.002137432557071881,50,0.00030227861108688585,0.0005924660777302963,overall_balking_rate
14,10,9,5,0.5,0.2642956319452246,0.0025861196891666495,50,0.00036573255383395685,0.0007168358055145554,overall_balking_rate
14,10,9,5,0.7,0.33686469310790146,0.002870672162172645,50,0.00040597435048714514,0.0007957097269548044,overall_balking_rate
14,10,9,9,0.3,0.1343645260988238,0.0027971547191716563,50,0.0003955774139908462,0.0007753317314220585,overall_balking_rate
14,10,9,9,0.5,0.1888823017219955,0.0025427311068628674,50,0.00035959648167934187,0.0007048091040915101,overall_balking_rate
14,10,9,9,0.7,0.2272451116851983,0.003575582506072446,50,0.0005056637273471632,0.0009911009056004399,overall_balking_rate
14,10,12,12,0.3,0.0008125723806671721,0.0006514637535493344,50,9.213088756639522e-05,0.00018057653963013463,overall_balking_rate
14,10,12,12,0.5,0.0013008936386773398,0.0009659013775684761,50,0.00013659908280721944,0.00026773420230215007,overall_balking_rate
14,10,12,12,0.7,0.0013606148975068737,0.0010127474054386874,50,0.00014322411160295554,0.0002807192587417928,overall_balking_rate
14,14,5,9,0.3,0.2215104792654641,0.0029638013726946775,50,0.00041914480974448087,0.0008215238270991824,overall_balking_rate
14,14,5,9,0.5,0.37571376918062,0.0029120413790070087,50,0.0004118248412383362,0.0008071766888271389,overall_balking_rate
14,14,5,9,0.7,0.41370136263503743,0.0039258088394270325,50,0.000555193210400189,0.0010881786923843703,overall_balking_rate
14,14,5,12,0.3,0.19797269794432876,0.0021616639661368136,50,0.0003057054498203897,0.0005991826816479637,overall_balking_rate
14,14,5,12,0.5,0.3051995087866323,0.0029439201934763543,50,0.0004163331864158286,0.000816013045375024,overall_balking_rate
14,14,5,12,0.7,0.32918392211446845,0.004972152375367299,50,0.0007031685323430034,0.0013782103233922866,overall_balking_rate
14,14,9,5,0.3,0.22140557397009036,0.0021294295952445246,50,0.0003011468213713457,0.0005902477698878375,overall_balking_rate
14,14,9,5,0.5,0.3747318106357947,0.0027751774885516473,50,0.00039246936423022443,0.0007692399538912399,overall_balking_rate
14,14,9,5,0.7,0.4133263151653201,0.003730742381039908,50,0.0005276066472986731,0.0010341090287053992,overall_balking_rate
14,14,9,9,0.3,0.20229114803057402,0.0021581745280272522,50,0.0003052119687504293,0.0005982154587508415,overall_balking_rate
14,14,9,9,0.5,0.3563270093713068,0.0027555174908252787,50,0.00038968902068813895,0.0007637904805487524,overall_balking_rate
14,14,9,9,0.7,0.4061876250565842,0.003843687290360733,50,0.0005435794695549241,0.0010654157603276512,overall_balking_rate
14,14,12,12,0.3,0.1611960066749437,0.002518967185754769,50,0.0003562357557267182,0.0006982220812243676,overall_balking_rate
14,14,12,12,0.5,0.27916970587563084,0.003367023248852609,50,0.000476168994335288,0.0009332912288971645,overall_balking_rate
14,14,12,12,0.7,0.31387250885177204,0.0044302945300141216,50,0.0006265382609653308,0.0012280149914920483,overall_balking_rate
2,2,5,9,0.3,11680.0,0.0,50,0.0,0.0,total_served
2,2,5,9,0.5,11680.0,0.0,50,0.0,0.0,total_served
2,2,5,9,0.7,11680.0,0.0,50,0.0,0.0,total_served
2,2,5,12,0.3,11680.0,0.0,50,0.0,0.0,total_served
2,2,5,12,0.5,11680.0,0.0,50,0.0,0.0,total_served
2,2,5,12,0.7,11680.0,0.0,50,0.0,0.0,total_served
2,2,9,5,0.3,11680.0,0.0,50,0.0,0.0,total_served
2,2,9,5,0.5,11680.0,0.0,50,0.0,0.0,total_served
2,2,9,5,0.7,11680.0,0.0,50,0.0,0.0,total_served
2,2,9,9,0.3,11680.0,0.0,50,0.0,0.0,total_served
2,2,9,9,0.5,11680.0,0.0,50,0.0,0.0,total_served
2,2,9,9,0.7,11680.0,0.0,50,0.0,0.0,total_served
2,2,12,12,0.3,11680.0,0.0,50,0.0,0.0,total_served
2,2,12,12,0.5,11680.0,0.0,50,0.0,0.0,total_served
2,2,12,12,0.7,11680.0,0.0,50,0.0,0.0,total_served
2,5,5,9,0.3,11679.74,5.8302868624073785,50,0.8245270753342193,1.6160730676550699,total_served
2,5,5,9,0.5,11679.74,5.8302868624073785,50,0.8245270753342193,1.6160730676550699,total_served
2,5,5,9,0.7,11679.74,5.8302868624073785,50,0.8245270753342193,1.6160730676550699,total_served
2,5,5,12,0.3,11679.74,5.8302868624073785,50,0.8245270753342193,1.6160730676550699,total_served
2,5,5,12,0.5,11679.74,5.8302868624073785,50,0.8245270753342193,1.6160730676550699,total_served
2,5,5,12,0.7,11679.74,5.8302868624073785,50,0.8245270753342193,1.6160730676550699,total_served
2,5,9,5,0.3,11679.74,5.8302868624073785,50,0.8245270753342193,1.6160730676550699,total_served
2,5,9,5,0.5,11679.74,5.8302868624073785,50,0.8245270753342193,1.6160730676550699,total_served
2,5,9,5,0.7,11679.74,5.8302868624073785,50,0.8245270753342193,1.6160730676550699,total_served
2,5,9,9,0.3,11679.74,5.8302868624073785,50,0.8245270753342193,1.6160730676550699,total_served
2,5,9,9,0.5,11679.74,5.8302868624073785,50,0.8245270753342193,1.6160730676550699,total_served
2,5,9,9,0.7,11679.74,5.8302868624073785,50,0.8245270753342193,1.6160730676550699,total_served
2,5,12,12,0.3,11679.74,5.8302868624073785,50,0.8245270753342193,1.6160730676550699,total_served
2,5,12,12,0.5,11679.74,5.8302868624073785,50,0.8245270753342193,1.6160730676550699,total_served
2,5,12,12,0.7,11679.74,5.8302868624073785,50,0.8245270753342193,1.6160730676550699,total_served
2,7,5,9,0.3,11679.9,9.232263746099857,50,1.3056392601139855,2.5590529498234114,total_served
2,7,5,9,0.5,11679.9,9.232263746099857,50,1.3056392601139855,2.5590529498234114,total_served
2,7,5,9,0.7,11679.9,9.232263746099857,50,1.3056392601139855,2.5590529498234114,total_served
2,7,5,12,0.3,11679.9,9.232263746099857,50,1.3056392601139855,2.5590529498234114,total_served
2,7,5,12,0.5,11679.9,9.232263746099857,50,1.3056392601139855,2.5590529498234114,total_served
2,7,5,12,0.7,11679.9,9.232263746099857,50,1.3056392601139855,2.5590529498234114,total_served
2,7,9,5,0.3,11679.78,11.108536890010662,50,1.570984352797492,3.0791293314830845,total_served
2,7,9,5,0.5,11680.62,7.529235535902827,50,1.0647947009175236,2.086997613798346,total_served
2,7,9,5,0.7,11680.06,7.316210684193515,50,1.034668437476541,2.0279501374540203,total_served
2,7,9,9,0.3,11679.9,9.232263746099857,50,1.3056392601139855,2.5590529498234114,total_served
2,7,9,9,0.5,11679.9,9.232263746099857,50,1.3056392601139855,2.5590529498234114,total_served
2,7,9,9,0.7,11679.9,9.232263746099857,50,1.3056392601139855,2.5590529498234114,total_served
2,7,12,12,0.3,11679.9,9.232263746099857,50,1.3056392601139855,2.5590529498234114,total_served
2,7,12,12,0.5,11679.9,9.232263746099857,50,1.3056392601139855,2.5590529498234114,total_served
2,7,12,12,0.7,11679.9,9.232263746099857,50,1.3056392601139855,2.5590529498234114,total_served
2,10,5,9,0.3,10171.54,116.50912375589914,50,16.47687829557979,32.29468145933639,total_served
2,10,5,9,0.5,10171.54,116.50912375589914,50,16.47687829557979,32.29468145933639,total_served
2,10,5,9,0.7,10171.54,116.50912375589914,50,16.47687829557979,32.29468145933639,total_served
2,10,5,12,0.3,10171.54,116.50912375589914,50,16.47687829557979,32.29468145933639,total_served
2,10,5,12,0.5,10171.54,116.50912375589914,50,16.47687829557979,32.29468145933639,total_served
2,10,5,12,0.7,10171.54,116.50912375589914,50,16.47687829557979,32.29468145933639,total_served
2,10,9,5,0.3,11678.42,10.38265822594239,50,1.4683296076612304,2.8779260310160115,total_served
2,10,9,5,0.5,11680.62,7.529235535902827,50,1.0647947009175236,2.086997613798346,total_served
2,10,9,5,0.7,11680.06,7.316210684193515,50,1.034668437476541,2.0279501374540203,total_served
2,10,9,9,0.3,10171.54,116.50912375589914,50,16.47687829557979,32.29468145933639,total_served
2,10,9,9,0.5,10171.54,116.50912375589914,50,16.47687829557979,32.29468145933639,total_served
2,10,9,9,0.7,10171.54,116.50912375589914,50,16.47687829557979,32.29468145933639,total_served
2,10,12,12,0.3,10171.54,116.50912375589914,50,16.47687829557979,32.29468145933639,total_served
2,10,12,12,0.5,10171.54,116.50912375589914,50,16.47687829557979,32.29468145933639,total_served
2,10,12,12,0.7,10171.54,116.50912375589914,50,16.47687829557979,32.29468145933639,total_served
2,14,5,9,0.3,10172.04,118.71109846159786,50,16.788284544859955,32.90503770792551,total_served
2,14,5,9,0.5,10172.22,118.84465765469335,50,16.807172667085478,32.94205842748754,total_served
2,14,5,9,0.7,10173.4,115.50969567927363,50,16.335537821521765,32.017654130182656,total_served
2,14,5,12,0.3,10162.42,119.72827910032974,50,16.93213561032775,33.18698579624239,total_served
2,14,5,12,0.5,10162.42,119.72827910032974,50,16.93213561032775,33.18698579624239,total_served
2,14,5,12,0.7,10162.42,119.72827910032974,50,16.93213561032775,33.18698579624239,total_served
2,14,9,5,0.3,11678.42,10.38265822594239,50,1.4683296076612304,2.8779260310160115,total_served
2,14,9,5,0.5,11680.62,7.529235535902827,50,1.0647947009175236,2.086997613798346,total_served
2,14,9,5,0.7,11680.06,7.316210684193515,50,1.034668437476541,2.0279501374540203,total_served
2,14,9,9,0.3,10172.04,118.71109846159786,50,16.788284544859955,32.90503770792551,total_served
2,14,9,9,0.5,10172.22,118.84465765469335,50,16.807172667085478,32.94205842748754,total_served
2,14,9,9,0.7,10173.4,115.50969567927363,50,16.335537821521765,32.017654130182656,total_served
2,14,12,12,0.3,10162.42,119.72827910032974,50,16.93213561032775,33.18698579624239,total_served
2,14,12,12,0.5,10162.42,119.72827910032974,50,16.93213561032775,33.18698579624239,total_served
2,14,12,12,0.7,10162.42,119.72827910032974,50,16.93213561032775,33.18698579624239,total_served
5,2,5,9,0.3,11678.66,6.069697232135763,50,0.8583848145184831,1.682434236456227,total_served
5,2,5,9,0.5,11678.66,6.069697232135763,50,0.8583848145184831,1.682434236456227,total_served
5,2,5,9,0.7,11678.66,6.069697232135763,50,0.8583848145184831,1.682434236456227,total_served
5,2,5,12,0.3,11678.66,6.069697232135763,50,0.8583848145184831,1.682434236456227,total_served
5,2,5,12,0.5,11678.66,6.069697232135763,50,0.8583848145184831,1.682434236456227,total_served
5,2,5,12,0.7,11678.66,6.069697232135763,50,0.8583848145184831,1.682434236456227,total_served
5,2,9,5,0.3,11678.66,6.069697232135763,50,0.8583848145184831,1.682434236456227,total_served
5,2,9,5,0.5,11678.66,6.069697232135763,50,0.8583848145184831,1.682434236456227,total_served
5,2,9,5,0.7,11678.66,6.069697232135763,50,0.8583848145184831,1.682434236456227,total_served
5,2,9,9,0.3,11678.66,6.069697232135763,50,0.8583848145184831,1.682434236456227,total_served
5,2,9,9,0.5,11678.66,6.069697232135763,50,0.8583848145184831,1.682434236456227,total_served
5,2,9,9,0.7,11678.66,6.069697232135763,50,0.8583848145184831,1.682434236456227,total_served
5,2,12,12,0.3,11678.66,6.069697232135763,50,0.8583848145184831,1.682434236456227,total_served
5,2,12,12,0.5,11678.66,6.069697232135763,50,0.8583848145184831,1.682434236456227,total_served
5,2,12,12,0.7,11678.66,6.069697232135763,50,0.8583848145184831,1.682434236456227,total_served
5,5,5,9,0.3,11680.6,5.617029500382023,50,0.7943679299690027,1.5569611427392454,total_served
5,5,5,9,0.5,11680.6,5.617029500382023,50,0.7943679299690027,1.5569611427392454,total_served
5,5,5,9,0.7,11680.6,5.617029500382023,50,0.7943679299690027,1.5569611427392454,total_served
5,5,5,12,0.3,11680.6,5.617029500382023,50,0.7943679299690027,1.5569611427392454,total_served
5,5,5,12,0.5,11680.6,5.617029500382023,50,0.7943679299690027,1.5569611427392454,total_served
5,5,5,12,0.7,11680.6,5.617029500382023,50,0.7943679299690027,1.5569611427392454,total_served
5,5,9,5,0.3,11680.6,5.617029500382023,50,0.7943679299690027,1.5569611427392454,total_served
5,5,9,5,0.5,11680.6,5.617029500382023,50,0.7943679299690027,1.5569611427392454,total_served
5,5,9,5,0.7,11680.6,5.617029500382023,50,0.7943679299690027,1.5569611427392454,total_served
5,5,9,9,0.3,11680.6,5.617029500382023,50,0.7943679299690027,1.5569611427392454,total_served
5,5,9,9,0.5,11680.6,5.617029500382023,50,0.7943679299690027,1.5569611427392454,total_served
5,5,9,9,0.7,11680.6,5.617029500382023,50,0.7943679299690027,1.5569611427392454,total_served
5,5,12,12,0.3,11680.6,5.617029500382023,50,0.7943679299690027,1.5569611427392454,total_served
5,5,12,12,0.5,11680.6,5.617029500382023,50,0.7943679299690027,1.5569611427392454,total_served
5,5,12,12,0.7,11680.6,5.617029500382023,50,0.7943679299690027,1.5569611427392454,total_served
5,7,5,9,0.3,11680.7,7.157841425845135,50,1.012271642174616,1.9840524186622475,total_served
5,7,5,9,0.5,11680.7,7.157841425845135,50,1.012271642174616,1.9840524186622475,total_served
5,7,5,9,0.7,11680.7,7.157841425845135,50,1.012271642174616,1.9840524186622475,total_served
5,7,5,12,0.3,11680.7,7.157841425845135,50,1.012271642174616,1.9840524186622475,total_served
5,7,5,12,0.5,11680.7,7.157841425845135,50,1.012271642174616,1.9840524186622475,total_served
5,7,5,12,0.7,11680.7,7.157841425845135,50,1.012271642174616,1.9840524186622475,total_served
5,7,9,5,0.3,11679.16,8.15502849755406,50,1.1532951902780035,2.260458572944887,total_served
5,7,9,5,0.5,11680.7,7.338047340779271,50,1.037756607066587,2.0340029498505103,total_served
5,7,9,5,0.7,11679.82,7.571940683489621,50,1.0708341208075625,2.0988348767828224,total_served
5,7,9,9,0.3,11680.7,7.157841425845135,50,1.012271642174616,1.9840524186622475,total_served
5,7,9,9,0.5,11680.7,7.157841425845135,50,1.012271642174616,1.9840524186622475,total_served
5,7,9,9,0.7,11680.7,7.157841425845135,50,1.012271642174616,1.9840524186622475,total_served
5,7,12,12,0.3,11680.7,7.157841425845135,50,1.012271642174616,1.9840524186622475,total_served
5,7,12,12,0.5,11680.7,7.157841425845135,50,1.012271642174616,1.9840524186622475,total_served
5,7,12,12,0.7,11680.7,7.157841425845135,50,1.012271642174616,1.9840524186622475,total_served
5,10,5,9,0.3,9827.3,36.641812850616404,50,5.181934868327848,10.156592341922583,total_served
5,10,5,9,0.5,9827.3,36.641812850616404,50,5.181934868327848,10.156592341922583,total_served
5,10,5,9,0.7,9827.3,36.641812850616404,50,5.181934868327848,10.156592341922583,total_served
5,10,5,12,0.3,9827.3,36.641812850616404,50,5.181934868327848,10.156592341922583,total_served
5,10,5,12,0.5,9827.3,36.641812850616404,50,5.181934868327848,10.156592341922583,total_served
5,10,5,12,0.7,9827.3,36.641812850616404,50,5.181934868327848,10.156592341922583,total_served
5,10,9,5,0.3,11651.56,17.793784743842597,50,2.516421171068967,4.932185495295175,total_served
5,10,9,5,0.5,11680.74,7.345163617744195,50,1.0387630006063269,2.0359754811884008,total_served
5,10,9,5,0.7,11679.82,7.571940683489621,50,1.0708341208075625,2.0988348767828224,total_served
5,10,9,9,0.3,9827.3,36.641812850616404,50,5.181934868327848,10.156592341922583,total_served
5,10,9,9,0.5,9827.3,36.641812850616404,50,5.181934868327848,10.156592341922583,total_served
5,10,9,9,0.7,9827.3,36.641812850616404,50,5.181934868327848,10.156592341922583,total_served
5,10,12,12,0.3,9827.3,36.641812850616404,50,5.181934868327848,10.156592341922583,total_served
5,10,12,12,0.5,9827.3,36.641812850616404,50,5.181934868327848,10.156592341922583,total_served
5,10,12,12,0.7,9827.3,36.641812850616404,50,5.181934868327848,10.156592341922583,total_served
5,14,5,9,0.3,9821.4,41.49797142816812,50,5.868699400468655,11.502650824918563,total_served
5,14,5,9,0.5,9818.54,41.58502968470224,50,5.881011297179366,11.526782142471559,total_served
5,14,5,9,0.7,9822.56,39.2366758874128,50,5.548903918241658,10.87585167975365,total_served
5,14,5,12,0.3,9840.3,38.635528747936725,50,5.463888874478772,10.709222193978393,total_served
5,14,5,12,0.5,9840.3,38.635528747936725,50,5.463888874478772,10.709222193978393,total_served
5,14,5,12,0.7,9840.3,38.635528747936725,50,5.463888874478772,10.709222193978393,total_served
5,14,9,5,0.3,11651.56,17.793784743842597,50,2.516421171068967,4.932185495295175,total_served
5,14,9,5,0.5,11680.74,7.345163617744195,50,1.0387630006063269,2.0359754811884008,total_served
5,14,9,5,0.7,11679.82,7.571940683489621,50,1.0708341208075625,2.0988348767828224,total_served
5,14,9,9,0.3,9821.4,41.49797142816812,50,5.868699400468655,11.502650824918563,total_served
5,14,9,9,0.5,9818.54,41.58502968470224,50,5.881011297179366,11.526782142471559,total_served
5,14,9,9,0.7,9822.56,39.2366758874128,50,5.548903918241658,10.87585167975365,total_served
5,14,12,12,0.3,9840.3,38.635528747936725,50,5.463888874478772,10.709222193978393,total_served
5,14,12,12,0.5,9840.3,38.635528747936725,50,5.463888874478772,10.709222193978393,total_served
5,14,12,12,0.7,9840.3,38.635528747936725,50,5.463888874478772,10.709222193978393,total_served
7,2,5,9,0.3,11679.9,10.882020370636166,50,1.538950079417396,3.016342155658096,total_served
7,2,5,9,0.5,11680.72,8.60479221013451,50,1.2169013844974583,2.3851267136150183,total_served
7,2,5,9,0.7,11680.82,7.230011149679702,50,1.0224779823985728,2.0040568455012027,total_served
7,2,5,12,0.3,11679.9,10.882020370636166,50,1.538950079417396,3.016342155658096,total_served
7,2,5,12,0.5,11680.72,8.60479221013451,50,1.2169013844974583,2.3851267136150183,total_served
7,2,5,12,0.7,11680.82,7.230011149679702,50,1.0224779823985728,2.0040568455012027,total_served
7,2,9,5,0.3,11680.8,8.79239003053096,50,1.2434317226850875,2.4371261764627716,total_served
7,2,9,5,0.5,11680.8,8.79239003053096,50,1.2434317226850875,2.4371261764627716,total_served
7,2,9,5,0.7,11680.8,8.79239003053096,50,1.2434317226850875,2.4371261764627716,total_served
7,2,9,9,0.3,11680.8,8.79239003053096,50,1.2434317226850875,2.4371261764627716,total_served
7,2,9,9,0.5,11680.8,8.79239003053096,50,1.2434317226850875,2.4371261764627716,total_served
7,2,9,9,0.7,11680.8,8.79239003053096,50,1.2434317226850875,2.4371261764627716,total_served
7,2,12,12,0.3,11680.8,8.79239003053096,50,1.2434317226850875,2.4371261764627716,total_served
7,2,12,12,0.5,11680.8,8.79239003053096,50,1.2434317226850875,2.4371261764627716,total_served
7,2,12,12,0.7,11680.8,8.79239003053096,50,1.2434317226850875,2.4371261764627716,total_served
7,5,5,9,0.3,11682.62,10.346822444300496,50,1.46326166281961,2.8679928591264354,total_served
7,5,5,9,0.5,11680.76,8.728466214002408,50,1.2343915298557546,2.419407398517279,total_served
7,5,5,9,0.7,11681.5,7.8122091782601935,50,1.1048132171991136,2.1654339057102625,total_served
7,5,5,12,0.3,11682.62,10.346822444300496,50,1.46326166281961,2.8679928591264354,total_served
7,5,5,12,0.5,11680.76,8.728466214002408,50,1.2343915298557546,2.419407398517279,total_served
7,5,5,12,0.7,11681.5,7.8122091782601935,50,1.1048132171991136,2.1654339057102625,total_served
7,5,9,5,0.3,11679.8,6.901641330960855,50,0.9760394772879539,1.9130373754843897,total_served
7,5,9,5,0.5,11679.8,6.901641330960855,50,0.9760394772879539,1.9130373754843897,total_served
7,5,9,5,0.7,11679.8,6.901641330960855,50,0.9760394772879539,1.9130373754843897,total_served
7,5,9,9,0.3,11679.8,6.901641330960855,50,0.9760394772879539,1.9130373754843897,total_served
7,5,9,9,0.5,11679.8,6.901641330960855,50,0.9760394772879539,1.9130373754843897,total_served
7,5,9,9,0.7,11679.8,6.901641330960855,50,0.9760394772879539,1.9130373754843897,total_served
7,5,12,12,0.3,11679.8,6.901641330960855,50,0.9760394772879539,1.9130373754843897,total_served
7,5,12,12,0.5,11679.8,6.901641330960855,50,0.9760394772879539,1.9130373754843897,total_served
7,5,12,12,0.7,11679.8,6.901641330960855,50,0.9760394772879539,1.9130373754843897,total_served
7,7,5,9,0.3,11679.52,7.8746298908816375,50,1.1136408390353376,2.182736044509262,total_served
7,7,5,9,0.5,11682.24,8.180514429211083,50,1.156899445297911,2.267522912783906,total_served
7,7,5,9,0.7,11680.76,6.912160240017322,50,0.9775270756728563,1.9159530683187984,total_served
7,7,5,12,0.3,11679.52,7.8746298908816375,50,1.1136408390353376,2.182736044509262,total_served
7,7,5,12,0.5,11682.24,8.180514429211083,50,1.156899445297911,2.267522912783906,total_served
7,7,5,12,0.7,11680.76,6.912160240017322,50,0.9775270756728563,1.9159530683187984,total_served
7,7,9,5,0.3,11679.78,7.967510557871421,50,1.1267761489292587,2.208481251901347,total_served
7,7,9,5,0.5,11680.84,6.996675595434811,50,0.989479351858876,1.9393795296433969,total_served
7,7,9,5,0.7,11678.44,7.418014476631407,50,1.049065667873209,2.05616870903149,total_served
7,7,9,9,0.3,11680.22,8.994987266159232,50,1.2720832985175674,2.493283265094432,total_served
7,7,9,9,0.5,11680.22,8.994987266159232,50,1.2720832985175674,2.493283265094432,total_served
7,7,9,9,0.7,11680.22,8.994987266159232,50,1.2720832985175674,2.493283265094432,total_served
7,7,12,12,0.3,11680.22,8.994987266159232,50,1.2720832985175674,2.493283265094432,total_served
7,7,12,12,0.5,11680.22,8.994987266159232,50,1.2720832985175674,2.493283265094432,total_served
7,7,12,12,0.7,11680.22,8.994987266159232,50,1.2720832985175674,2.493283265094432,total_served
7,10,5,9,0.3,9817.8,42.69301907280715,50,6.037704659141708,11.833901131917747,total_served
7,10,5,9,0.5,9817.14,43.40648404493083,50,6.138603843127254,12.031663532529418,total_served
7,10,5,9,0.7,9821.02,37.36280481539716,50,5.283898529823345,10.356441118453755,total_served
7,10,5,12,0.3,9817.8,42.69301907280715,50,6.037704659141708,11.833901131917747,total_served
7,10,5,12,0.5,9817.14,43.40648404493083,50,6.138603843127254,12.031663532529418,total_served
7,10,5,12,0.7,9821.02,37.36280481539716,50,5.283898529823345,10.356441118453755,total_served
7,10,9,5,0.3,10176.0,48.6037707447912,50,6.873611176975638,13.47227790687225,total_served
7,10,9,5,0.5,10813.62,29.78212722491156,50,4.211828823779092,8.25518449460702,total_served
7,10,9,5,0.7,11297.28,23.286187549967288,50,3.2931642249127253,6.454601880828942,total_served
7,10,9,9,0.3,9817.26,36.90960275470612,50,5.2198060797508745,10.230819916311713,total_served
7,10,9,9,0.5,9817.26,36.90960275470612,50,5.2198060797508745,10.230819916311713,total_served
7,10,9,9,0.7,9817.26,36.90960275470612,50,5.2198060797508745,10.230819916311713,total_served
7,10,12,12,0.3,9817.26,36.90960275470612,50,5.2198060797508745,10.230819916311713,total_served
7,10,12,12,0.5,9817.26,36.90960275470612,50,5.2198060797508745,10.230819916311713,total_served
7,10,12,12,0.7,9817.26,36.90960275470612,50,5.2198060797508745,10.230819916311713,total_served
7,14,5,9,0.3,9826.94,33.93656146520498,50,4.799354548440104,9.406734914942604,total_served
7,14,5,9,0.5,9809.66,47.20541736465673,50,6.675854145457995,13.08467412509767,total_served
7,14,5,9,0.7,9818.82,43.4011614628748,50,6.137851116354207,12.030188188054245,total_served
7,14,5,12,0.3,9814.1,35.53569633883249,50,5.025506371074884,9.849992487306771,total_served
7,14,5,12,0.5,9818.5,47.11828363874489,50,6.663531575765533,13.060521888500444,total_served
7,14,5,12,0.7,9816.96,38.06383467550408,50,5.383039123402517,10.550756681868933,total_served
7,14,9,5,0.3,10176.0,48.6037707447912,50,6.873611176975638,13.47227790687225,total_served
7,14,9,5,0.5,10813.62,29.78212722491156,50,4.211828823779092,8.25518449460702,total_served
7,14,9,5,0.7,11297.28,23.286187549967288,50,3.2931642249127253,6.454601880828942,total_served
7,14,9,9,0.3,9811.4,43.20194629024611,50,6.109677836458007,11.974968559457695,total_served
7,14,9,9,0.5,9823.88,31.75906748232557,50,4.491410396182716,8.803164376518124,total_served
7,14,9,9,0.7,9812.4,40.98083175618272,50,5.7955648066923615,11.359307021117028,total_served
7,14,12,12,0.3,9816.72,42.717410301387694,50,6.041154099767864,11.840662035545012,total_served
7,14,12,12,0.5,9816.72,42.717410301387694,50,6.041154099767864,11.840662035545012,total_served
7,14,12,12,0.7,9816.72,42.717410301387694,50,6.041154099767864,11.840662035545012,total_served
10,2,5,9,0.3,11679.56,10.88935072369663,50,1.539986747888905,3.018374025862254,total_served
10,2,5,9,0.5,11680.72,8.60479221013451,50,1.2169013844974583,2.3851267136150183,total_served
10,2,5,9,0.7,11680.82,7.230011149679702,50,1.0224779823985728,2.0040568455012027,total_served
10,2,5,12,0.3,11679.56,10.88935072369663,50,1.539986747888905,3.018374025862254,total_served
10,2,5,12,0.5,11680.72,8.60479221013451,50,1.2169013844974583,2.3851267136150183,total_served
10,2,5,12,0.7,11680.82,7.230011149679702,50,1.0224779823985728,2.0040568455012027,total_served
10,2,9,5,0.3,10128.18,117.86219729421475,50,16.6682317904572,32.66973430929611,total_served
10,2,9,5,0.5,10128.18,117.86219729421475,50,16.6682317904572,32.66973430929611,total_served
10,2,9,5,0.7,10128.18,117.86219729421475,50,16.6682317904572,32.66973430929611,total_served
10,2,9,9,0.3,10128.18,117.86219729421475,50,16.6682317904572,32.66973430929611,total_served
10,2,9,9,0.5,10128.18,117.86219729421475,50,16.6682317904572,32.66973430929611,total_served
10,2,9,9,0.7,10128.18,117.86219729421475,50,16.6682317904572,32.66973430929611,total_served
10,2,12,12,0.3,10128.18,117.86219729421475,50,16.6682317904572,32.66973430929611,total_served
10,2,12,12,0.5,10128.18,117.86219729421475,50,16.6682317904572,32.66973430929611,total_served
10,2,12,12,0.7,10128.18,117.86219729421475,50,16.6682317904572,32.66973430929611,total_served
10,5,5,9,0.3,11654.6,18.329189389426634,50,2.5921388221832173,5.080592091479106,total_served
10,5,5,9,0.5,11680.76,8.728466214002408,50,1.2343915298557546,2.419407398517279,total_served
10,5,5,9,0.7,11681.5,7.8122091782601935,50,1.1048132171991136,2.1654339057102625,total_served
10,5,5,12,0.3,11654.6,18.329189389426634,50,2.5921388221832173,5.080592091479106,total_served
10,5,5,12,0.5,11680.76,8.728466214002408,50,1.2343915298557546,2.419407398517279,total_served
10,5,5,12,0.7,11681.5,7.8122091782601935,50,1.1048132171991136,2.1654339057102625,total_served
10,5,9,5,0.3,9829.06,41.16041787931686,50,5.820962119787393,11.409085754783291,total_served
10,5,9,5,0.5,9829.06,41.16041787931686,50,5.820962119787393,11.409085754783291,total_served
10,5,9,5,0.7,9829.06,41.16041787931686,50,5.820962119787393,11.409085754783291,total_served
10,5,9,9,0.3,9829.06,41.16041787931686,50,5.820962119787393,11.409085754783291,total_served
10,5,9,9,0.5,9829.06,41.16041787931686,50,5.820962119787393,11.409085754783291,total_served
10,5,9,9,0.7,9829.06,41.16041787931686,50,5.820962119787393,11.409085754783291,total_served
10,5,12,12,0.3,9829.06,41.16041787931686,50,5.820962119787393,11.409085754783291,total_served
10,5,12,12,0.5,9829.06,41.16041787931686,50,5.820962119787393,11.409085754783291,total_served
10,5,12,12,0.7,9829.06,41.16041787931686,50,5.820962119787393,11.409085754783291,total_served
10,7,5,9,0.3,10169.62,47.215480858009315,50,6.677277338336403,13.087463583139348,total_served
10,7,5,9,0.5,10815.42,34.68169546028584,50,4.904732408602963,9.613275520861807,total_served
10,7,5,9,0.7,11293.62,21.309085922608997,50,3.013559831352724,5.906577269451339,total_served
10,7,5,12,0.3,10169.62,47.215480858009315,50,6.677277338336403,13.087463583139348,total_served
10,7,5,12,0.5,10815.42,34.68169546028584,50,4.904732408602963,9.613275520861807,total_served
10,7,5,12,0.7,11293.62,21.309085922608997,50,3.013559831352724,5.906577269451339,total_served
10,7,9,5,0.3,9824.26,31.44727365620367,50,4.4473160904261375,8.71673953723523,total_served
10,7,9,5,0.5,9824.32,39.78177205398352,50,5.625992157397847,11.02694462849978,total_served
10,7,9,5,0.7,9819.0,44.734591464205835,50,6.326426595589958,12.399796127356318,total_served
10,7,9,9,0.3,9823.94,43.43863135364182,50,6.143150159124541,12.0405743118841,total_served
10,7,9,9,0.5,9823.94,43.43863135364182,50,6.143150159124541,12.0405743118841,total_served
10,7,9,9,0.7,9823.94,43.43863135364182,50,6.143150159124541,12.0405743118841,total_served
10,7,12,12,0.3,9823.94,43.43863135364182,50,6.143150159124541,12.0405743118841,total_served
10,7,12,12,0.5,9823.94,43.43863135364182,50,6.143150159124541,12.0405743118841,total_served
10,7,12,12,0.7,9823.94,43.43863135364182,50,6.143150159124541,12.0405743118841,total_served
10,10,5,9,0.3,9816.76,45.85939469326468,50,6.485497793743566,12.711575675737388,total_served
10,10,5,9,0.5,9827.96,40.899558402885475,50,5.784071018843112,11.336779196932499,total_served
10,10,5,9,0.7,9819.38,44.724503624856254,50,6.324999959667636,12.396999920948566,total_served
10,10,5,12,0.3,9816.76,45.85939469326468,50,6.485497793743566,12.711575675737388,total_served
10,10,5,12,0.5,9827.96,40.899558402885475,50,5.784071018843112,11.336779196932499,total_served
10,10,5,12,0.7,9819.38,44.724503624856254,50,6.324999959667636,12.396999920948566,total_served
10,10,9,5,0.3,9821.28,42.65286554002567,50,6.032026092078033,11.822771140472945,total_served
10,10,9,5,0.5,9817.94,45.50730374211996,50,6.435704613913795,12.613981043271037,total_served
10,10,9,5,0.7,9825.14,44.363070687412254,50,6.273885623465471,12.296815821992324,total_served
10,10,9,9,0.3,9826.84,46.43905815635091,50,6.567474586854435,12.872250190234693,total_served
10,10,9,9,0.5,9826.84,46.43905815635091,50,6.567474586854435,12.872250190234693,total_served
10,10,9,9,0.7,9826.84,46.43905815635091,50,6.567474586854435,12.872250190234693,total_served
10,10,12,12,0.3,9826.84,46.43905815635091,50,6.567474586854435,12.872250190234693,total_served
10,10,12,12,0.5,9826.84,46.43905815635091,50,6.567474586854435,12.872250190234693,total_served
10,10,12,12,0.7,9826.84,46.43905815635091,50,6.567474586854435,12.872250190234693,total_served
10,14,5,9,0.3,9827.94,54.26782035912838,50,7.674628755230612,15.042272360251998,total_served
10,14,5,9,0.5,9819.72,35.58149025799242,50,5.031982609229904,9.862685914090612,total_served
10,14,5,9,0.7,9810.66,35.79853491472556,50,5.062677358949165,9.922847623540363,total_served
10,14,5,12,0.3,9805.16,45.43367446630526,50,6.425291861869309,12.593572049263845,total_served
10,14,5,12,0.5,9810.38,44.507687939437204,50,6.294337591382153,12.336901679109019,total_served
10,14,5,12,0.7,9823.58,41.52259773242708,50,5.872182085816069,11.509476888199496,total_served
10,14,9,5,0.3,9810.96,42.1711575678478,50,5.963902297342314,11.689248502790935,total_served
10,14,9,5,0.5,9819.74,41.36044151661068,50,5.8492497338530045,11.464529478351889,total_served
10,14,9,5,0.7,9822.28,41.436964667025656,50,5.860071741568242,11.485740613473753,total_served
10,14,9,9,0.3,9812.46,42.23366004523336,50,5.9727414824623715,11.706573305626248,total_served
10,14,9,9,0.5,9817.96,41.87150411846745,50,5.921524900129757,11.606188804254323,total_served
10,14,9,9,0.7,9822.06,38.15511306576391,50,5.395947837148221,10.576057760810512,total_served
10,14,12,12,0.3,9809.92,40.978760053351955,50,5.7952718236683145,11.358732774389896,total_served
10,14,12,12,0.5,9817.46,39.89230911504886,50,5.641624458488193,11.057583938636858,total_served
10,14,12,12,0.7,9816.82,31.401735295869297,50,4.440875993746827,8.704116947743781,total_served
14,2,5,9,0.3,11679.56,10.88935072369663,50,1.539986747888905,3.018374025862254,total_served
14,2,5,9,0.5,11680.72,8.60479221013451,50,1.2169013844974583,2.3851267136150183,total_served
14,2,5,9,0.7,11680.82,7.230011149679702,50,1.0224779823985728,2.0040568455012027,total_served
14,2,5,12,0.3,11679.56,10.88935072369663,50,1.539986747888905,3.018374025862254,total_served
14,2,5,12,0.5,11680.72,8.60479221013451,50,1.2169013844974583,2.3851267136150183,total_served
14,2,5,12,0.7,11680.82,7.230011149679702,50,1.0224779823985728,2.0040568455012027,total_served
14,2,9,5,0.3,10126.68,116.33807876799652,50,16.45268888141301,32.2472702075695,total_served
14,2,9,5,0.5,10121.0,120.90255816742963,50,17.0982037485981,33.512479347252274,total_served
14,2,9,5,0.7,10131.34,115.13108943765768,50,16.281994813352526,31.91270983417095,total_served
14,2,9,9,0.3,10126.68,116.33807876799652,50,16.45268888141301,32.2472702075695,total_served
14,2,9,9,0.5,10121.0,120.90255816742963,50,17.0982037485981,33.512479347252274,total_served
14,2,9,9,0.7,10131.34,115.13108943765768,50,16.281994813352526,31.91270983417095,total_served
14,2,12,12,0.3,10123.38,119.00486870506658,50,16.829829931113466,32.986466664982395,total_served
14,2,12,12,0.5,10123.38,119.00486870506658,50,16.829829931113466,32.986466664982395,total_served
14,2,12,12,0.7,10123.38,119.00486870506658,50,16.829829931113466,32.986466664982395,total_served
14,5,5,9,0.3,11654.6,18.329189389426634,50,2.5921388221832173,5.080592091479106,total_served
14,5,5,9,0.5,11680.76,8.728466214002408,50,1.2343915298557546,2.419407398517279,total_served
14,5,5,9,0.7,11681.5,7.8122091782601935,50,1.1048132171991136,2.1654339057102625,total_served
14,5,5,12,0.3,11654.6,18.329189389426634,50,2.5921388221832173,5.080592091479106,total_served
14,5,5,12,0.5,11680.76,8.728466214002408,50,1.2343915298557546,2.419407398517279,total_served
14,5,5,12,0.7,11681.5,7.8122091782601935,50,1.1048132171991136,2.1654339057102625,total_served
14,5,9,5,0.3,9812.2,40.47422964438139,50,5.723920448968733,11.218884079978716,total_served
14,5,9,5,0.5,9820.34,35.21166898420261,50,4.979681983125139,9.760176686925272,total_served
14,5,9,5,0.7,9829.46,41.236109596976966,50,5.831666545154817,11.43006642850344,total_served
14,5,9,9,0.3,9812.2,40.47422964438139,50,5.723920448968733,11.218884079978716,total_served
14,5,9,9,0.5,9820.34,35.21166898420261,50,4.979681983125139,9.760176686925272,total_served
14,5,9,9,0.7,9829.46,41.236109596976966,50,5.831666545154817,11.43006642850344,total_served
14,5,12,12,0.3,9818.18,39.252032314471705,50,5.551075644983287,10.880108264167243,total_served
14,5,12,12,0.5,9818.18,39.252032314471705,50,5.551075644983287,10.880108264167243,total_served
14,5,12,12,0.7,9818.18,39.252032314471705,50,5.551075644983287,10.880108264167243,total_served
14,7,5,9,0.3,10169.62,47.215480858009315,50,6.677277338336403,13.087463583139348,total_served
14,7,5,9,0.5,10815.42,34.68169546028584,50,4.904732408602963,9.613275520861807,total_served
14,7,5,9,0.7,11293.62,21.309085922608997,50,3.013559831352724,5.906577269451339,total_served
14,7,5,12,0.3,10169.62,47.215480858009315,50,6.677277338336403,13.087463583139348,total_served
14,7,5,12,0.5,10815.42,34.68169546028584,50,4.904732408602963,9.613275520861807,total_served
14,7,5,12,0.7,11293.62,21.309085922608997,50,3.013559831352724,5.906577269451339,total_served
14,7,9,5,0.3,9814.26,41.69706591742927,50,5.8968556131593415,11.55783700179231,total_served
14,7,9,5,0.5,9826.86,39.12773952070314,50,5.533497989518012,10.845656059455303,total_served
14,7,9,5,0.7,9827.06,33.910693033920985,50,4.79569619980419,9.399564551616212,total_served
14,7,9,9,0.3,9816.18,40.89293636923074,50,5.7831345218626105,11.334943662850716,total_served
14,7,9,9,0.5,9812.36,44.911141293056914,50,6.351394511829542,12.448733243185902,total_served
14,7,9,9,0.7,9818.2,35.038171604519306,50,4.955145748386707,9.712085666837947,total_served
14,7,12,12,0.3,9812.94,35.65561466505434,50,5.042465383406886,9.883232151477497,total_served
14,7,12,12,0.5,9812.94,35.65561466505434,50,5.042465383406886,9.883232151477497,total_served
14,7,12,12,0.7,9812.94,35.65561466505434,50,5.042465383406886,9.883232151477497,total_served
14,10,5,9,0.3,9819.58,37.02293277173534,50,5.235833364461544,10.262233394344626,total_served
14,10,5,9,0.5,9811.74,42.53872665355789,50,6.015884415954343,11.791133455270511,total_served
14,10,5,9,0.7,9828.0,43.54120731782548,50,6.157656591096745,12.06900691854962,total_served
14,10,5,12,0.3,9819.58,37.02293277173534,50,5.235833364461544,10.262233394344626,total_served
14,10,5,12,0.5,9811.74,42.53872665355789,50,6.015884415954343,11.791133455270511,total_served
14,10,5,12,0.7,9828.0,43.54120731782548,50,6.157656591096745,12.06900691854962,total_served
14,10,9,5,0.3,9816.0,39.30622841022477,50,5.558740130347452,10.895130655481006,total_served
14,10,9,5,0.5,9814.7,30.30070383772018,50,4.285166631675437,8.398926598083856,total_served
14,10,9,5,0.7,9821.24,38.61561490233847,50,5.461072631426366,10.703702357595677,total_served
14,10,9,9,0.3,9819.36,39.406702009497195,50,5.572949243022603,10.922980516324301,total_served
14,10,9,9,0.5,9812.42,40.296903208103565,50,5.698842703853594,11.169731699553044,total_served
14,10,9,9,0.7,9814.5,37.1451922342912,50,5.253123463469039,10.296121988399316,total_served
14,10,12,12,0.3,9806.16,44.3613915609563,50,6.273648159124776,12.29635039188456,total_served
14,10,12,12,0.5,9820.9,36.59667097606831,50,5.175550843206162,10.144079652684077,total_served
14,10,12,12,0.7,9803.94,44.215801958769944,50,6.253058680129532,12.255995013053882,total_served
14,14,5,9,0.3,9800.74,45.03912584789905,50,6.369494261152746,12.484208751859383,total_served
14,14,5,9,0.5,9799.46,41.72172634227398,50,5.900343123886269,11.564672522817087,total_served
14,14,5,9,0.7,9819.08,39.99328515067068,50,5.655904626393299,11.085573067730865,total_served
14,14,5,12,0.3,9793.88,40.95175857777348,50,5.791453238371599,11.351248347208333,total_served
14,14,5,12,0.5,9804.16,38.153481666360406,50,5.3957171224320115,10.575605559966743,total_served
14,14,5,12,0.7,9796.62,44.93527771888644,50,6.354807917905076,12.455423519093948,total_served
14,14,9,5,0.3,9797.22,37.741489106817056,50,5.337452575901711,10.461407048767354,total_served
14,14,9,5,0.5,9825.88,44.284626714756534,50,6.262791970463857,12.275072262109159,total_served
14,14,9,5,0.7,9823.24,41.00401174997219,50,5.798842952851642,11.365732187589217,total_served
14,14,9,9,0.3,9792.7,45.1800253859773,50,6.389420464920983,12.523264111245126,total_served
14,14,9,9,0.5,9818.48,44.83768458767319,50,6.341006164929452,12.428372083261724,total_served
14,14,9,9,0.7,9828.08,43.693664604043214,50,6.179217307281916,12.111265922272555,total_served
14,14,12,12,0.3,9803.5,43.606894231185535,50,6.166946123471166,12.087214402003486,total_served
14,14,12,12,0.5,9794.2,38.79459251188588,50,5.4863838877046724,10.753312419901158,total_served
14,14,12,12,0.7,9804.38,40.87256951520805,50,5.780254213744434,11.32929825893909,total_served
2,2,5,9,0.3,36498.1,168.33473091626993,50,23.806125948021446,46.66000685812203,total_arrivals
2,2,5,9,0.5,36498.1,168.33473091626993,50,23.806125948021446,46.66000685812203,total_arrivals
2,2,5,9,0.7,36498.1,168.33473091626993,50,23.806125948021446,46.66000685812203,total_arrivals
2,2,5,12,0.3,36498.1,168.33473091626993,50,23.806125948021446,46.66000685812203,total_arrivals
2,2,5,12,0.5,36498.1,168.33473091626993,50,23.806125948021446,46.66000685812203,total_arrivals
2,2,5,12,0.7,36498.1,168.33473091626993,50,23.806125948021446,46.66000685812203,total_arrivals
2,2,9,5,0.3,36498.1,168.33473091626993,50,23.806125948021446,46.66000685812203,total_arrivals
2,2,9,5,0.5,36498.1,168.33473091626993,50,23.806125948021446,46.66000685812203,total_arrivals
2,2,9,5,0.7,36498.1,168.33473091626993,50,23.806125948021446,46.66000685812203,total_arrivals
2,2,9,9,0.3,36498.1,168.33473091626993,50,23.806125948021446,46.66000685812203,total_arrivals
2,2,9,9,0.5,36498.1,168.33473091626993,50,23.806125948021446,46.66000685812203,total_arrivals
2,2,9,9,0.7,36498.1,168.33473091626993,50,23.806125948021446,46.66000685812203,total_arrivals
2,2,12,12,0.3,36498.1,168.33473091626993,50,23.806125948021446,46.66000685812203,total_arrivals
2,2,12,12,0.5,36498.1,168.33473091626993,50,23.806125948021446,46.66000685812203,total_arrivals
2,2,12,12,0.7,36498.1,168.33473091626993,50,23.806125948021446,46.66000685812203,total_arrivals
2,5,5,9,0.3,36480.36,203.37225946123328,50,28.76118075405361,56.37191427794507,total_arrivals
2,5,5,9,0.5,36480.36,203.37225946123328,50,28.76118075405361,56.37191427794507,total_arrivals
2,5,5,9,0.7,36480.36,203.37225946123328,50,28.76118075405361,56.37191427794507,total_arrivals
2,5,5,12,0.3,36480.36,203.37225946123328,50,28.76118075405361,56.37191427794507,total_arrivals
2,5,5,12,0.5,36480.36,203.37225946123328,50,28.76118075405361,56.37191427794507,total_arrivals
2,5,5,12,0.7,36480.36,203.37225946123328,50,28.76118075405361,56.37191427794507,total_arrivals
2,5,9,5,0.3,36480.36,203.37225946123328,50,28.76118075405361,56.37191427794507,total_arrivals
2,5,9,5,0.5,36480.36,203.37225946123328,50,28.76118075405361,56.37191427794507,total_arrivals
2,5,9,5,0.7,36480.36,203.37225946123328,50,28.76118075405361,56.37191427794507,total_arrivals
2,5,9,9,0.3,36480.36,203.37225946123328,50,28.76118075405361,56.37191427794507,total_arrivals
2,5,9,9,0.5,36480.36,203.37225946123328,50,28.76118075405361,56.37191427794507,total_arrivals
2,5,9,9,0.7,36480.36,203.37225946123328,50,28.76118075405361,56.37191427794507,total_arrivals
2,5,12,12,0.3,36480.36,203.37225946123328,50,28.76118075405361,56.37191427794507,total_arrivals
2,5,12,12,0.5,36480.36,203.37225946123328,50,28.76118075405361,56.37191427794507,total_arrivals
2,5,12,12,0.7,36480.36,203.37225946123328,50,28.76118075405361,56.37191427794507,total_arrivals
2,7,5,9,0.3,36528.52,166.65058643516426,50,23.567951951403902,46.193185824751644,total_arrivals
2,7,5,9,0.5,36528.52,166.65058643516426,50,23.567951951403902,46.193185824751644,total_arrivals
2,7,5,9,0.7,36528.52,166.65058643516426,50,23.567951951403902,46.193185824751644,total_arrivals
2,7,5,12,0.3,36528.52,166.65058643516426,50,23.567951951403902,46.193185824751644,total_arrivals
2,7,5,12,0.5,36528.52,166.65058643516426,50,23.567951951403902,46.193185824751644,total_arrivals
2,7,5,12,0.7,36528.52,166.65058643516426,50,23.567951951403902,46.193185824751644,total_arrivals
2,7,9,5,0.3,36556.44,160.66305977265154,50,22.721187810284302,44.533528108157235,total_arrivals
2,7,9,5,0.5,36512.18,206.2288890865631,50,29.16516918993543,57.163731612273445,total_arrivals
2,7,9,5,0.7,36520.28,196.30651168672895,50,27.761933120952456,54.41338891706681,total_arrivals
2,7,9,9,0.3,36528.52,166.65058643516426,50,23.567951951403902,46.193185824751644,total_arrivals
2,7,9,9,0.5,36528.52,166.65058643516426,50,23.567951951403902,46.193185824751644,total_arrivals
2,7,9,9,0.7,36528.52,166.65058643516426,50,23.567951951403902,46.193185824751644,total_arrivals
2,7,12,12,0.3,36528.52,166.65058643516426,50,23.567951951403902,46.193185824751644,total_arrivals
2,7,12,12,0.5,36528.52,166.65058643516426,50,23.567951951403902,46.193185824751644,total_arrivals
2,7,12,12,0.7,36528.52,166.65058643516426,50,23.567951951403902,46.193185824751644,total_arrivals
2,10,5,9,0.3,36471.92,178.17840635103852,50,25.198231878366308,49.388534481597965,total_arrivals
2,10,5,9,0.5,36471.92,178.17840635103852,50,25.198231878366308,49.388534481597965,total_arrivals
2,10,5,9,0.7,36471.92,178.17840635103852,50,25.198231878366308,49.388534481597965,total_arrivals
2,10,5,12,0.3,36471.92,178.17840635103852,50,25.198231878366308,49.388534481597965,total_arrivals
2,10,5,12,0.5,36471.92,178.17840635103852,50,25.198231878366308,49.388534481597965,total_arrivals
2,10,5,12,0.7,36471.92,178.17840635103852,50,25.198231878366308,49.388534481597965,total_arrivals
2,10,9,5,0.3,36502.62,184.49543880208907,50,26.09159517498897,51.13952654297838,total_arrivals
2,10,9,5,0.5,36512.18,206.2288890865631,50,29.16516918993543,57.163731612273445,total_arrivals
2,10,9,5,0.7,36520.28,196.30651168672895,50,27.761933120952456,54.41338891706681,total_arrivals
2,10,9,9,0.3,36471.92,178.17840635103852,50,25.198231878366308,49.388534481597965,total_arrivals
2,10,9,9,0.5,36471.92,178.17840635103852,50,25.198231878366308,49.388534481597965,total_arrivals
2,10,9,9,0.7,36471.92,178.17840635103852,50,25.198231878366308,49.388534481597965,total_arrivals
2,10,12,12,0.3,36471.92,178.17840635103852,50,25.198231878366308,49.388534481597965,total_arrivals
2,10,12,12,0.5,36471.92,178.17840635103852,50,25.198231878366308,49.388534481597965,total_arrivals
2,10,12,12,0.7,36471.92,178.17840635103852,50,25.198231878366308,49.388534481597965,total_arrivals
2,14,5,9,0.3,36458.5,175.3427256220555,50,24.797206063817526,48.60252388508235,total_arrivals
2,14,5,9,0.5,36459.18,174.2079088623817,50,24.636718738583628,48.28796872762391,total_arrivals
2,14,5,9,0.7,36474.62,192.43699101317273,50,27.214700259309826,53.34081250824726,total_arrivals
2,14,5,12,0.3,36464.7,172.38273150884064,50,24.378599681872227,47.782055376469565,total_arrivals
2,14,5,12,0.5,36464.7,172.38273150884064,50,24.378599681872227,47.782055376469565,total_arrivals
2,14,5,12,0.7,36464.7,172.38273150884064,50,24.378599681872227,47.782055376469565,total_arrivals
2,14,9,5,0.3,36502.62,184.49543880208907,50,26.09159517498897,51.13952654297838,total_arrivals
2,14,9,5,0.5,36512.18,206.2288890865631,50,29.16516918993543,57.163731612273445,total_arrivals
2,14,9,5,0.7,36520.28,196.30651168672895,50,27.761933120952456,54.41338891706681,total_arrivals
2,14,9,9,0.3,36458.5,175.3427256220555,50,24.797206063817526,48.60252388508235,total_arrivals
2,14,9,9,0.5,36459.18,174.2079088623817,50,24.636718738583628,48.28796872762391,total_arrivals
2,14,9,9,0.7,36474.62,192.43699101317273,50,27.214700259309826,53.34081250824726,total_arrivals
2,14,12,12,0.3,36464.7,172.38273150884064,50,24.378599681872227,47.782055376469565,total_arrivals
2,14,12,12,0.5,36464.7,172.38273150884064,50,24.378599681872227,47.782055376469565,total_arrivals
2,14,12,12,0.7,36464.7,172.38273150884064,50,24.378599681872227,47.782055376469565,total_arrivals
5,2,5,9,0.3,36468.06,185.64673606676902,50,26.254413195592317,51.45864986336094,total_arrivals
5,2,5,9,0.5,36468.06,185.64673606676902,50,26.254413195592317,51.45864986336094,total_arrivals
5,2,5,9,0.7,36468.06,185.64673606676902,50,26.254413195592317,51.45864986336094,total_arrivals
5,2,5,12,0.3,36468.06,185.64673606676902,50,26.254413195592317,51.45864986336094,total_arrivals
5,2,5,12,0.5,36468.06,185.64673606676902,50,26.254413195592317,51.45864986336094,total_arrivals
5,2,5,12,0.7,36468.06,185.64673606676902,50,26.254413195592317,51.45864986336094,total_arrivals
5,2,9,5,0.3,36468.06,185.64673606676902,50,26.254413195592317,51.45864986336094,total_arrivals
5,2,9,5,0.5,36468.06,185.64673606676902,50,26.254413195592317,51.45864986336094,total_arrivals
5,2,9,5,0.7,36468.06,185.64673606676902,50,26.254413195592317,51.45864986336094,total_arrivals
5,2,9,9,0.3,36468.06,185.64673606676902,50,26.254413195592317,51.45864986336094,total_arrivals
5,2,9,9,0.5,36468.06,185.64673606676902,50,26.254413195592317,51.45864986336094,total_arrivals
5,2,9,9,0.7,36468.06,185.64673606676902,50,26.254413195592317,51.45864986336094,total_arrivals
5,2,12,12,0.3,36468.06,185.64673606676902,50,26.254413195592317,51.45864986336094,total_arrivals
5,2,12,12,0.5,36468.06,185.64673606676902,50,26.254413195592317,51.45864986336094,total_arrivals
5,2,12,12,0.7,36468.06,185.64673606676902,50,26.254413195592317,51.45864986336094,total_arrivals
5,5,5,9,0.3,36471.28,192.9752061900226,50,27.290815379567437,53.48999814395218,total_arrivals
5,5,5,9,0.5,36471.28,192.9752061900226,50,27.290815379567437,53.48999814395218,total_arrivals
5,5,5,9,0.7,36471.28,192.9752061900226,50,27.290815379567437,53.48999814395218,total_arrivals
5,5,5,12,0.3,36471.28,192.9752061900226,50,27.290815379567437,53.48999814395218,total_arrivals
5,5,5,12,0.5,36471.28,192.9752061900226,50,27.290815379567437,53.48999814395218,total_arrivals
5,5,5,12,0.7,36471.28,192.9752061900226,50,27.290815379567437,53.48999814395218,total_arrivals
5,5,9,5,0.3,36471.28,192.9752061900226,50,27.290815379567437,53.48999814395218,total_arrivals
5,5,9,5,0.5,36471.28,192.9752061900226,50,27.290815379567437,53.48999814395218,total_arrivals
5,5,9,5,0.7,36471.28,192.9752061900226,50,27.290815379567437,53.48999814395218,total_arrivals
5,5,9,9,0.3,36471.28,192.9752061900226,50,27.290815379567437,53.48999814395218,total_arrivals
5,5,9,9,0.5,36471.28,192.9752061900226,50,27.290815379567437,53.48999814395218,total_arrivals
5,5,9,9,0.7,36471.28,192.9752061900226,50,27.290815379567437,53.48999814395218,total_arrivals
5,5,12,12,0.3,36471.28,192.9752061900226,50,27.290815379567437,53.48999814395218,total_arrivals
5,5,12,12,0.5,36471.28,192.9752061900226,50,27.290815379567437,53.48999814395218,total_arrivals
5,5,12,12,0.7,36471.28,192.9752061900226,50,27.290815379567437,53.48999814395218,total_arrivals
5,7,5,9,0.3,36436.04,226.11916309407974,50,31.97807871601014,62.67703428337987,total_arrivals
5,7,5,9,0.5,36436.04,226.11916309407974,50,31.97807871601014,62.67703428337987,total_arrivals
5,7,5,9,0.7,36436.04,226.11916309407974,50,31.97807871601014,62.67703428337987,total_arrivals
5,7,5,12,0.3,36436.04,226.11916309407974,50,31.97807871601014,62.67703428337987,total_arrivals
5,7,5,12,0.5,36436.04,226.11916309407974,50,31.97807871601014,62.67703428337987,total_arrivals
5,7,5,12,0.7,36436.04,226.11916309407974,50,31.97807871601014,62.67703428337987,total_arrivals
5,7,9,5,0.3,36458.06,194.88483360012162,50,27.560877477811584,54.019319856510705,total_arrivals
5,7,9,5,0.5,36474.8,163.19463776704868,50,23.079207003672472,45.23524572719805,total_arrivals
5,7,9,5,0.7,36500.16,212.09647015700483,50,29.994970462749663,58.790142106989336,total_arrivals
5,7,9,9,0.3,36436.04,226.11916309407974,50,31.97807871601014,62.67703428337987,total_arrivals
5,7,9,9,0.5,36436.04,226.11916309407974,50,31.97807871601014,62.67703428337987,total_arrivals
5,7,9,9,0.7,36436.04,226.11916309407974,50,31.97807871601014,62.67703428337987,total_arrivals
5,7,12,12,0.3,36436.04,226.11916309407974,50,31.97807871601014,62.67703428337987,total_arrivals
5,7,12,12,0.5,36436.04,226.11916309407974,50,31.97807871601014,62.67703428337987,total_arrivals
5,7,12,12,0.7,36436.04,226.11916309407974,50,31.97807871601014,62.67703428337987,total_arrivals
5,10,5,9,0.3,36502.1,167.3116668901203,50,23.661442845925766,46.3764279780145,total_arrivals
5,10,5,9,0.5,36502.1,167.3116668901203,50,23.661442845925766,46.3764279780145,total_arrivals
5,10,5,9,0.7,36502.1,167.3116668901203,50,23.661442845925766,46.3764279780145,total_arrivals
5,10,5,12,0.3,36502.1,167.3116668901203,50,23.661442845925766,46.3764279780145,total_arrivals
5,10,5,12,0.5,36502.1,167.3116668901203,50,23.661442845925766,46.3764279780145,total_arrivals
5,10,5,12,0.7,36502.1,167.3116668901203,50,23.661442845925766,46.3764279780145,total_arrivals
5,10,9,5,0.3,36538.7,179.60935501293656,50,25.400598578837894,49.785173214522274,total_arrivals
5,10,9,5,0.5,36476.56,164.32771636990032,50,23.23944851641123,45.54931909216601,total_arrivals
5,10,9,5,0.7,36500.16,212.09647015700483,50,29.994970462749663,58.790142106989336,total_arrivals
5,10,9,9,0.3,36502.1,167.3116668901203,50,23.661442845925766,46.3764279780145,total_arrivals
5,10,9,9,0.5,36502.1,167.3116668901203,50,23.661442845925766,46.3764279780145,total_arrivals
5,10,9,9,0.7,36502.1,167.3116668901203,50,23.661442845925766,46.3764279780145,total_arrivals
5,10,12,12,0.3,36502.1,167.3116668901203,50,23.661442845925766,46.3764279780145,total_arrivals
5,10,12,12,0.5,36502.1,167.3116668901203,50,23.661442845925766,46.3764279780145,total_arrivals
5,10,12,12,0.7,36502.1,167.3116668901203,50,23.661442845925766,46.3764279780145,total_arrivals
5,14,5,9,0.3,36544.36,195.956446639532,50,27.712426447206585,54.316355836524906,total_arrivals
5,14,5,9,0.5,36504.26,216.13995938006502,50,30.56680619260578,59.91094013750733,total_arrivals
5,14,5,9,0.7,36517.88,167.95937798486042,50,23.753043027393865,46.555964333691975,total_arrivals
5,14,5,12,0.3,36518.6,209.67379912811276,50,29.652353040126908,58.118611958648735,total_arrivals
5,14,5,12,0.5,36518.6,209.67379912811276,50,29.652353040126908,58.118611958648735,total_arrivals
5,14,5,12,0.7,36518.6,209.67379912811276,50,29.652353040126908,58.118611958648735,total_arrivals
5,14,9,5,0.3,36538.7,179.60935501293656,50,25.400598578837894,49.785173214522274,total_arrivals
5,14,9,5,0.5,36476.56,164.32771636990032,50,23.23944851641123,45.54931909216601,total_arrivals
5,14,9,5,0.7,36500.16,212.09647015700483,50,29.994970462749663,58.790142106989336,total_arrivals
5,14,9,9,0.3,36544.36,195.956446639532,50,27.712426447206585,54.316355836524906,total_arrivals
5,14,9,9,0.5,36504.26,216.13995938006502,50,30.56680619260578,59.91094013750733,total_arrivals
5,14,9,9,0.7,36517.88,167.95937798486042,50,23.753043027393865,46.555964333691975,total_arrivals
5,14,12,12,0.3,36518.6,209.67379912811276,50,29.652353040126908,58.118611958648735,total_arrivals
5,14,12,12,0.5,36518.6,209.67379912811276,50,29.652353040126908,58.118611958648735,total_arrivals
5,14,12,12,0.7,36518.6,209.67379912811276,50,29.652353040126908,58.118611958648735,total_arrivals
7,2,5,9,0.3,36468.6,192.9746731822499,50,27.290740000885336,53.48985040173526,total_arrivals
7,2,5,9,0.5,36530.1,156.81670699206822,50,22.17723138348706,43.46737351163464,total_arrivals
7,2,5,9,0.7,36483.38,215.18439079267924,50,30.431668386999913,59.64607003851983,total_arrivals
7,2,5,12,0.3,36468.6,192.9746731822499,50,27.290740000885336,53.48985040173526,total_arrivals
7,2,5,12,0.5,36530.1,156.81670699206822,50,22.17723138348706,43.46737351163464,total_arrivals
7,2,5,12,0.7,36483.38,215.18439079267924,50,30.431668386999913,59.64607003851983,total_arrivals
7,2,9,5,0.3,36465.92,185.43570754483335,50,26.224569255815418,51.400155741398216,total_arrivals
7,2,9,5,0.5,36465.92,185.43570754483335,50,26.224569255815418,51.400155741398216,total_arrivals
7,2,9,5,0.7,36465.92,185.43570754483335,50,26.224569255815418,51.400155741398216,total_arrivals
7,2,9,9,0.3,36465.92,185.43570754483335,50,26.224569255815418,51.400155741398216,total_arrivals
7,2,9,9,0.5,36465.92,185.43570754483335,50,26.224569255815418,51.400155741398216,total_arrivals
7,2,9,9,0.7,36465.92,185.43570754483335,50,26.224569255815418,51.400155741398216,total_arrivals
7,2,12,12,0.3,36465.92,185.43570754483335,50,26.224569255815418,51.400155741398216,total_arrivals
7,2,12,12,0.5,36465.92,185.43570754483335,50,26.224569255815418,51.400155741398216,total_arrivals
7,2,12,12,0.7,36465.92,185.43570754483335,50,26.224569255815418,51.400155741398216,total_arrivals
7,5,5,9,0.3,36542.66,179.56246255602284,50,25.393966983983855,49.77217528860835,total_arrivals
7,5,5,9,0.5,36479.74,191.12938346703703,50,27.029776626709175,52.97836218834998,total_arrivals
7,5,5,9,0.7,36500.24,212.5158875213306,50,30.054285035242092,58.9063986690745,total_arrivals
7,5,5,12,0.3,36542.66,179.56246255602284,50,25.393966983983855,49.77217528860835,total_arrivals
7,5,5,12,0.5,36479.74,191.12938346703703,50,27.029776626709175,52.97836218834998,total_arrivals
7,5,5,12,0.7,36500.24,212.5158875213306,50,30.054285035242092,58.9063986690745,total_arrivals
7,5,9,5,0.3,36513.14,198.1106689273859,50,28.017079484791523,54.913475790191384,total_arrivals
7,5,9,5,0.5,36513.14,198.1106689273859,50,28.017079484791523,54.913475790191384,total_arrivals
7,5,9,5,0.7,36513.14,198.1106689273859,50,28.017079484791523,54.913475790191384,total_arrivals
7,5,9,9,0.3,36513.14,198.1106689273859,50,28.017079484791523,54.913475790191384,total_arrivals
7,5,9,9,0.5,36513.14,198.1106689273859,50,28.017079484791523,54.913475790191384,total_arrivals
7,5,9,9,0.7,36513.14,198.1106689273859,50,28.017079484791523,54.913475790191384,total_arrivals
7,5,12,12,0.3,36513.14,198.1106689273859,50,28.017079484791523,54.913475790191384,total_arrivals
7,5,12,12,0.5,36513.14,198.1106689273859,50,28.017079484791523,54.913475790191384,total_arrivals
7,5,12,12,0.7,36513.14,198.1106689273859,50,28.017079484791523,54.913475790191384,total_arrivals
7,7,5,9,0.3,36486.92,231.3509428887431,50,32.71796411010639,64.12720965580851,total_arrivals
7,7,5,9,0.5,36475.76,207.55521124338375,50,29.3527394681606,57.53136935759478,total_arrivals
7,7,5,9,0.7,36480.66,154.09705528977292,50,21.792614551255355,42.713524520460496,total_arrivals
7,7,5,12,0.3,36486.92,231.3509428887431,50,32.71796411010639,64.12720965580851,total_arrivals
7,7,5,12,0.5,36475.76,207.55521124338375,50,29.3527394681606,57.53136935759478,total_arrivals
7,7,5,12,0.7,36480.66,154.09705528977292,50,21.792614551255355,42.713524520460496,total_arrivals
7,7,9,5,0.3,36490.48,162.44348970315673,50,22.972978625741845,45.027038106454015,total_arrivals
7,7,9,5,0.5,36448.26,205.60769162933275,50,29.077318603042745,56.99154446196378,total_arrivals
7,7,9,5,0.7,36513.4,209.60838120024655,50,29.643101548045834,58.10047903416984,total_arrivals
7,7,9,9,0.3,36461.42,183.9646250378215,50,26.01652677253682,50.99239247417217,total_arrivals
7,7,9,9,0.5,36461.42,183.9646250378215,50,26.01652677253682,50.99239247417217,total_arrivals
7,7,9,9,0.7,36461.42,183.9646250378215,50,26.01652677253682,50.99239247417217,total_arrivals
7,7,12,12,0.3,36461.42,183.9646250378215,50,26.01652677253682,50.99239247417217,total_arrivals
7,7,12,12,0.5,36461.42,183.9646250378215,50,26.01652677253682,50.99239247417217,total_arrivals
7,7,12,12,0.7,36461.42,183.9646250378215,50,26.01652677253682,50.99239247417217,total_arrivals
7,10,5,9,0.3,36512.4,179.2968124055066,50,25.356398379413204,49.69854082364988,total_arrivals
7,10,5,9,0.5,36550.5,170.94744985592783,50,24.175620203934773,47.38421559971216,total_arrivals
7,10,5,9,0.7,36471.84,183.13843988432976,50,25.89968654762689,50.7633856333487,total_arrivals
7,10,5,12,0.3,36512.4,179.2968124055066,50,25.356398379413204,49.69854082364988,total_arrivals
7,10,5,12,0.5,36550.5,170.94744985592783,50,24.175620203934773,47.38421559971216,total_arrivals
7,10,5,12,0.7,36471.84,183.13843988432976,50,25.89968654762689,50.7633856333487,total_arrivals
7,10,9,5,0.3,36529.74,171.63069156102083,50,24.272245172506917,47.57360053811356,total_arrivals
7,10,9,5,0.5,36529.76,187.4479040552168,50,26.50913681532983,51.957908158046465,total_arrivals
7,10,9,5,0.7,36527.94,158.34648266200443,50,22.39357433346828,43.891405693597825,total_arrivals
7,10,9,9,0.3,36527.0,166.59972805426585,50,23.560759490201217,46.17908860079439,total_arrivals
7,10,9,9,0.5,36527.0,166.59972805426585,50,23.560759490201217,46.17908860079439,total_arrivals
7,10,9,9,0.7,36527.0,166.59972805426585,50,23.560759490201217,46.17908860079439,total_arrivals
7,10,12,12,0.3,36527.0,166.59972805426585,50,23.560759490201217,46.17908860079439,total_arrivals
7,10,12,12,0.5,36527.0,166.59972805426585,50,23.560759490201217,46.17908860079439,total_arrivals
7,10,12,12,0.7,36527.0,166.59972805426585,50,23.560759490201217,46.17908860079439,total_arrivals
7,14,5,9,0.3,36528.98,183.21276691099544,50,25.910197976543035,50.78398803402435,total_arrivals
7,14,5,9,0.5,36503.16,192.72740186224505,50,27.25577055545166,53.421310288685255,total_arrivals
7,14,5,9,0.7,36493.94,220.76836230746142,50,31.221361211810912,61.19386797514939,total_arrivals
7,14,5,12,0.3,36538.74,195.78182463431827,50,27.68773116640038,54.26795308614474,total_arrivals
7,14,5,12,0.5,36494.58,199.30308065653028,50,28.185711968720398,55.24399545869198,total_arrivals
7,14,5,12,0.7,36500.02,183.7956373979833,50,25.992628311323564,50.945551490194184,total_arrivals
7,14,9,5,0.3,36529.74,171.63069156102083,50,24.272245172506917,47.57360053811356,total_arrivals
7,14,9,5,0.5,36529.76,187.4479040552168,50,26.50913681532983,51.957908158046465,total_arrivals
7,14,9,5,0.7,36527.94,158.34648266200443,50,22.39357433346828,43.891405693597825,total_arrivals
7,14,9,9,0.3,36512.34,165.46700885798296,50,23.400568805226854,45.86511485824463,total_arrivals
7,14,9,9,0.5,36517.58,193.30509775048978,50,27.33746909145995,53.58143941926151,total_arrivals
7,14,9,9,0.7,36480.34,173.2538081567514,50,24.501788522806418,48.02350550470058,total_arrivals
7,14,12,12,0.3,36517.24,169.9663303992513,50,24.036868959740765,47.112263161091896,total_arrivals
7,14,12,12,0.5,36517.24,169.9663303992513,50,24.036868959740765,47.112263161091896,total_arrivals
7,14,12,12,0.7,36517.24,169.9663303992513,50,24.036868959740765,47.112263161091896,total_arrivals
10,2,5,9,0.3,36492.7,160.22003365270317,50,22.65853445555265,44.41072753288319,total_arrivals
10,2,5,9,0.5,36530.1,156.81670699206822,50,22.17723138348706,43.46737351163464,total_arrivals
10,2,5,9,0.7,36483.38,215.18439079267924,50,30.431668386999913,59.64607003851983,total_arrivals
10,2,5,12,0.3,36492.7,160.22003365270317,50,22.65853445555265,44.41072753288319,total_arrivals
10,2,5,12,0.5,36530.1,156.81670699206822,50,22.17723138348706,43.46737351163464,total_arrivals
10,2,5,12,0.7,36483.38,215.18439079267924,50,30.431668386999913,59.64607003851983,total_arrivals
10,2,9,5,0.3,36456.58,165.82103581381705,50,23.45063577746548,45.963246123832334,total_arrivals
10,2,9,5,0.5,36456.58,165.82103581381705,50,23.45063577746548,45.963246123832334,total_arrivals
10,2,9,5,0.7,36456.58,165.82103581381705,50,23.45063577746548,45.963246123832334,total_arrivals
10,2,9,9,0.3,36456.58,165.82103581381705,50,23.45063577746548,45.963246123832334,total_arrivals
10,2,9,9,0.5,36456.58,165.82103581381705,50,23.45063577746548,45.963246123832334,total_arrivals
10,2,9,9,0.7,36456.58,165.82103581381705,50,23.45063577746548,45.963246123832334,total_arrivals
10,2,12,12,0.3,36456.58,165.82103581381705,50,23.45063577746548,45.963246123832334,total_arrivals
10,2,12,12,0.5,36456.58,165.82103581381705,50,23.45063577746548,45.963246123832334,total_arrivals
10,2,12,12,0.7,36456.58,165.82103581381705,50,23.45063577746548,45.963246123832334,total_arrivals
10,5,5,9,0.3,36530.78,180.55326423105677,50,25.53408750062935,50.04681150123353,total_arrivals
10,5,5,9,0.5,36479.66,191.21935368704092,50,27.042500337243094,53.003300660996466,total_arrivals
10,5,5,9,0.7,36500.24,212.5158875213306,50,30.054285035242092,58.9063986690745,total_arrivals
10,5,5,12,0.3,36530.78,180.55326423105677,50,25.53408750062935,50.04681150123353,total_arrivals
10,5,5,12,0.5,36479.66,191.21935368704092,50,27.042500337243094,53.003300660996466,total_arrivals
10,5,5,12,0.7,36500.24,212.5158875213306,50,30.054285035242092,58.9063986690745,total_arrivals
10,5,9,5,0.3,36524.82,196.52934453995942,50,27.79344644527054,54.47515503273026,total_arrivals
10,5,9,5,0.5,36524.82,196.52934453995942,50,27.79344644527054,54.47515503273026,total_arrivals
10,5,9,5,0.7,36524.82,196.52934453995942,50,27.79344644527054,54.47515503273026,total_arrivals
10,5,9,9,0.3,36524.82,196.52934453995942,50,27.79344644527054,54.47515503273026,total_arrivals
10,5,9,9,0.5,36524.82,196.52934453995942,50,27.79344644527054,54.47515503273026,total_arrivals
10,5,9,9,0.7,36524.82,196.52934453995942,50,27.79344644527054,54.47515503273026,total_arrivals
10,5,12,12,0.3,36524.82,196.52934453995942,50,27.79344644527054,54.47515503273026,total_arrivals
10,5,12,12,0.5,36524.82,196.52934453995942,50,27.79344644527054,54.47515503273026,total_arrivals
10,5,12,12,0.7,36524.82,196.52934453995942,50,27.79344644527054,54.47515503273026,total_arrivals
10,7,5,9,0.3,36507.0,201.0217776810286,50,28.428772432885978,55.72039396845651,total_arrivals
10,7,5,9,0.5,36474.6,203.49256617821695,50,28.778194693133898,56.40526159854244,total_arrivals
10,7,5,9,0.7,36477.4,174.56090686084778,50,24.686640194275757,48.385814780780485,total_arrivals
10,7,5,12,0.3,36507.0,201.0217776810286,50,28.428772432885978,55.72039396845651,total_arrivals
10,7,5,12,0.5,36474.6,203.49256617821695,50,28.778194693133898,56.40526159854244,total_arrivals
10,7,5,12,0.7,36477.4,174.56090686084778,50,24.686640194275757,48.385814780780485,total_arrivals
10,7,9,5,0.3,36478.06,200.31530350007455,50,28.328861896068812,55.52456931629487,total_arrivals
10,7,9,5,0.5,36476.98,189.40405896131344,50,26.78577889516028,52.500126634514146,total_arrivals
10,7,9,5,0.7,36550.28,202.78862424319843,50,28.678642269971263,56.210138849143675,total_arrivals
10,7,9,9,0.3,36537.96,231.0933162519558,50,32.68153020172907,64.05579919538897,total_arrivals
10,7,9,9,0.5,36537.96,231.0933162519558,50,32.68153020172907,64.05579919538897,total_arrivals
10,7,9,9,0.7,36537.96,231.0933162519558,50,32.68153020172907,64.05579919538897,total_arrivals
10,7,12,12,0.3,36537.96,231.0933162519558,50,32.68153020172907,64.05579919538897,total_arrivals
10,7,12,12,0.5,36537.96,231.0933162519558,50,32.68153020172907,64.05579919538897,total_arrivals
10,7,12,12,0.7,36537.96,231.0933162519558,50,32.68153020172907,64.05579919538897,total_arrivals
10,10,5,9,0.3,36517.14,199.60634831015332,50,28.228600491598673,55.3280569635334,total_arrivals
10,10,5,9,0.5,36531.76,184.99493208723126,50,26.16223419280521,51.27797901789821,total_arrivals
10,10,5,9,0.7,36475.96,220.08866116979127,50,31.12523695508556,61.005464431967695,total_arrivals
10,10,5,12,0.3,36517.14,199.60634831015332,50,28.228600491598673,55.3280569635334,total_arrivals
10,10,5,12,0.5,36531.76,184.99493208723126,50,26.16223419280521,51.27797901789821,total_arrivals
10,10,5,12,0.7,36475.96,220.08866116979127,50,31.12523695508556,61.005464431967695,total_arrivals
10,10,9,5,0.3,36468.44,194.39483910173257,50,27.491581791300586,53.883500310949145,total_arrivals
10,10,9,5,0.5,36512.56,206.90164872445592,50,29.260311770347954,57.350211069881986,total_arrivals
10,10,9,5,0.7,36510.96,185.70142373043285,50,26.262147199157106,51.47380851034793,total_arrivals
10,10,9,9,0.3,36507.52,176.39788512777133,50,24.94642815216255,48.8949991782386,total_arrivals
10,10,9,9,0.5,36507.52,176.39788512777133,50,24.94642815216255,48.8949991782386,total_arrivals
10,10,9,9,0.7,36507.52,176.39788512777133,50,24.94642815216255,48.8949991782386,total_arrivals
10,10,12,12,0.3,36507.52,176.39788512777133,50,24.94642815216255,48.8949991782386,total_arrivals
10,10,12,12,0.5,36507.52,176.39788512777133,50,24.94642815216255,48.8949991782386,total_arrivals
10,10,12,12,0.7,36507.52,176.39788512777133,50,24.94642815216255,48.8949991782386,total_arrivals
10,14,5,9,0.3,36475.0,181.7013697116823,50,25.696454134802902,50.36505010421369,total_arrivals
10,14,5,9,0.5,36516.2,164.07701029127176,50,23.20399332275464,45.479826912599094,total_arrivals
10,14,5,9,0.7,36557.72,172.70442368157157,50,24.424093825230763,47.871223897452296,total_arrivals
10,14,5,12,0.3,36481.96,188.7726156203897,50,26.696479321499826,52.325099470139655,total_arrivals
10,14,5,12,0.5,36527.86,195.4629261783527,50,27.642632114255743,54.17955894394126,total_arrivals
10,14,5,12,0.7,36537.7,205.91659199088858,50,29.121003711116167,57.07716727378769,total_arrivals
10,14,9,5,0.3,36526.06,201.28834125833214,50,28.466470215511713,55.794281622402956,total_arrivals
10,14,9,5,0.5,36475.02,164.44619366907114,50,23.2562037367433,45.582159324016864,total_arrivals
10,14,9,5,0.7,36501.04,183.22562872155544,50,25.912016911236098,50.78755314602275,total_arrivals
10,14,9,9,0.3,36469.36,190.06795347657987,50,26.87966775790777,52.684148805499234,total_arrivals
10,14,9,9,0.5,36494.84,169.5026771205125,50,23.971298484237646,46.98374502910578,total_arrivals
10,14,9,9,0.7,36465.76,201.95297088426213,50,28.560463038606226,55.9785075556682,total_arrivals
10,14,12,12,0.3,36488.38,196.85972318441563,50,27.840169041241378,54.5667313208331,total_arrivals
10,14,12,12,0.5,36455.58,189.5105500267171,50,26.800839006056822,52.52964445187137,total_arrivals
10,14,12,12,0.7,36493.92,206.6136925742913,50,29.219588621054797,57.2703936972674,total_arrivals
14,2,5,9,0.3,36492.7,160.22003365270317,50,22.65853445555265,44.41072753288319,total_arrivals
14,2,5,9,0.5,36530.1,156.81670699206822,50,22.17723138348706,43.46737351163464,total_arrivals
14,2,5,9,0.7,36483.38,215.18439079267924,50,30.431668386999913,59.64607003851983,total_arrivals
14,2,5,12,0.3,36492.7,160.22003365270317,50,22.65853445555265,44.41072753288319,total_arrivals
14,2,5,12,0.5,36530.1,156.81670699206822,50,22.17723138348706,43.46737351163464,total_arrivals
14,2,5,12,0.7,36483.38,215.18439079267924,50,30.431668386999913,59.64607003851983,total_arrivals
14,2,9,5,0.3,36459.62,173.19092802748338,50,24.49289592964496,48.00607602210412,total_arrivals
14,2,9,5,0.5,36469.46,171.60148541291298,50,24.268114799431036,47.56550500688483,total_arrivals
14,2,9,5,0.7,36450.96,172.68054260951925,50,24.420716531632724,47.86460440200014,total_arrivals
14,2,9,9,0.3,36459.62,173.19092802748338,50,24.49289592964496,48.00607602210412,total_arrivals
14,2,9,9,0.5,36469.46,171.60148541291298,50,24.268114799431036,47.56550500688483,total_arrivals
14,2,9,9,0.7,36450.96,172.68054260951925,50,24.420716531632724,47.86460440200014,total_arrivals
14,2,12,12,0.3,36467.42,173.86895018011205,50,24.588782742028645,48.19401417437614,total_arrivals
14,2,12,12,0.5,36467.42,173.86895018011205,50,24.588782742028645,48.19401417437614,total_arrivals
14,2,12,12,0.7,36467.42,173.86895018011205,50,24.588782742028645,48.19401417437614,total_arrivals
14,5,5,9,0.3,36530.78,180.55326423105677,50,25.53408750062935,50.04681150123353,total_arrivals
14,5,5,9,0.5,36479.66,191.21935368704092,50,27.042500337243094,53.003300660996466,total_arrivals
14,5,5,9,0.7,36500.24,212.5158875213306,50,30.054285035242092,58.9063986690745,total_arrivals
14,5,5,12,0.3,36530.78,180.55326423105677,50,25.53408750062935,50.04681150123353,total_arrivals
14,5,5,12,0.5,36479.66,191.21935368704092,50,27.042500337243094,53.003300660996466,total_arrivals
14,5,5,12,0.7,36500.24,212.5158875213306,50,30.054285035242092,58.9063986690745,total_arrivals
14,5,9,5,0.3,36547.9,203.70689728136236,50,28.80850568842456,56.46467114931214,total_arrivals
14,5,9,5,0.5,36518.84,154.56593071817326,50,21.85892355024608,42.84349015848231,total_arrivals
14,5,9,5,0.7,36508.3,190.1725585903931,50,26.894461154972596,52.71314386374629,total_arrivals
14,5,9,9,0.3,36547.9,203.70689728136236,50,28.80850568842456,56.46467114931214,total_arrivals
14,5,9,9,0.5,36518.84,154.56593071817326,50,21.85892355024608,42.84349015848231,total_arrivals
14,5,9,9,0.7,36508.3,190.1725585903931,50,26.894461154972596,52.71314386374629,total_arrivals
14,5,12,12,0.3,36503.9,158.7620797268153,50,22.45234863402208,44.006603322683276,total_arrivals
14,5,12,12,0.5,36503.9,158.7620797268153,50,22.45234863402208,44.006603322683276,total_arrivals
14,5,12,12,0.7,36503.9,158.7620797268153,50,22.45234863402208,44.006603322683276,total_arrivals
14,7,5,9,0.3,36507.0,201.0217776810286,50,28.428772432885978,55.72039396845651,total_arrivals
14,7,5,9,0.5,36474.6,203.49256617821695,50,28.778194693133898,56.40526159854244,total_arrivals
14,7,5,9,0.7,36477.4,174.56090686084778,50,24.686640194275757,48.385814780780485,total_arrivals
14,7,5,12,0.3,36507.0,201.0217776810286,50,28.428772432885978,55.72039396845651,total_arrivals
14,7,5,12,0.5,36474.6,203.49256617821695,50,28.778194693133898,56.40526159854244,total_arrivals
14,7,5,12,0.7,36477.4,174.56090686084778,50,24.686640194275757,48.385814780780485,total_arrivals
14,7,9,5,0.3,36544.82,181.05390898620038,50,25.604889360894855,50.18558314735392,total_arrivals
14,7,9,5,0.5,36446.72,233.20543977972918,50,32.980229575567506,64.6412499681123,total_arrivals
14,7,9,5,0.7,36512.88,196.83222317911353,50,27.83627995319502,54.55910870826224,total_arrivals
14,7,9,9,0.3,36489.24,207.97542633489957,50,29.41216685631415,57.64784703837574,total_arrivals
14,7,9,9,0.5,36526.16,214.08412994399595,50,30.27606800556431,59.341093290906045,total_arrivals
14,7,9,9,0.7,36522.26,180.40304196720083,50,25.512842864337806,50.0051720141021,total_arrivals
14,7,12,12,0.3,36511.12,149.85634481606937,50,21.192887524654434,41.53805954832269,total_arrivals
14,7,12,12,0.5,36511.12,149.85634481606937,50,21.192887524654434,41.53805954832269,total_arrivals
14,7,12,12,0.7,36511.12,149.85634481606937,50,21.192887524654434,41.53805954832269,total_arrivals
14,10,5,9,0.3,36542.94,193.12197795006892,50,27.31157204093053,53.53068120022383,total_arrivals
14,10,5,9,0.5,36487.56,178.04289324972788,50,25.179067431791033,49.35097216631043,total_arrivals
14,10,5,9,0.7,36540.22,181.24741124118944,50,25.632254712230385,50.239219235971554,total_arrivals
14,10,5,12,0.3,36542.94,193.12197795006892,50,27.31157204093053,53.53068120022383,total_arrivals
14,10,5,12,0.5,36487.56,178.04289324972788,50,25.179067431791033,49.35097216631043,total_arrivals
14,10,5,12,0.7,36540.22,181.24741124118944,50,25.632254712230385,50.239219235971554,total_arrivals
14,10,9,5,0.3,36463.6,193.1376795586656,50,27.31379258371338,53.535033464078225,total_arrivals
14,10,9,5,0.5,36481.26,177.6126041216028,50,25.118215359717414,49.23170210504613,total_arrivals
14,10,9,5,0.7,36500.36,174.79746413889356,50,24.720094445364797,48.451385112915,total_arrivals
14,10,9,9,0.3,36450.48,222.36311909733067,50,31.44689387990288,61.635912004609644,total_arrivals
14,10,9,9,0.5,36500.82,187.59353476523205,50,26.529732107849988,51.99827493138598,total_arrivals
14,10,9,9,0.7,36503.0,166.2010093537462,50,23.50437215081655,46.068569415600436,total_arrivals
14,10,12,12,0.3,36479.28,182.4276250115295,50,25.799162144281826,50.56635780279238,total_arrivals
14,10,12,12,0.5,36475.92,159.32867325892485,50,22.5324770597683,44.163655037145865,total_arrivals
14,10,12,12,0.7,36459.7,179.36762499949546,50,25.36641279249379,49.718169073287825,total_arrivals
14,14,5,9,0.3,36488.5,222.17728258748366,50,31.42061262864191,61.58440075213814,total_arrivals
14,14,5,9,0.5,36547.52,173.1226107917357,50,24.483234413511134,47.98713945048182,total_arrivals
14,14,5,9,0.7,36483.18,206.80945484248247,50,29.247273586522486,57.32465622958407,total_arrivals
14,14,5,12,0.3,36482.56,156.84246093140854,50,22.180873540517023,43.47451213941336,total_arrivals
14,14,5,12,0.5,36493.68,168.9902110436333,50,23.89882483661978,46.84169667977477,total_arrivals
14,14,5,12,0.7,36523.86,192.44251831947867,50,27.215481938463952,53.34234459938934,total_arrivals
14,14,9,5,0.3,36494.7,176.5981544729886,50,24.974750514575934,48.95051100856883,total_arrivals
14,14,9,5,0.5,36493.36,190.8495250832184,50,26.990198674515163,52.90078940204972,total_arrivals
14,14,9,5,0.7,36510.2,199.02373973873526,50,28.14620719727325,55.166566106655566,total_arrivals
14,14,9,9,0.3,36494.18,184.3376106329836,50,26.069274901261625,51.09577880647279,total_arrivals
14,14,9,9,0.5,36543.9,190.64447625496538,50,26.961200391128752,52.843952766612354,total_arrivals
14,14,9,9,0.7,36503.2,197.31390095531586,50,27.904399477574927,54.692622976046856,total_arrivals
14,14,12,12,0.3,36514.34,201.60110240223347,50,28.51070132066057,55.880974588494716,total_arrivals
14,14,12,12,0.5,36522.78,185.1716567106855,50,26.187226828734637,51.32696458431989,total_arrivals
14,14,12,12,0.7,36455.32,187.1552275082735,50,26.467746101122252,51.87678235819961,total_arrivals
