h1,h2,tau1,tau2,balk_high,class_id,mean,std,n,se,ci95,metric
2,2,5,9,0.3,1,0.320094939307001,0.0030529207425430186,50,0.0004317481918954477,0.0008462264561150775,percent_serviced
2,2,5,9,0.3,2,0.3199484548751327,0.002597461546258482,50,0.0003673365346461336,0.0007199796079064219,percent_serviced
2,2,5,9,0.5,1,0.320094939307001,0.0030529207425430186,50,0.0004317481918954477,0.0008462264561150775,percent_serviced
2,2,5,9,0.5,2,0.3199484548751327,0.002597461546258482,50,0.0003673365346461336,0.0007199796079064219,percent_serviced
2,2,5,9,0.7,1,0.320094939307001,0.0030529207425430186,50,0.0004317481918954477,0.0008462264561150775,percent_serviced
2,2,5,9,0.7,2,0.3199484548751327,0.002597461546258482,50,0.0003673365346461336,0.0007199796079064219,percent_serviced
2,2,5,12,0.3,1,0.320094939307001,0.0030529207425430186,50,0.0004317481918954477,0.0008462264561150775,percent_serviced
2,2,5,12,0.3,2,0.3199484548751327,0.002597461546258482,50,0.0003673365346461336,0.0007199796079064219,percent_serviced
2,2,5,12,0.5,1,0.320094939307001,0.0030529207425430186,50,0.0004317481918954477,0.0008462264561150775,percent_serviced
2,2,5,12,0.5,2,0.3199484548751327,0.002597461546258482,50,0.0003673365346461336,0.0007199796079064219,percent_serviced
2,2,5,12,0.7,1,0.320094939307001,0.0030529207425430186,50,0.0004317481918954477,0.0008462264561150775,percent_serviced
2,2,5,12,0.7,2,0.3199484548751327,0.002597461546258482,50,0.0003673365346461336,0.0007199796079064219,percent_serviced
2,2,9,5,0.3,1,0.320094939307001,0.0030529207425430186,50,0.0004317481918954477,0.0008462264561150775,percent_serviced
2,2,9,5,0.3,2,0.3199484548751327,0.002597461546258482,50,0.0003673365346461336,0.0007199796079064219,percent_serviced
2,2,9,5,0.5,1,0.320094939307001,0.0030529207425430186,50,0.0004317481918954477,0.0008462264561150775,percent_serviced
2,2,9,5,0.5,2,0.3199484548751327,0.002597461546258482,50,0.0003673365346461336,0.0007199796079064219,percent_serviced
2,2,9,5,0.7,1,0.320094939307001,0.0030529207425430186,50,0.0004317481918954477,0.0008462264561150775,percent_serviced
2,2,9,5,0.7,2,0.3199484548751327,0.002597461546258482,50,0.0003673365346461336,0.0007199796079064219,percent_serviced
2,2,9,9,0.3,1,0.320094939307001,0.0030529207425430186,50,0.0004317481918954477,0.0008462264561150775,percent_serviced
2,2,9,9,0.3,2,0.3199484548751327,0.002597461546258482,50,0.0003673365346461336,0.0007199796079064219,percent_serviced
2,2,9,9,0.5,1,0.320094939307001,0.0030529207425430186,50,0.0004317481918954477,0.0008462264561150775,percent_serviced
2,2,9,9,0.5,2,0.3199484548751327,0.002597461546258482,50,0.0003673365346461336,0.0007199796079064219,percent_serviced
2,2,9,9,0.7,1,0.320094939307001,0.0030529207425430186,50,0.0004317481918954477,0.0008462264561150775,percent_serviced
2,2,9,9,0.7,2,0.3199484548751327,0.002597461546258482,50,0.0003673365346461336,0.0007199796079064219,percent_serviced
2,2,12,12,0.3,1,0.320094939307001,0.0030529207425430186,50,0.0004317481918954477,0.0008462264561150775,percent_serviced
2,2,12,12,0.3,2,0.3199484548751327,0.002597461546258482,50,0.0003673365346461336,0.0007199796079064219,percent_serviced
2,2,12,12,0.5,1,0.320094939307001,0.0030529207425430186,50,0.0004317481918954477,0.0008462264561150775,percent_serviced
2,2,12,12,0.5,2,0.3199484548751327,0.002597461546258482,50,0.0003673365346461336,0.0007199796079064219,percent_serviced
2,2,12,12,0.7,1,0.320094939307001,0.0030529207425430186,50,0.0004317481918954477,0.0008462264561150775,percent_serviced
2,2,12,12,0.7,2,0.3199484548751327,0.002597461546258482,50,0.0003673365346461336,0.0007199796079064219,percent_serviced
2,5,5,9,0.3,1,0.03181203281684801,0.0012249371387273163,50,0.0001732322714642664,0.00033953525206996215,percent_serviced
2,5,5,9,0.3,2,0.6088368958664325,0.005337583614196676,50,0.0007548483137497341,0.0014795026949494788,percent_serviced
2,5,5,9,0.5,1,0.03181203281684801,0.0012249371387273163,50,0.0001732322714642664,0.00033953525206996215,percent_serviced
2,5,5,9,0.5,2,0.6088368958664325,0.005337583614196676,50,0.0007548483137497341,0.0014795026949494788,percent_serviced
2,5,5,9,0.7,1,0.03181203281684801,0.0012249371387273163,50,0.0001732322714642664,0.00033953525206996215,percent_serviced
2,5,5,9,0.7,2,0.6088368958664325,0.005337583614196676,50,0.0007548483137497341,0.0014795026949494788,percent_serviced
2,5,5,12,0.3,1,0.03181203281684801,0.0012249371387273163,50,0.0001732322714642664,0.00033953525206996215,percent_serviced
2,5,5,12,0.3,2,0.6088368958664325,0.005337583614196676,50,0.0007548483137497341,0.0014795026949494788,percent_serviced
2,5,5,12,0.5,1,0.03181203281684801,0.0012249371387273163,50,0.0001732322714642664,0.00033953525206996215,percent_serviced
2,5,5,12,0.5,2,0.6088368958664325,0.005337583614196676,50,0.0007548483137497341,0.0014795026949494788,percent_serviced
2,5,5,12,0.7,1,0.03181203281684801,0.0012249371387273163,50,0.0001732322714642664,0.00033953525206996215,percent_serviced
2,5,5,12,0.7,2,0.6088368958664325,0.005337583614196676,50,0.0007548483137497341,0.0014795026949494788,percent_serviced
2,5,9,5,0.3,1,0.03181203281684801,0.0012249371387273163,50,0.0001732322714642664,0.00033953525206996215,percent_serviced
2,5,9,5,0.3,2,0.6088368958664325,0.005337583614196676,50,0.0007548483137497341,0.0014795026949494788,percent_serviced
2,5,9,5,0.5,1,0.03181203281684801,0.0012249371387273163,50,0.0001732322714642664,0.00033953525206996215,percent_serviced
2,5,9,5,0.5,2,0.6088368958664325,0.005337583614196676,50,0.0007548483137497341,0.0014795026949494788,percent_serviced
2,5,9,5,0.7,1,0.03181203281684801,0.0012249371387273163,50,0.0001732322714642664,0.00033953525206996215,percent_serviced
2,5,9,5,0.7,2,0.6088368958664325,0.005337583614196676,50,0.0007548483137497341,0.0014795026949494788,percent_serviced
2,5,9,9,0.3,1,0.03181203281684801,0.0012249371387273163,50,0.0001732322714642664,0.00033953525206996215,percent_serviced
2,5,9,9,0.3,2,0.6088368958664325,0.005337583614196676,50,0.0007548483137497341,0.0014795026949494788,percent_serviced
2,5,9,9,0.5,1,0.03181203281684801,0.0012249371387273163,50,0.0001732322714642664,0.00033953525206996215,percent_serviced
2,5,9,9,0.5,2,0.6088368958664325,0.005337583614196676,50,0.0007548483137497341,0.0014795026949494788,percent_serviced
2,5,9,9,0.7,1,0.03181203281684801,0.0012249371387273163,50,0.0001732322714642664,0.00033953525206996215,percent_serviced
2,5,9,9,0.7,2,0.6088368958664325,0.005337583614196676,50,0.0007548483137497341,0.0014795026949494788,percent_serviced
2,5,12,12,0.3,1,0.03181203281684801,0.0012249371387273163,50,0.0001732322714642664,0.00033953525206996215,percent_serviced
2,5,12,12,0.3,2,0.6088368958664325,0.005337583614196676,50,0.0007548483137497341,0.0014795026949494788,percent_serviced
2,5,12,12,0.5,1,0.03181203281684801,0.0012249371387273163,50,0.0001732322714642664,0.00033953525206996215,percent_serviced
2,5,12,12,0.5,2,0.6088368958664325,0.005337583614196676,50,0.0007548483137497341,0.0014795026949494788,percent_serviced
2,5,12,12,0.7,1,0.03181203281684801,0.0012249371387273163,50,0.0001732322714642664,0.00033953525206996215,percent_serviced
2,5,12,12,0.7,2,0.6088368958664325,0.005337583614196676,50,0.0007548483137497341,0.0014795026949494788,percent_serviced
2,7,5,9,0.3,1,0.03195601903611815,0.0012942216343719368,50,0.0001830305788045466,0.00035873993445691133,percent_serviced
2,7,5,9,0.3,2,0.607531319166185,0.005010283838661495,50,0.0007085611355973819,0.0013887798257708685,percent_serviced
2,7,5,9,0.5,1,0.03195601903611815,0.0012942216343719368,50,0.0001830305788045466,0.00035873993445691133,percent_serviced
2,7,5,9,0.5,2,0.607531319166185,0.005010283838661495,50,0.0007085611355973819,0.0013887798257708685,percent_serviced
2,7,5,9,0.7,1,0.03195601903611815,0.0012942216343719368,50,0.0001830305788045466,0.00035873993445691133,percent_serviced
2,7,5,9,0.7,2,0.607531319166185,0.005010283838661495,50,0.0007085611355973819,0.0013887798257708685,percent_serviced
2,7,5,12,0.3,1,0.03195601903611815,0.0012942216343719368,50,0.0001830305788045466,0.00035873993445691133,percent_serviced
2,7,5,12,0.3,2,0.607531319166185,0.005010283838661495,50,0.0007085611355973819,0.0013887798257708685,percent_serviced
2,7,5,12,0.5,1,0.03195601903611815,0.0012942216343719368,50,0.0001830305788045466,0.00035873993445691133,percent_serviced
2,7,5,12,0.5,2,0.607531319166185,0.005010283838661495,50,0.0007085611355973819,0.0013887798257708685,percent_serviced
2,7,5,12,0.7,1,0.03195601903611815,0.0012942216343719368,50,0.0001830305788045466,0.00035873993445691133,percent_serviced
2,7,5,12,0.7,2,0.607531319166185,0.005010283838661495,50,0.0007085611355973819,0.0013887798257708685,percent_serviced
2,7,9,5,0.3,1,0.031846626634824855,0.0013777494262072764,50,0.000194843192409408,0.0003818926571224397,percent_serviced
2,7,9,5,0.3,2,0.6078670578051717,0.004659008522315452,50,0.0006588833039470345,0.0012914112757361877,percent_serviced
2,7,9,5,0.5,1,0.03216125525823296,0.0012048915707278736,50,0.00017039740005123801,0.0003339789041004265,percent_serviced
2,7,9,5,0.5,2,0.6076828535549786,0.004433969451273415,50,0.0006270579733138853,0.0012290336276952153,percent_serviced
2,7,9,5,0.7,1,0.03204108843950871,0.0012898783066257447,50,0.00018241633950409698,0.00035753602542803006,percent_serviced
2,7,9,5,0.7,2,0.607758731942881,0.0050100778987854176,50,0.0007085320113008036,0.001388722742149575,percent_serviced
2,7,9,9,0.3,1,0.03195601903611815,0.0012942216343719368,50,0.0001830305788045466,0.00035873993445691133,percent_serviced
2,7,9,9,0.3,2,0.607531319166185,0.005010283838661495,50,0.0007085611355973819,0.0013887798257708685,percent_serviced
2,7,9,9,0.5,1,0.03195601903611815,0.0012942216343719368,50,0.0001830305788045466,0.00035873993445691133,percent_serviced
2,7,9,9,0.5,2,0.607531319166185,0.005010283838661495,50,0.0007085611355973819,0.0013887798257708685,percent_serviced
2,7,9,9,0.7,1,0.03195601903611815,0.0012942216343719368,50,0.0001830305788045466,0.00035873993445691133,percent_serviced
2,7,9,9,0.7,2,0.607531319166185,0.005010283838661495,50,0.0007085611355973819,0.0013887798257708685,percent_serviced
2,7,12,12,0.3,1,0.03195601903611815,0.0012942216343719368,50,0.0001830305788045466,0.00035873993445691133,percent_serviced
2,7,12,12,0.3,2,0.607531319166185,0.005010283838661495,50,0.0007085611355973819,0.0013887798257708685,percent_serviced
2,7,12,12,0.5,1,0.03195601903611815,0.0012942216343719368,50,0.0001830305788045466,0.00035873993445691133,percent_serviced
2,7,12,12,0.5,2,0.607531319166185,0.005010283838661495,50,0.0007085611355973819,0.0013887798257708685,percent_serviced
2,7,12,12,0.7,1,0.03195601903611815,0.0012942216343719368,50,0.0001830305788045466,0.00035873993445691133,percent_serviced
2,7,12,12,0.7,2,0.607531319166185,0.005010283838661495,50,0.0007085611355973819,0.0013887798257708685,percent_serviced
2,10,5,9,0.3,1,0.03175280346144252,0.0013529442043968651,50,0.00019133520429921234,0.0003750170004264562,percent_serviced
2,10,5,9,0.3,2,0.526592725986307,0.009493454376685705,50,0.0013425771933279142,0.0026314512989227116,percent_serviced
2,10,5,9,0.5,1,0.03175280346144252,0.0013529442043968651,50,0.00019133520429921234,0.0003750170004264562,percent_serviced
2,10,5,9,0.5,2,0.526592725986307,0.009493454376685705,50,0.0013425771933279142,0.0026314512989227116,percent_serviced
2,10,5,9,0.7,1,0.03175280346144252,0.0013529442043968651,50,0.00019133520429921234,0.0003750170004264562,percent_serviced
2,10,5,9,0.7,2,0.526592725986307,0.009493454376685705,50,0.0013425771933279142,0.0026314512989227116,percent_serviced
2,10,5,12,0.3,1,0.03175280346144252,0.0013529442043968651,50,0.00019133520429921234,0.0003750170004264562,percent_serviced
2,10,5,12,0.3,2,0.526592725986307,0.009493454376685705,50,0.0013425771933279142,0.0026314512989227116,percent_serviced
2,10,5,12,0.5,1,0.03175280346144252,0.0013529442043968651,50,0.00019133520429921234,0.0003750170004264562,percent_serviced
2,10,5,12,0.5,2,0.526592725986307,0.009493454376685705,50,0.0013425771933279142,0.0026314512989227116,percent_serviced
2,10,5,12,0.7,1,0.03175280346144252,0.0013529442043968651,50,0.00019133520429921234,0.0003750170004264562,percent_serviced
2,10,5,12,0.7,2,0.526592725986307,0.009493454376685705,50,0.0013425771933279142,0.0026314512989227116,percent_serviced
2,10,9,5,0.3,1,0.03211407138715679,0.0013442941467830213,50,0.00019011190141993167,0.0003726193267830661,percent_serviced
2,10,9,5,0.3,2,0.6075643353398139,0.005365772643595127,50,0.0007588348445182764,0.0014873162952558218,percent_serviced
2,10,9,5,0.5,1,0.03216125525823296,0.0012048915707278736,50,0.00017039740005123801,0.0003339789041004265,percent_serviced
2,10,9,5,0.5,2,0.6076828535549786,0.004433969451273415,50,0.0006270579733138853,0.0012290336276952153,percent_serviced
2,10,9,5,0.7,1,0.03204108843950871,0.0012898783066257447,50,0.00018241633950409698,0.00035753602542803006,percent_serviced
2,10,9,5,0.7,2,0.607758731942881,0.0050100778987854176,50,0.0007085320113008036,0.001388722742149575,percent_serviced
2,10,9,9,0.3,1,0.03175280346144252,0.0013529442043968651,50,0.00019133520429921234,0.0003750170004264562,percent_serviced
2,10,9,9,0.3,2,0.526592725986307,0.009493454376685705,50,0.0013425771933279142,0.0026314512989227116,percent_serviced
2,10,9,9,0.5,1,0.03175280346144252,0.0013529442043968651,50,0.00019133520429921234,0.0003750170004264562,percent_serviced
2,10,9,9,0.5,2,0.526592725986307,0.009493454376685705,50,0.0013425771933279142,0.0026314512989227116,percent_serviced
2,10,9,9,0.7,1,0.03175280346144252,0.0013529442043968651,50,0.00019133520429921234,0.0003750170004264562,percent_serviced
2,10,9,9,0.7,2,0.526592725986307,0.009493454376685705,50,0.0013425771933279142,0.0026314512989227116,percent_serviced
2,10,12,12,0.3,1,0.03175280346144252,0.0013529442043968651,50,0.00019133520429921234,0.0003750170004264562,percent_serviced
2,10,12,12,0.3,2,0.526592725986307,0.009493454376685705,50,0.0013425771933279142,0.0026314512989227116,percent_serviced
2,10,12,12,0.5,1,0.03175280346144252,0.0013529442043968651,50,0.00019133520429921234,0.0003750170004264562,percent_serviced
2,10,12,12,0.5,2,0.526592725986307,0.009493454376685705,50,0.0013425771933279142,0.0026314512989227116,percent_serviced
2,10,12,12,0.7,1,0.03175280346144252,0.0013529442043968651,50,0.00019133520429921234,0.0003750170004264562,percent_serviced
2,10,12,12,0.7,2,0.526592725986307,0.009493454376685705,50,0.0013425771933279142,0.0026314512989227116,percent_serviced
2,14,5,9,0.3,1,0.031787744862993364,0.0013445538613421834,50,0.00019014863060512295,0.00037269131598604096,percent_serviced
2,14,5,9,0.3,2,0.5266285668302401,0.009414765751243769,50,0.001331448941197466,0.0026096399247470333,percent_serviced
2,14,5,9,0.5,1,0.0317582723005467,0.001337936784017468,50,0.00018921283455553456,0.0003708571557288477,percent_serviced
2,14,5,9,0.5,2,0.526590434803525,0.009376040669190601,50,0.0013259723875731057,0.002598905879643287,percent_serviced
2,14,5,9,0.7,1,0.03174338446483901,0.0013540602671095572,50,0.00019149303940168714,0.0003753263572273068,percent_serviced
2,14,5,9,0.7,2,0.5265749282888579,0.009328576632611317,50,0.0013192599591475662,0.00258574951992923,percent_serviced
2,14,5,12,0.3,1,0.03177009781597184,0.001358725862806527,50,0.00019215285427280756,0.0003766195943747028,percent_serviced
2,14,5,12,0.3,2,0.5258437137107269,0.009580915038773528,50,0.001354945998777787,0.0026556941576044626,percent_serviced
2,14,5,12,0.5,1,0.03177009781597184,0.001358725862806527,50,0.00019215285427280756,0.0003766195943747028,percent_serviced
2,14,5,12,0.5,2,0.5258437137107269,0.009580915038773528,50,0.001354945998777787,0.0026556941576044626,percent_serviced
2,14,5,12,0.7,1,0.03177009781597184,0.001358725862806527,50,0.00019215285427280756,0.0003766195943747028,percent_serviced
2,14,5,12,0.7,2,0.5258437137107269,0.009580915038773528,50,0.001354945998777787,0.0026556941576044626,percent_serviced
2,14,9,5,0.3,1,0.03211407138715679,0.0013442941467830213,50,0.00019011190141993167,0.0003726193267830661,percent_serviced
2,14,9,5,0.3,2,0.6075643353398139,0.005365772643595127,50,0.0007588348445182764,0.0014873162952558218,percent_serviced
2,14,9,5,0.5,1,0.03216125525823296,0.0012048915707278736,50,0.00017039740005123801,0.0003339789041004265,percent_serviced
2,14,9,5,0.5,2,0.6076828535549786,0.004433969451273415,50,0.0006270579733138853,0.0012290336276952153,percent_serviced
2,14,9,5,0.7,1,0.03204108843950871,0.0012898783066257447,50,0.00018241633950409698,0.00035753602542803006,percent_serviced
2,14,9,5,0.7,2,0.607758731942881,0.0050100778987854176,50,0.0007085320113008036,0.001388722742149575,percent_serviced
2,14,9,9,0.3,1,0.031787744862993364,0.0013445538613421834,50,0.00019014863060512295,0.00037269131598604096,percent_serviced
2,14,9,9,0.3,2,0.5266285668302401,0.009414765751243769,50,0.001331448941197466,0.0026096399247470333,percent_serviced
2,14,9,9,0.5,1,0.0317582723005467,0.001337936784017468,50,0.00018921283455553456,0.0003708571557288477,percent_serviced
2,14,9,9,0.5,2,0.526590434803525,0.009376040669190601,50,0.0013259723875731057,0.002598905879643287,percent_serviced
2,14,9,9,0.7,1,0.03174338446483901,0.0013540602671095572,50,0.00019149303940168714,0.0003753263572273068,percent_serviced
2,14,9,9,0.7,2,0.5265749282888579,0.009328576632611317,50,0.0013192599591475662,0.00258574951992923,percent_serviced
2,14,12,12,0.3,1,0.03177009781597184,0.001358725862806527,50,0.00019215285427280756,0.0003766195943747028,percent_serviced
2,14,12,12,0.3,2,0.5258437137107269,0.009580915038773528,50,0.001354945998777787,0.0026556941576044626,percent_serviced
2,14,12,12,0.5,1,0.03177009781597184,0.001358725862806527,50,0.00019215285427280756,0.0003766195943747028,percent_serviced
2,14,12,12,0.5,2,0.5258437137107269,0.009580915038773528,50,0.001354945998777787,0.0026556941576044626,percent_serviced
2,14,12,12,0.7,1,0.03177009781597184,0.001358725862806527,50,0.00019215285427280756,0.0003766195943747028,percent_serviced
2,14,12,12,0.7,2,0.5258437137107269,0.009580915038773528,50,0.001354945998777787,0.0026556941576044626,percent_serviced
5,2,5,9,0.3,1,0.6090575203283586,0.0037139586771265855,50,0.0005252330731285655,0.0010294568233319885,percent_serviced
5,2,5,9,0.3,2,0.03179254130351596,0.0011954726958357273,50,0.00016906536998976114,0.0003313681251799318,percent_serviced
5,2,5,9,0.5,1,0.6090575203283586,0.0037139586771265855,50,0.0005252330731285655,0.0010294568233319885,percent_serviced
5,2,5,9,0.5,2,0.03179254130351596,0.0011954726958357273,50,0.00016906536998976114,0.0003313681251799318,percent_serviced
5,2,5,9,0.7,1,0.6090575203283586,0.0037139586771265855,50,0.0005252330731285655,0.0010294568233319885,percent_serviced
5,2,5,9,0.7,2,0.03179254130351596,0.0011954726958357273,50,0.00016906536998976114,0.0003313681251799318,percent_serviced
5,2,5,12,0.3,1,0.6090575203283586,0.0037139586771265855,50,0.0005252330731285655,0.0010294568233319885,percent_serviced
5,2,5,12,0.3,2,0.03179254130351596,0.0011954726958357273,50,0.00016906536998976114,0.0003313681251799318,percent_serviced
5,2,5,12,0.5,1,0.6090575203283586,0.0037139586771265855,50,0.0005252330731285655,0.0010294568233319885,percent_serviced
5,2,5,12,0.5,2,0.03179254130351596,0.0011954726958357273,50,0.00016906536998976114,0.0003313681251799318,percent_serviced
5,2,5,12,0.7,1,0.6090575203283586,0.0037139586771265855,50,0.0005252330731285655,0.0010294568233319885,percent_serviced
5,2,5,12,0.7,2,0.03179254130351596,0.0011954726958357273,50,0.00016906536998976114,0.0003313681251799318,percent_serviced
5,2,9,5,0.3,1,0.6090575203283586,0.0037139586771265855,50,0.0005252330731285655,0.0010294568233319885,percent_serviced
5,2,9,5,0.3,2,0.03179254130351596,0.0011954726958357273,50,0.00016906536998976114,0.0003313681251799318,percent_serviced
5,2,9,5,0.5,1,0.6090575203283586,0.0037139586771265855,50,0.0005252330731285655,0.0010294568233319885,percent_serviced
5,2,9,5,0.5,2,0.03179254130351596,0.0011954726958357273,50,0.00016906536998976114,0.0003313681251799318,percent_serviced
5,2,9,5,0.7,1,0.6090575203283586,0.0037139586771265855,50,0.0005252330731285655,0.0010294568233319885,percent_serviced
5,2,9,5,0.7,2,0.03179254130351596,0.0011954726958357273,50,0.00016906536998976114,0.0003313681251799318,percent_serviced
5,2,9,9,0.3,1,0.6090575203283586,0.0037139586771265855,50,0.0005252330731285655,0.0010294568233319885,percent_serviced
5,2,9,9,0.3,2,0.03179254130351596,0.0011954726958357273,50,0.00016906536998976114,0.0003313681251799318,percent_serviced
5,2,9,9,0.5,1,0.6090575203283586,0.0037139586771265855,50,0.0005252330731285655,0.0010294568233319885,percent_serviced
5,2,9,9,0.5,2,0.03179254130351596,0.0011954726958357273,50,0.00016906536998976114,0.0003313681251799318,percent_serviced
5,2,9,9,0.7,1,0.6090575203283586,0.0037139586771265855,50,0.0005252330731285655,0.0010294568233319885,percent_serviced
5,2,9,9,0.7,2,0.03179254130351596,0.0011954726958357273,50,0.00016906536998976114,0.0003313681251799318,percent_serviced
5,2,12,12,0.3,1,0.6090575203283586,0.0037139586771265855,50,0.0005252330731285655,0.0010294568233319885,percent_serviced
5,2,12,12,0.3,2,0.03179254130351596,0.0011954726958357273,50,0.00016906536998976114,0.0003313681251799318,percent_serviced
5,2,12,12,0.5,1,0.6090575203283586,0.0037139586771265855,50,0.0005252330731285655,0.0010294568233319885,percent_serviced
5,2,12,12,0.5,2,0.03179254130351596,0.0011954726958357273,50,0.00016906536998976114,0.0003313681251799318,percent_serviced
5,2,12,12,0.7,1,0.6090575203283586,0.0037139586771265855,50,0.0005252330731285655,0.0010294568233319885,percent_serviced
5,2,12,12,0.7,2,0.03179254130351596,0.0011954726958357273,50,0.00016906536998976114,0.0003313681251799318,percent_serviced
5,5,5,9,0.3,1,0.3203805584225507,0.002825761250166419,50,0.00039962298840137017,0.0007832610572666855,percent_serviced
5,5,5,9,0.3,2,0.32017121915610014,0.0030540821268203277,50,0.0004319124364350574,0.0008465483754127126,percent_serviced
5,5,5,9,0.5,1,0.3203805584225507,0.002825761250166419,50,0.00039962298840137017,0.0007832610572666855,percent_serviced
5,5,5,9,0.5,2,0.32017121915610014,0.0030540821268203277,50,0.0004319124364350574,0.0008465483754127126,percent_serviced
5,5,5,9,0.7,1,0.3203805584225507,0.002825761250166419,50,0.00039962298840137017,0.0007832610572666855,percent_serviced
5,5,5,9,0.7,2,0.32017121915610014,0.0030540821268203277,50,0.0004319124364350574,0.0008465483754127126,percent_serviced
5,5,5,12,0.3,1,0.3203805584225507,0.002825761250166419,50,0.00039962298840137017,0.0007832610572666855,percent_serviced
5,5,5,12,0.3,2,0.32017121915610014,0.0030540821268203277,50,0.0004319124364350574,0.0008465483754127126,percent_serviced
5,5,5,12,0.5,1,0.3203805584225507,0.002825761250166419,50,0.00039962298840137017,0.0007832610572666855,percent_serviced
5,5,5,12,0.5,2,0.32017121915610014,0.0030540821268203277,50,0.0004319124364350574,0.0008465483754127126,percent_serviced
5,5,5,12,0.7,1,0.3203805584225507,0.002825761250166419,50,0.00039962298840137017,0.0007832610572666855,percent_serviced
5,5,5,12,0.7,2,0.32017121915610014,0.0030540821268203277,50,0.0004319124364350574,0.0008465483754127126,percent_serviced
5,5,9,5,0.3,1,0.3203805584225507,0.002825761250166419,50,0.00039962298840137017,0.0007832610572666855,percent_serviced
5,5,9,5,0.3,2,0.32017121915610014,0.0030540821268203277,50,0.0004319124364350574,0.0008465483754127126,percent_serviced
5,5,9,5,0.5,1,0.3203805584225507,0.002825761250166419,50,0.00039962298840137017,0.0007832610572666855,percent_serviced
5,5,9,5,0.5,2,0.32017121915610014,0.0030540821268203277,50,0.0004319124364350574,0.0008465483754127126,percent_serviced
5,5,9,5,0.7,1,0.3203805584225507,0.002825761250166419,50,0.00039962298840137017,0.0007832610572666855,percent_serviced
5,5,9,5,0.7,2,0.32017121915610014,0.0030540821268203277,50,0.0004319124364350574,0.0008465483754127126,percent_serviced
5,5,9,9,0.3,1,0.3203805584225507,0.002825761250166419,50,0.00039962298840137017,0.0007832610572666855,percent_serviced
5,5,9,9,0.3,2,0.32017121915610014,0.0030540821268203277,50,0.0004319124364350574,0.0008465483754127126,percent_serviced
5,5,9,9,0.5,1,0.3203805584225507,0.002825761250166419,50,0.00039962298840137017,0.0007832610572666855,percent_serviced
5,5,9,9,0.5,2,0.32017121915610014,0.0030540821268203277,50,0.0004319124364350574,0.0008465483754127126,percent_serviced
5,5,9,9,0.7,1,0.3203805584225507,0.002825761250166419,50,0.00039962298840137017,0.0007832610572666855,percent_serviced
5,5,9,9,0.7,2,0.32017121915610014,0.0030540821268203277,50,0.0004319124364350574,0.0008465483754127126,percent_serviced
5,5,12,12,0.3,1,0.3203805584225507,0.002825761250166419,50,0.00039962298840137017,0.0007832610572666855,percent_serviced
5,5,12,12,0.3,2,0.32017121915610014,0.0030540821268203277,50,0.0004319124364350574,0.0008465483754127126,percent_serviced
5,5,12,12,0.5,1,0.3203805584225507,0.002825761250166419,50,0.00039962298840137017,0.0007832610572666855,percent_serviced
5,5,12,12,0.5,2,0.32017121915610014,0.0030540821268203277,50,0.0004319124364350574,0.0008465483754127126,percent_serviced
5,5,12,12,0.7,1,0.3203805584225507,0.002825761250166419,50,0.00039962298840137017,0.0007832610572666855,percent_serviced
5,5,12,12,0.7,2,0.32017121915610014,0.0030540821268203277,50,0.0004319124364350574,0.0008465483754127126,percent_serviced
5,7,5,9,0.3,1,0.11053192281364525,0.0024140342365541003,50,0.00034139599573677887,0.0006691361516440866,percent_serviced
5,7,5,9,0.3,2,0.5305495070625857,0.004789517339966221,50,0.0006773400379401339,0.0013275864743626624,percent_serviced
5,7,5,9,0.5,1,0.11053192281364525,0.0024140342365541003,50,0.00034139599573677887,0.0006691361516440866,percent_serviced
5,7,5,9,0.5,2,0.5305495070625857,0.004789517339966221,50,0.0006773400379401339,0.0013275864743626624,percent_serviced
5,7,5,9,0.7,1,0.11053192281364525,0.0024140342365541003,50,0.00034139599573677887,0.0006691361516440866,percent_serviced
5,7,5,9,0.7,2,0.5305495070625857,0.004789517339966221,50,0.0006773400379401339,0.0013275864743626624,percent_serviced
5,7,5,12,0.3,1,0.11053192281364525,0.0024140342365541003,50,0.00034139599573677887,0.0006691361516440866,percent_serviced
5,7,5,12,0.3,2,0.5305495070625857,0.004789517339966221,50,0.0006773400379401339,0.0013275864743626624,percent_serviced
5,7,5,12,0.5,1,0.11053192281364525,0.0024140342365541003,50,0.00034139599573677887,0.0006691361516440866,percent_serviced
5,7,5,12,0.5,2,0.5305495070625857,0.004789517339966221,50,0.0006773400379401339,0.0013275864743626624,percent_serviced
5,7,5,12,0.7,1,0.11053192281364525,0.0024140342365541003,50,0.00034139599573677887,0.0006691361516440866,percent_serviced
5,7,5,12,0.7,2,0.5305495070625857,0.004789517339966221,50,0.0006773400379401339,0.0013275864743626624,percent_serviced
5,7,9,5,0.3,1,0.11022800012736955,0.0025288114441284013,50,0.00035762794409706773,0.0007009507704302528,percent_serviced
5,7,9,5,0.3,2,0.5303018141544729,0.0041194016680244725,50,0.0005825713707782559,0.0011418398867253815,percent_serviced
5,7,9,5,0.5,1,0.11022349243029902,0.0022826356367115406,50,0.00032281342753936055,0.0006327143179771467,percent_serviced
5,7,9,5,0.5,2,0.5300678363548288,0.004013067661113568,50,0.0005675334713067683,0.001112365603761266,percent_serviced
5,7,9,5,0.7,1,0.11048007602061274,0.0019354856952184711,50,0.00027371901199570804,0.0005364892635115878,percent_serviced
5,7,9,5,0.7,2,0.5296122218030461,0.005001722788381592,50,0.0007073504202559821,0.0013864068237017249,percent_serviced
5,7,9,9,0.3,1,0.11053192281364525,0.0024140342365541003,50,0.00034139599573677887,0.0006691361516440866,percent_serviced
5,7,9,9,0.3,2,0.5305495070625857,0.004789517339966221,50,0.0006773400379401339,0.0013275864743626624,percent_serviced
5,7,9,9,0.5,1,0.11053192281364525,0.0024140342365541003,50,0.00034139599573677887,0.0006691361516440866,percent_serviced
5,7,9,9,0.5,2,0.5305495070625857,0.004789517339966221,50,0.0006773400379401339,0.0013275864743626624,percent_serviced
5,7,9,9,0.7,1,0.11053192281364525,0.0024140342365541003,50,0.00034139599573677887,0.0006691361516440866,percent_serviced
5,7,9,9,0.7,2,0.5305495070625857,0.004789517339966221,50,0.0006773400379401339,0.0013275864743626624,percent_serviced
5,7,12,12,0.3,1,0.11053192281364525,0.0024140342365541003,50,0.00034139599573677887,0.0006691361516440866,percent_serviced
5,7,12,12,0.3,2,0.5305495070625857,0.004789517339966221,50,0.0006773400379401339,0.0013275864743626624,percent_serviced
5,7,12,12,0.5,1,0.11053192281364525,0.0024140342365541003,50,0.00034139599573677887,0.0006691361516440866,percent_serviced
5,7,12,12,0.5,2,0.5305495070625857,0.004789517339966221,50,0.0006773400379401339,0.0013275864743626624,percent_serviced
5,7,12,12,0.7,1,0.11053192281364525,0.0024140342365541003,50,0.00034139599573677887,0.0006691361516440866,percent_serviced
5,7,12,12,0.7,2,0.5305495070625857,0.004789517339966221,50,0.0006773400379401339,0.0013275864743626624,percent_serviced
5,10,5,9,0.3,1,0.11014310257505683,0.0024189186326631523,50,0.00034208675365892126,0.0006704900371714857,percent_serviced
5,10,5,9,0.3,2,0.42843359182344287,0.0033421724278469996,50,0.0004726545575250641,0.0009264029327491257,percent_serviced
5,10,5,9,0.5,1,0.11014310257505683,0.0024189186326631523,50,0.00034208675365892126,0.0006704900371714857,percent_serviced
5,10,5,9,0.5,2,0.42843359182344287,0.0033421724278469996,50,0.0004726545575250641,0.0009264029327491257,percent_serviced
5,10,5,9,0.7,1,0.11014310257505683,0.0024189186326631523,50,0.00034208675365892126,0.0006704900371714857,percent_serviced
5,10,5,9,0.7,2,0.42843359182344287,0.0033421724278469996,50,0.0004726545575250641,0.0009264029327491257,percent_serviced
5,10,5,12,0.3,1,0.11014310257505683,0.0024189186326631523,50,0.00034208675365892126,0.0006704900371714857,percent_serviced
5,10,5,12,0.3,2,0.42843359182344287,0.0033421724278469996,50,0.0004726545575250641,0.0009264029327491257,percent_serviced
5,10,5,12,0.5,1,0.11014310257505683,0.0024189186326631523,50,0.00034208675365892126,0.0006704900371714857,percent_serviced
5,10,5,12,0.5,2,0.42843359182344287,0.0033421724278469996,50,0.0004726545575250641,0.0009264029327491257,percent_serviced
5,10,5,12,0.7,1,0.11014310257505683,0.0024189186326631523,50,0.00034208675365892126,0.0006704900371714857,percent_serviced
5,10,5,12,0.7,2,0.42843359182344287,0.0033421724278469996,50,0.0004726545575250641,0.0009264029327491257,percent_serviced
5,10,9,5,0.3,1,0.10998397259387155,0.0024913162422083314,50,0.00035232532178913967,0.0006905576307067137,percent_serviced
5,10,9,5,0.3,2,0.5280237565881126,0.004392518171776609,50,0.0006211958771496753,0.0012175439192133636,percent_serviced
5,10,9,5,0.5,1,0.11017654952308475,0.002324109218444122,50,0.00032867867771600116,0.0006442102083233622,percent_serviced
5,10,9,5,0.5,2,0.5301427009616966,0.004027519575389911,50,0.0005695772806239541,0.0011163714700229501,percent_serviced
5,10,9,5,0.7,1,0.11048007602061274,0.0019354856952184711,50,0.00027371901199570804,0.0005364892635115878,percent_serviced
5,10,9,5,0.7,2,0.5296122218030461,0.005001722788381592,50,0.0007073504202559821,0.0013864068237017249,percent_serviced
5,10,9,9,0.3,1,0.11014310257505683,0.0024189186326631523,50,0.00034208675365892126,0.0006704900371714857,percent_serviced
5,10,9,9,0.3,2,0.42843359182344287,0.0033421724278469996,50,0.0004726545575250641,0.0009264029327491257,percent_serviced
5,10,9,9,0.5,1,0.11014310257505683,0.0024189186326631523,50,0.00034208675365892126,0.0006704900371714857,percent_serviced
5,10,9,9,0.5,2,0.42843359182344287,0.0033421724278469996,50,0.0004726545575250641,0.0009264029327491257,percent_serviced
5,10,9,9,0.7,1,0.11014310257505683,0.0024189186326631523,50,0.00034208675365892126,0.0006704900371714857,percent_serviced
5,10,9,9,0.7,2,0.42843359182344287,0.0033421724278469996,50,0.0004726545575250641,0.0009264029327491257,percent_serviced
5,10,12,12,0.3,1,0.11014310257505683,0.0024189186326631523,50,0.00034208675365892126,0.0006704900371714857,percent_serviced
5,10,12,12,0.3,2,0.42843359182344287,0.0033421724278469996,50,0.0004726545575250641,0.0009264029327491257,percent_serviced
5,10,12,12,0.5,1,0.11014310257505683,0.0024189186326631523,50,0.00034208675365892126,0.0006704900371714857,percent_serviced
5,10,12,12,0.5,2,0.42843359182344287,0.0033421724278469996,50,0.0004726545575250641,0.0009264029327491257,percent_serviced
5,10,12,12,0.7,1,0.11014310257505683,0.0024189186326631523,50,0.00034208675365892126,0.0006704900371714857,percent_serviced
5,10,12,12,0.7,2,0.42843359182344287,0.0033421724278469996,50,0.0004726545575250641,0.0009264029327491257,percent_serviced
5,14,5,9,0.3,1,0.11024023849275698,0.0023759375029917713,50,0.0003360083040081829,0.0006585762758560384,percent_serviced
5,14,5,9,0.3,2,0.4272214047440687,0.0035661742244412365,50,0.000504333195399015,0.0009884930629820694,percent_serviced
5,14,5,9,0.5,1,0.11002406603915911,0.0024601130821052127,50,0.00034791252856846675,0.0006819085559941949,percent_serviced
5,14,5,9,0.5,2,0.42766656156077354,0.004095782859874278,50,0.0005792311668969465,0.0011352930871180152,percent_serviced
5,14,5,9,0.7,1,0.1103022715719251,0.002402608136805717,50,0.00033978010121385975,0.0006659689983791651,percent_serviced
5,14,5,9,0.7,2,0.42772152114047013,0.0037993312215034,50,0.0005373065741397646,0.0010531208853139385,percent_serviced
5,14,5,12,0.3,1,0.10970754964759165,0.002423763156032387,50,0.00034277187272412177,0.0006718328705392787,percent_serviced
5,14,5,12,0.3,2,0.42932829223813956,0.0036628990993079085,50,0.0005180121583845439,0.001015303830433706,percent_serviced
5,14,5,12,0.5,1,0.10970754964759165,0.002423763156032387,50,0.00034277187272412177,0.0006718328705392787,percent_serviced
5,14,5,12,0.5,2,0.42932829223813956,0.0036628990993079085,50,0.0005180121583845439,0.001015303830433706,percent_serviced
5,14,5,12,0.7,1,0.10970754964759165,0.002423763156032387,50,0.00034277187272412177,0.0006718328705392787,percent_serviced
5,14,5,12,0.7,2,0.42932829223813956,0.0036628990993079085,50,0.0005180121583845439,0.001015303830433706,percent_serviced
5,14,9,5,0.3,1,0.10998397259387155,0.0024913162422083314,50,0.00035232532178913967,0.0006905576307067137,percent_serviced
5,14,9,5,0.3,2,0.5280237565881126,0.004392518171776609,50,0.0006211958771496753,0.0012175439192133636,percent_serviced
5,14,9,5,0.5,1,0.11017654952308475,0.002324109218444122,50,0.00032867867771600116,0.0006442102083233622,percent_serviced
5,14,9,5,0.5,2,0.5301427009616966,0.004027519575389911,50,0.0005695772806239541,0.0011163714700229501,percent_serviced
5,14,9,5,0.7,1,0.11048007602061274,0.0019354856952184711,50,0.00027371901199570804,0.0005364892635115878,percent_serviced
5,14,9,5,0.7,2,0.5296122218030461,0.005001722788381592,50,0.0007073504202559821,0.0013864068237017249,percent_serviced
5,14,9,9,0.3,1,0.11024023849275698,0.0023759375029917713,50,0.0003360083040081829,0.0006585762758560384,percent_serviced
5,14,9,9,0.3,2,0.4272214047440687,0.0035661742244412365,50,0.000504333195399015,0.0009884930629820694,percent_serviced
5,14,9,9,0.5,1,0.11002406603915911,0.0024601130821052127,50,0.00034791252856846675,0.0006819085559941949,percent_serviced
5,14,9,9,0.5,2,0.42766656156077354,0.004095782859874278,50,0.0005792311668969465,0.0011352930871180152,percent_serviced
5,14,9,9,0.7,1,0.1103022715719251,0.002402608136805717,50,0.00033978010121385975,0.0006659689983791651,percent_serviced
5,14,9,9,0.7,2,0.42772152114047013,0.0037993312215034,50,0.0005373065741397646,0.0010531208853139385,percent_serviced
5,14,12,12,0.3,1,0.10970754964759165,0.002423763156032387,50,0.00034277187272412177,0.0006718328705392787,percent_serviced
5,14,12,12,0.3,2,0.42932829223813956,0.0036628990993079085,50,0.0005180121583845439,0.001015303830433706,percent_serviced
5,14,12,12,0.5,1,0.10970754964759165,0.002423763156032387,50,0.00034277187272412177,0.0006718328705392787,percent_serviced
5,14,12,12,0.5,2,0.42932829223813956,0.0036628990993079085,50,0.0005180121583845439,0.001015303830433706,percent_serviced
5,14,12,12,0.7,1,0.10970754964759165,0.002423763156032387,50,0.00034277187272412177,0.0006718328705392787,percent_serviced
5,14,12,12,0.7,2,0.42932829223813956,0.0036628990993079085,50,0.0005180121583845439,0.001015303830433706,percent_serviced
7,2,5,9,0.3,1,0.6085642339944551,0.004884044299821247,50,0.0006907081688038215,0.00135378801085549,percent_serviced
7,2,5,9,0.3,2,0.03229978729432621,0.0013223651018744334,50,0.00018701066614797032,0.0003665409056500218,percent_serviced
7,2,5,9,0.5,1,0.6069163199610766,0.003952832017729713,50,0.0005590148649255967,0.0010956691352541695,percent_serviced
7,2,5,9,0.5,2,0.031883158388244924,0.0013156368505347457,50,0.0001860591477184062,0.0003646759295280761,percent_serviced
7,2,5,9,0.7,1,0.608293609173995,0.0051477474522913305,50,0.0007280014262701946,0.0014268827954895815,percent_serviced
7,2,5,9,0.7,2,0.032113453861761246,0.001447341983463855,50,0.00020468506624065597,0.0004011827298316857,percent_serviced
7,2,5,12,0.3,1,0.6085642339944551,0.004884044299821247,50,0.0006907081688038215,0.00135378801085549,percent_serviced
7,2,5,12,0.3,2,0.03229978729432621,0.0013223651018744334,50,0.00018701066614797032,0.0003665409056500218,percent_serviced
7,2,5,12,0.5,1,0.6069163199610766,0.003952832017729713,50,0.0005590148649255967,0.0010956691352541695,percent_serviced
7,2,5,12,0.5,2,0.031883158388244924,0.0013156368505347457,50,0.0001860591477184062,0.0003646759295280761,percent_serviced
7,2,5,12,0.7,1,0.608293609173995,0.0051477474522913305,50,0.0007280014262701946,0.0014268827954895815,percent_serviced
7,2,5,12,0.7,2,0.032113453861761246,0.001447341983463855,50,0.00020468506624065597,0.0004011827298316857,percent_serviced
7,2,9,5,0.3,1,0.609141257567542,0.0050649030131687724,50,0.0007162854533327632,0.001403919488532216,percent_serviced
7,2,9,5,0.3,2,0.03172446148956912,0.001449818752232297,50,0.00020503533423897523,0.00040186925510839145,percent_serviced
7,2,9,5,0.5,1,0.609141257567542,0.0050649030131687724,50,0.0007162854533327632,0.001403919488532216,percent_serviced
7,2,9,5,0.5,2,0.03172446148956912,0.001449818752232297,50,0.00020503533423897523,0.00040186925510839145,percent_serviced
7,2,9,5,0.7,1,0.609141257567542,0.0050649030131687724,50,0.0007162854533327632,0.001403919488532216,percent_serviced
7,2,9,5,0.7,2,0.03172446148956912,0.001449818752232297,50,0.00020503533423897523,0.00040186925510839145,percent_serviced
7,2,9,9,0.3,1,0.609141257567542,0.0050649030131687724,50,0.0007162854533327632,0.001403919488532216,percent_serviced
7,2,9,9,0.3,2,0.03172446148956912,0.001449818752232297,50,0.00020503533423897523,0.00040186925510839145,percent_serviced
7,2,9,9,0.5,1,0.609141257567542,0.0050649030131687724,50,0.0007162854533327632,0.001403919488532216,percent_serviced
7,2,9,9,0.5,2,0.03172446148956912,0.001449818752232297,50,0.00020503533423897523,0.00040186925510839145,percent_serviced
7,2,9,9,0.7,1,0.609141257567542,0.0050649030131687724,50,0.0007162854533327632,0.001403919488532216,percent_serviced
7,2,9,9,0.7,2,0.03172446148956912,0.001449818752232297,50,0.00020503533423897523,0.00040186925510839145,percent_serviced
7,2,12,12,0.3,1,0.609141257567542,0.0050649030131687724,50,0.0007162854533327632,0.001403919488532216,percent_serviced
7,2,12,12,0.3,2,0.03172446148956912,0.001449818752232297,50,0.00020503533423897523,0.00040186925510839145,percent_serviced
7,2,12,12,0.5,1,0.609141257567542,0.0050649030131687724,50,0.0007162854533327632,0.001403919488532216,percent_serviced
7,2,12,12,0.5,2,0.03172446148956912,0.001449818752232297,50,0.00020503533423897523,0.00040186925510839145,percent_serviced
7,2,12,12,0.7,1,0.609141257567542,0.0050649030131687724,50,0.0007162854533327632,0.001403919488532216,percent_serviced
7,2,12,12,0.7,2,0.03172446148956912,0.001449818752232297,50,0.00020503533423897523,0.00040186925510839145,percent_serviced
7,5,5,9,0.3,1,0.5293474453616792,0.0038746171769911634,50,0.0005479536160704658,0.001073989087498113,percent_serviced
7,5,5,9,0.3,2,0.10995059929851386,0.001997931243332084,50,0.00028255014610091734,0.000553798286357798,percent_serviced
7,5,5,9,0.5,1,0.5302051998268148,0.004711904628696871,50,0.0006663639430511678,0.0013060733283802887,percent_serviced
7,5,5,9,0.5,2,0.11040711332273474,0.002407690300074363,50,0.0003404988276359311,0.000667377702166425,percent_serviced
7,5,5,9,0.7,1,0.529505017265185,0.003773583113698393,50,0.000533665241813436,0.0010459838739543346,percent_serviced
7,5,5,9,0.7,2,0.11055721322239842,0.002803130884548515,50,0.00039642257140354005,0.0007769882399509385,percent_serviced
7,5,5,12,0.3,1,0.5293474453616792,0.0038746171769911634,50,0.0005479536160704658,0.001073989087498113,percent_serviced
7,5,5,12,0.3,2,0.10995059929851386,0.001997931243332084,50,0.00028255014610091734,0.000553798286357798,percent_serviced
7,5,5,12,0.5,1,0.5302051998268148,0.004711904628696871,50,0.0006663639430511678,0.0013060733283802887,percent_serviced
7,5,5,12,0.5,2,0.11040711332273474,0.002407690300074363,50,0.0003404988276359311,0.000667377702166425,percent_serviced
7,5,5,12,0.7,1,0.529505017265185,0.003773583113698393,50,0.000533665241813436,0.0010459838739543346,percent_serviced
7,5,5,12,0.7,2,0.11055721322239842,0.002803130884548515,50,0.00039642257140354005,0.0007769882399509385,percent_serviced
7,5,9,5,0.3,1,0.5295866821691222,0.004387892538064595,50,0.0006205417137566652,0.0012162617589630638,percent_serviced
7,5,9,5,0.3,2,0.10984761076026754,0.0026964429453852435,50,0.0003813346183529066,0.0007474158519716968,percent_serviced
7,5,9,5,0.5,1,0.5295866821691222,0.004387892538064595,50,0.0006205417137566652,0.0012162617589630638,percent_serviced
7,5,9,5,0.5,2,0.10984761076026754,0.0026964429453852435,50,0.0003813346183529066,0.0007474158519716968,percent_serviced
7,5,9,5,0.7,1,0.5295866821691222,0.004387892538064595,50,0.0006205417137566652,0.0012162617589630638,percent_serviced
7,5,9,5,0.7,2,0.10984761076026754,0.0026964429453852435,50,0.0003813346183529066,0.0007474158519716968,percent_serviced
7,5,9,9,0.3,1,0.5295866821691222,0.004387892538064595,50,0.0006205417137566652,0.0012162617589630638,percent_serviced
7,5,9,9,0.3,2,0.10984761076026754,0.0026964429453852435,50,0.0003813346183529066,0.0007474158519716968,percent_serviced
7,5,9,9,0.5,1,0.5295866821691222,0.004387892538064595,50,0.0006205417137566652,0.0012162617589630638,percent_serviced
7,5,9,9,0.5,2,0.10984761076026754,0.0026964429453852435,50,0.0003813346183529066,0.0007474158519716968,percent_serviced
7,5,9,9,0.7,1,0.5295866821691222,0.004387892538064595,50,0.0006205417137566652,0.0012162617589630638,percent_serviced
7,5,9,9,0.7,2,0.10984761076026754,0.0026964429453852435,50,0.0003813346183529066,0.0007474158519716968,percent_serviced
7,5,12,12,0.3,1,0.5295866821691222,0.004387892538064595,50,0.0006205417137566652,0.0012162617589630638,percent_serviced
7,5,12,12,0.3,2,0.10984761076026754,0.0026964429453852435,50,0.0003813346183529066,0.0007474158519716968,percent_serviced
7,5,12,12,0.5,1,0.5295866821691222,0.004387892538064595,50,0.0006205417137566652,0.0012162617589630638,percent_serviced
7,5,12,12,0.5,2,0.10984761076026754,0.0026964429453852435,50,0.0003813346183529066,0.0007474158519716968,percent_serviced
7,5,12,12,0.7,1,0.5295866821691222,0.004387892538064595,50,0.0006205417137566652,0.0012162617589630638,percent_serviced
7,5,12,12,0.7,2,0.10984761076026754,0.0026964429453852435,50,0.0003813346183529066,0.0007474158519716968,percent_serviced
7,7,5,9,0.3,1,0.2868923245143312,0.00355891829166569,50,0.0005033070515451305,0.0009864818210284557,percent_serviced
7,7,5,9,0.3,2,0.35328894476185696,0.0030109420297751623,50,0.000425811505402721,0.0008345905505893331,percent_serviced
7,7,5,9,0.5,1,0.2570867878963934,0.0032573984968004375,50,0.00046066571322289114,0.0009029047979168666,percent_serviced
7,7,5,9,0.5,2,0.3835140804245778,0.003829747919140186,50,0.000541608144771819,0.0010615519637527653,percent_serviced
7,7,5,9,0.7,1,0.21789523943525915,0.0029522459327941393,50,0.00041751062376182806,0.000818320822573183,percent_serviced
7,7,5,9,0.7,2,0.4226002399924604,0.003054945849041236,50,0.0004320345852029506,0.0008467877869977831,percent_serviced
7,7,5,12,0.3,1,0.2868923245143312,0.00355891829166569,50,0.0005033070515451305,0.0009864818210284557,percent_serviced
7,7,5,12,0.3,2,0.35328894476185696,0.0030109420297751623,50,0.000425811505402721,0.0008345905505893331,percent_serviced
7,7,5,12,0.5,1,0.2570867878963934,0.0032573984968004375,50,0.00046066571322289114,0.0009029047979168666,percent_serviced
7,7,5,12,0.5,2,0.3835140804245778,0.003829747919140186,50,0.000541608144771819,0.0010615519637527653,percent_serviced
7,7,5,12,0.7,1,0.21789523943525915,0.0029522459327941393,50,0.00041751062376182806,0.000818320822573183,percent_serviced
7,7,5,12,0.7,2,0.4226002399924604,0.003054945849041236,50,0.0004320345852029506,0.0008467877869977831,percent_serviced
7,7,9,5,0.3,1,0.35361999964915536,0.002392836197410281,50,0.0003383981402914884,0.0006632603549713172,percent_serviced
7,7,9,5,0.3,2,0.2865121109311605,0.0029755531692721195,50,0.0004208067647546877,0.0008247812589191879,percent_serviced
7,7,9,5,0.5,1,0.38384137917062167,0.003423467506575002,50,0.000484151417814197,0.0009489367789158262,percent_serviced
7,7,9,5,0.5,2,0.2571164589859939,0.002516713967550313,50,0.00035591710255234544,0.0006975975210025971,percent_serviced
7,7,9,5,0.7,1,0.4218215722074137,0.003576548332049651,50,0.0005058003157667488,0.0009913686189028277,percent_serviced
7,7,9,5,0.7,2,0.21767020329943068,0.0024623200064345417,50,0.00034822463480023354,0.0006825202842084577,percent_serviced
7,7,9,9,0.3,1,0.3204874636714114,0.003068816033306668,50,0.00043399612547302934,0.0008506324059271375,percent_serviced
7,7,9,9,0.3,2,0.32021789324857086,0.0031272210300546974,50,0.0004422558393241713,0.0008668214450753758,percent_serviced
7,7,9,9,0.5,1,0.3204874636714114,0.003068816033306668,50,0.00043399612547302934,0.0008506324059271375,percent_serviced
7,7,9,9,0.5,2,0.32021789324857086,0.0031272210300546974,50,0.0004422558393241713,0.0008668214450753758,percent_serviced
7,7,9,9,0.7,1,0.3204874636714114,0.003068816033306668,50,0.00043399612547302934,0.0008506324059271375,percent_serviced
7,7,9,9,0.7,2,0.32021789324857086,0.0031272210300546974,50,0.0004422558393241713,0.0008668214450753758,percent_serviced
7,7,12,12,0.3,1,0.3204874636714114,0.003068816033306668,50,0.00043399612547302934,0.0008506324059271375,percent_serviced
7,7,12,12,0.3,2,0.32021789324857086,0.0031272210300546974,50,0.0004422558393241713,0.0008668214450753758,percent_serviced
7,7,12,12,0.5,1,0.3204874636714114,0.003068816033306668,50,0.00043399612547302934,0.0008506324059271375,percent_serviced
7,7,12,12,0.5,2,0.32021789324857086,0.0031272210300546974,50,0.0004422558393241713,0.0008668214450753758,percent_serviced
7,7,12,12,0.7,1,0.3204874636714114,0.003068816033306668,50,0.00043399612547302934,0.0008506324059271375,percent_serviced
7,7,12,12,0.7,2,0.32021789324857086,0.0031272210300546974,50,0.0004422558393241713,0.0008668214450753758,percent_serviced
7,10,5,9,0.3,1,0.14628840984517688,0.0025615150516999966,50,0.0003622529326336955,0.0007100157479620431,percent_serviced
7,10,5,9,0.3,2,0.39163861325542126,0.003443515452776014,50,0.0004869866255557168,0.0009544937860892048,percent_serviced
7,10,5,9,0.5,1,0.1428641962327198,0.0024780427942176888,50,0.0003504481727723576,0.0006868784186338209,percent_serviced
7,10,5,9,0.5,2,0.39427070590862273,0.0036663031899288414,50,0.0005184935694969109,0.0010162473962139452,percent_serviced
7,10,5,9,0.7,1,0.13993382941390484,0.0027188501643927495,50,0.0003845034776544545,0.0007536268162027308,percent_serviced
7,10,5,9,0.7,2,0.3986112672916684,0.002767986236898284,50,0.000391452367668362,0.0007672466406299895,percent_serviced
7,10,5,12,0.3,1,0.14628840984517688,0.0025615150516999966,50,0.0003622529326336955,0.0007100157479620431,percent_serviced
7,10,5,12,0.3,2,0.39163861325542126,0.003443515452776014,50,0.0004869866255557168,0.0009544937860892048,percent_serviced
7,10,5,12,0.5,1,0.1428641962327198,0.0024780427942176888,50,0.0003504481727723576,0.0006868784186338209,percent_serviced
7,10,5,12,0.5,2,0.39427070590862273,0.0036663031899288414,50,0.0005184935694969109,0.0010162473962139452,percent_serviced
7,10,5,12,0.7,1,0.13993382941390484,0.0027188501643927495,50,0.0003845034776544545,0.0007536268162027308,percent_serviced
7,10,5,12,0.7,2,0.3986112672916684,0.002767986236898284,50,0.000391452367668362,0.0007672466406299895,percent_serviced
7,10,9,5,0.3,1,0.1922135305096376,0.004131405131256511,50,0.0005842689168280755,0.001145167076983028,percent_serviced
7,10,9,5,0.3,2,0.3647388727576615,0.0032432219891998216,50,0.0004586608522913035,0.0008989752704909548,percent_serviced
7,10,9,5,0.5,1,0.27790829923158955,0.00413787484699671,50,0.0005851838728025243,0.0011469603906929476,percent_serviced
7,10,9,5,0.5,2,0.3141750968019702,0.0026870584772514285,50,0.0003800074541418567,0.0007448146101180391,percent_serviced
7,10,9,5,0.7,1,0.367444005417352,0.0036441871994914495,50,0.0005153658961347236,0.0010101171564240582,percent_serviced
7,10,9,5,0.7,2,0.25103209538581506,0.0024807014012895616,50,0.00035082415659016397,0.0006876153469167214,percent_serviced
7,10,9,9,0.3,1,0.14959064455867174,0.0021897261460559654,50,0.0003096740413635315,0.0006069611210725217,percent_serviced
7,10,9,9,0.3,2,0.3878032372165945,0.003301688330020794,50,0.0004669292415044382,0.0009151813133486988,percent_serviced
7,10,9,9,0.5,1,0.14959064455867174,0.0021897261460559654,50,0.0003096740413635315,0.0006069611210725217,percent_serviced
7,10,9,9,0.5,2,0.3878032372165945,0.003301688330020794,50,0.0004669292415044382,0.0009151813133486988,percent_serviced
7,10,9,9,0.7,1,0.14959064455867174,0.0021897261460559654,50,0.0003096740413635315,0.0006069611210725217,percent_serviced
7,10,9,9,0.7,2,0.3878032372165945,0.003301688330020794,50,0.0004669292415044382,0.0009151813133486988,percent_serviced
7,10,12,12,0.3,1,0.14959064455867174,0.0021897261460559654,50,0.0003096740413635315,0.0006069611210725217,percent_serviced
7,10,12,12,0.3,2,0.3878032372165945,0.003301688330020794,50,0.0004669292415044382,0.0009151813133486988,percent_serviced
7,10,12,12,0.5,1,0.14959064455867174,0.0021897261460559654,50,0.0003096740413635315,0.0006069611210725217,percent_serviced
7,10,12,12,0.5,2,0.3878032372165945,0.003301688330020794,50,0.0004669292415044382,0.0009151813133486988,percent_serviced
7,10,12,12,0.7,1,0.14959064455867174,0.0021897261460559654,50,0.0003096740413635315,0.0006069611210725217,percent_serviced
7,10,12,12,0.7,2,0.3878032372165945,0.003301688330020794,50,0.0004669292415044382,0.0009151813133486988,percent_serviced
7,14,5,9,0.3,1,0.1467948136542231,0.00247628708354445,50,0.00035019987778778786,0.0006863917604640642,percent_serviced
7,14,5,9,0.3,2,0.391118669903962,0.00393467219758256,50,0.0005564466785313606,0.0010906354899214668,percent_serviced
7,14,5,9,0.5,1,0.14407624282093331,0.0025339317990321557,50,0.000358352071631973,0.0007023700603986671,percent_serviced
7,14,5,9,0.5,2,0.39315624261403853,0.0038948137266029323,50,0.0005508098395078763,0.0010795872854354376,percent_serviced
7,14,5,9,0.7,1,0.1396736848038393,0.0024103526539606106,50,0.0003408753413333079,0.0006681156690132835,percent_serviced
7,14,5,9,0.7,2,0.39868155867032945,0.004394913947086891,50,0.0006215346909432952,0.0012182079942488586,percent_serviced
7,14,5,12,0.3,1,0.1462582266941726,0.0026309978655050296,50,0.0003720792863971877,0.0007292754013384879,percent_serviced
7,14,5,12,0.3,2,0.3909002480468375,0.003308005528118558,50,0.00046782262822704374,0.0009169323513250057,percent_serviced
7,14,5,12,0.5,1,0.14363902029173362,0.0025455162465779953,50,0.0003599903599151656,0.0007055811054337246,percent_serviced
7,14,5,12,0.5,2,0.3942945007847615,0.003955694565272478,50,0.0005594196902813883,0.001096462592951521,percent_serviced
7,14,5,12,0.7,1,0.13910792517391468,0.0032942283660186973,50,0.00046587424327778016,0.0009131135168244491,percent_serviced
7,14,5,12,0.7,2,0.39915104212672803,0.0034501501818260025,50,0.00048792491793623325,0.0009563328391550171,percent_serviced
7,14,9,5,0.3,1,0.1922135305096376,0.004131405131256511,50,0.0005842689168280755,0.001145167076983028,percent_serviced
7,14,9,5,0.3,2,0.3647388727576615,0.0032432219891998216,50,0.0004586608522913035,0.0008989752704909548,percent_serviced
7,14,9,5,0.5,1,0.27790829923158955,0.00413787484699671,50,0.0005851838728025243,0.0011469603906929476,percent_serviced
7,14,9,5,0.5,2,0.3141750968019702,0.0026870584772514285,50,0.0003800074541418567,0.0007448146101180391,percent_serviced
7,14,9,5,0.7,1,0.367444005417352,0.0036441871994914495,50,0.0005153658961347236,0.0010101171564240582,percent_serviced
7,14,9,5,0.7,2,0.25103209538581506,0.0024807014012895616,50,0.00035082415659016397,0.0006876153469167214,percent_serviced
7,14,9,9,0.3,1,0.14978135815654176,0.0023455641578904126,50,0.0003317128643504849,0.0006501572141269504,percent_serviced
7,14,9,9,0.3,2,0.3876254477750948,0.0032374673953680846,50,0.0004578470298270244,0.0008973801784609678,percent_serviced
7,14,9,9,0.5,1,0.1496404169113835,0.0026957745012847483,50,0.00038124008608164575,0.0007472305687200257,percent_serviced
7,14,9,9,0.5,2,0.3882668355354847,0.0033622481592940887,50,0.00047549369469376747,0.0009319676415997843,percent_serviced
7,14,9,9,0.7,1,0.150051152636102,0.002685768381188745,50,0.00037982500700699555,0.0007444570137337112,percent_serviced
7,14,9,9,0.7,2,0.3879327674380368,0.003922545895993844,50,0.0005547317605145418,0.0010872742506085019,percent_serviced
7,14,12,12,0.3,1,0.14918166459644283,0.002347775447792433,50,0.00033202558796746254,0.0006507701524162266,percent_serviced
7,14,12,12,0.3,2,0.3886055654042284,0.0030086262437678695,50,0.0004254840038048143,0.0008339486474574359,percent_serviced
7,14,12,12,0.5,1,0.14918166459644283,0.002347775447792433,50,0.00033202558796746254,0.0006507701524162266,percent_serviced
7,14,12,12,0.5,2,0.3886055654042284,0.0030086262437678695,50,0.0004254840038048143,0.0008339486474574359,percent_serviced
7,14,12,12,0.7,1,0.14918166459644283,0.002347775447792433,50,0.00033202558796746254,0.0006507701524162266,percent_serviced
7,14,12,12,0.7,2,0.3886055654042284,0.0030086262437678695,50,0.0004254840038048143,0.0008339486474574359,percent_serviced
10,2,5,9,0.3,1,0.6080551837596423,0.003752367985446752,50,0.0005306649696033405,0.0010401033404225473,percent_serviced
10,2,5,9,0.3,2,0.03202544684551558,0.0013158637313107834,50,0.0001860912335054576,0.0003647388176706969,percent_serviced
10,2,5,9,0.5,1,0.6069163199610766,0.003952832017729713,50,0.0005590148649255967,0.0010956691352541695,percent_serviced
10,2,5,9,0.5,2,0.031883158388244924,0.0013156368505347457,50,0.0001860591477184062,0.0003646759295280761,percent_serviced
10,2,5,9,0.7,1,0.608293609173995,0.0051477474522913305,50,0.0007280014262701946,0.0014268827954895815,percent_serviced
10,2,5,9,0.7,2,0.032113453861761246,0.001447341983463855,50,0.00020468506624065597,0.0004011827298316857,percent_serviced
10,2,5,12,0.3,1,0.6080551837596423,0.003752367985446752,50,0.0005306649696033405,0.0010401033404225473,percent_serviced
10,2,5,12,0.3,2,0.03202544684551558,0.0013158637313107834,50,0.0001860912335054576,0.0003647388176706969,percent_serviced
10,2,5,12,0.5,1,0.6069163199610766,0.003952832017729713,50,0.0005590148649255967,0.0010956691352541695,percent_serviced
10,2,5,12,0.5,2,0.031883158388244924,0.0013156368505347457,50,0.0001860591477184062,0.0003646759295280761,percent_serviced
10,2,5,12,0.7,1,0.608293609173995,0.0051477474522913305,50,0.0007280014262701946,0.0014268827954895815,percent_serviced
10,2,5,12,0.7,2,0.032113453861761246,0.001447341983463855,50,0.00020468506624065597,0.0004011827298316857,percent_serviced
10,2,9,5,0.3,1,0.5238449944818353,0.008851731998341708,50,0.0012518239442546742,0.0024535749307391616,percent_serviced
10,2,9,5,0.3,2,0.031824907557619735,0.001514742378528217,50,0.00021421692152158849,0.0004198651661823134,percent_serviced
10,2,9,5,0.5,1,0.5238449944818353,0.008851731998341708,50,0.0012518239442546742,0.0024535749307391616,percent_serviced
10,2,9,5,0.5,2,0.031824907557619735,0.001514742378528217,50,0.00021421692152158849,0.0004198651661823134,percent_serviced
10,2,9,5,0.7,1,0.5238449944818353,0.008851731998341708,50,0.0012518239442546742,0.0024535749307391616,percent_serviced
10,2,9,5,0.7,2,0.031824907557619735,0.001514742378528217,50,0.00021421692152158849,0.0004198651661823134,percent_serviced
10,2,9,9,0.3,1,0.5238449944818353,0.008851731998341708,50,0.0012518239442546742,0.0024535749307391616,percent_serviced
10,2,9,9,0.3,2,0.031824907557619735,0.001514742378528217,50,0.00021421692152158849,0.0004198651661823134,percent_serviced
10,2,9,9,0.5,1,0.5238449944818353,0.008851731998341708,50,0.0012518239442546742,0.0024535749307391616,percent_serviced
10,2,9,9,0.5,2,0.031824907557619735,0.001514742378528217,50,0.00021421692152158849,0.0004198651661823134,percent_serviced
10,2,9,9,0.7,1,0.5238449944818353,0.008851731998341708,50,0.0012518239442546742,0.0024535749307391616,percent_serviced
10,2,9,9,0.7,2,0.031824907557619735,0.001514742378528217,50,0.00021421692152158849,0.0004198651661823134,percent_serviced
10,2,12,12,0.3,1,0.5238449944818353,0.008851731998341708,50,0.0012518239442546742,0.0024535749307391616,percent_serviced
10,2,12,12,0.3,2,0.031824907557619735,0.001514742378528217,50,0.00021421692152158849,0.0004198651661823134,percent_serviced
10,2,12,12,0.5,1,0.5238449944818353,0.008851731998341708,50,0.0012518239442546742,0.0024535749307391616,percent_serviced
10,2,12,12,0.5,2,0.031824907557619735,0.001514742378528217,50,0.00021421692152158849,0.0004198651661823134,percent_serviced
10,2,12,12,0.7,1,0.5238449944818353,0.008851731998341708,50,0.0012518239442546742,0.0024535749307391616,percent_serviced
10,2,12,12,0.7,2,0.031824907557619735,0.001514742378528217,50,0.00021421692152158849,0.0004198651661823134,percent_serviced
10,5,5,9,0.3,1,0.5280526683581745,0.00453754939467603,50,0.0006417063893888669,0.0012577445232021792,percent_serviced
10,5,5,9,0.3,2,0.11020382612636073,0.0020264488881413436,50,0.0002865831501065367,0.0005617029742088119,percent_serviced
10,5,5,9,0.5,1,0.5302136515115702,0.004717675669861163,50,0.0006671800915195233,0.0013076729793782655,percent_serviced
10,5,5,9,0.5,2,0.1103874829831201,0.0024062417510558667,50,0.00034029397186915913,0.0006669761848635519,percent_serviced
10,5,5,9,0.7,1,0.529505017265185,0.003773583113698393,50,0.000533665241813436,0.0010459838739543346,percent_serviced
10,5,5,9,0.7,2,0.11055721322239842,0.002803130884548515,50,0.00039642257140354005,0.0007769882399509385,percent_serviced
10,5,5,12,0.3,1,0.5280526683581745,0.00453754939467603,50,0.0006417063893888669,0.0012577445232021792,percent_serviced
10,5,5,12,0.3,2,0.11020382612636073,0.0020264488881413436,50,0.0002865831501065367,0.0005617029742088119,percent_serviced
10,5,5,12,0.5,1,0.5302136515115702,0.004717675669861163,50,0.0006671800915195233,0.0013076729793782655,percent_serviced
10,5,5,12,0.5,2,0.1103874829831201,0.0024062417510558667,50,0.00034029397186915913,0.0006669761848635519,percent_serviced
10,5,5,12,0.7,1,0.529505017265185,0.003773583113698393,50,0.000533665241813436,0.0010459838739543346,percent_serviced
10,5,5,12,0.7,2,0.11055721322239842,0.002803130884548515,50,0.00039642257140354005,0.0007769882399509385,percent_serviced
10,5,9,5,0.3,1,0.42918691946574833,0.004272990405959555,50,0.0006042920983998119,0.0011844125128636315,percent_serviced
10,5,9,5,0.3,2,0.10945791677903331,0.001980825953122832,50,0.0002801310927606921,0.0005490569418109565,percent_serviced
10,5,9,5,0.5,1,0.42918691946574833,0.004272990405959555,50,0.0006042920983998119,0.0011844125128636315,percent_serviced
10,5,9,5,0.5,2,0.10945791677903331,0.001980825953122832,50,0.0002801310927606921,0.0005490569418109565,percent_serviced
10,5,9,5,0.7,1,0.42918691946574833,0.004272990405959555,50,0.0006042920983998119,0.0011844125128636315,percent_serviced
10,5,9,5,0.7,2,0.10945791677903331,0.001980825953122832,50,0.0002801310927606921,0.0005490569418109565,percent_serviced
10,5,9,9,0.3,1,0.42918691946574833,0.004272990405959555,50,0.0006042920983998119,0.0011844125128636315,percent_serviced
10,5,9,9,0.3,2,0.10945791677903331,0.001980825953122832,50,0.0002801310927606921,0.0005490569418109565,percent_serviced
10,5,9,9,0.5,1,0.42918691946574833,0.004272990405959555,50,0.0006042920983998119,0.0011844125128636315,percent_serviced
10,5,9,9,0.5,2,0.10945791677903331,0.001980825953122832,50,0.0002801310927606921,0.0005490569418109565,percent_serviced
10,5,9,9,0.7,1,0.42918691946574833,0.004272990405959555,50,0.0006042920983998119,0.0011844125128636315,percent_serviced
10,5,9,9,0.7,2,0.10945791677903331,0.001980825953122832,50,0.0002801310927606921,0.0005490569418109565,percent_serviced
10,5,12,12,0.3,1,0.42918691946574833,0.004272990405959555,50,0.0006042920983998119,0.0011844125128636315,percent_serviced
10,5,12,12,0.3,2,0.10945791677903331,0.001980825953122832,50,0.0002801310927606921,0.0005490569418109565,percent_serviced
10,5,12,12,0.5,1,0.42918691946574833,0.004272990405959555,50,0.0006042920983998119,0.0011844125128636315,percent_serviced
10,5,12,12,0.5,2,0.10945791677903331,0.001980825953122832,50,0.0002801310927606921,0.0005490569418109565,percent_serviced
10,5,12,12,0.7,1,0.42918691946574833,0.004272990405959555,50,0.0006042920983998119,0.0011844125128636315,percent_serviced
10,5,12,12,0.7,2,0.10945791677903331,0.001980825953122832,50,0.0002801310927606921,0.0005490569418109565,percent_serviced
10,7,5,9,0.3,1,0.3654928450659679,0.002657137738883041,50,0.00037577602274217764,0.0007365210045746682,percent_serviced
10,7,5,9,0.3,2,0.19145194761559764,0.0038811053179928926,50,0.0005488711777703893,0.001075787508429963,percent_serviced
10,7,5,9,0.5,1,0.3150164046068341,0.002861705503508881,50,0.0004047062734579986,0.0007932242959776773,percent_serviced
10,7,5,9,0.5,2,0.2780313231538458,0.004580306659876903,50,0.0006477531798225728,0.0012695962324522426,percent_serviced
10,7,5,9,0.7,1,0.25213656056638567,0.0024488945025265066,50,0.0003463259818293899,0.0006787989243856042,percent_serviced
10,7,5,9,0.7,2,0.3672568788159822,0.0036742990877053393,50,0.0005196243602047981,0.0010184637460014041,percent_serviced
10,7,5,12,0.3,1,0.3654928450659679,0.002657137738883041,50,0.00037577602274217764,0.0007365210045746682,percent_serviced
10,7,5,12,0.3,2,0.19145194761559764,0.0038811053179928926,50,0.0005488711777703893,0.001075787508429963,percent_serviced
10,7,5,12,0.5,1,0.3150164046068341,0.002861705503508881,50,0.0004047062734579986,0.0007932242959776773,percent_serviced
10,7,5,12,0.5,2,0.2780313231538458,0.004580306659876903,50,0.0006477531798225728,0.0012695962324522426,percent_serviced
10,7,5,12,0.7,1,0.25213656056638567,0.0024488945025265066,50,0.0003463259818293899,0.0006787989243856042,percent_serviced
10,7,5,12,0.7,2,0.3672568788159822,0.0036742990877053393,50,0.0005196243602047981,0.0010184637460014041,percent_serviced
10,7,9,5,0.3,1,0.39211496538872276,0.003600900200990858,50,0.0005092441900993275,0.0009981186125946819,percent_serviced
10,7,9,5,0.3,2,0.1467533605094107,0.0024583089138631685,50,0.0003476573806487965,0.0006814084660716411,percent_serviced
10,7,9,5,0.5,1,0.39499276416169266,0.0029068925226248426,50,0.00041109668298569915,0.0008057494986519703,percent_serviced
10,7,9,5,0.5,2,0.14361290910164304,0.0022990162816448516,50,0.0003251300005618712,0.0006372548011012675,percent_serviced
10,7,9,5,0.7,1,0.3979987258376481,0.003797614182326226,50,0.000537063748130616,0.0010526449463360073,percent_serviced
10,7,9,5,0.7,2,0.13941585745877355,0.002476008758926676,50,0.000350160516742868,0.0006863146128160213,percent_serviced
10,7,9,9,0.3,1,0.3882949595936487,0.004277428210736939,50,0.000604919698770146,0.001185642609589486,percent_serviced
10,7,9,9,0.3,2,0.14955477816630006,0.002947910562766823,50,0.00041689750985277437,0.0008171191193114377,percent_serviced
10,7,9,9,0.5,1,0.3882949595936487,0.004277428210736939,50,0.000604919698770146,0.001185642609589486,percent_serviced
10,7,9,9,0.5,2,0.14955477816630006,0.002947910562766823,50,0.00041689750985277437,0.0008171191193114377,percent_serviced
10,7,9,9,0.7,1,0.3882949595936487,0.004277428210736939,50,0.000604919698770146,0.001185642609589486,percent_serviced
10,7,9,9,0.7,2,0.14955477816630006,0.002947910562766823,50,0.00041689750985277437,0.0008171191193114377,percent_serviced
10,7,12,12,0.3,1,0.3882949595936487,0.004277428210736939,50,0.000604919698770146,0.001185642609589486,percent_serviced
10,7,12,12,0.3,2,0.14955477816630006,0.002947910562766823,50,0.00041689750985277437,0.0008171191193114377,percent_serviced
10,7,12,12,0.5,1,0.3882949595936487,0.004277428210736939,50,0.000604919698770146,0.001185642609589486,percent_serviced
10,7,12,12,0.5,2,0.14955477816630006,0.002947910562766823,50,0.00041689750985277437,0.0008171191193114377,percent_serviced
10,7,12,12,0.7,1,0.3882949595936487,0.004277428210736939,50,0.000604919698770146,0.001185642609589486,percent_serviced
10,7,12,12,0.7,2,0.14955477816630006,0.002947910562766823,50,0.00041689750985277437,0.0008171191193114377,percent_serviced
10,10,5,9,0.3,1,0.24441449704414503,0.002672556440293166,50,0.0003779565564070156,0.0007407948505577506,percent_serviced
10,10,5,9,0.3,2,0.29325755302259365,0.0028558535874735544,50,0.00040387868755569585,0.0007916022276091638,percent_serviced
10,10,5,9,0.5,1,0.22348336787280565,0.0023663148380531746,50,0.00033464745368194936,0.0006559090092166207,percent_serviced
10,10,5,9,0.5,2,0.3144635371649009,0.0032692457976048416,50,0.00046234117457040133,0.0009061887021579866,percent_serviced
10,10,5,9,0.7,1,0.19557751261594547,0.0029395583062120636,50,0.00041571632240315837,0.0008148039919101904,percent_serviced
10,10,5,9,0.7,2,0.34291027023206205,0.003026348625597875,50,0.00042799032707896905,0.0008388610410747793,percent_serviced
10,10,5,12,0.3,1,0.24441449704414503,0.002672556440293166,50,0.0003779565564070156,0.0007407948505577506,percent_serviced
10,10,5,12,0.3,2,0.29325755302259365,0.0028558535874735544,50,0.00040387868755569585,0.0007916022276091638,percent_serviced
10,10,5,12,0.5,1,0.22348336787280565,0.0023663148380531746,50,0.00033464745368194936,0.0006559090092166207,percent_serviced
10,10,5,12,0.5,2,0.3144635371649009,0.0032692457976048416,50,0.00046234117457040133,0.0009061887021579866,percent_serviced
10,10,5,12,0.7,1,0.19557751261594547,0.0029395583062120636,50,0.00041571632240315837,0.0008148039919101904,percent_serviced
10,10,5,12,0.7,2,0.34291027023206205,0.003026348625597875,50,0.00042799032707896905,0.0008388610410747793,percent_serviced
10,10,9,5,0.3,1,0.2935800467168538,0.0033550413774753674,50,0.0004744745018348575,0.0009299700235963207,percent_serviced
10,10,9,5,0.3,2,0.2449492130630481,0.0027003535717555005,50,0.00038188766443792577,0.0007484998222983345,percent_serviced
10,10,9,5,0.5,1,0.31497704034535895,0.0031936291833469677,50,0.0004516473704279793,0.0008852288460388394,percent_serviced
10,10,9,5,0.5,2,0.2227693418341735,0.00289849896480738,50,0.0004099096546554973,0.0008034229231247747,percent_serviced
10,10,9,5,0.7,1,0.34379674119449616,0.003008206775004089,50,0.0004254246819633412,0.0008338323766481487,percent_serviced
10,10,9,5,0.7,2,0.1945754460359594,0.002711097520287563,50,0.00038340708821067384,0.0007514778928929207,percent_serviced
10,10,9,9,0.3,1,0.2694065380575477,0.0032149625812077256,50,0.00045466436848659787,0.0008911421622337318,percent_serviced
10,10,9,9,0.3,2,0.2689534225782942,0.0027555168296561944,50,0.00038968892718471037,0.0007637902972820323,percent_serviced
10,10,9,9,0.5,1,0.2694065380575477,0.0032149625812077256,50,0.00045466436848659787,0.0008911421622337318,percent_serviced
10,10,9,9,0.5,2,0.2689534225782942,0.0027555168296561944,50,0.00038968892718471037,0.0007637902972820323,percent_serviced
10,10,9,9,0.7,1,0.2694065380575477,0.0032149625812077256,50,0.00045466436848659787,0.0008911421622337318,percent_serviced
10,10,9,9,0.7,2,0.2689534225782942,0.0027555168296561944,50,0.00038968892718471037,0.0007637902972820323,percent_serviced
10,10,12,12,0.3,1,0.2694065380575477,0.0032149625812077256,50,0.00045466436848659787,0.0008911421622337318,percent_serviced
10,10,12,12,0.3,2,0.2689534225782942,0.0027555168296561944,50,0.00038968892718471037,0.0007637902972820323,percent_serviced
10,10,12,12,0.5,1,0.2694065380575477,0.0032149625812077256,50,0.00045466436848659787,0.0008911421622337318,percent_serviced
10,10,12,12,0.5,2,0.2689534225782942,0.0027555168296561944,50,0.00038968892718471037,0.0007637902972820323,percent_serviced
10,10,12,12,0.7,1,0.2694065380575477,0.0032149625812077256,50,0.00045466436848659787,0.0008911421622337318,percent_serviced
10,10,12,12,0.7,2,0.2689534225782942,0.0027555168296561944,50,0.00038968892718471037,0.0007637902972820323,percent_serviced
10,14,5,9,0.3,1,0.2014125137036226,0.0028619407466379644,50,0.0004047395418603591,0.0007932895020463038,percent_serviced
10,14,5,9,0.3,2,0.33742528052074655,0.003115738608493942,50,0.0004406319796941608,0.0008636386802005551,percent_serviced
10,14,5,9,0.5,1,0.20413468559980516,0.002661439850440828,50,0.00037638443319336405,0.0007377134890589936,percent_serviced
10,14,5,9,0.5,2,0.3339000891451485,0.003105528940864557,50,0.000439188114651281,0.0008608087047165107,percent_serviced
10,14,5,9,0.7,1,0.1896243984242129,0.0025002213610487273,50,0.0003535846957730029,0.0006930260037150857,percent_serviced
10,14,5,9,0.7,2,0.34702302452520106,0.0030400047221580493,50,0.0004299215907754166,0.0008426463179198165,percent_serviced
10,14,5,12,0.3,1,0.17401844124421215,0.002587286392002154,50,0.0003658975505312798,0.0007171591990413084,percent_serviced
10,14,5,12,0.3,2,0.363802198053701,0.0033240798066741205,50,0.0004700958745009077,0.000921387914021779,percent_serviced
10,14,5,12,0.5,1,0.16642133819148328,0.002863667446038391,50,0.00040498373403138156,0.0007937681187015079,percent_serviced
10,14,5,12,0.5,2,0.3707224348284012,0.003621205524242969,50,0.000512115796452478,0.001003746961046857,percent_serviced
10,14,5,12,0.7,1,0.15736282053663347,0.002903578847830331,50,0.00041062805860212994,0.0008048309948601747,percent_serviced
10,14,5,12,0.7,2,0.38070830849753795,0.003425714380673263,50,0.00048446917379646763,0.0009495595806410766,percent_serviced
10,14,9,5,0.3,1,0.23042397570623463,0.004090264933849481,50,0.0005784508143149026,0.001133763596057209,percent_serviced
10,14,9,5,0.3,2,0.30678181033315627,0.0030624118335441874,50,0.0004330904348570047,0.0008488572523197292,percent_serviced
10,14,9,5,0.5,1,0.27848551153407536,0.0032388781431216306,50,0.0004580465396876396,0.0008977712177877736,percent_serviced
10,14,9,5,0.5,2,0.25994055816971273,0.002527722193065042,50,0.0003574739007344045,0.0007006488454394329,percent_serviced
10,14,9,5,0.7,1,0.32792617103589605,0.003952452374114616,50,0.0005589611752106629,0.0010955639034128993,percent_serviced
10,14,9,5,0.7,2,0.21019687752575694,0.0024905111259924703,50,0.00035221146116196393,0.0006903344638774493,percent_serviced
10,14,9,9,0.3,1,0.2105258343347374,0.0032654860190551842,50,0.00046180946158875684,0.0009051465447139634,percent_serviced
10,14,9,9,0.3,2,0.32761717327479106,0.0028948397474160797,50,0.0004093921631692525,0.0008024086398117348,percent_serviced
10,14,9,9,0.5,1,0.23193812432520086,0.0030008216664461833,50,0.00042438026989512244,0.00083178532899444,percent_serviced
10,14,9,9,0.5,2,0.3060883537814317,0.0024675740347031737,50,0.00034896766660369265,0.0006839766265432376,percent_serviced
10,14,9,9,0.7,1,0.2495603311716994,0.002724700352328365,50,0.0003853308191665524,0.0007552484055664427,percent_serviced
10,14,9,9,0.7,2,0.28915298785725885,0.0032307341886763956,50,0.0004568948106048596,0.0008955138287855248,percent_serviced
10,14,12,12,0.3,1,0.18298688285667566,0.0031862685409218628,50,0.0004506064183934431,0.0008831885800511484,percent_serviced
10,14,12,12,0.3,2,0.35512316693609347,0.003466656046134728,50,0.0004902591996526421,0.0009609080313191786,percent_serviced
10,14,12,12,0.5,1,0.1821904594077315,0.002852037493357882,50,0.00040333901035032824,0.0007905444602866433,percent_serviced
10,14,12,12,0.5,2,0.35657827561951644,0.0035913120527067874,50,0.0005078882211651899,0.000995460913483772,percent_serviced
10,14,12,12,0.7,1,0.18296397126348793,0.0028289056070311095,50,0.0004000676676136688,0.0007841326285227909,percent_serviced
10,14,12,12,0.7,2,0.3552628764692906,0.003511362602712503,50,0.0004965816615165711,0.0009733000565724793,percent_serviced
14,2,5,9,0.3,1,0.6080551837596423,0.003752367985446752,50,0.0005306649696033405,0.0010401033404225473,percent_serviced
14,2,5,9,0.3,2,0.03202544684551558,0.0013158637313107834,50,0.0001860912335054576,0.0003647388176706969,percent_serviced
14,2,5,9,0.5,1,0.6069163199610766,0.003952832017729713,50,0.0005590148649255967,0.0010956691352541695,percent_serviced
14,2,5,9,0.5,2,0.031883158388244924,0.0013156368505347457,50,0.0001860591477184062,0.0003646759295280761,percent_serviced
14,2,5,9,0.7,1,0.608293609173995,0.0051477474522913305,50,0.0007280014262701946,0.0014268827954895815,percent_serviced
14,2,5,9,0.7,2,0.032113453861761246,0.001447341983463855,50,0.00020468506624065597,0.0004011827298316857,percent_serviced
14,2,5,12,0.3,1,0.6080551837596423,0.003752367985446752,50,0.0005306649696033405,0.0010401033404225473,percent_serviced
14,2,5,12,0.3,2,0.03202544684551558,0.0013158637313107834,50,0.0001860912335054576,0.0003647388176706969,percent_serviced
14,2,5,12,0.5,1,0.6069163199610766,0.003952832017729713,50,0.0005590148649255967,0.0010956691352541695,percent_serviced
14,2,5,12,0.5,2,0.031883158388244924,0.0013156368505347457,50,0.0001860591477184062,0.0003646759295280761,percent_serviced
14,2,5,12,0.7,1,0.608293609173995,0.0051477474522913305,50,0.0007280014262701946,0.0014268827954895815,percent_serviced
14,2,5,12,0.7,2,0.032113453861761246,0.001447341983463855,50,0.00020468506624065597,0.0004011827298316857,percent_serviced
14,2,9,5,0.3,1,0.5235848925010854,0.008990266822589403,50,0.0012714157269858805,0.0024919748248923256,percent_serviced
14,2,9,5,0.3,2,0.031833262912985924,0.0014892420046865864,50,0.0002106106240683467,0.0004127968231739595,percent_serviced
14,2,9,5,0.5,1,0.5231207955101387,0.00938649985442684,50,0.001327451539734352,0.00260180501787933,percent_serviced
14,2,9,5,0.5,2,0.03185480365254027,0.0016123825089816492,50,0.0002280253211935007,0.00044692962953926137,percent_serviced
14,2,9,5,0.7,1,0.5239083268135935,0.008663909711315202,50,0.0012252618616917924,0.002401513248915913,percent_serviced
14,2,9,5,0.7,2,0.03192903542789633,0.0015932412196961526,50,0.00022531833410261508,0.00044162393484112555,percent_serviced
14,2,9,9,0.3,1,0.5235848925010854,0.008990266822589403,50,0.0012714157269858805,0.0024919748248923256,percent_serviced
14,2,9,9,0.3,2,0.031833262912985924,0.0014892420046865864,50,0.0002106106240683467,0.0004127968231739595,percent_serviced
14,2,9,9,0.5,1,0.5231207955101387,0.00938649985442684,50,0.001327451539734352,0.00260180501787933,percent_serviced
14,2,9,9,0.5,2,0.03185480365254027,0.0016123825089816492,50,0.0002280253211935007,0.00044692962953926137,percent_serviced
14,2,9,9,0.7,1,0.5239083268135935,0.008663909711315202,50,0.0012252618616917924,0.002401513248915913,percent_serviced
14,2,9,9,0.7,2,0.03192903542789633,0.0015932412196961526,50,0.00022531833410261508,0.00044162393484112555,percent_serviced
14,2,12,12,0.3,1,0.5233126812052021,0.00925393975539968,50,0.0013087047107469788,0.0025650612330640784,percent_serviced
14,2,12,12,0.3,2,0.0318260927332245,0.0015201854907541908,50,0.0002149866938347376,0.0004213739199160857,percent_serviced
14,2,12,12,0.5,1,0.5233126812052021,0.00925393975539968,50,0.0013087047107469788,0.0025650612330640784,percent_serviced
14,2,12,12,0.5,2,0.0318260927332245,0.0015201854907541908,50,0.0002149866938347376,0.0004213739199160857,percent_serviced
14,2,12,12,0.7,1,0.5233126812052021,0.00925393975539968,50,0.0013087047107469788,0.0025650612330640784,percent_serviced
14,2,12,12,0.7,2,0.0318260927332245,0.0015201854907541908,50,0.0002149866938347376,0.0004213739199160857,percent_serviced
14,5,5,9,0.3,1,0.5280526683581745,0.00453754939467603,50,0.0006417063893888669,0.0012577445232021792,percent_serviced
14,5,5,9,0.3,2,0.11020382612636073,0.0020264488881413436,50,0.0002865831501065367,0.0005617029742088119,percent_serviced
14,5,5,9,0.5,1,0.5302136515115702,0.004717675669861163,50,0.0006671800915195233,0.0013076729793782655,percent_serviced
14,5,5,9,0.5,2,0.1103874829831201,0.0024062417510558667,50,0.00034029397186915913,0.0006669761848635519,percent_serviced
14,5,5,9,0.7,1,0.529505017265185,0.003773583113698393,50,0.000533665241813436,0.0010459838739543346,percent_serviced
14,5,5,9,0.7,2,0.11055721322239842,0.002803130884548515,50,0.00039642257140354005,0.0007769882399509385,percent_serviced
14,5,5,12,0.3,1,0.5280526683581745,0.00453754939467603,50,0.0006417063893888669,0.0012577445232021792,percent_serviced
14,5,5,12,0.3,2,0.11020382612636073,0.0020264488881413436,50,0.0002865831501065367,0.0005617029742088119,percent_serviced
14,5,5,12,0.5,1,0.5302136515115702,0.004717675669861163,50,0.0006671800915195233,0.0013076729793782655,percent_serviced
14,5,5,12,0.5,2,0.1103874829831201,0.0024062417510558667,50,0.00034029397186915913,0.0006669761848635519,percent_serviced
14,5,5,12,0.7,1,0.529505017265185,0.003773583113698393,50,0.000533665241813436,0.0010459838739543346,percent_serviced
14,5,5,12,0.7,2,0.11055721322239842,0.002803130884548515,50,0.00039642257140354005,0.0007769882399509385,percent_serviced
14,5,9,5,0.3,1,0.42715877643526684,0.0032989756356983156,50,0.00046654560859429607,0.0009144293928448203,percent_serviced
14,5,9,5,0.3,2,0.10983904379100626,0.002415917826317981,50,0.00034166237555578163,0.000669658256089332,percent_serviced
14,5,9,5,0.5,1,0.428171023997389,0.004180921412425762,50,0.0005912715764668588,0.0011588922898750434,percent_serviced
14,5,9,5,0.5,2,0.10945558195194253,0.002317157450657942,50,0.00032769554928743273,0.0006422832766033681,percent_serviced
14,5,9,5,0.7,1,0.4284542253147561,0.003709386590326066,50,0.0005245864824124014,0.0010281895055283068,percent_serviced
14,5,9,5,0.7,2,0.11018644006775453,0.0019424669330582371,50,0.000274706308119223,0.0005384243639136771,percent_serviced
14,5,9,9,0.3,1,0.42715877643526684,0.0032989756356983156,50,0.00046654560859429607,0.0009144293928448203,percent_serviced
14,5,9,9,0.3,2,0.10983904379100626,0.002415917826317981,50,0.00034166237555578163,0.000669658256089332,percent_serviced
14,5,9,9,0.5,1,0.428171023997389,0.004180921412425762,50,0.0005912715764668588,0.0011588922898750434,percent_serviced
14,5,9,9,0.5,2,0.10945558195194253,0.002317157450657942,50,0.00032769554928743273,0.0006422832766033681,percent_serviced
14,5,9,9,0.7,1,0.4284542253147561,0.003709386590326066,50,0.0005245864824124014,0.0010281895055283068,percent_serviced
14,5,9,9,0.7,2,0.11018644006775453,0.0019424669330582371,50,0.000274706308119223,0.0005384243639136771,percent_serviced
14,5,12,12,0.3,1,0.42824136054843803,0.0030288532967566884,50,0.00042834454107117695,0.0008395553004995068,percent_serviced
14,5,12,12,0.3,2,0.10997256971192798,0.0021698828907861225,50,0.00030686778129110717,0.00060146085133057,percent_serviced
14,5,12,12,0.5,1,0.42824136054843803,0.0030288532967566884,50,0.00042834454107117695,0.0008395553004995068,percent_serviced
14,5,12,12,0.5,2,0.10997256971192798,0.0021698828907861225,50,0.00030686778129110717,0.00060146085133057,percent_serviced
14,5,12,12,0.7,1,0.42824136054843803,0.0030288532967566884,50,0.00042834454107117695,0.0008395553004995068,percent_serviced
14,5,12,12,0.7,2,0.10997256971192798,0.0021698828907861225,50,0.00030686778129110717,0.00060146085133057,percent_serviced
14,7,5,9,0.3,1,0.3654928450659679,0.002657137738883041,50,0.00037577602274217764,0.0007365210045746682,percent_serviced
14,7,5,9,0.3,2,0.19145194761559764,0.0038811053179928926,50,0.0005488711777703893,0.001075787508429963,percent_serviced
14,7,5,9,0.5,1,0.3150164046068341,0.002861705503508881,50,0.0004047062734579986,0.0007932242959776773,percent_serviced
14,7,5,9,0.5,2,0.2780313231538458,0.004580306659876903,50,0.0006477531798225728,0.0012695962324522426,percent_serviced
14,7,5,9,0.7,1,0.25213656056638567,0.0024488945025265066,50,0.0003463259818293899,0.0006787989243856042,percent_serviced
14,7,5,9,0.7,2,0.3672568788159822,0.0036742990877053393,50,0.0005196243602047981,0.0010184637460014041,percent_serviced
14,7,5,12,0.3,1,0.3654928450659679,0.002657137738883041,50,0.00037577602274217764,0.0007365210045746682,percent_serviced
14,7,5,12,0.3,2,0.19145194761559764,0.0038811053179928926,50,0.0005488711777703893,0.001075787508429963,percent_serviced
14,7,5,12,0.5,1,0.3150164046068341,0.002861705503508881,50,0.0004047062734579986,0.0007932242959776773,percent_serviced
14,7,5,12,0.5,2,0.2780313231538458,0.004580306659876903,50,0.0006477531798225728,0.0012695962324522426,percent_serviced
14,7,5,12,0.7,1,0.25213656056638567,0.0024488945025265066,50,0.0003463259818293899,0.0006787989243856042,percent_serviced
14,7,5,12,0.7,2,0.3672568788159822,0.0036742990877053393,50,0.0005196243602047981,0.0010184637460014041,percent_serviced
14,7,9,5,0.3,1,0.39127630364349647,0.0032373646407919464,50,0.0004578324981355074,0.0008973516963455945,percent_serviced
14,7,9,5,0.3,2,0.1459868354019154,0.002588632534095764,50,0.0003660879237718463,0.0007175323305928187,percent_serviced
14,7,9,5,0.5,1,0.39501127730392965,0.0044476553896409966,50,0.000628993457279209,0.0012328271762672496,percent_serviced
14,7,9,5,0.5,2,0.1442784005184938,0.0021321492442566144,50,0.0003015314378231249,0.0005910016181333248,percent_serviced
14,7,9,5,0.7,1,0.39883240082644733,0.002984745126198646,50,0.00042210670376971205,0.0008273291393886356,percent_serviced
14,7,9,5,0.7,2,0.13949317336652198,0.0027068870314766,50,0.0003828116351726054,0.0007503108049383066,percent_serviced
14,7,9,9,0.3,1,0.3880705949410654,0.0036168650066378052,50,0.0005115019545659838,0.0010025438309493283,percent_serviced
14,7,9,9,0.3,2,0.15013094835245436,0.0022576228226120856,50,0.00031927608144610394,0.0006257811196343637,percent_serviced
14,7,9,9,0.5,1,0.38753135883140344,0.004168610806019852,50,0.0005895305938128314,0.0011554799638731495,percent_serviced
14,7,9,9,0.5,2,0.149805296035954,0.0031197123588857932,50,0.0004411939528639249,0.0008647401476132928,percent_serviced
14,7,9,9,0.7,1,0.3880613125218305,0.0038892545233104214,50,0.0005500236494386505,0.001078046352899755,percent_serviced
14,7,9,9,0.7,2,0.14973918914876497,0.002831323071909427,50,0.0004004095487754165,0.0007848027155998163,percent_serviced
14,7,12,12,0.3,1,0.3886077347075824,0.0033002211001984818,50,0.00046672174387305497,0.0009147746179911878,percent_serviced
14,7,12,12,0.3,2,0.14912970376648857,0.002632678859687178,50,0.00037231701487425417,0.0007297413491535381,percent_serviced
14,7,12,12,0.5,1,0.3886077347075824,0.0033002211001984818,50,0.00046672174387305497,0.0009147746179911878,percent_serviced
14,7,12,12,0.5,2,0.14912970376648857,0.002632678859687178,50,0.00037231701487425417,0.0007297413491535381,percent_serviced
14,7,12,12,0.7,1,0.3886077347075824,0.0033002211001984818,50,0.00046672174387305497,0.0009147746179911878,percent_serviced
14,7,12,12,0.7,2,0.14912970376648857,0.002632678859687178,50,0.00037231701487425417,0.0007297413491535381,percent_serviced
14,10,5,9,0.3,1,0.30689764416878346,0.0026653585352700224,50,0.00037693861891657527,0.0007387996930764875,percent_serviced
14,10,5,9,0.3,2,0.23055437474311988,0.00342853342000273,50,0.00048486784616172716,0.0009503409784769852,percent_serviced
14,10,5,9,0.5,1,0.2600021134617901,0.002548998985149775,50,0.0003604828935274067,0.0007065464713137172,percent_serviced
14,10,5,9,0.5,2,0.2778170345030882,0.0033733610775616004,50,0.00047706529866691334,0.0009350479853871502,percent_serviced
14,10,5,9,0.7,1,0.2106487223629353,0.0030273907883273444,50,0.0004281377111455906,0.0008391499138453575,percent_serviced
14,10,5,9,0.7,2,0.32727550709833203,0.003654028059241706,50,0.0005167576038671459,0.001012844903579606,percent_serviced
14,10,5,12,0.3,1,0.30689764416878346,0.0026653585352700224,50,0.00037693861891657527,0.0007387996930764875,percent_serviced
14,10,5,12,0.3,2,0.23055437474311988,0.00342853342000273,50,0.00048486784616172716,0.0009503409784769852,percent_serviced
14,10,5,12,0.5,1,0.2600021134617901,0.002548998985149775,50,0.0003604828935274067,0.0007065464713137172,percent_serviced
14,10,5,12,0.5,2,0.2778170345030882,0.0033733610775616004,50,0.00047706529866691334,0.0009350479853871502,percent_serviced
14,10,5,12,0.7,1,0.2106487223629353,0.0030273907883273444,50,0.0004281377111455906,0.0008391499138453575,percent_serviced
14,10,5,12,0.7,2,0.32727550709833203,0.003654028059241706,50,0.0005167576038671459,0.001012844903579606,percent_serviced
14,10,9,5,0.3,1,0.33679972121240226,0.0023390696772344873,50,0.00033079440608806696,0.0006483570359326112,percent_serviced
14,10,9,5,0.3,2,0.20154229195656975,0.0031958769840104632,50,0.000451965257446362,0.0008858519045948695,percent_serviced
14,10,9,5,0.5,1,0.3333759754326788,0.0028790294033600927,50,0.0004071562428702763,0.0007980262360257416,percent_serviced
14,10,9,5,0.5,2,0.20483077808112976,0.002402666280246095,50,0.00033978832393805427,0.0006659851149185864,percent_serviced
14,10,9,5,0.7,1,0.3480071536894235,0.0031683489365486157,50,0.0004480722036397425,0.0008782215191338953,percent_serviced
14,10,9,5,0.7,2,0.19017773036201985,0.0027525270057153846,50,0.00038926610222809023,0.0007629615603670568,percent_serviced
14,10,9,9,0.3,1,0.32797885197361526,0.002919731801641919,50,0.00041291243123740335,0.0008093083652253105,percent_serviced
14,10,9,9,0.3,2,0.21071251012844197,0.003572331255164583,50,0.0005052039310343055,0.0009901997048272387,percent_serviced
14,10,9,9,0.5,1,0.30586181984849203,0.0028505668322986047,50,0.0004031310274687599,0.0007901368138387694,percent_serviced
14,10,9,9,0.5,2,0.23181270990227593,0.002642426327309579,50,0.00037369551496529334,0.000732443209331975,percent_serviced
14,10,9,9,0.7,1,0.28907494863020977,0.0029009403470532775,50,0.0004102549182438058,0.0008040996397578593,percent_serviced
14,10,9,9,0.7,2,0.24869066660456127,0.0029819775524863876,50,0.0004217153097418377,0.0008265620070940019,percent_serviced
14,10,12,12,0.3,1,0.35471551780232574,0.0037659224539920155,50,0.0005325818609280876,0.0010438604474190516,percent_serviced
14,10,12,12,0.3,2,0.18283714255479314,0.002728745514189928,50,0.0003859028914432141,0.0007563696672286996,percent_serviced
14,10,12,12,0.5,1,0.35574656761458356,0.003191230902646537,50,0.0004513082023186867,0.0008845640765446259,percent_serviced
14,10,12,12,0.5,2,0.18254344649226772,0.002499765101900142,50,0.00035352017098541427,0.0006928995351314119,percent_serviced
14,10,12,12,0.7,1,0.3550913752406283,0.0033464432263910922,50,0.000473258539647386,0.0009275867377088766,percent_serviced
14,10,12,12,0.7,2,0.1827075914786863,0.0029631690612926588,50,0.0004190553874084431,0.0008213485593205485,percent_serviced
14,14,5,9,0.3,1,0.25949129503697554,0.0028083791403813105,50,0.0003971647868612943,0.0007784429822481368,percent_serviced
14,14,5,9,0.3,2,0.27770970784653637,0.003594444484929148,50,0.0005083312139783975,0.000996329179397659,percent_serviced
14,14,5,9,0.5,1,0.2507021986076854,0.002434511745952247,50,0.000344291952888227,0.0006748122276609249,percent_serviced
14,14,5,9,0.5,2,0.28557663694927615,0.0028866616699721884,50,0.0004082356083657236,0.0008001417923968182,percent_serviced
14,14,5,9,0.7,1,0.20987557757652278,0.002729970380927686,50,0.0003860761137584778,0.0007567091829666165,percent_serviced
14,14,5,9,0.7,2,0.32824560340374537,0.00422086801736513,50,0.0005969208795144603,0.0011699649238483421,percent_serviced
14,14,5,12,0.3,1,0.25580753708745513,0.0026495030970267613,50,0.0003746963213364764,0.0007344047898194938,percent_serviced
14,14,5,12,0.3,2,0.28109969887064445,0.0028944546217146527,50,0.0004093376981702348,0.0008023018884136602,percent_serviced
14,14,5,12,0.5,1,0.23486157458504237,0.002857602911984845,50,0.0004041260794005818,0.0007920871156251403,percent_serviced
14,14,5,12,0.5,2,0.3025794372585653,0.0027789287915339824,50,0.0003929998785856433,0.0007702797620278609,percent_serviced
14,14,5,12,0.7,1,0.19719918198913944,0.0025433201242538775,50,0.0003596797813176259,0.0007049723713825468,percent_serviced
14,14,5,12,0.7,2,0.3392924573413364,0.0036485844286139636,50,0.0005159877582409157,0.0010113360061521947,percent_serviced
14,14,9,5,0.3,1,0.27772689225940317,0.0028481166058464385,50,0.000402784513120806,0.0007894576457167798,percent_serviced
14,14,9,5,0.3,2,0.2592030776011985,0.0025259869428540006,50,0.00035722849929614795,0.0007001678586204499,percent_serviced
14,14,9,5,0.5,1,0.28658861912398387,0.002941544745708429,50,0.0004159972473708177,0.0008153546048468028,percent_serviced
14,14,9,5,0.5,2,0.2519579199994638,0.003204428378931493,50,0.0004531746073138149,0.0008882222303350771,percent_serviced
14,14,9,5,0.7,1,0.32814954082771947,0.0037905667772688534,50,0.0005360670945494488,0.0010506915053169195,percent_serviced
14,14,9,5,0.7,2,0.21006126833206612,0.002780198704138946,50,0.0003931794713485401,0.0007706317638431386,percent_serviced
14,14,9,9,0.3,1,0.26749532016803257,0.0027481972905304118,50,0.00038865378803451013,0.0007617614245476399,percent_serviced
14,14,9,9,0.3,2,0.26918484784796315,0.0030564500687075787,50,0.0004322473139882436,0.0008472047354169574,percent_serviced
14,14,9,9,0.5,1,0.2686512092333979,0.0027680843970390324,50,0.00039146624960859506,0.0007672738492328463,percent_serviced
14,14,9,9,0.5,2,0.2687183151203068,0.002899558059261857,50,0.0004100594332296329,0.0008037164891300804,percent_serviced
14,14,9,9,0.7,1,0.26950740804956597,0.0027833675768684603,50,0.00039362761762769147,0.0007715101305502752,percent_serviced
14,14,9,9,0.7,2,0.2689786742028298,0.003004761346299723,50,0.00042493742476315083,0.0008328773525357756,percent_serviced
14,14,12,12,0.3,1,0.26877112865337927,0.0031296928438458273,50,0.000442605406582879,0.0008675065969024428,percent_serviced
14,14,12,12,0.3,2,0.268212150251538,0.003260292326423311,50,0.0004610749625328776,0.0009037069265644401,percent_serviced
14,14,12,12,0.5,1,0.2681771152011414,0.0026150518047304166,50,0.0003698241728557994,0.0007248553787973668,percent_serviced
14,14,12,12,0.5,2,0.2681735101012502,0.0027420990694448054,50,0.0003877913693379487,0.0007600710839023795,percent_serviced
14,14,12,12,0.7,1,0.2690720420068277,0.0026705491425031394,50,0.0003776726816311779,0.0007402384559971086,percent_serviced
14,14,12,12,0.7,2,0.2688264763538471,0.0027349312084548622,50,0.00038677768071543046,0.0007580842542022437,percent_serviced
2,2,5,9,0.3,1,1.0,0.0,50,0.0,0.0,mean_offered_booking_delay
2,2,5,9,0.3,2,1.0,0.0,50,0.0,0.0,mean_offered_booking_delay
2,2,5,9,0.5,1,1.0,0.0,50,0.0,0.0,mean_offered_booking_delay
2,2,5,9,0.5,2,1.0,0.0,50,0.0,0.0,mean_offered_booking_delay
2,2,5,9,0.7,1,1.0,0.0,50,0.0,0.0,mean_offered_booking_delay
2,2,5,9,0.7,2,1.0,0.0,50,0.0,0.0,mean_offered_booking_delay
2,2,5,12,0.3,1,1.0,0.0,50,0.0,0.0,mean_offered_booking_delay
2,2,5,12,0.3,2,1.0,0.0,50,0.0,0.0,mean_offered_booking_delay
2,2,5,12,0.5,1,1.0,0.0,50,0.0,0.0,mean_offered_booking_delay
2,2,5,12,0.5,2,1.0,0.0,50,0.0,0.0,mean_offered_booking_delay
2,2,5,12,0.7,1,1.0,0.0,50,0.0,0.0,mean_offered_booking_delay
2,2,5,12,0.7,2,1.0,0.0,50,0.0,0.0,mean_offered_booking_delay
2,2,9,5,0.3,1,1.0,0.0,50,0.0,0.0,mean_offered_booking_delay
2,2,9,5,0.3,2,1.0,0.0,50,0.0,0.0,mean_offered_booking_delay
2,2,9,5,0.5,1,1.0,0.0,50,0.0,0.0,mean_offered_booking_delay
2,2,9,5,0.5,2,1.0,0.0,50,0.0,0.0,mean_offered_booking_delay
2,2,9,5,0.7,1,1.0,0.0,50,0.0,0.0,mean_offered_booking_delay
2,2,9,5,0.7,2,1.0,0.0,50,0.0,0.0,mean_offered_booking_delay
2,2,9,9,0.3,1,1.0,0.0,50,0.0,0.0,mean_offered_booking_delay
2,2,9,9,0.3,2,1.0,0.0,50,0.0,0.0,mean_offered_booking_delay
2,2,9,9,0.5,1,1.0,0.0,50,0.0,0.0,mean_offered_booking_delay
2,2,9,9,0.5,2,1.0,0.0,50,0.0,0.0,mean_offered_booking_delay
2,2,9,9,0.7,1,1.0,0.0,50,0.0,0.0,mean_offered_booking_delay
2,2,9,9,0.7,2,1.0,0.0,50,0.0,0.0,mean_offered_booking_delay
2,2,12,12,0.3,1,1.0,0.0,50,0.0,0.0,mean_offered_booking_delay
2,2,12,12,0.3,2,1.0,0.0,50,0.0,0.0,mean_offered_booking_delay
2,2,12,12,0.5,1,1.0,0.0,50,0.0,0.0,mean_offered_booking_delay
2,2,12,12,0.5,2,1.0,0.0,50,0.0,0.0,mean_offered_booking_delay
2,2,12,12,0.7,1,1.0,0.0,50,0.0,0.0,mean_offered_booking_delay
2,2,12,12,0.7,2,1.0,0.0,50,0.0,0.0,mean_offered_booking_delay
2,5,5,9,0.3,1,1.0,0.0,50,0.0,0.0,mean_offered_booking_delay
2,5,5,9,0.3,2,3.6330215366959817,0.006559486179918314,50,0.0009276514317839363,0.0018181968062965152,mean_offered_booking_delay
2,5,5,9,0.5,1,1.0,0.0,50,0.0,0.0,mean_offered_booking_delay
2,5,5,9,0.5,2,3.6330215366959817,0.006559486179918314,50,0.0009276514317839363,0.0018181968062965152,mean_offered_booking_delay
2,5,5,9,0.7,1,1.0,0.0,50,0.0,0.0,mean_offered_booking_delay
2,5,5,9,0.7,2,3.6330215366959817,0.006559486179918314,50,0.0009276514317839363,0.0018181968062965152,mean_offered_booking_delay
2,5,5,12,0.3,1,1.0,0.0,50,0.0,0.0,mean_offered_booking_delay
2,5,5,12,0.3,2,3.6330215366959817,0.006559486179918314,50,0.0009276514317839363,0.0018181968062965152,mean_offered_booking_delay
2,5,5,12,0.5,1,1.0,0.0,50,0.0,0.0,mean_offered_booking_delay
2,5,5,12,0.5,2,3.6330215366959817,0.006559486179918314,50,0.0009276514317839363,0.0018181968062965152,mean_offered_booking_delay
2,5,5,12,0.7,1,1.0,0.0,50,0.0,0.0,mean_offered_booking_delay
2,5,5,12,0.7,2,3.6330215366959817,0.006559486179918314,50,0.0009276514317839363,0.0018181968062965152,mean_offered_booking_delay
2,5,9,5,0.3,1,1.0,0.0,50,0.0,0.0,mean_offered_booking_delay
2,5,9,5,0.3,2,3.6330215366959817,0.006559486179918314,50,0.0009276514317839363,0.0018181968062965152,mean_offered_booking_delay
2,5,9,5,0.5,1,1.0,0.0,50,0.0,0.0,mean_offered_booking_delay
2,5,9,5,0.5,2,3.6330215366959817,0.006559486179918314,50,0.0009276514317839363,0.0018181968062965152,mean_offered_booking_delay
2,5,9,5,0.7,1,1.0,0.0,50,0.0,0.0,mean_offered_booking_delay
2,5,9,5,0.7,2,3.6330215366959817,0.006559486179918314,50,0.0009276514317839363,0.0018181968062965152,mean_offered_booking_delay
2,5,9,9,0.3,1,1.0,0.0,50,0.0,0.0,mean_offered_booking_delay
2,5,9,9,0.3,2,3.6330215366959817,0.006559486179918314,50,0.0009276514317839363,0.0018181968062965152,mean_offered_booking_delay
2,5,9,9,0.5,1,1.0,0.0,50,0.0,0.0,mean_offered_booking_delay
2,5,9,9,0.5,2,3.6330215366959817,0.006559486179918314,50,0.0009276514317839363,0.0018181968062965152,mean_offered_booking_delay
2,5,9,9,0.7,1,1.0,0.0,50,0.0,0.0,mean_offered_booking_delay
2,5,9,9,0.7,2,3.6330215366959817,0.006559486179918314,50,0.0009276514317839363,0.0018181968062965152,mean_offered_booking_delay
2,5,12,12,0.3,1,1.0,0.0,50,0.0,0.0,mean_offered_booking_delay
2,5,12,12,0.3,2,3.6330215366959817,0.006559486179918314,50,0.0009276514317839363,0.0018181968062965152,mean_offered_booking_delay
2,5,12,12,0.5,1,1.0,0.0,50,0.0,0.0,mean_offered_booking_delay
2,5,12,12,0.5,2,3.6330215366959817,0.006559486179918314,50,0.0009276514317839363,0.0018181968062965152,mean_offered_booking_delay
2,5,12,12,0.7,1,1.0,0.0,50,0.0,0.0,mean_offered_booking_delay
2,5,12,12,0.7,2,3.6330215366959817,0.006559486179918314,50,0.0009276514317839363,0.0018181968062965152,mean_offered_booking_delay
2,7,5,9,0.3,1,1.0,0.0,50,0.0,0.0,mean_offered_booking_delay
2,7,5,9,0.3,2,5.06883397609401,0.018241253893044176,50,0.002579702865023409,0.005056217615445882,mean_offered_booking_delay
2,7,5,9,0.5,1,1.0,0.0,50,0.0,0.0,mean_offered_booking_delay
2,7,5,9,0.5,2,5.06883397609401,0.018241253893044176,50,0.002579702865023409,0.005056217615445882,mean_offered_booking_delay
2,7,5,9,0.7,1,1.0,0.0,50,0.0,0.0,mean_offered_booking_delay
2,7,5,9,0.7,2,5.06883397609401,0.018241253893044176,50,0.002579702865023409,0.005056217615445882,mean_offered_booking_delay
2,7,5,12,0.3,1,1.0,0.0,50,0.0,0.0,mean_offered_booking_delay
2,7,5,12,0.3,2,5.06883397609401,0.018241253893044176,50,0.002579702865023409,0.005056217615445882,mean_offered_booking_delay
2,7,5,12,0.5,1,1.0,0.0,50,0.0,0.0,mean_offered_booking_delay
2,7,5,12,0.5,2,5.06883397609401,0.018241253893044176,50,0.002579702865023409,0.005056217615445882,mean_offered_booking_delay
2,7,5,12,0.7,1,1.0,0.0,50,0.0,0.0,mean_offered_booking_delay
2,7,5,12,0.7,2,5.06883397609401,0.018241253893044176,50,0.002579702865023409,0.005056217615445882,mean_offered_booking_delay
2,7,9,5,0.3,1,1.0,0.0,50,0.0,0.0,mean_offered_booking_delay
2,7,9,5,0.3,2,4.853886485642653,0.024820524985141253,50,0.0035101523059207023,0.006879898519604576,mean_offered_booking_delay
2,7,9,5,0.5,1,1.0,0.0,50,0.0,0.0,mean_offered_booking_delay
2,7,9,5,0.5,2,4.7279486660044565,0.022412061109947604,50,0.00316954407824225,0.0062123063933548104,mean_offered_booking_delay
2,7,9,5,0.7,1,1.0,0.0,50,0.0,0.0,mean_offered_booking_delay
2,7,9,5,0.7,2,4.666833838129402,0.021723391196038097,50,0.0030721514450173367,0.00602141683223398,mean_offered_booking_delay
2,7,9,9,0.3,1,1.0,0.0,50,0.0,0.0,mean_offered_booking_delay
2,7,9,9,0.3,2,5.06883397609401,0.018241253893044176,50,0.002579702865023409,0.005056217615445882,mean_offered_booking_delay
2,7,9,9,0.5,1,1.0,0.0,50,0.0,0.0,mean_offered_booking_delay
2,7,9,9,0.5,2,5.06883397609401,0.018241253893044176,50,0.002579702865023409,0.005056217615445882,mean_offered_booking_delay
2,7,9,9,0.7,1,1.0,0.0,50,0.0,0.0,mean_offered_booking_delay
2,7,9,9,0.7,2,5.06883397609401,0.018241253893044176,50,0.002579702865023409,0.005056217615445882,mean_offered_booking_delay
2,7,12,12,0.3,1,1.0,0.0,50,0.0,0.0,mean_offered_booking_delay
2,7,12,12,0.3,2,5.06883397609401,0.018241253893044176,50,0.002579702865023409,0.005056217615445882,mean_offered_booking_delay
2,7,12,12,0.5,1,1.0,0.0,50,0.0,0.0,mean_offered_booking_delay
2,7,12,12,0.5,2,5.06883397609401,0.018241253893044176,50,0.002579702865023409,0.005056217615445882,mean_offered_booking_delay
2,7,12,12,0.7,1,1.0,0.0,50,0.0,0.0,mean_offered_booking_delay
2,7,12,12,0.7,2,5.06883397609401,0.018241253893044176,50,0.002579702865023409,0.005056217615445882,mean_offered_booking_delay
2,10,5,9,0.3,1,1.0,0.0,50,0.0,0.0,mean_offered_booking_delay
2,10,5,9,0.3,2,5.91733567091128,0.10119218521635494,50,0.014310736073913935,0.02804904270487131,mean_offered_booking_delay
2,10,5,9,0.5,1,1.0,0.0,50,0.0,0.0,mean_offered_booking_delay
2,10,5,9,0.5,2,5.91733567091128,0.10119218521635494,50,0.014310736073913935,0.02804904270487131,mean_offered_booking_delay
2,10,5,9,0.7,1,1.0,0.0,50,0.0,0.0,mean_offered_booking_delay
2,10,5,9,0.7,2,5.91733567091128,0.10119218521635494,50,0.014310736073913935,0.02804904270487131,mean_offered_booking_delay
2,10,5,12,0.3,1,1.0,0.0,50,0.0,0.0,mean_offered_booking_delay
2,10,5,12,0.3,2,5.91733567091128,0.10119218521635494,50,0.014310736073913935,0.02804904270487131,mean_offered_booking_delay
2,10,5,12,0.5,1,1.0,0.0,50,0.0,0.0,mean_offered_booking_delay
2,10,5,12,0.5,2,5.91733567091128,0.10119218521635494,50,0.014310736073913935,0.02804904270487131,mean_offered_booking_delay
2,10,5,12,0.7,1,1.0,0.0,50,0.0,0.0,mean_offered_booking_delay
2,10,5,12,0.7,2,5.91733567091128,0.10119218521635494,50,0.014310736073913935,0.02804904270487131,mean_offered_booking_delay
2,10,9,5,0.3,1,1.0,0.0,50,0.0,0.0,mean_offered_booking_delay
2,10,9,5,0.3,2,4.857695721487004,0.029877279803671962,50,0.004225285430516865,0.008281559443813055,mean_offered_booking_delay
2,10,9,5,0.5,1,1.0,0.0,50,0.0,0.0,mean_offered_booking_delay
2,10,9,5,0.5,2,4.7279486660044565,0.022412061109947604,50,0.00316954407824225,0.0062123063933548104,mean_offered_booking_delay
2,10,9,5,0.7,1,1.0,0.0,50,0.0,0.0,mean_offered_booking_delay
2,10,9,5,0.7,2,4.666833838129402,0.021723391196038097,50,0.0030721514450173367,0.00602141683223398,mean_offered_booking_delay
2,10,9,9,0.3,1,1.0,0.0,50,0.0,0.0,mean_offered_booking_delay
2,10,9,9,0.3,2,5.91733567091128,0.10119218521635494,50,0.014310736073913935,0.02804904270487131,mean_offered_booking_delay
2,10,9,9,0.5,1,1.0,0.0,50,0.0,0.0,mean_offered_booking_delay
2,10,9,9,0.5,2,5.91733567091128,0.10119218521635494,50,0.014310736073913935,0.02804904270487131,mean_offered_booking_delay
2,10,9,9,0.7,1,1.0,0.0,50,0.0,0.0,mean_offered_booking_delay
2,10,9,9,0.7,2,5.91733567091128,0.10119218521635494,50,0.014310736073913935,0.02804904270487131,mean_offered_booking_delay
2,10,12,12,0.3,1,1.0,0.0,50,0.0,0.0,mean_offered_booking_delay
2,10,12,12,0.3,2,5.91733567091128,0.10119218521635494,50,0.014310736073913935,0.02804904270487131,mean_offered_booking_delay
2,10,12,12,0.5,1,1.0,0.0,50,0.0,0.0,mean_offered_booking_delay
2,10,12,12,0.5,2,5.91733567091128,0.10119218521635494,50,0.014310736073913935,0.02804904270487131,mean_offered_booking_delay
2,10,12,12,0.7,1,1.0,0.0,50,0.0,0.0,mean_offered_booking_delay
2,10,12,12,0.7,2,5.91733567091128,0.10119218521635494,50,0.014310736073913935,0.02804904270487131,mean_offered_booking_delay
2,14,5,9,0.3,1,1.0,0.0,50,0.0,0.0,mean_offered_booking_delay
2,14,5,9,0.3,2,5.913738942210714,0.0992942963971754,50,0.014042334063117938,0.02752297476371116,mean_offered_booking_delay
2,14,5,9,0.5,1,1.0,0.0,50,0.0,0.0,mean_offered_booking_delay
2,14,5,9,0.5,2,5.915139711581865,0.09771318326526118,50,0.013818730899638011,0.0270847125632905,mean_offered_booking_delay
2,14,5,9,0.7,1,1.0,0.0,50,0.0,0.0,mean_offered_booking_delay
2,14,5,9,0.7,2,5.91817383991401,0.10060222305080696,50,0.01422730282433344,0.027885513535693542,mean_offered_booking_delay
2,14,5,12,0.3,1,1.0,0.0,50,0.0,0.0,mean_offered_booking_delay
2,14,5,12,0.3,2,5.91862732212523,0.09884704399897618,50,0.013979083022384216,0.02739900272387306,mean_offered_booking_delay
2,14,5,12,0.5,1,1.0,0.0,50,0.0,0.0,mean_offered_booking_delay
2,14,5,12,0.5,2,5.91862732212523,0.09884704399897618,50,0.013979083022384216,0.02739900272387306,mean_offered_booking_delay
2,14,5,12,0.7,1,1.0,0.0,50,0.0,0.0,mean_offered_booking_delay
2,14,5,12,0.7,2,5.91862732212523,0.09884704399897618,50,0.013979083022384216,0.02739900272387306,mean_offered_booking_delay
2,14,9,5,0.3,1,1.0,0.0,50,0.0,0.0,mean_offered_booking_delay
2,14,9,5,0.3,2,4.857695721487004,0.029877279803671962,50,0.004225285430516865,0.008281559443813055,mean_offered_booking_delay
2,14,9,5,0.5,1,1.0,0.0,50,0.0,0.0,mean_offered_booking_delay
2,14,9,5,0.5,2,4.7279486660044565,0.022412061109947604,50,0.00316954407824225,0.0062123063933548104,mean_offered_booking_delay
2,14,9,5,0.7,1,1.0,0.0,50,0.0,0.0,mean_offered_booking_delay
2,14,9,5,0.7,2,4.666833838129402,0.021723391196038097,50,0.0030721514450173367,0.00602141683223398,mean_offered_booking_delay
2,14,9,9,0.3,1,1.0,0.0,50,0.0,0.0,mean_offered_booking_delay
2,14,9,9,0.3,2,5.913738942210714,0.0992942963971754,50,0.014042334063117938,0.02752297476371116,mean_offered_booking_delay
2,14,9,9,0.5,1,1.0,0.0,50,0.0,0.0,mean_offered_booking_delay
2,14,9,9,0.5,2,5.915139711581865,0.09771318326526118,50,0.013818730899638011,0.0270847125632905,mean_offered_booking_delay
2,14,9,9,0.7,1,1.0,0.0,50,0.0,0.0,mean_offered_booking_delay
2,14,9,9,0.7,2,5.91817383991401,0.10060222305080696,50,0.01422730282433344,0.027885513535693542,mean_offered_booking_delay
2,14,12,12,0.3,1,1.0,0.0,50,0.0,0.0,mean_offered_booking_delay
2,14,12,12,0.3,2,5.91862732212523,0.09884704399897618,50,0.013979083022384216,0.02739900272387306,mean_offered_booking_delay
2,14,12,12,0.5,1,1.0,0.0,50,0.0,0.0,mean_offered_booking_delay
2,14,12,12,0.5,2,5.91862732212523,0.09884704399897618,50,0.013979083022384216,0.02739900272387306,mean_offered_booking_delay
2,14,12,12,0.7,1,1.0,0.0,50,0.0,0.0,mean_offered_booking_delay
2,14,12,12,0.7,2,5.91862732212523,0.09884704399897618,50,0.013979083022384216,0.02739900272387306,mean_offered_booking_delay
5,2,5,9,0.3,1,3.6324723488050252,0.0073751579932678606,50,0.0010430048458723747,0.0020442894979098543,mean_offered_booking_delay
5,2,5,9,0.3,2,1.0,0.0,50,0.0,0.0,mean_offered_booking_delay
5,2,5,9,0.5,1,3.6324723488050252,0.0073751579932678606,50,0.0010430048458723747,0.0020442894979098543,mean_offered_booking_delay
5,2,5,9,0.5,2,1.0,0.0,50,0.0,0.0,mean_offered_booking_delay
5,2,5,9,0.7,1,3.6324723488050252,0.0073751579932678606,50,0.0010430048458723747,0.0020442894979098543,mean_offered_booking_delay
5,2,5,9,0.7,2,1.0,0.0,50,0.0,0.0,mean_offered_booking_delay
5,2,5,12,0.3,1,3.6324723488050252,0.0073751579932678606,50,0.0010430048458723747,0.0020442894979098543,mean_offered_booking_delay
5,2,5,12,0.3,2,1.0,0.0,50,0.0,0.0,mean_offered_booking_delay
5,2,5,12,0.5,1,3.6324723488050252,0.0073751579932678606,50,0.0010430048458723747,0.0020442894979098543,mean_offered_booking_delay
5,2,5,12,0.5,2,1.0,0.0,50,0.0,0.0,mean_offered_booking_delay
5,2,5,12,0.7,1,3.6324723488050252,0.0073751579932678606,50,0.0010430048458723747,0.0020442894979098543,mean_offered_booking_delay
5,2,5,12,0.7,2,1.0,0.0,50,0.0,0.0,mean_offered_booking_delay
5,2,9,5,0.3,1,3.6324723488050252,0.0073751579932678606,50,0.0010430048458723747,0.0020442894979098543,mean_offered_booking_delay
5,2,9,5,0.3,2,1.0,0.0,50,0.0,0.0,mean_offered_booking_delay
5,2,9,5,0.5,1,3.6324723488050252,0.0073751579932678606,50,0.0010430048458723747,0.0020442894979098543,mean_offered_booking_delay
5,2,9,5,0.5,2,1.0,0.0,50,0.0,0.0,mean_offered_booking_delay
5,2,9,5,0.7,1,3.6324723488050252,0.0073751579932678606,50,0.0010430048458723747,0.0020442894979098543,mean_offered_booking_delay
5,2,9,5,0.7,2,1.0,0.0,50,0.0,0.0,mean_offered_booking_delay
5,2,9,9,0.3,1,3.6324723488050252,0.0073751579932678606,50,0.0010430048458723747,0.0020442894979098543,mean_offered_booking_delay
5,2,9,9,0.3,2,1.0,0.0,50,0.0,0.0,mean_offered_booking_delay
5,2,9,9,0.5,1,3.6324723488050252,0.0073751579932678606,50,0.0010430048458723747,0.0020442894979098543,mean_offered_booking_delay
5,2,9,9,0.5,2,1.0,0.0,50,0.0,0.0,mean_offered_booking_delay
5,2,9,9,0.7,1,3.6324723488050252,0.0073751579932678606,50,0.0010430048458723747,0.0020442894979098543,mean_offered_booking_delay
5,2,9,9,0.7,2,1.0,0.0,50,0.0,0.0,mean_offered_booking_delay
5,2,12,12,0.3,1,3.6324723488050252,0.0073751579932678606,50,0.0010430048458723747,0.0020442894979098543,mean_offered_booking_delay
5,2,12,12,0.3,2,1.0,0.0,50,0.0,0.0,mean_offered_booking_delay
5,2,12,12,0.5,1,3.6324723488050252,0.0073751579932678606,50,0.0010430048458723747,0.0020442894979098543,mean_offered_booking_delay
5,2,12,12,0.5,2,1.0,0.0,50,0.0,0.0,mean_offered_booking_delay
5,2,12,12,0.7,1,3.6324723488050252,0.0073751579932678606,50,0.0010430048458723747,0.0020442894979098543,mean_offered_booking_delay
5,2,12,12,0.7,2,1.0,0.0,50,0.0,0.0,mean_offered_booking_delay
5,5,5,9,0.3,1,3.540730768053063,0.011477058125417182,50,0.0016231011257109309,0.0031812782063934245,mean_offered_booking_delay
5,5,5,9,0.3,2,3.5373183793437732,0.00984087406922313,50,0.001391709757430106,0.0027277511245630075,mean_offered_booking_delay
5,5,5,9,0.5,1,3.540730768053063,0.011477058125417182,50,0.0016231011257109309,0.0031812782063934245,mean_offered_booking_delay
5,5,5,9,0.5,2,3.5373183793437732,0.00984087406922313,50,0.001391709757430106,0.0027277511245630075,mean_offered_booking_delay
5,5,5,9,0.7,1,3.540730768053063,0.011477058125417182,50,0.0016231011257109309,0.0031812782063934245,mean_offered_booking_delay
5,5,5,9,0.7,2,3.5373183793437732,0.00984087406922313,50,0.001391709757430106,0.0027277511245630075,mean_offered_booking_delay
5,5,5,12,0.3,1,3.540730768053063,0.011477058125417182,50,0.0016231011257109309,0.0031812782063934245,mean_offered_booking_delay
5,5,5,12,0.3,2,3.5373183793437732,0.00984087406922313,50,0.001391709757430106,0.0027277511245630075,mean_offered_booking_delay
5,5,5,12,0.5,1,3.540730768053063,0.011477058125417182,50,0.0016231011257109309,0.0031812782063934245,mean_offered_booking_delay
5,5,5,12,0.5,2,3.5373183793437732,0.00984087406922313,50,0.001391709757430106,0.0027277511245630075,mean_offered_booking_delay
5,5,5,12,0.7,1,3.540730768053063,0.011477058125417182,50,0.0016231011257109309,0.0031812782063934245,mean_offered_booking_delay
5,5,5,12,0.7,2,3.5373183793437732,0.00984087406922313,50,0.001391709757430106,0.0027277511245630075,mean_offered_booking_delay
5,5,9,5,0.3,1,3.540730768053063,0.011477058125417182,50,0.0016231011257109309,0.0031812782063934245,mean_offered_booking_delay
5,5,9,5,0.3,2,3.5373183793437732,0.00984087406922313,50,0.001391709757430106,0.0027277511245630075,mean_offered_booking_delay
5,5,9,5,0.5,1,3.540730768053063,0.011477058125417182,50,0.0016231011257109309,0.0031812782063934245,mean_offered_booking_delay
5,5,9,5,0.5,2,3.5373183793437732,0.00984087406922313,50,0.001391709757430106,0.0027277511245630075,mean_offered_booking_delay
5,5,9,5,0.7,1,3.540730768053063,0.011477058125417182,50,0.0016231011257109309,0.0031812782063934245,mean_offered_booking_delay
5,5,9,5,0.7,2,3.5373183793437732,0.00984087406922313,50,0.001391709757430106,0.0027277511245630075,mean_offered_booking_delay
5,5,9,9,0.3,1,3.540730768053063,0.011477058125417182,50,0.0016231011257109309,0.0031812782063934245,mean_offered_booking_delay
5,5,9,9,0.3,2,3.5373183793437732,0.00984087406922313,50,0.001391709757430106,0.0027277511245630075,mean_offered_booking_delay
5,5,9,9,0.5,1,3.540730768053063,0.011477058125417182,50,0.0016231011257109309,0.0031812782063934245,mean_offered_booking_delay
5,5,9,9,0.5,2,3.5373183793437732,0.00984087406922313,50,0.001391709757430106,0.0027277511245630075,mean_offered_booking_delay
5,5,9,9,0.7,1,3.540730768053063,0.011477058125417182,50,0.0016231011257109309,0.0031812782063934245,mean_offered_booking_delay
5,5,9,9,0.7,2,3.5373183793437732,0.00984087406922313,50,0.001391709757430106,0.0027277511245630075,mean_offered_booking_delay
5,5,12,12,0.3,1,3.540730768053063,0.011477058125417182,50,0.0016231011257109309,0.0031812782063934245,mean_offered_booking_delay
5,5,12,12,0.3,2,3.5373183793437732,0.00984087406922313,50,0.001391709757430106,0.0027277511245630075,mean_offered_booking_delay
5,5,12,12,0.5,1,3.540730768053063,0.011477058125417182,50,0.0016231011257109309,0.0031812782063934245,mean_offered_booking_delay
5,5,12,12,0.5,2,3.5373183793437732,0.00984087406922313,50,0.001391709757430106,0.0027277511245630075,mean_offered_booking_delay
5,5,12,12,0.7,1,3.540730768053063,0.011477058125417182,50,0.0016231011257109309,0.0031812782063934245,mean_offered_booking_delay
5,5,12,12,0.7,2,3.5373183793437732,0.00984087406922313,50,0.001391709757430106,0.0027277511245630075,mean_offered_booking_delay
5,7,5,9,0.3,1,2.495674653210148,0.02231305472163932,50,0.003155542460531535,0.006184863222641808,mean_offered_booking_delay
5,7,5,9,0.3,2,5.371728854294157,0.010558894767293384,50,0.0014932532183576609,0.002926776307981015,mean_offered_booking_delay
5,7,5,9,0.5,1,2.495674653210148,0.02231305472163932,50,0.003155542460531535,0.006184863222641808,mean_offered_booking_delay
5,7,5,9,0.5,2,5.371728854294157,0.010558894767293384,50,0.0014932532183576609,0.002926776307981015,mean_offered_booking_delay
5,7,5,9,0.7,1,2.495674653210148,0.02231305472163932,50,0.003155542460531535,0.006184863222641808,mean_offered_booking_delay
5,7,5,9,0.7,2,5.371728854294157,0.010558894767293384,50,0.0014932532183576609,0.002926776307981015,mean_offered_booking_delay
5,7,5,12,0.3,1,2.495674653210148,0.02231305472163932,50,0.003155542460531535,0.006184863222641808,mean_offered_booking_delay
5,7,5,12,0.3,2,5.371728854294157,0.010558894767293384,50,0.0014932532183576609,0.002926776307981015,mean_offered_booking_delay
5,7,5,12,0.5,1,2.495674653210148,0.02231305472163932,50,0.003155542460531535,0.006184863222641808,mean_offered_booking_delay
5,7,5,12,0.5,2,5.371728854294157,0.010558894767293384,50,0.0014932532183576609,0.002926776307981015,mean_offered_booking_delay
5,7,5,12,0.7,1,2.495674653210148,0.02231305472163932,50,0.003155542460531535,0.006184863222641808,mean_offered_booking_delay
5,7,5,12,0.7,2,5.371728854294157,0.010558894767293384,50,0.0014932532183576609,0.002926776307981015,mean_offered_booking_delay
5,7,9,5,0.3,1,2.5012317315854413,0.02549232338033202,50,0.0036051589460866285,0.007066111534329792,mean_offered_booking_delay
5,7,9,5,0.3,2,5.289880680251545,0.019664508636223037,50,0.0027809814810749473,0.005450723702906897,mean_offered_booking_delay
5,7,9,5,0.5,1,2.504913274512292,0.023335879148547345,50,0.003300191678177517,0.006468375689227933,mean_offered_booking_delay
5,7,9,5,0.5,2,5.10239574364541,0.01639891307010352,50,0.002319156527191781,0.00454554679329589,mean_offered_booking_delay
5,7,9,5,0.7,1,2.504090039851701,0.021116168415248687,50,0.002986277175819908,0.00585310326460702,mean_offered_booking_delay
5,7,9,5,0.7,2,4.997153439077057,0.012909322008452077,50,0.0018256538265394408,0.003578281500017304,mean_offered_booking_delay
5,7,9,9,0.3,1,2.495674653210148,0.02231305472163932,50,0.003155542460531535,0.006184863222641808,mean_offered_booking_delay
5,7,9,9,0.3,2,5.371728854294157,0.010558894767293384,50,0.0014932532183576609,0.002926776307981015,mean_offered_booking_delay
5,7,9,9,0.5,1,2.495674653210148,0.02231305472163932,50,0.003155542460531535,0.006184863222641808,mean_offered_booking_delay
5,7,9,9,0.5,2,5.371728854294157,0.010558894767293384,50,0.0014932532183576609,0.002926776307981015,mean_offered_booking_delay
5,7,9,9,0.7,1,2.495674653210148,0.02231305472163932,50,0.003155542460531535,0.006184863222641808,mean_offered_booking_delay
5,7,9,9,0.7,2,5.371728854294157,0.010558894767293384,50,0.0014932532183576609,0.002926776307981015,mean_offered_booking_delay
5,7,12,12,0.3,1,2.495674653210148,0.02231305472163932,50,0.003155542460531535,0.006184863222641808,mean_offered_booking_delay
5,7,12,12,0.3,2,5.371728854294157,0.010558894767293384,50,0.0014932532183576609,0.002926776307981015,mean_offered_booking_delay
5,7,12,12,0.5,1,2.495674653210148,0.02231305472163932,50,0.003155542460531535,0.006184863222641808,mean_offered_booking_delay
5,7,12,12,0.5,2,5.371728854294157,0.010558894767293384,50,0.0014932532183576609,0.002926776307981015,mean_offered_booking_delay
5,7,12,12,0.7,1,2.495674653210148,0.02231305472163932,50,0.003155542460531535,0.006184863222641808,mean_offered_booking_delay
5,7,12,12,0.7,2,5.371728854294157,0.010558894767293384,50,0.0014932532183576609,0.002926776307981015,mean_offered_booking_delay
5,10,5,9,0.3,1,2.5010292882482954,0.024025802794693418,50,0.003397761615915684,0.0066596127671947405,mean_offered_booking_delay
5,10,5,9,0.3,2,7.19316866271533,0.057795812172677874,50,0.008173562142296906,0.016020181798901936,mean_offered_booking_delay
5,10,5,9,0.5,1,2.5010292882482954,0.024025802794693418,50,0.003397761615915684,0.0066596127671947405,mean_offered_booking_delay
5,10,5,9,0.5,2,7.19316866271533,0.057795812172677874,50,0.008173562142296906,0.016020181798901936,mean_offered_booking_delay
5,10,5,9,0.7,1,2.5010292882482954,0.024025802794693418,50,0.003397761615915684,0.0066596127671947405,mean_offered_booking_delay
5,10,5,9,0.7,2,7.19316866271533,0.057795812172677874,50,0.008173562142296906,0.016020181798901936,mean_offered_booking_delay
5,10,5,12,0.3,1,2.5010292882482954,0.024025802794693418,50,0.003397761615915684,0.0066596127671947405,mean_offered_booking_delay
5,10,5,12,0.3,2,7.19316866271533,0.057795812172677874,50,0.008173562142296906,0.016020181798901936,mean_offered_booking_delay
5,10,5,12,0.5,1,2.5010292882482954,0.024025802794693418,50,0.003397761615915684,0.0066596127671947405,mean_offered_booking_delay
5,10,5,12,0.5,2,7.19316866271533,0.057795812172677874,50,0.008173562142296906,0.016020181798901936,mean_offered_booking_delay
5,10,5,12,0.7,1,2.5010292882482954,0.024025802794693418,50,0.003397761615915684,0.0066596127671947405,mean_offered_booking_delay
5,10,5,12,0.7,2,7.19316866271533,0.057795812172677874,50,0.008173562142296906,0.016020181798901936,mean_offered_booking_delay
5,10,9,5,0.3,1,2.5012755583170696,0.024727389812031667,50,0.003496981003426148,0.0068540827667152495,mean_offered_booking_delay
5,10,9,5,0.3,2,5.321417484373723,0.02974753312088895,50,0.0042069364786704,0.008245595498193984,mean_offered_booking_delay
5,10,9,5,0.5,1,2.505518325140534,0.0234203255117505,50,0.003312134197391015,0.006491783026886389,mean_offered_booking_delay
5,10,9,5,0.5,2,5.102664440705706,0.016747064886391567,50,0.002368392629227719,0.004642049553286329,mean_offered_booking_delay
5,10,9,5,0.7,1,2.504090039851701,0.021116168415248687,50,0.002986277175819908,0.00585310326460702,mean_offered_booking_delay
5,10,9,5,0.7,2,4.997153439077057,0.012909322008452077,50,0.0018256538265394408,0.003578281500017304,mean_offered_booking_delay
5,10,9,9,0.3,1,2.5010292882482954,0.024025802794693418,50,0.003397761615915684,0.0066596127671947405,mean_offered_booking_delay
5,10,9,9,0.3,2,7.19316866271533,0.057795812172677874,50,0.008173562142296906,0.016020181798901936,mean_offered_booking_delay
5,10,9,9,0.5,1,2.5010292882482954,0.024025802794693418,50,0.003397761615915684,0.0066596127671947405,mean_offered_booking_delay
5,10,9,9,0.5,2,7.19316866271533,0.057795812172677874,50,0.008173562142296906,0.016020181798901936,mean_offered_booking_delay
5,10,9,9,0.7,1,2.5010292882482954,0.024025802794693418,50,0.003397761615915684,0.0066596127671947405,mean_offered_booking_delay
5,10,9,9,0.7,2,7.19316866271533,0.057795812172677874,50,0.008173562142296906,0.016020181798901936,mean_offered_booking_delay
5,10,12,12,0.3,1,2.5010292882482954,0.024025802794693418,50,0.003397761615915684,0.0066596127671947405,mean_offered_booking_delay
5,10,12,12,0.3,2,7.19316866271533,0.057795812172677874,50,0.008173562142296906,0.016020181798901936,mean_offered_booking_delay
5,10,12,12,0.5,1,2.5010292882482954,0.024025802794693418,50,0.003397761615915684,0.0066596127671947405,mean_offered_booking_delay
5,10,12,12,0.5,2,7.19316866271533,0.057795812172677874,50,0.008173562142296906,0.016020181798901936,mean_offered_booking_delay
5,10,12,12,0.7,1,2.5010292882482954,0.024025802794693418,50,0.003397761615915684,0.0066596127671947405,mean_offered_booking_delay
5,10,12,12,0.7,2,7.19316866271533,0.057795812172677874,50,0.008173562142296906,0.016020181798901936,mean_offered_booking_delay
5,14,5,9,0.3,1,2.4986551944954285,0.023752544659816358,50,0.0033591170798784927,0.0065838694765618455,mean_offered_booking_delay
5,14,5,9,0.3,2,7.271379968794191,0.07057365367613763,50,0.009980621817501567,0.019562018762303072,mean_offered_booking_delay
5,14,5,9,0.5,1,2.497691880097063,0.021486895483594684,50,0.0030387059006192806,0.0059558635652137894,mean_offered_booking_delay
5,14,5,9,0.5,2,7.248495284884278,0.08092180856025522,50,0.011444071915767214,0.02243038095490374,mean_offered_booking_delay
5,14,5,9,0.7,1,2.5035786334840475,0.020359188070603933,50,0.002879223988835261,0.005643279018117111,mean_offered_booking_delay
5,14,5,9,0.7,2,7.242047762230138,0.06754878036433574,50,0.009552840131300502,0.01872356665734898,mean_offered_booking_delay
5,14,5,12,0.3,1,2.5000007581145898,0.023508130512672462,50,0.0033245516997058174,0.006516121331423402,mean_offered_booking_delay
5,14,5,12,0.3,2,7.313270313302987,0.10161200427188233,50,0.014370107454120885,0.028165410610076935,mean_offered_booking_delay
5,14,5,12,0.5,1,2.5000007581145898,0.023508130512672462,50,0.0033245516997058174,0.006516121331423402,mean_offered_booking_delay
5,14,5,12,0.5,2,7.313270313302987,0.10161200427188233,50,0.014370107454120885,0.028165410610076935,mean_offered_booking_delay
5,14,5,12,0.7,1,2.5000007581145898,0.023508130512672462,50,0.0033245516997058174,0.006516121331423402,mean_offered_booking_delay
5,14,5,12,0.7,2,7.313270313302987,0.10161200427188233,50,0.014370107454120885,0.028165410610076935,mean_offered_booking_delay
5,14,9,5,0.3,1,2.5012755583170696,0.024727389812031667,50,0.003496981003426148,0.0068540827667152495,mean_offered_booking_delay
5,14,9,5,0.3,2,5.321417484373723,0.02974753312088895,50,0.0042069364786704,0.008245595498193984,mean_offered_booking_delay
5,14,9,5,0.5,1,2.505518325140534,0.0234203255117505,50,0.003312134197391015,0.006491783026886389,mean_offered_booking_delay
5,14,9,5,0.5,2,5.102664440705706,0.016747064886391567,50,0.002368392629227719,0.004642049553286329,mean_offered_booking_delay
5,14,9,5,0.7,1,2.504090039851701,0.021116168415248687,50,0.002986277175819908,0.00585310326460702,mean_offered_booking_delay
5,14,9,5,0.7,2,4.997153439077057,0.012909322008452077,50,0.0018256538265394408,0.003578281500017304,mean_offered_booking_delay
5,14,9,9,0.3,1,2.4986551944954285,0.023752544659816358,50,0.0033591170798784927,0.0065838694765618455,mean_offered_booking_delay
5,14,9,9,0.3,2,7.271379968794191,0.07057365367613763,50,0.009980621817501567,0.019562018762303072,mean_offered_booking_delay
5,14,9,9,0.5,1,2.497691880097063,0.021486895483594684,50,0.0030387059006192806,0.0059558635652137894,mean_offered_booking_delay
5,14,9,9,0.5,2,7.248495284884278,0.08092180856025522,50,0.011444071915767214,0.02243038095490374,mean_offered_booking_delay
5,14,9,9,0.7,1,2.5035786334840475,0.020359188070603933,50,0.002879223988835261,0.005643279018117111,mean_offered_booking_delay
5,14,9,9,0.7,2,7.242047762230138,0.06754878036433574,50,0.009552840131300502,0.01872356665734898,mean_offered_booking_delay
5,14,12,12,0.3,1,2.5000007581145898,0.023508130512672462,50,0.0033245516997058174,0.006516121331423402,mean_offered_booking_delay
5,14,12,12,0.3,2,7.313270313302987,0.10161200427188233,50,0.014370107454120885,0.028165410610076935,mean_offered_booking_delay
5,14,12,12,0.5,1,2.5000007581145898,0.023508130512672462,50,0.0033245516997058174,0.006516121331423402,mean_offered_booking_delay
5,14,12,12,0.5,2,7.313270313302987,0.10161200427188233,50,0.014370107454120885,0.028165410610076935,mean_offered_booking_delay
5,14,12,12,0.7,1,2.5000007581145898,0.023508130512672462,50,0.0033245516997058174,0.006516121331423402,mean_offered_booking_delay
5,14,12,12,0.7,2,7.313270313302987,0.10161200427188233,50,0.014370107454120885,0.028165410610076935,mean_offered_booking_delay
7,2,5,9,0.3,1,4.847746008655098,0.028439830930940827,50,0.004021999461413436,0.007883118944370335,mean_offered_booking_delay
7,2,5,9,0.3,2,1.0,0.0,50,0.0,0.0,mean_offered_booking_delay
7,2,5,9,0.5,1,4.734860960747448,0.023242547375641073,50,0.003286992572273079,0.006442505441655235,mean_offered_booking_delay
7,2,5,9,0.5,2,1.0,0.0,50,0.0,0.0,mean_offered_booking_delay
7,2,5,9,0.7,1,4.664901149864738,0.02126436376359748,50,0.0030072351629714545,0.0058941809194240505,mean_offered_booking_delay
7,2,5,9,0.7,2,1.0,0.0,50,0.0,0.0,mean_offered_booking_delay
7,2,5,12,0.3,1,4.847746008655098,0.028439830930940827,50,0.004021999461413436,0.007883118944370335,mean_offered_booking_delay
7,2,5,12,0.3,2,1.0,0.0,50,0.0,0.0,mean_offered_booking_delay
7,2,5,12,0.5,1,4.734860960747448,0.023242547375641073,50,0.003286992572273079,0.006442505441655235,mean_offered_booking_delay
7,2,5,12,0.5,2,1.0,0.0,50,0.0,0.0,mean_offered_booking_delay
7,2,5,12,0.7,1,4.664901149864738,0.02126436376359748,50,0.0030072351629714545,0.0058941809194240505,mean_offered_booking_delay
7,2,5,12,0.7,2,1.0,0.0,50,0.0,0.0,mean_offered_booking_delay
7,2,9,5,0.3,1,5.06424708483821,0.02141923706919442,50,0.0030291375558939293,0.005937109609552101,mean_offered_booking_delay
7,2,9,5,0.3,2,1.0,0.0,50,0.0,0.0,mean_offered_booking_delay
7,2,9,5,0.5,1,5.06424708483821,0.02141923706919442,50,0.0030291375558939293,0.005937109609552101,mean_offered_booking_delay
7,2,9,5,0.5,2,1.0,0.0,50,0.0,0.0,mean_offered_booking_delay
7,2,9,5,0.7,1,5.06424708483821,0.02141923706919442,50,0.0030291375558939293,0.005937109609552101,mean_offered_booking_delay
7,2,9,5,0.7,2,1.0,0.0,50,0.0,0.0,mean_offered_booking_delay
7,2,9,9,0.3,1,5.06424708483821,0.02141923706919442,50,0.0030291375558939293,0.005937109609552101,mean_offered_booking_delay
7,2,9,9,0.3,2,1.0,0.0,50,0.0,0.0,mean_offered_booking_delay
7,2,9,9,0.5,1,5.06424708483821,0.02141923706919442,50,0.0030291375558939293,0.005937109609552101,mean_offered_booking_delay
7,2,9,9,0.5,2,1.0,0.0,50,0.0,0.0,mean_offered_booking_delay
7,2,9,9,0.7,1,5.06424708483821,0.02141923706919442,50,0.0030291375558939293,0.005937109609552101,mean_offered_booking_delay
7,2,9,9,0.7,2,1.0,0.0,50,0.0,0.0,mean_offered_booking_delay
7,2,12,12,0.3,1,5.06424708483821,0.02141923706919442,50,0.0030291375558939293,0.005937109609552101,mean_offered_booking_delay
7,2,12,12,0.3,2,1.0,0.0,50,0.0,0.0,mean_offered_booking_delay
7,2,12,12,0.5,1,5.06424708483821,0.02141923706919442,50,0.0030291375558939293,0.005937109609552101,mean_offered_booking_delay
7,2,12,12,0.5,2,1.0,0.0,50,0.0,0.0,mean_offered_booking_delay
7,2,12,12,0.7,1,5.06424708483821,0.02141923706919442,50,0.0030291375558939293,0.005937109609552101,mean_offered_booking_delay
7,2,12,12,0.7,2,1.0,0.0,50,0.0,0.0,mean_offered_booking_delay
7,5,5,9,0.3,1,5.294777085325944,0.01675812831882228,50,0.0023699572348467104,0.0046451161802995525,mean_offered_booking_delay
7,5,5,9,0.3,2,2.502415299988486,0.02315749281642472,50,0.0032749640411545364,0.006418929520662892,mean_offered_booking_delay
7,5,5,9,0.5,1,5.101201987395087,0.015300965700060886,50,0.0021638833210431644,0.004241211309244602,mean_offered_booking_delay
7,5,5,9,0.5,2,2.5023786198533524,0.022512659457126136,50,0.00318377083293547,0.006240190832553521,mean_offered_booking_delay
7,5,5,9,0.7,1,4.997190585310324,0.017572152053833678,50,0.002485077575461382,0.004870752047904309,mean_offered_booking_delay
7,5,5,9,0.7,2,2.4986716839500773,0.023782390440433024,50,0.003363337910651263,0.006592142304876475,mean_offered_booking_delay
7,5,5,12,0.3,1,5.294777085325944,0.01675812831882228,50,0.0023699572348467104,0.0046451161802995525,mean_offered_booking_delay
7,5,5,12,0.3,2,2.502415299988486,0.02315749281642472,50,0.0032749640411545364,0.006418929520662892,mean_offered_booking_delay
7,5,5,12,0.5,1,5.101201987395087,0.015300965700060886,50,0.0021638833210431644,0.004241211309244602,mean_offered_booking_delay
7,5,5,12,0.5,2,2.5023786198533524,0.022512659457126136,50,0.00318377083293547,0.006240190832553521,mean_offered_booking_delay
7,5,5,12,0.7,1,4.997190585310324,0.017572152053833678,50,0.002485077575461382,0.004870752047904309,mean_offered_booking_delay
7,5,5,12,0.7,2,2.4986716839500773,0.023782390440433024,50,0.003363337910651263,0.006592142304876475,mean_offered_booking_delay
7,5,9,5,0.3,1,5.37298093260133,0.011007189258254361,50,0.0015566516332630766,0.00305103720119563,mean_offered_booking_delay
7,5,9,5,0.3,2,2.5008635897919542,0.022295437820093703,50,0.0031530510544222545,0.006179980066667618,mean_offered_booking_delay
7,5,9,5,0.5,1,5.37298093260133,0.011007189258254361,50,0.0015566516332630766,0.00305103720119563,mean_offered_booking_delay
7,5,9,5,0.5,2,2.5008635897919542,0.022295437820093703,50,0.0031530510544222545,0.006179980066667618,mean_offered_booking_delay
7,5,9,5,0.7,1,5.37298093260133,0.011007189258254361,50,0.0015566516332630766,0.00305103720119563,mean_offered_booking_delay
7,5,9,5,0.7,2,2.5008635897919542,0.022295437820093703,50,0.0031530510544222545,0.006179980066667618,mean_offered_booking_delay
7,5,9,9,0.3,1,5.37298093260133,0.011007189258254361,50,0.0015566516332630766,0.00305103720119563,mean_offered_booking_delay
7,5,9,9,0.3,2,2.5008635897919542,0.022295437820093703,50,0.0031530510544222545,0.006179980066667618,mean_offered_booking_delay
7,5,9,9,0.5,1,5.37298093260133,0.011007189258254361,50,0.0015566516332630766,0.00305103720119563,mean_offered_booking_delay
7,5,9,9,0.5,2,2.5008635897919542,0.022295437820093703,50,0.0031530510544222545,0.006179980066667618,mean_offered_booking_delay
7,5,9,9,0.7,1,5.37298093260133,0.011007189258254361,50,0.0015566516332630766,0.00305103720119563,mean_offered_booking_delay
7,5,9,9,0.7,2,2.5008635897919542,0.022295437820093703,50,0.0031530510544222545,0.006179980066667618,mean_offered_booking_delay
7,5,12,12,0.3,1,5.37298093260133,0.011007189258254361,50,0.0015566516332630766,0.00305103720119563,mean_offered_booking_delay
7,5,12,12,0.3,2,2.5008635897919542,0.022295437820093703,50,0.0031530510544222545,0.006179980066667618,mean_offered_booking_delay
7,5,12,12,0.5,1,5.37298093260133,0.011007189258254361,50,0.0015566516332630766,0.00305103720119563,mean_offered_booking_delay
7,5,12,12,0.5,2,2.5008635897919542,0.022295437820093703,50,0.0031530510544222545,0.006179980066667618,mean_offered_booking_delay
7,5,12,12,0.7,1,5.37298093260133,0.011007189258254361,50,0.0015566516332630766,0.00305103720119563,mean_offered_booking_delay
7,5,12,12,0.7,2,2.5008635897919542,0.022295437820093703,50,0.0031530510544222545,0.006179980066667618,mean_offered_booking_delay
7,7,5,9,0.3,1,5.105610647909214,0.015186308554169562,50,0.0021476683519689142,0.004209429969859072,mean_offered_booking_delay
7,7,5,9,0.3,2,5.108048265183583,0.016557977967288817,50,0.0023416517006814735,0.004589637333335688,mean_offered_booking_delay
7,7,5,9,0.5,1,5.181530947773432,0.018062115783577908,50,0.0025543689106289017,0.005006563064832647,mean_offered_booking_delay
7,7,5,9,0.5,2,5.1841406973149216,0.013409453740580078,50,0.0018963831343942977,0.0037169109434128235,mean_offered_booking_delay
7,7,5,9,0.7,1,5.267160705431361,0.012492351320536233,50,0.0017666852663431785,0.00346270312203263,mean_offered_booking_delay
7,7,5,9,0.7,2,5.263958194882084,0.013932853507255991,50,0.001970403039251897,0.0038619899569337177,mean_offered_booking_delay
7,7,5,12,0.3,1,5.105610647909214,0.015186308554169562,50,0.0021476683519689142,0.004209429969859072,mean_offered_booking_delay
7,7,5,12,0.3,2,5.108048265183583,0.016557977967288817,50,0.0023416517006814735,0.004589637333335688,mean_offered_booking_delay
7,7,5,12,0.5,1,5.181530947773432,0.018062115783577908,50,0.0025543689106289017,0.005006563064832647,mean_offered_booking_delay
7,7,5,12,0.5,2,5.1841406973149216,0.013409453740580078,50,0.0018963831343942977,0.0037169109434128235,mean_offered_booking_delay
7,7,5,12,0.7,1,5.267160705431361,0.012492351320536233,50,0.0017666852663431785,0.00346270312203263,mean_offered_booking_delay
7,7,5,12,0.7,2,5.263958194882084,0.013932853507255991,50,0.001970403039251897,0.0038619899569337177,mean_offered_booking_delay
7,7,9,5,0.3,1,5.104471954446009,0.014850677210085553,50,0.0021002029120928026,0.004116397707701893,mean_offered_booking_delay
7,7,9,5,0.3,2,5.107792255687201,0.015415326953586774,50,0.002180056444617794,0.004272910631450876,mean_offered_booking_delay
7,7,9,5,0.5,1,5.1804223489357195,0.01304280386687144,50,0.0018445310119901838,0.00361528078350076,mean_offered_booking_delay
7,7,9,5,0.5,2,5.185706435293215,0.014881992036661818,50,0.002104631497337554,0.004125077734781606,mean_offered_booking_delay
7,7,9,5,0.7,1,5.264587710504615,0.014741474957714192,50,0.002084759381458276,0.00408612838765822,mean_offered_booking_delay
7,7,9,5,0.7,2,5.267247718555111,0.014390526516539777,50,0.0020351277769380203,0.00398885044279852,mean_offered_booking_delay
7,7,9,9,0.3,1,5.002110231607349,0.016128264451543407,50,0.002280881032491255,0.00447052682368286,mean_offered_booking_delay
7,7,9,9,0.3,2,5.001289034375557,0.017059670351767506,50,0.0024126017181083795,0.004728699367492424,mean_offered_booking_delay
7,7,9,9,0.5,1,5.002110231607349,0.016128264451543407,50,0.002280881032491255,0.00447052682368286,mean_offered_booking_delay
7,7,9,9,0.5,2,5.001289034375557,0.017059670351767506,50,0.0024126017181083795,0.004728699367492424,mean_offered_booking_delay
7,7,9,9,0.7,1,5.002110231607349,0.016128264451543407,50,0.002280881032491255,0.00447052682368286,mean_offered_booking_delay
7,7,9,9,0.7,2,5.001289034375557,0.017059670351767506,50,0.0024126017181083795,0.004728699367492424,mean_offered_booking_delay
7,7,12,12,0.3,1,5.002110231607349,0.016128264451543407,50,0.002280881032491255,0.00447052682368286,mean_offered_booking_delay
7,7,12,12,0.3,2,5.001289034375557,0.017059670351767506,50,0.0024126017181083795,0.004728699367492424,mean_offered_booking_delay
7,7,12,12,0.5,1,5.002110231607349,0.016128264451543407,50,0.002280881032491255,0.00447052682368286,mean_offered_booking_delay
7,7,12,12,0.5,2,5.001289034375557,0.017059670351767506,50,0.0024126017181083795,0.004728699367492424,mean_offered_booking_delay
7,7,12,12,0.7,1,5.002110231607349,0.016128264451543407,50,0.002280881032491255,0.00447052682368286,mean_offered_booking_delay
7,7,12,12,0.7,2,5.001289034375557,0.017059670351767506,50,0.0024126017181083795,0.004728699367492424,mean_offered_booking_delay
7,10,5,9,0.3,1,3.571769159979253,0.027724352906605035,50,0.003920815588853877,0.007684798554153599,mean_offered_booking_delay
7,10,5,9,0.3,2,7.567132301766549,0.025855160755854794,50,0.003656471899826645,0.007166684923660224,mean_offered_booking_delay
7,10,5,9,0.5,1,3.6365499158751544,0.03608946390399276,50,0.005103820931180082,0.010003489025112961,mean_offered_booking_delay
7,10,5,9,0.5,2,7.551668613433117,0.026309851409266744,50,0.0037207748687005915,0.00729271874265316,mean_offered_booking_delay
7,10,5,9,0.7,1,3.7042109289445575,0.041029868082894286,50,0.005802499590520808,0.011372899197420783,mean_offered_booking_delay
7,10,5,9,0.7,2,7.512289326357405,0.03054661643633798,50,0.004319943924887807,0.008467090092780101,mean_offered_booking_delay
7,10,5,12,0.3,1,3.571769159979253,0.027724352906605035,50,0.003920815588853877,0.007684798554153599,mean_offered_booking_delay
7,10,5,12,0.3,2,7.567132301766549,0.025855160755854794,50,0.003656471899826645,0.007166684923660224,mean_offered_booking_delay
7,10,5,12,0.5,1,3.6365499158751544,0.03608946390399276,50,0.005103820931180082,0.010003489025112961,mean_offered_booking_delay
7,10,5,12,0.5,2,7.551668613433117,0.026309851409266744,50,0.0037207748687005915,0.00729271874265316,mean_offered_booking_delay
7,10,5,12,0.7,1,3.7042109289445575,0.041029868082894286,50,0.005802499590520808,0.011372899197420783,mean_offered_booking_delay
7,10,5,12,0.7,2,7.512289326357405,0.03054661643633798,50,0.004319943924887807,0.008467090092780101,mean_offered_booking_delay
7,10,9,5,0.3,1,4.178395564246692,0.03686513718419413,50,0.005213517698463203,0.010218494688987877,mean_offered_booking_delay
7,10,9,5,0.3,2,6.282063114595444,0.019755867823483184,50,0.002793901621242016,0.005476047177634351,mean_offered_booking_delay
7,10,9,5,0.5,1,4.8291696131545505,0.022963926411449287,50,0.00324758961764093,0.006365275650576223,mean_offered_booking_delay
7,10,9,5,0.5,2,6.113038681157189,0.014616113344578663,50,0.0020670305721085525,0.004051379921332763,mean_offered_booking_delay
7,10,9,5,0.7,1,5.145829386924239,0.015920991660021883,50,0.0022515682332031883,0.004413073737078249,mean_offered_booking_delay
7,10,9,5,0.7,2,5.961771105692097,0.014556859001128181,50,0.002058650742494834,0.004034955455289874,mean_offered_booking_delay
7,10,9,9,0.3,1,3.508377324807563,0.028963625045915944,50,0.004096075135542339,0.008028307265662985,mean_offered_booking_delay
7,10,9,9,0.3,2,7.590748926766984,0.024021312542924972,50,0.0033971265984207434,0.006658368132904657,mean_offered_booking_delay
7,10,9,9,0.5,1,3.508377324807563,0.028963625045915944,50,0.004096075135542339,0.008028307265662985,mean_offered_booking_delay
7,10,9,9,0.5,2,7.590748926766984,0.024021312542924972,50,0.0033971265984207434,0.006658368132904657,mean_offered_booking_delay
7,10,9,9,0.7,1,3.508377324807563,0.028963625045915944,50,0.004096075135542339,0.008028307265662985,mean_offered_booking_delay
7,10,9,9,0.7,2,7.590748926766984,0.024021312542924972,50,0.0033971265984207434,0.006658368132904657,mean_offered_booking_delay
7,10,12,12,0.3,1,3.508377324807563,0.028963625045915944,50,0.004096075135542339,0.008028307265662985,mean_offered_booking_delay
7,10,12,12,0.3,2,7.590748926766984,0.024021312542924972,50,0.0033971265984207434,0.006658368132904657,mean_offered_booking_delay
7,10,12,12,0.5,1,3.508377324807563,0.028963625045915944,50,0.004096075135542339,0.008028307265662985,mean_offered_booking_delay
7,10,12,12,0.5,2,7.590748926766984,0.024021312542924972,50,0.0033971265984207434,0.006658368132904657,mean_offered_booking_delay
7,10,12,12,0.7,1,3.508377324807563,0.028963625045915944,50,0.004096075135542339,0.008028307265662985,mean_offered_booking_delay
7,10,12,12,0.7,2,7.590748926766984,0.024021312542924972,50,0.0033971265984207434,0.006658368132904657,mean_offered_booking_delay
7,14,5,9,0.3,1,3.569291281617366,0.03226585170986378,50,0.004563080508960847,0.008943637797563261,mean_offered_booking_delay
7,14,5,9,0.3,2,7.786013371589171,0.0452084113428617,50,0.006393434845441668,0.01253113229706567,mean_offered_booking_delay
7,14,5,9,0.5,1,3.6294425504545886,0.03031823129609088,50,0.004287645388609614,0.008403784961674843,mean_offered_booking_delay
7,14,5,9,0.5,2,7.714913828143441,0.04974197970263456,50,0.0070345782314753,0.013787773333691588,mean_offered_booking_delay
7,14,5,9,0.7,1,3.7089429937285474,0.03258292036485405,50,0.004607920788169911,0.009031524744813025,mean_offered_booking_delay
7,14,5,9,0.7,2,7.631416797936354,0.05116178776939653,50,0.007235369413873451,0.014181324051191964,mean_offered_booking_delay
7,14,5,12,0.3,1,3.5760948155239443,0.03140577168337835,50,0.004441446825142657,0.008705235777279607,mean_offered_booking_delay
7,14,5,12,0.3,2,8.088862100615176,0.10341606092742482,50,0.01462523959307665,0.028665469602430233,mean_offered_booking_delay
7,14,5,12,0.5,1,3.6300049896629885,0.02591137467880131,50,0.0036644217490491614,0.007182266628136356,mean_offered_booking_delay
7,14,5,12,0.5,2,8.020259780480778,0.08453439790311248,50,0.01195496920016254,0.02343173963231858,mean_offered_booking_delay
7,14,5,12,0.7,1,3.7062773922839756,0.025997129143483566,50,0.00367654926174793,0.007206036553025943,mean_offered_booking_delay
7,14,5,12,0.7,2,7.92228235392184,0.08171294149341127,50,0.011555955008138144,0.02264967181595076,mean_offered_booking_delay
7,14,9,5,0.3,1,4.178395564246692,0.03686513718419413,50,0.005213517698463203,0.010218494688987877,mean_offered_booking_delay
7,14,9,5,0.3,2,6.282063114595444,0.019755867823483184,50,0.002793901621242016,0.005476047177634351,mean_offered_booking_delay
7,14,9,5,0.5,1,4.8291696131545505,0.022963926411449287,50,0.00324758961764093,0.006365275650576223,mean_offered_booking_delay
7,14,9,5,0.5,2,6.113038681157189,0.014616113344578663,50,0.0020670305721085525,0.004051379921332763,mean_offered_booking_delay
7,14,9,5,0.7,1,5.145829386924239,0.015920991660021883,50,0.0022515682332031883,0.004413073737078249,mean_offered_booking_delay
7,14,9,5,0.7,2,5.961771105692097,0.014556859001128181,50,0.002058650742494834,0.004034955455289874,mean_offered_booking_delay
7,14,9,9,0.3,1,3.498092571857595,0.029613544476119177,50,0.004187987622806659,0.008208455740701052,mean_offered_booking_delay
7,14,9,9,0.3,2,7.823849150661983,0.04918950832058373,50,0.006956446979343372,0.01363463607951301,mean_offered_booking_delay
7,14,9,9,0.5,1,3.493716368794229,0.024868253862481204,50,0.003516902188485802,0.006893128289432172,mean_offered_booking_delay
7,14,9,9,0.5,2,7.7704819318722675,0.040788326221605366,50,0.005768340412909244,0.01130594720930212,mean_offered_booking_delay
7,14,9,9,0.7,1,3.5056198947268036,0.029412527738675927,50,0.004159559563171035,0.008152736743815229,mean_offered_booking_delay
7,14,9,9,0.7,2,7.737122813177218,0.03830540081931324,50,0.005417201735081025,0.010617715400758808,mean_offered_booking_delay
7,14,12,12,0.3,1,3.5055867090133246,0.023687108927964603,50,0.0033498630699336364,0.006565731617069927,mean_offered_booking_delay
7,14,12,12,0.3,2,8.147874159469241,0.09462804056929455,50,0.01338242583538878,0.02622955463736201,mean_offered_booking_delay
7,14,12,12,0.5,1,3.5055867090133246,0.023687108927964603,50,0.0033498630699336364,0.006565731617069927,mean_offered_booking_delay
7,14,12,12,0.5,2,8.147874159469241,0.09462804056929455,50,0.01338242583538878,0.02622955463736201,mean_offered_booking_delay
7,14,12,12,0.7,1,3.5055867090133246,0.023687108927964603,50,0.0033498630699336364,0.006565731617069927,mean_offered_booking_delay
7,14,12,12,0.7,2,8.147874159469241,0.09462804056929455,50,0.01338242583538878,0.02622955463736201,mean_offered_booking_delay
10,2,5,9,0.3,1,4.8539905991408885,0.027019655155886686,50,0.0038211562772099074,0.007489466303331418,mean_offered_booking_delay
10,2,5,9,0.3,2,1.0,0.0,50,0.0,0.0,mean_offered_booking_delay
10,2,5,9,0.5,1,4.734860960747448,0.023242547375641073,50,0.003286992572273079,0.006442505441655235,mean_offered_booking_delay
10,2,5,9,0.5,2,1.0,0.0,50,0.0,0.0,mean_offered_booking_delay
10,2,5,9,0.7,1,4.664901149864738,0.02126436376359748,50,0.0030072351629714545,0.0058941809194240505,mean_offered_booking_delay
10,2,5,9,0.7,2,1.0,0.0,50,0.0,0.0,mean_offered_booking_delay
10,2,5,12,0.3,1,4.8539905991408885,0.027019655155886686,50,0.0038211562772099074,0.007489466303331418,mean_offered_booking_delay
10,2,5,12,0.3,2,1.0,0.0,50,0.0,0.0,mean_offered_booking_delay
10,2,5,12,0.5,1,4.734860960747448,0.023242547375641073,50,0.003286992572273079,0.006442505441655235,mean_offered_booking_delay
10,2,5,12,0.5,2,1.0,0.0,50,0.0,0.0,mean_offered_booking_delay
10,2,5,12,0.7,1,4.664901149864738,0.02126436376359748,50,0.0030072351629714545,0.0058941809194240505,mean_offered_booking_delay
10,2,5,12,0.7,2,1.0,0.0,50,0.0,0.0,mean_offered_booking_delay
10,2,9,5,0.3,1,5.933043417270462,0.09001103713726283,50,0.012729482948278541,0.02494978657862594,mean_offered_booking_delay
10,2,9,5,0.3,2,1.0,0.0,50,0.0,0.0,mean_offered_booking_delay
10,2,9,5,0.5,1,5.933043417270462,0.09001103713726283,50,0.012729482948278541,0.02494978657862594,mean_offered_booking_delay
10,2,9,5,0.5,2,1.0,0.0,50,0.0,0.0,mean_offered_booking_delay
10,2,9,5,0.7,1,5.933043417270462,0.09001103713726283,50,0.012729482948278541,0.02494978657862594,mean_offered_booking_delay
10,2,9,5,0.7,2,1.0,0.0,50,0.0,0.0,mean_offered_booking_delay
10,2,9,9,0.3,1,5.933043417270462,0.09001103713726283,50,0.012729482948278541,0.02494978657862594,mean_offered_booking_delay
10,2,9,9,0.3,2,1.0,0.0,50,0.0,0.0,mean_offered_booking_delay
10,2,9,9,0.5,1,5.933043417270462,0.09001103713726283,50,0.012729482948278541,0.02494978657862594,mean_offered_booking_delay
10,2,9,9,0.5,2,1.0,0.0,50,0.0,0.0,mean_offered_booking_delay
10,2,9,9,0.7,1,5.933043417270462,0.09001103713726283,50,0.012729482948278541,0.02494978657862594,mean_offered_booking_delay
10,2,9,9,0.7,2,1.0,0.0,50,0.0,0.0,mean_offered_booking_delay
10,2,12,12,0.3,1,5.933043417270462,0.09001103713726283,50,0.012729482948278541,0.02494978657862594,mean_offered_booking_delay
10,2,12,12,0.3,2,1.0,0.0,50,0.0,0.0,mean_offered_booking_delay
10,2,12,12,0.5,1,5.933043417270462,0.09001103713726283,50,0.012729482948278541,0.02494978657862594,mean_offered_booking_delay
10,2,12,12,0.5,2,1.0,0.0,50,0.0,0.0,mean_offered_booking_delay
10,2,12,12,0.7,1,5.933043417270462,0.09001103713726283,50,0.012729482948278541,0.02494978657862594,mean_offered_booking_delay
10,2,12,12,0.7,2,1.0,0.0,50,0.0,0.0,mean_offered_booking_delay
10,5,5,9,0.3,1,5.320623381186782,0.025191696823657645,50,0.003562643930720786,0.00698278210421274,mean_offered_booking_delay
10,5,5,9,0.3,2,2.4979102619007234,0.02292481452408401,50,0.003242058361484732,0.006354434388510074,mean_offered_booking_delay
10,5,5,9,0.5,1,5.101101155423465,0.015413328159183849,50,0.002179773772402493,0.004272356593908886,mean_offered_booking_delay
10,5,5,9,0.5,2,2.5024426761256087,0.02256959217140822,50,0.0031918223346035137,0.006255971775822887,mean_offered_booking_delay
10,5,5,9,0.7,1,4.997190585310324,0.017572152053833678,50,0.002485077575461382,0.004870752047904309,mean_offered_booking_delay
10,5,5,9,0.7,2,2.4986716839500773,0.023782390440433024,50,0.003363337910651263,0.006592142304876475,mean_offered_booking_delay
10,5,5,12,0.3,1,5.320623381186782,0.025191696823657645,50,0.003562643930720786,0.00698278210421274,mean_offered_booking_delay
10,5,5,12,0.3,2,2.4979102619007234,0.02292481452408401,50,0.003242058361484732,0.006354434388510074,mean_offered_booking_delay
10,5,5,12,0.5,1,5.101101155423465,0.015413328159183849,50,0.002179773772402493,0.004272356593908886,mean_offered_booking_delay
10,5,5,12,0.5,2,2.5024426761256087,0.02256959217140822,50,0.0031918223346035137,0.006255971775822887,mean_offered_booking_delay
10,5,5,12,0.7,1,4.997190585310324,0.017572152053833678,50,0.002485077575461382,0.004870752047904309,mean_offered_booking_delay
10,5,5,12,0.7,2,2.4986716839500773,0.023782390440433024,50,0.003363337910651263,0.006592142304876475,mean_offered_booking_delay
10,5,9,5,0.3,1,7.183869368389439,0.06520955953593713,50,0.009222024349209807,0.01807516772445122,mean_offered_booking_delay
10,5,9,5,0.3,2,2.5009552006005946,0.021771142640739743,50,0.0030789045190893344,0.006034652857415095,mean_offered_booking_delay
10,5,9,5,0.5,1,7.183869368389439,0.06520955953593713,50,0.009222024349209807,0.01807516772445122,mean_offered_booking_delay
10,5,9,5,0.5,2,2.5009552006005946,0.021771142640739743,50,0.0030789045190893344,0.006034652857415095,mean_offered_booking_delay
10,5,9,5,0.7,1,7.183869368389439,0.06520955953593713,50,0.009222024349209807,0.01807516772445122,mean_offered_booking_delay
10,5,9,5,0.7,2,2.5009552006005946,0.021771142640739743,50,0.0030789045190893344,0.006034652857415095,mean_offered_booking_delay
10,5,9,9,0.3,1,7.183869368389439,0.06520955953593713,50,0.009222024349209807,0.01807516772445122,mean_offered_booking_delay
10,5,9,9,0.3,2,2.5009552006005946,0.021771142640739743,50,0.0030789045190893344,0.006034652857415095,mean_offered_booking_delay
10,5,9,9,0.5,1,7.183869368389439,0.06520955953593713,50,0.009222024349209807,0.01807516772445122,mean_offered_booking_delay
10,5,9,9,0.5,2,2.5009552006005946,0.021771142640739743,50,0.0030789045190893344,0.006034652857415095,mean_offered_booking_delay
10,5,9,9,0.7,1,7.183869368389439,0.06520955953593713,50,0.009222024349209807,0.01807516772445122,mean_offered_booking_delay
10,5,9,9,0.7,2,2.5009552006005946,0.021771142640739743,50,0.0030789045190893344,0.006034652857415095,mean_offered_booking_delay
10,5,12,12,0.3,1,7.183869368389439,0.06520955953593713,50,0.009222024349209807,0.01807516772445122,mean_offered_booking_delay
10,5,12,12,0.3,2,2.5009552006005946,0.021771142640739743,50,0.0030789045190893344,0.006034652857415095,mean_offered_booking_delay
10,5,12,12,0.5,1,7.183869368389439,0.06520955953593713,50,0.009222024349209807,0.01807516772445122,mean_offered_booking_delay
10,5,12,12,0.5,2,2.5009552006005946,0.021771142640739743,50,0.0030789045190893344,0.006034652857415095,mean_offered_booking_delay
10,5,12,12,0.7,1,7.183869368389439,0.06520955953593713,50,0.009222024349209807,0.01807516772445122,mean_offered_booking_delay
10,5,12,12,0.7,2,2.5009552006005946,0.021771142640739743,50,0.0030789045190893344,0.006034652857415095,mean_offered_booking_delay
10,7,5,9,0.3,1,6.282286054737971,0.01932779008357814,50,0.0027333622866896417,0.005357390081911698,mean_offered_booking_delay
10,7,5,9,0.3,2,4.180420309927301,0.03584526146558161,50,0.00506928549114352,0.009935799562641299,mean_offered_booking_delay
10,7,5,9,0.5,1,6.1114727332718095,0.01535200884173511,50,0.0021711019113653464,0.0042553597462760785,mean_offered_booking_delay
10,7,5,9,0.5,2,4.831101443243206,0.021979761092932502,50,0.0031084076235345626,0.006092478942127742,mean_offered_booking_delay
10,7,5,9,0.7,1,5.961364892024228,0.014969413439751382,50,0.002116994750726649,0.0041493097114242315,mean_offered_booking_delay
10,7,5,9,0.7,2,5.1492151926038385,0.01470982133214461,50,0.0020802828828003976,0.004077354450288779,mean_offered_booking_delay
10,7,5,12,0.3,1,6.282286054737971,0.01932779008357814,50,0.0027333622866896417,0.005357390081911698,mean_offered_booking_delay
10,7,5,12,0.3,2,4.180420309927301,0.03584526146558161,50,0.00506928549114352,0.009935799562641299,mean_offered_booking_delay
10,7,5,12,0.5,1,6.1114727332718095,0.01535200884173511,50,0.0021711019113653464,0.0042553597462760785,mean_offered_booking_delay
10,7,5,12,0.5,2,4.831101443243206,0.021979761092932502,50,0.0031084076235345626,0.006092478942127742,mean_offered_booking_delay
10,7,5,12,0.7,1,5.961364892024228,0.014969413439751382,50,0.002116994750726649,0.0041493097114242315,mean_offered_booking_delay
10,7,5,12,0.7,2,5.1492151926038385,0.01470982133214461,50,0.0020802828828003976,0.004077354450288779,mean_offered_booking_delay
10,7,9,5,0.3,1,7.560250670254972,0.024406814785656174,50,0.0034516448484203147,0.006765223902903817,mean_offered_booking_delay
10,7,9,5,0.3,2,3.573296990578294,0.029286267563719916,50,0.004141703677989997,0.008117739208860393,mean_offered_booking_delay
10,7,9,5,0.5,1,7.540575348795548,0.03255838756801973,50,0.004604451326769307,0.009024724600467842,mean_offered_booking_delay
10,7,9,5,0.5,2,3.6251718970225544,0.036859761104255054,50,0.0052127574059469784,0.010217004515656077,mean_offered_booking_delay
10,7,9,5,0.7,1,7.516964749447879,0.03756677349061827,50,0.005312744056503041,0.01041297835074596,mean_offered_booking_delay
10,7,9,5,0.7,2,3.703055037785912,0.035687296696623405,50,0.005046945899279737,0.009892013962588285,mean_offered_booking_delay
10,7,9,9,0.3,1,7.5871433706983105,0.031544083382878986,50,0.004461007053269524,0.008743573824408267,mean_offered_booking_delay
10,7,9,9,0.3,2,3.50649540395049,0.027975244910155884,50,0.003956297076265135,0.007754342269479664,mean_offered_booking_delay
10,7,9,9,0.5,1,7.5871433706983105,0.031544083382878986,50,0.004461007053269524,0.008743573824408267,mean_offered_booking_delay
10,7,9,9,0.5,2,3.50649540395049,0.027975244910155884,50,0.003956297076265135,0.007754342269479664,mean_offered_booking_delay
10,7,9,9,0.7,1,7.5871433706983105,0.031544083382878986,50,0.004461007053269524,0.008743573824408267,mean_offered_booking_delay
10,7,9,9,0.7,2,3.50649540395049,0.027975244910155884,50,0.003956297076265135,0.007754342269479664,mean_offered_booking_delay
10,7,12,12,0.3,1,7.5871433706983105,0.031544083382878986,50,0.004461007053269524,0.008743573824408267,mean_offered_booking_delay
10,7,12,12,0.3,2,3.50649540395049,0.027975244910155884,50,0.003956297076265135,0.007754342269479664,mean_offered_booking_delay
10,7,12,12,0.5,1,7.5871433706983105,0.031544083382878986,50,0.004461007053269524,0.008743573824408267,mean_offered_booking_delay
10,7,12,12,0.5,2,3.50649540395049,0.027975244910155884,50,0.003956297076265135,0.007754342269479664,mean_offered_booking_delay
10,7,12,12,0.7,1,7.5871433706983105,0.031544083382878986,50,0.004461007053269524,0.008743573824408267,mean_offered_booking_delay
10,7,12,12,0.7,2,3.50649540395049,0.027975244910155884,50,0.003956297076265135,0.007754342269479664,mean_offered_booking_delay
10,10,5,9,0.3,1,7.174141359045364,0.025494454800645754,50,0.0036054603744381086,0.007066702333898693,mean_offered_booking_delay
10,10,5,9,0.3,2,7.172477656413289,0.02004018246532905,50,0.002834109783489983,0.005554855175640367,mean_offered_booking_delay
10,10,5,9,0.5,1,7.288219144231667,0.023961560282813845,50,0.0033886763527575833,0.006641805651404863,mean_offered_booking_delay
10,10,5,9,0.5,2,7.297254022062888,0.022427385359320685,50,0.00317171125437191,0.006216554058568944,mean_offered_booking_delay
10,10,5,9,0.7,1,7.420951962903838,0.021336785233246763,50,0.0030174771054299553,0.005914255126642712,mean_offered_booking_delay
10,10,5,9,0.7,2,7.425507116446406,0.01884415924780688,50,0.002664966557976687,0.005223334453634306,mean_offered_booking_delay
10,10,5,12,0.3,1,7.174141359045364,0.025494454800645754,50,0.0036054603744381086,0.007066702333898693,mean_offered_booking_delay
10,10,5,12,0.3,2,7.172477656413289,0.02004018246532905,50,0.002834109783489983,0.005554855175640367,mean_offered_booking_delay
10,10,5,12,0.5,1,7.288219144231667,0.023961560282813845,50,0.0033886763527575833,0.006641805651404863,mean_offered_booking_delay
10,10,5,12,0.5,2,7.297254022062888,0.022427385359320685,50,0.00317171125437191,0.006216554058568944,mean_offered_booking_delay
10,10,5,12,0.7,1,7.420951962903838,0.021336785233246763,50,0.0030174771054299553,0.005914255126642712,mean_offered_booking_delay
10,10,5,12,0.7,2,7.425507116446406,0.01884415924780688,50,0.002664966557976687,0.005223334453634306,mean_offered_booking_delay
10,10,9,5,0.3,1,7.175473902397726,0.02092513825936391,50,0.002959261432092458,0.005800152406901218,mean_offered_booking_delay
10,10,9,5,0.3,2,7.174881864043149,0.02413446244399832,50,0.0034131284108886535,0.006689731685341761,mean_offered_booking_delay
10,10,9,5,0.5,1,7.300206300823982,0.015590852306217196,50,0.0022048794780408203,0.004321563776960008,mean_offered_booking_delay
10,10,9,5,0.5,2,7.297991002688124,0.022665341310445404,50,0.003205363307704707,0.006282512083101225,mean_offered_booking_delay
10,10,9,5,0.7,1,7.423078166795751,0.017939857496636746,50,0.0025370789778784326,0.004972674796641728,mean_offered_booking_delay
10,10,9,5,0.7,2,7.428416655646064,0.02410403515568244,50,0.0034088253425083983,0.006681297671316461,mean_offered_booking_delay
10,10,9,9,0.3,1,6.9985811368428195,0.025164693172479883,50,0.0035588250377478676,0.00697529707398582,mean_offered_booking_delay
10,10,9,9,0.3,2,7.004125989277794,0.025551445216077103,50,0.0036135200362809377,0.007082499271110638,mean_offered_booking_delay
10,10,9,9,0.5,1,6.9985811368428195,0.025164693172479883,50,0.0035588250377478676,0.00697529707398582,mean_offered_booking_delay
10,10,9,9,0.5,2,7.004125989277794,0.025551445216077103,50,0.0036135200362809377,0.007082499271110638,mean_offered_booking_delay
10,10,9,9,0.7,1,6.9985811368428195,0.025164693172479883,50,0.0035588250377478676,0.00697529707398582,mean_offered_booking_delay
10,10,9,9,0.7,2,7.004125989277794,0.025551445216077103,50,0.0036135200362809377,0.007082499271110638,mean_offered_booking_delay
10,10,12,12,0.3,1,6.9985811368428195,0.025164693172479883,50,0.0035588250377478676,0.00697529707398582,mean_offered_booking_delay
10,10,12,12,0.3,2,7.004125989277794,0.025551445216077103,50,0.0036135200362809377,0.007082499271110638,mean_offered_booking_delay
10,10,12,12,0.5,1,6.9985811368428195,0.025164693172479883,50,0.0035588250377478676,0.00697529707398582,mean_offered_booking_delay
10,10,12,12,0.5,2,7.004125989277794,0.025551445216077103,50,0.0036135200362809377,0.007082499271110638,mean_offered_booking_delay
10,10,12,12,0.7,1,6.9985811368428195,0.025164693172479883,50,0.0035588250377478676,0.00697529707398582,mean_offered_booking_delay
10,10,12,12,0.7,2,7.004125989277794,0.025551445216077103,50,0.0036135200362809377,0.007082499271110638,mean_offered_booking_delay
10,14,5,9,0.3,1,6.321004550003003,0.03623968497461581,50,0.005125065398723015,0.01004512818149711,mean_offered_booking_delay
10,14,5,9,0.3,2,8.37160357991305,0.025437529831752723,50,0.0035974099681334894,0.007050923537541639,mean_offered_booking_delay
10,14,5,9,0.5,1,6.9470338190325105,0.02673171336169279,50,0.0037804351581576024,0.0074096529099889,mean_offered_booking_delay
10,14,5,9,0.5,2,8.18703482230283,0.021837424245408785,50,0.003088278153515215,0.006053025180889821,mean_offered_booking_delay
10,14,5,9,0.7,1,7.316284690559313,0.023160259065832568,50,0.0032753552478974844,0.0064196962858790695,mean_offered_booking_delay
10,14,5,9,0.7,2,8.009367240325922,0.026613346099449518,50,0.0037636954993970615,0.007376843178818241,mean_offered_booking_delay
10,14,5,12,0.3,1,5.206007932312081,0.04602332598359297,50,0.006508681179151524,0.012757015111136987,mean_offered_booking_delay
10,14,5,12,0.3,2,9.01223478625291,0.07592231342621368,50,0.01073703653340923,0.02104459160548209,mean_offered_booking_delay
10,14,5,12,0.5,1,5.407957037770838,0.05689071248972472,50,0.008045561717603712,0.015769300966503277,mean_offered_booking_delay
10,14,5,12,0.5,2,8.804873257332993,0.09755456135848024,50,0.013796298374452102,0.02704074481392612,mean_offered_booking_delay
10,14,5,12,0.7,1,5.803172868235695,0.10030907292355436,50,0.014185845135756237,0.027804256466082224,mean_offered_booking_delay
10,14,5,12,0.7,2,8.546598472448602,0.07093163824072729,50,0.01003124848013786,0.019661247021070204,mean_offered_booking_delay
10,14,9,5,0.3,1,6.323150735997445,0.04471027993359904,50,0.00632298842595934,0.012393057314880305,mean_offered_booking_delay
10,14,9,5,0.3,2,8.374701479591387,0.025849622259728235,50,0.003655688638192912,0.0071651497308581075,mean_offered_booking_delay
10,14,9,5,0.5,1,6.949427204973387,0.02426772042233545,50,0.0034319739349145326,0.006726668912432484,mean_offered_booking_delay
10,14,9,5,0.5,2,8.189689632478096,0.02315035836514694,50,0.0032739550773788232,0.006416951951662493,mean_offered_booking_delay
10,14,9,5,0.7,1,7.317073937575318,0.01824109839801483,50,0.002579680874705471,0.005056174514422722,mean_offered_booking_delay
10,14,9,5,0.7,2,7.998158388591786,0.029158599576805902,50,0.00412364869813253,0.008082351448339757,mean_offered_booking_delay
10,14,9,9,0.3,1,5.982623530058257,0.043036354400861204,50,0.006086259606879295,0.011929068829483419,mean_offered_booking_delay
10,14,9,9,0.3,2,8.470631172391569,0.025903749179943168,50,0.0036633433406586566,0.007180152947690967,mean_offered_booking_delay
10,14,9,9,0.5,1,6.459409651558745,0.024683811455217357,50,0.003490818093102875,0.006842003462481635,mean_offered_booking_delay
10,14,9,9,0.5,2,8.396351093620959,0.02533715731846301,50,0.0035832151511751105,0.007023101696303216,mean_offered_booking_delay
10,14,9,9,0.7,1,6.74119926326654,0.028249997698652624,50,0.003995152988244327,0.00783049985695888,mean_offered_booking_delay
10,14,9,9,0.7,2,8.335165308557137,0.029275040743874065,50,0.004140115965901164,0.008114627293166282,mean_offered_booking_delay
10,14,12,12,0.3,1,5.008658711802122,0.033637107083052314,50,0.004757005303584868,0.009323730395026342,mean_offered_booking_delay
10,14,12,12,0.3,2,9.278703604945925,0.09688529603228158,50,0.013701649964338482,0.026855233930103424,mean_offered_booking_delay
10,14,12,12,0.5,1,5.0001663449041756,0.038021833583861735,50,0.005377099272059009,0.010539114573235657,mean_offered_booking_delay
10,14,12,12,0.5,2,9.267282875626083,0.08649806669198704,50,0.012232673903486055,0.023976040850832665,mean_offered_booking_delay
10,14,12,12,0.7,1,5.002909910946214,0.036501591116450474,50,0.005162104520508155,0.010117724860195984,mean_offered_booking_delay
10,14,12,12,0.7,2,9.28507275047897,0.07929724568554887,50,0.01121432403073346,0.02198007510023758,mean_offered_booking_delay
14,2,5,9,0.3,1,4.8539905991408885,0.027019655155886686,50,0.0038211562772099074,0.007489466303331418,mean_offered_booking_delay
14,2,5,9,0.3,2,1.0,0.0,50,0.0,0.0,mean_offered_booking_delay
14,2,5,9,0.5,1,4.734860960747448,0.023242547375641073,50,0.003286992572273079,0.006442505441655235,mean_offered_booking_delay
14,2,5,9,0.5,2,1.0,0.0,50,0.0,0.0,mean_offered_booking_delay
14,2,5,9,0.7,1,4.664901149864738,0.02126436376359748,50,0.0030072351629714545,0.0058941809194240505,mean_offered_booking_delay
14,2,5,9,0.7,2,1.0,0.0,50,0.0,0.0,mean_offered_booking_delay
14,2,5,12,0.3,1,4.8539905991408885,0.027019655155886686,50,0.0038211562772099074,0.007489466303331418,mean_offered_booking_delay
14,2,5,12,0.3,2,1.0,0.0,50,0.0,0.0,mean_offered_booking_delay
14,2,5,12,0.5,1,4.734860960747448,0.023242547375641073,50,0.003286992572273079,0.006442505441655235,mean_offered_booking_delay
14,2,5,12,0.5,2,1.0,0.0,50,0.0,0.0,mean_offered_booking_delay
14,2,5,12,0.7,1,4.664901149864738,0.02126436376359748,50,0.0030072351629714545,0.0058941809194240505,mean_offered_booking_delay
14,2,5,12,0.7,2,1.0,0.0,50,0.0,0.0,mean_offered_booking_delay
14,2,9,5,0.3,1,5.935747929324,0.09036877810004534,50,0.012780075160416886,0.0250489473144171,mean_offered_booking_delay
14,2,9,5,0.3,2,1.0,0.0,50,0.0,0.0,mean_offered_booking_delay
14,2,9,5,0.5,1,5.939415274317485,0.09483563356065261,50,0.013411783917771997,0.026287096478833115,mean_offered_booking_delay
14,2,9,5,0.5,2,1.0,0.0,50,0.0,0.0,mean_offered_booking_delay
14,2,9,5,0.7,1,5.933280487828168,0.08777242495916147,50,0.01241289537796209,0.0243292749408057,mean_offered_booking_delay
14,2,9,5,0.7,2,1.0,0.0,50,0.0,0.0,mean_offered_booking_delay
14,2,9,9,0.3,1,5.935747929324,0.09036877810004534,50,0.012780075160416886,0.0250489473144171,mean_offered_booking_delay
14,2,9,9,0.3,2,1.0,0.0,50,0.0,0.0,mean_offered_booking_delay
14,2,9,9,0.5,1,5.939415274317485,0.09483563356065261,50,0.013411783917771997,0.026287096478833115,mean_offered_booking_delay
14,2,9,9,0.5,2,1.0,0.0,50,0.0,0.0,mean_offered_booking_delay
14,2,9,9,0.7,1,5.933280487828168,0.08777242495916147,50,0.01241289537796209,0.0243292749408057,mean_offered_booking_delay
14,2,9,9,0.7,2,1.0,0.0,50,0.0,0.0,mean_offered_booking_delay
14,2,12,12,0.3,1,5.937818800702442,0.09594638300453265,50,0.01356886761056535,0.026594980516708087,mean_offered_booking_delay
14,2,12,12,0.3,2,1.0,0.0,50,0.0,0.0,mean_offered_booking_delay
14,2,12,12,0.5,1,5.937818800702442,0.09594638300453265,50,0.01356886761056535,0.026594980516708087,mean_offered_booking_delay
14,2,12,12,0.5,2,1.0,0.0,50,0.0,0.0,mean_offered_booking_delay
14,2,12,12,0.7,1,5.937818800702442,0.09594638300453265,50,0.01356886761056535,0.026594980516708087,mean_offered_booking_delay
14,2,12,12,0.7,2,1.0,0.0,50,0.0,0.0,mean_offered_booking_delay
14,5,5,9,0.3,1,5.320623381186782,0.025191696823657645,50,0.003562643930720786,0.00698278210421274,mean_offered_booking_delay
14,5,5,9,0.3,2,2.4979102619007234,0.02292481452408401,50,0.003242058361484732,0.006354434388510074,mean_offered_booking_delay
14,5,5,9,0.5,1,5.101101155423465,0.015413328159183849,50,0.002179773772402493,0.004272356593908886,mean_offered_booking_delay
14,5,5,9,0.5,2,2.5024426761256087,0.02256959217140822,50,0.0031918223346035137,0.006255971775822887,mean_offered_booking_delay
14,5,5,9,0.7,1,4.997190585310324,0.017572152053833678,50,0.002485077575461382,0.004870752047904309,mean_offered_booking_delay
14,5,5,9,0.7,2,2.4986716839500773,0.023782390440433024,50,0.003363337910651263,0.006592142304876475,mean_offered_booking_delay
14,5,5,12,0.3,1,5.320623381186782,0.025191696823657645,50,0.003562643930720786,0.00698278210421274,mean_offered_booking_delay
14,5,5,12,0.3,2,2.4979102619007234,0.02292481452408401,50,0.003242058361484732,0.006354434388510074,mean_offered_booking_delay
14,5,5,12,0.5,1,5.101101155423465,0.015413328159183849,50,0.002179773772402493,0.004272356593908886,mean_offered_booking_delay
14,5,5,12,0.5,2,2.5024426761256087,0.02256959217140822,50,0.0031918223346035137,0.006255971775822887,mean_offered_booking_delay
14,5,5,12,0.7,1,4.997190585310324,0.017572152053833678,50,0.002485077575461382,0.004870752047904309,mean_offered_booking_delay
14,5,5,12,0.7,2,2.4986716839500773,0.023782390440433024,50,0.003363337910651263,0.006592142304876475,mean_offered_booking_delay
14,5,9,5,0.3,1,7.270249800245997,0.06649427817421347,50,0.009403711001418196,0.018431273562779665,mean_offered_booking_delay
14,5,9,5,0.3,2,2.501090576176644,0.02107904348227076,50,0.00298102691744795,0.005842812758197982,mean_offered_booking_delay
14,5,9,5,0.5,1,7.252372587986348,0.06863626550460666,50,0.009706633754725537,0.01902500215926205,mean_offered_booking_delay
14,5,9,5,0.5,2,2.498857543284315,0.022694362966733973,50,0.0032094675896972894,0.006290556475806687,mean_offered_booking_delay
14,5,9,5,0.7,1,7.227956296621789,0.06934411516041614,50,0.009806738813062224,0.019221208073601958,mean_offered_booking_delay
14,5,9,5,0.7,2,2.500323938840403,0.026402985543043107,50,0.0037339460242112317,0.007318534207454014,mean_offered_booking_delay
14,5,9,9,0.3,1,7.270249800245997,0.06649427817421347,50,0.009403711001418196,0.018431273562779665,mean_offered_booking_delay
14,5,9,9,0.3,2,2.501090576176644,0.02107904348227076,50,0.00298102691744795,0.005842812758197982,mean_offered_booking_delay
14,5,9,9,0.5,1,7.252372587986348,0.06863626550460666,50,0.009706633754725537,0.01902500215926205,mean_offered_booking_delay
14,5,9,9,0.5,2,2.498857543284315,0.022694362966733973,50,0.0032094675896972894,0.006290556475806687,mean_offered_booking_delay
14,5,9,9,0.7,1,7.227956296621789,0.06934411516041614,50,0.009806738813062224,0.019221208073601958,mean_offered_booking_delay
14,5,9,9,0.7,2,2.500323938840403,0.026402985543043107,50,0.0037339460242112317,0.007318534207454014,mean_offered_booking_delay
14,5,12,12,0.3,1,7.3160100694975565,0.08879144844787795,50,0.01255700706177405,0.024611733841077135,mean_offered_booking_delay
14,5,12,12,0.3,2,2.499812557036373,0.020939253002738554,50,0.0029612575582434416,0.005804064814157146,mean_offered_booking_delay
14,5,12,12,0.5,1,7.3160100694975565,0.08879144844787795,50,0.01255700706177405,0.024611733841077135,mean_offered_booking_delay
14,5,12,12,0.5,2,2.499812557036373,0.020939253002738554,50,0.0029612575582434416,0.005804064814157146,mean_offered_booking_delay
14,5,12,12,0.7,1,7.3160100694975565,0.08879144844787795,50,0.01255700706177405,0.024611733841077135,mean_offered_booking_delay
14,5,12,12,0.7,2,2.499812557036373,0.020939253002738554,50,0.0029612575582434416,0.005804064814157146,mean_offered_booking_delay
14,7,5,9,0.3,1,6.282286054737971,0.01932779008357814,50,0.0027333622866896417,0.005357390081911698,mean_offered_booking_delay
14,7,5,9,0.3,2,4.180420309927301,0.03584526146558161,50,0.00506928549114352,0.009935799562641299,mean_offered_booking_delay
14,7,5,9,0.5,1,6.1114727332718095,0.01535200884173511,50,0.0021711019113653464,0.0042553597462760785,mean_offered_booking_delay
14,7,5,9,0.5,2,4.831101443243206,0.021979761092932502,50,0.0031084076235345626,0.006092478942127742,mean_offered_booking_delay
14,7,5,9,0.7,1,5.961364892024228,0.014969413439751382,50,0.002116994750726649,0.0041493097114242315,mean_offered_booking_delay
14,7,5,9,0.7,2,5.1492151926038385,0.01470982133214461,50,0.0020802828828003976,0.004077354450288779,mean_offered_booking_delay
14,7,5,12,0.3,1,6.282286054737971,0.01932779008357814,50,0.0027333622866896417,0.005357390081911698,mean_offered_booking_delay
14,7,5,12,0.3,2,4.180420309927301,0.03584526146558161,50,0.00506928549114352,0.009935799562641299,mean_offered_booking_delay
14,7,5,12,0.5,1,6.1114727332718095,0.01535200884173511,50,0.0021711019113653464,0.0042553597462760785,mean_offered_booking_delay
14,7,5,12,0.5,2,4.831101443243206,0.021979761092932502,50,0.0031084076235345626,0.006092478942127742,mean_offered_booking_delay
14,7,5,12,0.7,1,5.961364892024228,0.014969413439751382,50,0.002116994750726649,0.0041493097114242315,mean_offered_booking_delay
14,7,5,12,0.7,2,5.1492151926038385,0.01470982133214461,50,0.0020802828828003976,0.004077354450288779,mean_offered_booking_delay
14,7,9,5,0.3,1,7.781958756486447,0.04604800393975589,50,0.006512171169181249,0.012763855491595246,mean_offered_booking_delay
14,7,9,5,0.3,2,3.573812292792311,0.03444321934127943,50,0.0048710067924228675,0.00954717331314882,mean_offered_booking_delay
14,7,9,5,0.5,1,7.692517725496461,0.05852138969534009,50,0.008276174299607104,0.016221301627229925,mean_offered_booking_delay
14,7,9,5,0.5,2,3.6297501117447655,0.03666622915914404,50,0.005185387855794134,0.010163360197356502,mean_offered_booking_delay
14,7,9,5,0.7,1,7.6303069256875595,0.041797176842783806,50,0.005911013435997152,0.011585586334554417,mean_offered_booking_delay
14,7,9,5,0.7,2,3.7095711788743153,0.03284776310136294,50,0.0046453752071565985,0.009104935406026932,mean_offered_booking_delay
14,7,9,9,0.3,1,7.818169420331178,0.054454672028144885,50,0.00770105357167813,0.015094065000489135,mean_offered_booking_delay
14,7,9,9,0.3,2,3.4932842085385225,0.03223924237050277,50,0.004559317380099835,0.008936262064995676,mean_offered_booking_delay
14,7,9,9,0.5,1,7.77514403583477,0.0453292871237194,50,0.006410529262306807,0.012564637354121342,mean_offered_booking_delay
14,7,9,9,0.5,2,3.500274258543793,0.028221873243360677,50,0.003991175589633504,0.007822704155681667,mean_offered_booking_delay
14,7,9,9,0.7,1,7.740158480491335,0.03389228864919354,50,0.00479309342675532,0.009394463116440427,mean_offered_booking_delay
14,7,9,9,0.7,2,3.50670870287095,0.03126678909161748,50,0.004421791718522458,0.008666711768304018,mean_offered_booking_delay
14,7,12,12,0.3,1,8.152317720166609,0.0844355795977359,50,0.01194099418139511,0.023404348595534415,mean_offered_booking_delay
14,7,12,12,0.3,2,3.4994637991113557,0.027988316930706476,50,0.003958145739140161,0.007757965648714716,mean_offered_booking_delay
14,7,12,12,0.5,1,8.152317720166609,0.0844355795977359,50,0.01194099418139511,0.023404348595534415,mean_offered_booking_delay
14,7,12,12,0.5,2,3.4994637991113557,0.027988316930706476,50,0.003958145739140161,0.007757965648714716,mean_offered_booking_delay
14,7,12,12,0.7,1,8.152317720166609,0.0844355795977359,50,0.01194099418139511,0.023404348595534415,mean_offered_booking_delay
14,7,12,12,0.7,2,3.4994637991113557,0.027988316930706476,50,0.003958145739140161,0.007757965648714716,mean_offered_booking_delay
14,10,5,9,0.3,1,8.372339824731176,0.026308266866914377,50,0.0037205507805721043,0.007292279529921324,mean_offered_booking_delay
14,10,5,9,0.3,2,6.324055668073447,0.03626918245847787,50,0.005129236972896376,0.010053304466876897,mean_offered_booking_delay
14,10,5,9,0.5,1,8.190719539161396,0.025564599005211686,50,0.00361538026298001,0.007086145315440819,mean_offered_booking_delay
14,10,5,9,0.5,2,6.942482706865259,0.028684159037876168,50,0.004056552673663127,0.007950843240379729,mean_offered_booking_delay
14,10,5,9,0.7,1,7.998112419404302,0.025266959743702404,50,0.003573287714947896,0.007003643921297876,mean_offered_booking_delay
14,10,5,9,0.7,2,7.317085107780521,0.021360024510590346,50,0.00302076363554986,0.005920696725677725,mean_offered_booking_delay
14,10,5,12,0.3,1,8.372339824731176,0.026308266866914377,50,0.0037205507805721043,0.007292279529921324,mean_offered_booking_delay
14,10,5,12,0.3,2,6.324055668073447,0.03626918245847787,50,0.005129236972896376,0.010053304466876897,mean_offered_booking_delay
14,10,5,12,0.5,1,8.190719539161396,0.025564599005211686,50,0.00361538026298001,0.007086145315440819,mean_offered_booking_delay
14,10,5,12,0.5,2,6.942482706865259,0.028684159037876168,50,0.004056552673663127,0.007950843240379729,mean_offered_booking_delay
14,10,5,12,0.7,1,7.998112419404302,0.025266959743702404,50,0.003573287714947896,0.007003643921297876,mean_offered_booking_delay
14,10,5,12,0.7,2,7.317085107780521,0.021360024510590346,50,0.00302076363554986,0.005920696725677725,mean_offered_booking_delay
14,10,9,5,0.3,1,8.3762353205262,0.02257402787440363,50,0.0031924496377369904,0.006257201289964501,mean_offered_booking_delay
14,10,9,5,0.3,2,6.315917008835132,0.04165166946523799,50,0.005890435585322088,0.011545253747231293,mean_offered_booking_delay
14,10,9,5,0.5,1,8.191856887614662,0.02590689128828675,50,0.0036637877018820507,0.007181023895688819,mean_offered_booking_delay
14,10,9,5,0.5,2,6.954739705894609,0.028695737681895934,50,0.0040581901412037906,0.00795405267675943,mean_offered_booking_delay
14,10,9,5,0.7,1,7.999838560707023,0.026010395618626177,50,0.0036784254246550866,0.00720971383232397,mean_offered_booking_delay
14,10,9,5,0.7,2,7.317148573268064,0.021426669411565333,50,0.0030301886478320437,0.005939169749750806,mean_offered_booking_delay
14,10,9,9,0.3,1,8.47312582378708,0.02545316924131326,50,0.003599621714644291,0.007055258560702811,mean_offered_booking_delay
14,10,9,9,0.3,2,5.980846578887103,0.039633338892283834,50,0.0056050005383596856,0.010985801055184983,mean_offered_booking_delay
14,10,9,9,0.5,1,8.396034141056047,0.021744392946316943,50,0.0030751215410251284,0.0060272382204092515,mean_offered_booking_delay
14,10,9,9,0.5,2,6.454733712447183,0.030322182452651426,50,0.004288204166529113,0.008404880166397061,mean_offered_booking_delay
14,10,9,9,0.7,1,8.338688905790091,0.022522532138223226,50,0.003185167040885919,0.006242927400136401,mean_offered_booking_delay
14,10,9,9,0.7,2,6.735668957411711,0.03245953373922192,50,0.00459047128423147,0.00899732371709368,mean_offered_booking_delay
14,10,12,12,0.3,1,9.294105854774028,0.10618972390102296,50,0.015017494772548108,0.029434289754194293,mean_offered_booking_delay
14,10,12,12,0.3,2,4.993343239488587,0.03474896294565055,50,0.004914245467613914,0.009631921116523272,mean_offered_booking_delay
14,10,12,12,0.5,1,9.287879780722475,0.08787907426224799,50,0.01242797786704635,0.024358836619410844,mean_offered_booking_delay
14,10,12,12,0.5,2,4.998319762884765,0.03327215655594659,50,0.004705393505082056,0.009222571269960829,mean_offered_booking_delay
14,10,12,12,0.7,1,9.28069305564945,0.08946933748801267,50,0.012652875049208308,0.024799635096448284,mean_offered_booking_delay
14,10,12,12,0.7,2,5.004675962029388,0.03462184466734875,50,0.004896268228293922,0.009596685727456086,mean_offered_booking_delay
14,14,5,9,0.3,1,9.972885090256913,0.03258521826559342,50,0.004608245760408971,0.009032161690401583,mean_offered_booking_delay
14,14,5,9,0.3,2,9.96911521487561,0.03052959796319905,50,0.004317537149335411,0.008462372812697405,mean_offered_booking_delay
14,14,5,9,0.5,1,8.817168907138399,0.07954835765991543,50,0.011249836626715807,0.02204967978836298,mean_offered_booking_delay
14,14,5,9,0.5,2,8.818818895378856,0.07860037099755932,50,0.011115771067230527,0.02178691129177183,mean_offered_booking_delay
14,14,5,9,0.7,1,8.087552207292461,0.026841542986105235,50,0.0037959674125970446,0.007440096128690207,mean_offered_booking_delay
14,14,5,9,0.7,2,8.085802568124336,0.03212392625733976,50,0.004543009218980307,0.008904298069201401,mean_offered_booking_delay
14,14,5,12,0.3,1,9.95689128283977,0.029835859308437306,50,0.004219427687904759,0.008270078268293327,mean_offered_booking_delay
14,14,5,12,0.3,2,9.964531511150334,0.025684288176817737,50,0.0036323068679554576,0.0071193214611926965,mean_offered_booking_delay
14,14,5,12,0.5,1,10.0337154304326,0.040450095271532684,50,0.005720507333228532,0.011212194373127923,mean_offered_booking_delay
14,14,5,12,0.5,2,10.027506430077668,0.037247407310111655,50,0.005267578858119466,0.010324454561914154,mean_offered_booking_delay
14,14,5,12,0.7,1,9.577495634686484,0.05722722439630466,50,0.00809315168782225,0.01586257730813161,mean_offered_booking_delay
14,14,5,12,0.7,2,9.573667771880096,0.06362900266777426,50,0.00899849985330402,0.017637059712475877,mean_offered_booking_delay
14,14,9,5,0.3,1,9.974306561460024,0.03163381338846758,50,0.0044736967923550445,0.008768445713015887,mean_offered_booking_delay
14,14,9,5,0.3,2,9.976553045563291,0.02969409641222861,50,0.004199379386858796,0.00823078359824324,mean_offered_booking_delay
14,14,9,5,0.5,1,8.80161597683879,0.07093148373511549,50,0.010031226629744691,0.019661204194299595,mean_offered_booking_delay
14,14,9,5,0.5,2,8.79426864464354,0.07979511002835607,50,0.01128473268131545,0.022118076055378282,mean_offered_booking_delay
14,14,9,5,0.7,1,8.08374320146056,0.02691506823460281,50,0.0038063654529572567,0.007460476287796223,mean_offered_booking_delay
14,14,9,5,0.7,2,8.08452974475659,0.028181546623075513,50,0.003985472544300308,0.007811526186828604,mean_offered_booking_delay
14,14,9,9,0.3,1,10.058874619160607,0.031123407226462906,50,0.004401514460692464,0.008626968342957229,mean_offered_booking_delay
14,14,9,9,0.3,2,10.051753170690153,0.031328063619258,50,0.004430457245324182,0.008683696200835396,mean_offered_booking_delay
14,14,9,9,0.5,1,9.315305303880063,0.09082460898993565,50,0.012844539383080032,0.025175297190836863,mean_offered_booking_delay
14,14,9,9,0.5,2,9.313669283925405,0.09571862538781703,50,0.01353665781951605,0.026531849326251456,mean_offered_booking_delay
14,14,9,9,0.7,1,8.42491291812313,0.026225310462878394,50,0.0037088189734047652,0.00726928518787334,mean_offered_booking_delay
14,14,9,9,0.7,2,8.42873522792626,0.027755772183438776,50,0.003925258945595701,0.007693507533367574,mean_offered_booking_delay
14,14,12,12,0.3,1,10.016112598077841,0.026053723204999577,50,0.003684552870682502,0.007221723626537704,mean_offered_booking_delay
14,14,12,12,0.3,2,10.017504015889171,0.03852597923081551,50,0.005448396233192347,0.010678856617057,mean_offered_booking_delay
14,14,12,12,0.5,1,10.380660130121147,0.032550369003320326,50,0.00460331733047444,0.009022501967729904,mean_offered_booking_delay
14,14,12,12,0.5,2,10.382355925615224,0.03241114809575491,50,0.004583628520909951,0.008983911900983504,mean_offered_booking_delay
14,14,12,12,0.7,1,10.336013730416466,0.035575157868494946,50,0.005031087074118948,0.009860930665273137,mean_offered_booking_delay
14,14,12,12,0.7,2,10.332317663408308,0.032915384088655596,50,0.004654938258889632,0.009123678987423679,mean_offered_booking_delay
2,2,5,9,0.3,1,1.0,0.0,50,0.0,0.0,mean_accepted_booking_delay
2,2,5,9,0.3,2,1.0,0.0,50,0.0,0.0,mean_accepted_booking_delay
2,2,5,9,0.5,1,1.0,0.0,50,0.0,0.0,mean_accepted_booking_delay
2,2,5,9,0.5,2,1.0,0.0,50,0.0,0.0,mean_accepted_booking_delay
2,2,5,9,0.7,1,1.0,0.0,50,0.0,0.0,mean_accepted_booking_delay
2,2,5,9,0.7,2,1.0,0.0,50,0.0,0.0,mean_accepted_booking_delay
2,2,5,12,0.3,1,1.0,0.0,50,0.0,0.0,mean_accepted_booking_delay
2,2,5,12,0.3,2,1.0,0.0,50,0.0,0.0,mean_accepted_booking_delay
2,2,5,12,0.5,1,1.0,0.0,50,0.0,0.0,mean_accepted_booking_delay
2,2,5,12,0.5,2,1.0,0.0,50,0.0,0.0,mean_accepted_booking_delay
2,2,5,12,0.7,1,1.0,0.0,50,0.0,0.0,mean_accepted_booking_delay
2,2,5,12,0.7,2,1.0,0.0,50,0.0,0.0,mean_accepted_booking_delay
2,2,9,5,0.3,1,1.0,0.0,50,0.0,0.0,mean_accepted_booking_delay
2,2,9,5,0.3,2,1.0,0.0,50,0.0,0.0,mean_accepted_booking_delay
2,2,9,5,0.5,1,1.0,0.0,50,0.0,0.0,mean_accepted_booking_delay
2,2,9,5,0.5,2,1.0,0.0,50,0.0,0.0,mean_accepted_booking_delay
2,2,9,5,0.7,1,1.0,0.0,50,0.0,0.0,mean_accepted_booking_delay
2,2,9,5,0.7,2,1.0,0.0,50,0.0,0.0,mean_accepted_booking_delay
2,2,9,9,0.3,1,1.0,0.0,50,0.0,0.0,mean_accepted_booking_delay
2,2,9,9,0.3,2,1.0,0.0,50,0.0,0.0,mean_accepted_booking_delay
2,2,9,9,0.5,1,1.0,0.0,50,0.0,0.0,mean_accepted_booking_delay
2,2,9,9,0.5,2,1.0,0.0,50,0.0,0.0,mean_accepted_booking_delay
2,2,9,9,0.7,1,1.0,0.0,50,0.0,0.0,mean_accepted_booking_delay
2,2,9,9,0.7,2,1.0,0.0,50,0.0,0.0,mean_accepted_booking_delay
2,2,12,12,0.3,1,1.0,0.0,50,0.0,0.0,mean_accepted_booking_delay
2,2,12,12,0.3,2,1.0,0.0,50,0.0,0.0,mean_accepted_booking_delay
2,2,12,12,0.5,1,1.0,0.0,50,0.0,0.0,mean_accepted_booking_delay
2,2,12,12,0.5,2,1.0,0.0,50,0.0,0.0,mean_accepted_booking_delay
2,2,12,12,0.7,1,1.0,0.0,50,0.0,0.0,mean_accepted_booking_delay
2,2,12,12,0.7,2,1.0,0.0,50,0.0,0.0,mean_accepted_booking_delay
2,5,5,9,0.3,1,1.0,0.0,50,0.0,0.0,mean_accepted_booking_delay
2,5,5,9,0.3,2,3.6330215366959817,0.006559486179918314,50,0.0009276514317839363,0.0018181968062965152,mean_accepted_booking_delay
2,5,5,9,0.5,1,1.0,0.0,50,0.0,0.0,mean_accepted_booking_delay
2,5,5,9,0.5,2,3.6330215366959817,0.006559486179918314,50,0.0009276514317839363,0.0018181968062965152,mean_accepted_booking_delay
2,5,5,9,0.7,1,1.0,0.0,50,0.0,0.0,mean_accepted_booking_delay
2,5,5,9,0.7,2,3.6330215366959817,0.006559486179918314,50,0.0009276514317839363,0.0018181968062965152,mean_accepted_booking_delay
2,5,5,12,0.3,1,1.0,0.0,50,0.0,0.0,mean_accepted_booking_delay
2,5,5,12,0.3,2,3.6330215366959817,0.006559486179918314,50,0.0009276514317839363,0.0018181968062965152,mean_accepted_booking_delay
2,5,5,12,0.5,1,1.0,0.0,50,0.0,0.0,mean_accepted_booking_delay
2,5,5,12,0.5,2,3.6330215366959817,0.006559486179918314,50,0.0009276514317839363,0.0018181968062965152,mean_accepted_booking_delay
2,5,5,12,0.7,1,1.0,0.0,50,0.0,0.0,mean_accepted_booking_delay
2,5,5,12,0.7,2,3.6330215366959817,0.006559486179918314,50,0.0009276514317839363,0.0018181968062965152,mean_accepted_booking_delay
2,5,9,5,0.3,1,1.0,0.0,50,0.0,0.0,mean_accepted_booking_delay
2,5,9,5,0.3,2,3.6330215366959817,0.006559486179918314,50,0.0009276514317839363,0.0018181968062965152,mean_accepted_booking_delay
2,5,9,5,0.5,1,1.0,0.0,50,0.0,0.0,mean_accepted_booking_delay
2,5,9,5,0.5,2,3.6330215366959817,0.006559486179918314,50,0.0009276514317839363,0.0018181968062965152,mean_accepted_booking_delay
2,5,9,5,0.7,1,1.0,0.0,50,0.0,0.0,mean_accepted_booking_delay
2,5,9,5,0.7,2,3.6330215366959817,0.006559486179918314,50,0.0009276514317839363,0.0018181968062965152,mean_accepted_booking_delay
2,5,9,9,0.3,1,1.0,0.0,50,0.0,0.0,mean_accepted_booking_delay
2,5,9,9,0.3,2,3.6330215366959817,0.006559486179918314,50,0.0009276514317839363,0.0018181968062965152,mean_accepted_booking_delay
2,5,9,9,0.5,1,1.0,0.0,50,0.0,0.0,mean_accepted_booking_delay
2,5,9,9,0.5,2,3.6330215366959817,0.006559486179918314,50,0.0009276514317839363,0.0018181968062965152,mean_accepted_booking_delay
2,5,9,9,0.7,1,1.0,0.0,50,0.0,0.0,mean_accepted_booking_delay
2,5,9,9,0.7,2,3.6330215366959817,0.006559486179918314,50,0.0009276514317839363,0.0018181968062965152,mean_accepted_booking_delay
2,5,12,12,0.3,1,1.0,0.0,50,0.0,0.0,mean_accepted_booking_delay
2,5,12,12,0.3,2,3.6330215366959817,0.006559486179918314,50,0.0009276514317839363,0.0018181968062965152,mean_accepted_booking_delay
2,5,12,12,0.5,1,1.0,0.0,50,0.0,0.0,mean_accepted_booking_delay
2,5,12,12,0.5,2,3.6330215366959817,0.006559486179918314,50,0.0009276514317839363,0.0018181968062965152,mean_accepted_booking_delay
2,5,12,12,0.7,1,1.0,0.0,50,0.0,0.0,mean_accepted_booking_delay
2,5,12,12,0.7,2,3.6330215366959817,0.006559486179918314,50,0.0009276514317839363,0.0018181968062965152,mean_accepted_booking_delay
2,7,5,9,0.3,1,1.0,0.0,50,0.0,0.0,mean_accepted_booking_delay
2,7,5,9,0.3,2,5.06883397609401,0.018241253893044176,50,0.002579702865023409,0.005056217615445882,mean_accepted_booking_delay
2,7,5,9,0.5,1,1.0,0.0,50,0.0,0.0,mean_accepted_booking_delay
2,7,5,9,0.5,2,5.06883397609401,0.018241253893044176,50,0.002579702865023409,0.005056217615445882,mean_accepted_booking_delay
2,7,5,9,0.7,1,1.0,0.0,50,0.0,0.0,mean_accepted_booking_delay
2,7,5,9,0.7,2,5.06883397609401,0.018241253893044176,50,0.002579702865023409,0.005056217615445882,mean_accepted_booking_delay
2,7,5,12,0.3,1,1.0,0.0,50,0.0,0.0,mean_accepted_booking_delay
2,7,5,12,0.3,2,5.06883397609401,0.018241253893044176,50,0.002579702865023409,0.005056217615445882,mean_accepted_booking_delay
2,7,5,12,0.5,1,1.0,0.0,50,0.0,0.0,mean_accepted_booking_delay
2,7,5,12,0.5,2,5.06883397609401,0.018241253893044176,50,0.002579702865023409,0.005056217615445882,mean_accepted_booking_delay
2,7,5,12,0.7,1,1.0,0.0,50,0.0,0.0,mean_accepted_booking_delay
2,7,5,12,0.7,2,5.06883397609401,0.018241253893044176,50,0.002579702865023409,0.005056217615445882,mean_accepted_booking_delay
2,7,9,5,0.3,1,1.0,0.0,50,0.0,0.0,mean_accepted_booking_delay
2,7,9,5,0.3,2,4.712070746319039,0.02170052297446178,50,0.0030689173901072785,0.006015078084610266,mean_accepted_booking_delay
2,7,9,5,0.5,1,1.0,0.0,50,0.0,0.0,mean_accepted_booking_delay
2,7,9,5,0.5,2,4.547836687488852,0.017067338551726076,50,0.0024136861653464192,0.004730824884078982,mean_accepted_booking_delay
2,7,9,5,0.7,1,1.0,0.0,50,0.0,0.0,mean_accepted_booking_delay
2,7,9,5,0.7,2,4.464186602482821,0.01336434463101254,50,0.001890003742940599,0.003704407336163574,mean_accepted_booking_delay
2,7,9,9,0.3,1,1.0,0.0,50,0.0,0.0,mean_accepted_booking_delay
2,7,9,9,0.3,2,5.06883397609401,0.018241253893044176,50,0.002579702865023409,0.005056217615445882,mean_accepted_booking_delay
2,7,9,9,0.5,1,1.0,0.0,50,0.0,0.0,mean_accepted_booking_delay
2,7,9,9,0.5,2,5.06883397609401,0.018241253893044176,50,0.002579702865023409,0.005056217615445882,mean_accepted_booking_delay
2,7,9,9,0.7,1,1.0,0.0,50,0.0,0.0,mean_accepted_booking_delay
2,7,9,9,0.7,2,5.06883397609401,0.018241253893044176,50,0.002579702865023409,0.005056217615445882,mean_accepted_booking_delay
2,7,12,12,0.3,1,1.0,0.0,50,0.0,0.0,mean_accepted_booking_delay
2,7,12,12,0.3,2,5.06883397609401,0.018241253893044176,50,0.002579702865023409,0.005056217615445882,mean_accepted_booking_delay
2,7,12,12,0.5,1,1.0,0.0,50,0.0,0.0,mean_accepted_booking_delay
2,7,12,12,0.5,2,5.06883397609401,0.018241253893044176,50,0.002579702865023409,0.005056217615445882,mean_accepted_booking_delay
2,7,12,12,0.7,1,1.0,0.0,50,0.0,0.0,mean_accepted_booking_delay
2,7,12,12,0.7,2,5.06883397609401,0.018241253893044176,50,0.002579702865023409,0.005056217615445882,mean_accepted_booking_delay
2,10,5,9,0.3,1,1.0,0.0,50,0.0,0.0,mean_accepted_booking_delay
2,10,5,9,0.3,2,5.91733567091128,0.10119218521635494,50,0.014310736073913935,0.02804904270487131,mean_accepted_booking_delay
2,10,5,9,0.5,1,1.0,0.0,50,0.0,0.0,mean_accepted_booking_delay
2,10,5,9,0.5,2,5.91733567091128,0.10119218521635494,50,0.014310736073913935,0.02804904270487131,mean_accepted_booking_delay
2,10,5,9,0.7,1,1.0,0.0,50,0.0,0.0,mean_accepted_booking_delay
2,10,5,9,0.7,2,5.91733567091128,0.10119218521635494,50,0.014310736073913935,0.02804904270487131,mean_accepted_booking_delay
2,10,5,12,0.3,1,1.0,0.0,50,0.0,0.0,mean_accepted_booking_delay
2,10,5,12,0.3,2,5.91733567091128,0.10119218521635494,50,0.014310736073913935,0.02804904270487131,mean_accepted_booking_delay
2,10,5,12,0.5,1,1.0,0.0,50,0.0,0.0,mean_accepted_booking_delay
2,10,5,12,0.5,2,5.91733567091128,0.10119218521635494,50,0.014310736073913935,0.02804904270487131,mean_accepted_booking_delay
2,10,5,12,0.7,1,1.0,0.0,50,0.0,0.0,mean_accepted_booking_delay
2,10,5,12,0.7,2,5.91733567091128,0.10119218521635494,50,0.014310736073913935,0.02804904270487131,mean_accepted_booking_delay
2,10,9,5,0.3,1,1.0,0.0,50,0.0,0.0,mean_accepted_booking_delay
2,10,9,5,0.3,2,4.714922422558791,0.024711067928994437,50,0.003494672740590676,0.006849558571557724,mean_accepted_booking_delay
2,10,9,5,0.5,1,1.0,0.0,50,0.0,0.0,mean_accepted_booking_delay
2,10,9,5,0.5,2,4.547836687488852,0.017067338551726076,50,0.0024136861653464192,0.004730824884078982,mean_accepted_booking_delay
2,10,9,5,0.7,1,1.0,0.0,50,0.0,0.0,mean_accepted_booking_delay
2,10,9,5,0.7,2,4.464186602482821,0.01336434463101254,50,0.001890003742940599,0.003704407336163574,mean_accepted_booking_delay
2,10,9,9,0.3,1,1.0,0.0,50,0.0,0.0,mean_accepted_booking_delay
2,10,9,9,0.3,2,5.91733567091128,0.10119218521635494,50,0.014310736073913935,0.02804904270487131,mean_accepted_booking_delay
2,10,9,9,0.5,1,1.0,0.0,50,0.0,0.0,mean_accepted_booking_delay
2,10,9,9,0.5,2,5.91733567091128,0.10119218521635494,50,0.014310736073913935,0.02804904270487131,mean_accepted_booking_delay
2,10,9,9,0.7,1,1.0,0.0,50,0.0,0.0,mean_accepted_booking_delay
2,10,9,9,0.7,2,5.91733567091128,0.10119218521635494,50,0.014310736073913935,0.02804904270487131,mean_accepted_booking_delay
2,10,12,12,0.3,1,1.0,0.0,50,0.0,0.0,mean_accepted_booking_delay
2,10,12,12,0.3,2,5.91733567091128,0.10119218521635494,50,0.014310736073913935,0.02804904270487131,mean_accepted_booking_delay
2,10,12,12,0.5,1,1.0,0.0,50,0.0,0.0,mean_accepted_booking_delay
2,10,12,12,0.5,2,5.91733567091128,0.10119218521635494,50,0.014310736073913935,0.02804904270487131,mean_accepted_booking_delay
2,10,12,12,0.7,1,1.0,0.0,50,0.0,0.0,mean_accepted_booking_delay
2,10,12,12,0.7,2,5.91733567091128,0.10119218521635494,50,0.014310736073913935,0.02804904270487131,mean_accepted_booking_delay
2,14,5,9,0.3,1,1.0,0.0,50,0.0,0.0,mean_accepted_booking_delay
2,14,5,9,0.3,2,5.913707655876989,0.09929361131316944,50,0.01404223717760868,0.027522784868113014,mean_accepted_booking_delay
2,14,5,9,0.5,1,1.0,0.0,50,0.0,0.0,mean_accepted_booking_delay
2,14,5,9,0.5,2,5.915080987144258,0.09773114216379884,50,0.013821270671425735,0.027089690515994438,mean_accepted_booking_delay
2,14,5,9,0.7,1,1.0,0.0,50,0.0,0.0,mean_accepted_booking_delay
2,14,5,9,0.7,2,5.918075489617053,0.1006030910812106,50,0.014227425582370378,0.02788575414144594,mean_accepted_booking_delay
2,14,5,12,0.3,1,1.0,0.0,50,0.0,0.0,mean_accepted_booking_delay
2,14,5,12,0.3,2,5.91862732212523,0.09884704399897618,50,0.013979083022384216,0.02739900272387306,mean_accepted_booking_delay
2,14,5,12,0.5,1,1.0,0.0,50,0.0,0.0,mean_accepted_booking_delay
2,14,5,12,0.5,2,5.91862732212523,0.09884704399897618,50,0.013979083022384216,0.02739900272387306,mean_accepted_booking_delay
2,14,5,12,0.7,1,1.0,0.0,50,0.0,0.0,mean_accepted_booking_delay
2,14,5,12,0.7,2,5.91862732212523,0.09884704399897618,50,0.013979083022384216,0.02739900272387306,mean_accepted_booking_delay
2,14,9,5,0.3,1,1.0,0.0,50,0.0,0.0,mean_accepted_booking_delay
2,14,9,5,0.3,2,4.714922422558791,0.024711067928994437,50,0.003494672740590676,0.006849558571557724,mean_accepted_booking_delay
2,14,9,5,0.5,1,1.0,0.0,50,0.0,0.0,mean_accepted_booking_delay
2,14,9,5,0.5,2,4.547836687488852,0.017067338551726076,50,0.0024136861653464192,0.004730824884078982,mean_accepted_booking_delay
2,14,9,5,0.7,1,1.0,0.0,50,0.0,0.0,mean_accepted_booking_delay
2,14,9,5,0.7,2,4.464186602482821,0.01336434463101254,50,0.001890003742940599,0.003704407336163574,mean_accepted_booking_delay
2,14,9,9,0.3,1,1.0,0.0,50,0.0,0.0,mean_accepted_booking_delay
2,14,9,9,0.3,2,5.913707655876989,0.09929361131316944,50,0.01404223717760868,0.027522784868113014,mean_accepted_booking_delay
2,14,9,9,0.5,1,1.0,0.0,50,0.0,0.0,mean_accepted_booking_delay
2,14,9,9,0.5,2,5.915080987144258,0.09773114216379884,50,0.013821270671425735,0.027089690515994438,mean_accepted_booking_delay
2,14,9,9,0.7,1,1.0,0.0,50,0.0,0.0,mean_accepted_booking_delay
2,14,9,9,0.7,2,5.918075489617053,0.1006030910812106,50,0.014227425582370378,0.02788575414144594,mean_accepted_booking_delay
2,14,12,12,0.3,1,1.0,0.0,50,0.0,0.0,mean_accepted_booking_delay
2,14,12,12,0.3,2,5.91862732212523,0.09884704399897618,50,0.013979083022384216,0.02739900272387306,mean_accepted_booking_delay
2,14,12,12,0.5,1,1.0,0.0,50,0.0,0.0,mean_accepted_booking_delay
2,14,12,12,0.5,2,5.91862732212523,0.09884704399897618,50,0.013979083022384216,0.02739900272387306,mean_accepted_booking_delay
2,14,12,12,0.7,1,1.0,0.0,50,0.0,0.0,mean_accepted_booking_delay
2,14,12,12,0.7,2,5.91862732212523,0.09884704399897618,50,0.013979083022384216,0.02739900272387306,mean_accepted_booking_delay
5,2,5,9,0.3,1,3.6324723488050252,0.0073751579932678606,50,0.0010430048458723747,0.0020442894979098543,mean_accepted_booking_delay
5,2,5,9,0.3,2,1.0,0.0,50,0.0,0.0,mean_accepted_booking_delay
5,2,5,9,0.5,1,3.6324723488050252,0.0073751579932678606,50,0.0010430048458723747,0.0020442894979098543,mean_accepted_booking_delay
5,2,5,9,0.5,2,1.0,0.0,50,0.0,0.0,mean_accepted_booking_delay
5,2,5,9,0.7,1,3.6324723488050252,0.0073751579932678606,50,0.0010430048458723747,0.0020442894979098543,mean_accepted_booking_delay
5,2,5,9,0.7,2,1.0,0.0,50,0.0,0.0,mean_accepted_booking_delay
5,2,5,12,0.3,1,3.6324723488050252,0.0073751579932678606,50,0.0010430048458723747,0.0020442894979098543,mean_accepted_booking_delay
5,2,5,12,0.3,2,1.0,0.0,50,0.0,0.0,mean_accepted_booking_delay
5,2,5,12,0.5,1,3.6324723488050252,0.0073751579932678606,50,0.0010430048458723747,0.0020442894979098543,mean_accepted_booking_delay
5,2,5,12,0.5,2,1.0,0.0,50,0.0,0.0,mean_accepted_booking_delay
5,2,5,12,0.7,1,3.6324723488050252,0.0073751579932678606,50,0.0010430048458723747,0.0020442894979098543,mean_accepted_booking_delay
5,2,5,12,0.7,2,1.0,0.0,50,0.0,0.0,mean_accepted_booking_delay
5,2,9,5,0.3,1,3.6324723488050252,0.0073751579932678606,50,0.0010430048458723747,0.0020442894979098543,mean_accepted_booking_delay
5,2,9,5,0.3,2,1.0,0.0,50,0.0,0.0,mean_accepted_booking_delay
5,2,9,5,0.5,1,3.6324723488050252,0.0073751579932678606,50,0.0010430048458723747,0.0020442894979098543,mean_accepted_booking_delay
5,2,9,5,0.5,2,1.0,0.0,50,0.0,0.0,mean_accepted_booking_delay
5,2,9,5,0.7,1,3.6324723488050252,0.0073751579932678606,50,0.0010430048458723747,0.0020442894979098543,mean_accepted_booking_delay
5,2,9,5,0.7,2,1.0,0.0,50,0.0,0.0,mean_accepted_booking_delay
5,2,9,9,0.3,1,3.6324723488050252,0.0073751579932678606,50,0.0010430048458723747,0.0020442894979098543,mean_accepted_booking_delay
5,2,9,9,0.3,2,1.0,0.0,50,0.0,0.0,mean_accepted_booking_delay
5,2,9,9,0.5,1,3.6324723488050252,0.0073751579932678606,50,0.0010430048458723747,0.0020442894979098543,mean_accepted_booking_delay
5,2,9,9,0.5,2,1.0,0.0,50,0.0,0.0,mean_accepted_booking_delay
5,2,9,9,0.7,1,3.6324723488050252,0.0073751579932678606,50,0.0010430048458723747,0.0020442894979098543,mean_accepted_booking_delay
5,2,9,9,0.7,2,1.0,0.0,50,0.0,0.0,mean_accepted_booking_delay
5,2,12,12,0.3,1,3.6324723488050252,0.0073751579932678606,50,0.0010430048458723747,0.0020442894979098543,mean_accepted_booking_delay
5,2,12,12,0.3,2,1.0,0.0,50,0.0,0.0,mean_accepted_booking_delay
5,2,12,12,0.5,1,3.6324723488050252,0.0073751579932678606,50,0.0010430048458723747,0.0020442894979098543,mean_accepted_booking_delay
5,2,12,12,0.5,2,1.0,0.0,50,0.0,0.0,mean_accepted_booking_delay
5,2,12,12,0.7,1,3.6324723488050252,0.0073751579932678606,50,0.0010430048458723747,0.0020442894979098543,mean_accepted_booking_delay
5,2,12,12,0.7,2,1.0,0.0,50,0.0,0.0,mean_accepted_booking_delay
5,5,5,9,0.3,1,3.540730768053063,0.011477058125417182,50,0.0016231011257109309,0.0031812782063934245,mean_accepted_booking_delay
5,5,5,9,0.3,2,3.5373183793437732,0.00984087406922313,50,0.001391709757430106,0.0027277511245630075,mean_accepted_booking_delay
5,5,5,9,0.5,1,3.540730768053063,0.011477058125417182,50,0.0016231011257109309,0.0031812782063934245,mean_accepted_booking_delay
5,5,5,9,0.5,2,3.5373183793437732,0.00984087406922313,50,0.001391709757430106,0.0027277511245630075,mean_accepted_booking_delay
5,5,5,9,0.7,1,3.540730768053063,0.011477058125417182,50,0.0016231011257109309,0.0031812782063934245,mean_accepted_booking_delay
5,5,5,9,0.7,2,3.5373183793437732,0.00984087406922313,50,0.001391709757430106,0.0027277511245630075,mean_accepted_booking_delay
5,5,5,12,0.3,1,3.540730768053063,0.011477058125417182,50,0.0016231011257109309,0.0031812782063934245,mean_accepted_booking_delay
5,5,5,12,0.3,2,3.5373183793437732,0.00984087406922313,50,0.001391709757430106,0.0027277511245630075,mean_accepted_booking_delay
5,5,5,12,0.5,1,3.540730768053063,0.011477058125417182,50,0.0016231011257109309,0.0031812782063934245,mean_accepted_booking_delay
5,5,5,12,0.5,2,3.5373183793437732,0.00984087406922313,50,0.001391709757430106,0.0027277511245630075,mean_accepted_booking_delay
5,5,5,12,0.7,1,3.540730768053063,0.011477058125417182,50,0.0016231011257109309,0.0031812782063934245,mean_accepted_booking_delay
5,5,5,12,0.7,2,3.5373183793437732,0.00984087406922313,50,0.001391709757430106,0.0027277511245630075,mean_accepted_booking_delay
5,5,9,5,0.3,1,3.540730768053063,0.011477058125417182,50,0.0016231011257109309,0.0031812782063934245,mean_accepted_booking_delay
5,5,9,5,0.3,2,3.5373183793437732,0.00984087406922313,50,0.001391709757430106,0.0027277511245630075,mean_accepted_booking_delay
5,5,9,5,0.5,1,3.540730768053063,0.011477058125417182,50,0.0016231011257109309,0.0031812782063934245,mean_accepted_booking_delay
5,5,9,5,0.5,2,3.5373183793437732,0.00984087406922313,50,0.001391709757430106,0.0027277511245630075,mean_accepted_booking_delay
5,5,9,5,0.7,1,3.540730768053063,0.011477058125417182,50,0.0016231011257109309,0.0031812782063934245,mean_accepted_booking_delay
5,5,9,5,0.7,2,3.5373183793437732,0.00984087406922313,50,0.001391709757430106,0.0027277511245630075,mean_accepted_booking_delay
5,5,9,9,0.3,1,3.540730768053063,0.011477058125417182,50,0.0016231011257109309,0.0031812782063934245,mean_accepted_booking_delay
5,5,9,9,0.3,2,3.5373183793437732,0.00984087406922313,50,0.001391709757430106,0.0027277511245630075,mean_accepted_booking_delay
5,5,9,9,0.5,1,3.540730768053063,0.011477058125417182,50,0.0016231011257109309,0.0031812782063934245,mean_accepted_booking_delay
5,5,9,9,0.5,2,3.5373183793437732,0.00984087406922313,50,0.001391709757430106,0.0027277511245630075,mean_accepted_booking_delay
5,5,9,9,0.7,1,3.540730768053063,0.011477058125417182,50,0.0016231011257109309,0.0031812782063934245,mean_accepted_booking_delay
5,5,9,9,0.7,2,3.5373183793437732,0.00984087406922313,50,0.001391709757430106,0.0027277511245630075,mean_accepted_booking_delay
5,5,12,12,0.3,1,3.540730768053063,0.011477058125417182,50,0.0016231011257109309,0.0031812782063934245,mean_accepted_booking_delay
5,5,12,12,0.3,2,3.5373183793437732,0.00984087406922313,50,0.001391709757430106,0.0027277511245630075,mean_accepted_booking_delay
5,5,12,12,0.5,1,3.540730768053063,0.011477058125417182,50,0.0016231011257109309,0.0031812782063934245,mean_accepted_booking_delay
5,5,12,12,0.5,2,3.5373183793437732,0.00984087406922313,50,0.001391709757430106,0.0027277511245630075,mean_accepted_booking_delay
5,5,12,12,0.7,1,3.540730768053063,0.011477058125417182,50,0.0016231011257109309,0.0031812782063934245,mean_accepted_booking_delay
5,5,12,12,0.7,2,3.5373183793437732,0.00984087406922313,50,0.001391709757430106,0.0027277511245630075,mean_accepted_booking_delay
5,7,5,9,0.3,1,2.495674653210148,0.02231305472163932,50,0.003155542460531535,0.006184863222641808,mean_accepted_booking_delay
5,7,5,9,0.3,2,5.371728854294157,0.010558894767293384,50,0.0014932532183576609,0.002926776307981015,mean_accepted_booking_delay
5,7,5,9,0.5,1,2.495674653210148,0.02231305472163932,50,0.003155542460531535,0.006184863222641808,mean_accepted_booking_delay
5,7,5,9,0.5,2,5.371728854294157,0.010558894767293384,50,0.0014932532183576609,0.002926776307981015,mean_accepted_booking_delay
5,7,5,9,0.7,1,2.495674653210148,0.02231305472163932,50,0.003155542460531535,0.006184863222641808,mean_accepted_booking_delay
5,7,5,9,0.7,2,5.371728854294157,0.010558894767293384,50,0.0014932532183576609,0.002926776307981015,mean_accepted_booking_delay
5,7,5,12,0.3,1,2.495674653210148,0.02231305472163932,50,0.003155542460531535,0.006184863222641808,mean_accepted_booking_delay
5,7,5,12,0.3,2,5.371728854294157,0.010558894767293384,50,0.0014932532183576609,0.002926776307981015,mean_accepted_booking_delay
5,7,5,12,0.5,1,2.495674653210148,0.02231305472163932,50,0.003155542460531535,0.006184863222641808,mean_accepted_booking_delay
5,7,5,12,0.5,2,5.371728854294157,0.010558894767293384,50,0.0014932532183576609,0.002926776307981015,mean_accepted_booking_delay
5,7,5,12,0.7,1,2.495674653210148,0.02231305472163932,50,0.003155542460531535,0.006184863222641808,mean_accepted_booking_delay
5,7,5,12,0.7,2,5.371728854294157,0.010558894767293384,50,0.0014932532183576609,0.002926776307981015,mean_accepted_booking_delay
5,7,9,5,0.3,1,2.5012317315854413,0.02549232338033202,50,0.0036051589460866285,0.007066111534329792,mean_accepted_booking_delay
5,7,9,5,0.3,2,5.1303415155582215,0.02041944086400571,50,0.0028877450205952266,0.005659980240366644,mean_accepted_booking_delay
5,7,9,5,0.5,1,2.504913274512292,0.023335879148547345,50,0.003300191678177517,0.006468375689227933,mean_accepted_booking_delay
5,7,9,5,0.5,2,4.862462954778775,0.014219196696380606,50,0.002010898081407216,0.003941360239558144,mean_accepted_booking_delay
5,7,9,5,0.7,1,2.504090039851701,0.021116168415248687,50,0.002986277175819908,0.00585310326460702,mean_accepted_booking_delay
5,7,9,5,0.7,2,4.710158275120328,0.00873261640091969,50,0.001234978454918235,0.0024205577716397406,mean_accepted_booking_delay
5,7,9,9,0.3,1,2.495674653210148,0.02231305472163932,50,0.003155542460531535,0.006184863222641808,mean_accepted_booking_delay
5,7,9,9,0.3,2,5.371728854294157,0.010558894767293384,50,0.0014932532183576609,0.002926776307981015,mean_accepted_booking_delay
5,7,9,9,0.5,1,2.495674653210148,0.02231305472163932,50,0.003155542460531535,0.006184863222641808,mean_accepted_booking_delay
5,7,9,9,0.5,2,5.371728854294157,0.010558894767293384,50,0.0014932532183576609,0.002926776307981015,mean_accepted_booking_delay
5,7,9,9,0.7,1,2.495674653210148,0.02231305472163932,50,0.003155542460531535,0.006184863222641808,mean_accepted_booking_delay
5,7,9,9,0.7,2,5.371728854294157,0.010558894767293384,50,0.0014932532183576609,0.002926776307981015,mean_accepted_booking_delay
5,7,12,12,0.3,1,2.495674653210148,0.02231305472163932,50,0.003155542460531535,0.006184863222641808,mean_accepted_booking_delay
5,7,12,12,0.3,2,5.371728854294157,0.010558894767293384,50,0.0014932532183576609,0.002926776307981015,mean_accepted_booking_delay
5,7,12,12,0.5,1,2.495674653210148,0.02231305472163932,50,0.003155542460531535,0.006184863222641808,mean_accepted_booking_delay
5,7,12,12,0.5,2,5.371728854294157,0.010558894767293384,50,0.0014932532183576609,0.002926776307981015,mean_accepted_booking_delay
5,7,12,12,0.7,1,2.495674653210148,0.02231305472163932,50,0.003155542460531535,0.006184863222641808,mean_accepted_booking_delay
5,7,12,12,0.7,2,5.371728854294157,0.010558894767293384,50,0.0014932532183576609,0.002926776307981015,mean_accepted_booking_delay
5,10,5,9,0.3,1,2.5010292882482954,0.024025802794693418,50,0.003397761615915684,0.0066596127671947405,mean_accepted_booking_delay
5,10,5,9,0.3,2,7.19316866271533,0.057795812172677874,50,0.008173562142296906,0.016020181798901936,mean_accepted_booking_delay
5,10,5,9,0.5,1,2.5010292882482954,0.024025802794693418,50,0.003397761615915684,0.0066596127671947405,mean_accepted_booking_delay
5,10,5,9,0.5,2,7.19316866271533,0.057795812172677874,50,0.008173562142296906,0.016020181798901936,mean_accepted_booking_delay
5,10,5,9,0.7,1,2.5010292882482954,0.024025802794693418,50,0.003397761615915684,0.0066596127671947405,mean_accepted_booking_delay
5,10,5,9,0.7,2,7.19316866271533,0.057795812172677874,50,0.008173562142296906,0.016020181798901936,mean_accepted_booking_delay
5,10,5,12,0.3,1,2.5010292882482954,0.024025802794693418,50,0.003397761615915684,0.0066596127671947405,mean_accepted_booking_delay
5,10,5,12,0.3,2,7.19316866271533,0.057795812172677874,50,0.008173562142296906,0.016020181798901936,mean_accepted_booking_delay
5,10,5,12,0.5,1,2.5010292882482954,0.024025802794693418,50,0.003397761615915684,0.0066596127671947405,mean_accepted_booking_delay
5,10,5,12,0.5,2,7.19316866271533,0.057795812172677874,50,0.008173562142296906,0.016020181798901936,mean_accepted_booking_delay
5,10,5,12,0.7,1,2.5010292882482954,0.024025802794693418,50,0.003397761615915684,0.0066596127671947405,mean_accepted_booking_delay
5,10,5,12,0.7,2,7.19316866271533,0.057795812172677874,50,0.008173562142296906,0.016020181798901936,mean_accepted_booking_delay
5,10,9,5,0.3,1,2.5012755583170696,0.024727389812031667,50,0.003496981003426148,0.0068540827667152495,mean_accepted_booking_delay
5,10,9,5,0.3,2,5.159203672716475,0.030337226958764375,50,0.004290331780987526,0.008409050290735551,mean_accepted_booking_delay
5,10,9,5,0.5,1,2.505518325140534,0.0234203255117505,50,0.003312134197391015,0.006491783026886389,mean_accepted_booking_delay
5,10,9,5,0.5,2,4.862726662776128,0.014620346569266116,50,0.0020676292404851093,0.0040525533113508145,mean_accepted_booking_delay
5,10,9,5,0.7,1,2.504090039851701,0.021116168415248687,50,0.002986277175819908,0.00585310326460702,mean_accepted_booking_delay
5,10,9,5,0.7,2,4.710158275120328,0.00873261640091969,50,0.001234978454918235,0.0024205577716397406,mean_accepted_booking_delay
5,10,9,9,0.3,1,2.5010292882482954,0.024025802794693418,50,0.003397761615915684,0.0066596127671947405,mean_accepted_booking_delay
5,10,9,9,0.3,2,7.19316866271533,0.057795812172677874,50,0.008173562142296906,0.016020181798901936,mean_accepted_booking_delay
5,10,9,9,0.5,1,2.5010292882482954,0.024025802794693418,50,0.003397761615915684,0.0066596127671947405,mean_accepted_booking_delay
5,10,9,9,0.5,2,7.19316866271533,0.057795812172677874,50,0.008173562142296906,0.016020181798901936,mean_accepted_booking_delay
5,10,9,9,0.7,1,2.5010292882482954,0.024025802794693418,50,0.003397761615915684,0.0066596127671947405,mean_accepted_booking_delay
5,10,9,9,0.7,2,7.19316866271533,0.057795812172677874,50,0.008173562142296906,0.016020181798901936,mean_accepted_booking_delay
5,10,12,12,0.3,1,2.5010292882482954,0.024025802794693418,50,0.003397761615915684,0.0066596127671947405,mean_accepted_booking_delay
5,10,12,12,0.3,2,7.19316866271533,0.057795812172677874,50,0.008173562142296906,0.016020181798901936,mean_accepted_booking_delay
5,10,12,12,0.5,1,2.5010292882482954,0.024025802794693418,50,0.003397761615915684,0.0066596127671947405,mean_accepted_booking_delay
5,10,12,12,0.5,2,7.19316866271533,0.057795812172677874,50,0.008173562142296906,0.016020181798901936,mean_accepted_booking_delay
5,10,12,12,0.7,1,2.5010292882482954,0.024025802794693418,50,0.003397761615915684,0.0066596127671947405,mean_accepted_booking_delay
5,10,12,12,0.7,2,7.19316866271533,0.057795812172677874,50,0.008173562142296906,0.016020181798901936,mean_accepted_booking_delay
5,14,5,9,0.3,1,2.4986551944954285,0.023752544659816358,50,0.0033591170798784927,0.0065838694765618455,mean_accepted_booking_delay
5,14,5,9,0.3,2,7.25202413442699,0.0659557870541789,50,0.00932755685690116,0.018282011439526274,mean_accepted_booking_delay
5,14,5,9,0.5,1,2.497691880097063,0.021486895483594684,50,0.0030387059006192806,0.0059558635652137894,mean_accepted_booking_delay
5,14,5,9,0.5,2,7.2231146660924255,0.07524701427189076,50,0.010641534811138975,0.02085740822983239,mean_accepted_booking_delay
5,14,5,9,0.7,1,2.5035786334840475,0.020359188070603933,50,0.002879223988835261,0.005643279018117111,mean_accepted_booking_delay
5,14,5,9,0.7,2,7.213472325003132,0.0617490467192356,50,0.008732633933395285,0.017115962509454758,mean_accepted_booking_delay
5,14,5,12,0.3,1,2.5000007581145898,0.023508130512672462,50,0.0033245516997058174,0.006516121331423402,mean_accepted_booking_delay
5,14,5,12,0.3,2,7.313270313302987,0.10161200427188233,50,0.014370107454120885,0.028165410610076935,mean_accepted_booking_delay
5,14,5,12,0.5,1,2.5000007581145898,0.023508130512672462,50,0.0033245516997058174,0.006516121331423402,mean_accepted_booking_delay
5,14,5,12,0.5,2,7.313270313302987,0.10161200427188233,50,0.014370107454120885,0.028165410610076935,mean_accepted_booking_delay
5,14,5,12,0.7,1,2.5000007581145898,0.023508130512672462,50,0.0033245516997058174,0.006516121331423402,mean_accepted_booking_delay
5,14,5,12,0.7,2,7.313270313302987,0.10161200427188233,50,0.014370107454120885,0.028165410610076935,mean_accepted_booking_delay
5,14,9,5,0.3,1,2.5012755583170696,0.024727389812031667,50,0.003496981003426148,0.0068540827667152495,mean_accepted_booking_delay
5,14,9,5,0.3,2,5.159203672716475,0.030337226958764375,50,0.004290331780987526,0.008409050290735551,mean_accepted_booking_delay
5,14,9,5,0.5,1,2.505518325140534,0.0234203255117505,50,0.003312134197391015,0.006491783026886389,mean_accepted_booking_delay
5,14,9,5,0.5,2,4.862726662776128,0.014620346569266116,50,0.0020676292404851093,0.0040525533113508145,mean_accepted_booking_delay
5,14,9,5,0.7,1,2.504090039851701,0.021116168415248687,50,0.002986277175819908,0.00585310326460702,mean_accepted_booking_delay
5,14,9,5,0.7,2,4.710158275120328,0.00873261640091969,50,0.001234978454918235,0.0024205577716397406,mean_accepted_booking_delay
5,14,9,9,0.3,1,2.4986551944954285,0.023752544659816358,50,0.0033591170798784927,0.0065838694765618455,mean_accepted_booking_delay
5,14,9,9,0.3,2,7.25202413442699,0.0659557870541789,50,0.00932755685690116,0.018282011439526274,mean_accepted_booking_delay
5,14,9,9,0.5,1,2.497691880097063,0.021486895483594684,50,0.0030387059006192806,0.0059558635652137894,mean_accepted_booking_delay
5,14,9,9,0.5,2,7.2231146660924255,0.07524701427189076,50,0.010641534811138975,0.02085740822983239,mean_accepted_booking_delay
5,14,9,9,0.7,1,2.5035786334840475,0.020359188070603933,50,0.002879223988835261,0.005643279018117111,mean_accepted_booking_delay
5,14,9,9,0.7,2,7.213472325003132,0.0617490467192356,50,0.008732633933395285,0.017115962509454758,mean_accepted_booking_delay
5,14,12,12,0.3,1,2.5000007581145898,0.023508130512672462,50,0.0033245516997058174,0.006516121331423402,mean_accepted_booking_delay
5,14,12,12,0.3,2,7.313270313302987,0.10161200427188233,50,0.014370107454120885,0.028165410610076935,mean_accepted_booking_delay
5,14,12,12,0.5,1,2.5000007581145898,0.023508130512672462,50,0.0033245516997058174,0.006516121331423402,mean_accepted_booking_delay
5,14,12,12,0.5,2,7.313270313302987,0.10161200427188233,50,0.014370107454120885,0.028165410610076935,mean_accepted_booking_delay
5,14,12,12,0.7,1,2.5000007581145898,0.023508130512672462,50,0.0033245516997058174,0.006516121331423402,mean_accepted_booking_delay
5,14,12,12,0.7,2,7.313270313302987,0.10161200427188233,50,0.014370107454120885,0.028165410610076935,mean_accepted_booking_delay
7,2,5,9,0.3,1,4.707061403539064,0.023882180325978032,50,0.0033774503316038036,0.006619802649943455,mean_accepted_booking_delay
7,2,5,9,0.3,2,1.0,0.0,50,0.0,0.0,mean_accepted_booking_delay
7,2,5,9,0.5,1,4.55241033356904,0.016830051428782983,50,0.002380128698602158,0.004665052249260229,mean_accepted_booking_delay
7,2,5,9,0.5,2,1.0,0.0,50,0.0,0.0,mean_accepted_booking_delay
7,2,5,9,0.7,1,4.463016173852309,0.013770612178335806,50,0.0019474586504782607,0.003817018954937391,mean_accepted_booking_delay
7,2,5,9,0.7,2,1.0,0.0,50,0.0,0.0,mean_accepted_booking_delay
7,2,5,12,0.3,1,4.707061403539064,0.023882180325978032,50,0.0033774503316038036,0.006619802649943455,mean_accepted_booking_delay
7,2,5,12,0.3,2,1.0,0.0,50,0.0,0.0,mean_accepted_booking_delay
7,2,5,12,0.5,1,4.55241033356904,0.016830051428782983,50,0.002380128698602158,0.004665052249260229,mean_accepted_booking_delay
7,2,5,12,0.5,2,1.0,0.0,50,0.0,0.0,mean_accepted_booking_delay
7,2,5,12,0.7,1,4.463016173852309,0.013770612178335806,50,0.0019474586504782607,0.003817018954937391,mean_accepted_booking_delay
7,2,5,12,0.7,2,1.0,0.0,50,0.0,0.0,mean_accepted_booking_delay
7,2,9,5,0.3,1,5.06424708483821,0.02141923706919442,50,0.0030291375558939293,0.005937109609552101,mean_accepted_booking_delay
7,2,9,5,0.3,2,1.0,0.0,50,0.0,0.0,mean_accepted_booking_delay
7,2,9,5,0.5,1,5.06424708483821,0.02141923706919442,50,0.0030291375558939293,0.005937109609552101,mean_accepted_booking_delay
7,2,9,5,0.5,2,1.0,0.0,50,0.0,0.0,mean_accepted_booking_delay
7,2,9,5,0.7,1,5.06424708483821,0.02141923706919442,50,0.0030291375558939293,0.005937109609552101,mean_accepted_booking_delay
7,2,9,5,0.7,2,1.0,0.0,50,0.0,0.0,mean_accepted_booking_delay
7,2,9,9,0.3,1,5.06424708483821,0.02141923706919442,50,0.0030291375558939293,0.005937109609552101,mean_accepted_booking_delay
7,2,9,9,0.3,2,1.0,0.0,50,0.0,0.0,mean_accepted_booking_delay
7,2,9,9,0.5,1,5.06424708483821,0.02141923706919442,50,0.0030291375558939293,0.005937109609552101,mean_accepted_booking_delay
7,2,9,9,0.5,2,1.0,0.0,50,0.0,0.0,mean_accepted_booking_delay
7,2,9,9,0.7,1,5.06424708483821,0.02141923706919442,50,0.0030291375558939293,0.005937109609552101,mean_accepted_booking_delay
7,2,9,9,0.7,2,1.0,0.0,50,0.0,0.0,mean_accepted_booking_delay
7,2,12,12,0.3,1,5.06424708483821,0.02141923706919442,50,0.0030291375558939293,0.005937109609552101,mean_accepted_booking_delay
7,2,12,12,0.3,2,1.0,0.0,50,0.0,0.0,mean_accepted_booking_delay
7,2,12,12,0.5,1,5.06424708483821,0.02141923706919442,50,0.0030291375558939293,0.005937109609552101,mean_accepted_booking_delay
7,2,12,12,0.5,2,1.0,0.0,50,0.0,0.0,mean_accepted_booking_delay
7,2,12,12,0.7,1,5.06424708483821,0.02141923706919442,50,0.0030291375558939293,0.005937109609552101,mean_accepted_booking_delay
7,2,12,12,0.7,2,1.0,0.0,50,0.0,0.0,mean_accepted_booking_delay
7,5,5,9,0.3,1,5.1347367326655515,0.01820006683270574,50,0.0025738781350909193,0.005044801144778201,mean_accepted_booking_delay
7,5,5,9,0.3,2,2.502415299988486,0.02315749281642472,50,0.0032749640411545364,0.006418929520662892,mean_accepted_booking_delay
7,5,5,9,0.5,1,4.861802929372068,0.014146120834535808,50,0.0020005635939169147,0.003921104644077153,mean_accepted_booking_delay
7,5,5,9,0.5,2,2.5023786198533524,0.022512659457126136,50,0.00318377083293547,0.006240190832553521,mean_accepted_booking_delay
7,5,5,9,0.7,1,4.709592011290224,0.013446418941151884,50,0.0019016108031927467,0.0037271571742577836,mean_accepted_booking_delay
7,5,5,9,0.7,2,2.4986716839500773,0.023782390440433024,50,0.003363337910651263,0.006592142304876475,mean_accepted_booking_delay
7,5,5,12,0.3,1,5.1347367326655515,0.01820006683270574,50,0.0025738781350909193,0.005044801144778201,mean_accepted_booking_delay
7,5,5,12,0.3,2,2.502415299988486,0.02315749281642472,50,0.0032749640411545364,0.006418929520662892,mean_accepted_booking_delay
7,5,5,12,0.5,1,4.861802929372068,0.014146120834535808,50,0.0020005635939169147,0.003921104644077153,mean_accepted_booking_delay
7,5,5,12,0.5,2,2.5023786198533524,0.022512659457126136,50,0.00318377083293547,0.006240190832553521,mean_accepted_booking_delay
7,5,5,12,0.7,1,4.709592011290224,0.013446418941151884,50,0.0019016108031927467,0.0037271571742577836,mean_accepted_booking_delay
7,5,5,12,0.7,2,2.4986716839500773,0.023782390440433024,50,0.003363337910651263,0.006592142304876475,mean_accepted_booking_delay
7,5,9,5,0.3,1,5.37298093260133,0.011007189258254361,50,0.0015566516332630766,0.00305103720119563,mean_accepted_booking_delay
7,5,9,5,0.3,2,2.5008635897919542,0.022295437820093703,50,0.0031530510544222545,0.006179980066667618,mean_accepted_booking_delay
7,5,9,5,0.5,1,5.37298093260133,0.011007189258254361,50,0.0015566516332630766,0.00305103720119563,mean_accepted_booking_delay
7,5,9,5,0.5,2,2.5008635897919542,0.022295437820093703,50,0.0031530510544222545,0.006179980066667618,mean_accepted_booking_delay
7,5,9,5,0.7,1,5.37298093260133,0.011007189258254361,50,0.0015566516332630766,0.00305103720119563,mean_accepted_booking_delay
7,5,9,5,0.7,2,2.5008635897919542,0.022295437820093703,50,0.0031530510544222545,0.006179980066667618,mean_accepted_booking_delay
7,5,9,9,0.3,1,5.37298093260133,0.011007189258254361,50,0.0015566516332630766,0.00305103720119563,mean_accepted_booking_delay
7,5,9,9,0.3,2,2.5008635897919542,0.022295437820093703,50,0.0031530510544222545,0.006179980066667618,mean_accepted_booking_delay
7,5,9,9,0.5,1,5.37298093260133,0.011007189258254361,50,0.0015566516332630766,0.00305103720119563,mean_accepted_booking_delay
7,5,9,9,0.5,2,2.5008635897919542,0.022295437820093703,50,0.0031530510544222545,0.006179980066667618,mean_accepted_booking_delay
7,5,9,9,0.7,1,5.37298093260133,0.011007189258254361,50,0.0015566516332630766,0.00305103720119563,mean_accepted_booking_delay
7,5,9,9,0.7,2,2.5008635897919542,0.022295437820093703,50,0.0031530510544222545,0.006179980066667618,mean_accepted_booking_delay
7,5,12,12,0.3,1,5.37298093260133,0.011007189258254361,50,0.0015566516332630766,0.00305103720119563,mean_accepted_booking_delay
7,5,12,12,0.3,2,2.5008635897919542,0.022295437820093703,50,0.0031530510544222545,0.006179980066667618,mean_accepted_booking_delay
7,5,12,12,0.5,1,5.37298093260133,0.011007189258254361,50,0.0015566516332630766,0.00305103720119563,mean_accepted_booking_delay
7,5,12,12,0.5,2,2.5008635897919542,0.022295437820093703,50,0.0031530510544222545,0.006179980066667618,mean_accepted_booking_delay
7,5,12,12,0.7,1,5.37298093260133,0.011007189258254361,50,0.0015566516332630766,0.00305103720119563,mean_accepted_booking_delay
7,5,12,12,0.7,2,2.5008635897919542,0.022295437820093703,50,0.0031530510544222545,0.006179980066667618,mean_accepted_booking_delay
7,7,5,9,0.3,1,4.86704355536074,0.018139164155724623,50,0.0025652651959137676,0.005027919783990985,mean_accepted_booking_delay
7,7,5,9,0.3,2,5.108048265183583,0.016557977967288817,50,0.0023416517006814735,0.004589637333335688,mean_accepted_booking_delay
7,7,5,9,0.5,1,4.714381905025079,0.022134415505126702,50,0.0031302790602551504,0.006135346958100095,mean_accepted_booking_delay
7,7,5,9,0.5,2,5.1841406973149216,0.013409453740580078,50,0.0018963831343942977,0.0037169109434128235,mean_accepted_booking_delay
7,7,5,9,0.7,1,4.4425836156350185,0.023917138384738686,50,0.0033823941476851587,0.006629492529462911,mean_accepted_booking_delay
7,7,5,9,0.7,2,5.263958194882084,0.013932853507255991,50,0.001970403039251897,0.0038619899569337177,mean_accepted_booking_delay
7,7,5,12,0.3,1,4.86704355536074,0.018139164155724623,50,0.0025652651959137676,0.005027919783990985,mean_accepted_booking_delay
7,7,5,12,0.3,2,5.108048265183583,0.016557977967288817,50,0.0023416517006814735,0.004589637333335688,mean_accepted_booking_delay
7,7,5,12,0.5,1,4.714381905025079,0.022134415505126702,50,0.0031302790602551504,0.006135346958100095,mean_accepted_booking_delay
7,7,5,12,0.5,2,5.1841406973149216,0.013409453740580078,50,0.0018963831343942977,0.0037169109434128235,mean_accepted_booking_delay
7,7,5,12,0.7,1,4.4425836156350185,0.023917138384738686,50,0.0033823941476851587,0.006629492529462911,mean_accepted_booking_delay
7,7,5,12,0.7,2,5.263958194882084,0.013932853507255991,50,0.001970403039251897,0.0038619899569337177,mean_accepted_booking_delay
7,7,9,5,0.3,1,5.104471954446009,0.014850677210085553,50,0.0021002029120928026,0.004116397707701893,mean_accepted_booking_delay
7,7,9,5,0.3,2,4.870728822310607,0.018860086561626434,50,0.0026672190202982654,0.0052277492797846,mean_accepted_booking_delay
7,7,9,5,0.5,1,5.1804223489357195,0.01304280386687144,50,0.0018445310119901838,0.00361528078350076,mean_accepted_booking_delay
7,7,9,5,0.5,2,4.72010481390796,0.019586527332548453,50,0.002769953259348134,0.005429108388322342,mean_accepted_booking_delay
7,7,9,5,0.7,1,5.264587710504615,0.014741474957714192,50,0.002084759381458276,0.00408612838765822,mean_accepted_booking_delay
7,7,9,5,0.7,2,4.443555482366361,0.024373840622663453,50,0.0034469815975690936,0.006756083931235423,mean_accepted_booking_delay
7,7,9,9,0.3,1,5.002110231607349,0.016128264451543407,50,0.002280881032491255,0.00447052682368286,mean_accepted_booking_delay
7,7,9,9,0.3,2,5.001289034375557,0.017059670351767506,50,0.0024126017181083795,0.004728699367492424,mean_accepted_booking_delay
7,7,9,9,0.5,1,5.002110231607349,0.016128264451543407,50,0.002280881032491255,0.00447052682368286,mean_accepted_booking_delay
7,7,9,9,0.5,2,5.001289034375557,0.017059670351767506,50,0.0024126017181083795,0.004728699367492424,mean_accepted_booking_delay
7,7,9,9,0.7,1,5.002110231607349,0.016128264451543407,50,0.002280881032491255,0.00447052682368286,mean_accepted_booking_delay
7,7,9,9,0.7,2,5.001289034375557,0.017059670351767506,50,0.0024126017181083795,0.004728699367492424,mean_accepted_booking_delay
7,7,12,12,0.3,1,5.002110231607349,0.016128264451543407,50,0.002280881032491255,0.00447052682368286,mean_accepted_booking_delay
7,7,12,12,0.3,2,5.001289034375557,0.017059670351767506,50,0.0024126017181083795,0.004728699367492424,mean_accepted_booking_delay
7,7,12,12,0.5,1,5.002110231607349,0.016128264451543407,50,0.002280881032491255,0.00447052682368286,mean_accepted_booking_delay
7,7,12,12,0.5,2,5.001289034375557,0.017059670351767506,50,0.0024126017181083795,0.004728699367492424,mean_accepted_booking_delay
7,7,12,12,0.7,1,5.002110231607349,0.016128264451543407,50,0.002280881032491255,0.00447052682368286,mean_accepted_booking_delay
7,7,12,12,0.7,2,5.001289034375557,0.017059670351767506,50,0.0024126017181083795,0.004728699367492424,mean_accepted_booking_delay
7,10,5,9,0.3,1,3.4240636039161374,0.027972252882716615,50,0.003955873939686774,0.007753512921786077,mean_accepted_booking_delay
7,10,5,9,0.3,2,7.567132301766549,0.025855160755854794,50,0.003656471899826645,0.007166684923660224,mean_accepted_booking_delay
7,10,5,9,0.5,1,3.359900348921582,0.03202326593143433,50,0.0045287736991714705,0.008876396450376082,mean_accepted_booking_delay
7,10,5,9,0.5,2,7.551668613433117,0.026309851409266744,50,0.0037207748687005915,0.00729271874265316,mean_accepted_booking_delay
7,10,5,9,0.7,1,3.2525704028089524,0.031396665749883396,50,0.004440159051677993,0.008702711741288867,mean_accepted_booking_delay
7,10,5,9,0.7,2,7.512289326357405,0.03054661643633798,50,0.004319943924887807,0.008467090092780101,mean_accepted_booking_delay
7,10,5,12,0.3,1,3.4240636039161374,0.027972252882716615,50,0.003955873939686774,0.007753512921786077,mean_accepted_booking_delay
7,10,5,12,0.3,2,7.567132301766549,0.025855160755854794,50,0.003656471899826645,0.007166684923660224,mean_accepted_booking_delay
7,10,5,12,0.5,1,3.359900348921582,0.03202326593143433,50,0.0045287736991714705,0.008876396450376082,mean_accepted_booking_delay
7,10,5,12,0.5,2,7.551668613433117,0.026309851409266744,50,0.0037207748687005915,0.00729271874265316,mean_accepted_booking_delay
7,10,5,12,0.7,1,3.2525704028089524,0.031396665749883396,50,0.004440159051677993,0.008702711741288867,mean_accepted_booking_delay
7,10,5,12,0.7,2,7.512289326357405,0.03054661643633798,50,0.004319943924887807,0.008467090092780101,mean_accepted_booking_delay
7,10,9,5,0.3,1,4.178395564246692,0.03686513718419413,50,0.005213517698463203,0.010218494688987877,mean_accepted_booking_delay
7,10,9,5,0.3,2,6.071830062180785,0.02260928421554094,50,0.003197435637316594,0.006266973849140524,mean_accepted_booking_delay
7,10,9,5,0.5,1,4.8291696131545505,0.022963926411449287,50,0.00324758961764093,0.006365275650576223,mean_accepted_booking_delay
7,10,9,5,0.5,2,5.684408323035034,0.02206990002471205,50,0.003121155193516608,0.006117464179292552,mean_accepted_booking_delay
7,10,9,5,0.7,1,5.145829386924239,0.015920991660021883,50,0.0022515682332031883,0.004413073737078249,mean_accepted_booking_delay
7,10,9,5,0.7,2,5.159204432770856,0.026242625026060493,50,0.0037112676224126343,0.007274084539928763,mean_accepted_booking_delay
7,10,9,9,0.3,1,3.508377324807563,0.028963625045915944,50,0.004096075135542339,0.008028307265662985,mean_accepted_booking_delay
7,10,9,9,0.3,2,7.590748926766984,0.024021312542924972,50,0.0033971265984207434,0.006658368132904657,mean_accepted_booking_delay
7,10,9,9,0.5,1,3.508377324807563,0.028963625045915944,50,0.004096075135542339,0.008028307265662985,mean_accepted_booking_delay
7,10,9,9,0.5,2,7.590748926766984,0.024021312542924972,50,0.0033971265984207434,0.006658368132904657,mean_accepted_booking_delay
7,10,9,9,0.7,1,3.508377324807563,0.028963625045915944,50,0.004096075135542339,0.008028307265662985,mean_accepted_booking_delay
7,10,9,9,0.7,2,7.590748926766984,0.024021312542924972,50,0.0033971265984207434,0.006658368132904657,mean_accepted_booking_delay
7,10,12,12,0.3,1,3.508377324807563,0.028963625045915944,50,0.004096075135542339,0.008028307265662985,mean_accepted_booking_delay
7,10,12,12,0.3,2,7.590748926766984,0.024021312542924972,50,0.0033971265984207434,0.006658368132904657,mean_accepted_booking_delay
7,10,12,12,0.5,1,3.508377324807563,0.028963625045915944,50,0.004096075135542339,0.008028307265662985,mean_accepted_booking_delay
7,10,12,12,0.5,2,7.590748926766984,0.024021312542924972,50,0.0033971265984207434,0.006658368132904657,mean_accepted_booking_delay
7,10,12,12,0.7,1,3.508377324807563,0.028963625045915944,50,0.004096075135542339,0.008028307265662985,mean_accepted_booking_delay
7,10,12,12,0.7,2,7.590748926766984,0.024021312542924972,50,0.0033971265984207434,0.006658368132904657,mean_accepted_booking_delay
7,14,5,9,0.3,1,3.4220073736078263,0.025812839663750416,50,0.0036504867935838,0.007154954115424247,mean_accepted_booking_delay
7,14,5,9,0.3,2,7.706699258198486,0.037714177754557175,50,0.005333590167424443,0.010453836728151908,mean_accepted_booking_delay
7,14,5,9,0.5,1,3.3519956345753146,0.02776770083764572,50,0.003926945912051733,0.007696813987621396,mean_accepted_booking_delay
7,14,5,9,0.5,2,7.625331633846965,0.040014811913000055,50,0.0056589489703173165,0.01109153998182194,mean_accepted_booking_delay
7,14,5,9,0.7,1,3.2565337520392665,0.026889446726015755,50,0.0038027420244640298,0.007453374367949499,mean_accepted_booking_delay
7,14,5,9,0.7,2,7.5480029820193275,0.04039110157152746,50,0.005712164364164337,0.011195842153762101,mean_accepted_booking_delay
7,14,5,12,0.3,1,3.4262680047666687,0.026875657598012442,50,0.0038007919472804715,0.007449552216669724,mean_accepted_booking_delay
7,14,5,12,0.3,2,8.08884106413841,0.1033977912724647,50,0.014622655873694202,0.028660405512440635,mean_accepted_booking_delay
7,14,5,12,0.5,1,3.3484433793709383,0.021776993510461806,50,0.003079731957020596,0.006036274635760368,mean_accepted_booking_delay
7,14,5,12,0.5,2,8.020259780480778,0.08453439790311248,50,0.01195496920016254,0.02343173963231858,mean_accepted_booking_delay
7,14,5,12,0.7,1,3.253794252239775,0.021972854252545256,50,0.0031074308487996838,0.00609056446364738,mean_accepted_booking_delay
7,14,5,12,0.7,2,7.92228235392184,0.08171294149341127,50,0.011555955008138144,0.02264967181595076,mean_accepted_booking_delay
7,14,9,5,0.3,1,4.178395564246692,0.03686513718419413,50,0.005213517698463203,0.010218494688987877,mean_accepted_booking_delay
7,14,9,5,0.3,2,6.071830062180785,0.02260928421554094,50,0.003197435637316594,0.006266973849140524,mean_accepted_booking_delay
7,14,9,5,0.5,1,4.8291696131545505,0.022963926411449287,50,0.00324758961764093,0.006365275650576223,mean_accepted_booking_delay
7,14,9,5,0.5,2,5.684408323035034,0.02206990002471205,50,0.003121155193516608,0.006117464179292552,mean_accepted_booking_delay
7,14,9,5,0.7,1,5.145829386924239,0.015920991660021883,50,0.0022515682332031883,0.004413073737078249,mean_accepted_booking_delay
7,14,9,5,0.7,2,5.159204432770856,0.026242625026060493,50,0.0037112676224126343,0.007274084539928763,mean_accepted_booking_delay
7,14,9,9,0.3,1,3.498092571857595,0.029613544476119177,50,0.004187987622806659,0.008208455740701052,mean_accepted_booking_delay
7,14,9,9,0.3,2,7.738472289102413,0.04113306380563686,50,0.005817093669588952,0.011401503592394346,mean_accepted_booking_delay
7,14,9,9,0.5,1,3.493716368794229,0.024868253862481204,50,0.003516902188485802,0.006893128289432172,mean_accepted_booking_delay
7,14,9,9,0.5,2,7.668588284180471,0.032719991669963165,50,0.00462730559803966,0.009069518972157733,mean_accepted_booking_delay
7,14,9,9,0.7,1,3.5056198947268036,0.029412527738675927,50,0.004159559563171035,0.008152736743815229,mean_accepted_booking_delay
7,14,9,9,0.7,2,7.625969409714912,0.02861835787983476,50,0.004047246984650925,0.007932604089915814,mean_accepted_booking_delay
7,14,12,12,0.3,1,3.5055867090133246,0.023687108927964603,50,0.0033498630699336364,0.006565731617069927,mean_accepted_booking_delay
7,14,12,12,0.3,2,8.147874159469241,0.09462804056929455,50,0.01338242583538878,0.02622955463736201,mean_accepted_booking_delay
7,14,12,12,0.5,1,3.5055867090133246,0.023687108927964603,50,0.0033498630699336364,0.006565731617069927,mean_accepted_booking_delay
7,14,12,12,0.5,2,8.147874159469241,0.09462804056929455,50,0.01338242583538878,0.02622955463736201,mean_accepted_booking_delay
7,14,12,12,0.7,1,3.5055867090133246,0.023687108927964603,50,0.0033498630699336364,0.006565731617069927,mean_accepted_booking_delay
7,14,12,12,0.7,2,8.147874159469241,0.09462804056929455,50,0.01338242583538878,0.02622955463736201,mean_accepted_booking_delay
10,2,5,9,0.3,1,4.711996915135554,0.02311864141775745,50,0.0032694696236632943,0.0064081604623800565,mean_accepted_booking_delay
10,2,5,9,0.3,2,1.0,0.0,50,0.0,0.0,mean_accepted_booking_delay
10,2,5,9,0.5,1,4.55241033356904,0.016830051428782983,50,0.002380128698602158,0.004665052249260229,mean_accepted_booking_delay
10,2,5,9,0.5,2,1.0,0.0,50,0.0,0.0,mean_accepted_booking_delay
10,2,5,9,0.7,1,4.463016173852309,0.013770612178335806,50,0.0019474586504782607,0.003817018954937391,mean_accepted_booking_delay
10,2,5,9,0.7,2,1.0,0.0,50,0.0,0.0,mean_accepted_booking_delay
10,2,5,12,0.3,1,4.711996915135554,0.02311864141775745,50,0.0032694696236632943,0.0064081604623800565,mean_accepted_booking_delay
10,2,5,12,0.3,2,1.0,0.0,50,0.0,0.0,mean_accepted_booking_delay
10,2,5,12,0.5,1,4.55241033356904,0.016830051428782983,50,0.002380128698602158,0.004665052249260229,mean_accepted_booking_delay
10,2,5,12,0.5,2,1.0,0.0,50,0.0,0.0,mean_accepted_booking_delay
10,2,5,12,0.7,1,4.463016173852309,0.013770612178335806,50,0.0019474586504782607,0.003817018954937391,mean_accepted_booking_delay
10,2,5,12,0.7,2,1.0,0.0,50,0.0,0.0,mean_accepted_booking_delay
10,2,9,5,0.3,1,5.933043417270462,0.09001103713726283,50,0.012729482948278541,0.02494978657862594,mean_accepted_booking_delay
10,2,9,5,0.3,2,1.0,0.0,50,0.0,0.0,mean_accepted_booking_delay
10,2,9,5,0.5,1,5.933043417270462,0.09001103713726283,50,0.012729482948278541,0.02494978657862594,mean_accepted_booking_delay
10,2,9,5,0.5,2,1.0,0.0,50,0.0,0.0,mean_accepted_booking_delay
10,2,9,5,0.7,1,5.933043417270462,0.09001103713726283,50,0.012729482948278541,0.02494978657862594,mean_accepted_booking_delay
10,2,9,5,0.7,2,1.0,0.0,50,0.0,0.0,mean_accepted_booking_delay
10,2,9,9,0.3,1,5.933043417270462,0.09001103713726283,50,0.012729482948278541,0.02494978657862594,mean_accepted_booking_delay
10,2,9,9,0.3,2,1.0,0.0,50,0.0,0.0,mean_accepted_booking_delay
10,2,9,9,0.5,1,5.933043417270462,0.09001103713726283,50,0.012729482948278541,0.02494978657862594,mean_accepted_booking_delay
10,2,9,9,0.5,2,1.0,0.0,50,0.0,0.0,mean_accepted_booking_delay
10,2,9,9,0.7,1,5.933043417270462,0.09001103713726283,50,0.012729482948278541,0.02494978657862594,mean_accepted_booking_delay
10,2,9,9,0.7,2,1.0,0.0,50,0.0,0.0,mean_accepted_booking_delay
10,2,12,12,0.3,1,5.933043417270462,0.09001103713726283,50,0.012729482948278541,0.02494978657862594,mean_accepted_booking_delay
10,2,12,12,0.3,2,1.0,0.0,50,0.0,0.0,mean_accepted_booking_delay
10,2,12,12,0.5,1,5.933043417270462,0.09001103713726283,50,0.012729482948278541,0.02494978657862594,mean_accepted_booking_delay
10,2,12,12,0.5,2,1.0,0.0,50,0.0,0.0,mean_accepted_booking_delay
10,2,12,12,0.7,1,5.933043417270462,0.09001103713726283,50,0.012729482948278541,0.02494978657862594,mean_accepted_booking_delay
10,2,12,12,0.7,2,1.0,0.0,50,0.0,0.0,mean_accepted_booking_delay
10,5,5,9,0.3,1,5.15892017494667,0.02483927831040004,50,0.003512804426612759,0.006885096676161008,mean_accepted_booking_delay
10,5,5,9,0.3,2,2.4979102619007234,0.02292481452408401,50,0.003242058361484732,0.006354434388510074,mean_accepted_booking_delay
10,5,5,9,0.5,1,4.861678231259247,0.014296561531069597,50,0.0020218391212540082,0.003962804677657856,mean_accepted_booking_delay
10,5,5,9,0.5,2,2.5024426761256087,0.02256959217140822,50,0.0031918223346035137,0.006255971775822887,mean_accepted_booking_delay
10,5,5,9,0.7,1,4.709592011290224,0.013446418941151884,50,0.0019016108031927467,0.0037271571742577836,mean_accepted_booking_delay
10,5,5,9,0.7,2,2.4986716839500773,0.023782390440433024,50,0.003363337910651263,0.006592142304876475,mean_accepted_booking_delay
10,5,5,12,0.3,1,5.15892017494667,0.02483927831040004,50,0.003512804426612759,0.006885096676161008,mean_accepted_booking_delay
10,5,5,12,0.3,2,2.4979102619007234,0.02292481452408401,50,0.003242058361484732,0.006354434388510074,mean_accepted_booking_delay
10,5,5,12,0.5,1,4.861678231259247,0.014296561531069597,50,0.0020218391212540082,0.003962804677657856,mean_accepted_booking_delay
10,5,5,12,0.5,2,2.5024426761256087,0.02256959217140822,50,0.0031918223346035137,0.006255971775822887,mean_accepted_booking_delay
10,5,5,12,0.7,1,4.709592011290224,0.013446418941151884,50,0.0019016108031927467,0.0037271571742577836,mean_accepted_booking_delay
10,5,5,12,0.7,2,2.4986716839500773,0.023782390440433024,50,0.003363337910651263,0.006592142304876475,mean_accepted_booking_delay
10,5,9,5,0.3,1,7.183869368389439,0.06520955953593713,50,0.009222024349209807,0.01807516772445122,mean_accepted_booking_delay
10,5,9,5,0.3,2,2.5009552006005946,0.021771142640739743,50,0.0030789045190893344,0.006034652857415095,mean_accepted_booking_delay
10,5,9,5,0.5,1,7.183869368389439,0.06520955953593713,50,0.009222024349209807,0.01807516772445122,mean_accepted_booking_delay
10,5,9,5,0.5,2,2.5009552006005946,0.021771142640739743,50,0.0030789045190893344,0.006034652857415095,mean_accepted_booking_delay
10,5,9,5,0.7,1,7.183869368389439,0.06520955953593713,50,0.009222024349209807,0.01807516772445122,mean_accepted_booking_delay
10,5,9,5,0.7,2,2.5009552006005946,0.021771142640739743,50,0.0030789045190893344,0.006034652857415095,mean_accepted_booking_delay
10,5,9,9,0.3,1,7.183869368389439,0.06520955953593713,50,0.009222024349209807,0.01807516772445122,mean_accepted_booking_delay
10,5,9,9,0.3,2,2.5009552006005946,0.021771142640739743,50,0.0030789045190893344,0.006034652857415095,mean_accepted_booking_delay
10,5,9,9,0.5,1,7.183869368389439,0.06520955953593713,50,0.009222024349209807,0.01807516772445122,mean_accepted_booking_delay
10,5,9,9,0.5,2,2.5009552006005946,0.021771142640739743,50,0.0030789045190893344,0.006034652857415095,mean_accepted_booking_delay
10,5,9,9,0.7,1,7.183869368389439,0.06520955953593713,50,0.009222024349209807,0.01807516772445122,mean_accepted_booking_delay
10,5,9,9,0.7,2,2.5009552006005946,0.021771142640739743,50,0.0030789045190893344,0.006034652857415095,mean_accepted_booking_delay
10,5,12,12,0.3,1,7.183869368389439,0.06520955953593713,50,0.009222024349209807,0.01807516772445122,mean_accepted_booking_delay
10,5,12,12,0.3,2,2.5009552006005946,0.021771142640739743,50,0.0030789045190893344,0.006034652857415095,mean_accepted_booking_delay
10,5,12,12,0.5,1,7.183869368389439,0.06520955953593713,50,0.009222024349209807,0.01807516772445122,mean_accepted_booking_delay
10,5,12,12,0.5,2,2.5009552006005946,0.021771142640739743,50,0.0030789045190893344,0.006034652857415095,mean_accepted_booking_delay
10,5,12,12,0.7,1,7.183869368389439,0.06520955953593713,50,0.009222024349209807,0.01807516772445122,mean_accepted_booking_delay
10,5,12,12,0.7,2,2.5009552006005946,0.021771142640739743,50,0.0030789045190893344,0.006034652857415095,mean_accepted_booking_delay
10,7,5,9,0.3,1,6.073508926580137,0.023050719497422,50,0.0032598640135712126,0.006389333466599576,mean_accepted_booking_delay
10,7,5,9,0.3,2,4.180420309927301,0.03584526146558161,50,0.00506928549114352,0.009935799562641299,mean_accepted_booking_delay
10,7,5,9,0.5,1,5.684137386808906,0.02271318832583975,50,0.0032121298975136825,0.006295774599126817,mean_accepted_booking_delay
10,7,5,9,0.5,2,4.831101443243206,0.021979761092932502,50,0.0031084076235345626,0.006092478942127742,mean_accepted_booking_delay
10,7,5,9,0.7,1,5.1601414616287435,0.02809482473938399,50,0.003973208217893199,0.00778748810707067,mean_accepted_booking_delay
10,7,5,9,0.7,2,5.1492151926038385,0.01470982133214461,50,0.0020802828828003976,0.004077354450288779,mean_accepted_booking_delay
10,7,5,12,0.3,1,6.073508926580137,0.023050719497422,50,0.0032598640135712126,0.006389333466599576,mean_accepted_booking_delay
10,7,5,12,0.3,2,4.180420309927301,0.03584526146558161,50,0.00506928549114352,0.009935799562641299,mean_accepted_booking_delay
10,7,5,12,0.5,1,5.684137386808906,0.02271318832583975,50,0.0032121298975136825,0.006295774599126817,mean_accepted_booking_delay
10,7,5,12,0.5,2,4.831101443243206,0.021979761092932502,50,0.0031084076235345626,0.006092478942127742,mean_accepted_booking_delay
10,7,5,12,0.7,1,5.1601414616287435,0.02809482473938399,50,0.003973208217893199,0.00778748810707067,mean_accepted_booking_delay
10,7,5,12,0.7,2,5.1492151926038385,0.01470982133214461,50,0.0020802828828003976,0.004077354450288779,mean_accepted_booking_delay
10,7,9,5,0.3,1,7.560250670254972,0.024406814785656174,50,0.0034516448484203147,0.006765223902903817,mean_accepted_booking_delay
10,7,9,5,0.3,2,3.4246101429830036,0.02904066086224713,50,0.004106969645166743,0.008049660504526816,mean_accepted_booking_delay
10,7,9,5,0.5,1,7.540575348795548,0.03255838756801973,50,0.004604451326769307,0.009024724600467842,mean_accepted_booking_delay
10,7,9,5,0.5,2,3.3479962735857898,0.030910504269049604,50,0.00437140543570814,0.008567954653987953,mean_accepted_booking_delay
10,7,9,5,0.7,1,7.516964749447879,0.03756677349061827,50,0.005312744056503041,0.01041297835074596,mean_accepted_booking_delay
10,7,9,5,0.7,2,3.249363370402011,0.031072529423714614,50,0.004394319252825425,0.008612865735537833,mean_accepted_booking_delay
10,7,9,9,0.3,1,7.5871433706983105,0.031544083382878986,50,0.004461007053269524,0.008743573824408267,mean_accepted_booking_delay
10,7,9,9,0.3,2,3.50649540395049,0.027975244910155884,50,0.003956297076265135,0.007754342269479664,mean_accepted_booking_delay
10,7,9,9,0.5,1,7.5871433706983105,0.031544083382878986,50,0.004461007053269524,0.008743573824408267,mean_accepted_booking_delay
10,7,9,9,0.5,2,3.50649540395049,0.027975244910155884,50,0.003956297076265135,0.007754342269479664,mean_accepted_booking_delay
10,7,9,9,0.7,1,7.5871433706983105,0.031544083382878986,50,0.004461007053269524,0.008743573824408267,mean_accepted_booking_delay
10,7,9,9,0.7,2,3.50649540395049,0.027975244910155884,50,0.003956297076265135,0.007754342269479664,mean_accepted_booking_delay
10,7,12,12,0.3,1,7.5871433706983105,0.031544083382878986,50,0.004461007053269524,0.008743573824408267,mean_accepted_booking_delay
10,7,12,12,0.3,2,3.50649540395049,0.027975244910155884,50,0.003956297076265135,0.007754342269479664,mean_accepted_booking_delay
10,7,12,12,0.5,1,7.5871433706983105,0.031544083382878986,50,0.004461007053269524,0.008743573824408267,mean_accepted_booking_delay
10,7,12,12,0.5,2,3.50649540395049,0.027975244910155884,50,0.003956297076265135,0.007754342269479664,mean_accepted_booking_delay
10,7,12,12,0.7,1,7.5871433706983105,0.031544083382878986,50,0.004461007053269524,0.008743573824408267,mean_accepted_booking_delay
10,7,12,12,0.7,2,3.50649540395049,0.027975244910155884,50,0.003956297076265135,0.007754342269479664,mean_accepted_booking_delay
10,10,5,9,0.3,1,6.77645412864579,0.030928882748296516,50,0.004374004545168818,0.008573048908530882,mean_accepted_booking_delay
10,10,5,9,0.3,2,7.172477656413289,0.02004018246532905,50,0.002834109783489983,0.005554855175640367,mean_accepted_booking_delay
10,10,5,9,0.5,1,6.502941726876234,0.0320446679762339,50,0.004531800405373277,0.008882328794531623,mean_accepted_booking_delay
10,10,5,9,0.5,2,7.297254022062888,0.022427385359320685,50,0.00317171125437191,0.006216554058568944,mean_accepted_booking_delay
10,10,5,9,0.7,1,6.01406620034444,0.03758375082478162,50,0.005315145014125716,0.010417684227686403,mean_accepted_booking_delay
10,10,5,9,0.7,2,7.425507116446406,0.01884415924780688,50,0.002664966557976687,0.005223334453634306,mean_accepted_booking_delay
10,10,5,12,0.3,1,6.77645412864579,0.030928882748296516,50,0.004374004545168818,0.008573048908530882,mean_accepted_booking_delay
10,10,5,12,0.3,2,7.172477656413289,0.02004018246532905,50,0.002834109783489983,0.005554855175640367,mean_accepted_booking_delay
10,10,5,12,0.5,1,6.502941726876234,0.0320446679762339,50,0.004531800405373277,0.008882328794531623,mean_accepted_booking_delay
10,10,5,12,0.5,2,7.297254022062888,0.022427385359320685,50,0.00317171125437191,0.006216554058568944,mean_accepted_booking_delay
10,10,5,12,0.7,1,6.01406620034444,0.03758375082478162,50,0.005315145014125716,0.010417684227686403,mean_accepted_booking_delay
10,10,5,12,0.7,2,7.425507116446406,0.01884415924780688,50,0.002664966557976687,0.005223334453634306,mean_accepted_booking_delay
10,10,9,5,0.3,1,7.175473902397726,0.02092513825936391,50,0.002959261432092458,0.005800152406901218,mean_accepted_booking_delay
10,10,9,5,0.3,2,6.776027283095528,0.028054830855805894,50,0.003967552228636388,0.007776402368127319,mean_accepted_booking_delay
10,10,9,5,0.5,1,7.300206300823982,0.015590852306217196,50,0.0022048794780408203,0.004321563776960008,mean_accepted_booking_delay
10,10,9,5,0.5,2,6.507776915013416,0.03089996500086855,50,0.004369914958108226,0.008565033317892124,mean_accepted_booking_delay
10,10,9,5,0.7,1,7.423078166795751,0.017939857496636746,50,0.0025370789778784326,0.004972674796641728,mean_accepted_booking_delay
10,10,9,5,0.7,2,6.017134376611593,0.02912549172472047,50,0.004118966540788503,0.008073174419945466,mean_accepted_booking_delay
10,10,9,9,0.3,1,6.9985811368428195,0.025164693172479883,50,0.0035588250377478676,0.00697529707398582,mean_accepted_booking_delay
10,10,9,9,0.3,2,7.004125989277794,0.025551445216077103,50,0.0036135200362809377,0.007082499271110638,mean_accepted_booking_delay
10,10,9,9,0.5,1,6.9985811368428195,0.025164693172479883,50,0.0035588250377478676,0.00697529707398582,mean_accepted_booking_delay
10,10,9,9,0.5,2,7.004125989277794,0.025551445216077103,50,0.0036135200362809377,0.007082499271110638,mean_accepted_booking_delay
10,10,9,9,0.7,1,6.9985811368428195,0.025164693172479883,50,0.0035588250377478676,0.00697529707398582,mean_accepted_booking_delay
10,10,9,9,0.7,2,7.004125989277794,0.025551445216077103,50,0.0036135200362809377,0.007082499271110638,mean_accepted_booking_delay
10,10,12,12,0.3,1,6.9985811368428195,0.025164693172479883,50,0.0035588250377478676,0.00697529707398582,mean_accepted_booking_delay
10,10,12,12,0.3,2,7.004125989277794,0.025551445216077103,50,0.0036135200362809377,0.007082499271110638,mean_accepted_booking_delay
10,10,12,12,0.5,1,6.9985811368428195,0.025164693172479883,50,0.0035588250377478676,0.00697529707398582,mean_accepted_booking_delay
10,10,12,12,0.5,2,7.004125989277794,0.025551445216077103,50,0.0036135200362809377,0.007082499271110638,mean_accepted_booking_delay
10,10,12,12,0.7,1,6.9985811368428195,0.025164693172479883,50,0.0035588250377478676,0.00697529707398582,mean_accepted_booking_delay
10,10,12,12,0.7,2,7.004125989277794,0.025551445216077103,50,0.0036135200362809377,0.007082499271110638,mean_accepted_booking_delay
10,14,5,9,0.3,1,5.87509679777969,0.03713046005459083,50,0.00525104001863548,0.01029203843652554,mean_accepted_booking_delay
10,14,5,9,0.3,2,8.045869850568476,0.026949663185517878,50,0.003811257917834629,0.007470065518955872,mean_accepted_booking_delay
10,14,5,9,0.5,1,6.110025770862579,0.03584038228085961,50,0.005068595470222802,0.009934447121636691,mean_accepted_booking_delay
10,14,5,9,0.5,2,7.723877653316922,0.02132548798167087,50,0.0030158794327903387,0.005911123688269064,mean_accepted_booking_delay
10,14,5,9,0.7,1,5.874323674099933,0.034777083428984557,50,0.004918222304505058,0.009639715716829913,mean_accepted_booking_delay
10,14,5,9,0.7,2,7.574590946893474,0.020742074272554683,50,0.0029333722747996883,0.005749409658607389,mean_accepted_booking_delay
10,14,5,12,0.3,1,4.810532267533514,0.04272262276306063,50,0.006041891253166985,0.01184210685620729,mean_accepted_booking_delay
10,14,5,12,0.3,2,9.011214403057249,0.0753514839827209,50,0.010656309059330293,0.020886365756287373,mean_accepted_booking_delay
10,14,5,12,0.5,1,4.63325034113531,0.0516299506184345,50,0.007301577638924323,0.014311092172291673,mean_accepted_booking_delay
10,14,5,12,0.5,2,8.804511585335481,0.09722413718551189,50,0.013749569339777326,0.026949155905963557,mean_accepted_booking_delay
10,14,5,12,0.7,1,4.437250240191059,0.07263883341920738,50,0.010272682337640308,0.020134457381775002,mean_accepted_booking_delay
10,14,5,12,0.7,2,8.546550649853268,0.07087381538108378,50,0.010023071092905554,0.019645219342094886,mean_accepted_booking_delay
10,14,9,5,0.3,1,6.323150735997445,0.04471027993359904,50,0.00632298842595934,0.012393057314880305,mean_accepted_booking_delay
10,14,9,5,0.3,2,8.030073528040882,0.03178671038692711,50,0.004495319693241805,0.008810826598753938,mean_accepted_booking_delay
10,14,9,5,0.5,1,6.949427204973387,0.02426772042233545,50,0.0034319739349145326,0.006726668912432484,mean_accepted_booking_delay
10,14,9,5,0.5,2,7.472005557047334,0.03531911830671081,50,0.004994877612041029,0.009789960119600417,mean_accepted_booking_delay
10,14,9,5,0.7,1,7.317073937575318,0.01824109839801483,50,0.002579680874705471,0.005056174514422722,mean_accepted_booking_delay
10,14,9,5,0.7,2,6.647059066031486,0.04407895665259716,50,0.0062337058313358664,0.012218063429418297,mean_accepted_booking_delay
10,14,9,9,0.3,1,5.982623530058257,0.043036354400861204,50,0.006086259606879295,0.011929068829483419,mean_accepted_booking_delay
10,14,9,9,0.3,2,8.120375743565123,0.02787466327785558,50,0.003942072685412663,0.007726462463408819,mean_accepted_booking_delay
10,14,9,9,0.5,1,6.459409651558745,0.024683811455217357,50,0.003490818093102875,0.006842003462481635,mean_accepted_booking_delay
10,14,9,9,0.5,2,7.792172150484937,0.028582390899221145,50,0.0040421604854727865,0.00792263455152666,mean_accepted_booking_delay
10,14,9,9,0.7,1,6.74119926326654,0.028249997698652624,50,0.003995152988244327,0.00783049985695888,mean_accepted_booking_delay
10,14,9,9,0.7,2,7.46824039478569,0.030036236785055962,50,0.004247765342407579,0.008325620071118856,mean_accepted_booking_delay
10,14,12,12,0.3,1,5.008658711802122,0.033637107083052314,50,0.004757005303584868,0.009323730395026342,mean_accepted_booking_delay
10,14,12,12,0.3,2,9.274333202793036,0.09433920326373779,50,0.013341578071905013,0.026149493020933823,mean_accepted_booking_delay
10,14,12,12,0.5,1,5.0001663449041756,0.038021833583861735,50,0.005377099272059009,0.010539114573235657,mean_accepted_booking_delay
10,14,12,12,0.5,2,9.261677348983179,0.08490730054994704,50,0.012007705598222364,0.023535102972515834,mean_accepted_booking_delay
10,14,12,12,0.7,1,5.002909910946214,0.036501591116450474,50,0.005162104520508155,0.010117724860195984,mean_accepted_booking_delay
10,14,12,12,0.7,2,9.277777727546168,0.07720942992489305,50,0.010919062294287884,0.021401362096804252,mean_accepted_booking_delay
14,2,5,9,0.3,1,4.711996915135554,0.02311864141775745,50,0.0032694696236632943,0.0064081604623800565,mean_accepted_booking_delay
14,2,5,9,0.3,2,1.0,0.0,50,0.0,0.0,mean_accepted_booking_delay
14,2,5,9,0.5,1,4.55241033356904,0.016830051428782983,50,0.002380128698602158,0.004665052249260229,mean_accepted_booking_delay
14,2,5,9,0.5,2,1.0,0.0,50,0.0,0.0,mean_accepted_booking_delay
14,2,5,9,0.7,1,4.463016173852309,0.013770612178335806,50,0.0019474586504782607,0.003817018954937391,mean_accepted_booking_delay
14,2,5,9,0.7,2,1.0,0.0,50,0.0,0.0,mean_accepted_booking_delay
14,2,5,12,0.3,1,4.711996915135554,0.02311864141775745,50,0.0032694696236632943,0.0064081604623800565,mean_accepted_booking_delay
14,2,5,12,0.3,2,1.0,0.0,50,0.0,0.0,mean_accepted_booking_delay
14,2,5,12,0.5,1,4.55241033356904,0.016830051428782983,50,0.002380128698602158,0.004665052249260229,mean_accepted_booking_delay
14,2,5,12,0.5,2,1.0,0.0,50,0.0,0.0,mean_accepted_booking_delay
14,2,5,12,0.7,1,4.463016173852309,0.013770612178335806,50,0.0019474586504782607,0.003817018954937391,mean_accepted_booking_delay
14,2,5,12,0.7,2,1.0,0.0,50,0.0,0.0,mean_accepted_booking_delay
14,2,9,5,0.3,1,5.935682911330911,0.09029806481572944,50,0.012770074791844936,0.025029346592016076,mean_accepted_booking_delay
14,2,9,5,0.3,2,1.0,0.0,50,0.0,0.0,mean_accepted_booking_delay
14,2,9,5,0.5,1,5.939347441427527,0.09472115916375794,50,0.013395594793308704,0.02625536579488506,mean_accepted_booking_delay
14,2,9,5,0.5,2,1.0,0.0,50,0.0,0.0,mean_accepted_booking_delay
14,2,9,5,0.7,1,5.933201779461686,0.08770443097178682,50,0.012403279576051585,0.024310427969061105,mean_accepted_booking_delay
14,2,9,5,0.7,2,1.0,0.0,50,0.0,0.0,mean_accepted_booking_delay
14,2,9,9,0.3,1,5.935682911330911,0.09029806481572944,50,0.012770074791844936,0.025029346592016076,mean_accepted_booking_delay
14,2,9,9,0.3,2,1.0,0.0,50,0.0,0.0,mean_accepted_booking_delay
14,2,9,9,0.5,1,5.939347441427527,0.09472115916375794,50,0.013395594793308704,0.02625536579488506,mean_accepted_booking_delay
14,2,9,9,0.5,2,1.0,0.0,50,0.0,0.0,mean_accepted_booking_delay
14,2,9,9,0.7,1,5.933201779461686,0.08770443097178682,50,0.012403279576051585,0.024310427969061105,mean_accepted_booking_delay
14,2,9,9,0.7,2,1.0,0.0,50,0.0,0.0,mean_accepted_booking_delay
14,2,12,12,0.3,1,5.937818800702442,0.09594638300453265,50,0.01356886761056535,0.026594980516708087,mean_accepted_booking_delay
14,2,12,12,0.3,2,1.0,0.0,50,0.0,0.0,mean_accepted_booking_delay
14,2,12,12,0.5,1,5.937818800702442,0.09594638300453265,50,0.01356886761056535,0.026594980516708087,mean_accepted_booking_delay
14,2,12,12,0.5,2,1.0,0.0,50,0.0,0.0,mean_accepted_booking_delay
14,2,12,12,0.7,1,5.937818800702442,0.09594638300453265,50,0.01356886761056535,0.026594980516708087,mean_accepted_booking_delay
14,2,12,12,0.7,2,1.0,0.0,50,0.0,0.0,mean_accepted_booking_delay
14,5,5,9,0.3,1,5.15892017494667,0.02483927831040004,50,0.003512804426612759,0.006885096676161008,mean_accepted_booking_delay
14,5,5,9,0.3,2,2.4979102619007234,0.02292481452408401,50,0.003242058361484732,0.006354434388510074,mean_accepted_booking_delay
14,5,5,9,0.5,1,4.861678231259247,0.014296561531069597,50,0.0020218391212540082,0.003962804677657856,mean_accepted_booking_delay
14,5,5,9,0.5,2,2.5024426761256087,0.02256959217140822,50,0.0031918223346035137,0.006255971775822887,mean_accepted_booking_delay
14,5,5,9,0.7,1,4.709592011290224,0.013446418941151884,50,0.0019016108031927467,0.0037271571742577836,mean_accepted_booking_delay
14,5,5,9,0.7,2,2.4986716839500773,0.023782390440433024,50,0.003363337910651263,0.006592142304876475,mean_accepted_booking_delay
14,5,5,12,0.3,1,5.15892017494667,0.02483927831040004,50,0.003512804426612759,0.006885096676161008,mean_accepted_booking_delay
14,5,5,12,0.3,2,2.4979102619007234,0.02292481452408401,50,0.003242058361484732,0.006354434388510074,mean_accepted_booking_delay
14,5,5,12,0.5,1,4.861678231259247,0.014296561531069597,50,0.0020218391212540082,0.003962804677657856,mean_accepted_booking_delay
14,5,5,12,0.5,2,2.5024426761256087,0.02256959217140822,50,0.0031918223346035137,0.006255971775822887,mean_accepted_booking_delay
14,5,5,12,0.7,1,4.709592011290224,0.013446418941151884,50,0.0019016108031927467,0.0037271571742577836,mean_accepted_booking_delay
14,5,5,12,0.7,2,2.4986716839500773,0.023782390440433024,50,0.003363337910651263,0.006592142304876475,mean_accepted_booking_delay
14,5,9,5,0.3,1,7.249574007604058,0.062167130185211014,50,0.008791759864173923,0.01723184933378089,mean_accepted_booking_delay
14,5,9,5,0.3,2,2.501090576176644,0.02107904348227076,50,0.00298102691744795,0.005842812758197982,mean_accepted_booking_delay
14,5,9,5,0.5,1,7.226364719355652,0.06273310062832858,50,0.008871800171829841,0.017388728336786487,mean_accepted_booking_delay
14,5,9,5,0.5,2,2.498857543284315,0.022694362966733973,50,0.0032094675896972894,0.006290556475806687,mean_accepted_booking_delay
14,5,9,5,0.7,1,7.1992733272674885,0.06384649834901872,50,0.00902925838752137,0.017697346439541885,mean_accepted_booking_delay
14,5,9,5,0.7,2,2.500323938840403,0.026402985543043107,50,0.0037339460242112317,0.007318534207454014,mean_accepted_booking_delay
14,5,9,9,0.3,1,7.249574007604058,0.062167130185211014,50,0.008791759864173923,0.01723184933378089,mean_accepted_booking_delay
14,5,9,9,0.3,2,2.501090576176644,0.02107904348227076,50,0.00298102691744795,0.005842812758197982,mean_accepted_booking_delay
14,5,9,9,0.5,1,7.226364719355652,0.06273310062832858,50,0.008871800171829841,0.017388728336786487,mean_accepted_booking_delay
14,5,9,9,0.5,2,2.498857543284315,0.022694362966733973,50,0.0032094675896972894,0.006290556475806687,mean_accepted_booking_delay
14,5,9,9,0.7,1,7.1992733272674885,0.06384649834901872,50,0.00902925838752137,0.017697346439541885,mean_accepted_booking_delay
14,5,9,9,0.7,2,2.500323938840403,0.026402985543043107,50,0.0037339460242112317,0.007318534207454014,mean_accepted_booking_delay
14,5,12,12,0.3,1,7.3160100694975565,0.08879144844787795,50,0.01255700706177405,0.024611733841077135,mean_accepted_booking_delay
14,5,12,12,0.3,2,2.499812557036373,0.020939253002738554,50,0.0029612575582434416,0.005804064814157146,mean_accepted_booking_delay
14,5,12,12,0.5,1,7.3160100694975565,0.08879144844787795,50,0.01255700706177405,0.024611733841077135,mean_accepted_booking_delay
14,5,12,12,0.5,2,2.499812557036373,0.020939253002738554,50,0.0029612575582434416,0.005804064814157146,mean_accepted_booking_delay
14,5,12,12,0.7,1,7.3160100694975565,0.08879144844787795,50,0.01255700706177405,0.024611733841077135,mean_accepted_booking_delay
14,5,12,12,0.7,2,2.499812557036373,0.020939253002738554,50,0.0029612575582434416,0.005804064814157146,mean_accepted_booking_delay
14,7,5,9,0.3,1,6.073508926580137,0.023050719497422,50,0.0032598640135712126,0.006389333466599576,mean_accepted_booking_delay
14,7,5,9,0.3,2,4.180420309927301,0.03584526146558161,50,0.00506928549114352,0.009935799562641299,mean_accepted_booking_delay
14,7,5,9,0.5,1,5.684137386808906,0.02271318832583975,50,0.0032121298975136825,0.006295774599126817,mean_accepted_booking_delay
14,7,5,9,0.5,2,4.831101443243206,0.021979761092932502,50,0.0031084076235345626,0.006092478942127742,mean_accepted_booking_delay
14,7,5,9,0.7,1,5.1601414616287435,0.02809482473938399,50,0.003973208217893199,0.00778748810707067,mean_accepted_booking_delay
14,7,5,9,0.7,2,5.1492151926038385,0.01470982133214461,50,0.0020802828828003976,0.004077354450288779,mean_accepted_booking_delay
14,7,5,12,0.3,1,6.073508926580137,0.023050719497422,50,0.0032598640135712126,0.006389333466599576,mean_accepted_booking_delay
14,7,5,12,0.3,2,4.180420309927301,0.03584526146558161,50,0.00506928549114352,0.009935799562641299,mean_accepted_booking_delay
14,7,5,12,0.5,1,5.684137386808906,0.02271318832583975,50,0.0032121298975136825,0.006295774599126817,mean_accepted_booking_delay
14,7,5,12,0.5,2,4.831101443243206,0.021979761092932502,50,0.0031084076235345626,0.006092478942127742,mean_accepted_booking_delay
14,7,5,12,0.7,1,5.1601414616287435,0.02809482473938399,50,0.003973208217893199,0.00778748810707067,mean_accepted_booking_delay
14,7,5,12,0.7,2,5.1492151926038385,0.01470982133214461,50,0.0020802828828003976,0.004077354450288779,mean_accepted_booking_delay
14,7,9,5,0.3,1,7.703763273833198,0.03813741543199438,50,0.0053934450137783415,0.010571152227005548,mean_accepted_booking_delay
14,7,9,5,0.3,2,3.424707971415894,0.030442556600789036,50,0.004305227641814644,0.008438246177956701,mean_accepted_booking_delay
14,7,9,5,0.5,1,7.607472828305155,0.04554580942991152,50,0.006441150140504128,0.01262465427538809,mean_accepted_booking_delay
14,7,9,5,0.5,2,3.353014535175403,0.03217836096444064,50,0.0045507074490848945,0.008919386600206393,mean_accepted_booking_delay
14,7,9,5,0.7,1,7.544986571022699,0.033213255039127414,50,0.004697063572689053,0.009206244602470543,mean_accepted_booking_delay
14,7,9,5,0.7,2,3.2536472726959187,0.02623500803912232,50,0.0037101904177893963,0.007271973218867217,mean_accepted_booking_delay
14,7,9,9,0.3,1,7.734564767857469,0.04354623665507855,50,0.0061583678467920485,0.012070400979712416,mean_accepted_booking_delay
14,7,9,9,0.3,2,3.4932842085385225,0.03223924237050277,50,0.004559317380099835,0.008936262064995676,mean_accepted_booking_delay
14,7,9,9,0.5,1,7.671400606367431,0.032364090888153486,50,0.004576973626790217,0.008970868308508824,mean_accepted_booking_delay
14,7,9,9,0.5,2,3.500274258543793,0.028221873243360677,50,0.003991175589633504,0.007822704155681667,mean_accepted_booking_delay
14,7,9,9,0.7,1,7.626903209466145,0.025974541438448927,50,0.0036733548778676434,0.007199775560620581,mean_accepted_booking_delay
14,7,9,9,0.7,2,3.50670870287095,0.03126678909161748,50,0.004421791718522458,0.008666711768304018,mean_accepted_booking_delay
14,7,12,12,0.3,1,8.152317720166609,0.0844355795977359,50,0.01194099418139511,0.023404348595534415,mean_accepted_booking_delay
14,7,12,12,0.3,2,3.4994637991113557,0.027988316930706476,50,0.003958145739140161,0.007757965648714716,mean_accepted_booking_delay
14,7,12,12,0.5,1,8.152317720166609,0.0844355795977359,50,0.01194099418139511,0.023404348595534415,mean_accepted_booking_delay
14,7,12,12,0.5,2,3.4994637991113557,0.027988316930706476,50,0.003958145739140161,0.007757965648714716,mean_accepted_booking_delay
14,7,12,12,0.7,1,8.152317720166609,0.0844355795977359,50,0.01194099418139511,0.023404348595534415,mean_accepted_booking_delay
14,7,12,12,0.7,2,3.4994637991113557,0.027988316930706476,50,0.003958145739140161,0.007757965648714716,mean_accepted_booking_delay
14,10,5,9,0.3,1,8.02928442898086,0.03159215207343734,50,0.004467804992680837,0.00875689778565444,mean_accepted_booking_delay
14,10,5,9,0.3,2,6.324055668073447,0.03626918245847787,50,0.005129236972896376,0.010053304466876897,mean_accepted_booking_delay
14,10,5,9,0.5,1,7.474246085554748,0.0338067435854518,50,0.004780995527821557,0.009370751234530251,mean_accepted_booking_delay
14,10,5,9,0.5,2,6.942482706865259,0.028684159037876168,50,0.004056552673663127,0.007950843240379729,mean_accepted_booking_delay
14,10,5,9,0.7,1,6.6424771714760515,0.04091973235641278,50,0.005786924046711612,0.011342371131554759,mean_accepted_booking_delay
14,10,5,9,0.7,2,7.317085107780521,0.021360024510590346,50,0.00302076363554986,0.005920696725677725,mean_accepted_booking_delay
14,10,5,12,0.3,1,8.02928442898086,0.03159215207343734,50,0.004467804992680837,0.00875689778565444,mean_accepted_booking_delay
14,10,5,12,0.3,2,6.324055668073447,0.03626918245847787,50,0.005129236972896376,0.010053304466876897,mean_accepted_booking_delay
14,10,5,12,0.5,1,7.474246085554748,0.0338067435854518,50,0.004780995527821557,0.009370751234530251,mean_accepted_booking_delay
14,10,5,12,0.5,2,6.942482706865259,0.028684159037876168,50,0.004056552673663127,0.007950843240379729,mean_accepted_booking_delay
14,10,5,12,0.7,1,6.6424771714760515,0.04091973235641278,50,0.005786924046711612,0.011342371131554759,mean_accepted_booking_delay
14,10,5,12,0.7,2,7.317085107780521,0.021360024510590346,50,0.00302076363554986,0.005920696725677725,mean_accepted_booking_delay
14,10,9,5,0.3,1,8.050656198217688,0.024488502886136288,50,0.003463197290378662,0.006787866689142177,mean_accepted_booking_delay
14,10,9,5,0.3,2,5.871079092950977,0.04296232887800028,50,0.006075790817040127,0.011908550001398649,mean_accepted_booking_delay
14,10,9,5,0.5,1,7.729562015430929,0.024377486473408455,50,0.0034474971987260906,0.0067570945095031375,mean_accepted_booking_delay
14,10,9,5,0.5,2,6.113984907718188,0.03299287591897794,50,0.004665897258631129,0.009145158626917014,mean_accepted_booking_delay
14,10,9,5,0.7,1,7.568647628277124,0.018744068268634066,50,0.0026508115559549473,0.005195590649671697,mean_accepted_booking_delay
14,10,9,5,0.7,2,5.876905609746927,0.035347959565317666,50,0.004998956381948801,0.009797954508619651,mean_accepted_booking_delay
14,10,9,9,0.3,1,8.123767558602488,0.026705183888093984,50,0.0037766833240209974,0.007402299315081155,mean_accepted_booking_delay
14,10,9,9,0.3,2,5.980846578887103,0.039633338892283834,50,0.0056050005383596856,0.010985801055184983,mean_accepted_booking_delay
14,10,9,9,0.5,1,7.789337463887446,0.0259762197698105,50,0.0036735922297650124,0.007200240770339424,mean_accepted_booking_delay
14,10,9,9,0.5,2,6.454733712447183,0.030322182452651426,50,0.004288204166529113,0.008404880166397061,mean_accepted_booking_delay
14,10,9,9,0.7,1,7.470867109224806,0.025879166179849575,50,0.003659866779445039,0.007173338887712276,mean_accepted_booking_delay
14,10,9,9,0.7,2,6.735668957411711,0.03245953373922192,50,0.00459047128423147,0.00899732371709368,mean_accepted_booking_delay
14,10,12,12,0.3,1,9.290280811648925,0.10434853395984985,50,0.014757111193976912,0.02892393794019475,mean_accepted_booking_delay
14,10,12,12,0.3,2,4.993343239488587,0.03474896294565055,50,0.004914245467613914,0.009631921116523272,mean_accepted_booking_delay
14,10,12,12,0.5,1,9.28172171599772,0.08505392430242685,50,0.012028441328154664,0.02357574500318314,mean_accepted_booking_delay
14,10,12,12,0.5,2,4.998319762884765,0.03327215655594659,50,0.004705393505082056,0.009222571269960829,mean_accepted_booking_delay
14,10,12,12,0.7,1,9.274249380341665,0.08606190630662655,50,0.012170991510251387,0.02385514336009272,mean_accepted_booking_delay
14,10,12,12,0.7,2,5.004675962029388,0.03462184466734875,50,0.004896268228293922,0.009596685727456086,mean_accepted_booking_delay
14,14,5,9,0.3,1,9.480540287762249,0.035698420137980136,50,0.005048518991442432,0.009895097223227166,mean_accepted_booking_delay
14,14,5,9,0.3,2,9.353649696013893,0.0328860621422128,50,0.004650791509456174,0.009115551358534101,mean_accepted_booking_delay
14,14,5,9,0.5,1,8.014710524375543,0.08397188174051301,50,0.011875417401542316,0.02327581810702294,mean_accepted_booking_delay
14,14,5,9,0.5,2,7.958169737958299,0.07019646784428245,50,0.00992727968560711,0.019457468183789937,mean_accepted_booking_delay
14,14,5,9,0.7,1,6.702155870371127,0.03839075039967505,50,0.005429271988490077,0.010641373097440551,mean_accepted_booking_delay
14,14,5,9,0.7,2,7.482288384251182,0.021292017450019123,50,0.0030111459848101646,0.005901846130227923,mean_accepted_booking_delay
14,14,5,12,0.3,1,9.45096911187204,0.031437264331164345,50,0.004445900558104056,0.00871396509388395,mean_accepted_booking_delay
14,14,5,12,0.3,2,9.423067409237051,0.02870175346893038,50,0.004059040901965037,0.007955720167851473,mean_accepted_booking_delay
14,14,5,12,0.5,1,9.063358306615248,0.05550216637185536,50,0.007849191642416577,0.01538441561913649,mean_accepted_booking_delay
14,14,5,12,0.5,2,9.329235208673397,0.030894488575839603,50,0.004369140474653301,0.00856351533032047,mean_accepted_booking_delay
14,14,5,12,0.7,1,7.790802223182293,0.07093470274673545,50,0.01003168186673373,0.01966209645879811,mean_accepted_booking_delay
14,14,5,12,0.7,2,9.316169323912256,0.0356014163320383,50,0.005034800581645958,0.009868209140026077,mean_accepted_booking_delay
14,14,9,5,0.3,1,9.360748160461123,0.03258300875608712,50,0.004607933288577971,0.009031549245612823,mean_accepted_booking_delay
14,14,9,5,0.3,2,9.48402117895784,0.03443633479408212,50,0.0048700331704211435,0.009545265014025441,mean_accepted_booking_delay
14,14,9,5,0.5,1,7.943831843747708,0.06280869534483183,50,0.008882490879162104,0.017409682123157723,mean_accepted_booking_delay
14,14,9,5,0.5,2,7.989867584617741,0.08613181715659475,50,0.012180878397469593,0.0238745216590404,mean_accepted_booking_delay
14,14,9,5,0.7,1,7.482506995754934,0.019731284580885307,50,0.002790425025733113,0.005469233050436902,mean_accepted_booking_delay
14,14,9,5,0.7,2,6.7043555665907215,0.0452601776851277,50,0.006400755711772371,0.012545481195073847,mean_accepted_booking_delay
14,14,9,9,0.3,1,9.437955708147195,0.03541460675450611,50,0.005008381717833236,0.009816428166953143,mean_accepted_booking_delay
14,14,9,9,0.3,2,9.42830406018007,0.036622664631619735,50,0.00517922690122781,0.010151284726406506,mean_accepted_booking_delay
14,14,9,9,0.5,1,8.352830388879438,0.0847311899763305,50,0.011982799802053783,0.023486287612025415,mean_accepted_booking_delay
14,14,9,9,0.5,2,8.349488672254727,0.09081809867409506,50,0.012843618685384323,0.025173492623353274,mean_accepted_booking_delay
14,14,9,9,0.7,1,7.348824178853728,0.031007761940638073,50,0.004385159747528664,0.008594913105156182,mean_accepted_booking_delay
14,14,9,9,0.7,2,7.352433820221043,0.031218405641333855,50,0.0044149492653639075,0.008653300560113259,mean_accepted_booking_delay
14,14,12,12,0.3,1,9.441089085112258,0.02907974965407717,50,0.004112497635121025,0.008060495364837208,mean_accepted_booking_delay
14,14,12,12,0.3,2,9.445974799912447,0.03996589963810044,50,0.0056520317300643615,0.011077982190926148,mean_accepted_booking_delay
14,14,12,12,0.5,1,9.367819884586982,0.033096470556441736,50,0.004680547752760172,0.009173873595409937,mean_accepted_booking_delay
14,14,12,12,0.5,2,9.367093163287398,0.03545373585107043,50,0.005013915407737703,0.009827274199165898,mean_accepted_booking_delay
14,14,12,12,0.7,1,9.115335715216332,0.03640474765898399,50,0.005148408787410534,0.010090881223324646,mean_accepted_booking_delay
14,14,12,12,0.7,2,9.11413192861697,0.03447639138489581,50,0.004875698027820259,0.009556368134527708,mean_accepted_booking_delay
2,2,5,9,0.3,1,0.0,0.0,50,0.0,0.0,balking_rate
2,2,5,9,0.3,2,0.0,0.0,50,0.0,0.0,balking_rate
2,2,5,9,0.5,1,0.0,0.0,50,0.0,0.0,balking_rate
2,2,5,9,0.5,2,0.0,0.0,50,0.0,0.0,balking_rate
2,2,5,9,0.7,1,0.0,0.0,50,0.0,0.0,balking_rate
2,2,5,9,0.7,2,0.0,0.0,50,0.0,0.0,balking_rate
2,2,5,12,0.3,1,0.0,0.0,50,0.0,0.0,balking_rate
2,2,5,12,0.3,2,0.0,0.0,50,0.0,0.0,balking_rate
2,2,5,12,0.5,1,0.0,0.0,50,0.0,0.0,balking_rate
2,2,5,12,0.5,2,0.0,0.0,50,0.0,0.0,balking_rate
2,2,5,12,0.7,1,0.0,0.0,50,0.0,0.0,balking_rate
2,2,5,12,0.7,2,0.0,0.0,50,0.0,0.0,balking_rate
2,2,9,5,0.3,1,0.0,0.0,50,0.0,0.0,balking_rate
2,2,9,5,0.3,2,0.0,0.0,50,0.0,0.0,balking_rate
2,2,9,5,0.5,1,0.0,0.0,50,0.0,0.0,balking_rate
2,2,9,5,0.5,2,0.0,0.0,50,0.0,0.0,balking_rate
2,2,9,5,0.7,1,0.0,0.0,50,0.0,0.0,balking_rate
2,2,9,5,0.7,2,0.0,0.0,50,0.0,0.0,balking_rate
2,2,9,9,0.3,1,0.0,0.0,50,0.0,0.0,balking_rate
2,2,9,9,0.3,2,0.0,0.0,50,0.0,0.0,balking_rate
2,2,9,9,0.5,1,0.0,0.0,50,0.0,0.0,balking_rate
2,2,9,9,0.5,2,0.0,0.0,50,0.0,0.0,balking_rate
2,2,9,9,0.7,1,0.0,0.0,50,0.0,0.0,balking_rate
2,2,9,9,0.7,2,0.0,0.0,50,0.0,0.0,balking_rate
2,2,12,12,0.3,1,0.0,0.0,50,0.0,0.0,balking_rate
2,2,12,12,0.3,2,0.0,0.0,50,0.0,0.0,balking_rate
2,2,12,12,0.5,1,0.0,0.0,50,0.0,0.0,balking_rate
2,2,12,12,0.5,2,0.0,0.0,50,0.0,0.0,balking_rate
2,2,12,12,0.7,1,0.0,0.0,50,0.0,0.0,balking_rate
2,2,12,12,0.7,2,0.0,0.0,50,0.0,0.0,balking_rate
2,5,5,9,0.3,1,0.0,0.0,50,0.0,0.0,balking_rate
2,5,5,9,0.3,2,0.0,0.0,50,0.0,0.0,balking_rate
2,5,5,9,0.5,1,0.0,0.0,50,0.0,0.0,balking_rate
2,5,5,9,0.5,2,0.0,0.0,50,0.0,0.0,balking_rate
2,5,5,9,0.7,1,0.0,0.0,50,0.0,0.0,balking_rate
2,5,5,9,0.7,2,0.0,0.0,50,0.0,0.0,balking_rate
2,5,5,12,0.3,1,0.0,0.0,50,0.0,0.0,balking_rate
2,5,5,12,0.3,2,0.0,0.0,50,0.0,0.0,balking_rate
2,5,5,12,0.5,1,0.0,0.0,50,0.0,0.0,balking_rate
2,5,5,12,0.5,2,0.0,0.0,50,0.0,0.0,balking_rate
2,5,5,12,0.7,1,0.0,0.0,50,0.0,0.0,balking_rate
2,5,5,12,0.7,2,0.0,0.0,50,0.0,0.0,balking_rate
2,5,9,5,0.3,1,0.0,0.0,50,0.0,0.0,balking_rate
2,5,9,5,0.3,2,0.0,0.0,50,0.0,0.0,balking_rate
2,5,9,5,0.5,1,0.0,0.0,50,0.0,0.0,balking_rate
2,5,9,5,0.5,2,0.0,0.0,50,0.0,0.0,balking_rate
2,5,9,5,0.7,1,0.0,0.0,50,0.0,0.0,balking_rate
2,5,9,5,0.7,2,0.0,0.0,50,0.0,0.0,balking_rate
2,5,9,9,0.3,1,0.0,0.0,50,0.0,0.0,balking_rate
2,5,9,9,0.3,2,0.0,0.0,50,0.0,0.0,balking_rate
2,5,9,9,0.5,1,0.0,0.0,50,0.0,0.0,balking_rate
2,5,9,9,0.5,2,0.0,0.0,50,0.0,0.0,balking_rate
2,5,9,9,0.7,1,0.0,0.0,50,0.0,0.0,balking_rate
2,5,9,9,0.7,2,0.0,0.0,50,0.0,0.0,balking_rate
2,5,12,12,0.3,1,0.0,0.0,50,0.0,0.0,balking_rate
2,5,12,12,0.3,2,0.0,0.0,50,0.0,0.0,balking_rate
2,5,12,12,0.5,1,0.0,0.0,50,0.0,0.0,balking_rate
2,5,12,12,0.5,2,0.0,0.0,50,0.0,0.0,balking_rate
2,5,12,12,0.7,1,0.0,0.0,50,0.0,0.0,balking_rate
2,5,12,12,0.7,2,0.0,0.0,50,0.0,0.0,balking_rate
2,7,5,9,0.3,1,0.0,0.0,50,0.0,0.0,balking_rate
2,7,5,9,0.3,2,0.0,0.0,50,0.0,0.0,balking_rate
2,7,5,9,0.5,1,0.0,0.0,50,0.0,0.0,balking_rate
2,7,5,9,0.5,2,0.0,0.0,50,0.0,0.0,balking_rate
2,7,5,9,0.7,1,0.0,0.0,50,0.0,0.0,balking_rate
2,7,5,9,0.7,2,0.0,0.0,50,0.0,0.0,balking_rate
2,7,5,12,0.3,1,0.0,0.0,50,0.0,0.0,balking_rate
2,7,5,12,0.3,2,0.0,0.0,50,0.0,0.0,balking_rate
2,7,5,12,0.5,1,0.0,0.0,50,0.0,0.0,balking_rate
2,7,5,12,0.5,2,0.0,0.0,50,0.0,0.0,balking_rate
2,7,5,12,0.7,1,0.0,0.0,50,0.0,0.0,balking_rate
2,7,5,12,0.7,2,0.0,0.0,50,0.0,0.0,balking_rate
2,7,9,5,0.3,1,0.0,0.0,50,0.0,0.0,balking_rate
2,7,9,5,0.3,2,0.11017796156613185,0.005119107770339405,50,0.0007239511636063481,0.0014189442806684424,balking_rate
2,7,9,5,0.5,1,0.0,0.0,50,0.0,0.0,balking_rate
2,7,9,5,0.5,2,0.12408417006658215,0.0059386057223806115,50,0.0008398456754177132,0.0016460975238187178,balking_rate
2,7,9,5,0.7,1,0.0,0.0,50,0.0,0.0,balking_rate
2,7,9,5,0.7,2,0.1319988146052144,0.007263958297331268,50,0.0010272788340598455,0.002013466514757297,balking_rate
2,7,9,9,0.3,1,0.0,0.0,50,0.0,0.0,balking_rate
2,7,9,9,0.3,2,0.0,0.0,50,0.0,0.0,balking_rate
2,7,9,9,0.5,1,0.0,0.0,50,0.0,0.0,balking_rate
2,7,9,9,0.5,2,0.0,0.0,50,0.0,0.0,balking_rate
2,7,9,9,0.7,1,0.0,0.0,50,0.0,0.0,balking_rate
2,7,9,9,0.7,2,0.0,0.0,50,0.0,0.0,balking_rate
2,7,12,12,0.3,1,0.0,0.0,50,0.0,0.0,balking_rate
2,7,12,12,0.3,2,0.0,0.0,50,0.0,0.0,balking_rate
2,7,12,12,0.5,1,0.0,0.0,50,0.0,0.0,balking_rate
2,7,12,12,0.5,2,0.0,0.0,50,0.0,0.0,balking_rate
2,7,12,12,0.7,1,0.0,0.0,50,0.0,0.0,balking_rate
2,7,12,12,0.7,2,0.0,0.0,50,0.0,0.0,balking_rate
2,10,5,9,0.3,1,0.0,0.0,50,0.0,0.0,balking_rate
2,10,5,9,0.3,2,0.0,0.0,50,0.0,0.0,balking_rate
2,10,5,9,0.5,1,0.0,0.0,50,0.0,0.0,balking_rate
2,10,5,9,0.5,2,0.0,0.0,50,0.0,0.0,balking_rate
2,10,5,9,0.7,1,0.0,0.0,50,0.0,0.0,balking_rate
2,10,5,9,0.7,2,0.0,0.0,50,0.0,0.0,balking_rate
2,10,5,12,0.3,1,0.0,0.0,50,0.0,0.0,balking_rate
2,10,5,12,0.3,2,0.0,0.0,50,0.0,0.0,balking_rate
2,10,5,12,0.5,1,0.0,0.0,50,0.0,0.0,balking_rate
2,10,5,12,0.5,2,0.0,0.0,50,0.0,0.0,balking_rate
2,10,5,12,0.7,1,0.0,0.0,50,0.0,0.0,balking_rate
2,10,5,12,0.7,2,0.0,0.0,50,0.0,0.0,balking_rate
2,10,9,5,0.3,1,0.0,0.0,50,0.0,0.0,balking_rate
2,10,9,5,0.3,2,0.11102139976094298,0.006542150804215186,50,0.0009251998394411166,0.0018133916853045884,balking_rate
2,10,9,5,0.5,1,0.0,0.0,50,0.0,0.0,balking_rate
2,10,9,5,0.5,2,0.12408417006658215,0.0059386057223806115,50,0.0008398456754177132,0.0016460975238187178,balking_rate
2,10,9,5,0.7,1,0.0,0.0,50,0.0,0.0,balking_rate
2,10,9,5,0.7,2,0.1319988146052144,0.007263958297331268,50,0.0010272788340598455,0.002013466514757297,balking_rate
2,10,9,9,0.3,1,0.0,0.0,50,0.0,0.0,balking_rate
2,10,9,9,0.3,2,0.0,0.0,50,0.0,0.0,balking_rate
2,10,9,9,0.5,1,0.0,0.0,50,0.0,0.0,balking_rate
2,10,9,9,0.5,2,0.0,0.0,50,0.0,0.0,balking_rate
2,10,9,9,0.7,1,0.0,0.0,50,0.0,0.0,balking_rate
2,10,9,9,0.7,2,0.0,0.0,50,0.0,0.0,balking_rate
2,10,12,12,0.3,1,0.0,0.0,50,0.0,0.0,balking_rate
2,10,12,12,0.3,2,0.0,0.0,50,0.0,0.0,balking_rate
2,10,12,12,0.5,1,0.0,0.0,50,0.0,0.0,balking_rate
2,10,12,12,0.5,2,0.0,0.0,50,0.0,0.0,balking_rate
2,10,12,12,0.7,1,0.0,0.0,50,0.0,0.0,balking_rate
2,10,12,12,0.7,2,0.0,0.0,50,0.0,0.0,balking_rate
2,14,5,9,0.3,1,0.0,0.0,50,0.0,0.0,balking_rate
2,14,5,9,0.3,2,7.663753579772091e-06,2.207999868364683e-05,50,3.122583359559343e-06,6.120263384736313e-06,balking_rate
2,14,5,9,0.5,1,0.0,0.0,50,0.0,0.0,balking_rate
2,14,5,9,0.5,2,1.4276039164798124e-05,5.7623055517638996e-05,50,8.149130661842287e-06,1.5972296097210883e-05,balking_rate
2,14,5,9,0.7,1,0.0,0.0,50,0.0,0.0,balking_rate
2,14,5,9,0.7,2,2.4097711371928845e-05,7.529952403190335e-05,50,1.064896081261565e-05,2.0871963192726675e-05,balking_rate
2,14,5,12,0.3,1,0.0,0.0,50,0.0,0.0,balking_rate
2,14,5,12,0.3,2,0.0,0.0,50,0.0,0.0,balking_rate
2,14,5,12,0.5,1,0.0,0.0,50,0.0,0.0,balking_rate
2,14,5,12,0.5,2,0.0,0.0,50,0.0,0.0,balking_rate
2,14,5,12,0.7,1,0.0,0.0,50,0.0,0.0,balking_rate
2,14,5,12,0.7,2,0.0,0.0,50,0.0,0.0,balking_rate
2,14,9,5,0.3,1,0.0,0.0,50,0.0,0.0,balking_rate
2,14,9,5,0.3,2,0.11102139976094298,0.006542150804215186,50,0.0009251998394411166,0.0018133916853045884,balking_rate
2,14,9,5,0.5,1,0.0,0.0,50,0.0,0.0,balking_rate
2,14,9,5,0.5,2,0.12408417006658215,0.0059386057223806115,50,0.0008398456754177132,0.0016460975238187178,balking_rate
2,14,9,5,0.7,1,0.0,0.0,50,0.0,0.0,balking_rate
2,14,9,5,0.7,2,0.1319988146052144,0.007263958297331268,50,0.0010272788340598455,0.002013466514757297,balking_rate
2,14,9,9,0.3,1,0.0,0.0,50,0.0,0.0,balking_rate
2,14,9,9,0.3,2,7.663753579772091e-06,2.207999868364683e-05,50,3.122583359559343e-06,6.120263384736313e-06,balking_rate
2,14,9,9,0.5,1,0.0,0.0,50,0.0,0.0,balking_rate
2,14,9,9,0.5,2,1.4276039164798124e-05,5.7623055517638996e-05,50,8.149130661842287e-06,1.5972296097210883e-05,balking_rate
2,14,9,9,0.7,1,0.0,0.0,50,0.0,0.0,balking_rate
2,14,9,9,0.7,2,2.4097711371928845e-05,7.529952403190335e-05,50,1.064896081261565e-05,2.0871963192726675e-05,balking_rate
2,14,12,12,0.3,1,0.0,0.0,50,0.0,0.0,balking_rate
2,14,12,12,0.3,2,0.0,0.0,50,0.0,0.0,balking_rate
2,14,12,12,0.5,1,0.0,0.0,50,0.0,0.0,balking_rate
2,14,12,12,0.5,2,0.0,0.0,50,0.0,0.0,balking_rate
2,14,12,12,0.7,1,0.0,0.0,50,0.0,0.0,balking_rate
2,14,12,12,0.7,2,0.0,0.0,50,0.0,0.0,balking_rate
5,2,5,9,0.3,1,0.0,0.0,50,0.0,0.0,balking_rate
5,2,5,9,0.3,2,0.0,0.0,50,0.0,0.0,balking_rate
5,2,5,9,0.5,1,0.0,0.0,50,0.0,0.0,balking_rate
5,2,5,9,0.5,2,0.0,0.0,50,0.0,0.0,balking_rate
5,2,5,9,0.7,1,0.0,0.0,50,0.0,0.0,balking_rate
5,2,5,9,0.7,2,0.0,0.0,50,0.0,0.0,balking_rate
5,2,5,12,0.3,1,0.0,0.0,50,0.0,0.0,balking_rate
5,2,5,12,0.3,2,0.0,0.0,50,0.0,0.0,balking_rate
5,2,5,12,0.5,1,0.0,0.0,50,0.0,0.0,balking_rate
5,2,5,12,0.5,2,0.0,0.0,50,0.0,0.0,balking_rate
5,2,5,12,0.7,1,0.0,0.0,50,0.0,0.0,balking_rate
5,2,5,12,0.7,2,0.0,0.0,50,0.0,0.0,balking_rate
5,2,9,5,0.3,1,0.0,0.0,50,0.0,0.0,balking_rate
5,2,9,5,0.3,2,0.0,0.0,50,0.0,0.0,balking_rate
5,2,9,5,0.5,1,0.0,0.0,50,0.0,0.0,balking_rate
5,2,9,5,0.5,2,0.0,0.0,50,0.0,0.0,balking_rate
5,2,9,5,0.7,1,0.0,0.0,50,0.0,0.0,balking_rate
5,2,9,5,0.7,2,0.0,0.0,50,0.0,0.0,balking_rate
5,2,9,9,0.3,1,0.0,0.0,50,0.0,0.0,balking_rate
5,2,9,9,0.3,2,0.0,0.0,50,0.0,0.0,balking_rate
5,2,9,9,0.5,1,0.0,0.0,50,0.0,0.0,balking_rate
5,2,9,9,0.5,2,0.0,0.0,50,0.0,0.0,balking_rate
5,2,9,9,0.7,1,0.0,0.0,50,0.0,0.0,balking_rate
5,2,9,9,0.7,2,0.0,0.0,50,0.0,0.0,balking_rate
5,2,12,12,0.3,1,0.0,0.0,50,0.0,0.0,balking_rate
5,2,12,12,0.3,2,0.0,0.0,50,0.0,0.0,balking_rate
5,2,12,12,0.5,1,0.0,0.0,50,0.0,0.0,balking_rate
5,2,12,12,0.5,2,0.0,0.0,50,0.0,0.0,balking_rate
5,2,12,12,0.7,1,0.0,0.0,50,0.0,0.0,balking_rate
5,2,12,12,0.7,2,0.0,0.0,50,0.0,0.0,balking_rate
5,5,5,9,0.3,1,0.0,0.0,50,0.0,0.0,balking_rate
5,5,5,9,0.3,2,0.0,0.0,50,0.0,0.0,balking_rate
5,5,5,9,0.5,1,0.0,0.0,50,0.0,0.0,balking_rate
5,5,5,9,0.5,2,0.0,0.0,50,0.0,0.0,balking_rate
5,5,5,9,0.7,1,0.0,0.0,50,0.0,0.0,balking_rate
5,5,5,9,0.7,2,0.0,0.0,50,0.0,0.0,balking_rate
5,5,5,12,0.3,1,0.0,0.0,50,0.0,0.0,balking_rate
5,5,5,12,0.3,2,0.0,0.0,50,0.0,0.0,balking_rate
5,5,5,12,0.5,1,0.0,0.0,50,0.0,0.0,balking_rate
5,5,5,12,0.5,2,0.0,0.0,50,0.0,0.0,balking_rate
5,5,5,12,0.7,1,0.0,0.0,50,0.0,0.0,balking_rate
5,5,5,12,0.7,2,0.0,0.0,50,0.0,0.0,balking_rate
5,5,9,5,0.3,1,0.0,0.0,50,0.0,0.0,balking_rate
5,5,9,5,0.3,2,0.0,0.0,50,0.0,0.0,balking_rate
5,5,9,5,0.5,1,0.0,0.0,50,0.0,0.0,balking_rate
5,5,9,5,0.5,2,0.0,0.0,50,0.0,0.0,balking_rate
5,5,9,5,0.7,1,0.0,0.0,50,0.0,0.0,balking_rate
5,5,9,5,0.7,2,0.0,0.0,50,0.0,0.0,balking_rate
5,5,9,9,0.3,1,0.0,0.0,50,0.0,0.0,balking_rate
5,5,9,9,0.3,2,0.0,0.0,50,0.0,0.0,balking_rate
5,5,9,9,0.5,1,0.0,0.0,50,0.0,0.0,balking_rate
5,5,9,9,0.5,2,0.0,0.0,50,0.0,0.0,balking_rate
5,5,9,9,0.7,1,0.0,0.0,50,0.0,0.0,balking_rate
5,5,9,9,0.7,2,0.0,0.0,50,0.0,0.0,balking_rate
5,5,12,12,0.3,1,0.0,0.0,50,0.0,0.0,balking_rate
5,5,12,12,0.3,2,0.0,0.0,50,0.0,0.0,balking_rate
5,5,12,12,0.5,1,0.0,0.0,50,0.0,0.0,balking_rate
5,5,12,12,0.5,2,0.0,0.0,50,0.0,0.0,balking_rate
5,5,12,12,0.7,1,0.0,0.0,50,0.0,0.0,balking_rate
5,5,12,12,0.7,2,0.0,0.0,50,0.0,0.0,balking_rate
5,7,5,9,0.3,1,0.0,0.0,50,0.0,0.0,balking_rate
5,7,5,9,0.3,2,0.0,0.0,50,0.0,0.0,balking_rate
5,7,5,9,0.5,1,0.0,0.0,50,0.0,0.0,balking_rate
5,7,5,9,0.5,2,0.0,0.0,50,0.0,0.0,balking_rate
5,7,5,9,0.7,1,0.0,0.0,50,0.0,0.0,balking_rate
5,7,5,9,0.7,2,0.0,0.0,50,0.0,0.0,balking_rate
5,7,5,12,0.3,1,0.0,0.0,50,0.0,0.0,balking_rate
5,7,5,12,0.3,2,0.0,0.0,50,0.0,0.0,balking_rate
5,7,5,12,0.5,1,0.0,0.0,50,0.0,0.0,balking_rate
5,7,5,12,0.5,2,0.0,0.0,50,0.0,0.0,balking_rate
5,7,5,12,0.7,1,0.0,0.0,50,0.0,0.0,balking_rate
5,7,5,12,0.7,2,0.0,0.0,50,0.0,0.0,balking_rate
5,7,9,5,0.3,1,0.0,0.0,50,0.0,0.0,balking_rate
5,7,9,5,0.3,2,0.18352296290953368,0.004533401593327169,50,0.000641119801696708,0.0012565948113255477,balking_rate
5,7,9,5,0.5,1,0.0,0.0,50,0.0,0.0,balking_rate
5,7,9,5,0.5,2,0.21097291239529986,0.005570159473770572,50,0.0007877395072387325,0.0015439694341879157,balking_rate
5,7,9,5,0.7,1,0.0,0.0,50,0.0,0.0,balking_rate
5,7,9,5,0.7,2,0.2225267090877197,0.006044937410092243,50,0.0008548832469048942,0.0016755711639335924,balking_rate
5,7,9,9,0.3,1,0.0,0.0,50,0.0,0.0,balking_rate
5,7,9,9,0.3,2,0.0,0.0,50,0.0,0.0,balking_rate
5,7,9,9,0.5,1,0.0,0.0,50,0.0,0.0,balking_rate
5,7,9,9,0.5,2,0.0,0.0,50,0.0,0.0,balking_rate
5,7,9,9,0.7,1,0.0,0.0,50,0.0,0.0,balking_rate
5,7,9,9,0.7,2,0.0,0.0,50,0.0,0.0,balking_rate
5,7,12,12,0.3,1,0.0,0.0,50,0.0,0.0,balking_rate
5,7,12,12,0.3,2,0.0,0.0,50,0.0,0.0,balking_rate
5,7,12,12,0.5,1,0.0,0.0,50,0.0,0.0,balking_rate
5,7,12,12,0.5,2,0.0,0.0,50,0.0,0.0,balking_rate
5,7,12,12,0.7,1,0.0,0.0,50,0.0,0.0,balking_rate
5,7,12,12,0.7,2,0.0,0.0,50,0.0,0.0,balking_rate
5,10,5,9,0.3,1,0.0,0.0,50,0.0,0.0,balking_rate
5,10,5,9,0.3,2,0.0,0.0,50,0.0,0.0,balking_rate
5,10,5,9,0.5,1,0.0,0.0,50,0.0,0.0,balking_rate
5,10,5,9,0.5,2,0.0,0.0,50,0.0,0.0,balking_rate
5,10,5,9,0.7,1,0.0,0.0,50,0.0,0.0,balking_rate
5,10,5,9,0.7,2,0.0,0.0,50,0.0,0.0,balking_rate
5,10,5,12,0.3,1,0.0,0.0,50,0.0,0.0,balking_rate
5,10,5,12,0.3,2,0.0,0.0,50,0.0,0.0,balking_rate
5,10,5,12,0.5,1,0.0,0.0,50,0.0,0.0,balking_rate
5,10,5,12,0.5,2,0.0,0.0,50,0.0,0.0,balking_rate
5,10,5,12,0.7,1,0.0,0.0,50,0.0,0.0,balking_rate
5,10,5,12,0.7,2,0.0,0.0,50,0.0,0.0,balking_rate
5,10,9,5,0.3,1,0.0,0.0,50,0.0,0.0,balking_rate
5,10,9,5,0.3,2,0.18823542960063147,0.005457347936690999,50,0.0007717855466657236,0.0015126996714648184,balking_rate
5,10,9,5,0.5,1,0.0,0.0,50,0.0,0.0,balking_rate
5,10,9,5,0.5,2,0.21102711201187915,0.005605705582026527,50,0.0007927664860772478,0.0015538223127114057,balking_rate
5,10,9,5,0.7,1,0.0,0.0,50,0.0,0.0,balking_rate
5,10,9,5,0.7,2,0.2225267090877197,0.006044937410092243,50,0.0008548832469048942,0.0016755711639335924,balking_rate
5,10,9,9,0.3,1,0.0,0.0,50,0.0,0.0,balking_rate
5,10,9,9,0.3,2,0.0,0.0,50,0.0,0.0,balking_rate
5,10,9,9,0.5,1,0.0,0.0,50,0.0,0.0,balking_rate
5,10,9,9,0.5,2,0.0,0.0,50,0.0,0.0,balking_rate
5,10,9,9,0.7,1,0.0,0.0,50,0.0,0.0,balking_rate
5,10,9,9,0.7,2,0.0,0.0,50,0.0,0.0,balking_rate
5,10,12,12,0.3,1,0.0,0.0,50,0.0,0.0,balking_rate
5,10,12,12,0.3,2,0.0,0.0,50,0.0,0.0,balking_rate
5,10,12,12,0.5,1,0.0,0.0,50,0.0,0.0,balking_rate
5,10,12,12,0.5,2,0.0,0.0,50,0.0,0.0,balking_rate
5,10,12,12,0.7,1,0.0,0.0,50,0.0,0.0,balking_rate
5,10,12,12,0.7,2,0.0,0.0,50,0.0,0.0,balking_rate
5,14,5,9,0.3,1,0.0,0.0,50,0.0,0.0,balking_rate
5,14,5,9,0.3,2,0.00708581956781524,0.002528492981054425,50,0.00035758290661723447,0.0007008624969697796,balking_rate
5,14,5,9,0.5,1,0.0,0.0,50,0.0,0.0,balking_rate
5,14,5,9,0.5,2,0.009199310153443207,0.0031373201283088235,50,0.00044368406749604366,0.0008696207722922455,balking_rate
5,14,5,9,0.7,1,0.0,0.0,50,0.0,0.0,balking_rate
5,14,5,9,0.7,2,0.010302961854788248,0.003115803220295103,50,0.00044064111718270985,0.0008636565896781113,balking_rate
5,14,5,12,0.3,1,0.0,0.0,50,0.0,0.0,balking_rate
5,14,5,12,0.3,2,0.0,0.0,50,0.0,0.0,balking_rate
5,14,5,12,0.5,1,0.0,0.0,50,0.0,0.0,balking_rate
5,14,5,12,0.5,2,0.0,0.0,50,0.0,0.0,balking_rate
5,14,5,12,0.7,1,0.0,0.0,50,0.0,0.0,balking_rate
5,14,5,12,0.7,2,0.0,0.0,50,0.0,0.0,balking_rate
5,14,9,5,0.3,1,0.0,0.0,50,0.0,0.0,balking_rate
5,14,9,5,0.3,2,0.18823542960063147,0.005457347936690999,50,0.0007717855466657236,0.0015126996714648184,balking_rate
5,14,9,5,0.5,1,0.0,0.0,50,0.0,0.0,balking_rate
5,14,9,5,0.5,2,0.21102711201187915,0.005605705582026527,50,0.0007927664860772478,0.0015538223127114057,balking_rate
5,14,9,5,0.7,1,0.0,0.0,50,0.0,0.0,balking_rate
5,14,9,5,0.7,2,0.2225267090877197,0.006044937410092243,50,0.0008548832469048942,0.0016755711639335924,balking_rate
5,14,9,9,0.3,1,0.0,0.0,50,0.0,0.0,balking_rate
5,14,9,9,0.3,2,0.00708581956781524,0.002528492981054425,50,0.00035758290661723447,0.0007008624969697796,balking_rate
5,14,9,9,0.5,1,0.0,0.0,50,0.0,0.0,balking_rate
5,14,9,9,0.5,2,0.009199310153443207,0.0031373201283088235,50,0.00044368406749604366,0.0008696207722922455,balking_rate
5,14,9,9,0.7,1,0.0,0.0,50,0.0,0.0,balking_rate
5,14,9,9,0.7,2,0.010302961854788248,0.003115803220295103,50,0.00044064111718270985,0.0008636565896781113,balking_rate
5,14,12,12,0.3,1,0.0,0.0,50,0.0,0.0,balking_rate
5,14,12,12,0.3,2,0.0,0.0,50,0.0,0.0,balking_rate
5,14,12,12,0.5,1,0.0,0.0,50,0.0,0.0,balking_rate
5,14,12,12,0.5,2,0.0,0.0,50,0.0,0.0,balking_rate
5,14,12,12,0.7,1,0.0,0.0,50,0.0,0.0,balking_rate
5,14,12,12,0.7,2,0.0,0.0,50,0.0,0.0,balking_rate
7,2,5,9,0.3,1,0.10890600658773955,0.006241030859554058,50,0.0008826150484770363,0.001729925495014991,balking_rate
7,2,5,9,0.3,2,0.0,0.0,50,0.0,0.0,balking_rate
7,2,5,9,0.5,1,0.1261001850043979,0.006586670545849114,50,0.0009314958816823214,0.00182573192809735,balking_rate
7,2,5,9,0.5,2,0.0,0.0,50,0.0,0.0,balking_rate
7,2,5,9,0.7,1,0.13139540922996068,0.007241023561271747,50,0.0010240353725813633,0.002007109330259472,balking_rate
7,2,5,9,0.7,2,0.0,0.0,50,0.0,0.0,balking_rate
7,2,5,12,0.3,1,0.10890600658773955,0.006241030859554058,50,0.0008826150484770363,0.001729925495014991,balking_rate
7,2,5,12,0.3,2,0.0,0.0,50,0.0,0.0,balking_rate
7,2,5,12,0.5,1,0.1261001850043979,0.006586670545849114,50,0.0009314958816823214,0.00182573192809735,balking_rate
7,2,5,12,0.5,2,0.0,0.0,50,0.0,0.0,balking_rate
7,2,5,12,0.7,1,0.13139540922996068,0.007241023561271747,50,0.0010240353725813633,0.002007109330259472,balking_rate
7,2,5,12,0.7,2,0.0,0.0,50,0.0,0.0,balking_rate
7,2,9,5,0.3,1,0.0,0.0,50,0.0,0.0,balking_rate
7,2,9,5,0.3,2,0.0,0.0,50,0.0,0.0,balking_rate
7,2,9,5,0.5,1,0.0,0.0,50,0.0,0.0,balking_rate
7,2,9,5,0.5,2,0.0,0.0,50,0.0,0.0,balking_rate
7,2,9,5,0.7,1,0.0,0.0,50,0.0,0.0,balking_rate
7,2,9,5,0.7,2,0.0,0.0,50,0.0,0.0,balking_rate
7,2,9,9,0.3,1,0.0,0.0,50,0.0,0.0,balking_rate
7,2,9,9,0.3,2,0.0,0.0,50,0.0,0.0,balking_rate
7,2,9,9,0.5,1,0.0,0.0,50,0.0,0.0,balking_rate
7,2,9,9,0.5,2,0.0,0.0,50,0.0,0.0,balking_rate
7,2,9,9,0.7,1,0.0,0.0,50,0.0,0.0,balking_rate
7,2,9,9,0.7,2,0.0,0.0,50,0.0,0.0,balking_rate
7,2,12,12,0.3,1,0.0,0.0,50,0.0,0.0,balking_rate
7,2,12,12,0.3,2,0.0,0.0,50,0.0,0.0,balking_rate
7,2,12,12,0.5,1,0.0,0.0,50,0.0,0.0,balking_rate
7,2,12,12,0.5,2,0.0,0.0,50,0.0,0.0,balking_rate
7,2,12,12,0.7,1,0.0,0.0,50,0.0,0.0,balking_rate
7,2,12,12,0.7,2,0.0,0.0,50,0.0,0.0,balking_rate
7,5,5,9,0.3,1,0.18500207468156993,0.003760576276304139,50,0.0005318257972287825,0.0010423785625684138,balking_rate
7,5,5,9,0.3,2,0.0,0.0,50,0.0,0.0,balking_rate
7,5,5,9,0.5,1,0.2103682196232061,0.005108520581384186,50,0.0007224539089855604,0.0014160096616116983,balking_rate
7,5,5,9,0.5,2,0.0,0.0,50,0.0,0.0,balking_rate
7,5,5,9,0.7,1,0.22292458288244904,0.0062577296888687425,50,0.0008849766195662944,0.001734554174349937,balking_rate
7,5,5,9,0.7,2,0.0,0.0,50,0.0,0.0,balking_rate
7,5,5,12,0.3,1,0.18500207468156993,0.003760576276304139,50,0.0005318257972287825,0.0010423785625684138,balking_rate
7,5,5,12,0.3,2,0.0,0.0,50,0.0,0.0,balking_rate
7,5,5,12,0.5,1,0.2103682196232061,0.005108520581384186,50,0.0007224539089855604,0.0014160096616116983,balking_rate
7,5,5,12,0.5,2,0.0,0.0,50,0.0,0.0,balking_rate
7,5,5,12,0.7,1,0.22292458288244904,0.0062577296888687425,50,0.0008849766195662944,0.001734554174349937,balking_rate
7,5,5,12,0.7,2,0.0,0.0,50,0.0,0.0,balking_rate
7,5,9,5,0.3,1,0.0,0.0,50,0.0,0.0,balking_rate
7,5,9,5,0.3,2,0.0,0.0,50,0.0,0.0,balking_rate
7,5,9,5,0.5,1,0.0,0.0,50,0.0,0.0,balking_rate
7,5,9,5,0.5,2,0.0,0.0,50,0.0,0.0,balking_rate
7,5,9,5,0.7,1,0.0,0.0,50,0.0,0.0,balking_rate
7,5,9,5,0.7,2,0.0,0.0,50,0.0,0.0,balking_rate
7,5,9,9,0.3,1,0.0,0.0,50,0.0,0.0,balking_rate
7,5,9,9,0.3,2,0.0,0.0,50,0.0,0.0,balking_rate
7,5,9,9,0.5,1,0.0,0.0,50,0.0,0.0,balking_rate
7,5,9,9,0.5,2,0.0,0.0,50,0.0,0.0,balking_rate
7,5,9,9,0.7,1,0.0,0.0,50,0.0,0.0,balking_rate
7,5,9,9,0.7,2,0.0,0.0,50,0.0,0.0,balking_rate
7,5,12,12,0.3,1,0.0,0.0,50,0.0,0.0,balking_rate
7,5,12,12,0.3,2,0.0,0.0,50,0.0,0.0,balking_rate
7,5,12,12,0.5,1,0.0,0.0,50,0.0,0.0,balking_rate
7,5,12,12,0.5,2,0.0,0.0,50,0.0,0.0,balking_rate
7,5,12,12,0.7,1,0.0,0.0,50,0.0,0.0,balking_rate
7,5,12,12,0.7,2,0.0,0.0,50,0.0,0.0,balking_rate
7,7,5,9,0.3,1,0.2105729759883474,0.0039729918867179356,50,0.0005618659009394776,0.001101257165841376,balking_rate
7,7,5,9,0.3,2,0.0,0.0,50,0.0,0.0,balking_rate
7,7,5,9,0.5,1,0.36339774370163996,0.005980852816593821,50,0.0008458203167784307,0.001657807820885724,balking_rate
7,7,5,9,0.5,2,0.0,0.0,50,0.0,0.0,balking_rate
7,7,5,9,0.7,1,0.529444017374646,0.004462773773094417,50,0.0006311315195713074,0.0012370177783597625,balking_rate
7,7,5,9,0.7,2,0.0,0.0,50,0.0,0.0,balking_rate
7,7,5,12,0.3,1,0.2105729759883474,0.0039729918867179356,50,0.0005618659009394776,0.001101257165841376,balking_rate
7,7,5,12,0.3,2,0.0,0.0,50,0.0,0.0,balking_rate
7,7,5,12,0.5,1,0.36339774370163996,0.005980852816593821,50,0.0008458203167784307,0.001657807820885724,balking_rate
7,7,5,12,0.5,2,0.0,0.0,50,0.0,0.0,balking_rate
7,7,5,12,0.7,1,0.529444017374646,0.004462773773094417,50,0.0006311315195713074,0.0012370177783597625,balking_rate
7,7,5,12,0.7,2,0.0,0.0,50,0.0,0.0,balking_rate
7,7,9,5,0.3,1,0.0,0.0,50,0.0,0.0,balking_rate
7,7,9,5,0.3,2,0.2099206117842567,0.004589360713071168,50,0.0006490336163047504,0.001272105887957311,balking_rate
7,7,9,5,0.5,1,0.0,0.0,50,0.0,0.0,balking_rate
7,7,9,5,0.5,2,0.3637898546711165,0.0054035933388649465,50,0.0007641834985371722,0.0014977996571328576,balking_rate
7,7,9,5,0.7,1,0.0,0.0,50,0.0,0.0,balking_rate
7,7,9,5,0.7,2,0.5292151459802276,0.005497996660945362,50,0.0007775341443790921,0.0015239669229830204,balking_rate
7,7,9,9,0.3,1,0.0,0.0,50,0.0,0.0,balking_rate
7,7,9,9,0.3,2,0.0,0.0,50,0.0,0.0,balking_rate
7,7,9,9,0.5,1,0.0,0.0,50,0.0,0.0,balking_rate
7,7,9,9,0.5,2,0.0,0.0,50,0.0,0.0,balking_rate
7,7,9,9,0.7,1,0.0,0.0,50,0.0,0.0,balking_rate
7,7,9,9,0.7,2,0.0,0.0,50,0.0,0.0,balking_rate
7,7,12,12,0.3,1,0.0,0.0,50,0.0,0.0,balking_rate
7,7,12,12,0.3,2,0.0,0.0,50,0.0,0.0,balking_rate
7,7,12,12,0.5,1,0.0,0.0,50,0.0,0.0,balking_rate
7,7,12,12,0.5,2,0.0,0.0,50,0.0,0.0,balking_rate
7,7,12,12,0.7,1,0.0,0.0,50,0.0,0.0,balking_rate
7,7,12,12,0.7,2,0.0,0.0,50,0.0,0.0,balking_rate
7,10,5,9,0.3,1,0.05733640484156435,0.00438089003126463,50,0.0006195514097479532,0.0012143207631059882,balking_rate
7,10,5,9,0.3,2,0.0,0.0,50,0.0,0.0,balking_rate
7,10,5,9,0.5,1,0.10480505535651582,0.0060210938384414785,50,0.0008515112566645016,0.001668962063062423,balking_rate
7,10,5,9,0.5,2,0.0,0.0,50,0.0,0.0,balking_rate
7,10,5,9,0.7,1,0.1644128017699583,0.009364889595987712,50,0.0013243953876772515,0.002595814959847413,balking_rate
7,10,5,9,0.7,2,0.0,0.0,50,0.0,0.0,balking_rate
7,10,5,12,0.3,1,0.05733640484156435,0.00438089003126463,50,0.0006195514097479532,0.0012143207631059882,balking_rate
7,10,5,12,0.3,2,0.0,0.0,50,0.0,0.0,balking_rate
7,10,5,12,0.5,1,0.10480505535651582,0.0060210938384414785,50,0.0008515112566645016,0.001668962063062423,balking_rate
7,10,5,12,0.5,2,0.0,0.0,50,0.0,0.0,balking_rate
7,10,5,12,0.7,1,0.1644128017699583,0.009364889595987712,50,0.0013243953876772515,0.002595814959847413,balking_rate
7,10,5,12,0.7,2,0.0,0.0,50,0.0,0.0,balking_rate
7,10,9,5,0.3,1,0.0,0.0,50,0.0,0.0,balking_rate
7,10,9,5,0.3,2,0.251937469608938,0.0033100423980458957,50,0.0004681106851346468,0.0009174969428639078,balking_rate
7,10,9,5,0.5,1,0.0,0.0,50,0.0,0.0,balking_rate
7,10,9,5,0.5,2,0.42048081777463403,0.003986347329250676,50,0.0005637546457356071,0.00110495910564179,balking_rate
7,10,9,5,0.7,1,0.0,0.0,50,0.0,0.0,balking_rate
7,10,9,5,0.7,2,0.5879296263248868,0.003590356923445998,50,0.000507753145489747,0.000995196165159904,balking_rate
7,10,9,9,0.3,1,0.0,0.0,50,0.0,0.0,balking_rate
7,10,9,9,0.3,2,0.0,0.0,50,0.0,0.0,balking_rate
7,10,9,9,0.5,1,0.0,0.0,50,0.0,0.0,balking_rate
7,10,9,9,0.5,2,0.0,0.0,50,0.0,0.0,balking_rate
7,10,9,9,0.7,1,0.0,0.0,50,0.0,0.0,balking_rate
7,10,9,9,0.7,2,0.0,0.0,50,0.0,0.0,balking_rate
7,10,12,12,0.3,1,0.0,0.0,50,0.0,0.0,balking_rate
7,10,12,12,0.3,2,0.0,0.0,50,0.0,0.0,balking_rate
7,10,12,12,0.5,1,0.0,0.0,50,0.0,0.0,balking_rate
7,10,12,12,0.5,2,0.0,0.0,50,0.0,0.0,balking_rate
7,10,12,12,0.7,1,0.0,0.0,50,0.0,0.0,balking_rate
7,10,12,12,0.7,2,0.0,0.0,50,0.0,0.0,balking_rate
7,14,5,9,0.3,1,0.05714946869427294,0.005716501887135818,50,0.0008084354498118864,0.0015845334816312975,balking_rate
7,14,5,9,0.3,2,0.034641760014759895,0.004559799308839474,50,0.0006448530024260249,0.0012639118847550088,balking_rate
7,14,5,9,0.5,1,0.10477303309309997,0.0069122020192666535,50,0.0009775329841509594,0.0019159646489358805,balking_rate
7,14,5,9,0.5,2,0.03779680519900449,0.005797957174315809,50,0.0008199549669975803,0.0016071117353152575,balking_rate
7,14,5,9,0.7,1,0.16491225373250112,0.0077467005566228255,50,0.0010955488990819205,0.002147275842200564,balking_rate
7,14,5,9,0.7,2,0.03409050539164695,0.0063524704684166855,50,0.0008983749891009444,0.0017608149786378512,balking_rate
7,14,5,12,0.3,1,0.05822875256524588,0.004874160898970322,50,0.0006893104448512466,0.0013510484719084434,balking_rate
7,14,5,12,0.3,2,4.361098996947231e-06,3.083762674167237e-05,50,4.36109899694723e-06,8.547754034016571e-06,balking_rate
7,14,5,12,0.5,1,0.10619072504237152,0.005927981094516914,50,0.0008383431261357124,0.0016431525272259963,balking_rate
7,14,5,12,0.5,2,0.0,0.0,50,0.0,0.0,balking_rate
7,14,5,12,0.7,1,0.16474971354863002,0.008590672179080586,50,0.0012149045105556994,0.002381212840689171,balking_rate
7,14,5,12,0.7,2,0.0,0.0,50,0.0,0.0,balking_rate
7,14,9,5,0.3,1,0.0,0.0,50,0.0,0.0,balking_rate
7,14,9,5,0.3,2,0.251937469608938,0.0033100423980458957,50,0.0004681106851346468,0.0009174969428639078,balking_rate
7,14,9,5,0.5,1,0.0,0.0,50,0.0,0.0,balking_rate
7,14,9,5,0.5,2,0.42048081777463403,0.003986347329250676,50,0.0005637546457356071,0.00110495910564179,balking_rate
7,14,9,5,0.7,1,0.0,0.0,50,0.0,0.0,balking_rate
7,14,9,5,0.7,2,0.5879296263248868,0.003590356923445998,50,0.000507753145489747,0.000995196165159904,balking_rate
7,14,9,9,0.3,1,0.0,0.0,50,0.0,0.0,balking_rate
7,14,9,9,0.3,2,0.0378235472603711,0.00500637718845235,50,0.0007080086518264598,0.0013876969575798612,balking_rate
7,14,9,9,0.5,1,0.0,0.0,50,0.0,0.0,balking_rate
7,14,9,9,0.5,2,0.04375573590636542,0.005169783202571485,50,0.0007311177519605207,0.0014329907938426206,balking_rate
7,14,9,9,0.7,1,0.0,0.0,50,0.0,0.0,balking_rate
7,14,9,9,0.7,2,0.046868684640073245,0.00585346113047194,50,0.0008278044117537165,0.0016224966470372844,balking_rate
7,14,12,12,0.3,1,0.0,0.0,50,0.0,0.0,balking_rate
7,14,12,12,0.3,2,0.0,0.0,50,0.0,0.0,balking_rate
7,14,12,12,0.5,1,0.0,0.0,50,0.0,0.0,balking_rate
7,14,12,12,0.5,2,0.0,0.0,50,0.0,0.0,balking_rate
7,14,12,12,0.7,1,0.0,0.0,50,0.0,0.0,balking_rate
7,14,12,12,0.7,2,0.0,0.0,50,0.0,0.0,balking_rate
10,2,5,9,0.3,1,0.11017343149976444,0.005600486622592724,50,0.0007920284137559719,0.0015523756909617049,balking_rate
10,2,5,9,0.3,2,0.0,0.0,50,0.0,0.0,balking_rate
10,2,5,9,0.5,1,0.1261001850043979,0.006586670545849114,50,0.0009314958816823214,0.00182573192809735,balking_rate
10,2,5,9,0.5,2,0.0,0.0,50,0.0,0.0,balking_rate
10,2,5,9,0.7,1,0.13139540922996068,0.007241023561271747,50,0.0010240353725813633,0.002007109330259472,balking_rate
10,2,5,9,0.7,2,0.0,0.0,50,0.0,0.0,balking_rate
10,2,5,12,0.3,1,0.11017343149976444,0.005600486622592724,50,0.0007920284137559719,0.0015523756909617049,balking_rate
10,2,5,12,0.3,2,0.0,0.0,50,0.0,0.0,balking_rate
10,2,5,12,0.5,1,0.1261001850043979,0.006586670545849114,50,0.0009314958816823214,0.00182573192809735,balking_rate
10,2,5,12,0.5,2,0.0,0.0,50,0.0,0.0,balking_rate
10,2,5,12,0.7,1,0.13139540922996068,0.007241023561271747,50,0.0010240353725813633,0.002007109330259472,balking_rate
10,2,5,12,0.7,2,0.0,0.0,50,0.0,0.0,balking_rate
10,2,9,5,0.3,1,0.0,0.0,50,0.0,0.0,balking_rate
10,2,9,5,0.3,2,0.0,0.0,50,0.0,0.0,balking_rate
10,2,9,5,0.5,1,0.0,0.0,50,0.0,0.0,balking_rate
10,2,9,5,0.5,2,0.0,0.0,50,0.0,0.0,balking_rate
10,2,9,5,0.7,1,0.0,0.0,50,0.0,0.0,balking_rate
10,2,9,5,0.7,2,0.0,0.0,50,0.0,0.0,balking_rate
10,2,9,9,0.3,1,0.0,0.0,50,0.0,0.0,balking_rate
10,2,9,9,0.3,2,0.0,0.0,50,0.0,0.0,balking_rate
10,2,9,9,0.5,1,0.0,0.0,50,0.0,0.0,balking_rate
10,2,9,9,0.5,2,0.0,0.0,50,0.0,0.0,balking_rate
10,2,9,9,0.7,1,0.0,0.0,50,0.0,0.0,balking_rate
10,2,9,9,0.7,2,0.0,0.0,50,0.0,0.0,balking_rate
10,2,12,12,0.3,1,0.0,0.0,50,0.0,0.0,balking_rate
10,2,12,12,0.3,2,0.0,0.0,50,0.0,0.0,balking_rate
10,2,12,12,0.5,1,0.0,0.0,50,0.0,0.0,balking_rate
10,2,12,12,0.5,2,0.0,0.0,50,0.0,0.0,balking_rate
10,2,12,12,0.7,1,0.0,0.0,50,0.0,0.0,balking_rate
10,2,12,12,0.7,2,0.0,0.0,50,0.0,0.0,balking_rate
10,5,5,9,0.3,1,0.18781217476899162,0.005154272314197155,50,0.0007289241810901775,0.001428691394936748,balking_rate
10,5,5,9,0.3,2,0.0,0.0,50,0.0,0.0,balking_rate
10,5,5,9,0.5,1,0.21036269642400046,0.005111999196089046,50,0.0007229458593949488,0.0014169738844140997,balking_rate
10,5,5,9,0.5,2,0.0,0.0,50,0.0,0.0,balking_rate
10,5,5,9,0.7,1,0.22292458288244904,0.0062577296888687425,50,0.0008849766195662944,0.001734554174349937,balking_rate
10,5,5,9,0.7,2,0.0,0.0,50,0.0,0.0,balking_rate
10,5,5,12,0.3,1,0.18781217476899162,0.005154272314197155,50,0.0007289241810901775,0.001428691394936748,balking_rate
10,5,5,12,0.3,2,0.0,0.0,50,0.0,0.0,balking_rate
10,5,5,12,0.5,1,0.21036269642400046,0.005111999196089046,50,0.0007229458593949488,0.0014169738844140997,balking_rate
10,5,5,12,0.5,2,0.0,0.0,50,0.0,0.0,balking_rate
10,5,5,12,0.7,1,0.22292458288244904,0.0062577296888687425,50,0.0008849766195662944,0.001734554174349937,balking_rate
10,5,5,12,0.7,2,0.0,0.0,50,0.0,0.0,balking_rate
10,5,9,5,0.3,1,0.0,0.0,50,0.0,0.0,balking_rate
10,5,9,5,0.3,2,0.0,0.0,50,0.0,0.0,balking_rate
10,5,9,5,0.5,1,0.0,0.0,50,0.0,0.0,balking_rate
10,5,9,5,0.5,2,0.0,0.0,50,0.0,0.0,balking_rate
10,5,9,5,0.7,1,0.0,0.0,50,0.0,0.0,balking_rate
10,5,9,5,0.7,2,0.0,0.0,50,0.0,0.0,balking_rate
10,5,9,9,0.3,1,0.0,0.0,50,0.0,0.0,balking_rate
10,5,9,9,0.3,2,0.0,0.0,50,0.0,0.0,balking_rate
10,5,9,9,0.5,1,0.0,0.0,50,0.0,0.0,balking_rate
10,5,9,9,0.5,2,0.0,0.0,50,0.0,0.0,balking_rate
10,5,9,9,0.7,1,0.0,0.0,50,0.0,0.0,balking_rate
10,5,9,9,0.7,2,0.0,0.0,50,0.0,0.0,balking_rate
10,5,12,12,0.3,1,0.0,0.0,50,0.0,0.0,balking_rate
10,5,12,12,0.3,2,0.0,0.0,50,0.0,0.0,balking_rate
10,5,12,12,0.5,1,0.0,0.0,50,0.0,0.0,balking_rate
10,5,12,12,0.5,2,0.0,0.0,50,0.0,0.0,balking_rate
10,5,12,12,0.7,1,0.0,0.0,50,0.0,0.0,balking_rate
10,5,12,12,0.7,2,0.0,0.0,50,0.0,0.0,balking_rate
10,7,5,9,0.3,1,0.2508254240157196,0.0030873280851281336,50,0.00043661412494835634,0.0008557636848987784,balking_rate
10,7,5,9,0.3,2,0.0,0.0,50,0.0,0.0,balking_rate
10,7,5,9,0.5,1,0.4196059490695517,0.003573012342741973,50,0.0005053002513632164,0.000990388492671904,balking_rate
10,7,5,9,0.5,2,0.0,0.0,50,0.0,0.0,balking_rate
10,7,5,9,0.7,1,0.5874257761933981,0.003960652926407189,50,0.0005601209084377735,0.001097836980538036,balking_rate
10,7,5,9,0.7,2,0.0,0.0,50,0.0,0.0,balking_rate
10,7,5,12,0.3,1,0.2508254240157196,0.0030873280851281336,50,0.00043661412494835634,0.0008557636848987784,balking_rate
10,7,5,12,0.3,2,0.0,0.0,50,0.0,0.0,balking_rate
10,7,5,12,0.5,1,0.4196059490695517,0.003573012342741973,50,0.0005053002513632164,0.000990388492671904,balking_rate
10,7,5,12,0.5,2,0.0,0.0,50,0.0,0.0,balking_rate
10,7,5,12,0.7,1,0.5874257761933981,0.003960652926407189,50,0.0005601209084377735,0.001097836980538036,balking_rate
10,7,5,12,0.7,2,0.0,0.0,50,0.0,0.0,balking_rate
10,7,9,5,0.3,1,0.0,0.0,50,0.0,0.0,balking_rate
10,7,9,5,0.3,2,0.05773450560739929,0.003850089422243985,50,0.0005444848677286637,0.0010671903407481807,balking_rate
10,7,9,5,0.5,1,0.0,0.0,50,0.0,0.0,balking_rate
10,7,9,5,0.5,2,0.10453747796676974,0.006669620200418236,50,0.000943226734330903,0.0018487243992885698,balking_rate
10,7,9,5,0.7,1,0.0,0.0,50,0.0,0.0,balking_rate
10,7,9,5,0.7,2,0.1649494742900022,0.008011946858794259,50,0.0011330603908719357,0.0022207983661089938,balking_rate
10,7,9,9,0.3,1,0.0,0.0,50,0.0,0.0,balking_rate
10,7,9,9,0.3,2,0.0,0.0,50,0.0,0.0,balking_rate
10,7,9,9,0.5,1,0.0,0.0,50,0.0,0.0,balking_rate
10,7,9,9,0.5,2,0.0,0.0,50,0.0,0.0,balking_rate
10,7,9,9,0.7,1,0.0,0.0,50,0.0,0.0,balking_rate
10,7,9,9,0.7,2,0.0,0.0,50,0.0,0.0,balking_rate
10,7,12,12,0.3,1,0.0,0.0,50,0.0,0.0,balking_rate
10,7,12,12,0.3,2,0.0,0.0,50,0.0,0.0,balking_rate
10,7,12,12,0.5,1,0.0,0.0,50,0.0,0.0,balking_rate
10,7,12,12,0.5,2,0.0,0.0,50,0.0,0.0,balking_rate
10,7,12,12,0.7,1,0.0,0.0,50,0.0,0.0,balking_rate
10,7,12,12,0.7,2,0.0,0.0,50,0.0,0.0,balking_rate
10,10,5,9,0.3,1,0.22593598794907044,0.0037975479013679777,50,0.0005370543745876078,0.0010526265741917112,balking_rate
10,10,5,9,0.3,2,0.0,0.0,50,0.0,0.0,balking_rate
10,10,5,9,0.5,1,0.3863323743892251,0.00492961342967361,50,0.0006971526169500967,0.0013664191292221896,balking_rate
10,10,5,9,0.5,2,0.0,0.0,50,0.0,0.0,balking_rate
10,10,5,9,0.7,1,0.558586279729763,0.003908204512934121,50,0.000552703582671917,0.0010832990220369574,balking_rate
10,10,5,9,0.7,2,0.0,0.0,50,0.0,0.0,balking_rate
10,10,5,12,0.3,1,0.22593598794907044,0.0037975479013679777,50,0.0005370543745876078,0.0010526265741917112,balking_rate
10,10,5,12,0.3,2,0.0,0.0,50,0.0,0.0,balking_rate
10,10,5,12,0.5,1,0.3863323743892251,0.00492961342967361,50,0.0006971526169500967,0.0013664191292221896,balking_rate
10,10,5,12,0.5,2,0.0,0.0,50,0.0,0.0,balking_rate
10,10,5,12,0.7,1,0.558586279729763,0.003908204512934121,50,0.000552703582671917,0.0010832990220369574,balking_rate
10,10,5,12,0.7,2,0.0,0.0,50,0.0,0.0,balking_rate
10,10,9,5,0.3,1,0.0,0.0,50,0.0,0.0,balking_rate
10,10,9,5,0.3,2,0.22609417516931285,0.0038843080288922605,50,0.0005493241094894139,0.0010766752545992512,balking_rate
10,10,9,5,0.5,1,0.0,0.0,50,0.0,0.0,balking_rate
10,10,9,5,0.5,2,0.3888332805403404,0.004615911779396933,50,0.0006527885041140868,0.00127946546806361,balking_rate
10,10,9,5,0.7,1,0.0,0.0,50,0.0,0.0,balking_rate
10,10,9,5,0.7,2,0.5609181019104544,0.005295147827180393,50,0.0007488469871968937,0.0014677400949059116,balking_rate
10,10,9,9,0.3,1,0.0,0.0,50,0.0,0.0,balking_rate
10,10,9,9,0.3,2,0.0,0.0,50,0.0,0.0,balking_rate
10,10,9,9,0.5,1,0.0,0.0,50,0.0,0.0,balking_rate
10,10,9,9,0.5,2,0.0,0.0,50,0.0,0.0,balking_rate
10,10,9,9,0.7,1,0.0,0.0,50,0.0,0.0,balking_rate
10,10,9,9,0.7,2,0.0,0.0,50,0.0,0.0,balking_rate
10,10,12,12,0.3,1,0.0,0.0,50,0.0,0.0,balking_rate
10,10,12,12,0.3,2,0.0,0.0,50,0.0,0.0,balking_rate
10,10,12,12,0.5,1,0.0,0.0,50,0.0,0.0,balking_rate
10,10,12,12,0.5,2,0.0,0.0,50,0.0,0.0,balking_rate
10,10,12,12,0.7,1,0.0,0.0,50,0.0,0.0,balking_rate
10,10,12,12,0.7,2,0.0,0.0,50,0.0,0.0,balking_rate
10,14,5,9,0.3,1,0.19242794572770447,0.004519944916996533,50,0.000639216740279583,0.0012528648109479828,balking_rate
10,14,5,9,0.3,2,0.16647448900369535,0.003272865236704419,50,0.0004628530405566819,0.0009071919594910965,balking_rate
10,14,5,9,0.5,1,0.36393346507476687,0.004406963140832223,50,0.0006232387042643262,0.0012215478603580794,balking_rate
10,14,5,9,0.5,2,0.2034992565542731,0.0036926041667265396,50,0.0005222130893060074,0.0010235376550397743,balking_rate
10,14,5,9,0.7,1,0.5496210688930162,0.004743262737929613,50,0.0006707986493878998,0.0013147653528002836,balking_rate
10,14,5,9,0.7,2,0.17928398553255118,0.005372051606291747,50,0.0007597228239385958,0.0014890567349196478,balking_rate
10,14,5,12,0.3,1,0.14624754561336673,0.005290900681726599,50,0.0007482463501266811,0.0014665628462482948,balking_rate
10,14,5,12,0.3,2,0.00025848817154930495,0.00039795304420370845,50,5.627905923005443e-05,0.00011030695609090668,balking_rate
10,14,5,12,0.5,1,0.2645953262591807,0.007427986869952958,50,0.0010504759772616747,0.0020589329154328826,balking_rate
10,14,5,12,0.5,2,8.804790495154415e-05,0.00017631449039657999,50,2.4934634356174423e-05,4.887188333810187e-05,balking_rate
10,14,5,12,0.7,1,0.4154204604261254,0.012381964905398004,50,0.0017510742698041552,0.003432105568816144,balking_rate
10,14,5,12,0.7,2,1.094343719777822e-05,5.52790994330937e-05,50,7.817645213405198e-06,1.5322584618274187e-05,balking_rate
10,14,9,5,0.3,1,0.0,0.0,50,0.0,0.0,balking_rate
10,14,9,5,0.3,2,0.25188318476753696,0.002940522242823354,50,0.00041585264362605385,0.0008150711815070656,balking_rate
10,14,9,5,0.5,1,0.0,0.0,50,0.0,0.0,balking_rate
10,14,9,5,0.5,2,0.41944476322911733,0.0035196163663105155,50,0.0004977489199586643,0.0009755878831189819,balking_rate
10,14,9,5,0.7,1,0.0,0.0,50,0.0,0.0,balking_rate
10,14,9,5,0.7,2,0.5883927294007534,0.003406852815983713,50,0.0004818017457373137,0.0009443314216451349,balking_rate
10,14,9,9,0.3,1,0.0,0.0,50,0.0,0.0,balking_rate
10,14,9,9,0.3,2,0.18576100445597554,0.0028751150091837346,50,0.0004066026639370083,0.0007969412213165362,balking_rate
10,14,9,9,0.5,1,0.0,0.0,50,0.0,0.0,balking_rate
10,14,9,9,0.5,2,0.2736735780110967,0.0032852331909748547,50,0.00046460213342348796,0.0009106201815100364,balking_rate
10,14,9,9,0.7,1,0.0,0.0,50,0.0,0.0,balking_rate
10,14,9,9,0.7,2,0.3424535115457967,0.005248054060171721,50,0.0007421869227962035,0.001454686368680559,balking_rate
10,14,12,12,0.3,1,0.0,0.0,50,0.0,0.0,balking_rate
10,14,12,12,0.3,2,0.0011909444475047169,0.0009949662511083077,50,0.0001407094766420883,0.00027579057421849305,balking_rate
10,14,12,12,0.5,1,0.0,0.0,50,0.0,0.0,balking_rate
10,14,12,12,0.5,2,0.0015095495973944427,0.0009561407593861069,50,0.00013521872294615424,0.0002650286969744623,balking_rate
10,14,12,12,0.7,1,0.0,0.0,50,0.0,0.0,balking_rate
10,14,12,12,0.7,2,0.0019716852386996715,0.001209634338481282,50,0.00017106812869924361,0.0003352935322505175,balking_rate
14,2,5,9,0.3,1,0.11017343149976444,0.005600486622592724,50,0.0007920284137559719,0.0015523756909617049,balking_rate
14,2,5,9,0.3,2,0.0,0.0,50,0.0,0.0,balking_rate
14,2,5,9,0.5,1,0.1261001850043979,0.006586670545849114,50,0.0009314958816823214,0.00182573192809735,balking_rate
14,2,5,9,0.5,2,0.0,0.0,50,0.0,0.0,balking_rate
14,2,5,9,0.7,1,0.13139540922996068,0.007241023561271747,50,0.0010240353725813633,0.002007109330259472,balking_rate
14,2,5,9,0.7,2,0.0,0.0,50,0.0,0.0,balking_rate
14,2,5,12,0.3,1,0.11017343149976444,0.005600486622592724,50,0.0007920284137559719,0.0015523756909617049,balking_rate
14,2,5,12,0.3,2,0.0,0.0,50,0.0,0.0,balking_rate
14,2,5,12,0.5,1,0.1261001850043979,0.006586670545849114,50,0.0009314958816823214,0.00182573192809735,balking_rate
14,2,5,12,0.5,2,0.0,0.0,50,0.0,0.0,balking_rate
14,2,5,12,0.7,1,0.13139540922996068,0.007241023561271747,50,0.0010240353725813633,0.002007109330259472,balking_rate
14,2,5,12,0.7,2,0.0,0.0,50,0.0,0.0,balking_rate
14,2,9,5,0.3,1,1.638762198198655e-05,5.98701386114692e-05,50,8.466916200549684e-06,1.659515575307738e-05,balking_rate
14,2,9,5,0.3,2,0.0,0.0,50,0.0,0.0,balking_rate
14,2,9,5,0.5,1,1.7374094766790593e-05,6.525148333074004e-05,50,9.22795326912945e-06,1.8086788407493722e-05,balking_rate
14,2,9,5,0.5,2,0.0,0.0,50,0.0,0.0,balking_rate
14,2,9,5,0.7,1,1.971617653962118e-05,6.99683602408796e-05,50,9.895020398965836e-06,1.939423998197304e-05,balking_rate
14,2,9,5,0.7,2,0.0,0.0,50,0.0,0.0,balking_rate
14,2,9,9,0.3,1,1.638762198198655e-05,5.98701386114692e-05,50,8.466916200549684e-06,1.659515575307738e-05,balking_rate
14,2,9,9,0.3,2,0.0,0.0,50,0.0,0.0,balking_rate
14,2,9,9,0.5,1,1.7374094766790593e-05,6.525148333074004e-05,50,9.22795326912945e-06,1.8086788407493722e-05,balking_rate
14,2,9,9,0.5,2,0.0,0.0,50,0.0,0.0,balking_rate
14,2,9,9,0.7,1,1.971617653962118e-05,6.99683602408796e-05,50,9.895020398965836e-06,1.939423998197304e-05,balking_rate
14,2,9,9,0.7,2,0.0,0.0,50,0.0,0.0,balking_rate
14,2,12,12,0.3,1,0.0,0.0,50,0.0,0.0,balking_rate
14,2,12,12,0.3,2,0.0,0.0,50,0.0,0.0,balking_rate
14,2,12,12,0.5,1,0.0,0.0,50,0.0,0.0,balking_rate
14,2,12,12,0.5,2,0.0,0.0,50,0.0,0.0,balking_rate
14,2,12,12,0.7,1,0.0,0.0,50,0.0,0.0,balking_rate
14,2,12,12,0.7,2,0.0,0.0,50,0.0,0.0,balking_rate
14,5,5,9,0.3,1,0.18781217476899162,0.005154272314197155,50,0.0007289241810901775,0.001428691394936748,balking_rate
14,5,5,9,0.3,2,0.0,0.0,50,0.0,0.0,balking_rate
14,5,5,9,0.5,1,0.21036269642400046,0.005111999196089046,50,0.0007229458593949488,0.0014169738844140997,balking_rate
14,5,5,9,0.5,2,0.0,0.0,50,0.0,0.0,balking_rate
14,5,5,9,0.7,1,0.22292458288244904,0.0062577296888687425,50,0.0008849766195662944,0.001734554174349937,balking_rate
14,5,5,9,0.7,2,0.0,0.0,50,0.0,0.0,balking_rate
14,5,5,12,0.3,1,0.18781217476899162,0.005154272314197155,50,0.0007289241810901775,0.001428691394936748,balking_rate
14,5,5,12,0.3,2,0.0,0.0,50,0.0,0.0,balking_rate
14,5,5,12,0.5,1,0.21036269642400046,0.005111999196089046,50,0.0007229458593949488,0.0014169738844140997,balking_rate
14,5,5,12,0.5,2,0.0,0.0,50,0.0,0.0,balking_rate
14,5,5,12,0.7,1,0.22292458288244904,0.0062577296888687425,50,0.0008849766195662944,0.001734554174349937,balking_rate
14,5,5,12,0.7,2,0.0,0.0,50,0.0,0.0,balking_rate
14,5,9,5,0.3,1,0.00755370260743258,0.0026560672396505136,50,0.00037562463128886257,0.0007362242773261707,balking_rate
14,5,9,5,0.3,2,0.0,0.0,50,0.0,0.0,balking_rate
14,5,9,5,0.5,1,0.009425847896863192,0.0031512221002037914,50,0.000445650103215803,0.0008734742023029739,balking_rate
14,5,9,5,0.5,2,0.0,0.0,50,0.0,0.0,balking_rate
14,5,9,5,0.7,1,0.010287212937560082,0.0032916489707174664,50,0.00046550946169600794,0.0009123985449241756,balking_rate
14,5,9,5,0.7,2,0.0,0.0,50,0.0,0.0,balking_rate
14,5,9,9,0.3,1,0.00755370260743258,0.0026560672396505136,50,0.00037562463128886257,0.0007362242773261707,balking_rate
14,5,9,9,0.3,2,0.0,0.0,50,0.0,0.0,balking_rate
14,5,9,9,0.5,1,0.009425847896863192,0.0031512221002037914,50,0.000445650103215803,0.0008734742023029739,balking_rate
14,5,9,9,0.5,2,0.0,0.0,50,0.0,0.0,balking_rate
14,5,9,9,0.7,1,0.010287212937560082,0.0032916489707174664,50,0.00046550946169600794,0.0009123985449241756,balking_rate
14,5,9,9,0.7,2,0.0,0.0,50,0.0,0.0,balking_rate
14,5,12,12,0.3,1,0.0,0.0,50,0.0,0.0,balking_rate
14,5,12,12,0.3,2,0.0,0.0,50,0.0,0.0,balking_rate
14,5,12,12,0.5,1,0.0,0.0,50,0.0,0.0,balking_rate
14,5,12,12,0.5,2,0.0,0.0,50,0.0,0.0,balking_rate
14,5,12,12,0.7,1,0.0,0.0,50,0.0,0.0,balking_rate
14,5,12,12,0.7,2,0.0,0.0,50,0.0,0.0,balking_rate
14,7,5,9,0.3,1,0.2508254240157196,0.0030873280851281336,50,0.00043661412494835634,0.0008557636848987784,balking_rate
14,7,5,9,0.3,2,0.0,0.0,50,0.0,0.0,balking_rate
14,7,5,9,0.5,1,0.4196059490695517,0.003573012342741973,50,0.0005053002513632164,0.000990388492671904,balking_rate
14,7,5,9,0.5,2,0.0,0.0,50,0.0,0.0,balking_rate
14,7,5,9,0.7,1,0.5874257761933981,0.003960652926407189,50,0.0005601209084377735,0.001097836980538036,balking_rate
14,7,5,9,0.7,2,0.0,0.0,50,0.0,0.0,balking_rate
14,7,5,12,0.3,1,0.2508254240157196,0.0030873280851281336,50,0.00043661412494835634,0.0008557636848987784,balking_rate
14,7,5,12,0.3,2,0.0,0.0,50,0.0,0.0,balking_rate
14,7,5,12,0.5,1,0.4196059490695517,0.003573012342741973,50,0.0005053002513632164,0.000990388492671904,balking_rate
14,7,5,12,0.5,2,0.0,0.0,50,0.0,0.0,balking_rate
14,7,5,12,0.7,1,0.5874257761933981,0.003960652926407189,50,0.0005601209084377735,0.001097836980538036,balking_rate
14,7,5,12,0.7,2,0.0,0.0,50,0.0,0.0,balking_rate
14,7,9,5,0.3,1,0.034115245139150076,0.004721649383830309,50,0.000667742059538339,0.0013087744366951444,balking_rate
14,7,9,5,0.3,2,0.05791470331756488,0.004782684894912194,50,0.0006763737842941766,0.001325692617216586,balking_rate
14,7,9,5,0.5,1,0.03565241706969621,0.007038183293832033,50,0.0009953494268605003,0.0019508848766465806,balking_rate
14,7,9,5,0.5,2,0.10456916331036277,0.005755949600964759,50,0.0008140141990020366,0.0015954678300439916,balking_rate
14,7,9,5,0.7,1,0.03479992728049968,0.005204431823896054,50,0.0007360178069799943,0.0014425949016807888,balking_rate
14,7,9,5,0.7,2,0.16602784120492434,0.007100817210284796,50,0.0010042072002717044,0.0019682461125325405,balking_rate
14,7,9,9,0.3,1,0.03700460054031879,0.0058805302947889495,50,0.0008316325696836387,0.0016299998365799319,balking_rate
14,7,9,9,0.3,2,0.0,0.0,50,0.0,0.0,balking_rate
14,7,9,9,0.5,1,0.04463252630110178,0.006827457820155459,50,0.0009655483445794097,0.001892474755375643,balking_rate
14,7,9,9,0.5,2,0.0,0.0,50,0.0,0.0,balking_rate
14,7,9,9,0.7,1,0.04775863735463439,0.005441256208579454,50,0.000769509832651987,0.0015082392719978945,balking_rate
14,7,9,9,0.7,2,0.0,0.0,50,0.0,0.0,balking_rate
14,7,12,12,0.3,1,0.0,0.0,50,0.0,0.0,balking_rate
14,7,12,12,0.3,2,0.0,0.0,50,0.0,0.0,balking_rate
14,7,12,12,0.5,1,0.0,0.0,50,0.0,0.0,balking_rate
14,7,12,12,0.5,2,0.0,0.0,50,0.0,0.0,balking_rate
14,7,12,12,0.7,1,0.0,0.0,50,0.0,0.0,balking_rate
14,7,12,12,0.7,2,0.0,0.0,50,0.0,0.0,balking_rate
14,10,5,9,0.3,1,0.2512943476399453,0.0035668602228026746,50,0.0005044302102176661,0.0009886832120266256,balking_rate
14,10,5,9,0.3,2,0.0,0.0,50,0.0,0.0,balking_rate
14,10,5,9,0.5,1,0.4196004923379082,0.004023990790961145,50,0.000569078235144169,0.0011153933408825712,balking_rate
14,10,5,9,0.5,2,0.0,0.0,50,0.0,0.0,balking_rate
14,10,5,9,0.7,1,0.5873755622561486,0.003710373838729491,50,0.000524726100420557,0.0010284631568242917,balking_rate
14,10,5,9,0.7,2,0.0,0.0,50,0.0,0.0,balking_rate
14,10,5,12,0.3,1,0.2512943476399453,0.0035668602228026746,50,0.0005044302102176661,0.0009886832120266256,balking_rate
14,10,5,12,0.3,2,0.0,0.0,50,0.0,0.0,balking_rate
14,10,5,12,0.5,1,0.4196004923379082,0.004023990790961145,50,0.000569078235144169,0.0011153933408825712,balking_rate
14,10,5,12,0.5,2,0.0,0.0,50,0.0,0.0,balking_rate
14,10,5,12,0.7,1,0.5873755622561486,0.003710373838729491,50,0.000524726100420557,0.0010284631568242917,balking_rate
14,10,5,12,0.7,2,0.0,0.0,50,0.0,0.0,balking_rate
14,10,9,5,0.3,1,0.1667471770249918,0.0024980182884033297,50,0.00035327313425160146,0.0006924153431331388,balking_rate
14,10,9,5,0.3,2,0.19073328158436578,0.004711888672631108,50,0.0006663616865227074,0.0013060689055845063,balking_rate
14,10,9,5,0.5,1,0.20363655597202587,0.004675276612616637,50,0.0006611839593408191,0.0012959205603080054,balking_rate
14,10,9,5,0.5,2,0.366164236649514,0.005256124503814083,50,0.0007433282558815431,0.0014569233815278245,balking_rate
14,10,9,5,0.7,1,0.1773684330031087,0.0060751853851697055,50,0.0008591609565637813,0.0016839554748650112,balking_rate
14,10,9,5,0.7,2,0.5501623375772734,0.0048109539995477195,50,0.0006803716394113469,0.00133352841324624,balking_rate
14,10,9,9,0.3,1,0.18556662109925376,0.003228569661973268,50,0.00045658870030289143,0.0008949138525936672,balking_rate
14,10,9,9,0.3,2,0.0,0.0,50,0.0,0.0,balking_rate
14,10,9,9,0.5,1,0.27444745393662373,0.0030737399021928996,50,0.0004346924656888549,0.0008519972327501556,balking_rate
14,10,9,9,0.5,2,0.0,0.0,50,0.0,0.0,balking_rate
14,10,9,9,0.7,1,0.34314197471446284,0.004300221419638362,50,0.0006081431452859856,0.0011919605647605317,balking_rate
14,10,9,9,0.7,2,0.0,0.0,50,0.0,0.0,balking_rate
14,10,12,12,0.3,1,0.001045360836761273,0.0008368544723279634,50,0.00011834909444987857,0.000231964225121762,balking_rate
14,10,12,12,0.3,2,0.0,0.0,50,0.0,0.0,balking_rate
14,10,12,12,0.5,1,0.001673366977661177,0.0012410790904737346,50,0.00017551508817256208,0.00034400957281822167,balking_rate
14,10,12,12,0.5,2,0.0,0.0,50,0.0,0.0,balking_rate
14,10,12,12,0.7,1,0.001750807523890818,0.0012989726839471181,50,0.00018370247867901943,0.0003600568582108781,balking_rate
14,10,12,12,0.7,2,0.0,0.0,50,0.0,0.0,balking_rate
14,14,5,9,0.3,1,0.24659230468711754,0.004026122739753987,50,0.0005693797382338812,0.001115984286938407,balking_rate
14,14,5,9,0.3,2,0.19646916860096156,0.0037210177331000157,50,0.0005262313743980831,0.0010314134938202428,balking_rate
14,14,5,9,0.5,1,0.4201928731970601,0.0036700084730022877,50,0.0005190175756544008,0.0010172744482826255,balking_rate
14,14,5,9,0.5,2,0.33121725245444367,0.004869509491285818,50,0.0006886526364680914,0.0013497591674774593,balking_rate
14,14,5,9,0.7,1,0.5881919771706614,0.0038813777035088025,50,0.0005489096988994686,0.0010758630098429583,balking_rate
14,14,5,9,0.7,2,0.2397411737102577,0.008201992203998537,50,0.0011599368613373123,0.002273476248221132,balking_rate
14,14,5,12,0.3,1,0.24456074242655926,0.0032215887616858715,50,0.0004556014519164904,0.0008929788457563212,balking_rate
14,14,5,12,0.3,2,0.1513752931285456,0.0027527792467137227,50,0.0003893017744921739,0.0007630314780046608,balking_rate
14,14,5,12,0.5,1,0.41974143121159296,0.0035954993643754797,50,0.0005084803964603646,0.0009966215770623147,balking_rate
14,14,5,12,0.5,2,0.19023832748417674,0.005869989646670771,50,0.0008301418969311456,0.0016270781179850455,balking_rate
14,14,5,12,0.7,1,0.5882979609417346,0.003358362545803614,50,0.0004749441859641305,0.0009308906044896958,balking_rate
14,14,5,12,0.7,2,0.06996790877469941,0.009359663883338695,50,0.001323656360307121,0.002594366466201957,balking_rate
14,14,9,5,0.3,1,0.1961704425386509,0.00272156979388596,50,0.00038488809134584734,0.0007543806590378608,balking_rate
14,14,9,5,0.3,2,0.24663431507494513,0.003019898195704364,50,0.0004270780985351151,0.0008370730731288255,balking_rate
14,14,9,5,0.5,1,0.33006607804437027,0.004633738394033486,50,0.000655309568133108,0.0012844067535408917,balking_rate
14,14,9,5,0.5,2,0.4193235516620416,0.003635422528071509,50,0.0005141263844155411,0.0010076877134544606,balking_rate
14,14,9,5,0.7,1,0.23884028017611755,0.007097577132664872,50,0.0010037489841003807,0.0019673480088367463,balking_rate
14,14,9,5,0.7,2,0.5875798517819429,0.003679359100789248,50,0.000520339954117703,0.001019866310070698,balking_rate
14,14,9,9,0.3,1,0.20216819951989312,0.0027320689462848997,50,0.0003863728957174476,0.0007572908756061972,balking_rate
14,14,9,9,0.3,2,0.202413687049532,0.003049990536632034,50,0.0004313337982014617,0.0008454142444748649,balking_rate
14,14,9,9,0.5,1,0.356085296908833,0.0031301254204204815,50,0.0004426665821487431,0.0008676265010115364,balking_rate
14,14,9,9,0.5,2,0.35657128972477464,0.004124353390266449,50,0.0005832716500534267,0.0011432124341047164,balking_rate
14,14,9,9,0.7,1,0.4058666267445424,0.004536787250213835,50,0.0006415986058853746,0.001257533267535334,balking_rate
14,14,9,9,0.7,2,0.40650599732021775,0.0050018425582174135,50,0.0007073673582686003,0.0013864400222064566,balking_rate
14,14,12,12,0.3,1,0.16157118965080666,0.003096018086094955,50,0.00043784307667078776,0.000858172430274744,balking_rate
14,14,12,12,0.3,2,0.16082080867969714,0.003584597717521426,50,0.0005069386707770441,0.0009935997947230065,balking_rate
14,14,12,12,0.5,1,0.2788640249911249,0.004380848054863283,50,0.0006195454733883447,0.0012143091278411556,balking_rate
14,14,12,12,0.5,2,0.279474622492611,0.003604998138734015,50,0.0005098237260127409,0.000999254502984972,balking_rate
14,14,12,12,0.7,1,0.31424297353276726,0.0049220769528525105,50,0.0006960867981768057,0.0013643301244265391,balking_rate
14,14,12,12,0.7,2,0.31349811337820044,0.005006832850134352,50,0.0007080730921195139,0.001387823260554247,balking_rate
2,2,5,9,0.3,1,0.5003390410958903,0.004831568145704736,50,0.0006832869199185464,0.0013392423630403509,slot_utilization
2,2,5,9,0.3,2,0.4996609589041096,0.004831568145704737,50,0.0006832869199185465,0.001339242363040351,slot_utilization
2,2,5,9,0.5,1,0.5003390410958903,0.004831568145704736,50,0.0006832869199185464,0.0013392423630403509,slot_utilization
2,2,5,9,0.5,2,0.4996609589041096,0.004831568145704737,50,0.0006832869199185465,0.001339242363040351,slot_utilization
2,2,5,9,0.7,1,0.5003390410958903,0.004831568145704736,50,0.0006832869199185464,0.0013392423630403509,slot_utilization
2,2,5,9,0.7,2,0.4996609589041096,0.004831568145704737,50,0.0006832869199185465,0.001339242363040351,slot_utilization
2,2,5,12,0.3,1,0.5003390410958903,0.004831568145704736,50,0.0006832869199185464,0.0013392423630403509,slot_utilization
2,2,5,12,0.3,2,0.4996609589041096,0.004831568145704737,50,0.0006832869199185465,0.001339242363040351,slot_utilization
2,2,5,12,0.5,1,0.5003390410958903,0.004831568145704736,50,0.0006832869199185464,0.0013392423630403509,slot_utilization
2,2,5,12,0.5,2,0.4996609589041096,0.004831568145704737,50,0.0006832869199185465,0.001339242363040351,slot_utilization
2,2,5,12,0.7,1,0.5003390410958903,0.004831568145704736,50,0.0006832869199185464,0.0013392423630403509,slot_utilization
2,2,5,12,0.7,2,0.4996609589041096,0.004831568145704737,50,0.0006832869199185465,0.001339242363040351,slot_utilization
2,2,9,5,0.3,1,0.5003390410958903,0.004831568145704736,50,0.0006832869199185464,0.0013392423630403509,slot_utilization
2,2,9,5,0.3,2,0.4996609589041096,0.004831568145704737,50,0.0006832869199185465,0.001339242363040351,slot_utilization
2,2,9,5,0.5,1,0.5003390410958903,0.004831568145704736,50,0.0006832869199185464,0.0013392423630403509,slot_utilization
2,2,9,5,0.5,2,0.4996609589041096,0.004831568145704737,50,0.0006832869199185465,0.001339242363040351,slot_utilization
2,2,9,5,0.7,1,0.5003390410958903,0.004831568145704736,50,0.0006832869199185464,0.0013392423630403509,slot_utilization
2,2,9,5,0.7,2,0.4996609589041096,0.004831568145704737,50,0.0006832869199185465,0.001339242363040351,slot_utilization
2,2,9,9,0.3,1,0.5003390410958903,0.004831568145704736,50,0.0006832869199185464,0.0013392423630403509,slot_utilization
2,2,9,9,0.3,2,0.4996609589041096,0.004831568145704737,50,0.0006832869199185465,0.001339242363040351,slot_utilization
2,2,9,9,0.5,1,0.5003390410958903,0.004831568145704736,50,0.0006832869199185464,0.0013392423630403509,slot_utilization
2,2,9,9,0.5,2,0.4996609589041096,0.004831568145704737,50,0.0006832869199185465,0.001339242363040351,slot_utilization
2,2,9,9,0.7,1,0.5003390410958903,0.004831568145704736,50,0.0006832869199185464,0.0013392423630403509,slot_utilization
2,2,9,9,0.7,2,0.4996609589041096,0.004831568145704737,50,0.0006832869199185465,0.001339242363040351,slot_utilization
2,2,12,12,0.3,1,0.5003390410958903,0.004831568145704736,50,0.0006832869199185464,0.0013392423630403509,slot_utilization
2,2,12,12,0.3,2,0.4996609589041096,0.004831568145704737,50,0.0006832869199185465,0.001339242363040351,slot_utilization
2,2,12,12,0.5,1,0.5003390410958903,0.004831568145704736,50,0.0006832869199185464,0.0013392423630403509,slot_utilization
2,2,12,12,0.5,2,0.4996609589041096,0.004831568145704737,50,0.0006832869199185465,0.001339242363040351,slot_utilization
2,2,12,12,0.7,1,0.5003390410958903,0.004831568145704736,50,0.0006832869199185464,0.0013392423630403509,slot_utilization
2,2,12,12,0.7,2,0.4996609589041096,0.004831568145704737,50,0.0006832869199185465,0.001339242363040351,slot_utilization
2,5,5,9,0.3,1,0.049703767123287675,0.001966267098789617,50,0.00027807215983562746,0.0005450214332778298,slot_utilization
2,5,5,9,0.3,2,0.9502739726027397,0.0018261381708257409,50,0.00025825493679489586,0.0005061796761179958,slot_utilization
2,5,5,9,0.5,1,0.049703767123287675,0.001966267098789617,50,0.00027807215983562746,0.0005450214332778298,slot_utilization
2,5,5,9,0.5,2,0.9502739726027397,0.0018261381708257409,50,0.00025825493679489586,0.0005061796761179958,slot_utilization
2,5,5,9,0.7,1,0.049703767123287675,0.001966267098789617,50,0.00027807215983562746,0.0005450214332778298,slot_utilization
2,5,5,9,0.7,2,0.9502739726027397,0.0018261381708257409,50,0.00025825493679489586,0.0005061796761179958,slot_utilization
2,5,5,12,0.3,1,0.049703767123287675,0.001966267098789617,50,0.00027807215983562746,0.0005450214332778298,slot_utilization
2,5,5,12,0.3,2,0.9502739726027397,0.0018261381708257409,50,0.00025825493679489586,0.0005061796761179958,slot_utilization
2,5,5,12,0.5,1,0.049703767123287675,0.001966267098789617,50,0.00027807215983562746,0.0005450214332778298,slot_utilization
2,5,5,12,0.5,2,0.9502739726027397,0.0018261381708257409,50,0.00025825493679489586,0.0005061796761179958,slot_utilization
2,5,5,12,0.7,1,0.049703767123287675,0.001966267098789617,50,0.00027807215983562746,0.0005450214332778298,slot_utilization
2,5,5,12,0.7,2,0.9502739726027397,0.0018261381708257409,50,0.00025825493679489586,0.0005061796761179958,slot_utilization
2,5,9,5,0.3,1,0.049703767123287675,0.001966267098789617,50,0.00027807215983562746,0.0005450214332778298,slot_utilization
2,5,9,5,0.3,2,0.9502739726027397,0.0018261381708257409,50,0.00025825493679489586,0.0005061796761179958,slot_utilization
2,5,9,5,0.5,1,0.049703767123287675,0.001966267098789617,50,0.00027807215983562746,0.0005450214332778298,slot_utilization
2,5,9,5,0.5,2,0.9502739726027397,0.0018261381708257409,50,0.00025825493679489586,0.0005061796761179958,slot_utilization
2,5,9,5,0.7,1,0.049703767123287675,0.001966267098789617,50,0.00027807215983562746,0.0005450214332778298,slot_utilization
2,5,9,5,0.7,2,0.9502739726027397,0.0018261381708257409,50,0.00025825493679489586,0.0005061796761179958,slot_utilization
2,5,9,9,0.3,1,0.049703767123287675,0.001966267098789617,50,0.00027807215983562746,0.0005450214332778298,slot_utilization
2,5,9,9,0.3,2,0.9502739726027397,0.0018261381708257409,50,0.00025825493679489586,0.0005061796761179958,slot_utilization
2,5,9,9,0.5,1,0.049703767123287675,0.001966267098789617,50,0.00027807215983562746,0.0005450214332778298,slot_utilization
2,5,9,9,0.5,2,0.9502739726027397,0.0018261381708257409,50,0.00025825493679489586,0.0005061796761179958,slot_utilization
2,5,9,9,0.7,1,0.049703767123287675,0.001966267098789617,50,0.00027807215983562746,0.0005450214332778298,slot_utilization
2,5,9,9,0.7,2,0.9502739726027397,0.0018261381708257409,50,0.00025825493679489586,0.0005061796761179958,slot_utilization
2,5,12,12,0.3,1,0.049703767123287675,0.001966267098789617,50,0.00027807215983562746,0.0005450214332778298,slot_utilization
2,5,12,12,0.3,2,0.9502739726027397,0.0018261381708257409,50,0.00025825493679489586,0.0005061796761179958,slot_utilization
2,5,12,12,0.5,1,0.049703767123287675,0.001966267098789617,50,0.00027807215983562746,0.0005450214332778298,slot_utilization
2,5,12,12,0.5,2,0.9502739726027397,0.0018261381708257409,50,0.00025825493679489586,0.0005061796761179958,slot_utilization
2,5,12,12,0.7,1,0.049703767123287675,0.001966267098789617,50,0.00027807215983562746,0.0005450214332778298,slot_utilization
2,5,12,12,0.7,2,0.9502739726027397,0.0018261381708257409,50,0.00025825493679489586,0.0005061796761179958,slot_utilization
2,7,5,9,0.3,1,0.04996404109589041,0.002002817499733768,50,0.0002832411671081667,0.0005551526875320068,slot_utilization
2,7,5,9,0.3,2,0.950027397260274,0.0021397776530236966,50,0.0003026102577368982,0.0005931161051643205,slot_utilization
2,7,5,9,0.5,1,0.04996404109589041,0.002002817499733768,50,0.0002832411671081667,0.0005551526875320068,slot_utilization
2,7,5,9,0.5,2,0.950027397260274,0.0021397776530236966,50,0.0003026102577368982,0.0005931161051643205,slot_utilization
2,7,5,9,0.7,1,0.04996404109589041,0.002002817499733768,50,0.0002832411671081667,0.0005551526875320068,slot_utilization
2,7,5,9,0.7,2,0.950027397260274,0.0021397776530236966,50,0.0003026102577368982,0.0005931161051643205,slot_utilization
2,7,5,12,0.3,1,0.04996404109589041,0.002002817499733768,50,0.0002832411671081667,0.0005551526875320068,slot_utilization
2,7,5,12,0.3,2,0.950027397260274,0.0021397776530236966,50,0.0003026102577368982,0.0005931161051643205,slot_utilization
2,7,5,12,0.5,1,0.04996404109589041,0.002002817499733768,50,0.0002832411671081667,0.0005551526875320068,slot_utilization
2,7,5,12,0.5,2,0.950027397260274,0.0021397776530236966,50,0.0003026102577368982,0.0005931161051643205,slot_utilization
2,7,5,12,0.7,1,0.04996404109589041,0.002002817499733768,50,0.0002832411671081667,0.0005551526875320068,slot_utilization
2,7,5,12,0.7,2,0.950027397260274,0.0021397776530236966,50,0.0003026102577368982,0.0005931161051643205,slot_utilization
2,7,9,5,0.3,1,0.049893835616438356,0.0021358674169211322,50,0.0003020572668440655,0.0005920322430143684,slot_utilization
2,7,9,5,0.3,2,0.9500873287671233,0.002377112531654961,50,0.00033617447815534893,0.0006589019771844839,slot_utilization
2,7,9,5,0.5,1,0.05026883561643835,0.0019368934897210875,50,0.0002739181042035715,0.0005368794842390001,slot_utilization
2,7,9,5,0.5,2,0.9497842465753424,0.001825502368764571,50,0.00025816502080510675,0.0005060034407780092,slot_utilization
2,7,9,5,0.7,1,0.05010445205479452,0.002104947332414228,50,0.00029768450655812687,0.0005834616328539286,slot_utilization
2,7,9,5,0.7,2,0.9499006849315069,0.0022486511893337964,50,0.00031800730090022453,0.00062329430976444,slot_utilization
2,7,9,9,0.3,1,0.04996404109589041,0.002002817499733768,50,0.0002832411671081667,0.0005551526875320068,slot_utilization
2,7,9,9,0.3,2,0.950027397260274,0.0021397776530236966,50,0.0003026102577368982,0.0005931161051643205,slot_utilization
2,7,9,9,0.5,1,0.04996404109589041,0.002002817499733768,50,0.0002832411671081667,0.0005551526875320068,slot_utilization
2,7,9,9,0.5,2,0.950027397260274,0.0021397776530236966,50,0.0003026102577368982,0.0005931161051643205,slot_utilization
2,7,9,9,0.7,1,0.04996404109589041,0.002002817499733768,50,0.0002832411671081667,0.0005551526875320068,slot_utilization
2,7,9,9,0.7,2,0.950027397260274,0.0021397776530236966,50,0.0003026102577368982,0.0005931161051643205,slot_utilization
2,7,12,12,0.3,1,0.04996404109589041,0.002002817499733768,50,0.0002832411671081667,0.0005551526875320068,slot_utilization
2,7,12,12,0.3,2,0.950027397260274,0.0021397776530236966,50,0.0003026102577368982,0.0005931161051643205,slot_utilization
2,7,12,12,0.5,1,0.04996404109589041,0.002002817499733768,50,0.0002832411671081667,0.0005551526875320068,slot_utilization
2,7,12,12,0.5,2,0.950027397260274,0.0021397776530236966,50,0.0003026102577368982,0.0005931161051643205,slot_utilization
2,7,12,12,0.7,1,0.04996404109589041,0.002002817499733768,50,0.0002832411671081667,0.0005551526875320068,slot_utilization
2,7,12,12,0.7,2,0.950027397260274,0.0021397776530236966,50,0.0003026102577368982,0.0005931161051643205,slot_utilization
2,10,5,9,0.3,1,0.04962671232876712,0.0021269678487593523,50,0.0003007986778447002,0.0005895654085756124,slot_utilization
2,10,5,9,0.3,2,0.8212243150684931,0.01047669845131544,50,0.0014816289038743495,0.002903992651593725,slot_utilization
2,10,5,9,0.5,1,0.04962671232876712,0.0021269678487593523,50,0.0003007986778447002,0.0005895654085756124,slot_utilization
2,10,5,9,0.5,2,0.8212243150684931,0.01047669845131544,50,0.0014816289038743495,0.002903992651593725,slot_utilization
2,10,5,9,0.7,1,0.04962671232876712,0.0021269678487593523,50,0.0003007986778447002,0.0005895654085756124,slot_utilization
2,10,5,9,0.7,2,0.8212243150684931,0.01047669845131544,50,0.0014816289038743495,0.002903992651593725,slot_utilization
2,10,5,12,0.3,1,0.04962671232876712,0.0021269678487593523,50,0.0003007986778447002,0.0005895654085756124,slot_utilization
2,10,5,12,0.3,2,0.8212243150684931,0.01047669845131544,50,0.0014816289038743495,0.002903992651593725,slot_utilization
2,10,5,12,0.5,1,0.04962671232876712,0.0021269678487593523,50,0.0003007986778447002,0.0005895654085756124,slot_utilization
2,10,5,12,0.5,2,0.8212243150684931,0.01047669845131544,50,0.0014816289038743495,0.002903992651593725,slot_utilization
2,10,5,12,0.7,1,0.04962671232876712,0.0021269678487593523,50,0.0003007986778447002,0.0005895654085756124,slot_utilization
2,10,5,12,0.7,2,0.8212243150684931,0.01047669845131544,50,0.0014816289038743495,0.002903992651593725,slot_utilization
2,10,9,5,0.3,1,0.050159246575342466,0.0020655419994469256,50,0.0002921117509269082,0.00057253903181674,slot_utilization
2,10,9,5,0.3,2,0.9497054794520549,0.0022601177714768137,50,0.00031962892049829653,0.0006264726841766612,slot_utilization
2,10,9,5,0.5,1,0.05026883561643835,0.0019368934897210875,50,0.0002739181042035715,0.0005368794842390001,slot_utilization
2,10,9,5,0.5,2,0.9497842465753424,0.001825502368764571,50,0.00025816502080510675,0.0005060034407780092,slot_utilization
2,10,9,5,0.7,1,0.05010445205479452,0.002104947332414228,50,0.00029768450655812687,0.0005834616328539286,slot_utilization
2,10,9,5,0.7,2,0.9499006849315069,0.0022486511893337964,50,0.00031800730090022453,0.00062329430976444,slot_utilization
2,10,9,9,0.3,1,0.04962671232876712,0.0021269678487593523,50,0.0003007986778447002,0.0005895654085756124,slot_utilization
2,10,9,9,0.3,2,0.8212243150684931,0.01047669845131544,50,0.0014816289038743495,0.002903992651593725,slot_utilization
2,10,9,9,0.5,1,0.04962671232876712,0.0021269678487593523,50,0.0003007986778447002,0.0005895654085756124,slot_utilization
2,10,9,9,0.5,2,0.8212243150684931,0.01047669845131544,50,0.0014816289038743495,0.002903992651593725,slot_utilization
2,10,9,9,0.7,1,0.04962671232876712,0.0021269678487593523,50,0.0003007986778447002,0.0005895654085756124,slot_utilization
2,10,9,9,0.7,2,0.8212243150684931,0.01047669845131544,50,0.0014816289038743495,0.002903992651593725,slot_utilization
2,10,12,12,0.3,1,0.04962671232876712,0.0021269678487593523,50,0.0003007986778447002,0.0005895654085756124,slot_utilization
2,10,12,12,0.3,2,0.8212243150684931,0.01047669845131544,50,0.0014816289038743495,0.002903992651593725,slot_utilization
2,10,12,12,0.5,1,0.04962671232876712,0.0021269678487593523,50,0.0003007986778447002,0.0005895654085756124,slot_utilization
2,10,12,12,0.5,2,0.8212243150684931,0.01047669845131544,50,0.0014816289038743495,0.002903992651593725,slot_utilization
2,10,12,12,0.7,1,0.04962671232876712,0.0021269678487593523,50,0.0003007986778447002,0.0005895654085756124,slot_utilization
2,10,12,12,0.7,2,0.8212243150684931,0.01047669845131544,50,0.0014816289038743495,0.002903992651593725,slot_utilization
2,14,5,9,0.3,1,0.0496472602739726,0.0021195615804021784,50,0.0002997512733289712,0.0005875124957247835,slot_utilization
2,14,5,9,0.3,2,0.8212465753424658,0.010554672335367374,50,0.0014926560763080649,0.002925605909563807,slot_utilization
2,14,5,9,0.5,1,0.0495958904109589,0.002116552802360872,50,0.0002993257678577526,0.0005866785050011951,slot_utilization
2,14,5,9,0.5,2,0.8213133561643836,0.010601525464557369,50,0.0014992821093820757,0.002938592934388868,slot_utilization
2,14,5,9,0.7,1,0.04960616438356165,0.002116762001250874,50,0.0002993553530485,0.00058673649197506,slot_utilization
2,14,5,9,0.7,2,0.8214041095890411,0.01037209399907516,50,0.0014668356003700682,0.0028749977767253336,slot_utilization
2,14,5,12,0.3,1,0.049609589041095886,0.0021375197134682077,50,0.00030229093686265915,0.000592490236250812,slot_utilization
2,14,5,12,0.3,2,0.8204606164383561,0.010605406337335085,50,0.0014998309476736847,0.002939668657440422,slot_utilization
2,14,5,12,0.5,1,0.049609589041095886,0.0021375197134682077,50,0.00030229093686265915,0.000592490236250812,slot_utilization
2,14,5,12,0.5,2,0.8204606164383561,0.010605406337335085,50,0.0014998309476736847,0.002939668657440422,slot_utilization
2,14,5,12,0.7,1,0.049609589041095886,0.0021375197134682077,50,0.00030229093686265915,0.000592490236250812,slot_utilization
2,14,5,12,0.7,2,0.8204606164383561,0.010605406337335085,50,0.0014998309476736847,0.002939668657440422,slot_utilization
2,14,9,5,0.3,1,0.050159246575342466,0.0020655419994469256,50,0.0002921117509269082,0.00057253903181674,slot_utilization
2,14,9,5,0.3,2,0.9497054794520549,0.0022601177714768137,50,0.00031962892049829653,0.0006264726841766612,slot_utilization
2,14,9,5,0.5,1,0.05026883561643835,0.0019368934897210875,50,0.0002739181042035715,0.0005368794842390001,slot_utilization
2,14,9,5,0.5,2,0.9497842465753424,0.001825502368764571,50,0.00025816502080510675,0.0005060034407780092,slot_utilization
2,14,9,5,0.7,1,0.05010445205479452,0.002104947332414228,50,0.00029768450655812687,0.0005834616328539286,slot_utilization
2,14,9,5,0.7,2,0.9499006849315069,0.0022486511893337964,50,0.00031800730090022453,0.00062329430976444,slot_utilization
2,14,9,9,0.3,1,0.0496472602739726,0.0021195615804021784,50,0.0002997512733289712,0.0005875124957247835,slot_utilization
2,14,9,9,0.3,2,0.8212465753424658,0.010554672335367374,50,0.0014926560763080649,0.002925605909563807,slot_utilization
2,14,9,9,0.5,1,0.0495958904109589,0.002116552802360872,50,0.0002993257678577526,0.0005866785050011951,slot_utilization
2,14,9,9,0.5,2,0.8213133561643836,0.010601525464557369,50,0.0014992821093820757,0.002938592934388868,slot_utilization
2,14,9,9,0.7,1,0.04960616438356165,0.002116762001250874,50,0.0002993553530485,0.00058673649197506,slot_utilization
2,14,9,9,0.7,2,0.8214041095890411,0.01037209399907516,50,0.0014668356003700682,0.0028749977767253336,slot_utilization
2,14,12,12,0.3,1,0.049609589041095886,0.0021375197134682077,50,0.00030229093686265915,0.000592490236250812,slot_utilization
2,14,12,12,0.3,2,0.8204606164383561,0.010605406337335085,50,0.0014998309476736847,0.002939668657440422,slot_utilization
2,14,12,12,0.5,1,0.049609589041095886,0.0021375197134682077,50,0.00030229093686265915,0.000592490236250812,slot_utilization
2,14,12,12,0.5,2,0.8204606164383561,0.010605406337335085,50,0.0014998309476736847,0.002939668657440422,slot_utilization
2,14,12,12,0.7,1,0.049609589041095886,0.0021375197134682077,50,0.00030229093686265915,0.000592490236250812,slot_utilization
2,14,12,12,0.7,2,0.8204606164383561,0.010605406337335085,50,0.0014998309476736847,0.002939668657440422,slot_utilization
5,2,5,9,0.3,1,0.950222602739726,0.002115348092869709,50,0.0002991553962076404,0.0005863445765669751,slot_utilization
5,2,5,9,0.3,2,0.04966267123287671,0.001925537592399018,50,0.0002723121378029928,0.0005337317900938658,slot_utilization
5,2,5,9,0.5,1,0.950222602739726,0.002115348092869709,50,0.0002991553962076404,0.0005863445765669751,slot_utilization
5,2,5,9,0.5,2,0.04966267123287671,0.001925537592399018,50,0.0002723121378029928,0.0005337317900938658,slot_utilization
5,2,5,9,0.7,1,0.950222602739726,0.002115348092869709,50,0.0002991553962076404,0.0005863445765669751,slot_utilization
5,2,5,9,0.7,2,0.04966267123287671,0.001925537592399018,50,0.0002723121378029928,0.0005337317900938658,slot_utilization
5,2,5,12,0.3,1,0.950222602739726,0.002115348092869709,50,0.0002991553962076404,0.0005863445765669751,slot_utilization
5,2,5,12,0.3,2,0.04966267123287671,0.001925537592399018,50,0.0002723121378029928,0.0005337317900938658,slot_utilization
5,2,5,12,0.5,1,0.950222602739726,0.002115348092869709,50,0.0002991553962076404,0.0005863445765669751,slot_utilization
5,2,5,12,0.5,2,0.04966267123287671,0.001925537592399018,50,0.0002723121378029928,0.0005337317900938658,slot_utilization
5,2,5,12,0.7,1,0.950222602739726,0.002115348092869709,50,0.0002991553962076404,0.0005863445765669751,slot_utilization
5,2,5,12,0.7,2,0.04966267123287671,0.001925537592399018,50,0.0002723121378029928,0.0005337317900938658,slot_utilization
5,2,9,5,0.3,1,0.950222602739726,0.002115348092869709,50,0.0002991553962076404,0.0005863445765669751,slot_utilization
5,2,9,5,0.3,2,0.04966267123287671,0.001925537592399018,50,0.0002723121378029928,0.0005337317900938658,slot_utilization
5,2,9,5,0.5,1,0.950222602739726,0.002115348092869709,50,0.0002991553962076404,0.0005863445765669751,slot_utilization
5,2,9,5,0.5,2,0.04966267123287671,0.001925537592399018,50,0.0002723121378029928,0.0005337317900938658,slot_utilization
5,2,9,5,0.7,1,0.950222602739726,0.002115348092869709,50,0.0002991553962076404,0.0005863445765669751,slot_utilization
5,2,9,5,0.7,2,0.04966267123287671,0.001925537592399018,50,0.0002723121378029928,0.0005337317900938658,slot_utilization
5,2,9,9,0.3,1,0.950222602739726,0.002115348092869709,50,0.0002991553962076404,0.0005863445765669751,slot_utilization
5,2,9,9,0.3,2,0.04966267123287671,0.001925537592399018,50,0.0002723121378029928,0.0005337317900938658,slot_utilization
5,2,9,9,0.5,1,0.950222602739726,0.002115348092869709,50,0.0002991553962076404,0.0005863445765669751,slot_utilization
5,2,9,9,0.5,2,0.04966267123287671,0.001925537592399018,50,0.0002723121378029928,0.0005337317900938658,slot_utilization
5,2,9,9,0.7,1,0.950222602739726,0.002115348092869709,50,0.0002991553962076404,0.0005863445765669751,slot_utilization
5,2,9,9,0.7,2,0.04966267123287671,0.001925537592399018,50,0.0002723121378029928,0.0005337317900938658,slot_utilization
5,2,12,12,0.3,1,0.950222602739726,0.002115348092869709,50,0.0002991553962076404,0.0005863445765669751,slot_utilization
5,2,12,12,0.3,2,0.04966267123287671,0.001925537592399018,50,0.0002723121378029928,0.0005337317900938658,slot_utilization
5,2,12,12,0.5,1,0.950222602739726,0.002115348092869709,50,0.0002991553962076404,0.0005863445765669751,slot_utilization
5,2,12,12,0.5,2,0.04966267123287671,0.001925537592399018,50,0.0002723121378029928,0.0005337317900938658,slot_utilization
5,2,12,12,0.7,1,0.950222602739726,0.002115348092869709,50,0.0002991553962076404,0.0005863445765669751,slot_utilization
5,2,12,12,0.7,2,0.04966267123287671,0.001925537592399018,50,0.0002723121378029928,0.0005337317900938658,slot_utilization
5,5,5,9,0.3,1,0.4999777397260274,0.004841708422577241,50,0.0006847209716264778,0.0013420531043878965,slot_utilization
5,5,5,9,0.3,2,0.5000736301369862,0.0047889013284038336,50,0.0006772529207495232,0.0013274157246690654,slot_utilization
5,5,5,9,0.5,1,0.4999777397260274,0.004841708422577241,50,0.0006847209716264778,0.0013420531043878965,slot_utilization
5,5,5,9,0.5,2,0.5000736301369862,0.0047889013284038336,50,0.0006772529207495232,0.0013274157246690654,slot_utilization
5,5,5,9,0.7,1,0.4999777397260274,0.004841708422577241,50,0.0006847209716264778,0.0013420531043878965,slot_utilization
5,5,5,9,0.7,2,0.5000736301369862,0.0047889013284038336,50,0.0006772529207495232,0.0013274157246690654,slot_utilization
5,5,5,12,0.3,1,0.4999777397260274,0.004841708422577241,50,0.0006847209716264778,0.0013420531043878965,slot_utilization
5,5,5,12,0.3,2,0.5000736301369862,0.0047889013284038336,50,0.0006772529207495232,0.0013274157246690654,slot_utilization
5,5,5,12,0.5,1,0.4999777397260274,0.004841708422577241,50,0.0006847209716264778,0.0013420531043878965,slot_utilization
5,5,5,12,0.5,2,0.5000736301369862,0.0047889013284038336,50,0.0006772529207495232,0.0013274157246690654,slot_utilization
5,5,5,12,0.7,1,0.4999777397260274,0.004841708422577241,50,0.0006847209716264778,0.0013420531043878965,slot_utilization
5,5,5,12,0.7,2,0.5000736301369862,0.0047889013284038336,50,0.0006772529207495232,0.0013274157246690654,slot_utilization
5,5,9,5,0.3,1,0.4999777397260274,0.004841708422577241,50,0.0006847209716264778,0.0013420531043878965,slot_utilization
5,5,9,5,0.3,2,0.5000736301369862,0.0047889013284038336,50,0.0006772529207495232,0.0013274157246690654,slot_utilization
5,5,9,5,0.5,1,0.4999777397260274,0.004841708422577241,50,0.0006847209716264778,0.0013420531043878965,slot_utilization
5,5,9,5,0.5,2,0.5000736301369862,0.0047889013284038336,50,0.0006772529207495232,0.0013274157246690654,slot_utilization
5,5,9,5,0.7,1,0.4999777397260274,0.004841708422577241,50,0.0006847209716264778,0.0013420531043878965,slot_utilization
5,5,9,5,0.7,2,0.5000736301369862,0.0047889013284038336,50,0.0006772529207495232,0.0013274157246690654,slot_utilization
5,5,9,9,0.3,1,0.4999777397260274,0.004841708422577241,50,0.0006847209716264778,0.0013420531043878965,slot_utilization
5,5,9,9,0.3,2,0.5000736301369862,0.0047889013284038336,50,0.0006772529207495232,0.0013274157246690654,slot_utilization
5,5,9,9,0.5,1,0.4999777397260274,0.004841708422577241,50,0.0006847209716264778,0.0013420531043878965,slot_utilization
5,5,9,9,0.5,2,0.5000736301369862,0.0047889013284038336,50,0.0006772529207495232,0.0013274157246690654,slot_utilization
5,5,9,9,0.7,1,0.4999777397260274,0.004841708422577241,50,0.0006847209716264778,0.0013420531043878965,slot_utilization
5,5,9,9,0.7,2,0.5000736301369862,0.0047889013284038336,50,0.0006772529207495232,0.0013274157246690654,slot_utilization
5,5,12,12,0.3,1,0.4999777397260274,0.004841708422577241,50,0.0006847209716264778,0.0013420531043878965,slot_utilization
5,5,12,12,0.3,2,0.5000736301369862,0.0047889013284038336,50,0.0006772529207495232,0.0013274157246690654,slot_utilization
5,5,12,12,0.5,1,0.4999777397260274,0.004841708422577241,50,0.0006847209716264778,0.0013420531043878965,slot_utilization
5,5,12,12,0.5,2,0.5000736301369862,0.0047889013284038336,50,0.0006772529207495232,0.0013274157246690654,slot_utilization
5,5,12,12,0.7,1,0.4999777397260274,0.004841708422577241,50,0.0006847209716264778,0.0013420531043878965,slot_utilization
5,5,12,12,0.7,2,0.5000736301369862,0.0047889013284038336,50,0.0006772529207495232,0.0013274157246690654,slot_utilization
5,7,5,9,0.3,1,0.1723458904109589,0.0036365138814379904,50,0.0005142807250887631,0.0010079902211739757,slot_utilization
5,7,5,9,0.3,2,0.8277140410958904,0.0037373916476531495,50,0.0005285469956011012,0.0010359521113781584,slot_utilization
5,7,5,9,0.5,1,0.1723458904109589,0.0036365138814379904,50,0.0005142807250887631,0.0010079902211739757,slot_utilization
5,7,5,9,0.5,2,0.8277140410958904,0.0037373916476531495,50,0.0005285469956011012,0.0010359521113781584,slot_utilization
5,7,5,9,0.7,1,0.1723458904109589,0.0036365138814379904,50,0.0005142807250887631,0.0010079902211739757,slot_utilization
5,7,5,9,0.7,2,0.8277140410958904,0.0037373916476531495,50,0.0005285469956011012,0.0010359521113781584,slot_utilization
5,7,5,12,0.3,1,0.1723458904109589,0.0036365138814379904,50,0.0005142807250887631,0.0010079902211739757,slot_utilization
5,7,5,12,0.3,2,0.8277140410958904,0.0037373916476531495,50,0.0005285469956011012,0.0010359521113781584,slot_utilization
5,7,5,12,0.5,1,0.1723458904109589,0.0036365138814379904,50,0.0005142807250887631,0.0010079902211739757,slot_utilization
5,7,5,12,0.5,2,0.8277140410958904,0.0037373916476531495,50,0.0005285469956011012,0.0010359521113781584,slot_utilization
5,7,5,12,0.7,1,0.1723458904109589,0.0036365138814379904,50,0.0005142807250887631,0.0010079902211739757,slot_utilization
5,7,5,12,0.7,2,0.8277140410958904,0.0037373916476531495,50,0.0005285469956011012,0.0010359521113781584,slot_utilization
5,7,9,5,0.3,1,0.17194349315068494,0.003618916072174167,50,0.0005117920190358678,0.001003112357310301,slot_utilization
5,7,9,5,0.3,2,0.827984589041096,0.003785781256441408,50,0.0005353903197037295,0.0010493650266193099,slot_utilization
5,7,9,5,0.5,1,0.17200513698630135,0.0031965779654352026,50,0.00045206439119014583,0.0008860462067326858,slot_utilization
5,7,9,5,0.5,2,0.828054794520548,0.0032885229187581393,50,0.00046506737118825163,0.0009115320475289732,slot_utilization
5,7,9,5,0.7,1,0.17265582191780823,0.0034050269953416925,50,0.0004815435357058731,0.0009438253299835112,slot_utilization
5,7,9,5,0.7,2,0.8273287671232876,0.003367836560650296,50,0.0004762840139927607,0.000933516667425811,slot_utilization
5,7,9,9,0.3,1,0.1723458904109589,0.0036365138814379904,50,0.0005142807250887631,0.0010079902211739757,slot_utilization
5,7,9,9,0.3,2,0.8277140410958904,0.0037373916476531495,50,0.0005285469956011012,0.0010359521113781584,slot_utilization
5,7,9,9,0.5,1,0.1723458904109589,0.0036365138814379904,50,0.0005142807250887631,0.0010079902211739757,slot_utilization
5,7,9,9,0.5,2,0.8277140410958904,0.0037373916476531495,50,0.0005285469956011012,0.0010359521113781584,slot_utilization
5,7,9,9,0.7,1,0.1723458904109589,0.0036365138814379904,50,0.0005142807250887631,0.0010079902211739757,slot_utilization
5,7,9,9,0.7,2,0.8277140410958904,0.0037373916476531495,50,0.0005285469956011012,0.0010359521113781584,slot_utilization
5,7,12,12,0.3,1,0.1723458904109589,0.0036365138814379904,50,0.0005142807250887631,0.0010079902211739757,slot_utilization
5,7,12,12,0.3,2,0.8277140410958904,0.0037373916476531495,50,0.0005285469956011012,0.0010359521113781584,slot_utilization
5,7,12,12,0.5,1,0.1723458904109589,0.0036365138814379904,50,0.0005142807250887631,0.0010079902211739757,slot_utilization
5,7,12,12,0.5,2,0.8277140410958904,0.0037373916476531495,50,0.0005285469956011012,0.0010359521113781584,slot_utilization
5,7,12,12,0.7,1,0.1723458904109589,0.0036365138814379904,50,0.0005142807250887631,0.0010079902211739757,slot_utilization
5,7,12,12,0.7,2,0.8277140410958904,0.0037373916476531495,50,0.0005285469956011012,0.0010359521113781584,slot_utilization
5,10,5,9,0.3,1,0.17216438356164382,0.0037994536748656555,50,0.0005373238916603306,0.0010531548276542478,slot_utilization
5,10,5,9,0.3,2,0.6692140410958904,0.004446846550884281,50,0.0006288790702052569,0.0012326029776023035,slot_utilization
5,10,5,9,0.5,1,0.17216438356164382,0.0037994536748656555,50,0.0005373238916603306,0.0010531548276542478,slot_utilization
5,10,5,9,0.5,2,0.6692140410958904,0.004446846550884281,50,0.0006288790702052569,0.0012326029776023035,slot_utilization
5,10,5,9,0.7,1,0.17216438356164382,0.0037994536748656555,50,0.0005373238916603306,0.0010531548276542478,slot_utilization
5,10,5,9,0.7,2,0.6692140410958904,0.004446846550884281,50,0.0006288790702052569,0.0012326029776023035,slot_utilization
5,10,5,12,0.3,1,0.17216438356164382,0.0037994536748656555,50,0.0005373238916603306,0.0010531548276542478,slot_utilization
5,10,5,12,0.3,2,0.6692140410958904,0.004446846550884281,50,0.0006288790702052569,0.0012326029776023035,slot_utilization
5,10,5,12,0.5,1,0.17216438356164382,0.0037994536748656555,50,0.0005373238916603306,0.0010531548276542478,slot_utilization
5,10,5,12,0.5,2,0.6692140410958904,0.004446846550884281,50,0.0006288790702052569,0.0012326029776023035,slot_utilization
5,10,5,12,0.7,1,0.17216438356164382,0.0037994536748656555,50,0.0005373238916603306,0.0010531548276542478,slot_utilization
5,10,5,12,0.7,2,0.6692140410958904,0.004446846550884281,50,0.0006288790702052569,0.0012326029776023035,slot_utilization
5,10,9,5,0.3,1,0.17211301369863016,0.0037720457965042865,50,0.0005334478323308785,0.001045557751368522,slot_utilization
5,10,9,5,0.3,2,0.8254520547945206,0.0037346604295051024,50,0.0005281607430264244,0.001035195056331792,slot_utilization
5,10,9,5,0.5,1,0.1719623287671233,0.003229483516695135,50,0.00045671793887706175,0.000895167160199041,slot_utilization
5,10,9,5,0.5,2,0.8281010273972603,0.0033246191307077567,50,0.0004701721464371959,0.000921537407016904,slot_utilization
5,10,9,5,0.7,1,0.17265582191780823,0.0034050269953416925,50,0.0004815435357058731,0.0009438253299835112,slot_utilization
5,10,9,5,0.7,2,0.8273287671232876,0.003367836560650296,50,0.0004762840139927607,0.000933516667425811,slot_utilization
5,10,9,9,0.3,1,0.17216438356164382,0.0037994536748656555,50,0.0005373238916603306,0.0010531548276542478,slot_utilization
5,10,9,9,0.3,2,0.6692140410958904,0.004446846550884281,50,0.0006288790702052569,0.0012326029776023035,slot_utilization
5,10,9,9,0.5,1,0.17216438356164382,0.0037994536748656555,50,0.0005373238916603306,0.0010531548276542478,slot_utilization
5,10,9,9,0.5,2,0.6692140410958904,0.004446846550884281,50,0.0006288790702052569,0.0012326029776023035,slot_utilization
5,10,9,9,0.7,1,0.17216438356164382,0.0037994536748656555,50,0.0005373238916603306,0.0010531548276542478,slot_utilization
5,10,9,9,0.7,2,0.6692140410958904,0.004446846550884281,50,0.0006288790702052569,0.0012326029776023035,slot_utilization
5,10,12,12,0.3,1,0.17216438356164382,0.0037994536748656555,50,0.0005373238916603306,0.0010531548276542478,slot_utilization
5,10,12,12,0.3,2,0.6692140410958904,0.004446846550884281,50,0.0006288790702052569,0.0012326029776023035,slot_utilization
5,10,12,12,0.5,1,0.17216438356164382,0.0037994536748656555,50,0.0005373238916603306,0.0010531548276542478,slot_utilization
5,10,12,12,0.5,2,0.6692140410958904,0.004446846550884281,50,0.0006288790702052569,0.0012326029776023035,slot_utilization
5,10,12,12,0.7,1,0.17216438356164382,0.0037994536748656555,50,0.0005373238916603306,0.0010531548276542478,slot_utilization
5,10,12,12,0.7,2,0.6692140410958904,0.004446846550884281,50,0.0006288790702052569,0.0012326029776023035,slot_utilization
5,14,5,9,0.3,1,0.17241609589041096,0.0035554629500192917,50,0.0005028183924432335,0.0009855240491887377,slot_utilization
5,14,5,9,0.3,2,0.668457191780822,0.003892511688972181,50,0.0005504842822240261,0.0010789491931590912,slot_utilization
5,14,5,9,0.5,1,0.17177739726027397,0.003753348643957655,50,0.0005308036556599581,0.001040375165093518,slot_utilization
5,14,5,9,0.5,2,0.6688510273972602,0.004276475638193378,50,0.0006047849846691212,0.0011853785699514777,slot_utilization
5,14,5,9,0.7,1,0.17245376712328767,0.0038122350529291643,50,0.0005391314514806537,0.0010566976449020813,slot_utilization
5,14,5,9,0.7,2,0.6685188356164383,0.004221891342203733,50,0.0005970655995010069,0.0011702485750219736,slot_utilization
5,14,5,12,0.3,1,0.17154965753424659,0.0037772854679180234,50,0.0005341888337684471,0.0010470101141861563,slot_utilization
5,14,5,12,0.3,2,0.6709417808219178,0.00440472764054389,50,0.0006229225567816812,0.0012209282112920952,slot_utilization
5,14,5,12,0.5,1,0.17154965753424659,0.0037772854679180234,50,0.0005341888337684471,0.0010470101141861563,slot_utilization
5,14,5,12,0.5,2,0.6709417808219178,0.00440472764054389,50,0.0006229225567816812,0.0012209282112920952,slot_utilization
5,14,5,12,0.7,1,0.17154965753424659,0.0037772854679180234,50,0.0005341888337684471,0.0010470101141861563,slot_utilization
5,14,5,12,0.7,2,0.6709417808219178,0.00440472764054389,50,0.0006229225567816812,0.0012209282112920952,slot_utilization
5,14,9,5,0.3,1,0.17211301369863016,0.0037720457965042865,50,0.0005334478323308785,0.001045557751368522,slot_utilization
5,14,9,5,0.3,2,0.8254520547945206,0.0037346604295051024,50,0.0005281607430264244,0.001035195056331792,slot_utilization
5,14,9,5,0.5,1,0.1719623287671233,0.003229483516695135,50,0.00045671793887706175,0.000895167160199041,slot_utilization
5,14,9,5,0.5,2,0.8281010273972603,0.0033246191307077567,50,0.0004701721464371959,0.000921537407016904,slot_utilization
5,14,9,5,0.7,1,0.17265582191780823,0.0034050269953416925,50,0.0004815435357058731,0.0009438253299835112,slot_utilization
5,14,9,5,0.7,2,0.8273287671232876,0.003367836560650296,50,0.0004762840139927607,0.000933516667425811,slot_utilization
5,14,9,9,0.3,1,0.17241609589041096,0.0035554629500192917,50,0.0005028183924432335,0.0009855240491887377,slot_utilization
5,14,9,9,0.3,2,0.668457191780822,0.003892511688972181,50,0.0005504842822240261,0.0010789491931590912,slot_utilization
5,14,9,9,0.5,1,0.17177739726027397,0.003753348643957655,50,0.0005308036556599581,0.001040375165093518,slot_utilization
5,14,9,9,0.5,2,0.6688510273972602,0.004276475638193378,50,0.0006047849846691212,0.0011853785699514777,slot_utilization
5,14,9,9,0.7,1,0.17245376712328767,0.0038122350529291643,50,0.0005391314514806537,0.0010566976449020813,slot_utilization
5,14,9,9,0.7,2,0.6685188356164383,0.004221891342203733,50,0.0005970655995010069,0.0011702485750219736,slot_utilization
5,14,12,12,0.3,1,0.17154965753424659,0.0037772854679180234,50,0.0005341888337684471,0.0010470101141861563,slot_utilization
5,14,12,12,0.3,2,0.6709417808219178,0.00440472764054389,50,0.0006229225567816812,0.0012209282112920952,slot_utilization
5,14,12,12,0.5,1,0.17154965753424659,0.0037772854679180234,50,0.0005341888337684471,0.0010470101141861563,slot_utilization
5,14,12,12,0.5,2,0.6709417808219178,0.00440472764054389,50,0.0006229225567816812,0.0012209282112920952,slot_utilization
5,14,12,12,0.7,1,0.17154965753424659,0.0037772854679180234,50,0.0005341888337684471,0.0010470101141861563,slot_utilization
5,14,12,12,0.7,2,0.6709417808219178,0.00440472764054389,50,0.0006229225567816812,0.0012209282112920952,slot_utilization
7,2,5,9,0.3,1,0.9495410958904109,0.0020723206529542552,50,0.00029307039729937757,0.00057441797870678,slot_utilization
7,2,5,9,0.3,2,0.050450342465753424,0.0021137074819932602,50,0.00029892337879243534,0.0005858898224331732,slot_utilization
7,2,5,9,0.5,1,0.9502688356164384,0.002105638004686636,50,0.00029778218236760633,0.0005836530774405084,slot_utilization
7,2,5,9,0.5,2,0.049792808219178086,0.0020333579481834037,50,0.0002875602387480098,0.0005636180679460993,slot_utilization
7,2,5,9,0.7,1,0.9499160958904109,0.0022483937161692593,50,0.00031797088869610097,0.0006232229418443579,slot_utilization
7,2,5,9,0.7,2,0.05015410958904109,0.0022291836938201693,50,0.00031525418128214365,0.0006178981953130015,slot_utilization
7,2,5,12,0.3,1,0.9495410958904109,0.0020723206529542552,50,0.00029307039729937757,0.00057441797870678,slot_utilization
7,2,5,12,0.3,2,0.050450342465753424,0.0021137074819932602,50,0.00029892337879243534,0.0005858898224331732,slot_utilization
7,2,5,12,0.5,1,0.9502688356164384,0.002105638004686636,50,0.00029778218236760633,0.0005836530774405084,slot_utilization
7,2,5,12,0.5,2,0.049792808219178086,0.0020333579481834037,50,0.0002875602387480098,0.0005636180679460993,slot_utilization
7,2,5,12,0.7,1,0.9499160958904109,0.0022483937161692593,50,0.00031797088869610097,0.0006232229418443579,slot_utilization
7,2,5,12,0.7,2,0.05015410958904109,0.0022291836938201693,50,0.00031525418128214365,0.0006178981953130015,slot_utilization
7,2,9,5,0.3,1,0.9505308219178081,0.002390699016506221,50,0.00033809589726951174,0.000662667958648243,slot_utilization
7,2,9,5,0.3,2,0.049537671232876716,0.0022522168558160804,50,0.000318511562290039,0.0006242826620884765,slot_utilization
7,2,9,5,0.5,1,0.9505308219178081,0.002390699016506221,50,0.00033809589726951174,0.000662667958648243,slot_utilization
7,2,9,5,0.5,2,0.049537671232876716,0.0022522168558160804,50,0.000318511562290039,0.0006242826620884765,slot_utilization
7,2,9,5,0.7,1,0.9505308219178081,0.002390699016506221,50,0.00033809589726951174,0.000662667958648243,slot_utilization
7,2,9,5,0.7,2,0.049537671232876716,0.0022522168558160804,50,0.000318511562290039,0.0006242826620884765,slot_utilization
7,2,9,9,0.3,1,0.9505308219178081,0.002390699016506221,50,0.00033809589726951174,0.000662667958648243,slot_utilization
7,2,9,9,0.3,2,0.049537671232876716,0.0022522168558160804,50,0.000318511562290039,0.0006242826620884765,slot_utilization
7,2,9,9,0.5,1,0.9505308219178081,0.002390699016506221,50,0.00033809589726951174,0.000662667958648243,slot_utilization
7,2,9,9,0.5,2,0.049537671232876716,0.0022522168558160804,50,0.000318511562290039,0.0006242826620884765,slot_utilization
7,2,9,9,0.7,1,0.9505308219178081,0.002390699016506221,50,0.00033809589726951174,0.000662667958648243,slot_utilization
7,2,9,9,0.7,2,0.049537671232876716,0.0022522168558160804,50,0.000318511562290039,0.0006242826620884765,slot_utilization
7,2,12,12,0.3,1,0.9505308219178081,0.002390699016506221,50,0.00033809589726951174,0.000662667958648243,slot_utilization
7,2,12,12,0.3,2,0.049537671232876716,0.0022522168558160804,50,0.000318511562290039,0.0006242826620884765,slot_utilization
7,2,12,12,0.5,1,0.9505308219178081,0.002390699016506221,50,0.00033809589726951174,0.000662667958648243,slot_utilization
7,2,12,12,0.5,2,0.049537671232876716,0.0022522168558160804,50,0.000318511562290039,0.0006242826620884765,slot_utilization
7,2,12,12,0.7,1,0.9505308219178081,0.002390699016506221,50,0.00033809589726951174,0.000662667958648243,slot_utilization
7,2,12,12,0.7,2,0.049537671232876716,0.0022522168558160804,50,0.000318511562290039,0.0006242826620884765,slot_utilization
7,5,5,9,0.3,1,0.8282722602739726,0.0035395905657460204,50,0.0005005736983325879,0.0009811244487318723,slot_utilization
7,5,5,9,0.3,2,0.17195205479452055,0.003498427920748783,50,0.0004947524212507635,0.0009697147456514965,slot_utilization
7,5,5,9,0.5,1,0.8275787671232877,0.003701975948132313,50,0.0005235384593427714,0.001026135380311832,slot_utilization
7,5,5,9,0.5,2,0.172486301369863,0.0038213261316006612,50,0.000540417124156037,0.0010592175633458325,slot_utilization
7,5,5,9,0.7,1,0.8274109589041097,0.004062741140625281,50,0.000574558362148341,0.0011261343898107483,slot_utilization
7,5,5,9,0.7,2,0.17271746575342464,0.004109902446464415,50,0.0005812279779820339,0.0011392068368447864,slot_utilization
7,5,5,12,0.3,1,0.8282722602739726,0.0035395905657460204,50,0.0005005736983325879,0.0009811244487318723,slot_utilization
7,5,5,12,0.3,2,0.17195205479452055,0.003498427920748783,50,0.0004947524212507635,0.0009697147456514965,slot_utilization
7,5,5,12,0.5,1,0.8275787671232877,0.003701975948132313,50,0.0005235384593427714,0.001026135380311832,slot_utilization
7,5,5,12,0.5,2,0.172486301369863,0.0038213261316006612,50,0.000540417124156037,0.0010592175633458325,slot_utilization
7,5,5,12,0.7,1,0.8274109589041097,0.004062741140625281,50,0.000574558362148341,0.0011261343898107483,slot_utilization
7,5,5,12,0.7,2,0.17271746575342464,0.004109902446464415,50,0.0005812279779820339,0.0011392068368447864,slot_utilization
7,5,9,5,0.3,1,0.8284349315068493,0.0041234942043257275,50,0.0005831501428124298,0.0011429742799123623,slot_utilization
7,5,9,5,0.3,2,0.17154794520547945,0.004158204777363052,50,0.0005880589591271424,0.0011525955598891992,slot_utilization
7,5,9,5,0.5,1,0.8284349315068493,0.0041234942043257275,50,0.0005831501428124298,0.0011429742799123623,slot_utilization
7,5,9,5,0.5,2,0.17154794520547945,0.004158204777363052,50,0.0005880589591271424,0.0011525955598891992,slot_utilization
7,5,9,5,0.7,1,0.8284349315068493,0.0041234942043257275,50,0.0005831501428124298,0.0011429742799123623,slot_utilization
7,5,9,5,0.7,2,0.17154794520547945,0.004158204777363052,50,0.0005880589591271424,0.0011525955598891992,slot_utilization
7,5,9,9,0.3,1,0.8284349315068493,0.0041234942043257275,50,0.0005831501428124298,0.0011429742799123623,slot_utilization
7,5,9,9,0.3,2,0.17154794520547945,0.004158204777363052,50,0.0005880589591271424,0.0011525955598891992,slot_utilization
7,5,9,9,0.5,1,0.8284349315068493,0.0041234942043257275,50,0.0005831501428124298,0.0011429742799123623,slot_utilization
7,5,9,9,0.5,2,0.17154794520547945,0.004158204777363052,50,0.0005880589591271424,0.0011525955598891992,slot_utilization
7,5,9,9,0.7,1,0.8284349315068493,0.0041234942043257275,50,0.0005831501428124298,0.0011429742799123623,slot_utilization
7,5,9,9,0.7,2,0.17154794520547945,0.004158204777363052,50,0.0005880589591271424,0.0011525955598891992,slot_utilization
7,5,12,12,0.3,1,0.8284349315068493,0.0041234942043257275,50,0.0005831501428124298,0.0011429742799123623,slot_utilization
7,5,12,12,0.3,2,0.17154794520547945,0.004158204777363052,50,0.0005880589591271424,0.0011525955598891992,slot_utilization
7,5,12,12,0.5,1,0.8284349315068493,0.0041234942043257275,50,0.0005831501428124298,0.0011429742799123623,slot_utilization
7,5,12,12,0.5,2,0.17154794520547945,0.004158204777363052,50,0.0005880589591271424,0.0011525955598891992,slot_utilization
7,5,12,12,0.7,1,0.8284349315068493,0.0041234942043257275,50,0.0005831501428124298,0.0011429742799123623,slot_utilization
7,5,12,12,0.7,2,0.17154794520547945,0.004158204777363052,50,0.0005880589591271424,0.0011525955598891992,slot_utilization
7,7,5,9,0.3,1,0.4477739726027397,0.005221299282338472,50,0.0007384032258291975,0.001447270322625227,slot_utilization
7,7,5,9,0.3,2,0.5521849315068493,0.005158671960933278,50,0.0007295463850985651,0.0014299109147931875,slot_utilization
7,7,5,9,0.5,1,0.4015205479452055,0.005201968775923544,50,0.0007356694793952443,0.0014419121796146789,slot_utilization
7,7,5,9,0.5,2,0.5986712328767123,0.0051230836472063454,50,0.0007245134375051034,0.0014200463375100027,slot_utilization
7,7,5,9,0.7,1,0.34044349315068495,0.004750980778449683,50,0.0006718901451457426,0.0013169046844856555,slot_utilization
7,7,5,9,0.7,2,0.6596215753424657,0.004724394109984686,50,0.000668130222433591,0.0013095352359698384,slot_utilization
7,7,5,12,0.3,1,0.4477739726027397,0.005221299282338472,50,0.0007384032258291975,0.001447270322625227,slot_utilization
7,7,5,12,0.3,2,0.5521849315068493,0.005158671960933278,50,0.0007295463850985651,0.0014299109147931875,slot_utilization
7,7,5,12,0.5,1,0.4015205479452055,0.005201968775923544,50,0.0007356694793952443,0.0014419121796146789,slot_utilization
7,7,5,12,0.5,2,0.5986712328767123,0.0051230836472063454,50,0.0007245134375051034,0.0014200463375100027,slot_utilization
7,7,5,12,0.7,1,0.34044349315068495,0.004750980778449683,50,0.0006718901451457426,0.0013169046844856555,slot_utilization
7,7,5,12,0.7,2,0.6596215753424657,0.004724394109984686,50,0.000668130222433591,0.0013095352359698384,slot_utilization
7,7,9,5,0.3,1,0.552667808219178,0.004565504674807457,50,0.0006456598630190472,0.0012654933315173326,slot_utilization
7,7,9,5,0.3,2,0.44731335616438356,0.004659190329596225,50,0.0006589090153792552,0.0012914616701433402,slot_utilization
7,7,9,5,0.5,1,0.5989520547945205,0.004226435339205727,50,0.0005977082177197671,0.0011715081067307435,slot_utilization
7,7,9,5,0.5,2,0.4011198630136986,0.004250903277182001,50,0.0006011685066927021,0.0011782902731176962,slot_utilization
7,7,9,5,0.7,1,0.6599880136986301,0.004316825463469825,50,0.0006104913116836548,0.0011965629708999635,slot_utilization
7,7,9,5,0.7,2,0.33987842465753426,0.004472347156772354,50,0.0006324854004748214,0.00123967138493065,slot_utilization
7,7,9,9,0.3,1,0.5000650684931507,0.004786356322172912,50,0.0006768930025167139,0.001326710284932759,slot_utilization
7,7,9,9,0.3,2,0.4999537671232877,0.004671097307271366,50,0.0006605929163107611,0.0012947621159690916,slot_utilization
7,7,9,9,0.5,1,0.5000650684931507,0.004786356322172912,50,0.0006768930025167139,0.001326710284932759,slot_utilization
7,7,9,9,0.5,2,0.4999537671232877,0.004671097307271366,50,0.0006605929163107611,0.0012947621159690916,slot_utilization
7,7,9,9,0.7,1,0.5000650684931507,0.004786356322172912,50,0.0006768930025167139,0.001326710284932759,slot_utilization
7,7,9,9,0.7,2,0.4999537671232877,0.004671097307271366,50,0.0006605929163107611,0.0012947621159690916,slot_utilization
7,7,12,12,0.3,1,0.5000650684931507,0.004786356322172912,50,0.0006768930025167139,0.001326710284932759,slot_utilization
7,7,12,12,0.3,2,0.4999537671232877,0.004671097307271366,50,0.0006605929163107611,0.0012947621159690916,slot_utilization
7,7,12,12,0.5,1,0.5000650684931507,0.004786356322172912,50,0.0006768930025167139,0.001326710284932759,slot_utilization
7,7,12,12,0.5,2,0.4999537671232877,0.004671097307271366,50,0.0006605929163107611,0.0012947621159690916,slot_utilization
7,7,12,12,0.7,1,0.5000650684931507,0.004786356322172912,50,0.0006768930025167139,0.001326710284932759,slot_utilization
7,7,12,12,0.7,2,0.4999537671232877,0.004671097307271366,50,0.0006605929163107611,0.0012947621159690916,slot_utilization
7,10,5,9,0.3,1,0.22876883561643838,0.003969173363493198,50,0.0005613258802062114,0.0011001987252041744,slot_utilization
7,10,5,9,0.3,2,0.6117962328767124,0.004399640182243508,50,0.0006222030815290405,0.0012195180397969192,slot_utilization
7,10,5,9,0.5,1,0.22348116438356164,0.004270949266977258,50,0.0006040034377566666,0.0011838467380030665,slot_utilization
7,10,5,9,0.5,2,0.617027397260274,0.004779415280264151,50,0.0006759113909562769,0.0013247863262743026,slot_utilization
7,10,5,9,0.7,1,0.21844863013698632,0.004054664830584333,50,0.0005734161994289571,0.0011238957508807558,slot_utilization
7,10,5,9,0.7,2,0.6223921232876712,0.004480799083530368,50,0.0006336806834197581,0.0012420141395027258,slot_utilization
7,10,5,12,0.3,1,0.22876883561643838,0.003969173363493198,50,0.0005613258802062114,0.0011001987252041744,slot_utilization
7,10,5,12,0.3,2,0.6117962328767124,0.004399640182243508,50,0.0006222030815290405,0.0012195180397969192,slot_utilization
7,10,5,12,0.5,1,0.22348116438356164,0.004270949266977258,50,0.0006040034377566666,0.0011838467380030665,slot_utilization
7,10,5,12,0.5,2,0.617027397260274,0.004779415280264151,50,0.0006759113909562769,0.0013247863262743026,slot_utilization
7,10,5,12,0.7,1,0.21844863013698632,0.004054664830584333,50,0.0005734161994289571,0.0011238957508807558,slot_utilization
7,10,5,12,0.7,2,0.6223921232876712,0.004480799083530368,50,0.0006336806834197581,0.0012420141395027258,slot_utilization
7,10,9,5,0.3,1,0.3002174657534247,0.006238205780730533,50,0.0008822155219983362,0.0017291424231167388,slot_utilization
7,10,9,5,0.3,2,0.5710154109589041,0.005286112681251301,50,0.0007475692246057995,0.001465235680227367,slot_utilization
7,10,9,5,0.5,1,0.4348681506849315,0.005887198196487961,50,0.0008325755533851699,0.0016318480846349332,slot_utilization
7,10,9,5,0.5,2,0.4909554794520548,0.005384988262071639,50,0.0007615523433441634,0.0014926425929545602,slot_utilization
7,10,9,5,0.7,1,0.5750445205479452,0.0044142689096846105,50,0.0006242718960037871,0.0012235729161674228,slot_utilization
7,10,9,5,0.7,2,0.3921883561643835,0.004136097063061068,50,0.0005849324561872488,0.0011464676141270077,slot_utilization
7,10,9,9,0.3,1,0.23375,0.0034401731279781263,50,0.0004865139494498139,0.0009535673409216352,slot_utilization
7,10,9,9,0.3,2,0.6067688356164384,0.004235057656306339,50,0.0005989275974980437,0.0011738980910961658,slot_utilization
7,10,9,9,0.5,1,0.23375,0.0034401731279781263,50,0.0004865139494498139,0.0009535673409216352,slot_utilization
7,10,9,9,0.5,2,0.6067688356164384,0.004235057656306339,50,0.0005989275974980437,0.0011738980910961658,slot_utilization
7,10,9,9,0.7,1,0.23375,0.0034401731279781263,50,0.0004865139494498139,0.0009535673409216352,slot_utilization
7,10,9,9,0.7,2,0.6067688356164384,0.004235057656306339,50,0.0005989275974980437,0.0011738980910961658,slot_utilization
7,10,12,12,0.3,1,0.23375,0.0034401731279781263,50,0.0004865139494498139,0.0009535673409216352,slot_utilization
7,10,12,12,0.3,2,0.6067688356164384,0.004235057656306339,50,0.0005989275974980437,0.0011738980910961658,slot_utilization
7,10,12,12,0.5,1,0.23375,0.0034401731279781263,50,0.0004865139494498139,0.0009535673409216352,slot_utilization
7,10,12,12,0.5,2,0.6067688356164384,0.004235057656306339,50,0.0005989275974980437,0.0011738980910961658,slot_utilization
7,10,12,12,0.7,1,0.23375,0.0034401731279781263,50,0.0004865139494498139,0.0009535673409216352,slot_utilization
7,10,12,12,0.7,2,0.6067688356164384,0.004235057656306339,50,0.0005989275974980437,0.0011738980910961658,slot_utilization
7,14,5,9,0.3,1,0.22940753424657534,0.003779027243787384,50,0.0005344351580741535,0.0010474929098253408,slot_utilization
7,14,5,9,0.3,2,0.6119400684931506,0.004630989001350886,50,0.0006549207452911058,0.0012836446607705672,slot_utilization
7,14,5,9,0.5,1,0.22489383561643833,0.003836204538264459,50,0.0005425212486050814,0.0010633416472659596,slot_utilization
7,14,5,9,0.5,2,0.6149743150684932,0.004393412096514681,50,0.0006213222971985074,0.0012177917025090745,slot_utilization
7,14,5,9,0.7,1,0.21838356164383563,0.00385695184900888,50,0.0005454553614288344,0.0010690925084005153,slot_utilization
7,14,5,9,0.7,2,0.6222688356164384,0.004614162099886687,50,0.0006525410620647673,0.0012789804816469438,slot_utilization
7,14,5,12,0.3,1,0.22871746575342466,0.004071301542482807,50,0.0005757689857889687,0.0011285072121463788,slot_utilization
7,14,5,12,0.3,2,0.6115308219178082,0.004436619767539538,50,0.0006274327846346983,0.0012297682578840086,slot_utilization
7,14,5,12,0.5,1,0.22424143835616436,0.0036953982899409535,50,0.0005226082380004839,0.0010243121464809486,slot_utilization
7,14,5,12,0.5,2,0.6163835616438356,0.005056971657338836,50,0.0007151637902344929,0.001401721028859606,slot_utilization
7,14,5,12,0.7,1,0.21762328767123285,0.005046654760293349,50,0.0007137047606621596,0.0013988613308978327,slot_utilization
7,14,5,12,0.7,2,0.6228698630136986,0.005053357810708345,50,0.0007146527151427753,0.0014007193216798396,slot_utilization
7,14,9,5,0.3,1,0.3002174657534247,0.006238205780730533,50,0.0008822155219983362,0.0017291424231167388,slot_utilization
7,14,9,5,0.3,2,0.5710154109589041,0.005286112681251301,50,0.0007475692246057995,0.001465235680227367,slot_utilization
7,14,9,5,0.5,1,0.4348681506849315,0.005887198196487961,50,0.0008325755533851699,0.0016318480846349332,slot_utilization
7,14,9,5,0.5,2,0.4909554794520548,0.005384988262071639,50,0.0007615523433441634,0.0014926425929545602,slot_utilization
7,14,9,5,0.7,1,0.5750445205479452,0.0044142689096846105,50,0.0006242718960037871,0.0012235729161674228,slot_utilization
7,14,9,5,0.7,2,0.3921883561643835,0.004136097063061068,50,0.0005849324561872488,0.0011464676141270077,slot_utilization
7,14,9,9,0.3,1,0.2340804794520548,0.003983316331114467,50,0.0005633259978684317,0.0011041189558221262,slot_utilization
7,14,9,9,0.3,2,0.6059366438356164,0.004650954516015939,50,0.0006577442954530134,0.0012891788190879062,slot_utilization
7,14,9,9,0.5,1,0.23376712328767124,0.0037446594311406132,50,0.0005295748153987375,0.0010379666381815254,slot_utilization
7,14,9,9,0.5,2,0.607318493150685,0.004594179638652729,50,0.0006497151152961015,0.0012734416259803589,slot_utilization
7,14,9,9,0.7,1,0.23432363013698632,0.00399545979097467,50,0.000565043342431275,0.0011074849511652988,slot_utilization
7,14,9,9,0.7,2,0.6057791095890411,0.0044509878213292425,50,0.0006294647342881289,0.0012337508792047327,slot_utilization
7,14,12,12,0.3,1,0.2333304794520548,0.003997817899990131,50,0.0005653768294063969,0.0011081385856365378,slot_utilization
7,14,12,12,0.3,2,0.6071421232876713,0.0036311658366844544,50,0.0005135243973465002,0.0010065078187991405,slot_utilization
7,14,12,12,0.5,1,0.2333304794520548,0.003997817899990131,50,0.0005653768294063969,0.0011081385856365378,slot_utilization
7,14,12,12,0.5,2,0.6071421232876713,0.0036311658366844544,50,0.0005135243973465002,0.0010065078187991405,slot_utilization
7,14,12,12,0.7,1,0.2333304794520548,0.003997817899990131,50,0.0005653768294063969,0.0011081385856365378,slot_utilization
7,14,12,12,0.7,2,0.6071421232876713,0.0036311658366844544,50,0.0005135243973465002,0.0010065078187991405,slot_utilization
10,2,5,9,0.3,1,0.9499349315068493,0.0023124888441994713,50,0.00032703530863033753,0.0006409892049154616,slot_utilization
10,2,5,9,0.3,2,0.05002739726027397,0.0021211701589640454,50,0.0002999787606908047,0.0005879583709539771,slot_utilization
10,2,5,9,0.5,1,0.9502688356164384,0.002105638004686636,50,0.00029778218236760633,0.0005836530774405084,slot_utilization
10,2,5,9,0.5,2,0.049792808219178086,0.0020333579481834037,50,0.0002875602387480098,0.0005636180679460993,slot_utilization
10,2,5,9,0.7,1,0.9499160958904109,0.0022483937161692593,50,0.00031797088869610097,0.0006232229418443579,slot_utilization
10,2,5,9,0.7,2,0.05015410958904109,0.0022291836938201693,50,0.00031525418128214365,0.0006178981953130015,slot_utilization
10,2,5,12,0.3,1,0.9499349315068493,0.0023124888441994713,50,0.00032703530863033753,0.0006409892049154616,slot_utilization
10,2,5,12,0.3,2,0.05002739726027397,0.0021211701589640454,50,0.0002999787606908047,0.0005879583709539771,slot_utilization
10,2,5,12,0.5,1,0.9502688356164384,0.002105638004686636,50,0.00029778218236760633,0.0005836530774405084,slot_utilization
10,2,5,12,0.5,2,0.049792808219178086,0.0020333579481834037,50,0.0002875602387480098,0.0005636180679460993,slot_utilization
10,2,5,12,0.7,1,0.9499160958904109,0.0022483937161692593,50,0.00031797088869610097,0.0006232229418443579,slot_utilization
10,2,5,12,0.7,2,0.05015410958904109,0.0022291836938201693,50,0.00031525418128214365,0.0006178981953130015,slot_utilization
10,2,9,5,0.3,1,0.8174760273972603,0.009683809232076762,50,0.0013694974351436743,0.0026842149728816015,slot_utilization
10,2,9,5,0.3,2,0.04966267123287671,0.0023206802897203054,50,0.00032819375396543794,0.0006432597577722583,slot_utilization
10,2,9,5,0.5,1,0.8174760273972603,0.009683809232076762,50,0.0013694974351436743,0.0026842149728816015,slot_utilization
10,2,9,5,0.5,2,0.04966267123287671,0.0023206802897203054,50,0.00032819375396543794,0.0006432597577722583,slot_utilization
10,2,9,5,0.7,1,0.8174760273972603,0.009683809232076762,50,0.0013694974351436743,0.0026842149728816015,slot_utilization
10,2,9,5,0.7,2,0.04966267123287671,0.0023206802897203054,50,0.00032819375396543794,0.0006432597577722583,slot_utilization
10,2,9,9,0.3,1,0.8174760273972603,0.009683809232076762,50,0.0013694974351436743,0.0026842149728816015,slot_utilization
10,2,9,9,0.3,2,0.04966267123287671,0.0023206802897203054,50,0.00032819375396543794,0.0006432597577722583,slot_utilization
10,2,9,9,0.5,1,0.8174760273972603,0.009683809232076762,50,0.0013694974351436743,0.0026842149728816015,slot_utilization
10,2,9,9,0.5,2,0.04966267123287671,0.0023206802897203054,50,0.00032819375396543794,0.0006432597577722583,slot_utilization
10,2,9,9,0.7,1,0.8174760273972603,0.009683809232076762,50,0.0013694974351436743,0.0026842149728816015,slot_utilization
10,2,9,9,0.7,2,0.04966267123287671,0.0023206802897203054,50,0.00032819375396543794,0.0006432597577722583,slot_utilization
10,2,12,12,0.3,1,0.8174760273972603,0.009683809232076762,50,0.0013694974351436743,0.0026842149728816015,slot_utilization
10,2,12,12,0.3,2,0.04966267123287671,0.0023206802897203054,50,0.00032819375396543794,0.0006432597577722583,slot_utilization
10,2,12,12,0.5,1,0.8174760273972603,0.009683809232076762,50,0.0013694974351436743,0.0026842149728816015,slot_utilization
10,2,12,12,0.5,2,0.04966267123287671,0.0023206802897203054,50,0.00032819375396543794,0.0006432597577722583,slot_utilization
10,2,12,12,0.7,1,0.8174760273972603,0.009683809232076762,50,0.0013694974351436743,0.0026842149728816015,slot_utilization
10,2,12,12,0.7,2,0.04966267123287671,0.0023206802897203054,50,0.00032819375396543794,0.0006432597577722583,slot_utilization
10,5,5,9,0.3,1,0.825429794520548,0.003218823496106288,50,0.0004552103843078694,0.000892212353243424,slot_utilization
10,5,5,9,0.3,2,0.17239554794520548,0.0029933081553805774,50,0.00042331769897012043,0.000829702689981436,slot_utilization
10,5,5,9,0.5,1,0.8276147260273973,0.003709749464890069,50,0.0005246378006253867,0.001028290089225758,slot_utilization
10,5,5,9,0.5,2,0.17245034246575344,0.003829480860491392,50,0.0005415703769755117,0.0010614779388720028,slot_utilization
10,5,5,9,0.7,1,0.8274109589041097,0.004062741140625281,50,0.000574558362148341,0.0011261343898107483,slot_utilization
10,5,5,9,0.7,2,0.17271746575342464,0.004109902446464415,50,0.0005812279779820339,0.0011392068368447864,slot_utilization
10,5,5,12,0.3,1,0.825429794520548,0.003218823496106288,50,0.0004552103843078694,0.000892212353243424,slot_utilization
10,5,5,12,0.3,2,0.17239554794520548,0.0029933081553805774,50,0.00042331769897012043,0.000829702689981436,slot_utilization
10,5,5,12,0.5,1,0.8276147260273973,0.003709749464890069,50,0.0005246378006253867,0.001028290089225758,slot_utilization
10,5,5,12,0.5,2,0.17245034246575344,0.003829480860491392,50,0.0005415703769755117,0.0010614779388720028,slot_utilization
10,5,5,12,0.7,1,0.8274109589041097,0.004062741140625281,50,0.000574558362148341,0.0011261343898107483,slot_utilization
10,5,5,12,0.7,2,0.17271746575342464,0.004109902446464415,50,0.0005812279779820339,0.0011392068368447864,slot_utilization
10,5,9,5,0.3,1,0.6701678082191781,0.004993306810672788,50,0.00070616022127434,0.0013840740336977064,slot_utilization
10,5,9,5,0.3,2,0.17136130136986302,0.003231104834943412,50,0.0004569472279026254,0.0008956165666891458,slot_utilization
10,5,9,5,0.5,1,0.6701678082191781,0.004993306810672788,50,0.00070616022127434,0.0013840740336977064,slot_utilization
10,5,9,5,0.5,2,0.17136130136986302,0.003231104834943412,50,0.0004569472279026254,0.0008956165666891458,slot_utilization
10,5,9,5,0.7,1,0.6701678082191781,0.004993306810672788,50,0.00070616022127434,0.0013840740336977064,slot_utilization
10,5,9,5,0.7,2,0.17136130136986302,0.003231104834943412,50,0.0004569472279026254,0.0008956165666891458,slot_utilization
10,5,9,9,0.3,1,0.6701678082191781,0.004993306810672788,50,0.00070616022127434,0.0013840740336977064,slot_utilization
10,5,9,9,0.3,2,0.17136130136986302,0.003231104834943412,50,0.0004569472279026254,0.0008956165666891458,slot_utilization
10,5,9,9,0.5,1,0.6701678082191781,0.004993306810672788,50,0.00070616022127434,0.0013840740336977064,slot_utilization
10,5,9,9,0.5,2,0.17136130136986302,0.003231104834943412,50,0.0004569472279026254,0.0008956165666891458,slot_utilization
10,5,9,9,0.7,1,0.6701678082191781,0.004993306810672788,50,0.00070616022127434,0.0013840740336977064,slot_utilization
10,5,9,9,0.7,2,0.17136130136986302,0.003231104834943412,50,0.0004569472279026254,0.0008956165666891458,slot_utilization
10,5,12,12,0.3,1,0.6701678082191781,0.004993306810672788,50,0.00070616022127434,0.0013840740336977064,slot_utilization
10,5,12,12,0.3,2,0.17136130136986302,0.003231104834943412,50,0.0004569472279026254,0.0008956165666891458,slot_utilization
10,5,12,12,0.5,1,0.6701678082191781,0.004993306810672788,50,0.00070616022127434,0.0013840740336977064,slot_utilization
10,5,12,12,0.5,2,0.17136130136986302,0.003231104834943412,50,0.0004569472279026254,0.0008956165666891458,slot_utilization
10,5,12,12,0.7,1,0.6701678082191781,0.004993306810672788,50,0.00070616022127434,0.0013840740336977064,slot_utilization
10,5,12,12,0.7,2,0.17136130136986302,0.003231104834943412,50,0.0004569472279026254,0.0008956165666891458,slot_utilization
10,7,5,9,0.3,1,0.5718715753424657,0.004308833777546301,50,0.0006093611166217275,0.0011943477885785858,slot_utilization
10,7,5,9,0.3,2,0.2988150684931507,0.005306763668171306,50,0.0007504897151836657,0.0014709598417599846,slot_utilization
10,7,5,9,0.5,1,0.49199657534246577,0.005313155468999231,50,0.0007513936523255494,0.0014727315585580769,slot_utilization
10,7,5,9,0.5,2,0.4339811643835616,0.006294071003287512,50,0.0008901160575388432,0.0017446274727761326,slot_utilization
10,7,5,9,0.7,1,0.3942876712328767,0.004555259560781746,50,0.0006442109850987253,0.0012626535307935017,slot_utilization
10,7,5,9,0.7,2,0.5726318493150685,0.00520820684190694,50,0.0007365516751469141,0.0014436412832879515,slot_utilization
10,7,5,12,0.3,1,0.5718715753424657,0.004308833777546301,50,0.0006093611166217275,0.0011943477885785858,slot_utilization
10,7,5,12,0.3,2,0.2988150684931507,0.005306763668171306,50,0.0007504897151836657,0.0014709598417599846,slot_utilization
10,7,5,12,0.5,1,0.49199657534246577,0.005313155468999231,50,0.0007513936523255494,0.0014727315585580769,slot_utilization
10,7,5,12,0.5,2,0.4339811643835616,0.006294071003287512,50,0.0008901160575388432,0.0017446274727761326,slot_utilization
10,7,5,12,0.7,1,0.3942876712328767,0.004555259560781746,50,0.0006442109850987253,0.0012626535307935017,slot_utilization
10,7,5,12,0.7,2,0.5726318493150685,0.00520820684190694,50,0.0007365516751469141,0.0014436412832879515,slot_utilization
10,7,9,5,0.3,1,0.6117722602739726,0.00403402546047743,50,0.0005704973517165551,0.0011181748093644478,slot_utilization
10,7,9,5,0.3,2,0.2293458904109589,0.003596163308201108,50,0.0005085742922966503,0.0009968056129014346,slot_utilization
10,7,9,5,0.5,1,0.616929794520548,0.004423631676080761,50,0.0006255959911256638,0.001226168142606301,slot_utilization
10,7,9,5,0.5,2,0.22419349315068493,0.003876722716699952,50,0.0005482513843516942,0.0010745727133293205,slot_utilization
10,7,9,5,0.7,1,0.6224537671232876,0.004342607310647312,50,0.0006141374154777981,0.0012037093343364841,slot_utilization
10,7,9,5,0.7,2,0.2182140410958904,0.0037121117538314024,50,0.0005249718787312945,0.0010289448823133371,slot_utilization
10,7,9,9,0.3,1,0.6071078767123288,0.0050901053050988925,50,0.0007198495956378094,0.0014109052074501064,slot_utilization
10,7,9,9,0.3,2,0.23398287671232876,0.004147773055000533,50,0.0005865836908027439,0.001149704033973378,slot_utilization
10,7,9,9,0.5,1,0.6071078767123288,0.0050901053050988925,50,0.0007198495956378094,0.0014109052074501064,slot_utilization
10,7,9,9,0.5,2,0.23398287671232876,0.004147773055000533,50,0.0005865836908027439,0.001149704033973378,slot_utilization
10,7,9,9,0.7,1,0.6071078767123288,0.0050901053050988925,50,0.0007198495956378094,0.0014109052074501064,slot_utilization
10,7,9,9,0.7,2,0.23398287671232876,0.004147773055000533,50,0.0005865836908027439,0.001149704033973378,slot_utilization
10,7,12,12,0.3,1,0.6071078767123288,0.0050901053050988925,50,0.0007198495956378094,0.0014109052074501064,slot_utilization
10,7,12,12,0.3,2,0.23398287671232876,0.004147773055000533,50,0.0005865836908027439,0.001149704033973378,slot_utilization
10,7,12,12,0.5,1,0.6071078767123288,0.0050901053050988925,50,0.0007198495956378094,0.0014109052074501064,slot_utilization
10,7,12,12,0.5,2,0.23398287671232876,0.004147773055000533,50,0.0005865836908027439,0.001149704033973378,slot_utilization
10,7,12,12,0.7,1,0.6071078767123288,0.0050901053050988925,50,0.0007198495956378094,0.0014109052074501064,slot_utilization
10,7,12,12,0.7,2,0.23398287671232876,0.004147773055000533,50,0.0005865836908027439,0.001149704033973378,slot_utilization
10,10,5,9,0.3,1,0.3820804794520548,0.004061042955707055,50,0.0005743182025340637,0.0011256636769667648,slot_utilization
10,10,5,9,0.3,2,0.45839554794520543,0.004013434636939947,50,0.0005675853695258411,0.0011124673242706485,slot_utilization
10,10,5,9,0.5,1,0.3490393835616438,0.00427282206099154,50,0.0006042682908261195,0.0011843658500191943,slot_utilization
10,10,5,9,0.5,2,0.4923955479452055,0.004390668176852698,50,0.0006209342483585036,0.0012170311267826672,slot_utilization
10,10,5,9,0.7,1,0.30552739726027395,0.004741596807123677,50,0.0006705630511939268,0.0013143035803400965,slot_utilization
10,10,5,9,0.7,2,0.5351729452054794,0.004810459460735838,50,0.0006803017010618586,0.0013333913340812429,slot_utilization
10,10,5,12,0.3,1,0.3820804794520548,0.004061042955707055,50,0.0005743182025340637,0.0011256636769667648,slot_utilization
10,10,5,12,0.3,2,0.45839554794520543,0.004013434636939947,50,0.0005675853695258411,0.0011124673242706485,slot_utilization
10,10,5,12,0.5,1,0.3490393835616438,0.00427282206099154,50,0.0006042682908261195,0.0011843658500191943,slot_utilization
10,10,5,12,0.5,2,0.4923955479452055,0.004390668176852698,50,0.0006209342483585036,0.0012170311267826672,slot_utilization
10,10,5,12,0.7,1,0.30552739726027395,0.004741596807123677,50,0.0006705630511939268,0.0013143035803400965,slot_utilization
10,10,5,12,0.7,2,0.5351729452054794,0.004810459460735838,50,0.0006803017010618586,0.0013333913340812429,slot_utilization
10,10,9,5,0.3,1,0.45923972602739727,0.005116000606643434,50,0.0007235117443024126,0.0014180830188327287,slot_utilization
10,10,9,5,0.3,2,0.3816232876712328,0.004784643266446391,50,0.0006766507398525592,0.001326235450111016,slot_utilization
10,10,9,5,0.5,1,0.49259931506849314,0.004784999682573871,50,0.0006767011447046924,0.001326334243621197,slot_utilization
10,10,9,5,0.5,2,0.3479777397260274,0.004375042570369087,50,0.0006187244538975609,0.0012126999296392194,slot_utilization
10,10,9,5,0.7,1,0.5367654109589042,0.0041119941155652465,50,0.0005815237846630731,0.0011397866179396234,slot_utilization
10,10,9,5,0.7,2,0.30442808219178086,0.004419071764745022,50,0.0006249511222802417,0.0012249041996692737,slot_utilization
10,10,9,9,0.3,1,0.4210051369863014,0.004889970364098749,50,0.0006915462408510952,0.0013554306320681464,slot_utilization
10,10,9,9,0.3,2,0.42033390410958904,0.004389324202449501,50,0.0006207441816756552,0.0012166585960842842,slot_utilization
10,10,9,9,0.5,1,0.4210051369863014,0.004889970364098749,50,0.0006915462408510952,0.0013554306320681464,slot_utilization
10,10,9,9,0.5,2,0.42033390410958904,0.004389324202449501,50,0.0006207441816756552,0.0012166585960842842,slot_utilization
10,10,9,9,0.7,1,0.4210051369863014,0.004889970364098749,50,0.0006915462408510952,0.0013554306320681464,slot_utilization
10,10,9,9,0.7,2,0.42033390410958904,0.004389324202449501,50,0.0006207441816756552,0.0012166585960842842,slot_utilization
10,10,12,12,0.3,1,0.4210051369863014,0.004889970364098749,50,0.0006915462408510952,0.0013554306320681464,slot_utilization
10,10,12,12,0.3,2,0.42033390410958904,0.004389324202449501,50,0.0006207441816756552,0.0012166585960842842,slot_utilization
10,10,12,12,0.5,1,0.4210051369863014,0.004889970364098749,50,0.0006915462408510952,0.0013554306320681464,slot_utilization
10,10,12,12,0.5,2,0.42033390410958904,0.004389324202449501,50,0.0006207441816756552,0.0012166585960842842,slot_utilization
10,10,12,12,0.7,1,0.4210051369863014,0.004889970364098749,50,0.0006915462408510952,0.0013554306320681464,slot_utilization
10,10,12,12,0.7,2,0.42033390410958904,0.004389324202449501,50,0.0006207441816756552,0.0012166585960842842,slot_utilization
10,14,5,9,0.3,1,0.31434760273972606,0.004391295042454393,50,0.0006210229005420739,0.0012172048850624649,slot_utilization
10,14,5,9,0.3,2,0.5270856164383562,0.005157642980185386,50,0.000729400865245656,0.0014296256958814858,slot_utilization
10,14,5,9,0.5,1,0.3195873287671233,0.004758104155391047,50,0.0006728975427737799,0.0013188791838366085,slot_utilization
10,14,5,9,0.5,2,0.5211421232876713,0.00507196673402184,50,0.0007172844143158857,0.001405877452059136,slot_utilization
10,14,5,9,0.7,1,0.2965873287671233,0.003963535561741251,50,0.0005605285746362542,0.0010986360062870582,slot_utilization
10,14,5,9,0.7,2,0.5433664383561644,0.004447423452885177,50,0.0006289606564686397,0.0012327628866785336,slot_utilization
10,14,5,12,0.3,1,0.27215239726027396,0.004260287976055828,50,0.0006024957035353176,0.0011808915789292224,slot_utilization
10,14,5,12,0.3,2,0.5673304794520547,0.004506993197354342,50,0.0006373850905221789,0.0012492747774234707,slot_utilization
10,14,5,12,0.5,1,0.2601900684931507,0.004266802946708384,50,0.0006034170595208482,0.0011826974366608623,slot_utilization
10,14,5,12,0.5,2,0.5797397260273973,0.005114857752747836,50,0.0007233501203545161,0.0014177662358948514,slot_utilization
10,14,5,12,0.7,1,0.2464760273972603,0.0040814401491631154,50,0.0005772028012960545,0.0011313174905402668,slot_utilization
10,14,5,12,0.7,2,0.5945839041095891,0.004294283070924058,50,0.0006073033359569986,0.0011903145384757172,slot_utilization
10,14,9,5,0.3,1,0.3602345890410959,0.005928053393481868,50,0.0008383533507533906,0.0016431725674766456,slot_utilization
10,14,9,5,0.3,2,0.4797448630136987,0.005800553898693651,50,0.0008203221992808692,0.0016078315105905036,slot_utilization
10,14,9,5,0.5,1,0.43534075342465756,0.004769409170990354,50,0.0006744963134121179,0.0013220127742877511,slot_utilization
10,14,9,5,0.5,2,0.4053904109589041,0.004093064461769696,50,0.0005788467273502037,0.0011345395856063993,slot_utilization
10,14,9,5,0.7,1,0.5127585616438356,0.005079072303902503,50,0.0007182892936452481,0.0014078470155446862,slot_utilization
10,14,9,5,0.7,2,0.3281900684931507,0.004176991077043801,50,0.0005907157431066744,0.0011578028564890818,slot_utilization
10,14,9,9,0.3,1,0.3286866438356164,0.004900781964707527,50,0.0006930752320722848,0.0013584274548616782,slot_utilization
10,14,9,9,0.3,2,0.5114212328767124,0.0048691044262458944,50,0.0006885953516207811,0.0013496468891767309,slot_utilization
10,14,9,9,0.5,1,0.36220034246575344,0.004588836699369064,50,0.000648959509576312,0.0012719606387695715,slot_utilization
10,14,9,9,0.5,2,0.4783784246575343,0.004420837482403706,50,0.000625200832466265,0.0012253936316338793,slot_utilization
10,14,9,9,0.7,1,0.38954109589041097,0.004250851193534973,50,0.0006011611409527017,0.0011782758362672953,slot_utilization
10,14,9,9,0.7,2,0.451388698630137,0.004824110746818541,50,0.0006822322844540581,0.001337175277529954,slot_utilization
10,14,12,12,0.3,1,0.2864554794520548,0.004774885911139813,50,0.0006752708414318137,0.0013235308492063548,slot_utilization
10,14,12,12,0.3,2,0.5534349315068493,0.004414926308384124,50,0.0006243648662194609,0.0012237551377901434,slot_utilization
10,14,12,12,0.5,1,0.2845530821917808,0.004325808145302372,50,0.0006117616547310618,0.0011990528432728811,slot_utilization
10,14,12,12,0.5,2,0.5559828767123287,0.004106735625271435,50,0.0005807801218339616,0.0011383290387945646,slot_utilization
10,14,12,12,0.7,1,0.2861729452054794,0.00447732694269157,50,0.0006331896485532884,0.0012410517111644452,slot_utilization
10,14,12,12,0.7,2,0.5543082191780822,0.00441183500459981,50,0.0006239276898457418,0.001222898272097654,slot_utilization
14,2,5,9,0.3,1,0.9499349315068493,0.0023124888441994713,50,0.00032703530863033753,0.0006409892049154616,slot_utilization
14,2,5,9,0.3,2,0.05002739726027397,0.0021211701589640454,50,0.0002999787606908047,0.0005879583709539771,slot_utilization
14,2,5,9,0.5,1,0.9502688356164384,0.002105638004686636,50,0.00029778218236760633,0.0005836530774405084,slot_utilization
14,2,5,9,0.5,2,0.049792808219178086,0.0020333579481834037,50,0.0002875602387480098,0.0005636180679460993,slot_utilization
14,2,5,9,0.7,1,0.9499160958904109,0.0022483937161692593,50,0.00031797088869610097,0.0006232229418443579,slot_utilization
14,2,5,9,0.7,2,0.05015410958904109,0.0022291836938201693,50,0.00031525418128214365,0.0006178981953130015,slot_utilization
14,2,5,12,0.3,1,0.9499349315068493,0.0023124888441994713,50,0.00032703530863033753,0.0006409892049154616,slot_utilization
14,2,5,12,0.3,2,0.05002739726027397,0.0021211701589640454,50,0.0002999787606908047,0.0005879583709539771,slot_utilization
14,2,5,12,0.5,1,0.9502688356164384,0.002105638004686636,50,0.00029778218236760633,0.0005836530774405084,slot_utilization
14,2,5,12,0.5,2,0.049792808219178086,0.0020333579481834037,50,0.0002875602387480098,0.0005636180679460993,slot_utilization
14,2,5,12,0.7,1,0.9499160958904109,0.0022483937161692593,50,0.00031797088869610097,0.0006232229418443579,slot_utilization
14,2,5,12,0.7,2,0.05015410958904109,0.0022291836938201693,50,0.00031525418128214365,0.0006178981953130015,slot_utilization
14,2,9,5,0.3,1,0.8173441780821917,0.009636149988826795,50,0.0013627574003260202,0.0026710045046389997,slot_utilization
14,2,9,5,0.3,2,0.04966609589041096,0.002258998234743627,50,0.00031947059409513173,0.0006261623644264582,slot_utilization
14,2,9,5,0.5,1,0.8168082191780822,0.010302216907675825,50,0.0014569534873344558,0.002855628835175533,slot_utilization
14,2,9,5,0.5,2,0.04971575342465753,0.0024756324286097564,50,0.00035010729559905603,0.0006862102993741499,slot_utilization
14,2,9,5,0.7,1,0.8176027397260274,0.009491603527780687,50,0.0013423154437655761,0.0026309382697805293,slot_utilization
14,2,9,5,0.7,2,0.04980650684931507,0.002406217664640255,50,0.00034029056553559647,0.000666969508449769,slot_utilization
14,2,9,9,0.3,1,0.8173441780821917,0.009636149988826795,50,0.0013627574003260202,0.0026710045046389997,slot_utilization
14,2,9,9,0.3,2,0.04966609589041096,0.002258998234743627,50,0.00031947059409513173,0.0006261623644264582,slot_utilization
14,2,9,9,0.5,1,0.8168082191780822,0.010302216907675825,50,0.0014569534873344558,0.002855628835175533,slot_utilization
14,2,9,9,0.5,2,0.04971575342465753,0.0024756324286097564,50,0.00035010729559905603,0.0006862102993741499,slot_utilization
14,2,9,9,0.7,1,0.8176027397260274,0.009491603527780687,50,0.0013423154437655761,0.0026309382697805293,slot_utilization
14,2,9,9,0.7,2,0.04980650684931507,0.002406217664640255,50,0.00034029056553559647,0.000666969508449769,slot_utilization
14,2,12,12,0.3,1,0.8170599315068493,0.00985878611798004,50,0.0013942429036582968,0.0027327160911702615,slot_utilization
14,2,12,12,0.3,2,0.049667808219178086,0.002321339641014554,50,0.0003282870003197074,0.0006434425206266265,slot_utilization
14,2,12,12,0.5,1,0.8170599315068493,0.00985878611798004,50,0.0013942429036582968,0.0027327160911702615,slot_utilization
14,2,12,12,0.5,2,0.049667808219178086,0.002321339641014554,50,0.0003282870003197074,0.0006434425206266265,slot_utilization
14,2,12,12,0.7,1,0.8170599315068493,0.00985878611798004,50,0.0013942429036582968,0.0027327160911702615,slot_utilization
14,2,12,12,0.7,2,0.049667808219178086,0.002321339641014554,50,0.0003282870003197074,0.0006434425206266265,slot_utilization
14,5,5,9,0.3,1,0.825429794520548,0.003218823496106288,50,0.0004552103843078694,0.000892212353243424,slot_utilization
14,5,5,9,0.3,2,0.17239554794520548,0.0029933081553805774,50,0.00042331769897012043,0.000829702689981436,slot_utilization
14,5,5,9,0.5,1,0.8276147260273973,0.003709749464890069,50,0.0005246378006253867,0.001028290089225758,slot_utilization
14,5,5,9,0.5,2,0.17245034246575344,0.003829480860491392,50,0.0005415703769755117,0.0010614779388720028,slot_utilization
14,5,5,9,0.7,1,0.8274109589041097,0.004062741140625281,50,0.000574558362148341,0.0011261343898107483,slot_utilization
14,5,5,9,0.7,2,0.17271746575342464,0.004109902446464415,50,0.0005812279779820339,0.0011392068368447864,slot_utilization
14,5,5,12,0.3,1,0.825429794520548,0.003218823496106288,50,0.0004552103843078694,0.000892212353243424,slot_utilization
14,5,5,12,0.3,2,0.17239554794520548,0.0029933081553805774,50,0.00042331769897012043,0.000829702689981436,slot_utilization
14,5,5,12,0.5,1,0.8276147260273973,0.003709749464890069,50,0.0005246378006253867,0.001028290089225758,slot_utilization
14,5,5,12,0.5,2,0.17245034246575344,0.003829480860491392,50,0.0005415703769755117,0.0010614779388720028,slot_utilization
14,5,5,12,0.7,1,0.8274109589041097,0.004062741140625281,50,0.000574558362148341,0.0011261343898107483,slot_utilization
14,5,5,12,0.7,2,0.17271746575342464,0.004109902446464415,50,0.0005812279779820339,0.0011392068368447864,slot_utilization
14,5,9,5,0.3,1,0.6682294520547946,0.003223623127463086,50,0.0004558891546837869,0.0008935427431802223,slot_utilization
14,5,9,5,0.3,2,0.17185616438356163,0.0037103474354520925,50,0.0005247223664332581,0.0010284558382091858,slot_utilization
14,5,9,5,0.5,1,0.6697928082191781,0.004160767274763512,50,0.0005884213509848701,0.0011533058479303454,slot_utilization
14,5,9,5,0.5,2,0.17098972602739726,0.0035764665027224266,50,0.0005057887433523127,0.0009913459369705329,slot_utilization
14,5,9,5,0.7,1,0.6692825342465754,0.004351571149962594,50,0.0006154050937908585,0.0012061939838300827,slot_utilization
14,5,9,5,0.7,2,0.17228082191780822,0.0031644564017191223,50,0.00044752171608495456,0.000877142563526511,slot_utilization
14,5,9,9,0.3,1,0.6682294520547946,0.003223623127463086,50,0.0004558891546837869,0.0008935427431802223,slot_utilization
14,5,9,9,0.3,2,0.17185616438356163,0.0037103474354520925,50,0.0005247223664332581,0.0010284558382091858,slot_utilization
14,5,9,9,0.5,1,0.6697928082191781,0.004160767274763512,50,0.0005884213509848701,0.0011533058479303454,slot_utilization
14,5,9,9,0.5,2,0.17098972602739726,0.0035764665027224266,50,0.0005057887433523127,0.0009913459369705329,slot_utilization
14,5,9,9,0.7,1,0.6692825342465754,0.004351571149962594,50,0.0006154050937908585,0.0012061939838300827,slot_utilization
14,5,9,9,0.7,2,0.17228082191780822,0.0031644564017191223,50,0.00044752171608495456,0.000877142563526511,slot_utilization
14,5,12,12,0.3,1,0.6685993150684932,0.0038229621472559744,50,0.0005406484917088369,0.0010596710437493202,slot_utilization
14,5,12,12,0.3,2,0.1719982876712329,0.0034820296537798148,50,0.0004924333560960706,0.0009651693779482984,slot_utilization
14,5,12,12,0.5,1,0.6685993150684932,0.0038229621472559744,50,0.0005406484917088369,0.0010596710437493202,slot_utilization
14,5,12,12,0.5,2,0.1719982876712329,0.0034820296537798148,50,0.0004924333560960706,0.0009651693779482984,slot_utilization
14,5,12,12,0.7,1,0.6685993150684932,0.0038229621472559744,50,0.0005406484917088369,0.0010596710437493202,slot_utilization
14,5,12,12,0.7,2,0.1719982876712329,0.0034820296537798148,50,0.0004924333560960706,0.0009651693779482984,slot_utilization
14,7,5,9,0.3,1,0.5718715753424657,0.004308833777546301,50,0.0006093611166217275,0.0011943477885785858,slot_utilization
14,7,5,9,0.3,2,0.2988150684931507,0.005306763668171306,50,0.0007504897151836657,0.0014709598417599846,slot_utilization
14,7,5,9,0.5,1,0.49199657534246577,0.005313155468999231,50,0.0007513936523255494,0.0014727315585580769,slot_utilization
14,7,5,9,0.5,2,0.4339811643835616,0.006294071003287512,50,0.0008901160575388432,0.0017446274727761326,slot_utilization
14,7,5,9,0.7,1,0.3942876712328767,0.004555259560781746,50,0.0006442109850987253,0.0012626535307935017,slot_utilization
14,7,5,9,0.7,2,0.5726318493150685,0.00520820684190694,50,0.0007365516751469141,0.0014436412832879515,slot_utilization
14,7,5,12,0.3,1,0.5718715753424657,0.004308833777546301,50,0.0006093611166217275,0.0011943477885785858,slot_utilization
14,7,5,12,0.3,2,0.2988150684931507,0.005306763668171306,50,0.0007504897151836657,0.0014709598417599846,slot_utilization
14,7,5,12,0.5,1,0.49199657534246577,0.005313155468999231,50,0.0007513936523255494,0.0014727315585580769,slot_utilization
14,7,5,12,0.5,2,0.4339811643835616,0.006294071003287512,50,0.0008901160575388432,0.0017446274727761326,slot_utilization
14,7,5,12,0.7,1,0.3942876712328767,0.004555259560781746,50,0.0006442109850987253,0.0012626535307935017,slot_utilization
14,7,5,12,0.7,2,0.5726318493150685,0.00520820684190694,50,0.0007365516751469141,0.0014436412832879515,slot_utilization
14,7,9,5,0.3,1,0.6117671232876712,0.00385870147255729,50,0.0005457027955639552,0.0010695774793053523,slot_utilization
14,7,9,5,0.3,2,0.22849486301369865,0.0036230242988772275,50,0.0005123730100279448,0.001004251099654772,slot_utilization
14,7,9,5,0.5,1,0.6162328767123287,0.004627686121520352,50,0.0006544536475459828,0.0012827291491901262,slot_utilization
14,7,9,5,0.5,2,0.22510787671232876,0.0031843081574261215,50,0.00045032917830073016,0.0008826451894694311,slot_utilization
14,7,9,5,0.7,1,0.6233116438356164,0.004405034650507596,50,0.0006229659745471269,0.0012210133101123687,slot_utilization
14,7,9,5,0.7,2,0.21804623287671235,0.003979742449600257,50,0.0005628205746976607,0.0011031283264074149,slot_utilization
14,7,9,9,0.3,1,0.6057842465753425,0.003728250782759956,50,0.0005272542820907237,0.0010334183928978184,slot_utilization
14,7,9,9,0.3,2,0.23464212328767123,0.0033576888906864917,50,0.0004748489167438309,0.0009307038768179086,slot_utilization
14,7,9,9,0.5,1,0.6058356164383562,0.005378834236178065,50,0.0007606820326559747,0.0014909367840057104,slot_utilization
14,7,9,9,0.5,2,0.23426369863013696,0.004794551749169612,50,0.000678052010917531,0.0013289819413983609,slot_utilization
14,7,9,9,0.7,1,0.6063869863013699,0.004537489908340867,50,0.0006416979767506707,0.0012577280344313144,slot_utilization
14,7,9,9,0.7,2,0.23421232876712328,0.003905093456359197,50,0.0005522636128317603,0.0010824366811502501,slot_utilization
14,7,12,12,0.3,1,0.6068715753424657,0.004490690416543946,50,0.0006350795291495332,0.001244755877133085,slot_utilization
14,7,12,12,0.3,2,0.23327739726027397,0.004419389964175457,50,0.0006249961224752477,0.0012249924000514855,slot_utilization
14,7,12,12,0.5,1,0.6068715753424657,0.004490690416543946,50,0.0006350795291495332,0.001244755877133085,slot_utilization
14,7,12,12,0.5,2,0.23327739726027397,0.004419389964175457,50,0.0006249961224752477,0.0012249924000514855,slot_utilization
14,7,12,12,0.7,1,0.6068715753424657,0.004490690416543946,50,0.0006350795291495332,0.001244755877133085,slot_utilization
14,7,12,12,0.7,2,0.23327739726027397,0.004419389964175457,50,0.0006249961224752477,0.0012249924000514855,slot_utilization
14,10,5,9,0.3,1,0.4800154109589041,0.004805151222748611,50,0.0006795510028464746,0.0013319199655790902,slot_utilization
14,10,5,9,0.3,2,0.36070205479452055,0.005042403422673589,50,0.0007131035307301503,0.0013976829202310946,slot_utilization
14,10,5,9,0.5,1,0.40603767123287676,0.004548528926031913,50,0.000643259129604066,0.0012607878940239692,slot_utilization
14,10,5,9,0.5,2,0.4340085616438356,0.005144735151364865,50,0.0007275754225877791,0.001426047828272047,slot_utilization
14,10,5,9,0.7,1,0.3294178082191781,0.00477607628861521,50,0.0006754391862288186,0.0013238608050084844,slot_utilization
14,10,5,9,0.7,2,0.5120205479452055,0.004768427640250116,50,0.0006743575040036448,0.0013217407078471438,slot_utilization
14,10,5,12,0.3,1,0.4800154109589041,0.004805151222748611,50,0.0006795510028464746,0.0013319199655790902,slot_utilization
14,10,5,12,0.3,2,0.36070205479452055,0.005042403422673589,50,0.0007131035307301503,0.0013976829202310946,slot_utilization
14,10,5,12,0.5,1,0.40603767123287676,0.004548528926031913,50,0.000643259129604066,0.0012607878940239692,slot_utilization
14,10,5,12,0.5,2,0.4340085616438356,0.005144735151364865,50,0.0007275754225877791,0.001426047828272047,slot_utilization
14,10,5,12,0.7,1,0.3294178082191781,0.00477607628861521,50,0.0006754391862288186,0.0013238608050084844,slot_utilization
14,10,5,12,0.7,2,0.5120205479452055,0.004768427640250116,50,0.0006743575040036448,0.0013217407078471438,slot_utilization
14,10,9,5,0.3,1,0.5259931506849315,0.004433906635693158,50,0.0006270490898493326,0.0012290162161046917,slot_utilization
14,10,9,5,0.3,2,0.3144178082191781,0.004603637612609396,50,0.0006510526748003104,0.0012760632426086084,slot_utilization
14,10,9,5,0.5,1,0.5200924657534247,0.0041548936709857424,50,0.0005875906979726173,0.00115167776802633,slot_utilization
14,10,9,5,0.5,2,0.3202071917808219,0.004510423927899379,50,0.0006378702690887428,0.001250225727413936,slot_utilization
14,10,9,5,0.7,1,0.5436660958904109,0.004390967993305941,50,0.0006209766488079435,0.0012171142316635692,slot_utilization
14,10,9,5,0.7,2,0.29719349315068494,0.004126129016945687,50,0.0005835227615865757,0.0011437046127096883,slot_utilization
14,10,9,9,0.3,1,0.5121986301369863,0.005115339724316725,50,0.0007234182814274561,0.0014178998315978139,slot_utilization
14,10,9,9,0.3,2,0.3285,0.005465117668878198,50,0.0007728843527292381,0.0015148533313493067,slot_utilization
14,10,9,9,0.5,1,0.4778304794520548,0.0050063295636357105,50,0.0007080019166603001,0.001387683756654188,slot_utilization
14,10,9,9,0.5,2,0.36227397260273975,0.004623668173078817,50,0.0006538854238280894,0.001281615430703055,slot_utilization
14,10,9,9,0.7,1,0.4514880136986302,0.004665863929980873,50,0.000659852804996638,0.0012933114977934103,slot_utilization
14,10,9,9,0.7,2,0.3887945205479452,0.005081520754951919,50,0.0007186355569133372,0.0014085256915501408,slot_utilization
14,10,12,12,0.3,1,0.5542243150684931,0.004798001664180389,50,0.0006785399025772586,0.001329938209051427,slot_utilization
14,10,12,12,0.3,2,0.28534417808219176,0.004062237762310287,50,0.0005744871737043341,0.0011259948604604947,slot_utilization
14,10,12,12,0.5,1,0.556138698630137,0.005034186252417592,50,0.0007119414473681145,0.0013954052368415043,slot_utilization
14,10,12,12,0.5,2,0.2846917808219178,0.004091676845202103,50,0.0005786504887332773,0.0011341549579172235,slot_utilization
14,10,12,12,0.7,1,0.5542482876712329,0.004122850205436565,50,0.0005830590676161091,0.0011427957725275739,slot_utilization
14,10,12,12,0.7,2,0.28513013698630135,0.004642385410079322,50,0.0006565324408697159,0.0012868035841046431,slot_utilization
14,14,5,9,0.3,1,0.40512328767123285,0.005116834483222522,50,0.0007236296722591617,0.0014183141576279569,slot_utilization
14,14,5,9,0.3,2,0.4339811643835616,0.005437087515107832,50,0.0007689202903674926,0.0015070837691202855,slot_utilization
14,14,5,9,0.5,1,0.39229965753424656,0.004000255396070136,50,0.0005657215434078543,0.0011088142250793944,slot_utilization
14,14,5,9,0.5,2,0.446695205479452,0.003919966852255059,50,0.0005543670286512074,0.0010865593761563667,slot_utilization
14,14,5,9,0.7,1,0.3272756849315068,0.004466416066773398,50,0.0006316466176832036,0.001238027370659079,slot_utilization
14,14,5,9,0.7,2,0.5133989726027397,0.00519896822010768,50,0.0007352451367222992,0.0014410804679757063,slot_utilization
14,14,5,12,0.3,1,0.3993938356164384,0.004604054830044954,50,0.000651111678255893,0.0012761788893815502,slot_utilization
14,14,5,12,0.3,2,0.4391232876712328,0.005184956804179684,50,0.0007332636232789568,0.0014371967016267554,slot_utilization
14,14,5,12,0.5,1,0.3675462328767123,0.004305610713545669,50,0.0006089053065395185,0.001193454400817456,slot_utilization
14,14,5,12,0.5,2,0.47185102739726026,0.004334797060444775,50,0.0006130328793016026,0.001201544443431141,slot_utilization
14,14,5,12,0.7,1,0.30838013698630135,0.004407601286005345,50,0.0006233289516201854,0.0012217247451755632,slot_utilization
14,14,5,12,0.7,2,0.5303715753424657,0.00488247562766633,50,0.0006904863250601814,0.0013533531971179555,slot_utilization
14,14,9,5,0.3,1,0.43370890410958907,0.004488132299719371,50,0.0006347177567987884,0.0012440468033256252,slot_utilization
14,14,9,5,0.3,2,0.4050941780821918,0.00433500273729884,50,0.000613061966401251,0.001201601454146452,slot_utilization
14,14,9,5,0.5,1,0.44730308219178083,0.004657756826009993,50,0.0006587062873579193,0.0012910643232215218,slot_utilization
14,14,9,5,0.5,2,0.39395376712328767,0.004893495772634998,50,0.0006920448089075821,0.001356407825458861,slot_utilization
14,14,9,5,0.7,1,0.512513698630137,0.004499062331433641,50,0.0006362634967075372,0.0012470764535467728,slot_utilization
14,14,9,5,0.7,2,0.3285171232876712,0.0041646897831882045,50,0.0005889760774461423,0.001154393111794439,slot_utilization
14,14,9,9,0.3,1,0.4175291095890411,0.004440440768925282,50,0.0006279731558328549,0.0012308273854323955,slot_utilization
14,14,9,9,0.3,2,0.4208869863013699,0.005266542588029671,50,0.000744801595480706,0.0014598111271421838,slot_utilization
14,14,9,9,0.5,1,0.42055993150684934,0.004349188836415129,50,0.0006150681837779936,0.0012055336402048674,slot_utilization
14,14,9,9,0.5,2,0.42006335616438356,0.004062971267214196,50,0.0005745909069626517,0.0011261981776467974,slot_utilization
14,14,9,9,0.7,1,0.4213373287671233,0.005265870202100946,50,0.0007447065057507509,0.0014596247512714718,slot_utilization
14,14,9,9,0.7,2,0.42010787671232874,0.004994230965983298,50,0.0007062909165717263,0.0013843301964805836,slot_utilization
14,14,12,12,0.3,1,0.4202191780821918,0.004704227352019912,50,0.0006652782121713031,0.001303945295855754,slot_utilization
14,14,12,12,0.3,2,0.41912157534246575,0.004944608865467987,50,0.0006992732918175069,0.0013705756519623135,slot_utilization
14,14,12,12,0.5,1,0.41948801369863015,0.003743935884854845,50,0.0005294724905017036,0.0010377660813833392,slot_utilization
14,14,12,12,0.5,2,0.41905650684931506,0.0040737259164552,50,0.000576111844044171,0.001129179214326575,slot_utilization
14,14,12,12,0.7,1,0.41988013698630133,0.004397351610288667,50,0.0006218794285793401,0.0012188836800155066,slot_utilization
14,14,12,12,0.7,2,0.4195359589041096,0.004278119429317248,50,0.0006050174518392298,0.0011858342056048903,slot_utilization
2,2,5,9,0.3,1,18257.34,122.3724008500115,50,17.306070894224312,33.91989895267965,arrivals
2,2,5,9,0.3,2,18240.76,128.3969546336042,50,18.158071461024605,35.58982006360822,arrivals
2,2,5,9,0.5,1,18257.34,122.3724008500115,50,17.306070894224312,33.91989895267965,arrivals
2,2,5,9,0.5,2,18240.76,128.3969546336042,50,18.158071461024605,35.58982006360822,arrivals
2,2,5,9,0.7,1,18257.34,122.3724008500115,50,17.306070894224312,33.91989895267965,arrivals
2,2,5,9,0.7,2,18240.76,128.3969546336042,50,18.158071461024605,35.58982006360822,arrivals
2,2,5,12,0.3,1,18257.34,122.3724008500115,50,17.306070894224312,33.91989895267965,arrivals
2,2,5,12,0.3,2,18240.76,128.3969546336042,50,18.158071461024605,35.58982006360822,arrivals
2,2,5,12,0.5,1,18257.34,122.3724008500115,50,17.306070894224312,33.91989895267965,arrivals
2,2,5,12,0.5,2,18240.76,128.3969546336042,50,18.158071461024605,35.58982006360822,arrivals
2,2,5,12,0.7,1,18257.34,122.3724008500115,50,17.306070894224312,33.91989895267965,arrivals
2,2,5,12,0.7,2,18240.76,128.3969546336042,50,18.158071461024605,35.58982006360822,arrivals
2,2,9,5,0.3,1,18257.34,122.3724008500115,50,17.306070894224312,33.91989895267965,arrivals
2,2,9,5,0.3,2,18240.76,128.3969546336042,50,18.158071461024605,35.58982006360822,arrivals
2,2,9,5,0.5,1,18257.34,122.3724008500115,50,17.306070894224312,33.91989895267965,arrivals
2,2,9,5,0.5,2,18240.76,128.3969546336042,50,18.158071461024605,35.58982006360822,arrivals
2,2,9,5,0.7,1,18257.34,122.3724008500115,50,17.306070894224312,33.91989895267965,arrivals
2,2,9,5,0.7,2,18240.76,128.3969546336042,50,18.158071461024605,35.58982006360822,arrivals
2,2,9,9,0.3,1,18257.34,122.3724008500115,50,17.306070894224312,33.91989895267965,arrivals
2,2,9,9,0.3,2,18240.76,128.3969546336042,50,18.158071461024605,35.58982006360822,arrivals
2,2,9,9,0.5,1,18257.34,122.3724008500115,50,17.306070894224312,33.91989895267965,arrivals
2,2,9,9,0.5,2,18240.76,128.3969546336042,50,18.158071461024605,35.58982006360822,arrivals
2,2,9,9,0.7,1,18257.34,122.3724008500115,50,17.306070894224312,33.91989895267965,arrivals
2,2,9,9,0.7,2,18240.76,128.3969546336042,50,18.158071461024605,35.58982006360822,arrivals
2,2,12,12,0.3,1,18257.34,122.3724008500115,50,17.306070894224312,33.91989895267965,arrivals
2,2,12,12,0.3,2,18240.76,128.3969546336042,50,18.158071461024605,35.58982006360822,arrivals
2,2,12,12,0.5,1,18257.34,122.3724008500115,50,17.306070894224312,33.91989895267965,arrivals
2,2,12,12,0.5,2,18240.76,128.3969546336042,50,18.158071461024605,35.58982006360822,arrivals
2,2,12,12,0.7,1,18257.34,122.3724008500115,50,17.306070894224312,33.91989895267965,arrivals
2,2,12,12,0.7,2,18240.76,128.3969546336042,50,18.158071461024605,35.58982006360822,arrivals
2,5,5,9,0.3,1,18248.9,134.83175457145262,50,19.068089595350884,37.37345560688773,arrivals
2,5,5,9,0.3,2,18231.46,153.8121316305538,50,21.75232026094449,42.6345477114512,arrivals
2,5,5,9,0.5,1,18248.9,134.83175457145262,50,19.068089595350884,37.37345560688773,arrivals
2,5,5,9,0.5,2,18231.46,153.8121316305538,50,21.75232026094449,42.6345477114512,arrivals
2,5,5,9,0.7,1,18248.9,134.83175457145262,50,19.068089595350884,37.37345560688773,arrivals
2,5,5,9,0.7,2,18231.46,153.8121316305538,50,21.75232026094449,42.6345477114512,arrivals
2,5,5,12,0.3,1,18248.9,134.83175457145262,50,19.068089595350884,37.37345560688773,arrivals
2,5,5,12,0.3,2,18231.46,153.8121316305538,50,21.75232026094449,42.6345477114512,arrivals
2,5,5,12,0.5,1,18248.9,134.83175457145262,50,19.068089595350884,37.37345560688773,arrivals
2,5,5,12,0.5,2,18231.46,153.8121316305538,50,21.75232026094449,42.6345477114512,arrivals
2,5,5,12,0.7,1,18248.9,134.83175457145262,50,19.068089595350884,37.37345560688773,arrivals
2,5,5,12,0.7,2,18231.46,153.8121316305538,50,21.75232026094449,42.6345477114512,arrivals
2,5,9,5,0.3,1,18248.9,134.83175457145262,50,19.068089595350884,37.37345560688773,arrivals
2,5,9,5,0.3,2,18231.46,153.8121316305538,50,21.75232026094449,42.6345477114512,arrivals
2,5,9,5,0.5,1,18248.9,134.83175457145262,50,19.068089595350884,37.37345560688773,arrivals
2,5,9,5,0.5,2,18231.46,153.8121316305538,50,21.75232026094449,42.6345477114512,arrivals
2,5,9,5,0.7,1,18248.9,134.83175457145262,50,19.068089595350884,37.37345560688773,arrivals
2,5,9,5,0.7,2,18231.46,153.8121316305538,50,21.75232026094449,42.6345477114512,arrivals
2,5,9,9,0.3,1,18248.9,134.83175457145262,50,19.068089595350884,37.37345560688773,arrivals
2,5,9,9,0.3,2,18231.46,153.8121316305538,50,21.75232026094449,42.6345477114512,arrivals
2,5,9,9,0.5,1,18248.9,134.83175457145262,50,19.068089595350884,37.37345560688773,arrivals
2,5,9,9,0.5,2,18231.46,153.8121316305538,50,21.75232026094449,42.6345477114512,arrivals
2,5,9,9,0.7,1,18248.9,134.83175457145262,50,19.068089595350884,37.37345560688773,arrivals
2,5,9,9,0.7,2,18231.46,153.8121316305538,50,21.75232026094449,42.6345477114512,arrivals
2,5,12,12,0.3,1,18248.9,134.83175457145262,50,19.068089595350884,37.37345560688773,arrivals
2,5,12,12,0.3,2,18231.46,153.8121316305538,50,21.75232026094449,42.6345477114512,arrivals
2,5,12,12,0.5,1,18248.9,134.83175457145262,50,19.068089595350884,37.37345560688773,arrivals
2,5,12,12,0.5,2,18231.46,153.8121316305538,50,21.75232026094449,42.6345477114512,arrivals
2,5,12,12,0.7,1,18248.9,134.83175457145262,50,19.068089595350884,37.37345560688773,arrivals
2,5,12,12,0.7,2,18231.46,153.8121316305538,50,21.75232026094449,42.6345477114512,arrivals
2,7,5,9,0.3,1,18262.78,135.25626319950518,50,19.128124181264518,37.49112339527846,arrivals
2,7,5,9,0.3,2,18265.74,145.96026996468362,50,20.641899335169388,40.458122696932,arrivals
2,7,5,9,0.5,1,18262.78,135.25626319950518,50,19.128124181264518,37.49112339527846,arrivals
2,7,5,9,0.5,2,18265.74,145.96026996468362,50,20.641899335169388,40.458122696932,arrivals
2,7,5,9,0.7,1,18262.78,135.25626319950518,50,19.128124181264518,37.49112339527846,arrivals
2,7,5,9,0.7,2,18265.74,145.96026996468362,50,20.641899335169388,40.458122696932,arrivals
2,7,5,12,0.3,1,18262.78,135.25626319950518,50,19.128124181264518,37.49112339527846,arrivals
2,7,5,12,0.3,2,18265.74,145.96026996468362,50,20.641899335169388,40.458122696932,arrivals
2,7,5,12,0.5,1,18262.78,135.25626319950518,50,19.128124181264518,37.49112339527846,arrivals
2,7,5,12,0.5,2,18265.74,145.96026996468362,50,20.641899335169388,40.458122696932,arrivals
2,7,5,12,0.7,1,18262.78,135.25626319950518,50,19.128124181264518,37.49112339527846,arrivals
2,7,5,12,0.7,2,18265.74,145.96026996468362,50,20.641899335169388,40.458122696932,arrivals
2,7,9,5,0.3,1,18299.74,135.99501941660387,50,19.232600087415356,37.6958961713341,arrivals
2,7,9,5,0.3,2,18256.7,144.67179604687453,50,20.459681606236426,40.10097594822339,arrivals
2,7,9,5,0.5,1,18255.96,135.09043984966334,50,19.10467321823407,37.44515950773877,arrivals
2,7,9,5,0.5,2,18256.22,121.94098438781548,50,17.245059393037447,33.800316410353396,arrivals
2,7,9,5,0.7,1,18263.88,141.6874456149809,50,20.03763072067063,39.273756212514435,arrivals
2,7,9,5,0.7,2,18256.4,137.2851939933645,50,19.41505832584374,38.05351431865373,arrivals
2,7,9,9,0.3,1,18262.78,135.25626319950518,50,19.128124181264518,37.49112339527846,arrivals
2,7,9,9,0.3,2,18265.74,145.96026996468362,50,20.641899335169388,40.458122696932,arrivals
2,7,9,9,0.5,1,18262.78,135.25626319950518,50,19.128124181264518,37.49112339527846,arrivals
2,7,9,9,0.5,2,18265.74,145.96026996468362,50,20.641899335169388,40.458122696932,arrivals
2,7,9,9,0.7,1,18262.78,135.25626319950518,50,19.128124181264518,37.49112339527846,arrivals
2,7,9,9,0.7,2,18265.74,145.96026996468362,50,20.641899335169388,40.458122696932,arrivals
2,7,12,12,0.3,1,18262.78,135.25626319950518,50,19.128124181264518,37.49112339527846,arrivals
2,7,12,12,0.3,2,18265.74,145.96026996468362,50,20.641899335169388,40.458122696932,arrivals
2,7,12,12,0.5,1,18262.78,135.25626319950518,50,19.128124181264518,37.49112339527846,arrivals
2,7,12,12,0.5,2,18265.74,145.96026996468362,50,20.641899335169388,40.458122696932,arrivals
2,7,12,12,0.7,1,18262.78,135.25626319950518,50,19.128124181264518,37.49112339527846,arrivals
2,7,12,12,0.7,2,18265.74,145.96026996468362,50,20.641899335169388,40.458122696932,arrivals
2,10,5,9,0.3,1,18255.04,138.4450027105002,50,19.57908004759693,38.37499689328998,arrivals
2,10,5,9,0.3,2,18216.88,122.30734788613003,50,17.29687101584494,33.90186719105608,arrivals
2,10,5,9,0.5,1,18255.04,138.4450027105002,50,19.57908004759693,38.37499689328998,arrivals
2,10,5,9,0.5,2,18216.88,122.30734788613003,50,17.29687101584494,33.90186719105608,arrivals
2,10,5,9,0.7,1,18255.04,138.4450027105002,50,19.57908004759693,38.37499689328998,arrivals
2,10,5,9,0.7,2,18216.88,122.30734788613003,50,17.29687101584494,33.90186719105608,arrivals
2,10,5,12,0.3,1,18255.04,138.4450027105002,50,19.57908004759693,38.37499689328998,arrivals
2,10,5,12,0.3,2,18216.88,122.30734788613003,50,17.29687101584494,33.90186719105608,arrivals
2,10,5,12,0.5,1,18255.04,138.4450027105002,50,19.57908004759693,38.37499689328998,arrivals
2,10,5,12,0.5,2,18216.88,122.30734788613003,50,17.29687101584494,33.90186719105608,arrivals
2,10,5,12,0.7,1,18255.04,138.4450027105002,50,19.57908004759693,38.37499689328998,arrivals
2,10,5,12,0.7,2,18216.88,122.30734788613003,50,17.29687101584494,33.90186719105608,arrivals
2,10,9,5,0.3,1,18243.94,115.3777133362153,50,16.316872699567078,31.981070491151474,arrivals
2,10,9,5,0.3,2,18258.68,150.56010258297482,50,21.292413902512745,41.73313124892498,arrivals
2,10,9,5,0.5,1,18255.96,135.09043984966334,50,19.10467321823407,37.44515950773877,arrivals
2,10,9,5,0.5,2,18256.22,121.94098438781548,50,17.245059393037447,33.800316410353396,arrivals
2,10,9,5,0.7,1,18263.88,141.6874456149809,50,20.03763072067063,39.273756212514435,arrivals
2,10,9,5,0.7,2,18256.4,137.2851939933645,50,19.41505832584374,38.05351431865373,arrivals
2,10,9,9,0.3,1,18255.04,138.4450027105002,50,19.57908004759693,38.37499689328998,arrivals
2,10,9,9,0.3,2,18216.88,122.30734788613003,50,17.29687101584494,33.90186719105608,arrivals
2,10,9,9,0.5,1,18255.04,138.4450027105002,50,19.57908004759693,38.37499689328998,arrivals
2,10,9,9,0.5,2,18216.88,122.30734788613003,50,17.29687101584494,33.90186719105608,arrivals
2,10,9,9,0.7,1,18255.04,138.4450027105002,50,19.57908004759693,38.37499689328998,arrivals
2,10,9,9,0.7,2,18216.88,122.30734788613003,50,17.29687101584494,33.90186719105608,arrivals
2,10,12,12,0.3,1,18255.04,138.4450027105002,50,19.57908004759693,38.37499689328998,arrivals
2,10,12,12,0.3,2,18216.88,122.30734788613003,50,17.29687101584494,33.90186719105608,arrivals
2,10,12,12,0.5,1,18255.04,138.4450027105002,50,19.57908004759693,38.37499689328998,arrivals
2,10,12,12,0.5,2,18216.88,122.30734788613003,50,17.29687101584494,33.90186719105608,arrivals
2,10,12,12,0.7,1,18255.04,138.4450027105002,50,19.57908004759693,38.37499689328998,arrivals
2,10,12,12,0.7,2,18216.88,122.30734788613003,50,17.29687101584494,33.90186719105608,arrivals
2,14,5,9,0.3,1,18242.42,137.07067892298542,50,19.38472131365739,37.99405377476848,arrivals
2,14,5,9,0.3,2,18216.08,125.04217084566287,50,17.683633387851003,34.659921440187965,arrivals
2,14,5,9,0.5,1,18240.36,138.9727267326581,50,19.653711494529503,38.521274529277825,arrivals
2,14,5,9,0.5,2,18218.82,121.39002581491987,50,17.16714208442798,33.64759848547884,arrivals
2,14,5,9,0.7,1,18253.22,152.95661516406923,50,21.63133196197089,42.39741064546294,arrivals
2,14,5,9,0.7,2,18221.4,120.5590718109522,50,17.04962744221605,33.417269786743454,arrivals
2,14,5,12,0.3,1,18238.82,144.1350967753829,50,20.383780867370504,39.952210500046185,arrivals
2,14,5,12,0.3,2,18225.88,122.03389291671431,50,17.258198643200334,33.82606934067265,arrivals
2,14,5,12,0.5,1,18238.82,144.1350967753829,50,20.383780867370504,39.952210500046185,arrivals
2,14,5,12,0.5,2,18225.88,122.03389291671431,50,17.258198643200334,33.82606934067265,arrivals
2,14,5,12,0.7,1,18238.82,144.1350967753829,50,20.383780867370504,39.952210500046185,arrivals
2,14,5,12,0.7,2,18225.88,122.03389291671431,50,17.258198643200334,33.82606934067265,arrivals
2,14,9,5,0.3,1,18243.94,115.3777133362153,50,16.316872699567078,31.981070491151474,arrivals
2,14,9,5,0.3,2,18258.68,150.56010258297482,50,21.292413902512745,41.73313124892498,arrivals
2,14,9,5,0.5,1,18255.96,135.09043984966334,50,19.10467321823407,37.44515950773877,arrivals
2,14,9,5,0.5,2,18256.22,121.94098438781548,50,17.245059393037447,33.800316410353396,arrivals
2,14,9,5,0.7,1,18263.88,141.6874456149809,50,20.03763072067063,39.273756212514435,arrivals
2,14,9,5,0.7,2,18256.4,137.2851939933645,50,19.41505832584374,38.05351431865373,arrivals
2,14,9,9,0.3,1,18242.42,137.07067892298542,50,19.38472131365739,37.99405377476848,arrivals
2,14,9,9,0.3,2,18216.08,125.04217084566287,50,17.683633387851003,34.659921440187965,arrivals
2,14,9,9,0.5,1,18240.36,138.9727267326581,50,19.653711494529503,38.521274529277825,arrivals
2,14,9,9,0.5,2,18218.82,121.39002581491987,50,17.16714208442798,33.64759848547884,arrivals
2,14,9,9,0.7,1,18253.22,152.95661516406923,50,21.63133196197089,42.39741064546294,arrivals
2,14,9,9,0.7,2,18221.4,120.5590718109522,50,17.04962744221605,33.417269786743454,arrivals
2,14,12,12,0.3,1,18238.82,144.1350967753829,50,20.383780867370504,39.952210500046185,arrivals
2,14,12,12,0.3,2,18225.88,122.03389291671431,50,17.258198643200334,33.82606934067265,arrivals
2,14,12,12,0.5,1,18238.82,144.1350967753829,50,20.383780867370504,39.952210500046185,arrivals
2,14,12,12,0.5,2,18225.88,122.03389291671431,50,17.258198643200334,33.82606934067265,arrivals
2,14,12,12,0.7,1,18238.82,144.1350967753829,50,20.383780867370504,39.952210500046185,arrivals
2,14,12,12,0.7,2,18225.88,122.03389291671431,50,17.258198643200334,33.82606934067265,arrivals
5,2,5,9,0.3,1,18223.2,110.98961157491733,50,15.696301397176994,30.76475073846691,arrivals
5,2,5,9,0.3,2,18244.86,137.04937438897034,50,19.381708397562974,37.98814845922343,arrivals
5,2,5,9,0.5,1,18223.2,110.98961157491733,50,15.696301397176994,30.76475073846691,arrivals
5,2,5,9,0.5,2,18244.86,137.04937438897034,50,19.381708397562974,37.98814845922343,arrivals
5,2,5,9,0.7,1,18223.2,110.98961157491733,50,15.696301397176994,30.76475073846691,arrivals
5,2,5,9,0.7,2,18244.86,137.04937438897034,50,19.381708397562974,37.98814845922343,arrivals
5,2,5,12,0.3,1,18223.2,110.98961157491733,50,15.696301397176994,30.76475073846691,arrivals
5,2,5,12,0.3,2,18244.86,137.04937438897034,50,19.381708397562974,37.98814845922343,arrivals
5,2,5,12,0.5,1,18223.2,110.98961157491733,50,15.696301397176994,30.76475073846691,arrivals
5,2,5,12,0.5,2,18244.86,137.04937438897034,50,19.381708397562974,37.98814845922343,arrivals
5,2,5,12,0.7,1,18223.2,110.98961157491733,50,15.696301397176994,30.76475073846691,arrivals
5,2,5,12,0.7,2,18244.86,137.04937438897034,50,19.381708397562974,37.98814845922343,arrivals
5,2,9,5,0.3,1,18223.2,110.98961157491733,50,15.696301397176994,30.76475073846691,arrivals
5,2,9,5,0.3,2,18244.86,137.04937438897034,50,19.381708397562974,37.98814845922343,arrivals
5,2,9,5,0.5,1,18223.2,110.98961157491733,50,15.696301397176994,30.76475073846691,arrivals
5,2,9,5,0.5,2,18244.86,137.04937438897034,50,19.381708397562974,37.98814845922343,arrivals
5,2,9,5,0.7,1,18223.2,110.98961157491733,50,15.696301397176994,30.76475073846691,arrivals
5,2,9,5,0.7,2,18244.86,137.04937438897034,50,19.381708397562974,37.98814845922343,arrivals
5,2,9,9,0.3,1,18223.2,110.98961157491733,50,15.696301397176994,30.76475073846691,arrivals
5,2,9,9,0.3,2,18244.86,137.04937438897034,50,19.381708397562974,37.98814845922343,arrivals
5,2,9,9,0.5,1,18223.2,110.98961157491733,50,15.696301397176994,30.76475073846691,arrivals
5,2,9,9,0.5,2,18244.86,137.04937438897034,50,19.381708397562974,37.98814845922343,arrivals
5,2,9,9,0.7,1,18223.2,110.98961157491733,50,15.696301397176994,30.76475073846691,arrivals
5,2,9,9,0.7,2,18244.86,137.04937438897034,50,19.381708397562974,37.98814845922343,arrivals
5,2,12,12,0.3,1,18223.2,110.98961157491733,50,15.696301397176994,30.76475073846691,arrivals
5,2,12,12,0.3,2,18244.86,137.04937438897034,50,19.381708397562974,37.98814845922343,arrivals
5,2,12,12,0.5,1,18223.2,110.98961157491733,50,15.696301397176994,30.76475073846691,arrivals
5,2,12,12,0.5,2,18244.86,137.04937438897034,50,19.381708397562974,37.98814845922343,arrivals
5,2,12,12,0.7,1,18223.2,110.98961157491733,50,15.696301397176994,30.76475073846691,arrivals
5,2,12,12,0.7,2,18244.86,137.04937438897034,50,19.381708397562974,37.98814845922343,arrivals
5,5,5,9,0.3,1,18227.88,138.0358782109542,50,19.52122110600122,38.261593367762394,arrivals
5,5,5,9,0.3,2,18243.4,133.55912853985893,50,18.88811309598,37.0207016681208,arrivals
5,5,5,9,0.5,1,18227.88,138.0358782109542,50,19.52122110600122,38.261593367762394,arrivals
5,5,5,9,0.5,2,18243.4,133.55912853985893,50,18.88811309598,37.0207016681208,arrivals
5,5,5,9,0.7,1,18227.88,138.0358782109542,50,19.52122110600122,38.261593367762394,arrivals
5,5,5,9,0.7,2,18243.4,133.55912853985893,50,18.88811309598,37.0207016681208,arrivals
5,5,5,12,0.3,1,18227.88,138.0358782109542,50,19.52122110600122,38.261593367762394,arrivals
5,5,5,12,0.3,2,18243.4,133.55912853985893,50,18.88811309598,37.0207016681208,arrivals
5,5,5,12,0.5,1,18227.88,138.0358782109542,50,19.52122110600122,38.261593367762394,arrivals
5,5,5,12,0.5,2,18243.4,133.55912853985893,50,18.88811309598,37.0207016681208,arrivals
5,5,5,12,0.7,1,18227.88,138.0358782109542,50,19.52122110600122,38.261593367762394,arrivals
5,5,5,12,0.7,2,18243.4,133.55912853985893,50,18.88811309598,37.0207016681208,arrivals
5,5,9,5,0.3,1,18227.88,138.0358782109542,50,19.52122110600122,38.261593367762394,arrivals
5,5,9,5,0.3,2,18243.4,133.55912853985893,50,18.88811309598,37.0207016681208,arrivals
5,5,9,5,0.5,1,18227.88,138.0358782109542,50,19.52122110600122,38.261593367762394,arrivals
5,5,9,5,0.5,2,18243.4,133.55912853985893,50,18.88811309598,37.0207016681208,arrivals
5,5,9,5,0.7,1,18227.88,138.0358782109542,50,19.52122110600122,38.261593367762394,arrivals
5,5,9,5,0.7,2,18243.4,133.55912853985893,50,18.88811309598,37.0207016681208,arrivals
5,5,9,9,0.3,1,18227.88,138.0358782109542,50,19.52122110600122,38.261593367762394,arrivals
5,5,9,9,0.3,2,18243.4,133.55912853985893,50,18.88811309598,37.0207016681208,arrivals
5,5,9,9,0.5,1,18227.88,138.0358782109542,50,19.52122110600122,38.261593367762394,arrivals
5,5,9,9,0.5,2,18243.4,133.55912853985893,50,18.88811309598,37.0207016681208,arrivals
5,5,9,9,0.7,1,18227.88,138.0358782109542,50,19.52122110600122,38.261593367762394,arrivals
5,5,9,9,0.7,2,18243.4,133.55912853985893,50,18.88811309598,37.0207016681208,arrivals
5,5,12,12,0.3,1,18227.88,138.0358782109542,50,19.52122110600122,38.261593367762394,arrivals
5,5,12,12,0.3,2,18243.4,133.55912853985893,50,18.88811309598,37.0207016681208,arrivals
5,5,12,12,0.5,1,18227.88,138.0358782109542,50,19.52122110600122,38.261593367762394,arrivals
5,5,12,12,0.5,2,18243.4,133.55912853985893,50,18.88811309598,37.0207016681208,arrivals
5,5,12,12,0.7,1,18227.88,138.0358782109542,50,19.52122110600122,38.261593367762394,arrivals
5,5,12,12,0.7,2,18243.4,133.55912853985893,50,18.88811309598,37.0207016681208,arrivals
5,7,5,9,0.3,1,18212.76,141.47770575072914,50,20.007969024611118,39.21561928823779,arrivals
5,7,5,9,0.3,2,18223.28,159.46070336721627,50,22.55114893674703,44.20025191602418,arrivals
5,7,5,9,0.5,1,18212.76,141.47770575072914,50,20.007969024611118,39.21561928823779,arrivals
5,7,5,9,0.5,2,18223.28,159.46070336721627,50,22.55114893674703,44.20025191602418,arrivals
5,7,5,9,0.7,1,18212.76,141.47770575072914,50,20.007969024611118,39.21561928823779,arrivals
5,7,5,9,0.7,2,18223.28,159.46070336721627,50,22.55114893674703,44.20025191602418,arrivals
5,7,5,12,0.3,1,18212.76,141.47770575072914,50,20.007969024611118,39.21561928823779,arrivals
5,7,5,12,0.3,2,18223.28,159.46070336721627,50,22.55114893674703,44.20025191602418,arrivals
5,7,5,12,0.5,1,18212.76,141.47770575072914,50,20.007969024611118,39.21561928823779,arrivals
5,7,5,12,0.5,2,18223.28,159.46070336721627,50,22.55114893674703,44.20025191602418,arrivals
5,7,5,12,0.7,1,18212.76,141.47770575072914,50,20.007969024611118,39.21561928823779,arrivals
5,7,5,12,0.7,2,18223.28,159.46070336721627,50,22.55114893674703,44.20025191602418,arrivals
5,7,9,5,0.3,1,18220.66,124.08729810508541,50,17.548593989844505,34.39524422009523,arrivals
5,7,9,5,0.3,2,18237.4,139.8764761188544,50,19.781520958424025,38.77178107851109,arrivals
5,7,9,5,0.5,1,18227.9,117.16310800568144,50,16.569365635141843,32.47595664487801,arrivals
5,7,9,5,0.5,2,18246.9,123.59120403283418,50,17.478435693325444,34.25773395891787,arrivals
5,7,9,5,0.7,1,18253.06,139.13294332532192,50,19.676369542355744,38.56568430301726,arrivals
5,7,9,5,0.7,2,18247.1,155.15486009869213,50,21.942210741967056,43.00673305425543,arrivals
5,7,9,9,0.3,1,18212.76,141.47770575072914,50,20.007969024611118,39.21561928823779,arrivals
5,7,9,9,0.3,2,18223.28,159.46070336721627,50,22.55114893674703,44.20025191602418,arrivals
5,7,9,9,0.5,1,18212.76,141.47770575072914,50,20.007969024611118,39.21561928823779,arrivals
5,7,9,9,0.5,2,18223.28,159.46070336721627,50,22.55114893674703,44.20025191602418,arrivals
5,7,9,9,0.7,1,18212.76,141.47770575072914,50,20.007969024611118,39.21561928823779,arrivals
5,7,9,9,0.7,2,18223.28,159.46070336721627,50,22.55114893674703,44.20025191602418,arrivals
5,7,12,12,0.3,1,18212.76,141.47770575072914,50,20.007969024611118,39.21561928823779,arrivals
5,7,12,12,0.3,2,18223.28,159.46070336721627,50,22.55114893674703,44.20025191602418,arrivals
5,7,12,12,0.5,1,18212.76,141.47770575072914,50,20.007969024611118,39.21561928823779,arrivals
5,7,12,12,0.5,2,18223.28,159.46070336721627,50,22.55114893674703,44.20025191602418,arrivals
5,7,12,12,0.7,1,18212.76,141.47770575072914,50,20.007969024611118,39.21561928823779,arrivals
5,7,12,12,0.7,2,18223.28,159.46070336721627,50,22.55114893674703,44.20025191602418,arrivals
5,10,5,9,0.3,1,18257.44,136.04638464696583,50,19.239864227956588,37.710133886794914,arrivals
5,10,5,9,0.3,2,18244.66,110.90639737901448,50,15.684533132734215,30.74168494015906,arrivals
5,10,5,9,0.5,1,18257.44,136.04638464696583,50,19.239864227956588,37.710133886794914,arrivals
5,10,5,9,0.5,2,18244.66,110.90639737901448,50,15.684533132734215,30.74168494015906,arrivals
5,10,5,9,0.7,1,18257.44,136.04638464696583,50,19.239864227956588,37.710133886794914,arrivals
5,10,5,9,0.7,2,18244.66,110.90639737901448,50,15.684533132734215,30.74168494015906,arrivals
5,10,5,12,0.3,1,18257.44,136.04638464696583,50,19.239864227956588,37.710133886794914,arrivals
5,10,5,12,0.3,2,18244.66,110.90639737901448,50,15.684533132734215,30.74168494015906,arrivals
5,10,5,12,0.5,1,18257.44,136.04638464696583,50,19.239864227956588,37.710133886794914,arrivals
5,10,5,12,0.5,2,18244.66,110.90639737901448,50,15.684533132734215,30.74168494015906,arrivals
5,10,5,12,0.7,1,18257.44,136.04638464696583,50,19.239864227956588,37.710133886794914,arrivals
5,10,5,12,0.7,2,18244.66,110.90639737901448,50,15.684533132734215,30.74168494015906,arrivals
5,10,9,5,0.3,1,18278.6,117.84926380589577,50,16.666402718998253,32.666149329236575,arrivals
5,10,9,5,0.3,2,18260.1,134.41411035015778,50,19.009025783150694,37.25769053497536,arrivals
5,10,9,5,0.5,1,18231.22,119.29611417453097,50,16.87101826040309,33.06719579039006,arrivals
5,10,9,5,0.5,2,18245.34,123.2186723856815,50,17.425751762543793,34.15447345458583,arrivals
5,10,9,5,0.7,1,18253.06,139.13294332532192,50,19.676369542355744,38.56568430301726,arrivals
5,10,9,5,0.7,2,18247.1,155.15486009869213,50,21.942210741967056,43.00673305425543,arrivals
5,10,9,9,0.3,1,18257.44,136.04638464696583,50,19.239864227956588,37.710133886794914,arrivals
5,10,9,9,0.3,2,18244.66,110.90639737901448,50,15.684533132734215,30.74168494015906,arrivals
5,10,9,9,0.5,1,18257.44,136.04638464696583,50,19.239864227956588,37.710133886794914,arrivals
5,10,9,9,0.5,2,18244.66,110.90639737901448,50,15.684533132734215,30.74168494015906,arrivals
5,10,9,9,0.7,1,18257.44,136.04638464696583,50,19.239864227956588,37.710133886794914,arrivals
5,10,9,9,0.7,2,18244.66,110.90639737901448,50,15.684533132734215,30.74168494015906,arrivals
5,10,12,12,0.3,1,18257.44,136.04638464696583,50,19.239864227956588,37.710133886794914,arrivals
5,10,12,12,0.3,2,18244.66,110.90639737901448,50,15.684533132734215,30.74168494015906,arrivals
5,10,12,12,0.5,1,18257.44,136.04638464696583,50,19.239864227956588,37.710133886794914,arrivals
5,10,12,12,0.5,2,18244.66,110.90639737901448,50,15.684533132734215,30.74168494015906,arrivals
5,10,12,12,0.7,1,18257.44,136.04638464696583,50,19.239864227956588,37.710133886794914,arrivals
5,10,12,12,0.7,2,18244.66,110.90639737901448,50,15.684533132734215,30.74168494015906,arrivals
5,14,5,9,0.3,1,18268.4,133.75777680995944,50,18.91620620375181,37.07576415935355,arrivals
5,14,5,9,0.3,2,18275.96,119.65800927507263,50,16.92219795633733,33.16750799442117,arrivals
5,14,5,9,0.5,1,18236.3,130.69160615115013,50,18.482584190727952,36.225865013826784,arrivals
5,14,5,9,0.5,2,18267.96,138.76701366546956,50,19.624619273571966,38.464253776201055,arrivals
5,14,5,9,0.7,1,18261.56,121.7672855767704,50,17.220494671602648,33.75216955634119,arrivals
5,14,5,9,0.7,2,18256.32,122.52170819733041,50,17.32718614177835,33.961284837885565,arrivals
5,14,5,12,0.3,1,18264.66,150.71281109637428,50,21.31401014758668,41.77545988926989,arrivals
5,14,5,12,0.3,2,18253.94,137.82396491946753,50,19.491252040914464,38.202854000192346,arrivals
5,14,5,12,0.5,1,18264.66,150.71281109637428,50,21.31401014758668,41.77545988926989,arrivals
5,14,5,12,0.5,2,18253.94,137.82396491946753,50,19.491252040914464,38.202854000192346,arrivals
5,14,5,12,0.7,1,18264.66,150.71281109637428,50,21.31401014758668,41.77545988926989,arrivals
5,14,5,12,0.7,2,18253.94,137.82396491946753,50,19.491252040914464,38.202854000192346,arrivals
5,14,9,5,0.3,1,18278.6,117.84926380589577,50,16.666402718998253,32.666149329236575,arrivals
5,14,9,5,0.3,2,18260.1,134.41411035015778,50,19.009025783150694,37.25769053497536,arrivals
5,14,9,5,0.5,1,18231.22,119.29611417453097,50,16.87101826040309,33.06719579039006,arrivals
5,14,9,5,0.5,2,18245.34,123.2186723856815,50,17.425751762543793,34.15447345458583,arrivals
5,14,9,5,0.7,1,18253.06,139.13294332532192,50,19.676369542355744,38.56568430301726,arrivals
5,14,9,5,0.7,2,18247.1,155.15486009869213,50,21.942210741967056,43.00673305425543,arrivals
5,14,9,9,0.3,1,18268.4,133.75777680995944,50,18.91620620375181,37.07576415935355,arrivals
5,14,9,9,0.3,2,18275.96,119.65800927507263,50,16.92219795633733,33.16750799442117,arrivals
5,14,9,9,0.5,1,18236.3,130.69160615115013,50,18.482584190727952,36.225865013826784,arrivals
5,14,9,9,0.5,2,18267.96,138.76701366546956,50,19.624619273571966,38.464253776201055,arrivals
5,14,9,9,0.7,1,18261.56,121.7672855767704,50,17.220494671602648,33.75216955634119,arrivals
5,14,9,9,0.7,2,18256.32,122.52170819733041,50,17.32718614177835,33.961284837885565,arrivals
5,14,12,12,0.3,1,18264.66,150.71281109637428,50,21.31401014758668,41.77545988926989,arrivals
5,14,12,12,0.3,2,18253.94,137.82396491946753,50,19.491252040914464,38.202854000192346,arrivals
5,14,12,12,0.5,1,18264.66,150.71281109637428,50,21.31401014758668,41.77545988926989,arrivals
5,14,12,12,0.5,2,18253.94,137.82396491946753,50,19.491252040914464,38.202854000192346,arrivals
5,14,12,12,0.7,1,18264.66,150.71281109637428,50,21.31401014758668,41.77545988926989,arrivals
5,14,12,12,0.7,2,18253.94,137.82396491946753,50,19.491252040914464,38.202854000192346,arrivals
7,2,5,9,0.3,1,18225.34,141.12313482797046,50,19.95782512383227,39.117337242711244,arrivals
7,2,5,9,0.3,2,18243.26,143.38827123070615,50,20.278163785969653,39.74520102050052,arrivals
7,2,5,9,0.5,1,18288.46,116.57234068270554,50,16.48581851910591,32.31220429744758,arrivals
7,2,5,9,0.5,2,18241.64,122.39226999734102,50,17.30888081598693,33.925406399334385,arrivals
7,2,5,9,0.7,1,18240.76,148.20498215206507,50,20.95934957707129,41.08032517105973,arrivals
7,2,5,9,0.7,2,18242.62,140.7552355208536,50,19.90579630486104,39.01536075752763,arrivals
7,2,5,12,0.3,1,18225.34,141.12313482797046,50,19.95782512383227,39.117337242711244,arrivals
7,2,5,12,0.3,2,18243.26,143.38827123070615,50,20.278163785969653,39.74520102050052,arrivals
7,2,5,12,0.5,1,18288.46,116.57234068270554,50,16.48581851910591,32.31220429744758,arrivals
7,2,5,12,0.5,2,18241.64,122.39226999734102,50,17.30888081598693,33.925406399334385,arrivals
7,2,5,12,0.7,1,18240.76,148.20498215206507,50,20.95934957707129,41.08032517105973,arrivals
7,2,5,12,0.7,2,18242.62,140.7552355208536,50,19.90579630486104,39.01536075752763,arrivals
7,2,9,5,0.3,1,18227.1,143.41793500686256,50,20.282358877424812,39.753423399752634,arrivals
7,2,9,5,0.3,2,18238.82,111.88745985797162,50,15.823276319061872,31.013621585361268,arrivals
7,2,9,5,0.5,1,18227.1,143.41793500686256,50,20.282358877424812,39.753423399752634,arrivals
7,2,9,5,0.5,2,18238.82,111.88745985797162,50,15.823276319061872,31.013621585361268,arrivals
7,2,9,5,0.7,1,18227.1,143.41793500686256,50,20.282358877424812,39.753423399752634,arrivals
7,2,9,5,0.7,2,18238.82,111.88745985797162,50,15.823276319061872,31.013621585361268,arrivals
7,2,9,9,0.3,1,18227.1,143.41793500686256,50,20.282358877424812,39.753423399752634,arrivals
7,2,9,9,0.3,2,18238.82,111.88745985797162,50,15.823276319061872,31.013621585361268,arrivals
7,2,9,9,0.5,1,18227.1,143.41793500686256,50,20.282358877424812,39.753423399752634,arrivals
7,2,9,9,0.5,2,18238.82,111.88745985797162,50,15.823276319061872,31.013621585361268,arrivals
7,2,9,9,0.7,1,18227.1,143.41793500686256,50,20.282358877424812,39.753423399752634,arrivals
7,2,9,9,0.7,2,18238.82,111.88745985797162,50,15.823276319061872,31.013621585361268,arrivals
7,2,12,12,0.3,1,18227.1,143.41793500686256,50,20.282358877424812,39.753423399752634,arrivals
7,2,12,12,0.3,2,18238.82,111.88745985797162,50,15.823276319061872,31.013621585361268,arrivals
7,2,12,12,0.5,1,18227.1,143.41793500686256,50,20.282358877424812,39.753423399752634,arrivals
7,2,12,12,0.5,2,18238.82,111.88745985797162,50,15.823276319061872,31.013621585361268,arrivals
7,2,12,12,0.7,1,18227.1,143.41793500686256,50,20.282358877424812,39.753423399752634,arrivals
7,2,12,12,0.7,2,18238.82,111.88745985797162,50,15.823276319061872,31.013621585361268,arrivals
7,5,5,9,0.3,1,18276.62,144.20929942557885,50,20.394274706797617,39.97277842532333,arrivals
7,5,5,9,0.3,2,18266.04,122.6776030321528,50,17.349233000749322,34.00449668146867,arrivals
7,5,5,9,0.5,1,18231.86,126.48062044020278,50,17.887060880389846,35.0586393255641,arrivals
7,5,5,9,0.5,2,18247.88,152.7249949472345,50,21.598575916774145,42.33320879687732,arrivals
7,5,5,9,0.7,1,18251.98,126.9122290307415,50,17.948099552627507,35.178275123149916,arrivals
7,5,5,9,0.7,2,18248.26,141.76868339600506,50,20.049119477840776,39.29627417656792,arrivals
7,5,5,12,0.3,1,18276.62,144.20929942557885,50,20.394274706797617,39.97277842532333,arrivals
7,5,5,12,0.3,2,18266.04,122.6776030321528,50,17.349233000749322,34.00449668146867,arrivals
7,5,5,12,0.5,1,18231.86,126.48062044020278,50,17.887060880389846,35.0586393255641,arrivals
7,5,5,12,0.5,2,18247.88,152.7249949472345,50,21.598575916774145,42.33320879687732,arrivals
7,5,5,12,0.7,1,18251.98,126.9122290307415,50,17.948099552627507,35.178275123149916,arrivals
7,5,5,12,0.7,2,18248.26,141.76868339600506,50,20.049119477840776,39.29627417656792,arrivals
7,5,9,5,0.3,1,18271.9,126.66849712247033,50,17.91363065560149,35.11071608497892,arrivals
7,5,9,5,0.3,2,18241.24,143.936715118776,50,20.355725464440553,39.897221910303486,arrivals
7,5,9,5,0.5,1,18271.9,126.66849712247033,50,17.91363065560149,35.11071608497892,arrivals
7,5,9,5,0.5,2,18241.24,143.936715118776,50,20.355725464440553,39.897221910303486,arrivals
7,5,9,5,0.7,1,18271.9,126.66849712247033,50,17.91363065560149,35.11071608497892,arrivals
7,5,9,5,0.7,2,18241.24,143.936715118776,50,20.355725464440553,39.897221910303486,arrivals
7,5,9,9,0.3,1,18271.9,126.66849712247033,50,17.91363065560149,35.11071608497892,arrivals
7,5,9,9,0.3,2,18241.24,143.936715118776,50,20.355725464440553,39.897221910303486,arrivals
7,5,9,9,0.5,1,18271.9,126.66849712247033,50,17.91363065560149,35.11071608497892,arrivals
7,5,9,9,0.5,2,18241.24,143.936715118776,50,20.355725464440553,39.897221910303486,arrivals
7,5,9,9,0.7,1,18271.9,126.66849712247033,50,17.91363065560149,35.11071608497892,arrivals
7,5,9,9,0.7,2,18241.24,143.936715118776,50,20.355725464440553,39.897221910303486,arrivals
7,5,12,12,0.3,1,18271.9,126.66849712247033,50,17.91363065560149,35.11071608497892,arrivals
7,5,12,12,0.3,2,18241.24,143.936715118776,50,20.355725464440553,39.897221910303486,arrivals
7,5,12,12,0.5,1,18271.9,126.66849712247033,50,17.91363065560149,35.11071608497892,arrivals
7,5,12,12,0.5,2,18241.24,143.936715118776,50,20.355725464440553,39.897221910303486,arrivals
7,5,12,12,0.7,1,18271.9,126.66849712247033,50,17.91363065560149,35.11071608497892,arrivals
7,5,12,12,0.7,2,18241.24,143.936715118776,50,20.355725464440553,39.897221910303486,arrivals
7,7,5,9,0.3,1,18230.56,145.41259524932275,50,20.56444643414617,40.30631501092649,arrivals
7,7,5,9,0.3,2,18256.36,176.96428326365768,50,25.02652894470988,49.05199673163136,arrivals
7,7,5,9,0.5,1,18242.4,140.70159478666247,50,19.898210359482164,39.00049230458504,arrivals
7,7,5,9,0.5,2,18233.36,131.7810119176538,50,18.636649431719647,36.52783288617051,arrivals
7,7,5,9,0.7,1,18249.38,127.3210452809298,50,18.005914901180986,35.29159320631473,arrivals
7,7,5,9,0.7,2,18231.28,118.41229252239067,50,16.746027003685512,32.8222129272236,arrivals
7,7,5,12,0.3,1,18230.56,145.41259524932275,50,20.56444643414617,40.30631501092649,arrivals
7,7,5,12,0.3,2,18256.36,176.96428326365768,50,25.02652894470988,49.05199673163136,arrivals
7,7,5,12,0.5,1,18242.4,140.70159478666247,50,19.898210359482164,39.00049230458504,arrivals
7,7,5,12,0.5,2,18233.36,131.7810119176538,50,18.636649431719647,36.52783288617051,arrivals
7,7,5,12,0.7,1,18249.38,127.3210452809298,50,18.005914901180986,35.29159320631473,arrivals
7,7,5,12,0.7,2,18231.28,118.41229252239067,50,16.746027003685512,32.8222129272236,arrivals
7,7,9,5,0.3,1,18254.72,123.18892741125131,50,17.421545187918632,34.14622856832052,arrivals
7,7,9,5,0.3,2,18235.76,138.4070542026708,50,19.57371331815251,38.36447810357892,arrivals
7,7,9,5,0.5,1,18226.32,122.0923772044295,50,17.26646957048759,33.842280358155676,arrivals
7,7,9,5,0.5,2,18221.94,130.44326470202478,50,18.447463406182706,36.157028276118105,arrivals
7,7,9,5,0.7,1,18275.62,157.63389384835983,50,22.292799057003126,43.693886151726126,arrivals
7,7,9,5,0.7,2,18237.78,148.57201785597425,50,21.011256264105644,41.18206227764706,arrivals
7,7,9,9,0.3,1,18225.02,123.25458802571075,50,17.43083100106686,34.16442876209104,arrivals
7,7,9,9,0.3,2,18236.4,126.67715674428534,50,17.91485531106307,35.11311640968362,arrivals
7,7,9,9,0.5,1,18225.02,123.25458802571075,50,17.43083100106686,34.16442876209104,arrivals
7,7,9,9,0.5,2,18236.4,126.67715674428534,50,17.91485531106307,35.11311640968362,arrivals
7,7,9,9,0.7,1,18225.02,123.25458802571075,50,17.43083100106686,34.16442876209104,arrivals
7,7,9,9,0.7,2,18236.4,126.67715674428534,50,17.91485531106307,35.11311640968362,arrivals
7,7,12,12,0.3,1,18225.02,123.25458802571075,50,17.43083100106686,34.16442876209104,arrivals
7,7,12,12,0.3,2,18236.4,126.67715674428534,50,17.91485531106307,35.11311640968362,arrivals
7,7,12,12,0.5,1,18225.02,123.25458802571075,50,17.43083100106686,34.16442876209104,arrivals
7,7,12,12,0.5,2,18236.4,126.67715674428534,50,17.91485531106307,35.11311640968362,arrivals
7,7,12,12,0.7,1,18225.02,123.25458802571075,50,17.43083100106686,34.16442876209104,arrivals
7,7,12,12,0.7,2,18236.4,126.67715674428534,50,17.91485531106307,35.11311640968362,arrivals
7,10,5,9,0.3,1,18265.98,138.17077425107993,50,19.540298286946847,38.29898464241582,arrivals
7,10,5,9,0.3,2,18246.42,112.38092836965109,50,15.893063305243988,31.150404078278218,arrivals
7,10,5,9,0.5,1,18270.76,125.49486695738989,50,17.747654285934797,34.7854024004322,arrivals
7,10,5,9,0.5,2,18279.74,135.07712233976446,50,19.102789837922465,37.44146808232803,arrivals
7,10,5,9,0.7,1,18234.28,137.35609018243085,50,19.425084561053563,38.07316573966498,arrivals
7,10,5,9,0.7,2,18237.56,125.88302960628637,50,17.802548774182405,34.892995597397515,arrivals
7,10,5,12,0.3,1,18265.98,138.17077425107993,50,19.540298286946847,38.29898464241582,arrivals
7,10,5,12,0.3,2,18246.42,112.38092836965109,50,15.893063305243988,31.150404078278218,arrivals
7,10,5,12,0.5,1,18270.76,125.49486695738989,50,17.747654285934797,34.7854024004322,arrivals
7,10,5,12,0.5,2,18279.74,135.07712233976446,50,19.102789837922465,37.44146808232803,arrivals
7,10,5,12,0.7,1,18234.28,137.35609018243085,50,19.425084561053563,38.07316573966498,arrivals
7,10,5,12,0.7,2,18237.56,125.88302960628637,50,17.802548774182405,34.892995597397515,arrivals
7,10,9,5,0.3,1,18243.72,135.60673031277867,50,19.177687715740227,37.58826792285085,arrivals
7,10,9,5,0.3,2,18286.02,136.7730863249683,50,19.342635364839627,37.91156531508567,arrivals
7,10,9,5,0.5,1,18277.6,137.5065119051696,50,19.44635740509083,38.11486051397802,arrivals
7,10,9,5,0.5,2,18252.16,131.44337804793926,50,18.588900791952966,36.434245552227814,arrivals
7,10,9,5,0.7,1,18279.82,127.74123876662684,50,18.065339233810345,35.40806489826828,arrivals
7,10,9,5,0.7,2,18248.12,141.1842969819441,50,19.966474758597617,39.13429052685133,arrivals
7,10,9,9,0.3,1,18251.54,126.48258894457487,50,17.88733926894791,35.0591849671379,arrivals
7,10,9,9,0.3,2,18275.46,115.93527575015877,50,16.39572393233391,32.135618907374464,arrivals
7,10,9,9,0.5,1,18251.54,126.48258894457487,50,17.88733926894791,35.0591849671379,arrivals
7,10,9,9,0.5,2,18275.46,115.93527575015877,50,16.39572393233391,32.135618907374464,arrivals
7,10,9,9,0.7,1,18251.54,126.48258894457487,50,17.88733926894791,35.0591849671379,arrivals
7,10,9,9,0.7,2,18275.46,115.93527575015877,50,16.39572393233391,32.135618907374464,arrivals
7,10,12,12,0.3,1,18251.54,126.48258894457487,50,17.88733926894791,35.0591849671379,arrivals
7,10,12,12,0.3,2,18275.46,115.93527575015877,50,16.39572393233391,32.135618907374464,arrivals
7,10,12,12,0.5,1,18251.54,126.48258894457487,50,17.88733926894791,35.0591849671379,arrivals
7,10,12,12,0.5,2,18275.46,115.93527575015877,50,16.39572393233391,32.135618907374464,arrivals
7,10,12,12,0.7,1,18251.54,126.48258894457487,50,17.88733926894791,35.0591849671379,arrivals
7,10,12,12,0.7,2,18275.46,115.93527575015877,50,16.39572393233391,32.135618907374464,arrivals
7,14,5,9,0.3,1,18253.74,118.77432038817777,50,16.79722547546082,32.9225619319032,arrivals
7,14,5,9,0.3,2,18275.24,128.71699061689392,50,18.20333138382618,35.678529512299306,arrivals
7,14,5,9,0.5,1,18232.32,123.85301360722623,50,17.51546115841188,34.330303870487285,arrivals
7,14,5,9,0.5,2,18270.84,147.1925519411192,50,20.8161703235437,40.79969383414566,arrivals
7,14,5,9,0.7,1,18262.34,132.4732718517292,50,18.734549770465343,36.71971755011207,arrivals
7,14,5,9,0.7,2,18231.6,157.75038406758108,50,22.309273261793777,43.726175593115805,arrivals
7,14,5,12,0.3,1,18265.5,112.19084505558267,50,15.86618146517035,31.097715671733884,arrivals
7,14,5,12,0.3,2,18273.24,159.79253896913983,50,22.598077577618884,44.29223205213301,arrivals
7,14,5,12,0.5,1,18235.04,133.75136238100734,50,18.915299066509917,37.07398617035943,arrivals
7,14,5,12,0.5,2,18259.54,122.30944529415272,50,17.29716763413209,33.9024485628989,arrivals
7,14,5,12,0.7,1,18273.1,131.83961344553995,50,18.644936939270885,36.54407640097093,arrivals
7,14,5,12,0.7,2,18226.92,115.31462551273741,50,16.307950734008777,31.963583438657203,arrivals
7,14,9,5,0.3,1,18243.72,135.60673031277867,50,19.177687715740227,37.58826792285085,arrivals
7,14,9,5,0.3,2,18286.02,136.7730863249683,50,19.342635364839627,37.91156531508567,arrivals
7,14,9,5,0.5,1,18277.6,137.5065119051696,50,19.44635740509083,38.11486051397802,arrivals
7,14,9,5,0.5,2,18252.16,131.44337804793926,50,18.588900791952966,36.434245552227814,arrivals
7,14,9,5,0.7,1,18279.82,127.74123876662684,50,18.065339233810345,35.40806489826828,arrivals
7,14,9,5,0.7,2,18248.12,141.1842969819441,50,19.966474758597617,39.13429052685133,arrivals
7,14,9,9,0.3,1,18253.68,121.11024493646896,50,17.127575093148184,33.57004718257044,arrivals
7,14,9,9,0.3,2,18258.66,117.3241819637769,50,16.592144932750212,32.520604068190416,arrivals
7,14,9,9,0.5,1,18247.44,125.94283769769089,50,17.811006915582794,34.90957355454228,arrivals
7,14,9,9,0.5,2,18270.14,118.9829365231566,50,16.82672825220251,32.98038737431692,arrivals
7,14,9,9,0.7,1,18240.42,118.0079710209859,50,16.688847308600945,32.71014072485785,arrivals
7,14,9,9,0.7,2,18239.92,137.4438423354005,50,19.437494589539273,38.09748939549698,arrivals
7,14,12,12,0.3,1,18268.3,117.86679614146222,50,16.668882165672066,32.67100904471725,arrivals
7,14,12,12,0.3,2,18248.94,114.12352956336383,50,16.1395043294396,31.633428485701614,arrivals
7,14,12,12,0.5,1,18268.3,117.86679614146222,50,16.668882165672066,32.67100904471725,arrivals
7,14,12,12,0.5,2,18248.94,114.12352956336383,50,16.1395043294396,31.633428485701614,arrivals
7,14,12,12,0.7,1,18268.3,117.86679614146222,50,16.668882165672066,32.67100904471725,arrivals
7,14,12,12,0.7,2,18248.94,114.12352956336383,50,16.1395043294396,31.633428485701614,arrivals
10,2,5,9,0.3,1,18247.74,115.57642758038911,50,16.34497513748181,32.03615126946435,arrivals
10,2,5,9,0.3,2,18244.96,130.04880716445615,50,18.391678686241722,36.047690225033776,arrivals
10,2,5,9,0.5,1,18288.46,116.57234068270554,50,16.48581851910591,32.31220429744758,arrivals
10,2,5,9,0.5,2,18241.64,122.39226999734102,50,17.30888081598693,33.925406399334385,arrivals
10,2,5,9,0.7,1,18240.76,148.20498215206507,50,20.95934957707129,41.08032517105973,arrivals
10,2,5,9,0.7,2,18242.62,140.7552355208536,50,19.90579630486104,39.01536075752763,arrivals
10,2,5,12,0.3,1,18247.74,115.57642758038911,50,16.34497513748181,32.03615126946435,arrivals
10,2,5,12,0.3,2,18244.96,130.04880716445615,50,18.391678686241722,36.047690225033776,arrivals
10,2,5,12,0.5,1,18288.46,116.57234068270554,50,16.48581851910591,32.31220429744758,arrivals
10,2,5,12,0.5,2,18241.64,122.39226999734102,50,17.30888081598693,33.925406399334385,arrivals
10,2,5,12,0.7,1,18240.76,148.20498215206507,50,20.95934957707129,41.08032517105973,arrivals
10,2,5,12,0.7,2,18242.62,140.7552355208536,50,19.90579630486104,39.01536075752763,arrivals
10,2,9,5,0.3,1,18228.62,112.4562300340419,50,15.903712568749063,31.17127663474816,arrivals
10,2,9,5,0.3,2,18227.96,145.4319337248142,50,20.567181307577734,40.311675362852355,arrivals
10,2,9,5,0.5,1,18228.62,112.4562300340419,50,15.903712568749063,31.17127663474816,arrivals
10,2,9,5,0.5,2,18227.96,145.4319337248142,50,20.567181307577734,40.311675362852355,arrivals
10,2,9,5,0.7,1,18228.62,112.4562300340419,50,15.903712568749063,31.17127663474816,arrivals
10,2,9,5,0.7,2,18227.96,145.4319337248142,50,20.567181307577734,40.311675362852355,arrivals
10,2,9,9,0.3,1,18228.62,112.4562300340419,50,15.903712568749063,31.17127663474816,arrivals
10,2,9,9,0.3,2,18227.96,145.4319337248142,50,20.567181307577734,40.311675362852355,arrivals
10,2,9,9,0.5,1,18228.62,112.4562300340419,50,15.903712568749063,31.17127663474816,arrivals
10,2,9,9,0.5,2,18227.96,145.4319337248142,50,20.567181307577734,40.311675362852355,arrivals
10,2,9,9,0.7,1,18228.62,112.4562300340419,50,15.903712568749063,31.17127663474816,arrivals
10,2,9,9,0.7,2,18227.96,145.4319337248142,50,20.567181307577734,40.311675362852355,arrivals
10,2,12,12,0.3,1,18228.62,112.4562300340419,50,15.903712568749063,31.17127663474816,arrivals
10,2,12,12,0.3,2,18227.96,145.4319337248142,50,20.567181307577734,40.311675362852355,arrivals
10,2,12,12,0.5,1,18228.62,112.4562300340419,50,15.903712568749063,31.17127663474816,arrivals
10,2,12,12,0.5,2,18227.96,145.4319337248142,50,20.567181307577734,40.311675362852355,arrivals
10,2,12,12,0.7,1,18228.62,112.4562300340419,50,15.903712568749063,31.17127663474816,arrivals
10,2,12,12,0.7,2,18227.96,145.4319337248142,50,20.567181307577734,40.311675362852355,arrivals
10,5,5,9,0.3,1,18258.72,137.66404537044218,50,19.46863600140244,38.15852656274878,arrivals
10,5,5,9,0.3,2,18272.06,108.7328518030525,50,15.377147369538068,30.139208844294615,arrivals
10,5,5,9,0.5,1,18232.36,126.11053784320352,50,17.834723297602384,34.95605766330067,arrivals
10,5,5,9,0.5,2,18247.3,153.18579488680464,50,21.663742869182222,42.46093602359716,arrivals
10,5,5,9,0.7,1,18251.98,126.9122290307415,50,17.948099552627507,35.178275123149916,arrivals
10,5,5,9,0.7,2,18248.26,141.76868339600506,50,20.049119477840776,39.29627417656792,arrivals
10,5,5,12,0.3,1,18258.72,137.66404537044218,50,19.46863600140244,38.15852656274878,arrivals
10,5,5,12,0.3,2,18272.06,108.7328518030525,50,15.377147369538068,30.139208844294615,arrivals
10,5,5,12,0.5,1,18232.36,126.11053784320352,50,17.834723297602384,34.95605766330067,arrivals
10,5,5,12,0.5,2,18247.3,153.18579488680464,50,21.663742869182222,42.46093602359716,arrivals
10,5,5,12,0.7,1,18251.98,126.9122290307415,50,17.948099552627507,35.178275123149916,arrivals
10,5,5,12,0.7,2,18248.26,141.76868339600506,50,20.049119477840776,39.29627417656792,arrivals
10,5,9,5,0.3,1,18238.96,130.99321683637993,50,18.525238382888816,36.309467230462076,arrivals
10,5,9,5,0.3,2,18285.86,142.47806992012255,50,20.149441882177943,39.49290608906877,arrivals
10,5,9,5,0.5,1,18238.96,130.99321683637993,50,18.525238382888816,36.309467230462076,arrivals
10,5,9,5,0.5,2,18285.86,142.47806992012255,50,20.149441882177943,39.49290608906877,arrivals
10,5,9,5,0.7,1,18238.96,130.99321683637993,50,18.525238382888816,36.309467230462076,arrivals
10,5,9,5,0.7,2,18285.86,142.47806992012255,50,20.149441882177943,39.49290608906877,arrivals
10,5,9,9,0.3,1,18238.96,130.99321683637993,50,18.525238382888816,36.309467230462076,arrivals
10,5,9,9,0.3,2,18285.86,142.47806992012255,50,20.149441882177943,39.49290608906877,arrivals
10,5,9,9,0.5,1,18238.96,130.99321683637993,50,18.525238382888816,36.309467230462076,arrivals
10,5,9,9,0.5,2,18285.86,142.47806992012255,50,20.149441882177943,39.49290608906877,arrivals
10,5,9,9,0.7,1,18238.96,130.99321683637993,50,18.525238382888816,36.309467230462076,arrivals
10,5,9,9,0.7,2,18285.86,142.47806992012255,50,20.149441882177943,39.49290608906877,arrivals
10,5,12,12,0.3,1,18238.96,130.99321683637993,50,18.525238382888816,36.309467230462076,arrivals
10,5,12,12,0.3,2,18285.86,142.47806992012255,50,20.149441882177943,39.49290608906877,arrivals
10,5,12,12,0.5,1,18238.96,130.99321683637993,50,18.525238382888816,36.309467230462076,arrivals
10,5,12,12,0.5,2,18285.86,142.47806992012255,50,20.149441882177943,39.49290608906877,arrivals
10,5,12,12,0.7,1,18238.96,130.99321683637993,50,18.525238382888816,36.309467230462076,arrivals
10,5,12,12,0.7,2,18285.86,142.47806992012255,50,20.149441882177943,39.49290608906877,arrivals
10,7,5,9,0.3,1,18275.62,128.20628944424416,50,18.131107331358066,35.53697036946181,arrivals
10,7,5,9,0.3,2,18231.38,146.21620698018864,50,20.678094295013437,40.52906481822634,arrivals
10,7,5,9,0.5,1,18242.14,132.94912484073893,50,18.801845545540676,36.85161726925973,arrivals
10,7,5,9,0.5,2,18232.46,138.9801351243539,50,19.654759199330663,38.5233280306881,arrivals
10,7,5,9,0.7,1,18265.2,140.36686625716527,50,19.850872596869348,38.90771028986392,arrivals
10,7,5,9,0.7,2,18212.2,126.86341683326997,50,17.94119646546016,35.16474507230191,arrivals
10,7,5,12,0.3,1,18275.62,128.20628944424416,50,18.131107331358066,35.53697036946181,arrivals
10,7,5,12,0.3,2,18231.38,146.21620698018864,50,20.678094295013437,40.52906481822634,arrivals
10,7,5,12,0.5,1,18242.14,132.94912484073893,50,18.801845545540676,36.85161726925973,arrivals
10,7,5,12,0.5,2,18232.46,138.9801351243539,50,19.654759199330663,38.5233280306881,arrivals
10,7,5,12,0.7,1,18265.2,140.36686625716527,50,19.850872596869348,38.90771028986392,arrivals
10,7,5,12,0.7,2,18212.2,126.86341683326997,50,17.94119646546016,35.16474507230191,arrivals
10,7,9,5,0.3,1,18223.82,133.80410444880582,50,18.922757921268737,37.088605525686724,arrivals
10,7,9,5,0.3,2,18254.24,129.78483921396912,50,18.35434798068066,35.9745220421341,arrivals
10,7,9,5,0.5,1,18243.24,136.5166596696056,50,19.306371159462834,37.84048747254715,arrivals
10,7,9,5,0.5,2,18233.74,140.0814354988868,50,19.810506591921765,38.828592920166656,arrivals
10,7,9,5,0.7,1,18267.9,133.23161511182744,50,18.841795702801857,36.92991957749164,arrivals
10,7,9,5,0.7,2,18282.38,147.33190213852225,50,20.835877417452377,40.83831973820666,arrivals
10,7,9,9,0.3,1,18262.94,142.05609843312138,50,20.089766102192762,39.37594156029781,arrivals
10,7,9,9,0.3,2,18275.02,152.931422539647,50,21.627769186857922,42.39042760624152,arrivals
10,7,9,9,0.5,1,18262.94,142.05609843312138,50,20.089766102192762,39.37594156029781,arrivals
10,7,9,9,0.5,2,18275.02,152.931422539647,50,21.627769186857922,42.39042760624152,arrivals
10,7,9,9,0.7,1,18262.94,142.05609843312138,50,20.089766102192762,39.37594156029781,arrivals
10,7,9,9,0.7,2,18275.02,152.931422539647,50,21.627769186857922,42.39042760624152,arrivals
10,7,12,12,0.3,1,18262.94,142.05609843312138,50,20.089766102192762,39.37594156029781,arrivals
10,7,12,12,0.3,2,18275.02,152.931422539647,50,21.627769186857922,42.39042760624152,arrivals
10,7,12,12,0.5,1,18262.94,142.05609843312138,50,20.089766102192762,39.37594156029781,arrivals
10,7,12,12,0.5,2,18275.02,152.931422539647,50,21.627769186857922,42.39042760624152,arrivals
10,7,12,12,0.7,1,18262.94,142.05609843312138,50,20.089766102192762,39.37594156029781,arrivals
10,7,12,12,0.7,2,18275.02,152.931422539647,50,21.627769186857922,42.39042760624152,arrivals
10,10,5,9,0.3,1,18259.16,116.66844002539528,50,16.499409018482606,32.338841676225904,arrivals
10,10,5,9,0.3,2,18257.98,153.0194718835159,50,21.64022124448367,42.41483363918799,arrivals
10,10,5,9,0.5,1,18242.14,135.15705301460164,50,19.114093742362904,37.46362373503129,arrivals
10,10,5,9,0.5,2,18289.62,137.22243078376135,50,19.406182267619858,38.03611724453492,arrivals
10,10,5,9,0.7,1,18246.78,155.1974765732151,50,21.94823762159215,43.01854573832061,arrivals
10,10,5,9,0.7,2,18229.18,132.965960044712,50,18.804226402919078,36.85628374972139,arrivals
10,10,5,12,0.3,1,18259.16,116.66844002539528,50,16.499409018482606,32.338841676225904,arrivals
10,10,5,12,0.3,2,18257.98,153.0194718835159,50,21.64022124448367,42.41483363918799,arrivals
10,10,5,12,0.5,1,18242.14,135.15705301460164,50,19.114093742362904,37.46362373503129,arrivals
10,10,5,12,0.5,2,18289.62,137.22243078376135,50,19.406182267619858,38.03611724453492,arrivals
10,10,5,12,0.7,1,18246.78,155.1974765732151,50,21.94823762159215,43.01854573832061,arrivals
10,10,5,12,0.7,2,18229.18,132.965960044712,50,18.804226402919078,36.85628374972139,arrivals
10,10,9,5,0.3,1,18271.18,121.81697378461226,50,17.22752164534464,33.7659424248755,arrivals
10,10,9,5,0.3,2,18197.26,136.38193817813342,50,19.28731866342453,37.80314458031208,arrivals
10,10,9,5,0.5,1,18267.16,134.29731864753757,50,18.99250894216888,37.225317526651004,arrivals
10,10,9,5,0.5,2,18245.4,138.08944158606317,50,19.52879611115378,38.27644037786141,arrivals
10,10,9,5,0.7,1,18236.42,126.04697698938789,50,17.825734435452176,34.938439493486264,arrivals
10,10,9,5,0.7,2,18274.54,129.03206530762472,50,18.24788967390538,35.76586376085454,arrivals
10,10,9,9,0.3,1,18253.04,134.81021580619995,50,19.065043553957175,37.36748536575606,arrivals
10,10,9,9,0.3,2,18254.48,125.59446237629928,50,17.761739205151986,34.813008842097894,arrivals
10,10,9,9,0.5,1,18253.04,134.81021580619995,50,19.065043553957175,37.36748536575606,arrivals
10,10,9,9,0.5,2,18254.48,125.59446237629928,50,17.761739205151986,34.813008842097894,arrivals
10,10,9,9,0.7,1,18253.04,134.81021580619995,50,19.065043553957175,37.36748536575606,arrivals
10,10,9,9,0.7,2,18254.48,125.59446237629928,50,17.761739205151986,34.813008842097894,arrivals
10,10,12,12,0.3,1,18253.04,134.81021580619995,50,19.065043553957175,37.36748536575606,arrivals
10,10,12,12,0.3,2,18254.48,125.59446237629928,50,17.761739205151986,34.813008842097894,arrivals
10,10,12,12,0.5,1,18253.04,134.81021580619995,50,19.065043553957175,37.36748536575606,arrivals
10,10,12,12,0.5,2,18254.48,125.59446237629928,50,17.761739205151986,34.813008842097894,arrivals
10,10,12,12,0.7,1,18253.04,134.81021580619995,50,19.065043553957175,37.36748536575606,arrivals
10,10,12,12,0.7,2,18254.48,125.59446237629928,50,17.761739205151986,34.813008842097894,arrivals
10,14,5,9,0.3,1,18229.56,112.73576836739893,50,15.943245258972732,31.248760707586555,arrivals
10,14,5,9,0.3,2,18245.44,126.2954359541826,50,17.860871839222764,35.007308804876615,arrivals
10,14,5,9,0.5,1,18286.0,148.56854392803976,50,21.010764976505676,41.181099353951126,arrivals
10,14,5,9,0.5,2,18230.2,129.56552199484193,50,18.3233318421055,35.91373041052678,arrivals
10,14,5,9,0.7,1,18268.7,108.20940583056584,50,15.303120930192048,29.99411702317641,arrivals
10,14,5,9,0.7,2,18289.02,131.3154000325724,50,18.570801967451224,36.3987718562044,arrivals
10,14,5,12,0.3,1,18266.84,118.10603330076202,50,16.702715409202604,32.737322202037106,arrivals
10,14,5,12,0.3,2,18215.12,147.6260637349573,50,20.877478149373154,40.91985717277138,arrivals
10,14,5,12,0.5,1,18261.66,125.46055726231835,50,17.74280216232569,34.775892238158356,arrivals
10,14,5,12,0.5,2,18266.2,165.36477921275016,50,23.386111350150372,45.83677824629473,arrivals
10,14,5,12,0.7,1,18295.42,140.5191671144216,50,19.872411190658642,38.949925933690935,arrivals
10,14,5,12,0.7,2,18242.28,121.00093438667777,50,17.11211624694567,33.53974784401351,arrivals
10,14,9,5,0.3,1,18260.8,124.35252719751254,50,17.58610304780914,34.46876197370591,arrivals
10,14,9,5,0.3,2,18265.26,138.90737039847983,50,19.644468713111316,38.50315867769818,arrivals
10,14,9,5,0.5,1,18259.16,111.75928213288162,50,15.80514925134023,30.978092532626853,arrivals
10,14,9,5,0.5,2,18215.86,117.7493030439969,50,16.652266132479998,32.638441619660796,arrivals
10,14,9,5,0.7,1,18264.28,141.91547354905637,50,20.069878740367574,39.336962331120446,arrivals
10,14,9,5,0.7,2,18236.76,126.92397853254722,50,17.949761183107984,35.18153191889165,arrivals
10,14,9,9,0.3,1,18236.06,109.32490613780952,50,15.460876496525584,30.303317933190144,arrivals
10,14,9,9,0.3,2,18233.3,142.46478261561464,50,20.147562773553695,39.48922303616524,arrivals
10,14,9,9,0.5,1,18240.24,121.09139068471899,50,17.124908699294863,33.56482105061793,arrivals
10,14,9,9,0.5,2,18254.6,119.31693346815814,50,16.87396255314375,33.07296660416175,arrivals
10,14,9,9,0.7,1,18231.76,111.80897704092793,50,15.812177172634227,30.991867258363083,arrivals
10,14,9,9,0.7,2,18234.0,147.61450069802297,50,20.87584288900768,40.91665206245505,arrivals
10,14,12,12,0.3,1,18285.08,134.37532572338316,50,19.00354080863107,37.24693998491689,arrivals
10,14,12,12,0.3,2,18203.3,142.14425699238905,50,20.102233605208323,39.40037786620831,arrivals
10,14,12,12,0.5,1,18243.02,144.01169028511484,50,20.36632855414831,39.91800396613069,arrivals
10,14,12,12,0.5,2,18212.56,134.58403944550528,50,19.033057386278916,37.30479247710667,arrivals
10,14,12,12,0.7,1,18269.12,145.27295069654866,50,20.54469771210171,40.26760751571935,arrivals
10,14,12,12,0.7,2,18224.8,131.50867124355298,50,18.598134644229727,36.45234390269027,arrivals
14,2,5,9,0.3,1,18247.74,115.57642758038911,50,16.34497513748181,32.03615126946435,arrivals
14,2,5,9,0.3,2,18244.96,130.04880716445615,50,18.391678686241722,36.047690225033776,arrivals
14,2,5,9,0.5,1,18288.46,116.57234068270554,50,16.48581851910591,32.31220429744758,arrivals
14,2,5,9,0.5,2,18241.64,122.39226999734102,50,17.30888081598693,33.925406399334385,arrivals
14,2,5,9,0.7,1,18240.76,148.20498215206507,50,20.95934957707129,41.08032517105973,arrivals
14,2,5,9,0.7,2,18242.62,140.7552355208536,50,19.90579630486104,39.01536075752763,arrivals
14,2,5,12,0.3,1,18247.74,115.57642758038911,50,16.34497513748181,32.03615126946435,arrivals
14,2,5,12,0.3,2,18244.96,130.04880716445615,50,18.391678686241722,36.047690225033776,arrivals
14,2,5,12,0.5,1,18288.46,116.57234068270554,50,16.48581851910591,32.31220429744758,arrivals
14,2,5,12,0.5,2,18241.64,122.39226999734102,50,17.30888081598693,33.925406399334385,arrivals
14,2,5,12,0.7,1,18240.76,148.20498215206507,50,20.95934957707129,41.08032517105973,arrivals
14,2,5,12,0.7,2,18242.62,140.7552355208536,50,19.90579630486104,39.01536075752763,arrivals
14,2,9,5,0.3,1,18234.88,120.65969010538157,50,17.063857017876536,33.44515975503801,arrivals
14,2,9,5,0.3,2,18224.74,142.05558124644475,50,20.089692960951524,39.37579820346499,arrivals
14,2,9,5,0.5,1,18239.16,122.00792212485372,50,17.254525818592853,33.81887060444199,arrivals
14,2,9,5,0.5,2,18230.3,139.57285421117226,50,19.738582336456254,38.68762137945426,arrivals
14,2,9,5,0.7,1,18229.2,115.2898742389844,50,16.304450375306025,31.956722735599808,arrivals
14,2,9,5,0.7,2,18221.76,143.7407757466369,50,20.328015452692355,39.842910287277014,arrivals
14,2,9,9,0.3,1,18234.88,120.65969010538157,50,17.063857017876536,33.44515975503801,arrivals
14,2,9,9,0.3,2,18224.74,142.05558124644475,50,20.089692960951524,39.37579820346499,arrivals
14,2,9,9,0.5,1,18239.16,122.00792212485372,50,17.254525818592853,33.81887060444199,arrivals
14,2,9,9,0.5,2,18230.3,139.57285421117226,50,19.738582336456254,38.68762137945426,arrivals
14,2,9,9,0.7,1,18229.2,115.2898742389844,50,16.304450375306025,31.956722735599808,arrivals
14,2,9,9,0.7,2,18221.76,143.7407757466369,50,20.328015452692355,39.842910287277014,arrivals
14,2,12,12,0.3,1,18238.16,126.22273154699097,50,17.850589883353294,34.987156171372455,arrivals
14,2,12,12,0.3,2,18229.26,141.49173337069894,50,20.009952829652025,39.21950754611797,arrivals
14,2,12,12,0.5,1,18238.16,126.22273154699097,50,17.850589883353294,34.987156171372455,arrivals
14,2,12,12,0.5,2,18229.26,141.49173337069894,50,20.009952829652025,39.21950754611797,arrivals
14,2,12,12,0.7,1,18238.16,126.22273154699097,50,17.850589883353294,34.987156171372455,arrivals
14,2,12,12,0.7,2,18229.26,141.49173337069894,50,20.009952829652025,39.21950754611797,arrivals
14,5,5,9,0.3,1,18258.72,137.66404537044218,50,19.46863600140244,38.15852656274878,arrivals
14,5,5,9,0.3,2,18272.06,108.7328518030525,50,15.377147369538068,30.139208844294615,arrivals
14,5,5,9,0.5,1,18232.36,126.11053784320352,50,17.834723297602384,34.95605766330067,arrivals
14,5,5,9,0.5,2,18247.3,153.18579488680464,50,21.663742869182222,42.46093602359716,arrivals
14,5,5,9,0.7,1,18251.98,126.9122290307415,50,17.948099552627507,35.178275123149916,arrivals
14,5,5,9,0.7,2,18248.26,141.76868339600506,50,20.049119477840776,39.29627417656792,arrivals
14,5,5,12,0.3,1,18258.72,137.66404537044218,50,19.46863600140244,38.15852656274878,arrivals
14,5,5,12,0.3,2,18272.06,108.7328518030525,50,15.377147369538068,30.139208844294615,arrivals
14,5,5,12,0.5,1,18232.36,126.11053784320352,50,17.834723297602384,34.95605766330067,arrivals
14,5,5,12,0.5,2,18247.3,153.18579488680464,50,21.663742869182222,42.46093602359716,arrivals
14,5,5,12,0.7,1,18251.98,126.9122290307415,50,17.948099552627507,35.178275123149916,arrivals
14,5,5,12,0.7,2,18248.26,141.76868339600506,50,20.049119477840776,39.29627417656792,arrivals
14,5,9,5,0.3,1,18272.48,129.09531994868289,50,18.25683523103213,35.78339705282298,arrivals
14,5,9,5,0.3,2,18275.42,139.7864391542636,50,19.7687878087801,38.746824105208994,arrivals
14,5,9,5,0.5,1,18272.08,124.48651103059939,50,17.605051223198153,34.50590039746838,arrivals
14,5,9,5,0.5,2,18246.76,116.23209715118855,50,16.437700817427803,32.21789360215849,arrivals
14,5,9,5,0.7,1,18245.98,138.9121716357914,50,19.645147710603535,38.504489512782925,arrivals
14,5,9,5,0.7,2,18262.32,128.45207793776842,50,18.165867073459793,35.6050994639812,arrivals
14,5,9,9,0.3,1,18272.48,129.09531994868289,50,18.25683523103213,35.78339705282298,arrivals
14,5,9,9,0.3,2,18275.42,139.7864391542636,50,19.7687878087801,38.746824105208994,arrivals
14,5,9,9,0.5,1,18272.08,124.48651103059939,50,17.605051223198153,34.50590039746838,arrivals
14,5,9,9,0.5,2,18246.76,116.23209715118855,50,16.437700817427803,32.21789360215849,arrivals
14,5,9,9,0.7,1,18245.98,138.9121716357914,50,19.645147710603535,38.504489512782925,arrivals
14,5,9,9,0.7,2,18262.32,128.45207793776842,50,18.165867073459793,35.6050994639812,arrivals
14,5,12,12,0.3,1,18236.12,115.92250050119243,50,16.393917239298823,32.13207778902569,arrivals
14,5,12,12,0.3,2,18267.78,112.36988666262586,50,15.891501772061305,31.14734347324016,arrivals
14,5,12,12,0.5,1,18236.12,115.92250050119243,50,16.393917239298823,32.13207778902569,arrivals
14,5,12,12,0.5,2,18267.78,112.36988666262586,50,15.891501772061305,31.14734347324016,arrivals
14,5,12,12,0.7,1,18236.12,115.92250050119243,50,16.393917239298823,32.13207778902569,arrivals
14,5,12,12,0.7,2,18267.78,112.36988666262586,50,15.891501772061305,31.14734347324016,arrivals
14,7,5,9,0.3,1,18275.62,128.20628944424416,50,18.131107331358066,35.53697036946181,arrivals
14,7,5,9,0.3,2,18231.38,146.21620698018864,50,20.678094295013437,40.52906481822634,arrivals
14,7,5,9,0.5,1,18242.14,132.94912484073893,50,18.801845545540676,36.85161726925973,arrivals
14,7,5,9,0.5,2,18232.46,138.9801351243539,50,19.654759199330663,38.5233280306881,arrivals
14,7,5,9,0.7,1,18265.2,140.36686625716527,50,19.850872596869348,38.90771028986392,arrivals
14,7,5,9,0.7,2,18212.2,126.86341683326997,50,17.94119646546016,35.16474507230191,arrivals
14,7,5,12,0.3,1,18275.62,128.20628944424416,50,18.131107331358066,35.53697036946181,arrivals
14,7,5,12,0.3,2,18231.38,146.21620698018864,50,20.678094295013437,40.52906481822634,arrivals
14,7,5,12,0.5,1,18242.14,132.94912484073893,50,18.801845545540676,36.85161726925973,arrivals
14,7,5,12,0.5,2,18232.46,138.9801351243539,50,19.654759199330663,38.5233280306881,arrivals
14,7,5,12,0.7,1,18265.2,140.36686625716527,50,19.850872596869348,38.90771028986392,arrivals
14,7,5,12,0.7,2,18212.2,126.86341683326997,50,17.94119646546016,35.16474507230191,arrivals
14,7,9,5,0.3,1,18262.66,140.1631134334105,50,19.822057596196768,38.85123288854567,arrivals
14,7,9,5,0.3,2,18282.16,116.93507006986783,50,16.537116200985526,32.41274775393163,arrivals
14,7,9,5,0.5,1,18222.62,165.73520680745574,50,23.43849772298136,45.939455537043465,arrivals
14,7,9,5,0.5,2,18224.1,124.77265039147878,50,17.645517439686596,34.58521418178573,arrivals
14,7,9,5,0.7,1,18254.42,119.40961742964362,50,16.88707004467847,33.0986572875698,arrivals
14,7,9,5,0.7,2,18258.46,161.15364832155382,50,22.790567508224555,44.66951231612013,arrivals
14,7,9,9,0.3,1,18233.76,156.84680684134568,50,22.18148814499442,43.475716764189066,arrivals
14,7,9,9,0.3,2,18255.48,126.02109314859703,50,17.822073907582904,34.93126485886249,arrivals
14,7,9,9,0.5,1,18260.48,145.78559039681164,50,20.617195913773987,40.409703990997016,arrivals
14,7,9,9,0.5,2,18265.68,138.18213948795884,50,19.541905574160218,38.302134925354025,arrivals
14,7,9,9,0.7,1,18252.02,119.55299226361397,50,16.90734630814886,33.138398763971765,arrivals
14,7,9,9,0.7,2,18270.24,126.43729751968611,50,17.88093409421422,35.046630824659864,arrivals
14,7,12,12,0.3,1,18240.68,119.86700793728166,50,16.951754830598713,33.22543946797347,arrivals
14,7,12,12,0.3,2,18270.44,109.19840770312557,50,15.442986916330682,30.268254356008136,arrivals
14,7,12,12,0.5,1,18240.68,119.86700793728166,50,16.951754830598713,33.22543946797347,arrivals
14,7,12,12,0.5,2,18270.44,109.19840770312557,50,15.442986916330682,30.268254356008136,arrivals
14,7,12,12,0.7,1,18240.68,119.86700793728166,50,16.951754830598713,33.22543946797347,arrivals
14,7,12,12,0.7,2,18270.44,109.19840770312557,50,15.442986916330682,30.268254356008136,arrivals
14,10,5,9,0.3,1,18268.9,143.72624914704193,50,20.325961081276116,39.83888371930119,arrivals
14,10,5,9,0.3,2,18274.04,132.22753425942128,50,18.699797226882662,36.651602564690016,arrivals
14,10,5,9,0.5,1,18240.4,114.0782044682236,50,16.133094393013284,31.620865010306037,arrivals
14,10,5,9,0.5,2,18247.16,134.76212754482682,50,19.058242846814693,37.3541559797568,arrivals
14,10,5,9,0.7,1,18265.88,127.36363495992161,50,18.01193799134572,35.30339846303762,arrivals
14,10,5,9,0.7,2,18274.34,162.7237059859317,50,23.01260719249166,45.10471009728366,arrivals
14,10,5,12,0.3,1,18268.9,143.72624914704193,50,20.325961081276116,39.83888371930119,arrivals
14,10,5,12,0.3,2,18274.04,132.22753425942128,50,18.699797226882662,36.651602564690016,arrivals
14,10,5,12,0.5,1,18240.4,114.0782044682236,50,16.133094393013284,31.620865010306037,arrivals
14,10,5,12,0.5,2,18247.16,134.76212754482682,50,19.058242846814693,37.3541559797568,arrivals
14,10,5,12,0.7,1,18265.88,127.36363495992161,50,18.01193799134572,35.30339846303762,arrivals
14,10,5,12,0.7,2,18274.34,162.7237059859317,50,23.01260719249166,45.10471009728366,arrivals
14,10,9,5,0.3,1,18241.36,130.5576360330205,50,18.463637954926785,36.1887303916565,arrivals
14,10,9,5,0.3,2,18222.24,126.41679686897547,50,17.878034864386972,35.04094833419847,arrivals
14,10,9,5,0.5,1,18222.26,130.08032212476135,50,18.39613557466985,36.056425726352906,arrivals
14,10,9,5,0.5,2,18259.0,133.24474948494606,50,18.84365318366162,36.93356023997677,arrivals
14,10,9,5,0.7,1,18247.36,121.20748949715946,50,17.141327550807738,33.59700199958316,arrivals
14,10,9,5,0.7,2,18253.0,112.20698803223122,50,15.868464426821696,31.10219027657052,arrivals
14,10,9,9,0.3,1,18240.78,139.04987946629666,50,19.66462253875809,38.54266017596585,arrivals
14,10,9,9,0.3,2,18209.7,139.92042198977092,50,19.787735843090065,38.783962252456526,arrivals
14,10,9,9,0.5,1,18247.32,139.91913699690696,50,19.78755411765649,38.78360607060672,arrivals
14,10,9,9,0.5,2,18253.5,126.39672722448596,50,17.875196588044066,35.03538531256637,arrivals
14,10,9,9,0.7,1,18242.78,146.39034901834984,50,20.702721698228125,40.577334528527125,arrivals
14,10,9,9,0.7,2,18260.22,114.47988683518099,50,16.189900858125007,31.732205681925013,arrivals
14,10,12,12,0.3,1,18250.38,156.4253606976424,50,22.121886659770915,43.35889785315099,arrivals
14,10,12,12,0.3,2,18228.9,116.44517848256677,50,16.46783506830016,32.27695673386832,arrivals
14,10,12,12,0.5,1,18259.76,126.0221166206606,50,17.822218648390205,34.9315485508448,arrivals
14,10,12,12,0.5,2,18216.16,120.58452197017424,50,17.053226638249686,33.42432421096939,arrivals
14,10,12,12,0.7,1,18231.66,137.1612502546856,50,19.39753003422265,38.01915886707639,arrivals
14,10,12,12,0.7,2,18228.04,133.18698839432855,50,18.835484531888746,36.91754968250194,arrivals
14,14,5,9,0.3,1,18235.32,154.23549976498632,50,21.812193556703594,42.75189937113905,arrivals
14,14,5,9,0.3,2,18253.18,146.05180657589165,50,20.654844566871795,40.48349535106872,arrivals
14,14,5,9,0.5,1,18277.28,130.77899101077367,50,18.49494227609052,36.25008686113742,arrivals
14,14,5,9,0.5,2,18270.24,107.77708665650253,50,15.241981766268621,29.874284261886498,arrivals
14,14,5,9,0.7,1,18213.86,131.6592711261517,50,18.619432683876017,36.49408806039699,arrivals
14,14,5,9,0.7,2,18269.32,126.04088096117601,50,17.824872326874793,34.936749760674594,arrivals
14,14,5,12,0.3,1,18236.26,127.52267665487693,50,18.034429883544583,35.347482571747385,arrivals
14,14,5,12,0.3,2,18246.3,142.4659286156745,50,20.14772484243641,39.489540691175364,arrivals
14,14,5,12,0.5,1,18279.04,113.00441746828753,50,15.981237979172331,31.32322643917777,arrivals
14,14,5,12,0.5,2,18214.64,138.18026676211392,50,19.54164073073137,38.30161583223349,arrivals
14,14,5,12,0.7,1,18265.28,127.06338447196073,50,17.96947616012738,35.22017327384966,arrivals
14,14,5,12,0.7,2,18258.58,134.32675512665836,50,18.99667188896899,37.23347690237922,arrivals
14,14,9,5,0.3,1,18240.36,128.91664131586452,50,18.23156625644833,35.73386986263872,arrivals
14,14,9,5,0.3,2,18254.34,134.55605159340936,50,19.02909930627734,37.297034640303586,arrivals
14,14,9,5,0.5,1,18230.38,128.35519753673412,50,18.152166115752706,35.578245586875305,arrivals
14,14,9,5,0.5,2,18262.98,125.56963918764082,50,17.75822867614577,34.806128205245706,arrivals
14,14,9,5,0.7,1,18243.24,145.31563956450378,50,20.550734829704155,40.27944026622014,arrivals
14,14,9,5,0.7,2,18266.96,114.09358135373976,50,16.135269013017684,31.62512726551466,arrivals
14,14,9,9,0.3,1,18231.48,125.21251160017673,50,17.70772320837684,34.70713748841861,arrivals
14,14,9,9,0.3,2,18262.7,143.85313514065646,50,20.3439054705806,39.87405472233798,arrivals
14,14,9,9,0.5,1,18285.0,143.74623331356017,50,20.328787269208398,39.84442304764846,arrivals
14,14,9,9,0.5,2,18258.9,121.68447824146693,50,17.208783945937633,33.72921653403776,arrivals
14,14,9,9,0.7,1,18260.28,158.03293895868242,50,22.349232557704813,43.80449581310143,arrivals
14,14,9,9,0.7,2,18242.92,137.65304506739602,50,19.467080323626632,38.155477434308196,arrivals
14,14,12,12,0.3,1,18262.18,150.01124991826768,50,21.214794414295397,41.58099705201898,arrivals
14,14,12,12,0.3,2,18252.16,111.90654993505672,50,15.82597606365392,31.01891308476168,arrivals
14,14,12,12,0.5,1,18270.68,130.2522576090141,50,18.42045092403819,36.10408381111485,arrivals
14,14,12,12,0.5,2,18252.1,131.94560567575888,50,18.65992650421906,36.57345594826936,arrivals
14,14,12,12,0.7,1,18226.74,135.47449643262553,50,19.158987021068448,37.55161456129416,arrivals
14,14,12,12,0.7,2,18228.58,142.34495181116364,50,20.13061613866923,39.456007631791685,arrivals
2,2,5,9,0.3,1,5843.96,56.43271594183125,50,7.980791224648612,15.642350800311279,offered
2,2,5,9,0.3,2,5836.04,56.43271594183125,50,7.980791224648612,15.642350800311279,offered
2,2,5,9,0.5,1,5843.96,56.43271594183125,50,7.980791224648612,15.642350800311279,offered
2,2,5,9,0.5,2,5836.04,56.43271594183125,50,7.980791224648612,15.642350800311279,offered
2,2,5,9,0.7,1,5843.96,56.43271594183125,50,7.980791224648612,15.642350800311279,offered
2,2,5,9,0.7,2,5836.04,56.43271594183125,50,7.980791224648612,15.642350800311279,offered
2,2,5,12,0.3,1,5843.96,56.43271594183125,50,7.980791224648612,15.642350800311279,offered
2,2,5,12,0.3,2,5836.04,56.43271594183125,50,7.980791224648612,15.642350800311279,offered
2,2,5,12,0.5,1,5843.96,56.43271594183125,50,7.980791224648612,15.642350800311279,offered
2,2,5,12,0.5,2,5836.04,56.43271594183125,50,7.980791224648612,15.642350800311279,offered
2,2,5,12,0.7,1,5843.96,56.43271594183125,50,7.980791224648612,15.642350800311279,offered
2,2,5,12,0.7,2,5836.04,56.43271594183125,50,7.980791224648612,15.642350800311279,offered
2,2,9,5,0.3,1,5843.96,56.43271594183125,50,7.980791224648612,15.642350800311279,offered
2,2,9,5,0.3,2,5836.04,56.43271594183125,50,7.980791224648612,15.642350800311279,offered
2,2,9,5,0.5,1,5843.96,56.43271594183125,50,7.980791224648612,15.642350800311279,offered
2,2,9,5,0.5,2,5836.04,56.43271594183125,50,7.980791224648612,15.642350800311279,offered
2,2,9,5,0.7,1,5843.96,56.43271594183125,50,7.980791224648612,15.642350800311279,offered
2,2,9,5,0.7,2,5836.04,56.43271594183125,50,7.980791224648612,15.642350800311279,offered
2,2,9,9,0.3,1,5843.96,56.43271594183125,50,7.980791224648612,15.642350800311279,offered
2,2,9,9,0.3,2,5836.04,56.43271594183125,50,7.980791224648612,15.642350800311279,offered
2,2,9,9,0.5,1,5843.96,56.43271594183125,50,7.980791224648612,15.642350800311279,offered
2,2,9,9,0.5,2,5836.04,56.43271594183125,50,7.980791224648612,15.642350800311279,offered
2,2,9,9,0.7,1,5843.96,56.43271594183125,50,7.980791224648612,15.642350800311279,offered
2,2,9,9,0.7,2,5836.04,56.43271594183125,50,7.980791224648612,15.642350800311279,offered
2,2,12,12,0.3,1,5843.96,56.43271594183125,50,7.980791224648612,15.642350800311279,offered
2,2,12,12,0.3,2,5836.04,56.43271594183125,50,7.980791224648612,15.642350800311279,offered
2,2,12,12,0.5,1,5843.96,56.43271594183125,50,7.980791224648612,15.642350800311279,offered
2,2,12,12,0.5,2,5836.04,56.43271594183125,50,7.980791224648612,15.642350800311279,offered
2,2,12,12,0.7,1,5843.96,56.43271594183125,50,7.980791224648612,15.642350800311279,offered
2,2,12,12,0.7,2,5836.04,56.43271594183125,50,7.980791224648612,15.642350800311279,offered
2,5,5,9,0.3,1,580.54,22.965999713862733,50,3.2478828268801294,6.3658503406850535,offered
2,5,5,9,0.3,2,14584.08,52.83390995200232,50,7.471843200732052,14.644812673434823,offered
2,5,5,9,0.5,1,580.54,22.965999713862733,50,3.2478828268801294,6.3658503406850535,offered
2,5,5,9,0.5,2,14584.08,52.83390995200232,50,7.471843200732052,14.644812673434823,offered
2,5,5,9,0.7,1,580.54,22.965999713862733,50,3.2478828268801294,6.3658503406850535,offered
2,5,5,9,0.7,2,14584.08,52.83390995200232,50,7.471843200732052,14.644812673434823,offered
2,5,5,12,0.3,1,580.54,22.965999713862733,50,3.2478828268801294,6.3658503406850535,offered
2,5,5,12,0.3,2,14584.08,52.83390995200232,50,7.471843200732052,14.644812673434823,offered
2,5,5,12,0.5,1,580.54,22.965999713862733,50,3.2478828268801294,6.3658503406850535,offered
2,5,5,12,0.5,2,14584.08,52.83390995200232,50,7.471843200732052,14.644812673434823,offered
2,5,5,12,0.7,1,580.54,22.965999713862733,50,3.2478828268801294,6.3658503406850535,offered
2,5,5,12,0.7,2,14584.08,52.83390995200232,50,7.471843200732052,14.644812673434823,offered
2,5,9,5,0.3,1,580.54,22.965999713862733,50,3.2478828268801294,6.3658503406850535,offered
2,5,9,5,0.3,2,14584.08,52.83390995200232,50,7.471843200732052,14.644812673434823,offered
2,5,9,5,0.5,1,580.54,22.965999713862733,50,3.2478828268801294,6.3658503406850535,offered
2,5,9,5,0.5,2,14584.08,52.83390995200232,50,7.471843200732052,14.644812673434823,offered
2,5,9,5,0.7,1,580.54,22.965999713862733,50,3.2478828268801294,6.3658503406850535,offered
2,5,9,5,0.7,2,14584.08,52.83390995200232,50,7.471843200732052,14.644812673434823,offered
2,5,9,9,0.3,1,580.54,22.965999713862733,50,3.2478828268801294,6.3658503406850535,offered
2,5,9,9,0.3,2,14584.08,52.83390995200232,50,7.471843200732052,14.644812673434823,offered
2,5,9,9,0.5,1,580.54,22.965999713862733,50,3.2478828268801294,6.3658503406850535,offered
2,5,9,9,0.5,2,14584.08,52.83390995200232,50,7.471843200732052,14.644812673434823,offered
2,5,9,9,0.7,1,580.54,22.965999713862733,50,3.2478828268801294,6.3658503406850535,offered
2,5,9,9,0.7,2,14584.08,52.83390995200232,50,7.471843200732052,14.644812673434823,offered
2,5,12,12,0.3,1,580.54,22.965999713862733,50,3.2478828268801294,6.3658503406850535,offered
2,5,12,12,0.3,2,14584.08,52.83390995200232,50,7.471843200732052,14.644812673434823,offered
2,5,12,12,0.5,1,580.54,22.965999713862733,50,3.2478828268801294,6.3658503406850535,offered
2,5,12,12,0.5,2,14584.08,52.83390995200232,50,7.471843200732052,14.644812673434823,offered
2,5,12,12,0.7,1,580.54,22.965999713862733,50,3.2478828268801294,6.3658503406850535,offered
2,5,12,12,0.7,2,14584.08,52.83390995200232,50,7.471843200732052,14.644812673434823,offered
2,7,5,9,0.3,1,583.58,23.392908396890423,50,3.3082568318233894,6.484183390373843,offered
2,7,5,9,0.3,2,16807.68,68.12157199763242,50,9.6338451009227,18.882336397808494,offered
2,7,5,9,0.5,1,583.58,23.392908396890423,50,3.3082568318233894,6.484183390373843,offered
2,7,5,9,0.5,2,16807.68,68.12157199763242,50,9.6338451009227,18.882336397808494,offered
2,7,5,9,0.7,1,583.58,23.392908396890423,50,3.3082568318233894,6.484183390373843,offered
2,7,5,9,0.7,2,16807.68,68.12157199763242,50,9.6338451009227,18.882336397808494,offered
2,7,5,12,0.3,1,583.58,23.392908396890423,50,3.3082568318233894,6.484183390373843,offered
2,7,5,12,0.3,2,16807.68,68.12157199763242,50,9.6338451009227,18.882336397808494,offered
2,7,5,12,0.5,1,583.58,23.392908396890423,50,3.3082568318233894,6.484183390373843,offered
2,7,5,12,0.5,2,16807.68,68.12157199763242,50,9.6338451009227,18.882336397808494,offered
2,7,5,12,0.7,1,583.58,23.392908396890423,50,3.3082568318233894,6.484183390373843,offered
2,7,5,12,0.7,2,16807.68,68.12157199763242,50,9.6338451009227,18.882336397808494,offered
2,7,9,5,0.3,1,582.76,24.946931429638845,50,3.528028876738688,6.914936598407828,offered
2,7,9,5,0.3,2,18246.52,142.06196406024046,50,20.090595627135123,39.37756742918484,offered
2,7,9,5,0.5,1,587.14,22.622915959942304,50,3.199363457097715,6.270752375911521,offered
2,7,9,5,0.5,2,18256.22,121.94098438781548,50,17.245059393037447,33.800316410353396,offered
2,7,9,5,0.7,1,585.22,24.585784842598173,50,3.4769550365989206,6.814831871733884,offered
2,7,9,5,0.7,2,18256.4,137.2851939933645,50,19.41505832584374,38.05351431865373,offered
2,7,9,9,0.3,1,583.58,23.392908396890423,50,3.3082568318233894,6.484183390373843,offered
2,7,9,9,0.3,2,16807.68,68.12157199763242,50,9.6338451009227,18.882336397808494,offered
2,7,9,9,0.5,1,583.58,23.392908396890423,50,3.3082568318233894,6.484183390373843,offered
2,7,9,9,0.5,2,16807.68,68.12157199763242,50,9.6338451009227,18.882336397808494,offered
2,7,9,9,0.7,1,583.58,23.392908396890423,50,3.3082568318233894,6.484183390373843,offered
2,7,9,9,0.7,2,16807.68,68.12157199763242,50,9.6338451009227,18.882336397808494,offered
2,7,12,12,0.3,1,583.58,23.392908396890423,50,3.3082568318233894,6.484183390373843,offered
2,7,12,12,0.3,2,16807.68,68.12157199763242,50,9.6338451009227,18.882336397808494,offered
2,7,12,12,0.5,1,583.58,23.392908396890423,50,3.3082568318233894,6.484183390373843,offered
2,7,12,12,0.5,2,16807.68,68.12157199763242,50,9.6338451009227,18.882336397808494,offered
2,7,12,12,0.7,1,583.58,23.392908396890423,50,3.3082568318233894,6.484183390373843,offered
2,7,12,12,0.7,2,16807.68,68.12157199763242,50,9.6338451009227,18.882336397808494,offered
2,10,5,9,0.3,1,579.64,24.842984473509215,50,3.5133285572260955,6.886123972163147,offered
2,10,5,9,0.3,2,18216.0,122.28120819468113,50,17.29317430522861,33.894621638248076,offered
2,10,5,9,0.5,1,579.64,24.842984473509215,50,3.5133285572260955,6.886123972163147,offered
2,10,5,9,0.5,2,18216.0,122.28120819468113,50,17.29317430522861,33.894621638248076,offered
2,10,5,9,0.7,1,579.64,24.842984473509215,50,3.5133285572260955,6.886123972163147,offered
2,10,5,9,0.7,2,18216.0,122.28120819468113,50,17.29317430522861,33.894621638248076,offered
2,10,5,12,0.3,1,579.64,24.842984473509215,50,3.5133285572260955,6.886123972163147,offered
2,10,5,12,0.3,2,18216.0,122.28120819468113,50,17.29317430522861,33.894621638248076,offered
2,10,5,12,0.5,1,579.64,24.842984473509215,50,3.5133285572260955,6.886123972163147,offered
2,10,5,12,0.5,2,18216.0,122.28120819468113,50,17.29317430522861,33.894621638248076,offered
2,10,5,12,0.7,1,579.64,24.842984473509215,50,3.5133285572260955,6.886123972163147,offered
2,10,5,12,0.7,2,18216.0,122.28120819468113,50,17.29317430522861,33.894621638248076,offered
2,10,9,5,0.3,1,585.86,24.125530553540067,50,3.4118652508262843,6.687255891619517,offered
2,10,9,5,0.3,2,18258.68,150.56010258297482,50,21.292413902512745,41.73313124892498,offered
2,10,9,5,0.5,1,587.14,22.622915959942304,50,3.199363457097715,6.270752375911521,offered
2,10,9,5,0.5,2,18256.22,121.94098438781548,50,17.245059393037447,33.800316410353396,offered
2,10,9,5,0.7,1,585.22,24.585784842598173,50,3.4769550365989206,6.814831871733884,offered
2,10,9,5,0.7,2,18256.4,137.2851939933645,50,19.41505832584374,38.05351431865373,offered
2,10,9,9,0.3,1,579.64,24.842984473509215,50,3.5133285572260955,6.886123972163147,offered
2,10,9,9,0.3,2,18216.0,122.28120819468113,50,17.29317430522861,33.894621638248076,offered
2,10,9,9,0.5,1,579.64,24.842984473509215,50,3.5133285572260955,6.886123972163147,offered
2,10,9,9,0.5,2,18216.0,122.28120819468113,50,17.29317430522861,33.894621638248076,offered
2,10,9,9,0.7,1,579.64,24.842984473509215,50,3.5133285572260955,6.886123972163147,offered
2,10,9,9,0.7,2,18216.0,122.28120819468113,50,17.29317430522861,33.894621638248076,offered
2,10,12,12,0.3,1,579.64,24.842984473509215,50,3.5133285572260955,6.886123972163147,offered
2,10,12,12,0.3,2,18216.0,122.28120819468113,50,17.29317430522861,33.894621638248076,offered
2,10,12,12,0.5,1,579.64,24.842984473509215,50,3.5133285572260955,6.886123972163147,offered
2,10,12,12,0.5,2,18216.0,122.28120819468113,50,17.29317430522861,33.894621638248076,offered
2,10,12,12,0.7,1,579.64,24.842984473509215,50,3.5133285572260955,6.886123972163147,offered
2,10,12,12,0.7,2,18216.0,122.28120819468113,50,17.29317430522861,33.894621638248076,offered
2,14,5,9,0.3,1,579.88,24.756479259097457,50,3.5010948724823856,6.862145950065476,offered
2,14,5,9,0.3,2,18216.08,125.04217084566287,50,17.683633387851003,34.659921440187965,offered
2,14,5,9,0.5,1,579.28,24.721336731574993,50,3.4961249685785516,6.852404938413961,offered
2,14,5,9,0.5,2,18218.82,121.39002581491987,50,17.16714208442798,33.64759848547884,offered
2,14,5,9,0.7,1,579.4,24.723780174610226,50,3.496470523606483,6.853082226268707,offered
2,14,5,9,0.7,2,18221.4,120.5590718109522,50,17.04962744221605,33.417269786743454,offered
2,14,5,12,0.3,1,579.44,24.966230253308666,50,3.5307581425558587,6.920285959409483,offered
2,14,5,12,0.3,2,18225.88,122.03389291671431,50,17.258198643200334,33.82606934067265,offered
2,14,5,12,0.5,1,579.44,24.966230253308666,50,3.5307581425558587,6.920285959409483,offered
2,14,5,12,0.5,2,18225.88,122.03389291671431,50,17.258198643200334,33.82606934067265,offered
2,14,5,12,0.7,1,579.44,24.966230253308666,50,3.5307581425558587,6.920285959409483,offered
2,14,5,12,0.7,2,18225.88,122.03389291671431,50,17.258198643200334,33.82606934067265,offered
2,14,9,5,0.3,1,585.86,24.125530553540067,50,3.4118652508262843,6.687255891619517,offered
2,14,9,5,0.3,2,18258.68,150.56010258297482,50,21.292413902512745,41.73313124892498,offered
2,14,9,5,0.5,1,587.14,22.622915959942304,50,3.199363457097715,6.270752375911521,offered
2,14,9,5,0.5,2,18256.22,121.94098438781548,50,17.245059393037447,33.800316410353396,offered
2,14,9,5,0.7,1,585.22,24.585784842598173,50,3.4769550365989206,6.814831871733884,offered
2,14,9,5,0.7,2,18256.4,137.2851939933645,50,19.41505832584374,38.05351431865373,offered
2,14,9,9,0.3,1,579.88,24.756479259097457,50,3.5010948724823856,6.862145950065476,offered
2,14,9,9,0.3,2,18216.08,125.04217084566287,50,17.683633387851003,34.659921440187965,offered
2,14,9,9,0.5,1,579.28,24.721336731574993,50,3.4961249685785516,6.852404938413961,offered
2,14,9,9,0.5,2,18218.82,121.39002581491987,50,17.16714208442798,33.64759848547884,offered
2,14,9,9,0.7,1,579.4,24.723780174610226,50,3.496470523606483,6.853082226268707,offered
2,14,9,9,0.7,2,18221.4,120.5590718109522,50,17.04962744221605,33.417269786743454,offered
2,14,12,12,0.3,1,579.44,24.966230253308666,50,3.5307581425558587,6.920285959409483,offered
2,14,12,12,0.3,2,18225.88,122.03389291671431,50,17.258198643200334,33.82606934067265,offered
2,14,12,12,0.5,1,579.44,24.966230253308666,50,3.5307581425558587,6.920285959409483,offered
2,14,12,12,0.5,2,18225.88,122.03389291671431,50,17.258198643200334,33.82606934067265,offered
2,14,12,12,0.7,1,579.44,24.966230253308666,50,3.5307581425558587,6.920285959409483,offered
2,14,12,12,0.7,2,18225.88,122.03389291671431,50,17.258198643200334,33.82606934067265,offered
5,2,5,9,0.3,1,14593.6,58.38681707511772,50,8.257142857142847,16.18399999999998,offered
5,2,5,9,0.3,2,580.06,22.490279079220528,50,3.1806057695389556,6.233987308296353,offered
5,2,5,9,0.5,1,14593.6,58.38681707511772,50,8.257142857142847,16.18399999999998,offered
5,2,5,9,0.5,2,580.06,22.490279079220528,50,3.1806057695389556,6.233987308296353,offered
5,2,5,9,0.7,1,14593.6,58.38681707511772,50,8.257142857142847,16.18399999999998,offered
5,2,5,9,0.7,2,580.06,22.490279079220528,50,3.1806057695389556,6.233987308296353,offered
5,2,5,12,0.3,1,14593.6,58.38681707511772,50,8.257142857142847,16.18399999999998,offered
5,2,5,12,0.3,2,580.06,22.490279079220528,50,3.1806057695389556,6.233987308296353,offered
5,2,5,12,0.5,1,14593.6,58.38681707511772,50,8.257142857142847,16.18399999999998,offered
5,2,5,12,0.5,2,580.06,22.490279079220528,50,3.1806057695389556,6.233987308296353,offered
5,2,5,12,0.7,1,14593.6,58.38681707511772,50,8.257142857142847,16.18399999999998,offered
5,2,5,12,0.7,2,580.06,22.490279079220528,50,3.1806057695389556,6.233987308296353,offered
5,2,9,5,0.3,1,14593.6,58.38681707511772,50,8.257142857142847,16.18399999999998,offered
5,2,9,5,0.3,2,580.06,22.490279079220528,50,3.1806057695389556,6.233987308296353,offered
5,2,9,5,0.5,1,14593.6,58.38681707511772,50,8.257142857142847,16.18399999999998,offered
5,2,9,5,0.5,2,580.06,22.490279079220528,50,3.1806057695389556,6.233987308296353,offered
5,2,9,5,0.7,1,14593.6,58.38681707511772,50,8.257142857142847,16.18399999999998,offered
5,2,9,5,0.7,2,580.06,22.490279079220528,50,3.1806057695389556,6.233987308296353,offered
5,2,9,9,0.3,1,14593.6,58.38681707511772,50,8.257142857142847,16.18399999999998,offered
5,2,9,9,0.3,2,580.06,22.490279079220528,50,3.1806057695389556,6.233987308296353,offered
5,2,9,9,0.5,1,14593.6,58.38681707511772,50,8.257142857142847,16.18399999999998,offered
5,2,9,9,0.5,2,580.06,22.490279079220528,50,3.1806057695389556,6.233987308296353,offered
5,2,9,9,0.7,1,14593.6,58.38681707511772,50,8.257142857142847,16.18399999999998,offered
5,2,9,9,0.7,2,580.06,22.490279079220528,50,3.1806057695389556,6.233987308296353,offered
5,2,12,12,0.3,1,14593.6,58.38681707511772,50,8.257142857142847,16.18399999999998,offered
5,2,12,12,0.3,2,580.06,22.490279079220528,50,3.1806057695389556,6.233987308296353,offered
5,2,12,12,0.5,1,14593.6,58.38681707511772,50,8.257142857142847,16.18399999999998,offered
5,2,12,12,0.5,2,580.06,22.490279079220528,50,3.1806057695389556,6.233987308296353,offered
5,2,12,12,0.7,1,14593.6,58.38681707511772,50,8.257142857142847,16.18399999999998,offered
5,2,12,12,0.7,2,580.06,22.490279079220528,50,3.1806057695389556,6.233987308296353,offered
5,5,5,9,0.3,1,7593.54,69.9049529645761,50,9.88605325595568,19.376664381673134,offered
5,5,5,9,0.3,2,7591.68,64.44850499366446,50,9.114394983671042,17.864214167995243,offered
5,5,5,9,0.5,1,7593.54,69.9049529645761,50,9.88605325595568,19.376664381673134,offered
5,5,5,9,0.5,2,7591.68,64.44850499366446,50,9.114394983671042,17.864214167995243,offered
5,5,5,9,0.7,1,7593.54,69.9049529645761,50,9.88605325595568,19.376664381673134,offered
5,5,5,9,0.7,2,7591.68,64.44850499366446,50,9.114394983671042,17.864214167995243,offered
5,5,5,12,0.3,1,7593.54,69.9049529645761,50,9.88605325595568,19.376664381673134,offered
5,5,5,12,0.3,2,7591.68,64.44850499366446,50,9.114394983671042,17.864214167995243,offered
5,5,5,12,0.5,1,7593.54,69.9049529645761,50,9.88605325595568,19.376664381673134,offered
5,5,5,12,0.5,2,7591.68,64.44850499366446,50,9.114394983671042,17.864214167995243,offered
5,5,5,12,0.7,1,7593.54,69.9049529645761,50,9.88605325595568,19.376664381673134,offered
5,5,5,12,0.7,2,7591.68,64.44850499366446,50,9.114394983671042,17.864214167995243,offered
5,5,9,5,0.3,1,7593.54,69.9049529645761,50,9.88605325595568,19.376664381673134,offered
5,5,9,5,0.3,2,7591.68,64.44850499366446,50,9.114394983671042,17.864214167995243,offered
5,5,9,5,0.5,1,7593.54,69.9049529645761,50,9.88605325595568,19.376664381673134,offered
5,5,9,5,0.5,2,7591.68,64.44850499366446,50,9.114394983671042,17.864214167995243,offered
5,5,9,5,0.7,1,7593.54,69.9049529645761,50,9.88605325595568,19.376664381673134,offered
5,5,9,5,0.7,2,7591.68,64.44850499366446,50,9.114394983671042,17.864214167995243,offered
5,5,9,9,0.3,1,7593.54,69.9049529645761,50,9.88605325595568,19.376664381673134,offered
5,5,9,9,0.3,2,7591.68,64.44850499366446,50,9.114394983671042,17.864214167995243,offered
5,5,9,9,0.5,1,7593.54,69.9049529645761,50,9.88605325595568,19.376664381673134,offered
5,5,9,9,0.5,2,7591.68,64.44850499366446,50,9.114394983671042,17.864214167995243,offered
5,5,9,9,0.7,1,7593.54,69.9049529645761,50,9.88605325595568,19.376664381673134,offered
5,5,9,9,0.7,2,7591.68,64.44850499366446,50,9.114394983671042,17.864214167995243,offered
5,5,12,12,0.3,1,7593.54,69.9049529645761,50,9.88605325595568,19.376664381673134,offered
5,5,12,12,0.3,2,7591.68,64.44850499366446,50,9.114394983671042,17.864214167995243,offered
5,5,12,12,0.5,1,7593.54,69.9049529645761,50,9.88605325595568,19.376664381673134,offered
5,5,12,12,0.5,2,7591.68,64.44850499366446,50,9.114394983671042,17.864214167995243,offered
5,5,12,12,0.7,1,7593.54,69.9049529645761,50,9.88605325595568,19.376664381673134,offered
5,5,12,12,0.7,2,7591.68,64.44850499366446,50,9.114394983671042,17.864214167995243,offered
5,7,5,9,0.3,1,2340.12,49.411491681632874,50,6.987840167325058,13.696166727957113,offered
5,7,5,9,0.3,2,15158.26,53.49606508512442,50,7.565486077697676,14.828352712287444,offered
5,7,5,9,0.5,1,2340.12,49.411491681632874,50,6.987840167325058,13.696166727957113,offered
5,7,5,9,0.5,2,15158.26,53.49606508512442,50,7.565486077697676,14.828352712287444,offered
5,7,5,9,0.7,1,2340.12,49.411491681632874,50,6.987840167325058,13.696166727957113,offered
5,7,5,9,0.7,2,15158.26,53.49606508512442,50,7.565486077697676,14.828352712287444,offered
5,7,5,12,0.3,1,2340.12,49.411491681632874,50,6.987840167325058,13.696166727957113,offered
5,7,5,12,0.3,2,15158.26,53.49606508512442,50,7.565486077697676,14.828352712287444,offered
5,7,5,12,0.5,1,2340.12,49.411491681632874,50,6.987840167325058,13.696166727957113,offered
5,7,5,12,0.5,2,15158.26,53.49606508512442,50,7.565486077697676,14.828352712287444,offered
5,7,5,12,0.7,1,2340.12,49.411491681632874,50,6.987840167325058,13.696166727957113,offered
5,7,5,12,0.7,2,15158.26,53.49606508512442,50,7.565486077697676,14.828352712287444,offered
5,7,9,5,0.3,1,2329.64,45.282226093689346,50,6.403873827614032,12.551592702123504,offered
5,7,9,5,0.3,2,18123.1,125.99615316447162,50,17.81854686120335,34.92435184795857,offered
5,7,9,5,0.5,1,2340.54,46.106004744169574,50,6.520373721604288,12.779932494344404,offered
5,7,9,5,0.5,2,18246.88,123.58020447780227,50,17.476880121334826,34.25468503781626,offered
5,7,9,5,0.7,1,2342.84,47.74437032739238,50,6.7520736043961875,13.234064264616528,offered
5,7,9,5,0.7,2,18247.1,155.15486009869213,50,21.942210741967056,43.00673305425543,offered
5,7,9,9,0.3,1,2340.12,49.411491681632874,50,6.987840167325058,13.696166727957113,offered
5,7,9,9,0.3,2,15158.26,53.49606508512442,50,7.565486077697676,14.828352712287444,offered
5,7,9,9,0.5,1,2340.12,49.411491681632874,50,6.987840167325058,13.696166727957113,offered
5,7,9,9,0.5,2,15158.26,53.49606508512442,50,7.565486077697676,14.828352712287444,offered
5,7,9,9,0.7,1,2340.12,49.411491681632874,50,6.987840167325058,13.696166727957113,offered
5,7,9,9,0.7,2,15158.26,53.49606508512442,50,7.565486077697676,14.828352712287444,offered
5,7,12,12,0.3,1,2340.12,49.411491681632874,50,6.987840167325058,13.696166727957113,offered
5,7,12,12,0.3,2,15158.26,53.49606508512442,50,7.565486077697676,14.828352712287444,offered
5,7,12,12,0.5,1,2340.12,49.411491681632874,50,6.987840167325058,13.696166727957113,offered
5,7,12,12,0.5,2,15158.26,53.49606508512442,50,7.565486077697676,14.828352712287444,offered
5,7,12,12,0.7,1,2340.12,49.411491681632874,50,6.987840167325058,13.696166727957113,offered
5,7,12,12,0.7,2,15158.26,53.49606508512442,50,7.565486077697676,14.828352712287444,offered
5,10,5,9,0.3,1,2337.5,50.88893468593529,50,7.196782160756831,14.105693035083387,offered
5,10,5,9,0.3,2,18036.8,78.60596643502119,50,11.116562381585124,21.788462267906844,offered
5,10,5,9,0.5,1,2337.5,50.88893468593529,50,7.196782160756831,14.105693035083387,offered
5,10,5,9,0.5,2,18036.8,78.60596643502119,50,11.116562381585124,21.788462267906844,offered
5,10,5,9,0.7,1,2337.5,50.88893468593529,50,7.196782160756831,14.105693035083387,offered
5,10,5,9,0.7,2,18036.8,78.60596643502119,50,11.116562381585124,21.788462267906844,offered
5,10,5,12,0.3,1,2337.5,50.88893468593529,50,7.196782160756831,14.105693035083387,offered
5,10,5,12,0.3,2,18036.8,78.60596643502119,50,11.116562381585124,21.788462267906844,offered
5,10,5,12,0.5,1,2337.5,50.88893468593529,50,7.196782160756831,14.105693035083387,offered
5,10,5,12,0.5,2,18036.8,78.60596643502119,50,11.116562381585124,21.788462267906844,offered
5,10,5,12,0.7,1,2337.5,50.88893468593529,50,7.196782160756831,14.105693035083387,offered
5,10,5,12,0.7,2,18036.8,78.60596643502119,50,11.116562381585124,21.788462267906844,offered
5,10,9,5,0.3,1,2335.4,49.2552701002954,50,6.965747099418775,13.652864314860798,offered
5,10,9,5,0.3,2,18260.1,134.41411035015778,50,19.009025783150694,37.25769053497536,offered
5,10,9,5,0.5,1,2340.24,46.36349725323821,50,6.556788661457721,12.851305776457131,offered
5,10,9,5,0.5,2,18245.34,123.2186723856815,50,17.425751762543793,34.15447345458583,offered
5,10,9,5,0.7,1,2342.84,47.74437032739238,50,6.7520736043961875,13.234064264616528,offered
5,10,9,5,0.7,2,18247.1,155.15486009869213,50,21.942210741967056,43.00673305425543,offered
5,10,9,9,0.3,1,2337.5,50.88893468593529,50,7.196782160756831,14.105693035083387,offered
5,10,9,9,0.3,2,18036.8,78.60596643502119,50,11.116562381585124,21.788462267906844,offered
5,10,9,9,0.5,1,2337.5,50.88893468593529,50,7.196782160756831,14.105693035083387,offered
5,10,9,9,0.5,2,18036.8,78.60596643502119,50,11.116562381585124,21.788462267906844,offered
5,10,9,9,0.7,1,2337.5,50.88893468593529,50,7.196782160756831,14.105693035083387,offered
5,10,9,9,0.7,2,18036.8,78.60596643502119,50,11.116562381585124,21.788462267906844,offered
5,10,12,12,0.3,1,2337.5,50.88893468593529,50,7.196782160756831,14.105693035083387,offered
5,10,12,12,0.3,2,18036.8,78.60596643502119,50,11.116562381585124,21.788462267906844,offered
5,10,12,12,0.5,1,2337.5,50.88893468593529,50,7.196782160756831,14.105693035083387,offered
5,10,12,12,0.5,2,18036.8,78.60596643502119,50,11.116562381585124,21.788462267906844,offered
5,10,12,12,0.7,1,2337.5,50.88893468593529,50,7.196782160756831,14.105693035083387,offered
5,10,12,12,0.7,2,18036.8,78.60596643502119,50,11.116562381585124,21.788462267906844,offered
5,14,5,9,0.3,1,2342.54,49.448059741964585,50,6.993011672012136,13.706302877143786,offered
5,14,5,9,0.3,2,18275.96,119.65800927507263,50,16.92219795633733,33.16750799442117,offered
5,14,5,9,0.5,1,2336.48,49.377033412016814,50,6.982967032102364,13.686615382920634,offered
5,14,5,9,0.5,2,18267.96,138.76701366546956,50,19.624619273571966,38.464253776201055,offered
5,14,5,9,0.7,1,2344.62,55.83755228247345,50,7.896622372759072,15.47737985060778,offered
5,14,5,9,0.7,2,18256.32,122.52170819733041,50,17.32718614177835,33.961284837885565,offered
5,14,5,12,0.3,1,2333.68,48.96789452158986,50,6.925106055328756,13.573207868444362,offered
5,14,5,12,0.3,2,18253.94,137.82396491946753,50,19.491252040914464,38.202854000192346,offered
5,14,5,12,0.5,1,2333.68,48.96789452158986,50,6.925106055328756,13.573207868444362,offered
5,14,5,12,0.5,2,18253.94,137.82396491946753,50,19.491252040914464,38.202854000192346,offered
5,14,5,12,0.7,1,2333.68,48.96789452158986,50,6.925106055328756,13.573207868444362,offered
5,14,5,12,0.7,2,18253.94,137.82396491946753,50,19.491252040914464,38.202854000192346,offered
5,14,9,5,0.3,1,2335.4,49.2552701002954,50,6.965747099418775,13.652864314860798,offered
5,14,9,5,0.3,2,18260.1,134.41411035015778,50,19.009025783150694,37.25769053497536,offered
5,14,9,5,0.5,1,2340.24,46.36349725323821,50,6.556788661457721,12.851305776457131,offered
5,14,9,5,0.5,2,18245.34,123.2186723856815,50,17.425751762543793,34.15447345458583,offered
5,14,9,5,0.7,1,2342.84,47.74437032739238,50,6.7520736043961875,13.234064264616528,offered
5,14,9,5,0.7,2,18247.1,155.15486009869213,50,21.942210741967056,43.00673305425543,offered
5,14,9,9,0.3,1,2342.54,49.448059741964585,50,6.993011672012136,13.706302877143786,offered
5,14,9,9,0.3,2,18275.96,119.65800927507263,50,16.92219795633733,33.16750799442117,offered
5,14,9,9,0.5,1,2336.48,49.377033412016814,50,6.982967032102364,13.686615382920634,offered
5,14,9,9,0.5,2,18267.96,138.76701366546956,50,19.624619273571966,38.464253776201055,offered
5,14,9,9,0.7,1,2344.62,55.83755228247345,50,7.896622372759072,15.47737985060778,offered
5,14,9,9,0.7,2,18256.32,122.52170819733041,50,17.32718614177835,33.961284837885565,offered
5,14,12,12,0.3,1,2333.68,48.96789452158986,50,6.925106055328756,13.573207868444362,offered
5,14,12,12,0.3,2,18253.94,137.82396491946753,50,19.491252040914464,38.202854000192346,offered
5,14,12,12,0.5,1,2333.68,48.96789452158986,50,6.925106055328756,13.573207868444362,offered
5,14,12,12,0.5,2,18253.94,137.82396491946753,50,19.491252040914464,38.202854000192346,offered
5,14,12,12,0.7,1,2333.68,48.96789452158986,50,6.925106055328756,13.573207868444362,offered
5,14,12,12,0.7,2,18253.94,137.82396491946753,50,19.491252040914464,38.202854000192346,offered
7,2,5,9,0.3,1,18215.54,140.06517579108603,50,19.808207121992556,38.82408595910541,offered
7,2,5,9,0.3,2,589.26,24.688103389681274,50,3.4914250642956435,6.843193126019461,offered
7,2,5,9,0.5,1,18288.46,116.57234068270554,50,16.48581851910591,32.31220429744758,offered
7,2,5,9,0.5,2,581.58,23.749620834782167,50,3.358703588576757,6.583059033610444,offered
7,2,5,9,0.7,1,18240.76,148.20498215206507,50,20.95934957707129,41.08032517105973,offered
7,2,5,9,0.7,2,585.8,26.036865543819573,50,3.682168837375437,7.217050921255856,offered
7,2,5,12,0.3,1,18215.54,140.06517579108603,50,19.808207121992556,38.82408595910541,offered
7,2,5,12,0.3,2,589.26,24.688103389681274,50,3.4914250642956435,6.843193126019461,offered
7,2,5,12,0.5,1,18288.46,116.57234068270554,50,16.48581851910591,32.31220429744758,offered
7,2,5,12,0.5,2,581.58,23.749620834782167,50,3.358703588576757,6.583059033610444,offered
7,2,5,12,0.7,1,18240.76,148.20498215206507,50,20.95934957707129,41.08032517105973,offered
7,2,5,12,0.7,2,585.8,26.036865543819573,50,3.682168837375437,7.217050921255856,offered
7,2,9,5,0.3,1,16811.08,83.06153116325041,50,11.746674388254421,23.023481800978665,offered
7,2,9,5,0.3,2,578.6,26.305892875931814,50,3.720215047547655,7.2916214931934045,offered
7,2,9,5,0.5,1,16811.08,83.06153116325041,50,11.746674388254421,23.023481800978665,offered
7,2,9,5,0.5,2,578.6,26.305892875931814,50,3.720215047547655,7.2916214931934045,offered
7,2,9,5,0.7,1,16811.08,83.06153116325041,50,11.746674388254421,23.023481800978665,offered
7,2,9,5,0.7,2,578.6,26.305892875931814,50,3.720215047547655,7.2916214931934045,offered
7,2,9,9,0.3,1,16811.08,83.06153116325041,50,11.746674388254421,23.023481800978665,offered
7,2,9,9,0.3,2,578.6,26.305892875931814,50,3.720215047547655,7.2916214931934045,offered
7,2,9,9,0.5,1,16811.08,83.06153116325041,50,11.746674388254421,23.023481800978665,offered
7,2,9,9,0.5,2,578.6,26.305892875931814,50,3.720215047547655,7.2916214931934045,offered
7,2,9,9,0.7,1,16811.08,83.06153116325041,50,11.746674388254421,23.023481800978665,offered
7,2,9,9,0.7,2,578.6,26.305892875931814,50,3.720215047547655,7.2916214931934045,offered
7,2,12,12,0.3,1,16811.08,83.06153116325041,50,11.746674388254421,23.023481800978665,offered
7,2,12,12,0.3,2,578.6,26.305892875931814,50,3.720215047547655,7.2916214931934045,offered
7,2,12,12,0.5,1,16811.08,83.06153116325041,50,11.746674388254421,23.023481800978665,offered
7,2,12,12,0.5,2,578.6,26.305892875931814,50,3.720215047547655,7.2916214931934045,offered
7,2,12,12,0.7,1,16811.08,83.06153116325041,50,11.746674388254421,23.023481800978665,offered
7,2,12,12,0.7,2,578.6,26.305892875931814,50,3.720215047547655,7.2916214931934045,offered
7,5,5,9,0.3,1,18156.34,128.76820021944522,50,18.210573515271356,35.69272408993186,offered
7,5,5,9,0.3,2,2337.52,50.21839649907972,50,7.101953740962808,13.919829332287105,offered
7,5,5,9,0.5,1,18231.78,126.54889996216004,50,17.896717062988277,35.07756544345702,offered
7,5,5,9,0.5,2,2338.16,52.51952406641997,50,7.427382322411128,14.55766935192581,offered
7,5,5,9,0.7,1,18251.98,126.9122290307415,50,17.948099552627507,35.178275123149916,offered
7,5,5,9,0.7,2,2344.9,53.24807172900384,50,7.530414520937261,14.759612461037031,offered
7,5,5,12,0.3,1,18156.34,128.76820021944522,50,18.210573515271356,35.69272408993186,offered
7,5,5,12,0.3,2,2337.52,50.21839649907972,50,7.101953740962808,13.919829332287105,offered
7,5,5,12,0.5,1,18231.78,126.54889996216004,50,17.896717062988277,35.07756544345702,offered
7,5,5,12,0.5,2,2338.16,52.51952406641997,50,7.427382322411128,14.55766935192581,offered
7,5,5,12,0.7,1,18251.98,126.9122290307415,50,17.948099552627507,35.178275123149916,offered
7,5,5,12,0.7,2,2344.9,53.24807172900384,50,7.530414520937261,14.759612461037031,offered
7,5,9,5,0.3,1,15163.46,63.09992399490885,50,8.923676829831157,17.490406586469067,offered
7,5,9,5,0.3,2,2330.46,56.584850500133435,50,8.00230630021427,15.68452034841997,offered
7,5,9,5,0.5,1,15163.46,63.09992399490885,50,8.923676829831157,17.490406586469067,offered
7,5,9,5,0.5,2,2330.46,56.584850500133435,50,8.00230630021427,15.68452034841997,offered
7,5,9,5,0.7,1,15163.46,63.09992399490885,50,8.923676829831157,17.490406586469067,offered
7,5,9,5,0.7,2,2330.46,56.584850500133435,50,8.00230630021427,15.68452034841997,offered
7,5,9,9,0.3,1,15163.46,63.09992399490885,50,8.923676829831157,17.490406586469067,offered
7,5,9,9,0.3,2,2330.46,56.584850500133435,50,8.00230630021427,15.68452034841997,offered
7,5,9,9,0.5,1,15163.46,63.09992399490885,50,8.923676829831157,17.490406586469067,offered
7,5,9,9,0.5,2,2330.46,56.584850500133435,50,8.00230630021427,15.68452034841997,offered
7,5,9,9,0.7,1,15163.46,63.09992399490885,50,8.923676829831157,17.490406586469067,offered
7,5,9,9,0.7,2,2330.46,56.584850500133435,50,8.00230630021427,15.68452034841997,offered
7,5,12,12,0.3,1,15163.46,63.09992399490885,50,8.923676829831157,17.490406586469067,offered
7,5,12,12,0.3,2,2330.46,56.584850500133435,50,8.00230630021427,15.68452034841997,offered
7,5,12,12,0.5,1,15163.46,63.09992399490885,50,8.923676829831157,17.490406586469067,offered
7,5,12,12,0.5,2,2330.46,56.584850500133435,50,8.00230630021427,15.68452034841997,offered
7,5,12,12,0.7,1,15163.46,63.09992399490885,50,8.923676829831157,17.490406586469067,offered
7,5,12,12,0.7,2,2330.46,56.584850500133435,50,8.00230630021427,15.68452034841997,offered
7,7,5,9,0.3,1,9769.8,113.63906341876394,50,16.070990470219222,31.499141321629676,offered
7,7,5,9,0.3,2,9793.24,65.69333827624787,50,9.29044099478333,18.209264349775324,offered
7,7,5,9,0.5,1,10699.3,109.70038044322253,50,15.513976582029354,30.407394100777534,offered
7,7,5,9,0.5,2,10705.02,70.45696037515471,50,9.964118892612753,19.529673029520996,offered
7,7,5,9,0.7,1,11920.88,121.5790059750348,50,17.193867914973378,33.69998111334782,offered
7,7,5,9,0.7,2,11909.78,65.82174133713755,50,9.308599929799371,18.244855862406766,offered
7,7,5,12,0.3,1,9769.8,113.63906341876394,50,16.070990470219222,31.499141321629676,offered
7,7,5,12,0.3,2,9793.24,65.69333827624787,50,9.29044099478333,18.209264349775324,offered
7,7,5,12,0.5,1,10699.3,109.70038044322253,50,15.513976582029354,30.407394100777534,offered
7,7,5,12,0.5,2,10705.02,70.45696037515471,50,9.964118892612753,19.529673029520996,offered
7,7,5,12,0.7,1,11920.88,121.5790059750348,50,17.193867914973378,33.69998111334782,offered
7,7,5,12,0.7,2,11909.78,65.82174133713755,50,9.308599929799371,18.244855862406766,offered
7,7,9,5,0.3,1,9779.8,89.72156476384862,50,12.688545372637071,24.86954893036866,offered
7,7,9,5,0.3,2,9783.2,93.90507582290832,50,13.280183180443077,26.029159033668428,offered
7,7,9,5,0.5,1,10695.54,74.63850568314106,50,10.555478701235941,20.688738254422443,offered
7,7,9,5,0.5,2,10699.8,93.46329629914653,50,13.217706121034812,25.90670399722823,offered
7,7,9,5,0.7,1,11914.02,72.93147188859366,50,10.314067666868128,20.21557262706153,offered
7,7,9,5,0.7,2,11883.76,141.0068112408989,50,19.941374484386223,39.085093989396995,offered
7,7,9,9,0.3,1,8748.02,70.18502951019512,50,9.925662060887385,19.454297639339273,offered
7,7,9,9,0.3,2,8757.46,86.11103652984882,50,12.177939573051722,23.868761563181373,offered
7,7,9,9,0.5,1,8748.02,70.18502951019512,50,9.925662060887385,19.454297639339273,offered
7,7,9,9,0.5,2,8757.46,86.11103652984882,50,12.177939573051722,23.868761563181373,offered
7,7,9,9,0.7,1,8748.02,70.18502951019512,50,9.925662060887385,19.454297639339273,offered
7,7,9,9,0.7,2,8757.46,86.11103652984882,50,12.177939573051722,23.868761563181373,offered
7,7,12,12,0.3,1,8748.02,70.18502951019512,50,9.925662060887385,19.454297639339273,offered
7,7,12,12,0.3,2,8757.46,86.11103652984882,50,12.177939573051722,23.868761563181373,offered
7,7,12,12,0.5,1,8748.02,70.18502951019512,50,9.925662060887385,19.454297639339273,offered
7,7,12,12,0.5,2,8757.46,86.11103652984882,50,12.177939573051722,23.868761563181373,offered
7,7,12,12,0.7,1,8748.02,70.18502951019512,50,9.925662060887385,19.454297639339273,offered
7,7,12,12,0.7,2,8757.46,86.11103652984882,50,12.177939573051722,23.868761563181373,offered
7,10,5,9,0.3,1,3600.6,65.04441182918083,50,9.19866893654085,18.029391115620065,offered
7,10,5,9,0.3,2,17401.18,77.97767603092252,50,11.027708700526604,21.614309053032144,offered
7,10,5,9,0.5,1,3685.22,53.5503920601513,50,7.573169072186247,14.843411381485044,offered
7,10,5,9,0.5,2,17481.36,90.96259827926086,50,12.864054015522626,25.213545870424348,offered
7,10,5,9,0.7,1,3819.58,79.98267414425028,50,11.311258252966663,22.17006617581466,offered
7,10,5,9,0.7,2,17549.78,72.58078960997935,50,10.264473703418101,20.11836845869948,offered
7,10,5,12,0.3,1,3600.6,65.04441182918083,50,9.19866893654085,18.029391115620065,offered
7,10,5,12,0.3,2,17401.18,77.97767603092252,50,11.027708700526604,21.614309053032144,offered
7,10,5,12,0.5,1,3685.22,53.5503920601513,50,7.573169072186247,14.843411381485044,offered
7,10,5,12,0.5,2,17481.36,90.96259827926086,50,12.864054015522626,25.213545870424348,offered
7,10,5,12,0.7,1,3819.58,79.98267414425028,50,11.311258252966663,22.17006617581466,offered
7,10,5,12,0.7,2,17549.78,72.58078960997935,50,10.264473703418101,20.11836845869948,offered
7,10,9,5,0.3,1,4803.78,120.82932641726096,50,17.087847215169614,33.492180541732445,offered
7,10,9,5,0.3,2,18286.02,136.7730863249683,50,19.342635364839627,37.91156531508567,offered
7,10,9,5,0.5,1,7470.88,100.82853499574264,50,14.259308166518949,27.948244006377138,offered
7,10,9,5,0.5,2,18252.16,131.44337804793926,50,18.588900791952966,36.434245552227814,offered
7,10,9,5,0.7,1,10237.38,99.58892857078801,50,14.084001344701381,27.604642635614706,offered
7,10,9,5,0.7,2,18248.12,141.1842969819441,50,19.966474758597617,39.13429052685133,offered
7,10,9,9,0.3,1,3500.28,48.10873737945005,50,6.803602887066373,13.33506165865009,offered
7,10,9,9,0.3,2,17334.56,78.10123205801246,50,11.045182161448956,21.648557036439954,offered
7,10,9,9,0.5,1,3500.28,48.10873737945005,50,6.803602887066373,13.33506165865009,offered
7,10,9,9,0.5,2,17334.56,78.10123205801246,50,11.045182161448956,21.648557036439954,offered
7,10,9,9,0.7,1,3500.28,48.10873737945005,50,6.803602887066373,13.33506165865009,offered
7,10,9,9,0.7,2,17334.56,78.10123205801246,50,11.045182161448956,21.648557036439954,offered
7,10,12,12,0.3,1,3500.28,48.10873737945005,50,6.803602887066373,13.33506165865009,offered
7,10,12,12,0.3,2,17334.56,78.10123205801246,50,11.045182161448956,21.648557036439954,offered
7,10,12,12,0.5,1,3500.28,48.10873737945005,50,6.803602887066373,13.33506165865009,offered
7,10,12,12,0.5,2,17334.56,78.10123205801246,50,11.045182161448956,21.648557036439954,offered
7,10,12,12,0.7,1,3500.28,48.10873737945005,50,6.803602887066373,13.33506165865009,offered
7,10,12,12,0.7,2,17334.56,78.10123205801246,50,11.045182161448956,21.648557036439954,offered
7,14,5,9,0.3,1,3610.04,65.50088330920205,50,9.263223752329104,18.155918554565044,offered
7,14,5,9,0.3,2,18275.24,128.71699061689392,50,18.20333138382618,35.678529512299306,offered
7,14,5,9,0.5,1,3694.32,68.58197537938652,50,9.69895597158661,19.009953704309755,offered
7,14,5,9,0.5,2,18270.84,147.1925519411192,50,20.8161703235437,40.79969383414566,offered
7,14,5,9,0.7,1,3818.28,67.600579637655,50,9.560165654785418,18.73792468337942,offered
7,14,5,9,0.7,2,18231.6,157.75038406758108,50,22.309273261793777,43.726175593115805,offered
7,14,5,12,0.3,1,3604.4,60.26675395815726,50,8.52300608078284,16.705091918334368,offered
7,14,5,12,0.3,2,18273.24,159.79253896913983,50,22.598077577618884,44.29223205213301,offered
7,14,5,12,0.5,1,3707.18,68.26858422317495,50,9.654635769242391,18.923086107715086,offered
7,14,5,12,0.5,2,18259.54,122.30944529415272,50,17.29716763413209,33.9024485628989,offered
7,14,5,12,0.7,1,3811.9,67.50064247615637,50,9.546032405867775,18.71022351550084,offered
7,14,5,12,0.7,2,18226.92,115.31462551273741,50,16.307950734008777,31.963583438657203,offered
7,14,9,5,0.3,1,4803.78,120.82932641726096,50,17.087847215169614,33.492180541732445,offered
7,14,9,5,0.3,2,18286.02,136.7730863249683,50,19.342635364839627,37.91156531508567,offered
7,14,9,5,0.5,1,7470.88,100.82853499574264,50,14.259308166518949,27.948244006377138,offered
7,14,9,5,0.5,2,18252.16,131.44337804793926,50,18.588900791952966,36.434245552227814,offered
7,14,9,5,0.7,1,10237.38,99.58892857078801,50,14.084001344701381,27.604642635614706,offered
7,14,9,5,0.7,2,18248.12,141.1842969819441,50,19.966474758597617,39.13429052685133,offered
7,14,9,9,0.3,1,3500.0,59.09521890947849,50,8.357326005319146,16.380358970425526,offered
7,14,9,9,0.3,2,18258.66,117.3241819637769,50,16.592144932750212,32.520604068190416,offered
7,14,9,9,0.5,1,3494.42,55.072527319037384,50,7.788431504874545,15.265325749554108,offered
7,14,9,9,0.5,2,18270.14,118.9829365231566,50,16.82672825220251,32.98038737431692,offered
7,14,9,9,0.7,1,3501.04,63.10081341045635,50,8.923802612184144,17.49065311988092,offered
7,14,9,9,0.7,2,18239.92,137.4438423354005,50,19.437494589539273,38.09748939549698,offered
7,14,12,12,0.3,1,3486.98,57.026485074919336,50,8.06476286074178,15.806935207053888,offered
7,14,12,12,0.3,2,18248.94,114.12352956336383,50,16.1395043294396,31.633428485701614,offered
7,14,12,12,0.5,1,3486.98,57.026485074919336,50,8.06476286074178,15.806935207053888,offered
7,14,12,12,0.5,2,18248.94,114.12352956336383,50,16.1395043294396,31.633428485701614,offered
7,14,12,12,0.7,1,3486.98,57.026485074919336,50,8.06476286074178,15.806935207053888,offered
7,14,12,12,0.7,2,18248.94,114.12352956336383,50,16.1395043294396,31.633428485701614,offered
10,2,5,9,0.3,1,18247.74,115.57642758038911,50,16.34497513748181,32.03615126946435,offered
10,2,5,9,0.3,2,584.32,24.775267456700018,50,3.503751924868594,6.867353772742444,offered
10,2,5,9,0.5,1,18288.46,116.57234068270554,50,16.48581851910591,32.31220429744758,offered
10,2,5,9,0.5,2,581.58,23.749620834782167,50,3.358703588576757,6.583059033610444,offered
10,2,5,9,0.7,1,18240.76,148.20498215206507,50,20.95934957707129,41.08032517105973,offered
10,2,5,9,0.7,2,585.8,26.036865543819573,50,3.682168837375437,7.217050921255856,offered
10,2,5,12,0.3,1,18247.74,115.57642758038911,50,16.34497513748181,32.03615126946435,offered
10,2,5,12,0.3,2,584.32,24.775267456700018,50,3.503751924868594,6.867353772742444,offered
10,2,5,12,0.5,1,18288.46,116.57234068270554,50,16.48581851910591,32.31220429744758,offered
10,2,5,12,0.5,2,581.58,23.749620834782167,50,3.358703588576757,6.583059033610444,offered
10,2,5,12,0.7,1,18240.76,148.20498215206507,50,20.95934957707129,41.08032517105973,offered
10,2,5,12,0.7,2,585.8,26.036865543819573,50,3.682168837375437,7.217050921255856,offered
10,2,9,5,0.3,1,18228.06,111.84033991656668,50,15.816612553042562,31.00056060396342,offered
10,2,9,5,0.3,2,580.06,27.105545783933206,50,3.8333030463163205,7.513273970779988,offered
10,2,9,5,0.5,1,18228.06,111.84033991656668,50,15.816612553042562,31.00056060396342,offered
10,2,9,5,0.5,2,580.06,27.105545783933206,50,3.8333030463163205,7.513273970779988,offered
10,2,9,5,0.7,1,18228.06,111.84033991656668,50,15.816612553042562,31.00056060396342,offered
10,2,9,5,0.7,2,580.06,27.105545783933206,50,3.8333030463163205,7.513273970779988,offered
10,2,9,9,0.3,1,18228.06,111.84033991656668,50,15.816612553042562,31.00056060396342,offered
10,2,9,9,0.3,2,580.06,27.105545783933206,50,3.8333030463163205,7.513273970779988,offered
10,2,9,9,0.5,1,18228.06,111.84033991656668,50,15.816612553042562,31.00056060396342,offered
10,2,9,9,0.5,2,580.06,27.105545783933206,50,3.8333030463163205,7.513273970779988,offered
10,2,9,9,0.7,1,18228.06,111.84033991656668,50,15.816612553042562,31.00056060396342,offered
10,2,9,9,0.7,2,580.06,27.105545783933206,50,3.8333030463163205,7.513273970779988,offered
10,2,12,12,0.3,1,18228.06,111.84033991656668,50,15.816612553042562,31.00056060396342,offered
10,2,12,12,0.3,2,580.06,27.105545783933206,50,3.8333030463163205,7.513273970779988,offered
10,2,12,12,0.5,1,18228.06,111.84033991656668,50,15.816612553042562,31.00056060396342,offered
10,2,12,12,0.5,2,580.06,27.105545783933206,50,3.8333030463163205,7.513273970779988,offered
10,2,12,12,0.7,1,18228.06,111.84033991656668,50,15.816612553042562,31.00056060396342,offered
10,2,12,12,0.7,2,580.06,27.105545783933206,50,3.8333030463163205,7.513273970779988,offered
10,5,5,9,0.3,1,18258.72,137.66404537044218,50,19.46863600140244,38.15852656274878,offered
10,5,5,9,0.3,2,2337.38,45.03463066556302,50,6.368858546370251,12.482962750885692,offered
10,5,5,9,0.5,1,18232.36,126.11053784320352,50,17.834723297602384,34.95605766330067,offered
10,5,5,9,0.5,2,2337.72,52.52755933598973,50,7.428518681131416,14.559896615017575,offered
10,5,5,9,0.7,1,18251.98,126.9122290307415,50,17.948099552627507,35.178275123149916,offered
10,5,5,9,0.7,2,2344.9,53.24807172900384,50,7.530414520937261,14.759612461037031,offered
10,5,5,12,0.3,1,18258.72,137.66404537044218,50,19.46863600140244,38.15852656274878,offered
10,5,5,12,0.3,2,2337.38,45.03463066556302,50,6.368858546370251,12.482962750885692,offered
10,5,5,12,0.5,1,18232.36,126.11053784320352,50,17.834723297602384,34.95605766330067,offered
10,5,5,12,0.5,2,2337.72,52.52755933598973,50,7.428518681131416,14.559896615017575,offered
10,5,5,12,0.7,1,18251.98,126.9122290307415,50,17.948099552627507,35.178275123149916,offered
10,5,5,12,0.7,2,2344.9,53.24807172900384,50,7.530414520937261,14.759612461037031,offered
10,5,9,5,0.3,1,18037.48,91.60590837374862,50,12.955031801566237,25.391862331069824,offered
10,5,9,5,0.3,2,2329.42,46.3540456812607,50,6.5554520073300875,12.848685934366971,offered
10,5,9,5,0.5,1,18037.48,91.60590837374862,50,12.955031801566237,25.391862331069824,offered
10,5,9,5,0.5,2,2329.42,46.3540456812607,50,6.5554520073300875,12.848685934366971,offered
10,5,9,5,0.7,1,18037.48,91.60590837374862,50,12.955031801566237,25.391862331069824,offered
10,5,9,5,0.7,2,2329.42,46.3540456812607,50,6.5554520073300875,12.848685934366971,offered
10,5,9,9,0.3,1,18037.48,91.60590837374862,50,12.955031801566237,25.391862331069824,offered
10,5,9,9,0.3,2,2329.42,46.3540456812607,50,6.5554520073300875,12.848685934366971,offered
10,5,9,9,0.5,1,18037.48,91.60590837374862,50,12.955031801566237,25.391862331069824,offered
10,5,9,9,0.5,2,2329.42,46.3540456812607,50,6.5554520073300875,12.848685934366971,offered
10,5,9,9,0.7,1,18037.48,91.60590837374862,50,12.955031801566237,25.391862331069824,offered
10,5,9,9,0.7,2,2329.42,46.3540456812607,50,6.5554520073300875,12.848685934366971,offered
10,5,12,12,0.3,1,18037.48,91.60590837374862,50,12.955031801566237,25.391862331069824,offered
10,5,12,12,0.3,2,2329.42,46.3540456812607,50,6.5554520073300875,12.848685934366971,offered
10,5,12,12,0.5,1,18037.48,91.60590837374862,50,12.955031801566237,25.391862331069824,offered
10,5,12,12,0.5,2,2329.42,46.3540456812607,50,6.5554520073300875,12.848685934366971,offered
10,5,12,12,0.7,1,18037.48,91.60590837374862,50,12.955031801566237,25.391862331069824,offered
10,5,12,12,0.7,2,2329.42,46.3540456812607,50,6.5554520073300875,12.848685934366971,offered
10,7,5,9,0.3,1,18275.62,128.20628944424416,50,18.131107331358066,35.53697036946181,offered
10,7,5,9,0.3,2,4782.28,101.09180309531138,50,14.296539898213977,28.021218200499394,offered
10,7,5,9,0.5,1,18242.14,132.94912484073893,50,18.801845545540676,36.85161726925973,offered
10,7,5,9,0.5,2,7454.16,121.7473731016109,50,17.217678622359546,33.74665009982471,offered
10,7,5,9,0.7,1,18265.2,140.36686625716527,50,19.850872596869348,38.90771028986392,offered
10,7,5,9,0.7,2,10206.42,89.76456507362553,50,12.694626534764346,24.881468008138118,offered
10,7,5,12,0.3,1,18275.62,128.20628944424416,50,18.131107331358066,35.53697036946181,offered
10,7,5,12,0.3,2,4782.28,101.09180309531138,50,14.296539898213977,28.021218200499394,offered
10,7,5,12,0.5,1,18242.14,132.94912484073893,50,18.801845545540676,36.85161726925973,offered
10,7,5,12,0.5,2,7454.16,121.7473731016109,50,17.217678622359546,33.74665009982471,offered
10,7,5,12,0.7,1,18265.2,140.36686625716527,50,19.850872596869348,38.90771028986392,offered
10,7,5,12,0.7,2,10206.42,89.76456507362553,50,12.694626534764346,24.881468008138118,offered
10,7,9,5,0.3,1,17395.4,76.33599199243726,50,10.795539517290875,21.159257453890113,offered
10,7,9,5,0.3,2,3613.16,60.52098978108032,50,8.558960455664728,16.775562493102868,offered
10,7,9,5,0.5,1,17480.4,68.57470230280532,50,9.697927403232478,19.007937710335657,offered
10,7,9,5,0.5,2,3690.1,63.0954088048005,50,8.923038285522367,17.48915503962384,offered
10,7,9,5,0.7,1,17561.66,81.51063784336809,50,11.527344951577279,22.593596105091464,offered
10,7,9,5,0.7,2,3816.68,67.94729049575331,50,9.609197974559882,18.834028030137368,offered
10,7,9,9,0.3,1,17320.22,76.2860593892671,50,10.788477980830091,21.14541684242698,offered
10,7,9,9,0.3,2,3500.28,62.081920862350835,50,8.779709446170974,17.20823051449511,offered
10,7,9,9,0.5,1,17320.22,76.2860593892671,50,10.788477980830091,21.14541684242698,offered
10,7,9,9,0.5,2,3500.28,62.081920862350835,50,8.779709446170974,17.20823051449511,offered
10,7,9,9,0.7,1,17320.22,76.2860593892671,50,10.788477980830091,21.14541684242698,offered
10,7,9,9,0.7,2,3500.28,62.081920862350835,50,8.779709446170974,17.20823051449511,offered
10,7,12,12,0.3,1,17320.22,76.2860593892671,50,10.788477980830091,21.14541684242698,offered
10,7,12,12,0.3,2,3500.28,62.081920862350835,50,8.779709446170974,17.20823051449511,offered
10,7,12,12,0.5,1,17320.22,76.2860593892671,50,10.788477980830091,21.14541684242698,offered
10,7,12,12,0.5,2,3500.28,62.081920862350835,50,8.779709446170974,17.20823051449511,offered
10,7,12,12,0.7,1,17320.22,76.2860593892671,50,10.788477980830091,21.14541684242698,offered
10,7,12,12,0.7,2,3500.28,62.081920862350835,50,8.779709446170974,17.20823051449511,offered
10,10,5,9,0.3,1,11846.5,113.65365397216428,50,16.07305388606935,31.503185616695923,offered
10,10,5,9,0.3,2,11859.34,85.5411608763968,50,12.097346985253914,23.71080009109767,offered
10,10,5,9,0.5,1,13023.76,129.54954296188234,50,18.321072065592993,35.909301248562265,offered
10,10,5,9,0.5,2,13044.92,98.25266055493078,50,13.895024509602314,27.234248038820535,offered
10,10,5,9,0.7,1,14594.88,147.8942865698333,50,20.91541058645513,40.99420474945206,offered
10,10,5,9,0.7,2,14584.62,104.24458875986956,50,14.742411122821343,28.895125800729833,offered
10,10,5,12,0.3,1,11846.5,113.65365397216428,50,16.07305388606935,31.503185616695923,offered
10,10,5,12,0.3,2,11859.34,85.5411608763968,50,12.097346985253914,23.71080009109767,offered
10,10,5,12,0.5,1,13023.76,129.54954296188234,50,18.321072065592993,35.909301248562265,offered
10,10,5,12,0.5,2,13044.92,98.25266055493078,50,13.895024509602314,27.234248038820535,offered
10,10,5,12,0.7,1,14594.88,147.8942865698333,50,20.91541058645513,40.99420474945206,offered
10,10,5,12,0.7,2,14584.62,104.24458875986956,50,14.742411122821343,28.895125800729833,offered
10,10,9,5,0.3,1,11862.36,79.96983104615774,50,11.309441964616127,22.166506250647608,offered
10,10,9,5,0.3,2,11824.38,98.57347616920912,50,13.94039468887566,27.323173590196294,offered
10,10,9,5,0.5,1,13059.8,78.43130362141795,50,11.09186132960113,21.740048206018216,offered
10,10,9,5,0.5,2,13027.38,131.83197252408794,50,18.643856349796238,36.54195844560063,offered
10,10,9,5,0.7,1,14587.04,73.65611215060756,50,10.416547275506291,20.41643265999233,offered
10,10,9,5,0.7,2,14621.16,158.02148652661663,50,22.347612939229855,43.80132136089051,offered
10,10,9,9,0.3,1,10518.48,88.92056533094879,50,12.57526694649106,24.64752321512248,offered
10,10,9,9,0.3,2,10511.22,89.14979139696543,50,12.607684407632076,24.71106143895887,offered
10,10,9,9,0.5,1,10518.48,88.92056533094879,50,12.57526694649106,24.64752321512248,offered
10,10,9,9,0.5,2,10511.22,89.14979139696543,50,12.607684407632076,24.71106143895887,offered
10,10,9,9,0.7,1,10518.48,88.92056533094879,50,12.57526694649106,24.64752321512248,offered
10,10,9,9,0.7,2,10511.22,89.14979139696543,50,12.607684407632076,24.71106143895887,offered
10,10,12,12,0.3,1,10518.48,88.92056533094879,50,12.57526694649106,24.64752321512248,offered
10,10,12,12,0.3,2,10511.22,89.14979139696543,50,12.607684407632076,24.71106143895887,offered
10,10,12,12,0.5,1,10518.48,88.92056533094879,50,12.57526694649106,24.64752321512248,offered
10,10,12,12,0.5,2,10511.22,89.14979139696543,50,12.607684407632076,24.71106143895887,offered
10,10,12,12,0.7,1,10518.48,88.92056533094879,50,12.57526694649106,24.64752321512248,offered
10,10,12,12,0.7,2,10511.22,89.14979139696543,50,12.607684407632076,24.71106143895887,offered
10,14,5,9,0.3,1,8078.2,106.73541576998625,50,15.094667256744568,29.585547823219354,offered
10,14,5,9,0.3,2,18245.44,126.2954359541826,50,17.860871839222764,35.007308804876615,offered
10,14,5,9,0.5,1,10812.96,144.34793000926294,50,20.413880031958193,40.01120486263806,offered
10,14,5,9,0.5,2,18230.2,129.56552199484193,50,18.3233318421055,35.91373041052678,offered
10,14,5,9,0.7,1,13592.54,135.28084317674916,50,19.13160031498264,37.49793661736598,offered
10,14,5,9,0.7,2,18289.02,131.3154000325724,50,18.570801967451224,36.3987718562044,offered
10,14,5,12,0.3,1,5724.86,93.45587412337035,50,13.216656466870313,25.904646675065813,offered
10,14,5,12,0.3,2,18215.12,147.6260637349573,50,20.877478149373154,40.91985717277138,offered
10,14,5,12,0.5,1,6184.52,137.0167932505102,50,19.377100728774188,37.97911742839741,offered
10,14,5,12,0.5,2,18266.2,165.36477921275016,50,23.386111350150372,45.83677824629473,offered
10,14,5,12,0.7,1,7167.26,254.3520627727141,50,35.97081367907451,70.50279481098603,offered
10,14,5,12,0.7,2,18242.28,121.00093438667777,50,17.11211624694567,33.53974784401351,offered
10,14,9,5,0.3,1,8067.6,149.6206086427007,50,21.15954939530244,41.47271681479278,offered
10,14,9,5,0.3,2,18265.26,138.90737039847983,50,19.644468713111316,38.50315867769818,offered
10,14,9,5,0.5,1,10825.84,113.76781941609799,50,16.08919931798589,31.534830663252347,offered
10,14,9,5,0.5,2,18215.86,117.7493030439969,50,16.652266132479998,32.638441619660796,offered
10,14,9,5,0.7,1,13640.54,116.71668296191694,50,16.50623159999437,32.352213935988964,offered
10,14,9,5,0.7,2,18236.76,126.92397853254722,50,17.949761183107984,35.18153191889165,offered
10,14,9,9,0.3,1,6967.6,120.024317264019,50,16.974001728934688,33.269043388711985,offered
10,14,9,9,0.3,2,18233.3,142.46478261561464,50,20.147562773553695,39.48922303616524,offered
10,14,9,9,0.5,1,8257.94,113.86017382594066,50,16.102260203880338,31.56042999960546,offered
10,14,9,9,0.5,2,18254.6,119.31693346815814,50,16.87396255314375,33.07296660416175,offered
10,14,9,9,0.7,1,9286.96,90.96578410342563,50,12.864504559096742,25.214428935829616,offered
10,14,9,9,0.7,2,18234.0,147.61450069802297,50,20.87584288900768,40.91665206245505,offered
10,14,12,12,0.3,1,5281.22,77.3189234170222,50,10.934547012443948,21.43171214439014,offered
10,14,12,12,0.3,2,18203.3,142.14425699238905,50,20.102233605208323,39.40037786620831,offered
10,14,12,12,0.5,1,5257.88,72.07157440166458,50,10.192459798041563,19.977221204161463,offered
10,14,12,12,0.5,2,18212.56,134.58403944550528,50,19.033057386278916,37.30479247710667,offered
10,14,12,12,0.7,1,5277.26,75.64870744947007,50,10.698342805103515,20.96875189800289,offered
10,14,12,12,0.7,2,18224.8,131.50867124355298,50,18.598134644229727,36.45234390269027,offered
14,2,5,9,0.3,1,18247.74,115.57642758038911,50,16.34497513748181,32.03615126946435,offered
14,2,5,9,0.3,2,584.32,24.775267456700018,50,3.503751924868594,6.867353772742444,offered
14,2,5,9,0.5,1,18288.46,116.57234068270554,50,16.48581851910591,32.31220429744758,offered
14,2,5,9,0.5,2,581.58,23.749620834782167,50,3.358703588576757,6.583059033610444,offered
14,2,5,9,0.7,1,18240.76,148.20498215206507,50,20.95934957707129,41.08032517105973,offered
14,2,5,9,0.7,2,585.8,26.036865543819573,50,3.682168837375437,7.217050921255856,offered
14,2,5,12,0.3,1,18247.74,115.57642758038911,50,16.34497513748181,32.03615126946435,offered
14,2,5,12,0.3,2,584.32,24.775267456700018,50,3.503751924868594,6.867353772742444,offered
14,2,5,12,0.5,1,18288.46,116.57234068270554,50,16.48581851910591,32.31220429744758,offered
14,2,5,12,0.5,2,581.58,23.749620834782167,50,3.358703588576757,6.583059033610444,offered
14,2,5,12,0.7,1,18240.76,148.20498215206507,50,20.95934957707129,41.08032517105973,offered
14,2,5,12,0.7,2,585.8,26.036865543819573,50,3.682168837375437,7.217050921255856,offered
14,2,9,5,0.3,1,18234.88,120.65969010538157,50,17.063857017876536,33.44515975503801,offered
14,2,9,5,0.3,2,580.1,26.385099381805556,50,3.7314165390311382,7.31357641650103,offered
14,2,9,5,0.5,1,18239.16,122.00792212485372,50,17.254525818592853,33.81887060444199,offered
14,2,9,5,0.5,2,580.68,28.915386766161973,50,4.089253212596977,8.014936296690074,offered
14,2,9,5,0.7,1,18229.2,115.2898742389844,50,16.304450375306025,31.956722735599808,offered
14,2,9,5,0.7,2,581.74,28.104622322998164,50,3.9745938054557644,7.790203858693298,offered
14,2,9,9,0.3,1,18234.88,120.65969010538157,50,17.063857017876536,33.44515975503801,offered
14,2,9,9,0.3,2,580.1,26.385099381805556,50,3.7314165390311382,7.31357641650103,offered
14,2,9,9,0.5,1,18239.16,122.00792212485372,50,17.254525818592853,33.81887060444199,offered
14,2,9,9,0.5,2,580.68,28.915386766161973,50,4.089253212596977,8.014936296690074,offered
14,2,9,9,0.7,1,18229.2,115.2898742389844,50,16.304450375306025,31.956722735599808,offered
14,2,9,9,0.7,2,581.74,28.104622322998164,50,3.9745938054557644,7.790203858693298,offered
14,2,12,12,0.3,1,18238.16,126.22273154699097,50,17.850589883353294,34.987156171372455,offered
14,2,12,12,0.3,2,580.12,27.113247007050017,50,3.834392163734186,7.515408640919005,offered
14,2,12,12,0.5,1,18238.16,126.22273154699097,50,17.850589883353294,34.987156171372455,offered
14,2,12,12,0.5,2,580.12,27.113247007050017,50,3.834392163734186,7.515408640919005,offered
14,2,12,12,0.7,1,18238.16,126.22273154699097,50,17.850589883353294,34.987156171372455,offered
14,2,12,12,0.7,2,580.12,27.113247007050017,50,3.834392163734186,7.515408640919005,offered
14,5,5,9,0.3,1,18258.72,137.66404537044218,50,19.46863600140244,38.15852656274878,offered
14,5,5,9,0.3,2,2337.38,45.03463066556302,50,6.368858546370251,12.482962750885692,offered
14,5,5,9,0.5,1,18232.36,126.11053784320352,50,17.834723297602384,34.95605766330067,offered
14,5,5,9,0.5,2,2337.72,52.52755933598973,50,7.428518681131416,14.559896615017575,offered
14,5,5,9,0.7,1,18251.98,126.9122290307415,50,17.948099552627507,35.178275123149916,offered
14,5,5,9,0.7,2,2344.9,53.24807172900384,50,7.530414520937261,14.759612461037031,offered
14,5,5,12,0.3,1,18258.72,137.66404537044218,50,19.46863600140244,38.15852656274878,offered
14,5,5,12,0.3,2,2337.38,45.03463066556302,50,6.368858546370251,12.482962750885692,offered
14,5,5,12,0.5,1,18232.36,126.11053784320352,50,17.834723297602384,34.95605766330067,offered
14,5,5,12,0.5,2,2337.72,52.52755933598973,50,7.428518681131416,14.559896615017575,offered
14,5,5,12,0.7,1,18251.98,126.9122290307415,50,17.948099552627507,35.178275123149916,offered
14,5,5,12,0.7,2,2344.9,53.24807172900384,50,7.530414520937261,14.759612461037031,offered
14,5,9,5,0.3,1,18272.48,129.09531994868289,50,18.25683523103213,35.78339705282298,offered
14,5,9,5,0.3,2,2329.66,46.078730318392005,50,6.516516535320229,12.77237240922765,offered
14,5,9,5,0.5,1,18272.08,124.48651103059939,50,17.605051223198153,34.50590039746838,offered
14,5,9,5,0.5,2,2326.66,50.66239196074016,50,7.164744181314039,14.042898595375517,offered
14,5,9,5,0.7,1,18245.98,138.9121716357914,50,19.645147710603535,38.504489512782925,offered
14,5,9,5,0.7,2,2339.74,44.03422138588612,50,6.227379309245953,12.205663446122069,offered
14,5,9,9,0.3,1,18272.48,129.09531994868289,50,18.25683523103213,35.78339705282298,offered
14,5,9,9,0.3,2,2329.66,46.078730318392005,50,6.516516535320229,12.77237240922765,offered
14,5,9,9,0.5,1,18272.08,124.48651103059939,50,17.605051223198153,34.50590039746838,offered
14,5,9,9,0.5,2,2326.66,50.66239196074016,50,7.164744181314039,14.042898595375517,offered
14,5,9,9,0.7,1,18245.98,138.9121716357914,50,19.645147710603535,38.504489512782925,offered
14,5,9,9,0.7,2,2339.74,44.03422138588612,50,6.227379309245953,12.205663446122069,offered
14,5,12,12,0.3,1,18236.12,115.92250050119243,50,16.393917239298823,32.13207778902569,offered
14,5,12,12,0.3,2,2339.6,54.91514790463337,50,7.766174694645696,15.221702401505564,offered
14,5,12,12,0.5,1,18236.12,115.92250050119243,50,16.393917239298823,32.13207778902569,offered
14,5,12,12,0.5,2,2339.6,54.91514790463337,50,7.766174694645696,15.221702401505564,offered
14,5,12,12,0.7,1,18236.12,115.92250050119243,50,16.393917239298823,32.13207778902569,offered
14,5,12,12,0.7,2,2339.6,54.91514790463337,50,7.766174694645696,15.221702401505564,offered
14,7,5,9,0.3,1,18275.62,128.20628944424416,50,18.131107331358066,35.53697036946181,offered
14,7,5,9,0.3,2,4782.28,101.09180309531138,50,14.296539898213977,28.021218200499394,offered
14,7,5,9,0.5,1,18242.14,132.94912484073893,50,18.801845545540676,36.85161726925973,offered
14,7,5,9,0.5,2,7454.16,121.7473731016109,50,17.217678622359546,33.74665009982471,offered
14,7,5,9,0.7,1,18265.2,140.36686625716527,50,19.850872596869348,38.90771028986392,offered
14,7,5,9,0.7,2,10206.42,89.76456507362553,50,12.694626534764346,24.881468008138118,offered
14,7,5,12,0.3,1,18275.62,128.20628944424416,50,18.131107331358066,35.53697036946181,offered
14,7,5,12,0.3,2,4782.28,101.09180309531138,50,14.296539898213977,28.021218200499394,offered
14,7,5,12,0.5,1,18242.14,132.94912484073893,50,18.801845545540676,36.85161726925973,offered
14,7,5,12,0.5,2,7454.16,121.7473731016109,50,17.217678622359546,33.74665009982471,offered
14,7,5,12,0.7,1,18265.2,140.36686625716527,50,19.850872596869348,38.90771028986392,offered
14,7,5,12,0.7,2,10206.42,89.76456507362553,50,12.694626534764346,24.881468008138118,offered
14,7,9,5,0.3,1,18262.66,140.1631134334105,50,19.822057596196768,38.85123288854567,offered
14,7,9,5,0.3,2,3605.7,57.57027648616833,50,8.141666579630813,15.957666496076394,offered
14,7,9,5,0.5,1,18222.62,165.73520680745574,50,23.43849772298136,45.939455537043465,offered
14,7,9,5,0.5,2,3709.88,55.236279116285836,50,7.811589506127718,15.310715432010328,offered
14,7,9,5,0.7,1,18254.42,119.40961742964362,50,16.88707004467847,33.0986572875698,offered
14,7,9,5,0.7,2,3819.06,71.40154059962565,50,10.097702709032376,19.791497309703455,offered
14,7,9,9,0.3,1,18233.76,156.84680684134568,50,22.18148814499442,43.475716764189066,offered
14,7,9,9,0.3,2,3506.26,54.88905693695758,50,7.7624848746114425,15.214470354238427,offered
14,7,9,9,0.5,1,18260.48,145.78559039681164,50,20.617195913773987,40.409703990997016,offered
14,7,9,9,0.5,2,3511.68,71.59535955775407,50,10.1251128489554,19.84522118395258,offered
14,7,9,9,0.7,1,18252.02,119.55299226361397,50,16.90734630814886,33.138398763971765,offered
14,7,9,9,0.7,2,3505.88,53.0135292705012,50,7.497245208360585,14.694600608386747,offered
14,7,12,12,0.3,1,18240.68,119.86700793728166,50,16.951754830598713,33.22543946797347,offered
14,7,12,12,0.3,2,3494.32,63.25021255106659,50,8.944930841269933,17.53206444888907,offered
14,7,12,12,0.5,1,18240.68,119.86700793728166,50,16.951754830598713,33.22543946797347,offered
14,7,12,12,0.5,2,3494.32,63.25021255106659,50,8.944930841269933,17.53206444888907,offered
14,7,12,12,0.7,1,18240.68,119.86700793728166,50,16.951754830598713,33.22543946797347,offered
14,7,12,12,0.7,2,3494.32,63.25021255106659,50,8.944930841269933,17.53206444888907,offered
14,10,5,9,0.3,1,18268.9,143.72624914704193,50,20.325961081276116,39.83888371930119,offered
14,10,5,9,0.3,2,8063.76,125.97498293919563,50,17.815552939232973,34.91848376089663,offered
14,10,5,9,0.5,1,18240.4,114.0782044682236,50,16.133094393013284,31.620865010306037,offered
14,10,5,9,0.5,2,10809.64,121.04591134384182,50,17.118476949227237,33.55221482048538,offered
14,10,5,9,0.7,1,18265.88,127.36363495992161,50,18.01193799134572,35.30339846303762,offered
14,10,5,9,0.7,2,13613.84,103.81269632548495,50,14.681332309002038,28.775411325643994,offered
14,10,5,12,0.3,1,18268.9,143.72624914704193,50,20.325961081276116,39.83888371930119,offered
14,10,5,12,0.3,2,8063.76,125.97498293919563,50,17.815552939232973,34.91848376089663,offered
14,10,5,12,0.5,1,18240.4,114.0782044682236,50,16.133094393013284,31.620865010306037,offered
14,10,5,12,0.5,2,10809.64,121.04591134384182,50,17.118476949227237,33.55221482048538,offered
14,10,5,12,0.7,1,18265.88,127.36363495992161,50,18.01193799134572,35.30339846303762,offered
14,10,5,12,0.7,2,13613.84,103.81269632548495,50,14.681332309002038,28.775411325643994,offered
14,10,9,5,0.3,1,18241.36,130.5576360330205,50,18.463637954926785,36.1887303916565,offered
14,10,9,5,0.3,2,8067.02,143.3141960013389,50,20.267687966568946,39.72466841447513,offered
14,10,9,5,0.5,1,18222.26,130.08032212476135,50,18.39613557466985,36.056425726352906,offered
14,10,9,5,0.5,2,10845.38,154.4372126563453,50,21.840720067370132,42.80781133204546,offered
14,10,9,5,0.7,1,18247.36,121.20748949715946,50,17.141327550807738,33.59700199958316,offered
14,10,9,5,0.7,2,13641.7,179.26940734035844,50,25.352522717932178,49.69094452714707,offered
14,10,9,9,0.3,1,18240.78,139.04987946629666,50,19.66462253875809,38.54266017596585,offered
14,10,9,9,0.3,2,6952.14,114.40725858234052,50,16.17962967210716,31.712074157330036,offered
14,10,9,9,0.5,1,18247.32,139.91913699690696,50,19.78755411765649,38.78360607060672,offered
14,10,9,9,0.5,2,8266.38,89.53209206873308,50,12.661749887123893,24.81702977876283,offered
14,10,9,9,0.7,1,18242.78,146.39034901834984,50,20.702721698228125,40.577334528527125,offered
14,10,9,9,0.7,2,9304.58,104.09691128355098,50,14.721526373834665,28.854191692715943,offered
14,10,12,12,0.3,1,18250.38,156.4253606976424,50,22.121886659770915,43.35889785315099,offered
14,10,12,12,0.3,2,5262.5,75.33225723149313,50,10.653589986095625,20.881036372747424,offered
14,10,12,12,0.5,1,18259.76,126.0221166206606,50,17.822218648390205,34.9315485508448,offered
14,10,12,12,0.5,2,5256.98,73.25005815975963,50,10.359122569415007,20.303880236053413,offered
14,10,12,12,0.7,1,18231.66,137.1612502546856,50,19.39753003422265,38.01915886707639,offered
14,10,12,12,0.7,2,5262.52,84.14764478254251,50,11.900274049322523,23.324537136672145,offered
14,14,5,9,0.3,1,16447.8,138.77069619501478,50,19.625140061894633,38.46527452131348,offered
14,14,5,9,0.3,2,16470.88,123.34845945118032,50,17.444106425368698,34.19044859372265,offered
14,14,5,9,0.5,1,18277.28,130.77899101077367,50,18.49494227609052,36.25008686113742,offered
14,14,5,9,0.5,2,18270.24,107.77708665650253,50,15.241981766268621,29.874284261886498,offered
14,14,5,9,0.7,1,18213.86,131.6592711261517,50,18.619432683876017,36.49408806039699,offered
14,14,5,9,0.7,2,18269.32,126.04088096117601,50,17.824872326874793,34.936749760674594,offered
14,14,5,12,0.3,1,15988.56,121.55105755128923,50,17.189915410982582,33.692234205525864,offered
14,14,5,12,0.3,2,15985.22,126.84351439020098,50,17.938381834968908,35.159228396539056,offered
14,14,5,12,0.5,1,18173.88,109.17606824552283,50,15.439827639938898,30.26206217428024,offered
14,14,5,12,0.5,2,18109.18,126.56218766653302,50,17.898596228161985,35.08124860719749,offered
14,14,5,12,0.7,1,18265.24,127.07310446176615,50,17.970850774268275,35.22286751756582,offered
14,14,5,12,0.7,2,18258.58,134.32675512665836,50,18.99667188896899,37.23347690237922,offered
14,14,9,5,0.3,1,16437.98,104.19673111720088,50,14.735643030088818,28.881860338974082,offered
14,14,9,5,0.3,2,16443.36,134.1203784604238,50,18.967485820934368,37.17627220903136,offered
14,14,9,5,0.5,1,18230.38,128.35519753673412,50,18.152166115752706,35.578245586875305,offered
14,14,9,5,0.5,2,18262.98,125.56963918764082,50,17.75822867614577,34.806128205245706,offered
14,14,9,5,0.7,1,18243.24,145.31563956450378,50,20.550734829704155,40.27944026622014,offered
14,14,9,5,0.7,2,18266.96,114.09358135373976,50,16.135269013017684,31.62512726551466,offered
14,14,9,9,0.3,1,16058.72,108.57312780625175,50,15.354558985286863,30.09493561116225,offered
14,14,9,9,0.3,2,16083.54,136.7060319944714,50,19.33315245047917,37.89297880293917,offered
14,14,9,9,0.5,1,18285.0,143.74623331356017,50,20.328787269208398,39.84442304764846,offered
14,14,9,9,0.5,2,18258.9,121.68447824146693,50,17.208783945937633,33.72921653403776,offered
14,14,9,9,0.7,1,18260.28,158.03293895868242,50,22.349232557704813,43.80449581310143,offered
14,14,9,9,0.7,2,18242.92,137.65304506739602,50,19.467080323626632,38.155477434308196,offered
14,14,12,12,0.3,1,15314.7,119.33065876986093,50,16.875903603925323,33.076771063693634,offered
14,14,12,12,0.3,2,15291.52,106.56055861838018,50,15.069938721216644,29.53707989358462,offered
14,14,12,12,0.5,1,17697.9,108.90611009638789,50,15.40164979236092,30.187233593027404,offered
14,14,12,12,0.5,2,17690.1,120.65387330233986,50,17.06303439770141,33.44354741949476,offered
14,14,12,12,0.7,1,18226.52,135.44548417600873,50,19.1548840683902,37.54357277404479,offered
14,14,12,12,0.7,2,18228.32,142.16581867664286,50,20.105282887838257,39.40635446016298,offered
2,2,5,9,0.3,1,12413.38,114.55341682430277,50,16.200299568910726,31.752587155065022,no_offer
2,2,5,9,0.3,2,12404.72,107.1556259058071,50,15.154093944057017,29.702024130351752,no_offer
2,2,5,9,0.5,1,12413.38,114.55341682430277,50,16.200299568910726,31.752587155065022,no_offer
2,2,5,9,0.5,2,12404.72,107.1556259058071,50,15.154093944057017,29.702024130351752,no_offer
2,2,5,9,0.7,1,12413.38,114.55341682430277,50,16.200299568910726,31.752587155065022,no_offer
2,2,5,9,0.7,2,12404.72,107.1556259058071,50,15.154093944057017,29.702024130351752,no_offer
2,2,5,12,0.3,1,12413.38,114.55341682430277,50,16.200299568910726,31.752587155065022,no_offer
2,2,5,12,0.3,2,12404.72,107.1556259058071,50,15.154093944057017,29.702024130351752,no_offer
2,2,5,12,0.5,1,12413.38,114.55341682430277,50,16.200299568910726,31.752587155065022,no_offer
2,2,5,12,0.5,2,12404.72,107.1556259058071,50,15.154093944057017,29.702024130351752,no_offer
2,2,5,12,0.7,1,12413.38,114.55341682430277,50,16.200299568910726,31.752587155065022,no_offer
2,2,5,12,0.7,2,12404.72,107.1556259058071,50,15.154093944057017,29.702024130351752,no_offer
2,2,9,5,0.3,1,12413.38,114.55341682430277,50,16.200299568910726,31.752587155065022,no_offer
2,2,9,5,0.3,2,12404.72,107.1556259058071,50,15.154093944057017,29.702024130351752,no_offer
2,2,9,5,0.5,1,12413.38,114.55341682430277,50,16.200299568910726,31.752587155065022,no_offer
2,2,9,5,0.5,2,12404.72,107.1556259058071,50,15.154093944057017,29.702024130351752,no_offer
2,2,9,5,0.7,1,12413.38,114.55341682430277,50,16.200299568910726,31.752587155065022,no_offer
2,2,9,5,0.7,2,12404.72,107.1556259058071,50,15.154093944057017,29.702024130351752,no_offer
2,2,9,9,0.3,1,12413.38,114.55341682430277,50,16.200299568910726,31.752587155065022,no_offer
2,2,9,9,0.3,2,12404.72,107.1556259058071,50,15.154093944057017,29.702024130351752,no_offer
2,2,9,9,0.5,1,12413.38,114.55341682430277,50,16.200299568910726,31.752587155065022,no_offer
2,2,9,9,0.5,2,12404.72,107.1556259058071,50,15.154093944057017,29.702024130351752,no_offer
2,2,9,9,0.7,1,12413.38,114.55341682430277,50,16.200299568910726,31.752587155065022,no_offer
2,2,9,9,0.7,2,12404.72,107.1556259058071,50,15.154093944057017,29.702024130351752,no_offer
2,2,12,12,0.3,1,12413.38,114.55341682430277,50,16.200299568910726,31.752587155065022,no_offer
2,2,12,12,0.3,2,12404.72,107.1556259058071,50,15.154093944057017,29.702024130351752,no_offer
2,2,12,12,0.5,1,12413.38,114.55341682430277,50,16.200299568910726,31.752587155065022,no_offer
2,2,12,12,0.5,2,12404.72,107.1556259058071,50,15.154093944057017,29.702024130351752,no_offer
2,2,12,12,0.7,1,12413.38,114.55341682430277,50,16.200299568910726,31.752587155065022,no_offer
2,2,12,12,0.7,2,12404.72,107.1556259058071,50,15.154093944057017,29.702024130351752,no_offer
2,5,5,9,0.3,1,17668.36,131.67659206540506,50,18.62188223459653,36.4988891798092,no_offer
2,5,5,9,0.3,2,3647.38,160.26927468533475,50,22.665498189169934,44.42437645077307,no_offer
2,5,5,9,0.5,1,17668.36,131.67659206540506,50,18.62188223459653,36.4988891798092,no_offer
2,5,5,9,0.5,2,3647.38,160.26927468533475,50,22.665498189169934,44.42437645077307,no_offer
2,5,5,9,0.7,1,17668.36,131.67659206540506,50,18.62188223459653,36.4988891798092,no_offer
2,5,5,9,0.7,2,3647.38,160.26927468533475,50,22.665498189169934,44.42437645077307,no_offer
2,5,5,12,0.3,1,17668.36,131.67659206540506,50,18.62188223459653,36.4988891798092,no_offer
2,5,5,12,0.3,2,3647.38,160.26927468533475,50,22.665498189169934,44.42437645077307,no_offer
2,5,5,12,0.5,1,17668.36,131.67659206540506,50,18.62188223459653,36.4988891798092,no_offer
2,5,5,12,0.5,2,3647.38,160.26927468533475,50,22.665498189169934,44.42437645077307,no_offer
2,5,5,12,0.7,1,17668.36,131.67659206540506,50,18.62188223459653,36.4988891798092,no_offer
2,5,5,12,0.7,2,3647.38,160.26927468533475,50,22.665498189169934,44.42437645077307,no_offer
2,5,9,5,0.3,1,17668.36,131.67659206540506,50,18.62188223459653,36.4988891798092,no_offer
2,5,9,5,0.3,2,3647.38,160.26927468533475,50,22.665498189169934,44.42437645077307,no_offer
2,5,9,5,0.5,1,17668.36,131.67659206540506,50,18.62188223459653,36.4988891798092,no_offer
2,5,9,5,0.5,2,3647.38,160.26927468533475,50,22.665498189169934,44.42437645077307,no_offer
2,5,9,5,0.7,1,17668.36,131.67659206540506,50,18.62188223459653,36.4988891798092,no_offer
2,5,9,5,0.7,2,3647.38,160.26927468533475,50,22.665498189169934,44.42437645077307,no_offer
2,5,9,9,0.3,1,17668.36,131.67659206540506,50,18.62188223459653,36.4988891798092,no_offer
2,5,9,9,0.3,2,3647.38,160.26927468533475,50,22.665498189169934,44.42437645077307,no_offer
2,5,9,9,0.5,1,17668.36,131.67659206540506,50,18.62188223459653,36.4988891798092,no_offer
2,5,9,9,0.5,2,3647.38,160.26927468533475,50,22.665498189169934,44.42437645077307,no_offer
2,5,9,9,0.7,1,17668.36,131.67659206540506,50,18.62188223459653,36.4988891798092,no_offer
2,5,9,9,0.7,2,3647.38,160.26927468533475,50,22.665498189169934,44.42437645077307,no_offer
2,5,12,12,0.3,1,17668.36,131.67659206540506,50,18.62188223459653,36.4988891798092,no_offer
2,5,12,12,0.3,2,3647.38,160.26927468533475,50,22.665498189169934,44.42437645077307,no_offer
2,5,12,12,0.5,1,17668.36,131.67659206540506,50,18.62188223459653,36.4988891798092,no_offer
2,5,12,12,0.5,2,3647.38,160.26927468533475,50,22.665498189169934,44.42437645077307,no_offer
2,5,12,12,0.7,1,17668.36,131.67659206540506,50,18.62188223459653,36.4988891798092,no_offer
2,5,12,12,0.7,2,3647.38,160.26927468533475,50,22.665498189169934,44.42437645077307,no_offer
2,7,5,9,0.3,1,17679.2,136.47919778695717,50,19.30107324921149,37.830103568454525,no_offer
2,7,5,9,0.3,2,1458.06,148.76353102580387,50,21.038340316320255,41.2351470199877,no_offer
2,7,5,9,0.5,1,17679.2,136.47919778695717,50,19.30107324921149,37.830103568454525,no_offer
2,7,5,9,0.5,2,1458.06,148.76353102580387,50,21.038340316320255,41.2351470199877,no_offer
2,7,5,9,0.7,1,17679.2,136.47919778695717,50,19.30107324921149,37.830103568454525,no_offer
2,7,5,9,0.7,2,1458.06,148.76353102580387,50,21.038340316320255,41.2351470199877,no_offer
2,7,5,12,0.3,1,17679.2,136.47919778695717,50,19.30107324921149,37.830103568454525,no_offer
2,7,5,12,0.3,2,1458.06,148.76353102580387,50,21.038340316320255,41.2351470199877,no_offer
2,7,5,12,0.5,1,17679.2,136.47919778695717,50,19.30107324921149,37.830103568454525,no_offer
2,7,5,12,0.5,2,1458.06,148.76353102580387,50,21.038340316320255,41.2351470199877,no_offer
2,7,5,12,0.7,1,17679.2,136.47919778695717,50,19.30107324921149,37.830103568454525,no_offer
2,7,5,12,0.7,2,1458.06,148.76353102580387,50,21.038340316320255,41.2351470199877,no_offer
2,7,9,5,0.3,1,17716.98,137.37012270593976,50,19.427069059559624,38.077055356736864,no_offer
2,7,9,5,0.3,2,10.18,9.902978319265205,50,1.4004926246991571,2.744965544410348,no_offer
2,7,9,5,0.5,1,17668.82,131.9255649746381,50,18.657092321086616,36.56790094932977,no_offer
2,7,9,5,0.5,2,0.0,0.0,50,0.0,0.0,no_offer
2,7,9,5,0.7,1,17678.66,135.8400334727498,50,19.210681765037798,37.65293625947408,no_offer
2,7,9,5,0.7,2,0.0,0.0,50,0.0,0.0,no_offer
2,7,9,9,0.3,1,17679.2,136.47919778695717,50,19.30107324921149,37.830103568454525,no_offer
2,7,9,9,0.3,2,1458.06,148.76353102580387,50,21.038340316320255,41.2351470199877,no_offer
2,7,9,9,0.5,1,17679.2,136.47919778695717,50,19.30107324921149,37.830103568454525,no_offer
2,7,9,9,0.5,2,1458.06,148.76353102580387,50,21.038340316320255,41.2351470199877,no_offer
2,7,9,9,0.7,1,17679.2,136.47919778695717,50,19.30107324921149,37.830103568454525,no_offer
2,7,9,9,0.7,2,1458.06,148.76353102580387,50,21.038340316320255,41.2351470199877,no_offer
2,7,12,12,0.3,1,17679.2,136.47919778695717,50,19.30107324921149,37.830103568454525,no_offer
2,7,12,12,0.3,2,1458.06,148.76353102580387,50,21.038340316320255,41.2351470199877,no_offer
2,7,12,12,0.5,1,17679.2,136.47919778695717,50,19.30107324921149,37.830103568454525,no_offer
2,7,12,12,0.5,2,1458.06,148.76353102580387,50,21.038340316320255,41.2351470199877,no_offer
2,7,12,12,0.7,1,17679.2,136.47919778695717,50,19.30107324921149,37.830103568454525,no_offer
2,7,12,12,0.7,2,1458.06,148.76353102580387,50,21.038340316320255,41.2351470199877,no_offer
2,10,5,9,0.3,1,17675.4,137.46955135963867,50,19.441130394614575,38.10461557344457,no_offer
2,10,5,9,0.3,2,0.88,2.487848016881667,50,0.35183484065970616,0.6895962876930241,no_offer
2,10,5,9,0.5,1,17675.4,137.46955135963867,50,19.441130394614575,38.10461557344457,no_offer
2,10,5,9,0.5,2,0.88,2.487848016881667,50,0.35183484065970616,0.6895962876930241,no_offer
2,10,5,9,0.7,1,17675.4,137.46955135963867,50,19.441130394614575,38.10461557344457,no_offer
2,10,5,9,0.7,2,0.88,2.487848016881667,50,0.35183484065970616,0.6895962876930241,no_offer
2,10,5,12,0.3,1,17675.4,137.46955135963867,50,19.441130394614575,38.10461557344457,no_offer
2,10,5,12,0.3,2,0.88,2.487848016881667,50,0.35183484065970616,0.6895962876930241,no_offer
2,10,5,12,0.5,1,17675.4,137.46955135963867,50,19.441130394614575,38.10461557344457,no_offer
2,10,5,12,0.5,2,0.88,2.487848016881667,50,0.35183484065970616,0.6895962876930241,no_offer
2,10,5,12,0.7,1,17675.4,137.46955135963867,50,19.441130394614575,38.10461557344457,no_offer
2,10,5,12,0.7,2,0.88,2.487848016881667,50,0.35183484065970616,0.6895962876930241,no_offer
2,10,9,5,0.3,1,17658.08,118.53421791333737,50,16.763269857832956,32.85600892135259,no_offer
2,10,9,5,0.3,2,0.0,0.0,50,0.0,0.0,no_offer
2,10,9,5,0.5,1,17668.82,131.9255649746381,50,18.657092321086616,36.56790094932977,no_offer
2,10,9,5,0.5,2,0.0,0.0,50,0.0,0.0,no_offer
2,10,9,5,0.7,1,17678.66,135.8400334727498,50,19.210681765037798,37.65293625947408,no_offer
2,10,9,5,0.7,2,0.0,0.0,50,0.0,0.0,no_offer
2,10,9,9,0.3,1,17675.4,137.46955135963867,50,19.441130394614575,38.10461557344457,no_offer
2,10,9,9,0.3,2,0.88,2.487848016881667,50,0.35183484065970616,0.6895962876930241,no_offer
2,10,9,9,0.5,1,17675.4,137.46955135963867,50,19.441130394614575,38.10461557344457,no_offer
2,10,9,9,0.5,2,0.88,2.487848016881667,50,0.35183484065970616,0.6895962876930241,no_offer
2,10,9,9,0.7,1,17675.4,137.46955135963867,50,19.441130394614575,38.10461557344457,no_offer
2,10,9,9,0.7,2,0.88,2.487848016881667,50,0.35183484065970616,0.6895962876930241,no_offer
2,10,12,12,0.3,1,17675.4,137.46955135963867,50,19.441130394614575,38.10461557344457,no_offer
2,10,12,12,0.3,2,0.88,2.487848016881667,50,0.35183484065970616,0.6895962876930241,no_offer
2,10,12,12,0.5,1,17675.4,137.46955135963867,50,19.441130394614575,38.10461557344457,no_offer
2,10,12,12,0.5,2,0.88,2.487848016881667,50,0.35183484065970616,0.6895962876930241,no_offer
2,10,12,12,0.7,1,17675.4,137.46955135963867,50,19.441130394614575,38.10461557344457,no_offer
2,10,12,12,0.7,2,0.88,2.487848016881667,50,0.35183484065970616,0.6895962876930241,no_offer
2,14,5,9,0.3,1,17662.54,135.69055582012845,50,19.189542432676916,37.61150316804675,no_offer
2,14,5,9,0.3,2,0.0,0.0,50,0.0,0.0,no_offer
2,14,5,9,0.5,1,17661.08,137.07034392483823,50,19.38467393776508,37.99396091801955,no_offer
2,14,5,9,0.5,2,0.0,0.0,50,0.0,0.0,no_offer
2,14,5,9,0.7,1,17673.82,152.49659614802758,50,21.566275448827326,42.26989987970156,no_offer
2,14,5,9,0.7,2,0.0,0.0,50,0.0,0.0,no_offer
2,14,5,12,0.3,1,17659.38,142.89126592465686,50,20.20787662153102,39.6074381782008,no_offer
2,14,5,12,0.3,2,0.0,0.0,50,0.0,0.0,no_offer
2,14,5,12,0.5,1,17659.38,142.89126592465686,50,20.20787662153102,39.6074381782008,no_offer
2,14,5,12,0.5,2,0.0,0.0,50,0.0,0.0,no_offer
2,14,5,12,0.7,1,17659.38,142.89126592465686,50,20.20787662153102,39.6074381782008,no_offer
2,14,5,12,0.7,2,0.0,0.0,50,0.0,0.0,no_offer
2,14,9,5,0.3,1,17658.08,118.53421791333737,50,16.763269857832956,32.85600892135259,no_offer
2,14,9,5,0.3,2,0.0,0.0,50,0.0,0.0,no_offer
2,14,9,5,0.5,1,17668.82,131.9255649746381,50,18.657092321086616,36.56790094932977,no_offer
2,14,9,5,0.5,2,0.0,0.0,50,0.0,0.0,no_offer
2,14,9,5,0.7,1,17678.66,135.8400334727498,50,19.210681765037798,37.65293625947408,no_offer
2,14,9,5,0.7,2,0.0,0.0,50,0.0,0.0,no_offer
2,14,9,9,0.3,1,17662.54,135.69055582012845,50,19.189542432676916,37.61150316804675,no_offer
2,14,9,9,0.3,2,0.0,0.0,50,0.0,0.0,no_offer
2,14,9,9,0.5,1,17661.08,137.07034392483823,50,19.38467393776508,37.99396091801955,no_offer
2,14,9,9,0.5,2,0.0,0.0,50,0.0,0.0,no_offer
2,14,9,9,0.7,1,17673.82,152.49659614802758,50,21.566275448827326,42.26989987970156,no_offer
2,14,9,9,0.7,2,0.0,0.0,50,0.0,0.0,no_offer
2,14,12,12,0.3,1,17659.38,142.89126592465686,50,20.20787662153102,39.6074381782008,no_offer
2,14,12,12,0.3,2,0.0,0.0,50,0.0,0.0,no_offer
2,14,12,12,0.5,1,17659.38,142.89126592465686,50,20.20787662153102,39.6074381782008,no_offer
2,14,12,12,0.5,2,0.0,0.0,50,0.0,0.0,no_offer
2,14,12,12,0.7,1,17659.38,142.89126592465686,50,20.20787662153102,39.6074381782008,no_offer
2,14,12,12,0.7,2,0.0,0.0,50,0.0,0.0,no_offer
5,2,5,9,0.3,1,3629.6,125.65729227562089,50,17.7706246947263,34.83042440166355,no_offer
5,2,5,9,0.3,2,17664.8,133.19465577316052,50,18.836568863001947,36.919674971483815,no_offer
5,2,5,9,0.5,1,3629.6,125.65729227562089,50,17.7706246947263,34.83042440166355,no_offer
5,2,5,9,0.5,2,17664.8,133.19465577316052,50,18.836568863001947,36.919674971483815,no_offer
5,2,5,9,0.7,1,3629.6,125.65729227562089,50,17.7706246947263,34.83042440166355,no_offer
5,2,5,9,0.7,2,17664.8,133.19465577316052,50,18.836568863001947,36.919674971483815,no_offer
5,2,5,12,0.3,1,3629.6,125.65729227562089,50,17.7706246947263,34.83042440166355,no_offer
5,2,5,12,0.3,2,17664.8,133.19465577316052,50,18.836568863001947,36.919674971483815,no_offer
5,2,5,12,0.5,1,3629.6,125.65729227562089,50,17.7706246947263,34.83042440166355,no_offer
5,2,5,12,0.5,2,17664.8,133.19465577316052,50,18.836568863001947,36.919674971483815,no_offer
5,2,5,12,0.7,1,3629.6,125.65729227562089,50,17.7706246947263,34.83042440166355,no_offer
5,2,5,12,0.7,2,17664.8,133.19465577316052,50,18.836568863001947,36.919674971483815,no_offer
5,2,9,5,0.3,1,3629.6,125.65729227562089,50,17.7706246947263,34.83042440166355,no_offer
5,2,9,5,0.3,2,17664.8,133.19465577316052,50,18.836568863001947,36.919674971483815,no_offer
5,2,9,5,0.5,1,3629.6,125.65729227562089,50,17.7706246947263,34.83042440166355,no_offer
5,2,9,5,0.5,2,17664.8,133.19465577316052,50,18.836568863001947,36.919674971483815,no_offer
5,2,9,5,0.7,1,3629.6,125.65729227562089,50,17.7706246947263,34.83042440166355,no_offer
5,2,9,5,0.7,2,17664.8,133.19465577316052,50,18.836568863001947,36.919674971483815,no_offer
5,2,9,9,0.3,1,3629.6,125.65729227562089,50,17.7706246947263,34.83042440166355,no_offer
5,2,9,9,0.3,2,17664.8,133.19465577316052,50,18.836568863001947,36.919674971483815,no_offer
5,2,9,9,0.5,1,3629.6,125.65729227562089,50,17.7706246947263,34.83042440166355,no_offer
5,2,9,9,0.5,2,17664.8,133.19465577316052,50,18.836568863001947,36.919674971483815,no_offer
5,2,9,9,0.7,1,3629.6,125.65729227562089,50,17.7706246947263,34.83042440166355,no_offer
5,2,9,9,0.7,2,17664.8,133.19465577316052,50,18.836568863001947,36.919674971483815,no_offer
5,2,12,12,0.3,1,3629.6,125.65729227562089,50,17.7706246947263,34.83042440166355,no_offer
5,2,12,12,0.3,2,17664.8,133.19465577316052,50,18.836568863001947,36.919674971483815,no_offer
5,2,12,12,0.5,1,3629.6,125.65729227562089,50,17.7706246947263,34.83042440166355,no_offer
5,2,12,12,0.5,2,17664.8,133.19465577316052,50,18.836568863001947,36.919674971483815,no_offer
5,2,12,12,0.7,1,3629.6,125.65729227562089,50,17.7706246947263,34.83042440166355,no_offer
5,2,12,12,0.7,2,17664.8,133.19465577316052,50,18.836568863001947,36.919674971483815,no_offer
5,5,5,9,0.3,1,10634.34,122.46742340687317,50,17.319509113088827,33.9462378616541,no_offer
5,5,5,9,0.3,2,10651.72,126.10297703197384,50,17.83365403742403,34.953961913351094,no_offer
5,5,5,9,0.5,1,10634.34,122.46742340687317,50,17.319509113088827,33.9462378616541,no_offer
5,5,5,9,0.5,2,10651.72,126.10297703197384,50,17.83365403742403,34.953961913351094,no_offer
5,5,5,9,0.7,1,10634.34,122.46742340687317,50,17.319509113088827,33.9462378616541,no_offer
5,5,5,9,0.7,2,10651.72,126.10297703197384,50,17.83365403742403,34.953961913351094,no_offer
5,5,5,12,0.3,1,10634.34,122.46742340687317,50,17.319509113088827,33.9462378616541,no_offer
5,5,5,12,0.3,2,10651.72,126.10297703197384,50,17.83365403742403,34.953961913351094,no_offer
5,5,5,12,0.5,1,10634.34,122.46742340687317,50,17.319509113088827,33.9462378616541,no_offer
5,5,5,12,0.5,2,10651.72,126.10297703197384,50,17.83365403742403,34.953961913351094,no_offer
5,5,5,12,0.7,1,10634.34,122.46742340687317,50,17.319509113088827,33.9462378616541,no_offer
5,5,5,12,0.7,2,10651.72,126.10297703197384,50,17.83365403742403,34.953961913351094,no_offer
5,5,9,5,0.3,1,10634.34,122.46742340687317,50,17.319509113088827,33.9462378616541,no_offer
5,5,9,5,0.3,2,10651.72,126.10297703197384,50,17.83365403742403,34.953961913351094,no_offer
5,5,9,5,0.5,1,10634.34,122.46742340687317,50,17.319509113088827,33.9462378616541,no_offer
5,5,9,5,0.5,2,10651.72,126.10297703197384,50,17.83365403742403,34.953961913351094,no_offer
5,5,9,5,0.7,1,10634.34,122.46742340687317,50,17.319509113088827,33.9462378616541,no_offer
5,5,9,5,0.7,2,10651.72,126.10297703197384,50,17.83365403742403,34.953961913351094,no_offer
5,5,9,9,0.3,1,10634.34,122.46742340687317,50,17.319509113088827,33.9462378616541,no_offer
5,5,9,9,0.3,2,10651.72,126.10297703197384,50,17.83365403742403,34.953961913351094,no_offer
5,5,9,9,0.5,1,10634.34,122.46742340687317,50,17.319509113088827,33.9462378616541,no_offer
5,5,9,9,0.5,2,10651.72,126.10297703197384,50,17.83365403742403,34.953961913351094,no_offer
5,5,9,9,0.7,1,10634.34,122.46742340687317,50,17.319509113088827,33.9462378616541,no_offer
5,5,9,9,0.7,2,10651.72,126.10297703197384,50,17.83365403742403,34.953961913351094,no_offer
5,5,12,12,0.3,1,10634.34,122.46742340687317,50,17.319509113088827,33.9462378616541,no_offer
5,5,12,12,0.3,2,10651.72,126.10297703197384,50,17.83365403742403,34.953961913351094,no_offer
5,5,12,12,0.5,1,10634.34,122.46742340687317,50,17.319509113088827,33.9462378616541,no_offer
5,5,12,12,0.5,2,10651.72,126.10297703197384,50,17.83365403742403,34.953961913351094,no_offer
5,5,12,12,0.7,1,10634.34,122.46742340687317,50,17.319509113088827,33.9462378616541,no_offer
5,5,12,12,0.7,2,10651.72,126.10297703197384,50,17.83365403742403,34.953961913351094,no_offer
5,7,5,9,0.3,1,15872.64,149.0057881357606,50,21.072600645368468,41.302297264922196,no_offer
5,7,5,9,0.3,2,3065.02,156.99336915673751,50,22.202215186410413,43.51634176536441,no_offer
5,7,5,9,0.5,1,15872.64,149.0057881357606,50,21.072600645368468,41.302297264922196,no_offer
5,7,5,9,0.5,2,3065.02,156.99336915673751,50,22.202215186410413,43.51634176536441,no_offer
5,7,5,9,0.7,1,15872.64,149.0057881357606,50,21.072600645368468,41.302297264922196,no_offer
5,7,5,9,0.7,2,3065.02,156.99336915673751,50,22.202215186410413,43.51634176536441,no_offer
5,7,5,12,0.3,1,15872.64,149.0057881357606,50,21.072600645368468,41.302297264922196,no_offer
5,7,5,12,0.3,2,3065.02,156.99336915673751,50,22.202215186410413,43.51634176536441,no_offer
5,7,5,12,0.5,1,15872.64,149.0057881357606,50,21.072600645368468,41.302297264922196,no_offer
5,7,5,12,0.5,2,3065.02,156.99336915673751,50,22.202215186410413,43.51634176536441,no_offer
5,7,5,12,0.7,1,15872.64,149.0057881357606,50,21.072600645368468,41.302297264922196,no_offer
5,7,5,12,0.7,2,3065.02,156.99336915673751,50,22.202215186410413,43.51634176536441,no_offer
5,7,9,5,0.3,1,15891.02,135.6430625139498,50,19.182825864904935,37.59833869521367,no_offer
5,7,9,5,0.3,2,114.3,32.32503926162049,50,4.571450892802647,8.960043749893188,no_offer
5,7,9,5,0.5,1,15887.36,134.41859079390943,50,19.009659413582597,37.25893245062189,no_offer
5,7,9,5,0.5,2,0.02,0.14142135623730948,50,0.019999999999999993,0.039199999999999985,no_offer
5,7,9,5,0.7,1,15910.22,124.21414852534951,50,17.566533348317527,34.43040536270235,no_offer
5,7,9,5,0.7,2,0.0,0.0,50,0.0,0.0,no_offer
5,7,9,9,0.3,1,15872.64,149.0057881357606,50,21.072600645368468,41.302297264922196,no_offer
5,7,9,9,0.3,2,3065.02,156.99336915673751,50,22.202215186410413,43.51634176536441,no_offer
5,7,9,9,0.5,1,15872.64,149.0057881357606,50,21.072600645368468,41.302297264922196,no_offer
5,7,9,9,0.5,2,3065.02,156.99336915673751,50,22.202215186410413,43.51634176536441,no_offer
5,7,9,9,0.7,1,15872.64,149.0057881357606,50,21.072600645368468,41.302297264922196,no_offer
5,7,9,9,0.7,2,3065.02,156.99336915673751,50,22.202215186410413,43.51634176536441,no_offer
5,7,12,12,0.3,1,15872.64,149.0057881357606,50,21.072600645368468,41.302297264922196,no_offer
5,7,12,12,0.3,2,3065.02,156.99336915673751,50,22.202215186410413,43.51634176536441,no_offer
5,7,12,12,0.5,1,15872.64,149.0057881357606,50,21.072600645368468,41.302297264922196,no_offer
5,7,12,12,0.5,2,3065.02,156.99336915673751,50,22.202215186410413,43.51634176536441,no_offer
5,7,12,12,0.7,1,15872.64,149.0057881357606,50,21.072600645368468,41.302297264922196,no_offer
5,7,12,12,0.7,2,3065.02,156.99336915673751,50,22.202215186410413,43.51634176536441,no_offer
5,10,5,9,0.3,1,15919.94,137.7636855678035,50,19.48272725324903,38.1861454163681,no_offer
5,10,5,9,0.3,2,207.86,75.41639782716017,50,10.665489263249473,20.904358955968966,no_offer
5,10,5,9,0.5,1,15919.94,137.7636855678035,50,19.48272725324903,38.1861454163681,no_offer
5,10,5,9,0.5,2,207.86,75.41639782716017,50,10.665489263249473,20.904358955968966,no_offer
5,10,5,9,0.7,1,15919.94,137.7636855678035,50,19.48272725324903,38.1861454163681,no_offer
5,10,5,9,0.7,2,207.86,75.41639782716017,50,10.665489263249473,20.904358955968966,no_offer
5,10,5,12,0.3,1,15919.94,137.7636855678035,50,19.48272725324903,38.1861454163681,no_offer
5,10,5,12,0.3,2,207.86,75.41639782716017,50,10.665489263249473,20.904358955968966,no_offer
5,10,5,12,0.5,1,15919.94,137.7636855678035,50,19.48272725324903,38.1861454163681,no_offer
5,10,5,12,0.5,2,207.86,75.41639782716017,50,10.665489263249473,20.904358955968966,no_offer
5,10,5,12,0.7,1,15919.94,137.7636855678035,50,19.48272725324903,38.1861454163681,no_offer
5,10,5,12,0.7,2,207.86,75.41639782716017,50,10.665489263249473,20.904358955968966,no_offer
5,10,9,5,0.3,1,15943.2,129.42526012793516,50,18.30349581865917,35.87485180457197,no_offer
5,10,9,5,0.3,2,0.0,0.0,50,0.0,0.0,no_offer
5,10,9,5,0.5,1,15890.98,137.4976793867254,50,19.44510829835346,38.11241226477278,no_offer
5,10,9,5,0.5,2,0.0,0.0,50,0.0,0.0,no_offer
5,10,9,5,0.7,1,15910.22,124.21414852534951,50,17.566533348317527,34.43040536270235,no_offer
5,10,9,5,0.7,2,0.0,0.0,50,0.0,0.0,no_offer
5,10,9,9,0.3,1,15919.94,137.7636855678035,50,19.48272725324903,38.1861454163681,no_offer
5,10,9,9,0.3,2,207.86,75.41639782716017,50,10.665489263249473,20.904358955968966,no_offer
5,10,9,9,0.5,1,15919.94,137.7636855678035,50,19.48272725324903,38.1861454163681,no_offer
5,10,9,9,0.5,2,207.86,75.41639782716017,50,10.665489263249473,20.904358955968966,no_offer
5,10,9,9,0.7,1,15919.94,137.7636855678035,50,19.48272725324903,38.1861454163681,no_offer
5,10,9,9,0.7,2,207.86,75.41639782716017,50,10.665489263249473,20.904358955968966,no_offer
5,10,12,12,0.3,1,15919.94,137.7636855678035,50,19.48272725324903,38.1861454163681,no_offer
5,10,12,12,0.3,2,207.86,75.41639782716017,50,10.665489263249473,20.904358955968966,no_offer
5,10,12,12,0.5,1,15919.94,137.7636855678035,50,19.48272725324903,38.1861454163681,no_offer
5,10,12,12,0.5,2,207.86,75.41639782716017,50,10.665489263249473,20.904358955968966,no_offer
5,10,12,12,0.7,1,15919.94,137.7636855678035,50,19.48272725324903,38.1861454163681,no_offer
5,10,12,12,0.7,2,207.86,75.41639782716017,50,10.665489263249473,20.904358955968966,no_offer
5,14,5,9,0.3,1,15925.86,139.79533290507536,50,19.770045575081937,38.7492893271606,no_offer
5,14,5,9,0.3,2,0.0,0.0,50,0.0,0.0,no_offer
5,14,5,9,0.5,1,15899.82,133.2776279892807,50,18.848302906335675,36.94267369641792,no_offer
5,14,5,9,0.5,2,0.0,0.0,50,0.0,0.0,no_offer
5,14,5,9,0.7,1,15916.94,126.546822825968,50,17.89642331157091,35.076989690678985,no_offer
5,14,5,9,0.7,2,0.0,0.0,50,0.0,0.0,no_offer
5,14,5,12,0.3,1,15930.98,145.08498424392917,50,20.518115241445145,40.21550587323248,no_offer
5,14,5,12,0.3,2,0.0,0.0,50,0.0,0.0,no_offer
5,14,5,12,0.5,1,15930.98,145.08498424392917,50,20.518115241445145,40.21550587323248,no_offer
5,14,5,12,0.5,2,0.0,0.0,50,0.0,0.0,no_offer
5,14,5,12,0.7,1,15930.98,145.08498424392917,50,20.518115241445145,40.21550587323248,no_offer
5,14,5,12,0.7,2,0.0,0.0,50,0.0,0.0,no_offer
5,14,9,5,0.3,1,15943.2,129.42526012793516,50,18.30349581865917,35.87485180457197,no_offer
5,14,9,5,0.3,2,0.0,0.0,50,0.0,0.0,no_offer
5,14,9,5,0.5,1,15890.98,137.4976793867254,50,19.44510829835346,38.11241226477278,no_offer
5,14,9,5,0.5,2,0.0,0.0,50,0.0,0.0,no_offer
5,14,9,5,0.7,1,15910.22,124.21414852534951,50,17.566533348317527,34.43040536270235,no_offer
5,14,9,5,0.7,2,0.0,0.0,50,0.0,0.0,no_offer
5,14,9,9,0.3,1,15925.86,139.79533290507536,50,19.770045575081937,38.7492893271606,no_offer
5,14,9,9,0.3,2,0.0,0.0,50,0.0,0.0,no_offer
5,14,9,9,0.5,1,15899.82,133.2776279892807,50,18.848302906335675,36.94267369641792,no_offer
5,14,9,9,0.5,2,0.0,0.0,50,0.0,0.0,no_offer
5,14,9,9,0.7,1,15916.94,126.546822825968,50,17.89642331157091,35.076989690678985,no_offer
5,14,9,9,0.7,2,0.0,0.0,50,0.0,0.0,no_offer
5,14,12,12,0.3,1,15930.98,145.08498424392917,50,20.518115241445145,40.21550587323248,no_offer
5,14,12,12,0.3,2,0.0,0.0,50,0.0,0.0,no_offer
5,14,12,12,0.5,1,15930.98,145.08498424392917,50,20.518115241445145,40.21550587323248,no_offer
5,14,12,12,0.5,2,0.0,0.0,50,0.0,0.0,no_offer
5,14,12,12,0.7,1,15930.98,145.08498424392917,50,20.518115241445145,40.21550587323248,no_offer
5,14,12,12,0.7,2,0.0,0.0,50,0.0,0.0,no_offer
7,2,5,9,0.3,1,9.8,9.49543391879078,50,1.3428571428571427,2.6319999999999997,no_offer
7,2,5,9,0.3,2,17654.0,139.94299130834165,50,19.79092762673169,38.79021814839411,no_offer
7,2,5,9,0.5,1,0.0,0.0,50,0.0,0.0,no_offer
7,2,5,9,0.5,2,17660.06,123.95842127133457,50,17.53036805322789,34.35952138432666,no_offer
7,2,5,9,0.7,1,0.0,0.0,50,0.0,0.0,no_offer
7,2,5,9,0.7,2,17656.82,143.0435483854256,50,20.229412613664092,39.64964872278162,no_offer
7,2,5,12,0.3,1,9.8,9.49543391879078,50,1.3428571428571427,2.6319999999999997,no_offer
7,2,5,12,0.3,2,17654.0,139.94299130834165,50,19.79092762673169,38.79021814839411,no_offer
7,2,5,12,0.5,1,0.0,0.0,50,0.0,0.0,no_offer
7,2,5,12,0.5,2,17660.06,123.95842127133457,50,17.53036805322789,34.35952138432666,no_offer
7,2,5,12,0.7,1,0.0,0.0,50,0.0,0.0,no_offer
7,2,5,12,0.7,2,17656.82,143.0435483854256,50,20.229412613664092,39.64964872278162,no_offer
7,2,9,5,0.3,1,1416.02,172.40205619305078,50,24.381332604922086,47.78741190564729,no_offer
7,2,9,5,0.3,2,17660.22,114.20627417626517,50,16.151206184817436,31.656364122242174,no_offer
7,2,9,5,0.5,1,1416.02,172.40205619305078,50,24.381332604922086,47.78741190564729,no_offer
7,2,9,5,0.5,2,17660.22,114.20627417626517,50,16.151206184817436,31.656364122242174,no_offer
7,2,9,5,0.7,1,1416.02,172.40205619305078,50,24.381332604922086,47.78741190564729,no_offer
7,2,9,5,0.7,2,17660.22,114.20627417626517,50,16.151206184817436,31.656364122242174,no_offer
7,2,9,9,0.3,1,1416.02,172.40205619305078,50,24.381332604922086,47.78741190564729,no_offer
7,2,9,9,0.3,2,17660.22,114.20627417626517,50,16.151206184817436,31.656364122242174,no_offer
7,2,9,9,0.5,1,1416.02,172.40205619305078,50,24.381332604922086,47.78741190564729,no_offer
7,2,9,9,0.5,2,17660.22,114.20627417626517,50,16.151206184817436,31.656364122242174,no_offer
7,2,9,9,0.7,1,1416.02,172.40205619305078,50,24.381332604922086,47.78741190564729,no_offer
7,2,9,9,0.7,2,17660.22,114.20627417626517,50,16.151206184817436,31.656364122242174,no_offer
7,2,12,12,0.3,1,1416.02,172.40205619305078,50,24.381332604922086,47.78741190564729,no_offer
7,2,12,12,0.3,2,17660.22,114.20627417626517,50,16.151206184817436,31.656364122242174,no_offer
7,2,12,12,0.5,1,1416.02,172.40205619305078,50,24.381332604922086,47.78741190564729,no_offer
7,2,12,12,0.5,2,17660.22,114.20627417626517,50,16.151206184817436,31.656364122242174,no_offer
7,2,12,12,0.7,1,1416.02,172.40205619305078,50,24.381332604922086,47.78741190564729,no_offer
7,2,12,12,0.7,2,17660.22,114.20627417626517,50,16.151206184817436,31.656364122242174,no_offer
7,5,5,9,0.3,1,120.28,36.841657876675974,50,5.210197222950472,10.211986556982925,no_offer
7,5,5,9,0.3,2,15928.52,109.00107469981289,50,15.415079815371822,30.21355643812877,no_offer
7,5,5,9,0.5,1,0.08,0.5656854249492379,50,0.07999999999999997,0.15679999999999994,no_offer
7,5,5,9,0.5,2,15909.72,150.81073961649227,50,21.327859331716077,41.80260429016351,no_offer
7,5,5,9,0.7,1,0.0,0.0,50,0.0,0.0,no_offer
7,5,5,9,0.7,2,15903.36,154.704162708001,50,21.8784725057229,42.88180611121688,no_offer
7,5,5,12,0.3,1,120.28,36.841657876675974,50,5.210197222950472,10.211986556982925,no_offer
7,5,5,12,0.3,2,15928.52,109.00107469981289,50,15.415079815371822,30.21355643812877,no_offer
7,5,5,12,0.5,1,0.08,0.5656854249492379,50,0.07999999999999997,0.15679999999999994,no_offer
7,5,5,12,0.5,2,15909.72,150.81073961649227,50,21.327859331716077,41.80260429016351,no_offer
7,5,5,12,0.7,1,0.0,0.0,50,0.0,0.0,no_offer
7,5,5,12,0.7,2,15903.36,154.704162708001,50,21.8784725057229,42.88180611121688,no_offer
7,5,9,5,0.3,1,3108.44,131.57478823072142,50,18.607484998225413,36.470670596521806,no_offer
7,5,9,5,0.3,2,15910.78,145.32739815004342,50,20.552397744818606,40.28269957984447,no_offer
7,5,9,5,0.5,1,3108.44,131.57478823072142,50,18.607484998225413,36.470670596521806,no_offer
7,5,9,5,0.5,2,15910.78,145.32739815004342,50,20.552397744818606,40.28269957984447,no_offer
7,5,9,5,0.7,1,3108.44,131.57478823072142,50,18.607484998225413,36.470670596521806,no_offer
7,5,9,5,0.7,2,15910.78,145.32739815004342,50,20.552397744818606,40.28269957984447,no_offer
7,5,9,9,0.3,1,3108.44,131.57478823072142,50,18.607484998225413,36.470670596521806,no_offer
7,5,9,9,0.3,2,15910.78,145.32739815004342,50,20.552397744818606,40.28269957984447,no_offer
7,5,9,9,0.5,1,3108.44,131.57478823072142,50,18.607484998225413,36.470670596521806,no_offer
7,5,9,9,0.5,2,15910.78,145.32739815004342,50,20.552397744818606,40.28269957984447,no_offer
7,5,9,9,0.7,1,3108.44,131.57478823072142,50,18.607484998225413,36.470670596521806,no_offer
7,5,9,9,0.7,2,15910.78,145.32739815004342,50,20.552397744818606,40.28269957984447,no_offer
7,5,12,12,0.3,1,3108.44,131.57478823072142,50,18.607484998225413,36.470670596521806,no_offer
7,5,12,12,0.3,2,15910.78,145.32739815004342,50,20.552397744818606,40.28269957984447,no_offer
7,5,12,12,0.5,1,3108.44,131.57478823072142,50,18.607484998225413,36.470670596521806,no_offer
7,5,12,12,0.5,2,15910.78,145.32739815004342,50,20.552397744818606,40.28269957984447,no_offer
7,5,12,12,0.7,1,3108.44,131.57478823072142,50,18.607484998225413,36.470670596521806,no_offer
7,5,12,12,0.7,2,15910.78,145.32739815004342,50,20.552397744818606,40.28269957984447,no_offer
7,7,5,9,0.3,1,8460.76,140.4939623947868,50,19.868846705024307,38.94293954184764,no_offer
7,7,5,9,0.3,2,8463.12,156.21095626473453,50,22.091565294085797,43.29946797640816,no_offer
7,7,5,9,0.5,1,7543.1,149.26407908844814,50,21.109128502201365,41.37389186431467,no_offer
7,7,5,9,0.5,2,7528.34,132.5002287252552,50,18.738362048079306,36.72718961423544,no_offer
7,7,5,9,0.7,1,6328.5,107.5391243469376,50,15.208328813716586,29.808324474884508,no_offer
7,7,5,9,0.7,2,6321.5,109.74576371350838,50,15.520394745663664,30.41997370150078,no_offer
7,7,5,12,0.3,1,8460.76,140.4939623947868,50,19.868846705024307,38.94293954184764,no_offer
7,7,5,12,0.3,2,8463.12,156.21095626473453,50,22.091565294085797,43.29946797640816,no_offer
7,7,5,12,0.5,1,7543.1,149.26407908844814,50,21.109128502201365,41.37389186431467,no_offer
7,7,5,12,0.5,2,7528.34,132.5002287252552,50,18.738362048079306,36.72718961423544,no_offer
7,7,5,12,0.7,1,6328.5,107.5391243469376,50,15.208328813716586,29.808324474884508,no_offer
7,7,5,12,0.7,2,6321.5,109.74576371350838,50,15.520394745663664,30.41997370150078,no_offer
7,7,9,5,0.3,1,8474.92,127.17220207101795,50,17.98486529256854,35.25033597343434,no_offer
7,7,9,5,0.3,2,8452.56,124.3646973991558,50,17.587824174231212,34.472135381493175,no_offer
7,7,9,5,0.5,1,7530.78,116.75743038890681,50,16.511994156382457,32.363508546509614,no_offer
7,7,9,5,0.5,2,7522.14,124.09048870785824,50,17.54904520921585,34.396128610063066,no_offer
7,7,9,5,0.7,1,6361.6,148.61936040003096,50,21.017951510893866,41.19518496135198,no_offer
7,7,9,5,0.7,2,6354.02,131.71265725674456,50,18.62698262286872,36.508885940822694,no_offer
7,7,9,9,0.3,1,9477.0,117.93131864931968,50,16.6780070262411,32.688893771432554,no_offer
7,7,9,9,0.3,2,9478.94,133.27391005759839,50,18.847777111394766,36.94164313833374,no_offer
7,7,9,9,0.5,1,9477.0,117.93131864931968,50,16.6780070262411,32.688893771432554,no_offer
7,7,9,9,0.5,2,9478.94,133.27391005759839,50,18.847777111394766,36.94164313833374,no_offer
7,7,9,9,0.7,1,9477.0,117.93131864931968,50,16.6780070262411,32.688893771432554,no_offer
7,7,9,9,0.7,2,9478.94,133.27391005759839,50,18.847777111394766,36.94164313833374,no_offer
7,7,12,12,0.3,1,9477.0,117.93131864931968,50,16.6780070262411,32.688893771432554,no_offer
7,7,12,12,0.3,2,9478.94,133.27391005759839,50,18.847777111394766,36.94164313833374,no_offer
7,7,12,12,0.5,1,9477.0,117.93131864931968,50,16.6780070262411,32.688893771432554,no_offer
7,7,12,12,0.5,2,9478.94,133.27391005759839,50,18.847777111394766,36.94164313833374,no_offer
7,7,12,12,0.7,1,9477.0,117.93131864931968,50,16.6780070262411,32.688893771432554,no_offer
7,7,12,12,0.7,2,9478.94,133.27391005759839,50,18.847777111394766,36.94164313833374,no_offer
7,10,5,9,0.3,1,14665.38,143.64637560512924,50,20.314665256651345,39.81674390303664,no_offer
7,10,5,9,0.3,2,845.24,104.63241000994769,50,14.79725732998504,29.00262436677068,no_offer
7,10,5,9,0.5,1,14585.54,110.34902143024294,50,15.605708270124888,30.58718820944478,no_offer
7,10,5,9,0.5,2,798.38,94.21813378906353,50,13.324456262597641,26.115934274691377,no_offer
7,10,5,9,0.7,1,14414.7,146.4023321437975,50,20.704416368080896,40.580656081438555,no_offer
7,10,5,9,0.7,2,687.78,111.82060888507347,50,15.813822163808831,30.99509144106531,no_offer
7,10,5,12,0.3,1,14665.38,143.64637560512924,50,20.314665256651345,39.81674390303664,no_offer
7,10,5,12,0.3,2,845.24,104.63241000994769,50,14.79725732998504,29.00262436677068,no_offer
7,10,5,12,0.5,1,14585.54,110.34902143024294,50,15.605708270124888,30.58718820944478,no_offer
7,10,5,12,0.5,2,798.38,94.21813378906353,50,13.324456262597641,26.115934274691377,no_offer
7,10,5,12,0.7,1,14414.7,146.4023321437975,50,20.704416368080896,40.580656081438555,no_offer
7,10,5,12,0.7,2,687.78,111.82060888507347,50,15.813822163808831,30.99509144106531,no_offer
7,10,9,5,0.3,1,13439.94,174.3483973928906,50,24.656586817103985,48.32691016152381,no_offer
7,10,9,5,0.3,2,0.0,0.0,50,0.0,0.0,no_offer
7,10,9,5,0.5,1,10806.72,172.9726933740154,50,24.462032888973535,47.945584462388126,no_offer
7,10,9,5,0.5,2,0.0,0.0,50,0.0,0.0,no_offer
7,10,9,5,0.7,1,8042.44,161.30591547536923,50,22.812101335627528,44.71171861782995,no_offer
7,10,9,5,0.7,2,0.0,0.0,50,0.0,0.0,no_offer
7,10,9,9,0.3,1,14751.26,127.25609884747213,50,17.99673008847863,35.27359097341811,no_offer
7,10,9,9,0.3,2,940.9,94.17596426317046,50,13.318492591053959,26.10424547846576,no_offer
7,10,9,9,0.5,1,14751.26,127.25609884747213,50,17.99673008847863,35.27359097341811,no_offer
7,10,9,9,0.5,2,940.9,94.17596426317046,50,13.318492591053959,26.10424547846576,no_offer
7,10,9,9,0.7,1,14751.26,127.25609884747213,50,17.99673008847863,35.27359097341811,no_offer
7,10,9,9,0.7,2,940.9,94.17596426317046,50,13.318492591053959,26.10424547846576,no_offer
7,10,12,12,0.3,1,14751.26,127.25609884747213,50,17.99673008847863,35.27359097341811,no_offer
7,10,12,12,0.3,2,940.9,94.17596426317046,50,13.318492591053959,26.10424547846576,no_offer
7,10,12,12,0.5,1,14751.26,127.25609884747213,50,17.99673008847863,35.27359097341811,no_offer
7,10,12,12,0.5,2,940.9,94.17596426317046,50,13.318492591053959,26.10424547846576,no_offer
7,10,12,12,0.7,1,14751.26,127.25609884747213,50,17.99673008847863,35.27359097341811,no_offer
7,10,12,12,0.7,2,940.9,94.17596426317046,50,13.318492591053959,26.10424547846576,no_offer
7,14,5,9,0.3,1,14643.7,126.63417503073259,50,17.908776778839037,35.101202486524514,no_offer
7,14,5,9,0.3,2,0.0,0.0,50,0.0,0.0,no_offer
7,14,5,9,0.5,1,14538.0,135.22558627594637,50,19.123785809129643,37.4826201858941,no_offer
7,14,5,9,0.5,2,0.0,0.0,50,0.0,0.0,no_offer
7,14,5,9,0.7,1,14444.06,136.3808308392648,50,19.287162062059913,37.80283764163743,no_offer
7,14,5,9,0.7,2,0.0,0.0,50,0.0,0.0,no_offer
7,14,5,12,0.3,1,14661.1,121.09201257805564,50,17.12499664829397,33.56499343065618,no_offer
7,14,5,12,0.3,2,0.0,0.0,50,0.0,0.0,no_offer
7,14,5,12,0.5,1,14527.86,146.5786701079399,50,20.72935432212604,40.62953447136704,no_offer
7,14,5,12,0.5,2,0.0,0.0,50,0.0,0.0,no_offer
7,14,5,12,0.7,1,14461.2,143.0880990216613,50,20.235713025061777,39.66199752912108,no_offer
7,14,5,12,0.7,2,0.0,0.0,50,0.0,0.0,no_offer
7,14,9,5,0.3,1,13439.94,174.3483973928906,50,24.656586817103985,48.32691016152381,no_offer
7,14,9,5,0.3,2,0.0,0.0,50,0.0,0.0,no_offer
7,14,9,5,0.5,1,10806.72,172.9726933740154,50,24.462032888973535,47.945584462388126,no_offer
7,14,9,5,0.5,2,0.0,0.0,50,0.0,0.0,no_offer
7,14,9,5,0.7,1,8042.44,161.30591547536923,50,22.812101335627528,44.71171861782995,no_offer
7,14,9,5,0.7,2,0.0,0.0,50,0.0,0.0,no_offer
7,14,9,9,0.3,1,14753.68,112.57567794735326,50,15.920605054649272,31.204385907112574,no_offer
7,14,9,9,0.3,2,0.0,0.0,50,0.0,0.0,no_offer
7,14,9,9,0.5,1,14753.02,138.5128727532838,50,19.58867832109527,38.393809509346724,no_offer
7,14,9,9,0.5,2,0.0,0.0,50,0.0,0.0,no_offer
7,14,9,9,0.7,1,14739.38,137.43538593143478,50,19.436298673421554,38.095145399906244,no_offer
7,14,9,9,0.7,2,0.0,0.0,50,0.0,0.0,no_offer
7,14,12,12,0.3,1,14781.32,108.34985661537088,50,15.32298367066377,30.03304799450099,no_offer
7,14,12,12,0.3,2,0.0,0.0,50,0.0,0.0,no_offer
7,14,12,12,0.5,1,14781.32,108.34985661537088,50,15.32298367066377,30.03304799450099,no_offer
7,14,12,12,0.5,2,0.0,0.0,50,0.0,0.0,no_offer
7,14,12,12,0.7,1,14781.32,108.34985661537088,50,15.32298367066377,30.03304799450099,no_offer
7,14,12,12,0.7,2,0.0,0.0,50,0.0,0.0,no_offer
10,2,5,9,0.3,1,0.0,0.0,50,0.0,0.0,no_offer
10,2,5,9,0.3,2,17660.64,125.70905183910095,50,17.7779446023919,34.844771420688126,no_offer
10,2,5,9,0.5,1,0.0,0.0,50,0.0,0.0,no_offer
10,2,5,9,0.5,2,17660.06,123.95842127133457,50,17.53036805322789,34.35952138432666,no_offer
10,2,5,9,0.7,1,0.0,0.0,50,0.0,0.0,no_offer
10,2,5,9,0.7,2,17656.82,143.0435483854256,50,20.229412613664092,39.64964872278162,no_offer
10,2,5,12,0.3,1,0.0,0.0,50,0.0,0.0,no_offer
10,2,5,12,0.3,2,17660.64,125.70905183910095,50,17.7779446023919,34.844771420688126,no_offer
10,2,5,12,0.5,1,0.0,0.0,50,0.0,0.0,no_offer
10,2,5,12,0.5,2,17660.06,123.95842127133457,50,17.53036805322789,34.35952138432666,no_offer
10,2,5,12,0.7,1,0.0,0.0,50,0.0,0.0,no_offer
10,2,5,12,0.7,2,17656.82,143.0435483854256,50,20.229412613664092,39.64964872278162,no_offer
10,2,9,5,0.3,1,0.56,2.042007815452073,50,0.28878351470841773,0.5660156888284987,no_offer
10,2,9,5,0.3,2,17647.9,148.8412728036009,50,21.04933466397261,41.25669594138631,no_offer
10,2,9,5,0.5,1,0.56,2.042007815452073,50,0.28878351470841773,0.5660156888284987,no_offer
10,2,9,5,0.5,2,17647.9,148.8412728036009,50,21.04933466397261,41.25669594138631,no_offer
10,2,9,5,0.7,1,0.56,2.042007815452073,50,0.28878351470841773,0.5660156888284987,no_offer
10,2,9,5,0.7,2,17647.9,148.8412728036009,50,21.04933466397261,41.25669594138631,no_offer
10,2,9,9,0.3,1,0.56,2.042007815452073,50,0.28878351470841773,0.5660156888284987,no_offer
10,2,9,9,0.3,2,17647.9,148.8412728036009,50,21.04933466397261,41.25669594138631,no_offer
10,2,9,9,0.5,1,0.56,2.042007815452073,50,0.28878351470841773,0.5660156888284987,no_offer
10,2,9,9,0.5,2,17647.9,148.8412728036009,50,21.04933466397261,41.25669594138631,no_offer
10,2,9,9,0.7,1,0.56,2.042007815452073,50,0.28878351470841773,0.5660156888284987,no_offer
10,2,9,9,0.7,2,17647.9,148.8412728036009,50,21.04933466397261,41.25669594138631,no_offer
10,2,12,12,0.3,1,0.56,2.042007815452073,50,0.28878351470841773,0.5660156888284987,no_offer
10,2,12,12,0.3,2,17647.9,148.8412728036009,50,21.04933466397261,41.25669594138631,no_offer
10,2,12,12,0.5,1,0.56,2.042007815452073,50,0.28878351470841773,0.5660156888284987,no_offer
10,2,12,12,0.5,2,17647.9,148.8412728036009,50,21.04933466397261,41.25669594138631,no_offer
10,2,12,12,0.7,1,0.56,2.042007815452073,50,0.28878351470841773,0.5660156888284987,no_offer
10,2,12,12,0.7,2,17647.9,148.8412728036009,50,21.04933466397261,41.25669594138631,no_offer
10,5,5,9,0.3,1,0.0,0.0,50,0.0,0.0,no_offer
10,5,5,9,0.3,2,15934.68,119.74896190594329,50,16.93506060074841,33.19271877746689,no_offer
10,5,5,9,0.5,1,0.0,0.0,50,0.0,0.0,no_offer
10,5,5,9,0.5,2,15909.58,150.92261701458364,50,21.34368118508646,41.83361512276946,no_offer
10,5,5,9,0.7,1,0.0,0.0,50,0.0,0.0,no_offer
10,5,5,9,0.7,2,15903.36,154.704162708001,50,21.8784725057229,42.88180611121688,no_offer
10,5,5,12,0.3,1,0.0,0.0,50,0.0,0.0,no_offer
10,5,5,12,0.3,2,15934.68,119.74896190594329,50,16.93506060074841,33.19271877746689,no_offer
10,5,5,12,0.5,1,0.0,0.0,50,0.0,0.0,no_offer
10,5,5,12,0.5,2,15909.58,150.92261701458364,50,21.34368118508646,41.83361512276946,no_offer
10,5,5,12,0.7,1,0.0,0.0,50,0.0,0.0,no_offer
10,5,5,12,0.7,2,15903.36,154.704162708001,50,21.8784725057229,42.88180611121688,no_offer
10,5,9,5,0.3,1,201.48,66.58744136050561,50,9.41688626557502,18.45709708052704,no_offer
10,5,9,5,0.3,2,15956.44,135.96010219088217,50,19.22766204599775,37.68621761015559,no_offer
10,5,9,5,0.5,1,201.48,66.58744136050561,50,9.41688626557502,18.45709708052704,no_offer
10,5,9,5,0.5,2,15956.44,135.96010219088217,50,19.22766204599775,37.68621761015559,no_offer
10,5,9,5,0.7,1,201.48,66.58744136050561,50,9.41688626557502,18.45709708052704,no_offer
10,5,9,5,0.7,2,15956.44,135.96010219088217,50,19.22766204599775,37.68621761015559,no_offer
10,5,9,9,0.3,1,201.48,66.58744136050561,50,9.41688626557502,18.45709708052704,no_offer
10,5,9,9,0.3,2,15956.44,135.96010219088217,50,19.22766204599775,37.68621761015559,no_offer
10,5,9,9,0.5,1,201.48,66.58744136050561,50,9.41688626557502,18.45709708052704,no_offer
10,5,9,9,0.5,2,15956.44,135.96010219088217,50,19.22766204599775,37.68621761015559,no_offer
10,5,9,9,0.7,1,201.48,66.58744136050561,50,9.41688626557502,18.45709708052704,no_offer
10,5,9,9,0.7,2,15956.44,135.96010219088217,50,19.22766204599775,37.68621761015559,no_offer
10,5,12,12,0.3,1,201.48,66.58744136050561,50,9.41688626557502,18.45709708052704,no_offer
10,5,12,12,0.3,2,15956.44,135.96010219088217,50,19.22766204599775,37.68621761015559,no_offer
10,5,12,12,0.5,1,201.48,66.58744136050561,50,9.41688626557502,18.45709708052704,no_offer
10,5,12,12,0.5,2,15956.44,135.96010219088217,50,19.22766204599775,37.68621761015559,no_offer
10,5,12,12,0.7,1,201.48,66.58744136050561,50,9.41688626557502,18.45709708052704,no_offer
10,5,12,12,0.7,2,15956.44,135.96010219088217,50,19.22766204599775,37.68621761015559,no_offer
10,7,5,9,0.3,1,0.0,0.0,50,0.0,0.0,no_offer
10,7,5,9,0.3,2,13449.1,185.1509312613327,50,26.184295807578533,51.32121978285392,no_offer
10,7,5,9,0.5,1,0.0,0.0,50,0.0,0.0,no_offer
10,7,5,9,0.5,2,10778.3,185.92770703931672,50,26.294148491593326,51.53653104352292,no_offer
10,7,5,9,0.7,1,0.0,0.0,50,0.0,0.0,no_offer
10,7,5,9,0.7,2,8005.78,144.18826836706884,50,20.391300465980027,39.966948913320856,no_offer
10,7,5,12,0.3,1,0.0,0.0,50,0.0,0.0,no_offer
10,7,5,12,0.3,2,13449.1,185.1509312613327,50,26.184295807578533,51.32121978285392,no_offer
10,7,5,12,0.5,1,0.0,0.0,50,0.0,0.0,no_offer
10,7,5,12,0.5,2,10778.3,185.92770703931672,50,26.294148491593326,51.53653104352292,no_offer
10,7,5,12,0.7,1,0.0,0.0,50,0.0,0.0,no_offer
10,7,5,12,0.7,2,8005.78,144.18826836706884,50,20.391300465980027,39.966948913320856,no_offer
10,7,9,5,0.3,1,828.42,113.28401908297495,50,16.020779618727566,31.40072805270603,no_offer
10,7,9,5,0.3,2,14641.08,138.43643498231302,50,19.577868387856824,38.372622040199374,no_offer
10,7,9,5,0.5,1,762.84,119.23606494544117,50,16.86252601698421,33.05055099328905,no_offer
10,7,9,5,0.5,2,14543.64,143.4261183626309,50,20.28351617869614,39.755691710244434,no_offer
10,7,9,5,0.7,1,706.24,127.83320765588194,50,18.07834559886044,35.43355737376646,no_offer
10,7,9,5,0.7,2,14465.7,144.3802024418268,50,20.418444043140454,40.02015032455529,no_offer
10,7,9,9,0.3,1,942.72,122.36063125708633,50,17.30440642243047,33.91663658796372,no_offer
10,7,9,9,0.3,2,14774.74,160.9297996275495,50,22.758910522326516,44.607464623759974,no_offer
10,7,9,9,0.5,1,942.72,122.36063125708633,50,17.30440642243047,33.91663658796372,no_offer
10,7,9,9,0.5,2,14774.74,160.9297996275495,50,22.758910522326516,44.607464623759974,no_offer
10,7,9,9,0.7,1,942.72,122.36063125708633,50,17.30440642243047,33.91663658796372,no_offer
10,7,9,9,0.7,2,14774.74,160.9297996275495,50,22.758910522326516,44.607464623759974,no_offer
10,7,12,12,0.3,1,942.72,122.36063125708633,50,17.30440642243047,33.91663658796372,no_offer
10,7,12,12,0.3,2,14774.74,160.9297996275495,50,22.758910522326516,44.607464623759974,no_offer
10,7,12,12,0.5,1,942.72,122.36063125708633,50,17.30440642243047,33.91663658796372,no_offer
10,7,12,12,0.5,2,14774.74,160.9297996275495,50,22.758910522326516,44.607464623759974,no_offer
10,7,12,12,0.7,1,942.72,122.36063125708633,50,17.30440642243047,33.91663658796372,no_offer
10,7,12,12,0.7,2,14774.74,160.9297996275495,50,22.758910522326516,44.607464623759974,no_offer
10,10,5,9,0.3,1,6412.66,122.8564136190982,50,17.37452063646473,34.05406044747087,no_offer
10,10,5,9,0.3,2,6398.64,152.79381331636145,50,21.608308303870118,42.35228427558543,no_offer
10,10,5,9,0.5,1,5218.38,141.4933314935472,50,20.01017883835266,39.219950523171214,no_offer
10,10,5,9,0.5,2,5244.7,141.413888126669,50,19.99894384966469,39.19792994534279,no_offer
10,10,5,9,0.7,1,3651.9,130.02421281579583,50,18.388200520098405,36.04087301939287,no_offer
10,10,5,9,0.7,2,3644.56,116.57268206608965,50,16.485866798007084,32.31229892409388,no_offer
10,10,5,12,0.3,1,6412.66,122.8564136190982,50,17.37452063646473,34.05406044747087,no_offer
10,10,5,12,0.3,2,6398.64,152.79381331636145,50,21.608308303870118,42.35228427558543,no_offer
10,10,5,12,0.5,1,5218.38,141.4933314935472,50,20.01017883835266,39.219950523171214,no_offer
10,10,5,12,0.5,2,5244.7,141.413888126669,50,19.99894384966469,39.19792994534279,no_offer
10,10,5,12,0.7,1,3651.9,130.02421281579583,50,18.388200520098405,36.04087301939287,no_offer
10,10,5,12,0.7,2,3644.56,116.57268206608965,50,16.485866798007084,32.31229892409388,no_offer
10,10,9,5,0.3,1,6408.82,123.41148856651914,50,17.453020088342353,34.20791937315101,no_offer
10,10,9,5,0.3,2,6372.88,124.0848360220226,50,17.548245798718593,34.39456176548844,no_offer
10,10,9,5,0.5,1,5207.36,140.20156917809447,50,19.82749605976509,38.861892277139575,no_offer
10,10,9,5,0.5,2,5218.02,148.19078849887524,50,20.95734229138722,41.076390891118955,no_offer
10,10,9,5,0.7,1,3649.38,129.7438433913501,50,18.34855029584582,35.963158579857804,no_offer
10,10,9,5,0.7,2,3653.38,130.4766598879287,50,18.452186198665036,36.16628494938347,no_offer
10,10,9,9,0.3,1,7734.56,114.06016314352071,50,16.130542964405482,31.615864210234744,no_offer
10,10,9,9,0.3,2,7743.26,111.56416841203702,50,15.77755600431788,30.924009768463044,no_offer
10,10,9,9,0.5,1,7734.56,114.06016314352071,50,16.130542964405482,31.615864210234744,no_offer
10,10,9,9,0.5,2,7743.26,111.56416841203702,50,15.77755600431788,30.924009768463044,no_offer
10,10,9,9,0.7,1,7734.56,114.06016314352071,50,16.130542964405482,31.615864210234744,no_offer
10,10,9,9,0.7,2,7743.26,111.56416841203702,50,15.77755600431788,30.924009768463044,no_offer
10,10,12,12,0.3,1,7734.56,114.06016314352071,50,16.130542964405482,31.615864210234744,no_offer
10,10,12,12,0.3,2,7743.26,111.56416841203702,50,15.77755600431788,30.924009768463044,no_offer
10,10,12,12,0.5,1,7734.56,114.06016314352071,50,16.130542964405482,31.615864210234744,no_offer
10,10,12,12,0.5,2,7743.26,111.56416841203702,50,15.77755600431788,30.924009768463044,no_offer
10,10,12,12,0.7,1,7734.56,114.06016314352071,50,16.130542964405482,31.615864210234744,no_offer
10,10,12,12,0.7,2,7743.26,111.56416841203702,50,15.77755600431788,30.924009768463044,no_offer
10,14,5,9,0.3,1,10151.36,128.15563879557544,50,18.123944247929035,35.52293072594091,no_offer
10,14,5,9,0.3,2,0.0,0.0,50,0.0,0.0,no_offer
10,14,5,9,0.5,1,7473.04,141.10481847165374,50,19.955234799880635,39.11226020776604,no_offer
10,14,5,9,0.5,2,0.0,0.0,50,0.0,0.0,no_offer
10,14,5,9,0.7,1,4676.16,148.86473246349706,50,21.05265236089199,41.2631986273483,no_offer
10,14,5,9,0.7,2,0.0,0.0,50,0.0,0.0,no_offer
10,14,5,12,0.3,1,12541.98,129.16711055442684,50,18.266987955861538,35.803296393488615,no_offer
10,14,5,12,0.3,2,0.0,0.0,50,0.0,0.0,no_offer
10,14,5,12,0.5,1,12077.14,182.16184886982649,50,25.761575721866667,50.49268841485866,no_offer
10,14,5,12,0.5,2,0.0,0.0,50,0.0,0.0,no_offer
10,14,5,12,0.7,1,11128.16,299.60091550499055,50,42.36996780065533,83.04513688928445,no_offer
10,14,5,12,0.7,2,0.0,0.0,50,0.0,0.0,no_offer
10,14,9,5,0.3,1,10193.2,192.82094898466522,50,27.26900011637642,53.44724022809778,no_offer
10,14,9,5,0.3,2,0.0,0.0,50,0.0,0.0,no_offer
10,14,9,5,0.5,1,7433.32,144.48803919144225,50,20.43369446252329,40.05004114654565,no_offer
10,14,9,5,0.5,2,0.0,0.0,50,0.0,0.0,no_offer
10,14,9,5,0.7,1,4623.74,159.5698055934861,50,22.566578321554623,44.23049351024706,no_offer
10,14,9,5,0.7,2,0.0,0.0,50,0.0,0.0,no_offer
10,14,9,9,0.3,1,11268.46,164.3526832448924,50,23.242979365733618,45.55623955683789,no_offer
10,14,9,9,0.3,2,0.0,0.0,50,0.0,0.0,no_offer
10,14,9,9,0.5,1,9982.3,149.3839389776885,50,21.12607925029619,41.40711533058053,no_offer
10,14,9,9,0.5,2,0.0,0.0,50,0.0,0.0,no_offer
10,14,9,9,0.7,1,8944.8,130.21285556772798,50,18.41487863392099,36.09316212248514,no_offer
10,14,9,9,0.7,2,0.0,0.0,50,0.0,0.0,no_offer
10,14,12,12,0.3,1,13003.86,142.31798400563625,50,20.126802315036798,39.448532537472126,no_offer
10,14,12,12,0.3,2,0.0,0.0,50,0.0,0.0,no_offer
10,14,12,12,0.5,1,12985.14,142.20637633168144,50,20.11101860641962,39.41759646858245,no_offer
10,14,12,12,0.5,2,0.0,0.0,50,0.0,0.0,no_offer
10,14,12,12,0.7,1,12991.86,142.72980181633574,50,20.1850421483486,39.562682610763254,no_offer
10,14,12,12,0.7,2,0.0,0.0,50,0.0,0.0,no_offer
14,2,5,9,0.3,1,0.0,0.0,50,0.0,0.0,no_offer
14,2,5,9,0.3,2,17660.64,125.70905183910095,50,17.7779446023919,34.844771420688126,no_offer
14,2,5,9,0.5,1,0.0,0.0,50,0.0,0.0,no_offer
14,2,5,9,0.5,2,17660.06,123.95842127133457,50,17.53036805322789,34.35952138432666,no_offer
14,2,5,9,0.7,1,0.0,0.0,50,0.0,0.0,no_offer
14,2,5,9,0.7,2,17656.82,143.0435483854256,50,20.229412613664092,39.64964872278162,no_offer
14,2,5,12,0.3,1,0.0,0.0,50,0.0,0.0,no_offer
14,2,5,12,0.3,2,17660.64,125.70905183910095,50,17.7779446023919,34.844771420688126,no_offer
14,2,5,12,0.5,1,0.0,0.0,50,0.0,0.0,no_offer
14,2,5,12,0.5,2,17660.06,123.95842127133457,50,17.53036805322789,34.35952138432666,no_offer
14,2,5,12,0.7,1,0.0,0.0,50,0.0,0.0,no_offer
14,2,5,12,0.7,2,17656.82,143.0435483854256,50,20.229412613664092,39.64964872278162,no_offer
14,2,9,5,0.3,1,0.0,0.0,50,0.0,0.0,no_offer
14,2,9,5,0.3,2,17644.64,146.86239012304364,50,20.769478391453678,40.70817764724921,no_offer
14,2,9,5,0.5,1,0.0,0.0,50,0.0,0.0,no_offer
14,2,9,5,0.5,2,17649.62,143.7680799632746,50,20.331876852040256,39.850478629998904,no_offer
14,2,9,5,0.7,1,0.0,0.0,50,0.0,0.0,no_offer
14,2,9,5,0.7,2,17640.02,149.96713789687223,50,21.208556032403287,41.56876982351044,no_offer
14,2,9,9,0.3,1,0.0,0.0,50,0.0,0.0,no_offer
14,2,9,9,0.3,2,17644.64,146.86239012304364,50,20.769478391453678,40.70817764724921,no_offer
14,2,9,9,0.5,1,0.0,0.0,50,0.0,0.0,no_offer
14,2,9,9,0.5,2,17649.62,143.7680799632746,50,20.331876852040256,39.850478629998904,no_offer
14,2,9,9,0.7,1,0.0,0.0,50,0.0,0.0,no_offer
14,2,9,9,0.7,2,17640.02,149.96713789687223,50,21.208556032403287,41.56876982351044,no_offer
14,2,12,12,0.3,1,0.0,0.0,50,0.0,0.0,no_offer
14,2,12,12,0.3,2,17649.14,145.62182080264512,50,20.594035395656523,40.36430937548678,no_offer
14,2,12,12,0.5,1,0.0,0.0,50,0.0,0.0,no_offer
14,2,12,12,0.5,2,17649.14,145.62182080264512,50,20.594035395656523,40.36430937548678,no_offer
14,2,12,12,0.7,1,0.0,0.0,50,0.0,0.0,no_offer
14,2,12,12,0.7,2,17649.14,145.62182080264512,50,20.594035395656523,40.36430937548678,no_offer
14,5,5,9,0.3,1,0.0,0.0,50,0.0,0.0,no_offer
14,5,5,9,0.3,2,15934.68,119.74896190594329,50,16.93506060074841,33.19271877746689,no_offer
14,5,5,9,0.5,1,0.0,0.0,50,0.0,0.0,no_offer
14,5,5,9,0.5,2,15909.58,150.92261701458364,50,21.34368118508646,41.83361512276946,no_offer
14,5,5,9,0.7,1,0.0,0.0,50,0.0,0.0,no_offer
14,5,5,9,0.7,2,15903.36,154.704162708001,50,21.8784725057229,42.88180611121688,no_offer
14,5,5,12,0.3,1,0.0,0.0,50,0.0,0.0,no_offer
14,5,5,12,0.3,2,15934.68,119.74896190594329,50,16.93506060074841,33.19271877746689,no_offer
14,5,5,12,0.5,1,0.0,0.0,50,0.0,0.0,no_offer
14,5,5,12,0.5,2,15909.58,150.92261701458364,50,21.34368118508646,41.83361512276946,no_offer
14,5,5,12,0.7,1,0.0,0.0,50,0.0,0.0,no_offer
14,5,5,12,0.7,2,15903.36,154.704162708001,50,21.8784725057229,42.88180611121688,no_offer
14,5,9,5,0.3,1,0.0,0.0,50,0.0,0.0,no_offer
14,5,9,5,0.3,2,15945.76,140.75156286514033,50,19.905276912909073,39.01434274930178,no_offer
14,5,9,5,0.5,1,0.0,0.0,50,0.0,0.0,no_offer
14,5,9,5,0.5,2,15920.1,125.69078514110642,50,17.775361301187537,34.839708150327574,no_offer
14,5,9,5,0.7,1,0.0,0.0,50,0.0,0.0,no_offer
14,5,9,5,0.7,2,15922.58,122.31659990469329,50,17.298179448858086,33.904431719761845,no_offer
14,5,9,9,0.3,1,0.0,0.0,50,0.0,0.0,no_offer
14,5,9,9,0.3,2,15945.76,140.75156286514033,50,19.905276912909073,39.01434274930178,no_offer
14,5,9,9,0.5,1,0.0,0.0,50,0.0,0.0,no_offer
14,5,9,9,0.5,2,15920.1,125.69078514110642,50,17.775361301187537,34.839708150327574,no_offer
14,5,9,9,0.7,1,0.0,0.0,50,0.0,0.0,no_offer
14,5,9,9,0.7,2,15922.58,122.31659990469329,50,17.298179448858086,33.904431719761845,no_offer
14,5,12,12,0.3,1,0.0,0.0,50,0.0,0.0,no_offer
14,5,12,12,0.3,2,15928.18,115.79145398658144,50,16.375384463472365,32.09575354840583,no_offer
14,5,12,12,0.5,1,0.0,0.0,50,0.0,0.0,no_offer
14,5,12,12,0.5,2,15928.18,115.79145398658144,50,16.375384463472365,32.09575354840583,no_offer
14,5,12,12,0.7,1,0.0,0.0,50,0.0,0.0,no_offer
14,5,12,12,0.7,2,15928.18,115.79145398658144,50,16.375384463472365,32.09575354840583,no_offer
14,7,5,9,0.3,1,0.0,0.0,50,0.0,0.0,no_offer
14,7,5,9,0.3,2,13449.1,185.1509312613327,50,26.184295807578533,51.32121978285392,no_offer
14,7,5,9,0.5,1,0.0,0.0,50,0.0,0.0,no_offer
14,7,5,9,0.5,2,10778.3,185.92770703931672,50,26.294148491593326,51.53653104352292,no_offer
14,7,5,9,0.7,1,0.0,0.0,50,0.0,0.0,no_offer
14,7,5,9,0.7,2,8005.78,144.18826836706884,50,20.391300465980027,39.966948913320856,no_offer
14,7,5,12,0.3,1,0.0,0.0,50,0.0,0.0,no_offer
14,7,5,12,0.3,2,13449.1,185.1509312613327,50,26.184295807578533,51.32121978285392,no_offer
14,7,5,12,0.5,1,0.0,0.0,50,0.0,0.0,no_offer
14,7,5,12,0.5,2,10778.3,185.92770703931672,50,26.294148491593326,51.53653104352292,no_offer
14,7,5,12,0.7,1,0.0,0.0,50,0.0,0.0,no_offer
14,7,5,12,0.7,2,8005.78,144.18826836706884,50,20.391300465980027,39.966948913320856,no_offer
14,7,9,5,0.3,1,0.0,0.0,50,0.0,0.0,no_offer
14,7,9,5,0.3,2,14676.46,139.71942876890853,50,19.759311109201203,38.72824977403436,no_offer
14,7,9,5,0.5,1,0.0,0.0,50,0.0,0.0,no_offer
14,7,9,5,0.5,2,14514.22,136.7481358302969,50,19.339106832044404,37.90464939080703,no_offer
14,7,9,5,0.7,1,0.0,0.0,50,0.0,0.0,no_offer
14,7,9,5,0.7,2,14439.4,159.25438513169243,50,22.52197113206276,44.143063418843006,no_offer
14,7,9,9,0.3,1,0.0,0.0,50,0.0,0.0,no_offer
14,7,9,9,0.3,2,14749.22,124.07523885916642,50,17.546888554931442,34.39190156766563,no_offer
14,7,9,9,0.5,1,0.0,0.0,50,0.0,0.0,no_offer
14,7,9,9,0.5,2,14754.0,147.0700235831038,50,20.79884219697563,40.76573070607223,no_offer
14,7,9,9,0.7,1,0.0,0.0,50,0.0,0.0,no_offer
14,7,9,9,0.7,2,14764.36,139.23050334328508,50,19.690166612410632,38.59272656032484,no_offer
14,7,12,12,0.3,1,0.0,0.0,50,0.0,0.0,no_offer
14,7,12,12,0.3,2,14776.12,106.54129026162708,50,15.067213764072157,29.531738977581426,no_offer
14,7,12,12,0.5,1,0.0,0.0,50,0.0,0.0,no_offer
14,7,12,12,0.5,2,14776.12,106.54129026162708,50,15.067213764072157,29.531738977581426,no_offer
14,7,12,12,0.7,1,0.0,0.0,50,0.0,0.0,no_offer
14,7,12,12,0.7,2,14776.12,106.54129026162708,50,15.067213764072157,29.531738977581426,no_offer
14,10,5,9,0.3,1,0.0,0.0,50,0.0,0.0,no_offer
14,10,5,9,0.3,2,10210.28,169.1059370902858,50,23.91519097108936,46.873774303335146,no_offer
14,10,5,9,0.5,1,0.0,0.0,50,0.0,0.0,no_offer
14,10,5,9,0.5,2,7437.52,174.35516648964727,50,24.657544111947814,48.328786459417714,no_offer
14,10,5,9,0.7,1,0.0,0.0,50,0.0,0.0,no_offer
14,10,5,9,0.7,2,4660.5,168.1526578039449,50,23.780376921542093,46.6095387662225,no_offer
14,10,5,12,0.3,1,0.0,0.0,50,0.0,0.0,no_offer
14,10,5,12,0.3,2,10210.28,169.1059370902858,50,23.91519097108936,46.873774303335146,no_offer
14,10,5,12,0.5,1,0.0,0.0,50,0.0,0.0,no_offer
14,10,5,12,0.5,2,7437.52,174.35516648964727,50,24.657544111947814,48.328786459417714,no_offer
14,10,5,12,0.7,1,0.0,0.0,50,0.0,0.0,no_offer
14,10,5,12,0.7,2,4660.5,168.1526578039449,50,23.780376921542093,46.6095387662225,no_offer
14,10,9,5,0.3,1,0.0,0.0,50,0.0,0.0,no_offer
14,10,9,5,0.3,2,10155.22,191.25272200277104,50,27.047219329709005,53.01254988622965,no_offer
14,10,9,5,0.5,1,0.0,0.0,50,0.0,0.0,no_offer
14,10,9,5,0.5,2,7413.62,177.7653681751565,50,25.13981945935529,49.27404614033637,no_offer
14,10,9,5,0.7,1,0.0,0.0,50,0.0,0.0,no_offer
14,10,9,5,0.7,2,4611.3,193.60450429066108,50,27.379811570437298,53.6644306780571,no_offer
14,10,9,9,0.3,1,0.0,0.0,50,0.0,0.0,no_offer
14,10,9,9,0.3,2,11257.56,169.08603775375857,50,23.912376779929456,46.86825848866173,no_offer
14,10,9,9,0.5,1,0.0,0.0,50,0.0,0.0,no_offer
14,10,9,9,0.5,2,9987.12,141.96401383621773,50,20.076743373610082,39.35041701227576,no_offer
14,10,9,9,0.7,1,0.0,0.0,50,0.0,0.0,no_offer
14,10,9,9,0.7,2,8955.64,129.56343651521684,50,18.323036910748513,35.91315234506708,no_offer
14,10,12,12,0.3,1,0.0,0.0,50,0.0,0.0,no_offer
14,10,12,12,0.3,2,12966.4,138.66167900501492,50,19.609722703031675,38.435056497942085,no_offer
14,10,12,12,0.5,1,0.0,0.0,50,0.0,0.0,no_offer
14,10,12,12,0.5,2,12959.18,117.18774227185853,50,16.572849446474518,32.48278491509005,no_offer
14,10,12,12,0.7,1,0.0,0.0,50,0.0,0.0,no_offer
14,10,12,12,0.7,2,12965.52,141.98134973815885,50,20.079195040374195,39.35522227913342,no_offer
14,14,5,9,0.3,1,1787.52,133.25749816174147,50,18.845456118824256,36.93709399289554,no_offer
14,14,5,9,0.3,2,1782.3,131.48030813993185,50,18.594123495648525,36.444482051471105,no_offer
14,14,5,9,0.5,1,0.0,0.0,50,0.0,0.0,no_offer
14,14,5,9,0.5,2,0.0,0.0,50,0.0,0.0,no_offer
14,14,5,9,0.7,1,0.0,0.0,50,0.0,0.0,no_offer
14,14,5,9,0.7,2,0.0,0.0,50,0.0,0.0,no_offer
14,14,5,12,0.3,1,2247.7,97.8258031150373,50,13.834657751532593,27.115929193003883,no_offer
14,14,5,12,0.3,2,2261.08,90.43000224550728,50,12.788733562102584,25.065917781721062,no_offer
14,14,5,12,0.5,1,105.16,31.477468456153897,50,4.4515862799864125,8.725109108773369,no_offer
14,14,5,12,0.5,2,105.46,33.384103512704044,50,4.721225195533334,9.253601383245334,no_offer
14,14,5,12,0.7,1,0.04,0.282842712474619,50,0.04,0.0784,no_offer
14,14,5,12,0.7,2,0.0,0.0,50,0.0,0.0,no_offer
14,14,9,5,0.3,1,1802.38,118.44466373520989,50,16.75060498450545,32.831185769630686,no_offer
14,14,9,5,0.3,2,1810.98,123.01144629003981,50,17.396445567050385,34.097033311418755,no_offer
14,14,9,5,0.5,1,0.0,0.0,50,0.0,0.0,no_offer
14,14,9,5,0.5,2,0.0,0.0,50,0.0,0.0,no_offer
14,14,9,5,0.7,1,0.0,0.0,50,0.0,0.0,no_offer
14,14,9,5,0.7,2,0.0,0.0,50,0.0,0.0,no_offer
14,14,9,9,0.3,1,2172.76,126.61423977691344,50,17.905957508207,35.09567671608572,no_offer
14,14,9,9,0.3,2,2179.16,123.1931219919458,50,17.422138391209295,34.14739124677022,no_offer
14,14,9,9,0.5,1,0.0,0.0,50,0.0,0.0,no_offer
14,14,9,9,0.5,2,0.0,0.0,50,0.0,0.0,no_offer
14,14,9,9,0.7,1,0.0,0.0,50,0.0,0.0,no_offer
14,14,9,9,0.7,2,0.0,0.0,50,0.0,0.0,no_offer
14,14,12,12,0.3,1,2947.48,129.73021299321644,50,18.3466226664557,35.959380426253176,no_offer
14,14,12,12,0.3,2,2960.64,120.65074574564215,50,17.062592094391512,33.44268050500736,no_offer
14,14,12,12,0.5,1,572.78,70.07584520812185,50,9.910221068808358,19.424033294864383,no_offer
14,14,12,12,0.5,2,562.0,75.15860780064122,50,10.629032248074711,20.832903206226433,no_offer
14,14,12,12,0.7,1,0.22,0.8154127538760191,50,0.11531677754634606,0.22602088399083828,no_offer
14,14,12,12,0.7,2,0.26,0.9648939880439016,50,0.13645661641439485,0.2674549681722139,no_offer
2,2,5,9,0.3,1,5843.96,56.43271594183125,50,7.980791224648612,15.642350800311279,booked
2,2,5,9,0.3,2,5836.04,56.43271594183125,50,7.980791224648612,15.642350800311279,booked
2,2,5,9,0.5,1,5843.96,56.43271594183125,50,7.980791224648612,15.642350800311279,booked
2,2,5,9,0.5,2,5836.04,56.43271594183125,50,7.980791224648612,15.642350800311279,booked
2,2,5,9,0.7,1,5843.96,56.43271594183125,50,7.980791224648612,15.642350800311279,booked
2,2,5,9,0.7,2,5836.04,56.43271594183125,50,7.980791224648612,15.642350800311279,booked
2,2,5,12,0.3,1,5843.96,56.43271594183125,50,7.980791224648612,15.642350800311279,booked
2,2,5,12,0.3,2,5836.04,56.43271594183125,50,7.980791224648612,15.642350800311279,booked
2,2,5,12,0.5,1,5843.96,56.43271594183125,50,7.980791224648612,15.642350800311279,booked
2,2,5,12,0.5,2,5836.04,56.43271594183125,50,7.980791224648612,15.642350800311279,booked
2,2,5,12,0.7,1,5843.96,56.43271594183125,50,7.980791224648612,15.642350800311279,booked
2,2,5,12,0.7,2,5836.04,56.43271594183125,50,7.980791224648612,15.642350800311279,booked
2,2,9,5,0.3,1,5843.96,56.43271594183125,50,7.980791224648612,15.642350800311279,booked
2,2,9,5,0.3,2,5836.04,56.43271594183125,50,7.980791224648612,15.642350800311279,booked
2,2,9,5,0.5,1,5843.96,56.43271594183125,50,7.980791224648612,15.642350800311279,booked
2,2,9,5,0.5,2,5836.04,56.43271594183125,50,7.980791224648612,15.642350800311279,booked
2,2,9,5,0.7,1,5843.96,56.43271594183125,50,7.980791224648612,15.642350800311279,booked
2,2,9,5,0.7,2,5836.04,56.43271594183125,50,7.980791224648612,15.642350800311279,booked
2,2,9,9,0.3,1,5843.96,56.43271594183125,50,7.980791224648612,15.642350800311279,booked
2,2,9,9,0.3,2,5836.04,56.43271594183125,50,7.980791224648612,15.642350800311279,booked
2,2,9,9,0.5,1,5843.96,56.43271594183125,50,7.980791224648612,15.642350800311279,booked
2,2,9,9,0.5,2,5836.04,56.43271594183125,50,7.980791224648612,15.642350800311279,booked
2,2,9,9,0.7,1,5843.96,56.43271594183125,50,7.980791224648612,15.642350800311279,booked
2,2,9,9,0.7,2,5836.04,56.43271594183125,50,7.980791224648612,15.642350800311279,booked
2,2,12,12,0.3,1,5843.96,56.43271594183125,50,7.980791224648612,15.642350800311279,booked
2,2,12,12,0.3,2,5836.04,56.43271594183125,50,7.980791224648612,15.642350800311279,booked
2,2,12,12,0.5,1,5843.96,56.43271594183125,50,7.980791224648612,15.642350800311279,booked
2,2,12,12,0.5,2,5836.04,56.43271594183125,50,7.980791224648612,15.642350800311279,booked
2,2,12,12,0.7,1,5843.96,56.43271594183125,50,7.980791224648612,15.642350800311279,booked
2,2,12,12,0.7,2,5836.04,56.43271594183125,50,7.980791224648612,15.642350800311279,booked
2,5,5,9,0.3,1,580.54,22.965999713862733,50,3.2478828268801294,6.3658503406850535,booked
2,5,5,9,0.3,2,14584.08,52.83390995200232,50,7.471843200732052,14.644812673434823,booked
2,5,5,9,0.5,1,580.54,22.965999713862733,50,3.2478828268801294,6.3658503406850535,booked
2,5,5,9,0.5,2,14584.08,52.83390995200232,50,7.471843200732052,14.644812673434823,booked
2,5,5,9,0.7,1,580.54,22.965999713862733,50,3.2478828268801294,6.3658503406850535,booked
2,5,5,9,0.7,2,14584.08,52.83390995200232,50,7.471843200732052,14.644812673434823,booked
2,5,5,12,0.3,1,580.54,22.965999713862733,50,3.2478828268801294,6.3658503406850535,booked
2,5,5,12,0.3,2,14584.08,52.83390995200232,50,7.471843200732052,14.644812673434823,booked
2,5,5,12,0.5,1,580.54,22.965999713862733,50,3.2478828268801294,6.3658503406850535,booked
2,5,5,12,0.5,2,14584.08,52.83390995200232,50,7.471843200732052,14.644812673434823,booked
2,5,5,12,0.7,1,580.54,22.965999713862733,50,3.2478828268801294,6.3658503406850535,booked
2,5,5,12,0.7,2,14584.08,52.83390995200232,50,7.471843200732052,14.644812673434823,booked
2,5,9,5,0.3,1,580.54,22.965999713862733,50,3.2478828268801294,6.3658503406850535,booked
2,5,9,5,0.3,2,14584.08,52.83390995200232,50,7.471843200732052,14.644812673434823,booked
2,5,9,5,0.5,1,580.54,22.965999713862733,50,3.2478828268801294,6.3658503406850535,booked
2,5,9,5,0.5,2,14584.08,52.83390995200232,50,7.471843200732052,14.644812673434823,booked
2,5,9,5,0.7,1,580.54,22.965999713862733,50,3.2478828268801294,6.3658503406850535,booked
2,5,9,5,0.7,2,14584.08,52.83390995200232,50,7.471843200732052,14.644812673434823,booked
2,5,9,9,0.3,1,580.54,22.965999713862733,50,3.2478828268801294,6.3658503406850535,booked
2,5,9,9,0.3,2,14584.08,52.83390995200232,50,7.471843200732052,14.644812673434823,booked
2,5,9,9,0.5,1,580.54,22.965999713862733,50,3.2478828268801294,6.3658503406850535,booked
2,5,9,9,0.5,2,14584.08,52.83390995200232,50,7.471843200732052,14.644812673434823,booked
2,5,9,9,0.7,1,580.54,22.965999713862733,50,3.2478828268801294,6.3658503406850535,booked
2,5,9,9,0.7,2,14584.08,52.83390995200232,50,7.471843200732052,14.644812673434823,booked
2,5,12,12,0.3,1,580.54,22.965999713862733,50,3.2478828268801294,6.3658503406850535,booked
2,5,12,12,0.3,2,14584.08,52.83390995200232,50,7.471843200732052,14.644812673434823,booked
2,5,12,12,0.5,1,580.54,22.965999713862733,50,3.2478828268801294,6.3658503406850535,booked
2,5,12,12,0.5,2,14584.08,52.83390995200232,50,7.471843200732052,14.644812673434823,booked
2,5,12,12,0.7,1,580.54,22.965999713862733,50,3.2478828268801294,6.3658503406850535,booked
2,5,12,12,0.7,2,14584.08,52.83390995200232,50,7.471843200732052,14.644812673434823,booked
2,7,5,9,0.3,1,583.58,23.392908396890423,50,3.3082568318233894,6.484183390373843,booked
2,7,5,9,0.3,2,16807.68,68.12157199763242,50,9.6338451009227,18.882336397808494,booked
2,7,5,9,0.5,1,583.58,23.392908396890423,50,3.3082568318233894,6.484183390373843,booked
2,7,5,9,0.5,2,16807.68,68.12157199763242,50,9.6338451009227,18.882336397808494,booked
2,7,5,9,0.7,1,583.58,23.392908396890423,50,3.3082568318233894,6.484183390373843,booked
2,7,5,9,0.7,2,16807.68,68.12157199763242,50,9.6338451009227,18.882336397808494,booked
2,7,5,12,0.3,1,583.58,23.392908396890423,50,3.3082568318233894,6.484183390373843,booked
2,7,5,12,0.3,2,16807.68,68.12157199763242,50,9.6338451009227,18.882336397808494,booked
2,7,5,12,0.5,1,583.58,23.392908396890423,50,3.3082568318233894,6.484183390373843,booked
2,7,5,12,0.5,2,16807.68,68.12157199763242,50,9.6338451009227,18.882336397808494,booked
2,7,5,12,0.7,1,583.58,23.392908396890423,50,3.3082568318233894,6.484183390373843,booked
2,7,5,12,0.7,2,16807.68,68.12157199763242,50,9.6338451009227,18.882336397808494,booked
2,7,9,5,0.3,1,582.76,24.946931429638845,50,3.528028876738688,6.914936598407828,booked
2,7,9,5,0.3,2,16235.58,74.93646015942103,50,10.597615827368433,20.77132702164213,booked
2,7,9,5,0.5,1,587.14,22.622915959942304,50,3.199363457097715,6.270752375911521,booked
2,7,9,5,0.5,2,15990.34,66.97474699238415,50,9.471659553313632,18.564452724494718,booked
2,7,9,5,0.7,1,585.22,24.585784842598173,50,3.4769550365989206,6.814831871733884,booked
2,7,9,5,0.7,2,15845.72,63.95343969623195,50,9.04438217788211,17.726989068648933,booked
2,7,9,9,0.3,1,583.58,23.392908396890423,50,3.3082568318233894,6.484183390373843,booked
2,7,9,9,0.3,2,16807.68,68.12157199763242,50,9.6338451009227,18.882336397808494,booked
2,7,9,9,0.5,1,583.58,23.392908396890423,50,3.3082568318233894,6.484183390373843,booked
2,7,9,9,0.5,2,16807.68,68.12157199763242,50,9.6338451009227,18.882336397808494,booked
2,7,9,9,0.7,1,583.58,23.392908396890423,50,3.3082568318233894,6.484183390373843,booked
2,7,9,9,0.7,2,16807.68,68.12157199763242,50,9.6338451009227,18.882336397808494,booked
2,7,12,12,0.3,1,583.58,23.392908396890423,50,3.3082568318233894,6.484183390373843,booked
2,7,12,12,0.3,2,16807.68,68.12157199763242,50,9.6338451009227,18.882336397808494,booked
2,7,12,12,0.5,1,583.58,23.392908396890423,50,3.3082568318233894,6.484183390373843,booked
2,7,12,12,0.5,2,16807.68,68.12157199763242,50,9.6338451009227,18.882336397808494,booked
2,7,12,12,0.7,1,583.58,23.392908396890423,50,3.3082568318233894,6.484183390373843,booked
2,7,12,12,0.7,2,16807.68,68.12157199763242,50,9.6338451009227,18.882336397808494,booked
2,10,5,9,0.3,1,579.64,24.842984473509215,50,3.5133285572260955,6.886123972163147,booked
2,10,5,9,0.3,2,18216.0,122.28120819468113,50,17.29317430522861,33.894621638248076,booked
2,10,5,9,0.5,1,579.64,24.842984473509215,50,3.5133285572260955,6.886123972163147,booked
2,10,5,9,0.5,2,18216.0,122.28120819468113,50,17.29317430522861,33.894621638248076,booked
2,10,5,9,0.7,1,579.64,24.842984473509215,50,3.5133285572260955,6.886123972163147,booked
2,10,5,9,0.7,2,18216.0,122.28120819468113,50,17.29317430522861,33.894621638248076,booked
2,10,5,12,0.3,1,579.64,24.842984473509215,50,3.5133285572260955,6.886123972163147,booked
2,10,5,12,0.3,2,18216.0,122.28120819468113,50,17.29317430522861,33.894621638248076,booked
2,10,5,12,0.5,1,579.64,24.842984473509215,50,3.5133285572260955,6.886123972163147,booked
2,10,5,12,0.5,2,18216.0,122.28120819468113,50,17.29317430522861,33.894621638248076,booked
2,10,5,12,0.7,1,579.64,24.842984473509215,50,3.5133285572260955,6.886123972163147,booked
2,10,5,12,0.7,2,18216.0,122.28120819468113,50,17.29317430522861,33.894621638248076,booked
2,10,9,5,0.3,1,585.86,24.125530553540067,50,3.4118652508262843,6.687255891619517,booked
2,10,9,5,0.3,2,16230.74,66.9403663947339,50,9.466797402565684,18.55492290902874,booked
2,10,9,5,0.5,1,587.14,22.622915959942304,50,3.199363457097715,6.270752375911521,booked
2,10,9,5,0.5,2,15990.34,66.97474699238415,50,9.471659553313632,18.564452724494718,booked
2,10,9,5,0.7,1,585.22,24.585784842598173,50,3.4769550365989206,6.814831871733884,booked
2,10,9,5,0.7,2,15845.72,63.95343969623195,50,9.04438217788211,17.726989068648933,booked
2,10,9,9,0.3,1,579.64,24.842984473509215,50,3.5133285572260955,6.886123972163147,booked
2,10,9,9,0.3,2,18216.0,122.28120819468113,50,17.29317430522861,33.894621638248076,booked
2,10,9,9,0.5,1,579.64,24.842984473509215,50,3.5133285572260955,6.886123972163147,booked
2,10,9,9,0.5,2,18216.0,122.28120819468113,50,17.29317430522861,33.894621638248076,booked
2,10,9,9,0.7,1,579.64,24.842984473509215,50,3.5133285572260955,6.886123972163147,booked
2,10,9,9,0.7,2,18216.0,122.28120819468113,50,17.29317430522861,33.894621638248076,booked
2,10,12,12,0.3,1,579.64,24.842984473509215,50,3.5133285572260955,6.886123972163147,booked
2,10,12,12,0.3,2,18216.0,122.28120819468113,50,17.29317430522861,33.894621638248076,booked
2,10,12,12,0.5,1,579.64,24.842984473509215,50,3.5133285572260955,6.886123972163147,booked
2,10,12,12,0.5,2,18216.0,122.28120819468113,50,17.29317430522861,33.894621638248076,booked
2,10,12,12,0.7,1,579.64,24.842984473509215,50,3.5133285572260955,6.886123972163147,booked
2,10,12,12,0.7,2,18216.0,122.28120819468113,50,17.29317430522861,33.894621638248076,booked
2,14,5,9,0.3,1,579.88,24.756479259097457,50,3.5010948724823856,6.862145950065476,booked
2,14,5,9,0.3,2,18215.94,124.98186154112815,50,17.675104364209975,34.643204553851554,booked
2,14,5,9,0.5,1,579.28,24.721336731574993,50,3.4961249685785516,6.852404938413961,booked
2,14,5,9,0.5,2,18218.56,121.40657952112994,50,17.16948313201096,33.65218693874148,booked
2,14,5,9,0.7,1,579.4,24.723780174610226,50,3.496470523606483,6.853082226268707,booked
2,14,5,9,0.7,2,18220.96,120.4240738017959,50,17.030535840671828,33.37985024771678,booked
2,14,5,12,0.3,1,579.44,24.966230253308666,50,3.5307581425558587,6.920285959409483,booked
2,14,5,12,0.3,2,18225.88,122.03389291671431,50,17.258198643200334,33.82606934067265,booked
2,14,5,12,0.5,1,579.44,24.966230253308666,50,3.5307581425558587,6.920285959409483,booked
2,14,5,12,0.5,2,18225.88,122.03389291671431,50,17.258198643200334,33.82606934067265,booked
2,14,5,12,0.7,1,579.44,24.966230253308666,50,3.5307581425558587,6.920285959409483,booked
2,14,5,12,0.7,2,18225.88,122.03389291671431,50,17.258198643200334,33.82606934067265,booked
2,14,9,5,0.3,1,585.86,24.125530553540067,50,3.4118652508262843,6.687255891619517,booked
2,14,9,5,0.3,2,16230.74,66.9403663947339,50,9.466797402565684,18.55492290902874,booked
2,14,9,5,0.5,1,587.14,22.622915959942304,50,3.199363457097715,6.270752375911521,booked
2,14,9,5,0.5,2,15990.34,66.97474699238415,50,9.471659553313632,18.564452724494718,booked
2,14,9,5,0.7,1,585.22,24.585784842598173,50,3.4769550365989206,6.814831871733884,booked
2,14,9,5,0.7,2,15845.72,63.95343969623195,50,9.04438217788211,17.726989068648933,booked
2,14,9,9,0.3,1,579.88,24.756479259097457,50,3.5010948724823856,6.862145950065476,booked
2,14,9,9,0.3,2,18215.94,124.98186154112815,50,17.675104364209975,34.643204553851554,booked
2,14,9,9,0.5,1,579.28,24.721336731574993,50,3.4961249685785516,6.852404938413961,booked
2,14,9,9,0.5,2,18218.56,121.40657952112994,50,17.16948313201096,33.65218693874148,booked
2,14,9,9,0.7,1,579.4,24.723780174610226,50,3.496470523606483,6.853082226268707,booked
2,14,9,9,0.7,2,18220.96,120.4240738017959,50,17.030535840671828,33.37985024771678,booked
2,14,12,12,0.3,1,579.44,24.966230253308666,50,3.5307581425558587,6.920285959409483,booked
2,14,12,12,0.3,2,18225.88,122.03389291671431,50,17.258198643200334,33.82606934067265,booked
2,14,12,12,0.5,1,579.44,24.966230253308666,50,3.5307581425558587,6.920285959409483,booked
2,14,12,12,0.5,2,18225.88,122.03389291671431,50,17.258198643200334,33.82606934067265,booked
2,14,12,12,0.7,1,579.44,24.966230253308666,50,3.5307581425558587,6.920285959409483,booked
2,14,12,12,0.7,2,18225.88,122.03389291671431,50,17.258198643200334,33.82606934067265,booked
5,2,5,9,0.3,1,14593.6,58.38681707511772,50,8.257142857142847,16.18399999999998,booked
5,2,5,9,0.3,2,580.06,22.490279079220528,50,3.1806057695389556,6.233987308296353,booked
5,2,5,9,0.5,1,14593.6,58.38681707511772,50,8.257142857142847,16.18399999999998,booked
5,2,5,9,0.5,2,580.06,22.490279079220528,50,3.1806057695389556,6.233987308296353,booked
5,2,5,9,0.7,1,14593.6,58.38681707511772,50,8.257142857142847,16.18399999999998,booked
5,2,5,9,0.7,2,580.06,22.490279079220528,50,3.1806057695389556,6.233987308296353,booked
5,2,5,12,0.3,1,14593.6,58.38681707511772,50,8.257142857142847,16.18399999999998,booked
5,2,5,12,0.3,2,580.06,22.490279079220528,50,3.1806057695389556,6.233987308296353,booked
5,2,5,12,0.5,1,14593.6,58.38681707511772,50,8.257142857142847,16.18399999999998,booked
5,2,5,12,0.5,2,580.06,22.490279079220528,50,3.1806057695389556,6.233987308296353,booked
5,2,5,12,0.7,1,14593.6,58.38681707511772,50,8.257142857142847,16.18399999999998,booked
5,2,5,12,0.7,2,580.06,22.490279079220528,50,3.1806057695389556,6.233987308296353,booked
5,2,9,5,0.3,1,14593.6,58.38681707511772,50,8.257142857142847,16.18399999999998,booked
5,2,9,5,0.3,2,580.06,22.490279079220528,50,3.1806057695389556,6.233987308296353,booked
5,2,9,5,0.5,1,14593.6,58.38681707511772,50,8.257142857142847,16.18399999999998,booked
5,2,9,5,0.5,2,580.06,22.490279079220528,50,3.1806057695389556,6.233987308296353,booked
5,2,9,5,0.7,1,14593.6,58.38681707511772,50,8.257142857142847,16.18399999999998,booked
5,2,9,5,0.7,2,580.06,22.490279079220528,50,3.1806057695389556,6.233987308296353,booked
5,2,9,9,0.3,1,14593.6,58.38681707511772,50,8.257142857142847,16.18399999999998,booked
5,2,9,9,0.3,2,580.06,22.490279079220528,50,3.1806057695389556,6.233987308296353,booked
5,2,9,9,0.5,1,14593.6,58.38681707511772,50,8.257142857142847,16.18399999999998,booked
5,2,9,9,0.5,2,580.06,22.490279079220528,50,3.1806057695389556,6.233987308296353,booked
5,2,9,9,0.7,1,14593.6,58.38681707511772,50,8.257142857142847,16.18399999999998,booked
5,2,9,9,0.7,2,580.06,22.490279079220528,50,3.1806057695389556,6.233987308296353,booked
5,2,12,12,0.3,1,14593.6,58.38681707511772,50,8.257142857142847,16.18399999999998,booked
5,2,12,12,0.3,2,580.06,22.490279079220528,50,3.1806057695389556,6.233987308296353,booked
5,2,12,12,0.5,1,14593.6,58.38681707511772,50,8.257142857142847,16.18399999999998,booked
5,2,12,12,0.5,2,580.06,22.490279079220528,50,3.1806057695389556,6.233987308296353,booked
5,2,12,12,0.7,1,14593.6,58.38681707511772,50,8.257142857142847,16.18399999999998,booked
5,2,12,12,0.7,2,580.06,22.490279079220528,50,3.1806057695389556,6.233987308296353,booked
5,5,5,9,0.3,1,7593.54,69.9049529645761,50,9.88605325595568,19.376664381673134,booked
5,5,5,9,0.3,2,7591.68,64.44850499366446,50,9.114394983671042,17.864214167995243,booked
5,5,5,9,0.5,1,7593.54,69.9049529645761,50,9.88605325595568,19.376664381673134,booked
5,5,5,9,0.5,2,7591.68,64.44850499366446,50,9.114394983671042,17.864214167995243,booked
5,5,5,9,0.7,1,7593.54,69.9049529645761,50,9.88605325595568,19.376664381673134,booked
5,5,5,9,0.7,2,7591.68,64.44850499366446,50,9.114394983671042,17.864214167995243,booked
5,5,5,12,0.3,1,7593.54,69.9049529645761,50,9.88605325595568,19.376664381673134,booked
5,5,5,12,0.3,2,7591.68,64.44850499366446,50,9.114394983671042,17.864214167995243,booked
5,5,5,12,0.5,1,7593.54,69.9049529645761,50,9.88605325595568,19.376664381673134,booked
5,5,5,12,0.5,2,7591.68,64.44850499366446,50,9.114394983671042,17.864214167995243,booked
5,5,5,12,0.7,1,7593.54,69.9049529645761,50,9.88605325595568,19.376664381673134,booked
5,5,5,12,0.7,2,7591.68,64.44850499366446,50,9.114394983671042,17.864214167995243,booked
5,5,9,5,0.3,1,7593.54,69.9049529645761,50,9.88605325595568,19.376664381673134,booked
5,5,9,5,0.3,2,7591.68,64.44850499366446,50,9.114394983671042,17.864214167995243,booked
5,5,9,5,0.5,1,7593.54,69.9049529645761,50,9.88605325595568,19.376664381673134,booked
5,5,9,5,0.5,2,7591.68,64.44850499366446,50,9.114394983671042,17.864214167995243,booked
5,5,9,5,0.7,1,7593.54,69.9049529645761,50,9.88605325595568,19.376664381673134,booked
5,5,9,5,0.7,2,7591.68,64.44850499366446,50,9.114394983671042,17.864214167995243,booked
5,5,9,9,0.3,1,7593.54,69.9049529645761,50,9.88605325595568,19.376664381673134,booked
5,5,9,9,0.3,2,7591.68,64.44850499366446,50,9.114394983671042,17.864214167995243,booked
5,5,9,9,0.5,1,7593.54,69.9049529645761,50,9.88605325595568,19.376664381673134,booked
5,5,9,9,0.5,2,7591.68,64.44850499366446,50,9.114394983671042,17.864214167995243,booked
5,5,9,9,0.7,1,7593.54,69.9049529645761,50,9.88605325595568,19.376664381673134,booked
5,5,9,9,0.7,2,7591.68,64.44850499366446,50,9.114394983671042,17.864214167995243,booked
5,5,12,12,0.3,1,7593.54,69.9049529645761,50,9.88605325595568,19.376664381673134,booked
5,5,12,12,0.3,2,7591.68,64.44850499366446,50,9.114394983671042,17.864214167995243,booked
5,5,12,12,0.5,1,7593.54,69.9049529645761,50,9.88605325595568,19.376664381673134,booked
5,5,12,12,0.5,2,7591.68,64.44850499366446,50,9.114394983671042,17.864214167995243,booked
5,5,12,12,0.7,1,7593.54,69.9049529645761,50,9.88605325595568,19.376664381673134,booked
5,5,12,12,0.7,2,7591.68,64.44850499366446,50,9.114394983671042,17.864214167995243,booked
5,7,5,9,0.3,1,2340.12,49.411491681632874,50,6.987840167325058,13.696166727957113,booked
5,7,5,9,0.3,2,15158.26,53.49606508512442,50,7.565486077697676,14.828352712287444,booked
5,7,5,9,0.5,1,2340.12,49.411491681632874,50,6.987840167325058,13.696166727957113,booked
5,7,5,9,0.5,2,15158.26,53.49606508512442,50,7.565486077697676,14.828352712287444,booked
5,7,5,9,0.7,1,2340.12,49.411491681632874,50,6.987840167325058,13.696166727957113,booked
5,7,5,9,0.7,2,15158.26,53.49606508512442,50,7.565486077697676,14.828352712287444,booked
5,7,5,12,0.3,1,2340.12,49.411491681632874,50,6.987840167325058,13.696166727957113,booked
5,7,5,12,0.3,2,15158.26,53.49606508512442,50,7.565486077697676,14.828352712287444,booked
5,7,5,12,0.5,1,2340.12,49.411491681632874,50,6.987840167325058,13.696166727957113,booked
5,7,5,12,0.5,2,15158.26,53.49606508512442,50,7.565486077697676,14.828352712287444,booked
5,7,5,12,0.7,1,2340.12,49.411491681632874,50,6.987840167325058,13.696166727957113,booked
5,7,5,12,0.7,2,15158.26,53.49606508512442,50,7.565486077697676,14.828352712287444,booked
5,7,9,5,0.3,1,2329.64,45.282226093689346,50,6.403873827614032,12.551592702123504,booked
5,7,9,5,0.3,2,14796.62,54.76699810682191,50,7.745223149312916,15.180637372653315,booked
5,7,9,5,0.5,1,2340.54,46.106004744169574,50,6.520373721604288,12.779932494344404,booked
5,7,9,5,0.5,2,14396.68,46.368286135932124,50,6.557465911743156,12.852633187016586,booked
5,7,9,5,0.7,1,2342.84,47.74437032739238,50,6.7520736043961875,13.234064264616528,booked
5,7,9,5,0.7,2,14185.8,50.914494147400745,50,7.20039681446197,14.112777756345462,booked
5,7,9,9,0.3,1,2340.12,49.411491681632874,50,6.987840167325058,13.696166727957113,booked
5,7,9,9,0.3,2,15158.26,53.49606508512442,50,7.565486077697676,14.828352712287444,booked
5,7,9,9,0.5,1,2340.12,49.411491681632874,50,6.987840167325058,13.696166727957113,booked
5,7,9,9,0.5,2,15158.26,53.49606508512442,50,7.565486077697676,14.828352712287444,booked
5,7,9,9,0.7,1,2340.12,49.411491681632874,50,6.987840167325058,13.696166727957113,booked
5,7,9,9,0.7,2,15158.26,53.49606508512442,50,7.565486077697676,14.828352712287444,booked
5,7,12,12,0.3,1,2340.12,49.411491681632874,50,6.987840167325058,13.696166727957113,booked
5,7,12,12,0.3,2,15158.26,53.49606508512442,50,7.565486077697676,14.828352712287444,booked
5,7,12,12,0.5,1,2340.12,49.411491681632874,50,6.987840167325058,13.696166727957113,booked
5,7,12,12,0.5,2,15158.26,53.49606508512442,50,7.565486077697676,14.828352712287444,booked
5,7,12,12,0.7,1,2340.12,49.411491681632874,50,6.987840167325058,13.696166727957113,booked
5,7,12,12,0.7,2,15158.26,53.49606508512442,50,7.565486077697676,14.828352712287444,booked
5,10,5,9,0.3,1,2337.5,50.88893468593529,50,7.196782160756831,14.105693035083387,booked
5,10,5,9,0.3,2,18036.8,78.60596643502119,50,11.116562381585124,21.788462267906844,booked
5,10,5,9,0.5,1,2337.5,50.88893468593529,50,7.196782160756831,14.105693035083387,booked
5,10,5,9,0.5,2,18036.8,78.60596643502119,50,11.116562381585124,21.788462267906844,booked
5,10,5,9,0.7,1,2337.5,50.88893468593529,50,7.196782160756831,14.105693035083387,booked
5,10,5,9,0.7,2,18036.8,78.60596643502119,50,11.116562381585124,21.788462267906844,booked
5,10,5,12,0.3,1,2337.5,50.88893468593529,50,7.196782160756831,14.105693035083387,booked
5,10,5,12,0.3,2,18036.8,78.60596643502119,50,11.116562381585124,21.788462267906844,booked
5,10,5,12,0.5,1,2337.5,50.88893468593529,50,7.196782160756831,14.105693035083387,booked
5,10,5,12,0.5,2,18036.8,78.60596643502119,50,11.116562381585124,21.788462267906844,booked
5,10,5,12,0.7,1,2337.5,50.88893468593529,50,7.196782160756831,14.105693035083387,booked
5,10,5,12,0.7,2,18036.8,78.60596643502119,50,11.116562381585124,21.788462267906844,booked
5,10,9,5,0.3,1,2335.4,49.2552701002954,50,6.965747099418775,13.652864314860798,booked
5,10,9,5,0.3,2,14822.26,48.96554807167165,50,6.924774217198979,13.572557465709998,booked
5,10,9,5,0.5,1,2340.24,46.36349725323821,50,6.556788661457721,12.851305776457131,booked
5,10,9,5,0.5,2,14394.48,48.38588088882701,50,6.84279689803483,13.411881920148268,booked
5,10,9,5,0.7,1,2342.84,47.74437032739238,50,6.7520736043961875,13.234064264616528,booked
5,10,9,5,0.7,2,14185.8,50.914494147400745,50,7.20039681446197,14.112777756345462,booked
5,10,9,9,0.3,1,2337.5,50.88893468593529,50,7.196782160756831,14.105693035083387,booked
5,10,9,9,0.3,2,18036.8,78.60596643502119,50,11.116562381585124,21.788462267906844,booked
5,10,9,9,0.5,1,2337.5,50.88893468593529,50,7.196782160756831,14.105693035083387,booked
5,10,9,9,0.5,2,18036.8,78.60596643502119,50,11.116562381585124,21.788462267906844,booked
5,10,9,9,0.7,1,2337.5,50.88893468593529,50,7.196782160756831,14.105693035083387,booked
5,10,9,9,0.7,2,18036.8,78.60596643502119,50,11.116562381585124,21.788462267906844,booked
5,10,12,12,0.3,1,2337.5,50.88893468593529,50,7.196782160756831,14.105693035083387,booked
5,10,12,12,0.3,2,18036.8,78.60596643502119,50,11.116562381585124,21.788462267906844,booked
5,10,12,12,0.5,1,2337.5,50.88893468593529,50,7.196782160756831,14.105693035083387,booked
5,10,12,12,0.5,2,18036.8,78.60596643502119,50,11.116562381585124,21.788462267906844,booked
5,10,12,12,0.7,1,2337.5,50.88893468593529,50,7.196782160756831,14.105693035083387,booked
5,10,12,12,0.7,2,18036.8,78.60596643502119,50,11.116562381585124,21.788462267906844,booked
5,14,5,9,0.3,1,2342.54,49.448059741964585,50,6.993011672012136,13.706302877143786,booked
5,14,5,9,0.3,2,18146.26,93.99583360284598,50,13.293018268770949,26.05431580679106,booked
5,14,5,9,0.5,1,2336.48,49.377033412016814,50,6.982967032102364,13.686615382920634,booked
5,14,5,9,0.5,2,18099.6,104.07709073723396,50,14.718723325293148,28.84869771757457,booked
5,14,5,9,0.7,1,2344.62,55.83755228247345,50,7.896622372759072,15.47737985060778,booked
5,14,5,9,0.7,2,18067.96,90.1653718769808,50,12.75130917648399,24.99256598590862,booked
5,14,5,12,0.3,1,2333.68,48.96789452158986,50,6.925106055328756,13.573207868444362,booked
5,14,5,12,0.3,2,18253.94,137.82396491946753,50,19.491252040914464,38.202854000192346,booked
5,14,5,12,0.5,1,2333.68,48.96789452158986,50,6.925106055328756,13.573207868444362,booked
5,14,5,12,0.5,2,18253.94,137.82396491946753,50,19.491252040914464,38.202854000192346,booked
5,14,5,12,0.7,1,2333.68,48.96789452158986,50,6.925106055328756,13.573207868444362,booked
5,14,5,12,0.7,2,18253.94,137.82396491946753,50,19.491252040914464,38.202854000192346,booked
5,14,9,5,0.3,1,2335.4,49.2552701002954,50,6.965747099418775,13.652864314860798,booked
5,14,9,5,0.3,2,14822.26,48.96554807167165,50,6.924774217198979,13.572557465709998,booked
5,14,9,5,0.5,1,2340.24,46.36349725323821,50,6.556788661457721,12.851305776457131,booked
5,14,9,5,0.5,2,14394.48,48.38588088882701,50,6.84279689803483,13.411881920148268,booked
5,14,9,5,0.7,1,2342.84,47.74437032739238,50,6.7520736043961875,13.234064264616528,booked
5,14,9,5,0.7,2,14185.8,50.914494147400745,50,7.20039681446197,14.112777756345462,booked
5,14,9,9,0.3,1,2342.54,49.448059741964585,50,6.993011672012136,13.706302877143786,booked
5,14,9,9,0.3,2,18146.26,93.99583360284598,50,13.293018268770949,26.05431580679106,booked
5,14,9,9,0.5,1,2336.48,49.377033412016814,50,6.982967032102364,13.686615382920634,booked
5,14,9,9,0.5,2,18099.6,104.07709073723396,50,14.718723325293148,28.84869771757457,booked
5,14,9,9,0.7,1,2344.62,55.83755228247345,50,7.896622372759072,15.47737985060778,booked
5,14,9,9,0.7,2,18067.96,90.1653718769808,50,12.75130917648399,24.99256598590862,booked
5,14,12,12,0.3,1,2333.68,48.96789452158986,50,6.925106055328756,13.573207868444362,booked
5,14,12,12,0.3,2,18253.94,137.82396491946753,50,19.491252040914464,38.202854000192346,booked
5,14,12,12,0.5,1,2333.68,48.96789452158986,50,6.925106055328756,13.573207868444362,booked
5,14,12,12,0.5,2,18253.94,137.82396491946753,50,19.491252040914464,38.202854000192346,booked
5,14,12,12,0.7,1,2333.68,48.96789452158986,50,6.925106055328756,13.573207868444362,booked
5,14,12,12,0.7,2,18253.94,137.82396491946753,50,19.491252040914464,38.202854000192346,booked
7,2,5,9,0.3,1,16231.0,58.19741210320354,50,8.230356949136656,16.131499620307846,booked
7,2,5,9,0.3,2,589.26,24.688103389681274,50,3.4914250642956435,6.843193126019461,booked
7,2,5,9,0.5,1,15981.64,63.01530750216034,50,8.91171025066662,17.466952091306574,booked
7,2,5,9,0.5,2,581.58,23.749620834782167,50,3.358703588576757,6.583059033610444,booked
7,2,5,9,0.7,1,15843.1,68.59203559407428,50,9.700378700791791,19.01274225355191,booked
7,2,5,9,0.7,2,585.8,26.036865543819573,50,3.682168837375437,7.217050921255856,booked
7,2,5,12,0.3,1,16231.0,58.19741210320354,50,8.230356949136656,16.131499620307846,booked
7,2,5,12,0.3,2,589.26,24.688103389681274,50,3.4914250642956435,6.843193126019461,booked
7,2,5,12,0.5,1,15981.64,63.01530750216034,50,8.91171025066662,17.466952091306574,booked
7,2,5,12,0.5,2,581.58,23.749620834782167,50,3.358703588576757,6.583059033610444,booked
7,2,5,12,0.7,1,15843.1,68.59203559407428,50,9.700378700791791,19.01274225355191,booked
7,2,5,12,0.7,2,585.8,26.036865543819573,50,3.682168837375437,7.217050921255856,booked
7,2,9,5,0.3,1,16811.08,83.06153116325041,50,11.746674388254421,23.023481800978665,booked
7,2,9,5,0.3,2,578.6,26.305892875931814,50,3.720215047547655,7.2916214931934045,booked
7,2,9,5,0.5,1,16811.08,83.06153116325041,50,11.746674388254421,23.023481800978665,booked
7,2,9,5,0.5,2,578.6,26.305892875931814,50,3.720215047547655,7.2916214931934045,booked
7,2,9,5,0.7,1,16811.08,83.06153116325041,50,11.746674388254421,23.023481800978665,booked
7,2,9,5,0.7,2,578.6,26.305892875931814,50,3.720215047547655,7.2916214931934045,booked
7,2,9,9,0.3,1,16811.08,83.06153116325041,50,11.746674388254421,23.023481800978665,booked
7,2,9,9,0.3,2,578.6,26.305892875931814,50,3.720215047547655,7.2916214931934045,booked
7,2,9,9,0.5,1,16811.08,83.06153116325041,50,11.746674388254421,23.023481800978665,booked
7,2,9,9,0.5,2,578.6,26.305892875931814,50,3.720215047547655,7.2916214931934045,booked
7,2,9,9,0.7,1,16811.08,83.06153116325041,50,11.746674388254421,23.023481800978665,booked
7,2,9,9,0.7,2,578.6,26.305892875931814,50,3.720215047547655,7.2916214931934045,booked
7,2,12,12,0.3,1,16811.08,83.06153116325041,50,11.746674388254421,23.023481800978665,booked
7,2,12,12,0.3,2,578.6,26.305892875931814,50,3.720215047547655,7.2916214931934045,booked
7,2,12,12,0.5,1,16811.08,83.06153116325041,50,11.746674388254421,23.023481800978665,booked
7,2,12,12,0.5,2,578.6,26.305892875931814,50,3.720215047547655,7.2916214931934045,booked
7,2,12,12,0.7,1,16811.08,83.06153116325041,50,11.746674388254421,23.023481800978665,booked
7,2,12,12,0.7,2,578.6,26.305892875931814,50,3.720215047547655,7.2916214931934045,booked
7,5,5,9,0.3,1,14797.0,64.87287411482846,50,9.17440984033129,17.981843287049326,booked
7,5,5,9,0.3,2,2337.52,50.21839649907972,50,7.101953740962808,13.919829332287105,booked
7,5,5,9,0.5,1,14395.82,42.75210461462193,50,6.046060616599171,11.850278808534375,booked
7,5,5,9,0.5,2,2338.16,52.51952406641997,50,7.427382322411128,14.55766935192581,booked
7,5,5,9,0.7,1,14182.46,48.5601709642956,50,6.867445236886302,13.460192664297152,booked
7,5,5,9,0.7,2,2344.9,53.24807172900384,50,7.530414520937261,14.759612461037031,booked
7,5,5,12,0.3,1,14797.0,64.87287411482846,50,9.17440984033129,17.981843287049326,booked
7,5,5,12,0.3,2,2337.52,50.21839649907972,50,7.101953740962808,13.919829332287105,booked
7,5,5,12,0.5,1,14395.82,42.75210461462193,50,6.046060616599171,11.850278808534375,booked
7,5,5,12,0.5,2,2338.16,52.51952406641997,50,7.427382322411128,14.55766935192581,booked
7,5,5,12,0.7,1,14182.46,48.5601709642956,50,6.867445236886302,13.460192664297152,booked
7,5,5,12,0.7,2,2344.9,53.24807172900384,50,7.530414520937261,14.759612461037031,booked
7,5,9,5,0.3,1,15163.46,63.09992399490885,50,8.923676829831157,17.490406586469067,booked
7,5,9,5,0.3,2,2330.46,56.584850500133435,50,8.00230630021427,15.68452034841997,booked
7,5,9,5,0.5,1,15163.46,63.09992399490885,50,8.923676829831157,17.490406586469067,booked
7,5,9,5,0.5,2,2330.46,56.584850500133435,50,8.00230630021427,15.68452034841997,booked
7,5,9,5,0.7,1,15163.46,63.09992399490885,50,8.923676829831157,17.490406586469067,booked
7,5,9,5,0.7,2,2330.46,56.584850500133435,50,8.00230630021427,15.68452034841997,booked
7,5,9,9,0.3,1,15163.46,63.09992399490885,50,8.923676829831157,17.490406586469067,booked
7,5,9,9,0.3,2,2330.46,56.584850500133435,50,8.00230630021427,15.68452034841997,booked
7,5,9,9,0.5,1,15163.46,63.09992399490885,50,8.923676829831157,17.490406586469067,booked
7,5,9,9,0.5,2,2330.46,56.584850500133435,50,8.00230630021427,15.68452034841997,booked
7,5,9,9,0.7,1,15163.46,63.09992399490885,50,8.923676829831157,17.490406586469067,booked
7,5,9,9,0.7,2,2330.46,56.584850500133435,50,8.00230630021427,15.68452034841997,booked
7,5,12,12,0.3,1,15163.46,63.09992399490885,50,8.923676829831157,17.490406586469067,booked
7,5,12,12,0.3,2,2330.46,56.584850500133435,50,8.00230630021427,15.68452034841997,booked
7,5,12,12,0.5,1,15163.46,63.09992399490885,50,8.923676829831157,17.490406586469067,booked
7,5,12,12,0.5,2,2330.46,56.584850500133435,50,8.00230630021427,15.68452034841997,booked
7,5,12,12,0.7,1,15163.46,63.09992399490885,50,8.923676829831157,17.490406586469067,booked
7,5,12,12,0.7,2,2330.46,56.584850500133435,50,8.00230630021427,15.68452034841997,booked
7,7,5,9,0.3,1,7712.44,88.98708000694982,50,12.584673542180813,24.665960142674393,booked
7,7,5,9,0.3,2,9793.24,65.69333827624787,50,9.29044099478333,18.209264349775324,booked
7,7,5,9,0.5,1,6811.02,80.46281686567521,50,11.379160687818048,22.303154948123375,booked
7,7,5,9,0.5,2,10705.02,70.45696037515471,50,9.964118892612753,19.529673029520996,booked
7,7,5,9,0.7,1,5609.38,73.54934203842829,50,10.401447701436291,20.38683749481513,booked
7,7,5,9,0.7,2,11909.78,65.82174133713755,50,9.308599929799371,18.244855862406766,booked
7,7,5,12,0.3,1,7712.44,88.98708000694982,50,12.584673542180813,24.665960142674393,booked
7,7,5,12,0.3,2,9793.24,65.69333827624787,50,9.29044099478333,18.209264349775324,booked
7,7,5,12,0.5,1,6811.02,80.46281686567521,50,11.379160687818048,22.303154948123375,booked
7,7,5,12,0.5,2,10705.02,70.45696037515471,50,9.964118892612753,19.529673029520996,booked
7,7,5,12,0.7,1,5609.38,73.54934203842829,50,10.401447701436291,20.38683749481513,booked
7,7,5,12,0.7,2,11909.78,65.82174133713755,50,9.308599929799371,18.244855862406766,booked
7,7,9,5,0.3,1,9779.8,89.72156476384862,50,12.688545372637071,24.86954893036866,booked
7,7,9,5,0.3,2,7729.42,78.54339499893793,50,11.107713444232514,21.771118350695726,booked
7,7,9,5,0.5,1,10695.54,74.63850568314106,50,10.555478701235941,20.688738254422443,booked
7,7,9,5,0.5,2,6807.18,70.20863659879194,50,9.929000607373561,19.46084119045218,booked
7,7,9,5,0.7,1,11914.02,72.93147188859366,50,10.314067666868128,20.21557262706153,booked
7,7,9,5,0.7,2,5594.44,75.9704991078371,50,10.743851017855635,21.057947994997043,booked
7,7,9,9,0.3,1,8748.02,70.18502951019512,50,9.925662060887385,19.454297639339273,booked
7,7,9,9,0.3,2,8757.46,86.11103652984882,50,12.177939573051722,23.868761563181373,booked
7,7,9,9,0.5,1,8748.02,70.18502951019512,50,9.925662060887385,19.454297639339273,booked
7,7,9,9,0.5,2,8757.46,86.11103652984882,50,12.177939573051722,23.868761563181373,booked
7,7,9,9,0.7,1,8748.02,70.18502951019512,50,9.925662060887385,19.454297639339273,booked
7,7,9,9,0.7,2,8757.46,86.11103652984882,50,12.177939573051722,23.868761563181373,booked
7,7,12,12,0.3,1,8748.02,70.18502951019512,50,9.925662060887385,19.454297639339273,booked
7,7,12,12,0.3,2,8757.46,86.11103652984882,50,12.177939573051722,23.868761563181373,booked
7,7,12,12,0.5,1,8748.02,70.18502951019512,50,9.925662060887385,19.454297639339273,booked
7,7,12,12,0.5,2,8757.46,86.11103652984882,50,12.177939573051722,23.868761563181373,booked
7,7,12,12,0.7,1,8748.02,70.18502951019512,50,9.925662060887385,19.454297639339273,booked
7,7,12,12,0.7,2,8757.46,86.11103652984882,50,12.177939573051722,23.868761563181373,booked
7,10,5,9,0.3,1,3394.12,61.26277959140691,50,8.66386537668413,16.981176138300896,booked
7,10,5,9,0.3,2,17401.18,77.97767603092252,50,11.027708700526604,21.614309053032144,booked
7,10,5,9,0.5,1,3299.04,55.93763290943062,50,7.910775910756435,15.505120785082612,booked
7,10,5,9,0.5,2,17481.36,90.96259827926086,50,12.864054015522626,25.213545870424348,booked
7,10,5,9,0.7,1,3191.24,58.655883362721816,50,8.295194576453557,16.258581369848972,booked
7,10,5,9,0.7,2,17549.78,72.58078960997935,50,10.264473703418101,20.11836845869948,booked
7,10,5,12,0.3,1,3394.12,61.26277959140691,50,8.66386537668413,16.981176138300896,booked
7,10,5,12,0.3,2,17401.18,77.97767603092252,50,11.027708700526604,21.614309053032144,booked
7,10,5,12,0.5,1,3299.04,55.93763290943062,50,7.910775910756435,15.505120785082612,booked
7,10,5,12,0.5,2,17481.36,90.96259827926086,50,12.864054015522626,25.213545870424348,booked
7,10,5,12,0.7,1,3191.24,58.655883362721816,50,8.295194576453557,16.258581369848972,booked
7,10,5,12,0.7,2,17549.78,72.58078960997935,50,10.264473703418101,20.11836845869948,booked
7,10,9,5,0.3,1,4803.78,120.82932641726096,50,17.087847215169614,33.492180541732445,booked
7,10,9,5,0.3,2,13679.04,113.24147217520688,50,16.014762577327303,31.388934651561513,booked
7,10,9,5,0.5,1,7470.88,100.82853499574264,50,14.259308166518949,27.948244006377138,booked
7,10,9,5,0.5,2,10577.58,115.4782584007287,50,16.331091918953533,32.00894016114892,booked
7,10,9,5,0.7,1,10237.38,99.58892857078801,50,14.084001344701381,27.604642635614706,booked
7,10,9,5,0.7,2,7519.5,86.83628743979409,50,12.280505540348525,24.06979085908311,booked
7,10,9,9,0.3,1,3500.28,48.10873737945005,50,6.803602887066373,13.33506165865009,booked
7,10,9,9,0.3,2,17334.56,78.10123205801246,50,11.045182161448956,21.648557036439954,booked
7,10,9,9,0.5,1,3500.28,48.10873737945005,50,6.803602887066373,13.33506165865009,booked
7,10,9,9,0.5,2,17334.56,78.10123205801246,50,11.045182161448956,21.648557036439954,booked
7,10,9,9,0.7,1,3500.28,48.10873737945005,50,6.803602887066373,13.33506165865009,booked
7,10,9,9,0.7,2,17334.56,78.10123205801246,50,11.045182161448956,21.648557036439954,booked
7,10,12,12,0.3,1,3500.28,48.10873737945005,50,6.803602887066373,13.33506165865009,booked
7,10,12,12,0.3,2,17334.56,78.10123205801246,50,11.045182161448956,21.648557036439954,booked
7,10,12,12,0.5,1,3500.28,48.10873737945005,50,6.803602887066373,13.33506165865009,booked
7,10,12,12,0.5,2,17334.56,78.10123205801246,50,11.045182161448956,21.648557036439954,booked
7,10,12,12,0.7,1,3500.28,48.10873737945005,50,6.803602887066373,13.33506165865009,booked
7,10,12,12,0.7,2,17334.56,78.10123205801246,50,11.045182161448956,21.648557036439954,booked
7,14,5,9,0.3,1,3403.56,55.46065345479306,50,7.843320829384259,15.372908825593148,booked
7,14,5,9,0.3,2,17641.72,82.31151381260365,50,11.640605917324443,22.815587597955908,booked
7,14,5,9,0.5,1,3307.12,59.24237314212022,50,8.378136756475401,16.421148042691787,booked
7,14,5,9,0.5,2,17579.6,87.04303416080133,50,12.309743942030984,24.127098126380726,booked
7,14,5,9,0.7,1,3188.48,57.54545319722021,50,8.1381560364415,15.95078583142534,booked
7,14,5,9,0.7,2,17609.2,71.8291624023878,50,10.158177564335642,19.91002802609786,booked
7,14,5,12,0.3,1,3394.46,55.80549676678603,50,7.89208903825567,15.468494514981113,booked
7,14,5,12,0.3,2,18273.16,159.75738748847525,50,22.59310640754955,44.28248855879711,booked
7,14,5,12,0.5,1,3313.44,60.98248661271025,50,8.624225963493053,16.903482888446383,booked
7,14,5,12,0.5,2,18259.54,122.30944529415272,50,17.29716763413209,33.9024485628989,booked
7,14,5,12,0.7,1,3183.84,62.57187214454647,50,8.84899902098929,17.344038081139008,booked
7,14,5,12,0.7,2,18226.92,115.31462551273741,50,16.307950734008777,31.963583438657203,booked
7,14,9,5,0.3,1,4803.78,120.82932641726096,50,17.087847215169614,33.492180541732445,booked
7,14,9,5,0.3,2,13679.04,113.24147217520688,50,16.014762577327303,31.388934651561513,booked
7,14,9,5,0.5,1,7470.88,100.82853499574264,50,14.259308166518949,27.948244006377138,booked
7,14,9,5,0.5,2,10577.58,115.4782584007287,50,16.331091918953533,32.00894016114892,booked
7,14,9,5,0.7,1,10237.38,99.58892857078801,50,14.084001344701381,27.604642635614706,booked
7,14,9,5,0.7,2,7519.5,86.83628743979409,50,12.280505540348525,24.06979085908311,booked
7,14,9,9,0.3,1,3500.0,59.09521890947849,50,8.357326005319146,16.380358970425526,booked
7,14,9,9,0.3,2,17567.62,74.75808331149359,50,10.572389531613197,20.721883481961868,booked
7,14,9,9,0.5,1,3494.42,55.072527319037384,50,7.788431504874545,15.265325749554108,booked
7,14,9,9,0.5,2,17470.28,79.47584410321367,50,11.239581661181454,22.02958005591565,booked
7,14,9,9,0.7,1,3501.04,63.10081341045635,50,8.923802612184144,17.49065311988092,booked
7,14,9,9,0.7,2,17384.32,55.438673600766336,50,7.8402124086179015,15.366816320891086,booked
7,14,12,12,0.3,1,3486.98,57.026485074919336,50,8.06476286074178,15.806935207053888,booked
7,14,12,12,0.3,2,18248.94,114.12352956336383,50,16.1395043294396,31.633428485701614,booked
7,14,12,12,0.5,1,3486.98,57.026485074919336,50,8.06476286074178,15.806935207053888,booked
7,14,12,12,0.5,2,18248.94,114.12352956336383,50,16.1395043294396,31.633428485701614,booked
7,14,12,12,0.7,1,3486.98,57.026485074919336,50,8.06476286074178,15.806935207053888,booked
7,14,12,12,0.7,2,18248.94,114.12352956336383,50,16.1395043294396,31.633428485701614,booked
10,2,5,9,0.3,1,16236.78,54.703016370214726,50,7.73617476534751,15.162902540081118,booked
10,2,5,9,0.3,2,584.32,24.775267456700018,50,3.503751924868594,6.867353772742444,booked
10,2,5,9,0.5,1,15981.64,63.01530750216034,50,8.91171025066662,17.466952091306574,booked
10,2,5,9,0.5,2,581.58,23.749620834782167,50,3.358703588576757,6.583059033610444,booked
10,2,5,9,0.7,1,15843.1,68.59203559407428,50,9.700378700791791,19.01274225355191,booked
10,2,5,9,0.7,2,585.8,26.036865543819573,50,3.682168837375437,7.217050921255856,booked
10,2,5,12,0.3,1,16236.78,54.703016370214726,50,7.73617476534751,15.162902540081118,booked
10,2,5,12,0.3,2,584.32,24.775267456700018,50,3.503751924868594,6.867353772742444,booked
10,2,5,12,0.5,1,15981.64,63.01530750216034,50,8.91171025066662,17.466952091306574,booked
10,2,5,12,0.5,2,581.58,23.749620834782167,50,3.358703588576757,6.583059033610444,booked
10,2,5,12,0.7,1,15843.1,68.59203559407428,50,9.700378700791791,19.01274225355191,booked
10,2,5,12,0.7,2,585.8,26.036865543819573,50,3.682168837375437,7.217050921255856,booked
10,2,9,5,0.3,1,18228.06,111.84033991656668,50,15.816612553042562,31.00056060396342,booked
10,2,9,5,0.3,2,580.06,27.105545783933206,50,3.8333030463163205,7.513273970779988,booked
10,2,9,5,0.5,1,18228.06,111.84033991656668,50,15.816612553042562,31.00056060396342,booked
10,2,9,5,0.5,2,580.06,27.105545783933206,50,3.8333030463163205,7.513273970779988,booked
10,2,9,5,0.7,1,18228.06,111.84033991656668,50,15.816612553042562,31.00056060396342,booked
10,2,9,5,0.7,2,580.06,27.105545783933206,50,3.8333030463163205,7.513273970779988,booked
10,2,9,9,0.3,1,18228.06,111.84033991656668,50,15.816612553042562,31.00056060396342,booked
10,2,9,9,0.3,2,580.06,27.105545783933206,50,3.8333030463163205,7.513273970779988,booked
10,2,9,9,0.5,1,18228.06,111.84033991656668,50,15.816612553042562,31.00056060396342,booked
10,2,9,9,0.5,2,580.06,27.105545783933206,50,3.8333030463163205,7.513273970779988,booked
10,2,9,9,0.7,1,18228.06,111.84033991656668,50,15.816612553042562,31.00056060396342,booked
10,2,9,9,0.7,2,580.06,27.105545783933206,50,3.8333030463163205,7.513273970779988,booked
10,2,12,12,0.3,1,18228.06,111.84033991656668,50,15.816612553042562,31.00056060396342,booked
10,2,12,12,0.3,2,580.06,27.105545783933206,50,3.8333030463163205,7.513273970779988,booked
10,2,12,12,0.5,1,18228.06,111.84033991656668,50,15.816612553042562,31.00056060396342,booked
10,2,12,12,0.5,2,580.06,27.105545783933206,50,3.8333030463163205,7.513273970779988,booked
10,2,12,12,0.7,1,18228.06,111.84033991656668,50,15.816612553042562,31.00056060396342,booked
10,2,12,12,0.7,2,580.06,27.105545783933206,50,3.8333030463163205,7.513273970779988,booked
10,5,5,9,0.3,1,14828.9,53.7052613999864,50,7.595070904265303,14.886338972359994,booked
10,5,5,9,0.3,2,2337.38,45.03463066556302,50,6.368858546370251,12.482962750885692,booked
10,5,5,9,0.5,1,14396.38,42.53636619387662,50,6.015550596544874,11.790479169227954,booked
10,5,5,9,0.5,2,2337.72,52.52755933598973,50,7.428518681131416,14.559896615017575,booked
10,5,5,9,0.7,1,14182.46,48.5601709642956,50,6.867445236886302,13.460192664297152,booked
10,5,5,9,0.7,2,2344.9,53.24807172900384,50,7.530414520937261,14.759612461037031,booked
10,5,5,12,0.3,1,14828.9,53.7052613999864,50,7.595070904265303,14.886338972359994,booked
10,5,5,12,0.3,2,2337.38,45.03463066556302,50,6.368858546370251,12.482962750885692,booked
10,5,5,12,0.5,1,14396.38,42.53636619387662,50,6.015550596544874,11.790479169227954,booked
10,5,5,12,0.5,2,2337.72,52.52755933598973,50,7.428518681131416,14.559896615017575,booked
10,5,5,12,0.7,1,14182.46,48.5601709642956,50,6.867445236886302,13.460192664297152,booked
10,5,5,12,0.7,2,2344.9,53.24807172900384,50,7.530414520937261,14.759612461037031,booked
10,5,9,5,0.3,1,18037.48,91.60590837374862,50,12.955031801566237,25.391862331069824,booked
10,5,9,5,0.3,2,2329.42,46.3540456812607,50,6.5554520073300875,12.848685934366971,booked
10,5,9,5,0.5,1,18037.48,91.60590837374862,50,12.955031801566237,25.391862331069824,booked
10,5,9,5,0.5,2,2329.42,46.3540456812607,50,6.5554520073300875,12.848685934366971,booked
10,5,9,5,0.7,1,18037.48,91.60590837374862,50,12.955031801566237,25.391862331069824,booked
10,5,9,5,0.7,2,2329.42,46.3540456812607,50,6.5554520073300875,12.848685934366971,booked
10,5,9,9,0.3,1,18037.48,91.60590837374862,50,12.955031801566237,25.391862331069824,booked
10,5,9,9,0.3,2,2329.42,46.3540456812607,50,6.5554520073300875,12.848685934366971,booked
10,5,9,9,0.5,1,18037.48,91.60590837374862,50,12.955031801566237,25.391862331069824,booked
10,5,9,9,0.5,2,2329.42,46.3540456812607,50,6.5554520073300875,12.848685934366971,booked
10,5,9,9,0.7,1,18037.48,91.60590837374862,50,12.955031801566237,25.391862331069824,booked
10,5,9,9,0.7,2,2329.42,46.3540456812607,50,6.5554520073300875,12.848685934366971,booked
10,5,12,12,0.3,1,18037.48,91.60590837374862,50,12.955031801566237,25.391862331069824,booked
10,5,12,12,0.3,2,2329.42,46.3540456812607,50,6.5554520073300875,12.848685934366971,booked
10,5,12,12,0.5,1,18037.48,91.60590837374862,50,12.955031801566237,25.391862331069824,booked
10,5,12,12,0.5,2,2329.42,46.3540456812607,50,6.5554520073300875,12.848685934366971,booked
10,5,12,12,0.7,1,18037.48,91.60590837374862,50,12.955031801566237,25.391862331069824,booked
10,5,12,12,0.7,2,2329.42,46.3540456812607,50,6.5554520073300875,12.848685934366971,booked
10,7,5,9,0.3,1,13691.52,96.55731934124589,50,13.655267055877989,26.764323429520857,booked
10,7,5,9,0.3,2,4782.28,101.09180309531138,50,14.296539898213977,28.021218200499394,booked
10,7,5,9,0.5,1,10587.56,93.19633872111288,50,13.179952618291466,25.832707131851272,booked
10,7,5,9,0.5,2,7454.16,121.7473731016109,50,17.217678622359546,33.74665009982471,booked
10,7,5,9,0.7,1,7535.72,90.07616731615171,50,12.738693746508986,24.96783974315761,booked
10,7,5,9,0.7,2,10206.42,89.76456507362553,50,12.694626534764346,24.881468008138118,booked
10,7,5,12,0.3,1,13691.52,96.55731934124589,50,13.655267055877989,26.764323429520857,booked
10,7,5,12,0.3,2,4782.28,101.09180309531138,50,14.296539898213977,28.021218200499394,booked
10,7,5,12,0.5,1,10587.56,93.19633872111288,50,13.179952618291466,25.832707131851272,booked
10,7,5,12,0.5,2,7454.16,121.7473731016109,50,17.217678622359546,33.74665009982471,booked
10,7,5,12,0.7,1,7535.72,90.07616731615171,50,12.738693746508986,24.96783974315761,booked
10,7,5,12,0.7,2,10206.42,89.76456507362553,50,12.694626534764346,24.881468008138118,booked
10,7,9,5,0.3,1,17395.4,76.33599199243726,50,10.795539517290875,21.159257453890113,booked
10,7,9,5,0.3,2,3404.5,55.3151453593177,50,7.822742877178626,15.332576039270107,booked
10,7,9,5,0.5,1,17480.4,68.57470230280532,50,9.697927403232478,19.007937710335657,booked
10,7,9,5,0.5,2,3304.24,55.5663089819501,50,7.858262777328775,15.402195043564399,booked
10,7,9,5,0.7,1,17561.66,81.51063784336809,50,11.527344951577279,22.593596105091464,booked
10,7,9,5,0.7,2,3186.98,56.86844467716688,50,8.042412573351344,15.763128643768633,booked
10,7,9,9,0.3,1,17320.22,76.2860593892671,50,10.788477980830091,21.14541684242698,booked
10,7,9,9,0.3,2,3500.28,62.081920862350835,50,8.779709446170974,17.20823051449511,booked
10,7,9,9,0.5,1,17320.22,76.2860593892671,50,10.788477980830091,21.14541684242698,booked
10,7,9,9,0.5,2,3500.28,62.081920862350835,50,8.779709446170974,17.20823051449511,booked
10,7,9,9,0.7,1,17320.22,76.2860593892671,50,10.788477980830091,21.14541684242698,booked
10,7,9,9,0.7,2,3500.28,62.081920862350835,50,8.779709446170974,17.20823051449511,booked
10,7,12,12,0.3,1,17320.22,76.2860593892671,50,10.788477980830091,21.14541684242698,booked
10,7,12,12,0.3,2,3500.28,62.081920862350835,50,8.779709446170974,17.20823051449511,booked
10,7,12,12,0.5,1,17320.22,76.2860593892671,50,10.788477980830091,21.14541684242698,booked
10,7,12,12,0.5,2,3500.28,62.081920862350835,50,8.779709446170974,17.20823051449511,booked
10,7,12,12,0.7,1,17320.22,76.2860593892671,50,10.788477980830091,21.14541684242698,booked
10,7,12,12,0.7,2,3500.28,62.081920862350835,50,8.779709446170974,17.20823051449511,booked
10,10,5,9,0.3,1,9169.8,83.47259112659529,50,11.804807045765513,23.137421809700403,booked
10,10,5,9,0.3,2,11859.34,85.5411608763968,50,12.097346985253914,23.71080009109767,booked
10,10,5,9,0.5,1,7992.08,86.59166194482779,50,12.245910271080167,24.001984131317126,booked
10,10,5,9,0.5,2,13044.92,98.25266055493078,50,13.895024509602314,27.234248038820535,booked
10,10,5,9,0.7,1,6442.18,69.79640655038719,50,9.87070247484639,19.346576850698924,booked
10,10,5,9,0.7,2,14584.62,104.24458875986956,50,14.742411122821343,28.895125800729833,booked
10,10,5,12,0.3,1,9169.8,83.47259112659529,50,11.804807045765513,23.137421809700403,booked
10,10,5,12,0.3,2,11859.34,85.5411608763968,50,12.097346985253914,23.71080009109767,booked
10,10,5,12,0.5,1,7992.08,86.59166194482779,50,12.245910271080167,24.001984131317126,booked
10,10,5,12,0.5,2,13044.92,98.25266055493078,50,13.895024509602314,27.234248038820535,booked
10,10,5,12,0.7,1,6442.18,69.79640655038719,50,9.87070247484639,19.346576850698924,booked
10,10,5,12,0.7,2,14584.62,104.24458875986956,50,14.742411122821343,28.895125800729833,booked
10,10,9,5,0.3,1,11862.36,79.96983104615774,50,11.309441964616127,22.166506250647608,booked
10,10,9,5,0.3,2,9150.92,85.13083328330669,50,12.039317900537519,23.597063085053538,booked
10,10,9,5,0.5,1,13059.8,78.43130362141795,50,11.09186132960113,21.740048206018216,booked
10,10,9,5,0.5,2,7961.78,90.2846496320591,50,12.768177598376104,25.025628092817165,booked
10,10,9,5,0.7,1,14587.04,73.65611215060756,50,10.416547275506291,20.41643265999233,booked
10,10,9,5,0.7,2,6419.58,82.33507695969693,50,11.643938249543593,22.822118969105443,booked
10,10,9,9,0.3,1,10518.48,88.92056533094879,50,12.57526694649106,24.64752321512248,booked
10,10,9,9,0.3,2,10511.22,89.14979139696543,50,12.607684407632076,24.71106143895887,booked
10,10,9,9,0.5,1,10518.48,88.92056533094879,50,12.57526694649106,24.64752321512248,booked
10,10,9,9,0.5,2,10511.22,89.14979139696543,50,12.607684407632076,24.71106143895887,booked
10,10,9,9,0.7,1,10518.48,88.92056533094879,50,12.57526694649106,24.64752321512248,booked
10,10,9,9,0.7,2,10511.22,89.14979139696543,50,12.607684407632076,24.71106143895887,booked
10,10,12,12,0.3,1,10518.48,88.92056533094879,50,12.57526694649106,24.64752321512248,booked
10,10,12,12,0.3,2,10511.22,89.14979139696543,50,12.607684407632076,24.71106143895887,booked
10,10,12,12,0.5,1,10518.48,88.92056533094879,50,12.57526694649106,24.64752321512248,booked
10,10,12,12,0.5,2,10511.22,89.14979139696543,50,12.607684407632076,24.71106143895887,booked
10,10,12,12,0.7,1,10518.48,88.92056533094879,50,12.57526694649106,24.64752321512248,booked
10,10,12,12,0.7,2,10511.22,89.14979139696543,50,12.607684407632076,24.71106143895887,booked
10,14,5,9,0.3,1,6523.56,80.56488321944774,50,11.393595049994756,22.33144629798972,booked
10,14,5,9,0.3,2,15207.94,107.4322586753238,50,15.19321572550175,29.77870282198343,booked
10,14,5,9,0.5,1,6877.58,90.11106299156258,50,12.743628740252408,24.97751233089472,booked
10,14,5,9,0.5,2,14520.14,91.77256937558138,50,12.978601226477295,25.438058403895496,booked
10,14,5,9,0.7,1,6121.64,76.96693167476893,50,10.884767862870158,21.33414501122551,booked
10,14,5,9,0.7,2,15009.66,89.57282067726595,50,12.66750978218027,24.82831917307333,booked
10,14,5,12,0.3,1,4887.52,79.74762231757221,50,11.278016904851793,22.104913133509513,booked
10,14,5,12,0.3,2,18210.4,146.29031800791554,50,20.688575177066717,40.54960734705077,booked
10,14,5,12,0.5,1,4547.54,82.26096105860732,50,11.63345667829275,22.80157508945379,booked
10,14,5,12,0.5,2,18264.58,164.04791360813854,50,23.199878430363935,45.47176172351331,booked
10,14,5,12,0.7,1,4187.12,82.58765040852055,50,11.679657529225764,22.892128757282496,booked
10,14,5,12,0.7,2,18242.08,120.94860436548801,50,17.104715664377085,33.525242702179085,booked
10,14,9,5,0.3,1,8067.6,149.6206086427007,50,21.15954939530244,41.47271681479278,booked
10,14,9,5,0.3,2,13664.6,122.98332390687646,50,17.3924684614828,34.089238184506286,booked
10,14,9,5,0.5,1,10825.84,113.76781941609799,50,16.08919931798589,31.534830663252347,booked
10,14,9,5,0.5,2,10575.4,103.40548282151705,50,14.623743622992752,28.662537501065792,booked
10,14,9,5,0.7,1,13640.54,116.71668296191694,50,16.50623159999437,32.352213935988964,booked
10,14,9,5,0.7,2,7506.42,84.5608318650799,50,11.958707526914697,23.439066752752804,booked
10,14,9,9,0.3,1,6967.6,120.024317264019,50,16.974001728934688,33.269043388711985,booked
10,14,9,9,0.3,2,14846.12,108.76667406772681,50,15.381930560079326,30.14858389775548,booked
10,14,9,9,0.5,1,8257.94,113.86017382594066,50,16.102260203880338,31.56042999960546,booked
10,14,9,9,0.5,2,13258.64,82.59706967179501,50,11.680989614212795,22.894739643857076,booked
10,14,9,9,0.7,1,9286.96,90.96578410342563,50,12.864504559096742,25.214428935829616,booked
10,14,9,9,0.7,2,11989.18,76.25940959003293,50,10.784709130078943,21.138029894954727,booked
10,14,12,12,0.3,1,5281.22,77.3189234170222,50,10.934547012443948,21.43171214439014,booked
10,14,12,12,0.3,2,18181.54,132.176630433118,50,18.692598338729184,36.6374927439092,booked
10,14,12,12,0.5,1,5257.88,72.07157440166458,50,10.192459798041563,19.977221204161463,booked
10,14,12,12,0.5,2,18185.0,125.9206099095777,50,17.807863431641675,34.90341232601768,booked
10,14,12,12,0.7,1,5277.26,75.64870744947007,50,10.698342805103515,20.96875189800289,booked
10,14,12,12,0.7,2,18188.8,123.46791700928713,50,17.46100027524896,34.22356053948796,booked
14,2,5,9,0.3,1,16236.78,54.703016370214726,50,7.73617476534751,15.162902540081118,booked
14,2,5,9,0.3,2,584.32,24.775267456700018,50,3.503751924868594,6.867353772742444,booked
14,2,5,9,0.5,1,15981.64,63.01530750216034,50,8.91171025066662,17.466952091306574,booked
14,2,5,9,0.5,2,581.58,23.749620834782167,50,3.358703588576757,6.583059033610444,booked
14,2,5,9,0.7,1,15843.1,68.59203559407428,50,9.700378700791791,19.01274225355191,booked
14,2,5,9,0.7,2,585.8,26.036865543819573,50,3.682168837375437,7.217050921255856,booked
14,2,5,12,0.3,1,16236.78,54.703016370214726,50,7.73617476534751,15.162902540081118,booked
14,2,5,12,0.3,2,584.32,24.775267456700018,50,3.503751924868594,6.867353772742444,booked
14,2,5,12,0.5,1,15981.64,63.01530750216034,50,8.91171025066662,17.466952091306574,booked
14,2,5,12,0.5,2,581.58,23.749620834782167,50,3.358703588576757,6.583059033610444,booked
14,2,5,12,0.7,1,15843.1,68.59203559407428,50,9.700378700791791,19.01274225355191,booked
14,2,5,12,0.7,2,585.8,26.036865543819573,50,3.682168837375437,7.217050921255856,booked
14,2,9,5,0.3,1,18234.58,120.48034643688192,50,17.03849399304474,33.39544822636769,booked
14,2,9,5,0.3,2,580.1,26.385099381805556,50,3.7314165390311382,7.31357641650103,booked
14,2,9,5,0.5,1,18238.84,121.53312473627612,50,17.187379327962276,33.68726348280606,booked
14,2,9,5,0.5,2,580.68,28.915386766161973,50,4.089253212596977,8.014936296690074,booked
14,2,9,5,0.7,1,18228.84,115.19856149895544,50,16.291536803769386,31.931412135387998,booked
14,2,9,5,0.7,2,581.74,28.104622322998164,50,3.9745938054557644,7.790203858693298,booked
14,2,9,9,0.3,1,18234.58,120.48034643688192,50,17.03849399304474,33.39544822636769,booked
14,2,9,9,0.3,2,580.1,26.385099381805556,50,3.7314165390311382,7.31357641650103,booked
14,2,9,9,0.5,1,18238.84,121.53312473627612,50,17.187379327962276,33.68726348280606,booked
14,2,9,9,0.5,2,580.68,28.915386766161973,50,4.089253212596977,8.014936296690074,booked
14,2,9,9,0.7,1,18228.84,115.19856149895544,50,16.291536803769386,31.931412135387998,booked
14,2,9,9,0.7,2,581.74,28.104622322998164,50,3.9745938054557644,7.790203858693298,booked
14,2,12,12,0.3,1,18238.16,126.22273154699097,50,17.850589883353294,34.987156171372455,booked
14,2,12,12,0.3,2,580.12,27.113247007050017,50,3.834392163734186,7.515408640919005,booked
14,2,12,12,0.5,1,18238.16,126.22273154699097,50,17.850589883353294,34.987156171372455,booked
14,2,12,12,0.5,2,580.12,27.113247007050017,50,3.834392163734186,7.515408640919005,booked
14,2,12,12,0.7,1,18238.16,126.22273154699097,50,17.850589883353294,34.987156171372455,booked
14,2,12,12,0.7,2,580.12,27.113247007050017,50,3.834392163734186,7.515408640919005,booked
14,5,5,9,0.3,1,14828.9,53.7052613999864,50,7.595070904265303,14.886338972359994,booked
14,5,5,9,0.3,2,2337.38,45.03463066556302,50,6.368858546370251,12.482962750885692,booked
14,5,5,9,0.5,1,14396.38,42.53636619387662,50,6.015550596544874,11.790479169227954,booked
14,5,5,9,0.5,2,2337.72,52.52755933598973,50,7.428518681131416,14.559896615017575,booked
14,5,5,9,0.7,1,14182.46,48.5601709642956,50,6.867445236886302,13.460192664297152,booked
14,5,5,9,0.7,2,2344.9,53.24807172900384,50,7.530414520937261,14.759612461037031,booked
14,5,5,12,0.3,1,14828.9,53.7052613999864,50,7.595070904265303,14.886338972359994,booked
14,5,5,12,0.3,2,2337.38,45.03463066556302,50,6.368858546370251,12.482962750885692,booked
14,5,5,12,0.5,1,14396.38,42.53636619387662,50,6.015550596544874,11.790479169227954,booked
14,5,5,12,0.5,2,2337.72,52.52755933598973,50,7.428518681131416,14.559896615017575,booked
14,5,5,12,0.7,1,14182.46,48.5601709642956,50,6.867445236886302,13.460192664297152,booked
14,5,5,12,0.7,2,2344.9,53.24807172900384,50,7.530414520937261,14.759612461037031,booked
14,5,9,5,0.3,1,18134.24,104.00207219285562,50,14.708114101004215,28.827903637968262,booked
14,5,9,5,0.3,2,2329.66,46.078730318392005,50,6.516516535320229,12.77237240922765,booked
14,5,9,5,0.5,1,18099.56,88.28783168981926,50,12.485784896825551,24.47213839777808,booked
14,5,9,5,0.5,2,2326.66,50.66239196074016,50,7.164744181314039,14.042898595375517,booked
14,5,9,5,0.7,1,18057.98,107.0636831278376,50,15.141091271700345,29.676538892532676,booked
14,5,9,5,0.7,2,2339.74,44.03422138588612,50,6.227379309245953,12.205663446122069,booked
14,5,9,9,0.3,1,18134.24,104.00207219285562,50,14.708114101004215,28.827903637968262,booked
14,5,9,9,0.3,2,2329.66,46.078730318392005,50,6.516516535320229,12.77237240922765,booked
14,5,9,9,0.5,1,18099.56,88.28783168981926,50,12.485784896825551,24.47213839777808,booked
14,5,9,9,0.5,2,2326.66,50.66239196074016,50,7.164744181314039,14.042898595375517,booked
14,5,9,9,0.7,1,18057.98,107.0636831278376,50,15.141091271700345,29.676538892532676,booked
14,5,9,9,0.7,2,2339.74,44.03422138588612,50,6.227379309245953,12.205663446122069,booked
14,5,12,12,0.3,1,18236.12,115.92250050119243,50,16.393917239298823,32.13207778902569,booked
14,5,12,12,0.3,2,2339.6,54.91514790463337,50,7.766174694645696,15.221702401505564,booked
14,5,12,12,0.5,1,18236.12,115.92250050119243,50,16.393917239298823,32.13207778902569,booked
14,5,12,12,0.5,2,2339.6,54.91514790463337,50,7.766174694645696,15.221702401505564,booked
14,5,12,12,0.7,1,18236.12,115.92250050119243,50,16.393917239298823,32.13207778902569,booked
14,5,12,12,0.7,2,2339.6,54.91514790463337,50,7.766174694645696,15.221702401505564,booked
14,7,5,9,0.3,1,13691.52,96.55731934124589,50,13.655267055877989,26.764323429520857,booked
14,7,5,9,0.3,2,4782.28,101.09180309531138,50,14.296539898213977,28.021218200499394,booked
14,7,5,9,0.5,1,10587.56,93.19633872111288,50,13.179952618291466,25.832707131851272,booked
14,7,5,9,0.5,2,7454.16,121.7473731016109,50,17.217678622359546,33.74665009982471,booked
14,7,5,9,0.7,1,7535.72,90.07616731615171,50,12.738693746508986,24.96783974315761,booked
14,7,5,9,0.7,2,10206.42,89.76456507362553,50,12.694626534764346,24.881468008138118,booked
14,7,5,12,0.3,1,13691.52,96.55731934124589,50,13.655267055877989,26.764323429520857,booked
14,7,5,12,0.3,2,4782.28,101.09180309531138,50,14.296539898213977,28.021218200499394,booked
14,7,5,12,0.5,1,10587.56,93.19633872111288,50,13.179952618291466,25.832707131851272,booked
14,7,5,12,0.5,2,7454.16,121.7473731016109,50,17.217678622359546,33.74665009982471,booked
14,7,5,12,0.7,1,7535.72,90.07616731615171,50,12.738693746508986,24.96783974315761,booked
14,7,5,12,0.7,2,10206.42,89.76456507362553,50,12.694626534764346,24.881468008138118,booked
14,7,9,5,0.3,1,17639.12,86.89793215171989,50,12.28922341911393,24.0868779014633,booked
14,7,9,5,0.3,2,3396.86,55.73845995690357,50,7.882608601684271,15.44991285930117,booked
14,7,9,5,0.5,1,17571.94,78.30875833936494,50,11.07453080961271,21.706080386840913,booked
14,7,9,5,0.5,2,3321.84,47.100569778606555,50,6.661026457640571,13.055611856975519,booked
14,7,9,5,0.7,1,17618.7,74.20276962760977,50,10.49385631730121,20.567958381910373,booked
14,7,9,5,0.7,2,3184.82,56.4011470429025,50,7.97632670814719,15.633600347968493,booked
14,7,9,9,0.3,1,17558.24,78.40464376084613,50,11.088091055961966,21.732658469685454,booked
14,7,9,9,0.3,2,3506.26,54.88905693695758,50,7.7624848746114425,15.214470354238427,booked
14,7,9,9,0.5,1,17444.64,73.50489640777924,50,10.39516214007108,20.374517794539315,booked
14,7,9,9,0.5,2,3511.68,71.59535955775407,50,10.1251128489554,19.84522118395258,booked
14,7,9,9,0.7,1,17379.82,69.31256916965374,50,9.802277536264757,19.212463971078925,booked
14,7,9,9,0.7,2,3505.88,53.0135292705012,50,7.497245208360585,14.694600608386747,booked
14,7,12,12,0.3,1,18240.68,119.86700793728166,50,16.951754830598713,33.22543946797347,booked
14,7,12,12,0.3,2,3494.32,63.25021255106659,50,8.944930841269933,17.53206444888907,booked
14,7,12,12,0.5,1,18240.68,119.86700793728166,50,16.951754830598713,33.22543946797347,booked
14,7,12,12,0.5,2,3494.32,63.25021255106659,50,8.944930841269933,17.53206444888907,booked
14,7,12,12,0.7,1,18240.68,119.86700793728166,50,16.951754830598713,33.22543946797347,booked
14,7,12,12,0.7,2,3494.32,63.25021255106659,50,8.944930841269933,17.53206444888907,booked
14,10,5,9,0.3,1,13677.98,120.33465071734453,50,17.017889506789793,33.35506343330799,booked
14,10,5,9,0.3,2,8063.76,125.97498293919563,50,17.815552939232973,34.91848376089663,booked
14,10,5,9,0.5,1,10586.7,96.73596507388301,50,13.680531377673539,26.813841500240137,booked
14,10,5,9,0.5,2,10809.64,121.04591134384182,50,17.118476949227237,33.55221482048538,booked
14,10,5,9,0.7,1,7536.88,79.23451113689069,50,11.205452025779286,21.9626859705274,booked
14,10,5,9,0.7,2,13613.84,103.81269632548495,50,14.681332309002038,28.775411325643994,booked
14,10,5,12,0.3,1,13677.98,120.33465071734453,50,17.017889506789793,33.35506343330799,booked
14,10,5,12,0.3,2,8063.76,125.97498293919563,50,17.815552939232973,34.91848376089663,booked
14,10,5,12,0.5,1,10586.7,96.73596507388301,50,13.680531377673539,26.813841500240137,booked
14,10,5,12,0.5,2,10809.64,121.04591134384182,50,17.118476949227237,33.55221482048538,booked
14,10,5,12,0.7,1,7536.88,79.23451113689069,50,11.205452025779286,21.9626859705274,booked
14,10,5,12,0.7,2,13613.84,103.81269632548495,50,14.681332309002038,28.775411325643994,booked
14,10,9,5,0.3,1,15199.54,100.18660344678848,50,14.168525336254334,27.770309659058494,booked
14,10,9,5,0.3,2,6528.14,108.61164856534307,50,15.360006643280848,30.10561302083046,booked
14,10,9,5,0.5,1,14511.14,77.92618432902798,50,11.02042667420971,21.600036281451032,booked
14,10,9,5,0.5,2,6873.92,95.12566125169077,50,13.45280002718499,26.36748805328258,booked
14,10,9,5,0.7,1,15010.32,76.57474406468145,50,10.829304159152118,21.22543615193815,booked
14,10,9,5,0.7,2,6136.3,87.94693437127938,50,12.43757473569998,24.37764648197196,booked
14,10,9,9,0.3,1,14855.66,95.00969016100318,50,13.43639923825563,26.335342506981036,booked
14,10,9,9,0.3,2,6952.14,114.40725858234052,50,16.17962967210716,31.712074157330036,booked
14,10,9,9,0.5,1,13239.26,99.67248612227878,50,14.095818166957075,27.627803607235865,booked
14,10,9,9,0.5,2,8266.38,89.53209206873308,50,12.661749887123893,24.81702977876283,booked
14,10,9,9,0.7,1,11982.64,93.02441198142444,50,13.155638505591266,25.78505147095888,booked
14,10,9,9,0.7,2,9304.58,104.09691128355098,50,14.721526373834665,28.854191692715943,booked
14,10,12,12,0.3,1,18231.24,149.51125273328972,50,21.14408413428098,41.44240490319072,booked
14,10,12,12,0.3,2,5262.5,75.33225723149313,50,10.653589986095625,20.881036372747424,booked
14,10,12,12,0.5,1,18229.12,114.85796730336585,50,16.24336951070255,31.837004240977,booked
14,10,12,12,0.5,2,5256.98,73.25005815975963,50,10.359122569415007,20.303880236053413,booked
14,10,12,12,0.7,1,18199.64,124.85367108608965,50,17.656975496201753,34.60767197255544,booked
14,10,12,12,0.7,2,5262.52,84.14764478254251,50,11.900274049322523,23.324537136672145,booked
14,14,5,9,0.3,1,12391.7,101.4091027593132,50,14.341412847030758,28.109169180180285,booked
14,14,5,9,0.3,2,13234.78,106.81842117369463,50,15.106405993512032,29.60855574728358,booked
14,14,5,9,0.5,1,10597.2,90.5509215179785,50,12.805834129610691,25.099434894036953,booked
14,14,5,9,0.5,2,12218.72,102.87203066858174,50,14.548302096036927,28.51467210823238,booked
14,14,5,9,0.7,1,7500.68,94.57778140078078,50,13.375318115614203,26.215623506603837,booked
14,14,5,9,0.7,2,13888.76,114.49615624953711,50,16.192201700768436,31.736715333506133,booked
14,14,5,12,0.3,1,12078.32,97.20427470234104,50,13.746760360469064,26.943650306519366,booked
14,14,5,12,0.3,2,13565.4,109.84348791227755,50,15.534215034390805,30.447061467405977,booked
14,14,5,12,0.5,1,10545.5,84.99921968429383,50,12.020704926865848,23.560581656657064,booked
14,14,5,12,0.5,2,14663.72,99.1605665533618,50,14.023421807236417,27.485906742183378,booked
14,14,5,12,0.7,1,7519.86,82.74598701657351,50,11.70204970707863,22.936017425874113,booked
14,14,5,12,0.7,2,16980.12,109.74379067554044,50,15.52011571595833,30.419426803278327,booked
14,14,9,5,0.3,1,13213.34,95.84226199163625,50,13.554142675708738,26.566119644389126,booked
14,14,9,5,0.3,2,12387.78,102.8480730128132,50,14.544913971865872,28.50803138485711,booked
14,14,9,5,0.5,1,12212.98,101.20387384696625,50,14.312389095907543,28.052282627978784,booked
14,14,9,5,0.5,2,10604.92,102.74613851426139,50,14.530498256833306,28.47977658339328,booked
14,14,9,5,0.7,1,13885.34,98.73828734465201,50,13.96370250882986,27.368856917306523,booked
14,14,9,5,0.7,2,7533.66,81.82425417581625,50,11.57169699865027,22.68052611735453,booked
14,14,9,9,0.3,1,12812.12,91.92624372677409,50,13.000334061641857,25.480654760818037,booked
14,14,9,9,0.3,2,12827.86,101.64062541471236,50,14.37415509495697,28.17334398611566,booked
14,14,9,9,0.5,1,11773.82,89.42462109029456,50,12.646551195596968,24.78724034337006,booked
14,14,9,9,0.5,2,11748.28,106.33025948257927,50,15.037369505091398,29.47324422997914,booked
14,14,9,9,0.7,1,10848.76,97.15809964449997,50,13.740230221164843,26.930851233483093,booked
14,14,9,9,0.7,2,10826.76,90.94235895918474,50,12.86119174342814,25.207935817119154,booked
14,14,12,12,0.3,1,12840.2,99.99795916284808,50,14.141847005773066,27.718020131315207,booked
14,14,12,12,0.3,2,12832.32,104.18163886957701,50,14.733508663961182,28.877676981363916,booked
14,14,12,12,0.5,1,12762.4,84.71512888040996,50,11.980528420086044,23.481835703368645,booked
14,14,12,12,0.5,2,12746.1,99.43457494190594,50,14.062172445164729,27.561857992522867,booked
14,14,12,12,0.7,1,12498.64,91.64255316729398,50,12.960214157968458,25.402019749618177,booked
14,14,12,12,0.7,2,12513.42,93.42596981960995,50,13.212427359675184,25.89635762496336,booked
2,2,5,9,0.3,1,0.0,0.0,50,0.0,0.0,balked
2,2,5,9,0.3,2,0.0,0.0,50,0.0,0.0,balked
2,2,5,9,0.5,1,0.0,0.0,50,0.0,0.0,balked
2,2,5,9,0.5,2,0.0,0.0,50,0.0,0.0,balked
2,2,5,9,0.7,1,0.0,0.0,50,0.0,0.0,balked
2,2,5,9,0.7,2,0.0,0.0,50,0.0,0.0,balked
2,2,5,12,0.3,1,0.0,0.0,50,0.0,0.0,balked
2,2,5,12,0.3,2,0.0,0.0,50,0.0,0.0,balked
2,2,5,12,0.5,1,0.0,0.0,50,0.0,0.0,balked
2,2,5,12,0.5,2,0.0,0.0,50,0.0,0.0,balked
2,2,5,12,0.7,1,0.0,0.0,50,0.0,0.0,balked
2,2,5,12,0.7,2,0.0,0.0,50,0.0,0.0,balked
2,2,9,5,0.3,1,0.0,0.0,50,0.0,0.0,balked
2,2,9,5,0.3,2,0.0,0.0,50,0.0,0.0,balked
2,2,9,5,0.5,1,0.0,0.0,50,0.0,0.0,balked
2,2,9,5,0.5,2,0.0,0.0,50,0.0,0.0,balked
2,2,9,5,0.7,1,0.0,0.0,50,0.0,0.0,balked
2,2,9,5,0.7,2,0.0,0.0,50,0.0,0.0,balked
2,2,9,9,0.3,1,0.0,0.0,50,0.0,0.0,balked
2,2,9,9,0.3,2,0.0,0.0,50,0.0,0.0,balked
2,2,9,9,0.5,1,0.0,0.0,50,0.0,0.0,balked
2,2,9,9,0.5,2,0.0,0.0,50,0.0,0.0,balked
2,2,9,9,0.7,1,0.0,0.0,50,0.0,0.0,balked
2,2,9,9,0.7,2,0.0,0.0,50,0.0,0.0,balked
2,2,12,12,0.3,1,0.0,0.0,50,0.0,0.0,balked
2,2,12,12,0.3,2,0.0,0.0,50,0.0,0.0,balked
2,2,12,12,0.5,1,0.0,0.0,50,0.0,0.0,balked
2,2,12,12,0.5,2,0.0,0.0,50,0.0,0.0,balked
2,2,12,12,0.7,1,0.0,0.0,50,0.0,0.0,balked
2,2,12,12,0.7,2,0.0,0.0,50,0.0,0.0,balked
2,5,5,9,0.3,1,0.0,0.0,50,0.0,0.0,balked
2,5,5,9,0.3,2,0.0,0.0,50,0.0,0.0,balked
2,5,5,9,0.5,1,0.0,0.0,50,0.0,0.0,balked
2,5,5,9,0.5,2,0.0,0.0,50,0.0,0.0,balked
2,5,5,9,0.7,1,0.0,0.0,50,0.0,0.0,balked
2,5,5,9,0.7,2,0.0,0.0,50,0.0,0.0,balked
2,5,5,12,0.3,1,0.0,0.0,50,0.0,0.0,balked
2,5,5,12,0.3,2,0.0,0.0,50,0.0,0.0,balked
2,5,5,12,0.5,1,0.0,0.0,50,0.0,0.0,balked
2,5,5,12,0.5,2,0.0,0.0,50,0.0,0.0,balked
2,5,5,12,0.7,1,0.0,0.0,50,0.0,0.0,balked
2,5,5,12,0.7,2,0.0,0.0,50,0.0,0.0,balked
2,5,9,5,0.3,1,0.0,0.0,50,0.0,0.0,balked
2,5,9,5,0.3,2,0.0,0.0,50,0.0,0.0,balked
2,5,9,5,0.5,1,0.0,0.0,50,0.0,0.0,balked
2,5,9,5,0.5,2,0.0,0.0,50,0.0,0.0,balked
2,5,9,5,0.7,1,0.0,0.0,50,0.0,0.0,balked
2,5,9,5,0.7,2,0.0,0.0,50,0.0,0.0,balked
2,5,9,9,0.3,1,0.0,0.0,50,0.0,0.0,balked
2,5,9,9,0.3,2,0.0,0.0,50,0.0,0.0,balked
2,5,9,9,0.5,1,0.0,0.0,50,0.0,0.0,balked
2,5,9,9,0.5,2,0.0,0.0,50,0.0,0.0,balked
2,5,9,9,0.7,1,0.0,0.0,50,0.0,0.0,balked
2,5,9,9,0.7,2,0.0,0.0,50,0.0,0.0,balked
2,5,12,12,0.3,1,0.0,0.0,50,0.0,0.0,balked
2,5,12,12,0.3,2,0.0,0.0,50,0.0,0.0,balked
2,5,12,12,0.5,1,0.0,0.0,50,0.0,0.0,balked
2,5,12,12,0.5,2,0.0,0.0,50,0.0,0.0,balked
2,5,12,12,0.7,1,0.0,0.0,50,0.0,0.0,balked
2,5,12,12,0.7,2,0.0,0.0,50,0.0,0.0,balked
2,7,5,9,0.3,1,0.0,0.0,50,0.0,0.0,balked
2,7,5,9,0.3,2,0.0,0.0,50,0.0,0.0,balked
2,7,5,9,0.5,1,0.0,0.0,50,0.0,0.0,balked
2,7,5,9,0.5,2,0.0,0.0,50,0.0,0.0,balked
2,7,5,9,0.7,1,0.0,0.0,50,0.0,0.0,balked
2,7,5,9,0.7,2,0.0,0.0,50,0.0,0.0,balked
2,7,5,12,0.3,1,0.0,0.0,50,0.0,0.0,balked
2,7,5,12,0.3,2,0.0,0.0,50,0.0,0.0,balked
2,7,5,12,0.5,1,0.0,0.0,50,0.0,0.0,balked
2,7,5,12,0.5,2,0.0,0.0,50,0.0,0.0,balked
2,7,5,12,0.7,1,0.0,0.0,50,0.0,0.0,balked
2,7,5,12,0.7,2,0.0,0.0,50,0.0,0.0,balked
2,7,9,5,0.3,1,0.0,0.0,50,0.0,0.0,balked
2,7,9,5,0.3,2,2010.94,106.57629441208884,50,15.072164098504395,29.54144163306861,balked
2,7,9,5,0.5,1,0.0,0.0,50,0.0,0.0,balked
2,7,9,5,0.5,2,2265.88,120.93186477668878,50,17.102348329026245,33.52060272489144,balked
2,7,9,5,0.7,1,0.0,0.0,50,0.0,0.0,balked
2,7,9,5,0.7,2,2410.68,148.6424885009502,50,21.02122231829306,41.2015957438544,balked
2,7,9,9,0.3,1,0.0,0.0,50,0.0,0.0,balked
2,7,9,9,0.3,2,0.0,0.0,50,0.0,0.0,balked
2,7,9,9,0.5,1,0.0,0.0,50,0.0,0.0,balked
2,7,9,9,0.5,2,0.0,0.0,50,0.0,0.0,balked
2,7,9,9,0.7,1,0.0,0.0,50,0.0,0.0,balked
2,7,9,9,0.7,2,0.0,0.0,50,0.0,0.0,balked
2,7,12,12,0.3,1,0.0,0.0,50,0.0,0.0,balked
2,7,12,12,0.3,2,0.0,0.0,50,0.0,0.0,balked
2,7,12,12,0.5,1,0.0,0.0,50,0.0,0.0,balked
2,7,12,12,0.5,2,0.0,0.0,50,0.0,0.0,balked
2,7,12,12,0.7,1,0.0,0.0,50,0.0,0.0,balked
2,7,12,12,0.7,2,0.0,0.0,50,0.0,0.0,balked
2,10,5,9,0.3,1,0.0,0.0,50,0.0,0.0,balked
2,10,5,9,0.3,2,0.0,0.0,50,0.0,0.0,balked
2,10,5,9,0.5,1,0.0,0.0,50,0.0,0.0,balked
2,10,5,9,0.5,2,0.0,0.0,50,0.0,0.0,balked
2,10,5,9,0.7,1,0.0,0.0,50,0.0,0.0,balked
2,10,5,9,0.7,2,0.0,0.0,50,0.0,0.0,balked
2,10,5,12,0.3,1,0.0,0.0,50,0.0,0.0,balked
2,10,5,12,0.3,2,0.0,0.0,50,0.0,0.0,balked
2,10,5,12,0.5,1,0.0,0.0,50,0.0,0.0,balked
2,10,5,12,0.5,2,0.0,0.0,50,0.0,0.0,balked
2,10,5,12,0.7,1,0.0,0.0,50,0.0,0.0,balked
2,10,5,12,0.7,2,0.0,0.0,50,0.0,0.0,balked
2,10,9,5,0.3,1,0.0,0.0,50,0.0,0.0,balked
2,10,9,5,0.3,2,2027.94,134.1157602329314,50,18.966832704938977,37.174992101680395,balked
2,10,9,5,0.5,1,0.0,0.0,50,0.0,0.0,balked
2,10,9,5,0.5,2,2265.88,120.93186477668878,50,17.102348329026245,33.52060272489144,balked
2,10,9,5,0.7,1,0.0,0.0,50,0.0,0.0,balked
2,10,9,5,0.7,2,2410.68,148.6424885009502,50,21.02122231829306,41.2015957438544,balked
2,10,9,9,0.3,1,0.0,0.0,50,0.0,0.0,balked
2,10,9,9,0.3,2,0.0,0.0,50,0.0,0.0,balked
2,10,9,9,0.5,1,0.0,0.0,50,0.0,0.0,balked
2,10,9,9,0.5,2,0.0,0.0,50,0.0,0.0,balked
2,10,9,9,0.7,1,0.0,0.0,50,0.0,0.0,balked
2,10,9,9,0.7,2,0.0,0.0,50,0.0,0.0,balked
2,10,12,12,0.3,1,0.0,0.0,50,0.0,0.0,balked
2,10,12,12,0.3,2,0.0,0.0,50,0.0,0.0,balked
2,10,12,12,0.5,1,0.0,0.0,50,0.0,0.0,balked
2,10,12,12,0.5,2,0.0,0.0,50,0.0,0.0,balked
2,10,12,12,0.7,1,0.0,0.0,50,0.0,0.0,balked
2,10,12,12,0.7,2,0.0,0.0,50,0.0,0.0,balked
2,14,5,9,0.3,1,0.0,0.0,50,0.0,0.0,balked
2,14,5,9,0.3,2,0.14,0.40456577881446554,50,0.05721424112714509,0.11213991260920438,balked
2,14,5,9,0.5,1,0.0,0.0,50,0.0,0.0,balked
2,14,5,9,0.5,2,0.26,1.0460811222298747,50,0.1479382110399956,0.2899588936383914,balked
2,14,5,9,0.7,1,0.0,0.0,50,0.0,0.0,balked
2,14,5,9,0.7,2,0.44,1.3726185313673502,50,0.19411757430243462,0.3804704456327718,balked
2,14,5,12,0.3,1,0.0,0.0,50,0.0,0.0,balked
2,14,5,12,0.3,2,0.0,0.0,50,0.0,0.0,balked
2,14,5,12,0.5,1,0.0,0.0,50,0.0,0.0,balked
2,14,5,12,0.5,2,0.0,0.0,50,0.0,0.0,balked
2,14,5,12,0.7,1,0.0,0.0,50,0.0,0.0,balked
2,14,5,12,0.7,2,0.0,0.0,50,0.0,0.0,balked
2,14,9,5,0.3,1,0.0,0.0,50,0.0,0.0,balked
2,14,9,5,0.3,2,2027.94,134.1157602329314,50,18.966832704938977,37.174992101680395,balked
2,14,9,5,0.5,1,0.0,0.0,50,0.0,0.0,balked
2,14,9,5,0.5,2,2265.88,120.93186477668878,50,17.102348329026245,33.52060272489144,balked
2,14,9,5,0.7,1,0.0,0.0,50,0.0,0.0,balked
2,14,9,5,0.7,2,2410.68,148.6424885009502,50,21.02122231829306,41.2015957438544,balked
2,14,9,9,0.3,1,0.0,0.0,50,0.0,0.0,balked
2,14,9,9,0.3,2,0.14,0.40456577881446554,50,0.05721424112714509,0.11213991260920438,balked
2,14,9,9,0.5,1,0.0,0.0,50,0.0,0.0,balked
2,14,9,9,0.5,2,0.26,1.0460811222298747,50,0.1479382110399956,0.2899588936383914,balked
2,14,9,9,0.7,1,0.0,0.0,50,0.0,0.0,balked
2,14,9,9,0.7,2,0.44,1.3726185313673502,50,0.19411757430243462,0.3804704456327718,balked
2,14,12,12,0.3,1,0.0,0.0,50,0.0,0.0,balked
2,14,12,12,0.3,2,0.0,0.0,50,0.0,0.0,balked
2,14,12,12,0.5,1,0.0,0.0,50,0.0,0.0,balked
2,14,12,12,0.5,2,0.0,0.0,50,0.0,0.0,balked
2,14,12,12,0.7,1,0.0,0.0,50,0.0,0.0,balked
2,14,12,12,0.7,2,0.0,0.0,50,0.0,0.0,balked
5,2,5,9,0.3,1,0.0,0.0,50,0.0,0.0,balked
5,2,5,9,0.3,2,0.0,0.0,50,0.0,0.0,balked
5,2,5,9,0.5,1,0.0,0.0,50,0.0,0.0,balked
5,2,5,9,0.5,2,0.0,0.0,50,0.0,0.0,balked
5,2,5,9,0.7,1,0.0,0.0,50,0.0,0.0,balked
5,2,5,9,0.7,2,0.0,0.0,50,0.0,0.0,balked
5,2,5,12,0.3,1,0.0,0.0,50,0.0,0.0,balked
5,2,5,12,0.3,2,0.0,0.0,50,0.0,0.0,balked
5,2,5,12,0.5,1,0.0,0.0,50,0.0,0.0,balked
5,2,5,12,0.5,2,0.0,0.0,50,0.0,0.0,balked
5,2,5,12,0.7,1,0.0,0.0,50,0.0,0.0,balked
5,2,5,12,0.7,2,0.0,0.0,50,0.0,0.0,balked
5,2,9,5,0.3,1,0.0,0.0,50,0.0,0.0,balked
5,2,9,5,0.3,2,0.0,0.0,50,0.0,0.0,balked
5,2,9,5,0.5,1,0.0,0.0,50,0.0,0.0,balked
5,2,9,5,0.5,2,0.0,0.0,50,0.0,0.0,balked
5,2,9,5,0.7,1,0.0,0.0,50,0.0,0.0,balked
5,2,9,5,0.7,2,0.0,0.0,50,0.0,0.0,balked
5,2,9,9,0.3,1,0.0,0.0,50,0.0,0.0,balked
5,2,9,9,0.3,2,0.0,0.0,50,0.0,0.0,balked
5,2,9,9,0.5,1,0.0,0.0,50,0.0,0.0,balked
5,2,9,9,0.5,2,0.0,0.0,50,0.0,0.0,balked
5,2,9,9,0.7,1,0.0,0.0,50,0.0,0.0,balked
5,2,9,9,0.7,2,0.0,0.0,50,0.0,0.0,balked
5,2,12,12,0.3,1,0.0,0.0,50,0.0,0.0,balked
5,2,12,12,0.3,2,0.0,0.0,50,0.0,0.0,balked
5,2,12,12,0.5,1,0.0,0.0,50,0.0,0.0,balked
5,2,12,12,0.5,2,0.0,0.0,50,0.0,0.0,balked
5,2,12,12,0.7,1,0.0,0.0,50,0.0,0.0,balked
5,2,12,12,0.7,2,0.0,0.0,50,0.0,0.0,balked
5,5,5,9,0.3,1,0.0,0.0,50,0.0,0.0,balked
5,5,5,9,0.3,2,0.0,0.0,50,0.0,0.0,balked
5,5,5,9,0.5,1,0.0,0.0,50,0.0,0.0,balked
5,5,5,9,0.5,2,0.0,0.0,50,0.0,0.0,balked
5,5,5,9,0.7,1,0.0,0.0,50,0.0,0.0,balked
5,5,5,9,0.7,2,0.0,0.0,50,0.0,0.0,balked
5,5,5,12,0.3,1,0.0,0.0,50,0.0,0.0,balked
5,5,5,12,0.3,2,0.0,0.0,50,0.0,0.0,balked
5,5,5,12,0.5,1,0.0,0.0,50,0.0,0.0,balked
5,5,5,12,0.5,2,0.0,0.0,50,0.0,0.0,balked
5,5,5,12,0.7,1,0.0,0.0,50,0.0,0.0,balked
5,5,5,12,0.7,2,0.0,0.0,50,0.0,0.0,balked
5,5,9,5,0.3,1,0.0,0.0,50,0.0,0.0,balked
5,5,9,5,0.3,2,0.0,0.0,50,0.0,0.0,balked
5,5,9,5,0.5,1,0.0,0.0,50,0.0,0.0,balked
5,5,9,5,0.5,2,0.0,0.0,50,0.0,0.0,balked
5,5,9,5,0.7,1,0.0,0.0,50,0.0,0.0,balked
5,5,9,5,0.7,2,0.0,0.0,50,0.0,0.0,balked
5,5,9,9,0.3,1,0.0,0.0,50,0.0,0.0,balked
5,5,9,9,0.3,2,0.0,0.0,50,0.0,0.0,balked
5,5,9,9,0.5,1,0.0,0.0,50,0.0,0.0,balked
5,5,9,9,0.5,2,0.0,0.0,50,0.0,0.0,balked
5,5,9,9,0.7,1,0.0,0.0,50,0.0,0.0,balked
5,5,9,9,0.7,2,0.0,0.0,50,0.0,0.0,balked
5,5,12,12,0.3,1,0.0,0.0,50,0.0,0.0,balked
5,5,12,12,0.3,2,0.0,0.0,50,0.0,0.0,balked
5,5,12,12,0.5,1,0.0,0.0,50,0.0,0.0,balked
5,5,12,12,0.5,2,0.0,0.0,50,0.0,0.0,balked
5,5,12,12,0.7,1,0.0,0.0,50,0.0,0.0,balked
5,5,12,12,0.7,2,0.0,0.0,50,0.0,0.0,balked
5,7,5,9,0.3,1,0.0,0.0,50,0.0,0.0,balked
5,7,5,9,0.3,2,0.0,0.0,50,0.0,0.0,balked
5,7,5,9,0.5,1,0.0,0.0,50,0.0,0.0,balked
5,7,5,9,0.5,2,0.0,0.0,50,0.0,0.0,balked
5,7,5,9,0.7,1,0.0,0.0,50,0.0,0.0,balked
5,7,5,9,0.7,2,0.0,0.0,50,0.0,0.0,balked
5,7,5,12,0.3,1,0.0,0.0,50,0.0,0.0,balked
5,7,5,12,0.3,2,0.0,0.0,50,0.0,0.0,balked
5,7,5,12,0.5,1,0.0,0.0,50,0.0,0.0,balked
5,7,5,12,0.5,2,0.0,0.0,50,0.0,0.0,balked
5,7,5,12,0.7,1,0.0,0.0,50,0.0,0.0,balked
5,7,5,12,0.7,2,0.0,0.0,50,0.0,0.0,balked
5,7,9,5,0.3,1,0.0,0.0,50,0.0,0.0,balked
5,7,9,5,0.3,2,3326.48,102.30830556584885,50,14.468579327463425,28.358415481828313,balked
5,7,9,5,0.5,1,0.0,0.0,50,0.0,0.0,balked
5,7,9,5,0.5,2,3850.2,125.69025744395037,50,17.775286673540048,34.8395618801385,balked
5,7,9,5,0.7,1,0.0,0.0,50,0.0,0.0,balked
5,7,9,5,0.7,2,4061.3,142.45432493918022,50,20.14608383476925,39.48632431614773,balked
5,7,9,9,0.3,1,0.0,0.0,50,0.0,0.0,balked
5,7,9,9,0.3,2,0.0,0.0,50,0.0,0.0,balked
5,7,9,9,0.5,1,0.0,0.0,50,0.0,0.0,balked
5,7,9,9,0.5,2,0.0,0.0,50,0.0,0.0,balked
5,7,9,9,0.7,1,0.0,0.0,50,0.0,0.0,balked
5,7,9,9,0.7,2,0.0,0.0,50,0.0,0.0,balked
5,7,12,12,0.3,1,0.0,0.0,50,0.0,0.0,balked
5,7,12,12,0.3,2,0.0,0.0,50,0.0,0.0,balked
5,7,12,12,0.5,1,0.0,0.0,50,0.0,0.0,balked
5,7,12,12,0.5,2,0.0,0.0,50,0.0,0.0,balked
5,7,12,12,0.7,1,0.0,0.0,50,0.0,0.0,balked
5,7,12,12,0.7,2,0.0,0.0,50,0.0,0.0,balked
5,10,5,9,0.3,1,0.0,0.0,50,0.0,0.0,balked
5,10,5,9,0.3,2,0.0,0.0,50,0.0,0.0,balked
5,10,5,9,0.5,1,0.0,0.0,50,0.0,0.0,balked
5,10,5,9,0.5,2,0.0,0.0,50,0.0,0.0,balked
5,10,5,9,0.7,1,0.0,0.0,50,0.0,0.0,balked
5,10,5,9,0.7,2,0.0,0.0,50,0.0,0.0,balked
5,10,5,12,0.3,1,0.0,0.0,50,0.0,0.0,balked
5,10,5,12,0.3,2,0.0,0.0,50,0.0,0.0,balked
5,10,5,12,0.5,1,0.0,0.0,50,0.0,0.0,balked
5,10,5,12,0.5,2,0.0,0.0,50,0.0,0.0,balked
5,10,5,12,0.7,1,0.0,0.0,50,0.0,0.0,balked
5,10,5,12,0.7,2,0.0,0.0,50,0.0,0.0,balked
5,10,9,5,0.3,1,0.0,0.0,50,0.0,0.0,balked
5,10,9,5,0.3,2,3437.84,122.65803799879676,50,17.346466087197282,33.99907353090667,balked
5,10,9,5,0.5,1,0.0,0.0,50,0.0,0.0,balked
5,10,9,5,0.5,2,3850.86,126.06995304680854,50,17.82898374065359,34.944808131681036,balked
5,10,9,5,0.7,1,0.0,0.0,50,0.0,0.0,balked
5,10,9,5,0.7,2,4061.3,142.45432493918022,50,20.14608383476925,39.48632431614773,balked
5,10,9,9,0.3,1,0.0,0.0,50,0.0,0.0,balked
5,10,9,9,0.3,2,0.0,0.0,50,0.0,0.0,balked
5,10,9,9,0.5,1,0.0,0.0,50,0.0,0.0,balked
5,10,9,9,0.5,2,0.0,0.0,50,0.0,0.0,balked
5,10,9,9,0.7,1,0.0,0.0,50,0.0,0.0,balked
5,10,9,9,0.7,2,0.0,0.0,50,0.0,0.0,balked
5,10,12,12,0.3,1,0.0,0.0,50,0.0,0.0,balked
5,10,12,12,0.3,2,0.0,0.0,50,0.0,0.0,balked
5,10,12,12,0.5,1,0.0,0.0,50,0.0,0.0,balked
5,10,12,12,0.5,2,0.0,0.0,50,0.0,0.0,balked
5,10,12,12,0.7,1,0.0,0.0,50,0.0,0.0,balked
5,10,12,12,0.7,2,0.0,0.0,50,0.0,0.0,balked
5,14,5,9,0.3,1,0.0,0.0,50,0.0,0.0,balked
5,14,5,9,0.3,2,129.7,46.95384185885242,50,6.640275996231063,13.014940952612884,balked
5,14,5,9,0.5,1,0.0,0.0,50,0.0,0.0,balked
5,14,5,9,0.5,2,168.36,58.56751206417903,50,8.282696987561184,16.234086095619922,balked
5,14,5,9,0.7,1,0.0,0.0,50,0.0,0.0,balked
5,14,5,9,0.7,2,188.36,57.83677242808384,50,8.179354797168244,16.03153540244976,balked
5,14,5,12,0.3,1,0.0,0.0,50,0.0,0.0,balked
5,14,5,12,0.3,2,0.0,0.0,50,0.0,0.0,balked
5,14,5,12,0.5,1,0.0,0.0,50,0.0,0.0,balked
5,14,5,12,0.5,2,0.0,0.0,50,0.0,0.0,balked
5,14,5,12,0.7,1,0.0,0.0,50,0.0,0.0,balked
5,14,5,12,0.7,2,0.0,0.0,50,0.0,0.0,balked
5,14,9,5,0.3,1,0.0,0.0,50,0.0,0.0,balked
5,14,9,5,0.3,2,3437.84,122.65803799879676,50,17.346466087197282,33.99907353090667,balked
5,14,9,5,0.5,1,0.0,0.0,50,0.0,0.0,balked
5,14,9,5,0.5,2,3850.86,126.06995304680854,50,17.82898374065359,34.944808131681036,balked
5,14,9,5,0.7,1,0.0,0.0,50,0.0,0.0,balked
5,14,9,5,0.7,2,4061.3,142.45432493918022,50,20.14608383476925,39.48632431614773,balked
5,14,9,9,0.3,1,0.0,0.0,50,0.0,0.0,balked
5,14,9,9,0.3,2,129.7,46.95384185885242,50,6.640275996231063,13.014940952612884,balked
5,14,9,9,0.5,1,0.0,0.0,50,0.0,0.0,balked
5,14,9,9,0.5,2,168.36,58.56751206417903,50,8.282696987561184,16.234086095619922,balked
5,14,9,9,0.7,1,0.0,0.0,50,0.0,0.0,balked
5,14,9,9,0.7,2,188.36,57.83677242808384,50,8.179354797168244,16.03153540244976,balked
5,14,12,12,0.3,1,0.0,0.0,50,0.0,0.0,balked
5,14,12,12,0.3,2,0.0,0.0,50,0.0,0.0,balked
5,14,12,12,0.5,1,0.0,0.0,50,0.0,0.0,balked
5,14,12,12,0.5,2,0.0,0.0,50,0.0,0.0,balked
5,14,12,12,0.7,1,0.0,0.0,50,0.0,0.0,balked
5,14,12,12,0.7,2,0.0,0.0,50,0.0,0.0,balked
7,2,5,9,0.3,1,1984.54,127.56866258399589,50,18.040933276008417,35.3602292209765,balked
7,2,5,9,0.3,2,0.0,0.0,50,0.0,0.0,balked
7,2,5,9,0.5,1,2306.82,133.51797096806317,50,18.88229253635721,37.00929337126013,balked
7,2,5,9,0.5,2,0.0,0.0,50,0.0,0.0,balked
7,2,5,9,0.7,1,2397.66,149.00248046147905,50,21.072132869585577,41.30138042438773,balked
7,2,5,9,0.7,2,0.0,0.0,50,0.0,0.0,balked
7,2,5,12,0.3,1,1984.54,127.56866258399589,50,18.040933276008417,35.3602292209765,balked
7,2,5,12,0.3,2,0.0,0.0,50,0.0,0.0,balked
7,2,5,12,0.5,1,2306.82,133.51797096806317,50,18.88229253635721,37.00929337126013,balked
7,2,5,12,0.5,2,0.0,0.0,50,0.0,0.0,balked
7,2,5,12,0.7,1,2397.66,149.00248046147905,50,21.072132869585577,41.30138042438773,balked
7,2,5,12,0.7,2,0.0,0.0,50,0.0,0.0,balked
7,2,9,5,0.3,1,0.0,0.0,50,0.0,0.0,balked
7,2,9,5,0.3,2,0.0,0.0,50,0.0,0.0,balked
7,2,9,5,0.5,1,0.0,0.0,50,0.0,0.0,balked
7,2,9,5,0.5,2,0.0,0.0,50,0.0,0.0,balked
7,2,9,5,0.7,1,0.0,0.0,50,0.0,0.0,balked
7,2,9,5,0.7,2,0.0,0.0,50,0.0,0.0,balked
7,2,9,9,0.3,1,0.0,0.0,50,0.0,0.0,balked
7,2,9,9,0.3,2,0.0,0.0,50,0.0,0.0,balked
7,2,9,9,0.5,1,0.0,0.0,50,0.0,0.0,balked
7,2,9,9,0.5,2,0.0,0.0,50,0.0,0.0,balked
7,2,9,9,0.7,1,0.0,0.0,50,0.0,0.0,balked
7,2,9,9,0.7,2,0.0,0.0,50,0.0,0.0,balked
7,2,12,12,0.3,1,0.0,0.0,50,0.0,0.0,balked
7,2,12,12,0.3,2,0.0,0.0,50,0.0,0.0,balked
7,2,12,12,0.5,1,0.0,0.0,50,0.0,0.0,balked
7,2,12,12,0.5,2,0.0,0.0,50,0.0,0.0,balked
7,2,12,12,0.7,1,0.0,0.0,50,0.0,0.0,balked
7,2,12,12,0.7,2,0.0,0.0,50,0.0,0.0,balked
7,5,5,9,0.3,1,3359.34,88.43528938248168,50,12.506638563709497,24.513011584870615,balked
7,5,5,9,0.3,2,0.0,0.0,50,0.0,0.0,balked
7,5,5,9,0.5,1,3835.96,117.729187683654,50,16.649421390939104,32.63286592624064,balked
7,5,5,9,0.5,2,0.0,0.0,50,0.0,0.0,balked
7,5,5,9,0.7,1,4069.52,140.49594953853534,50,19.869127729588264,38.943490349993,balked
7,5,5,9,0.7,2,0.0,0.0,50,0.0,0.0,balked
7,5,5,12,0.3,1,3359.34,88.43528938248168,50,12.506638563709497,24.513011584870615,balked
7,5,5,12,0.3,2,0.0,0.0,50,0.0,0.0,balked
7,5,5,12,0.5,1,3835.96,117.729187683654,50,16.649421390939104,32.63286592624064,balked
7,5,5,12,0.5,2,0.0,0.0,50,0.0,0.0,balked
7,5,5,12,0.7,1,4069.52,140.49594953853534,50,19.869127729588264,38.943490349993,balked
7,5,5,12,0.7,2,0.0,0.0,50,0.0,0.0,balked
7,5,9,5,0.3,1,0.0,0.0,50,0.0,0.0,balked
7,5,9,5,0.3,2,0.0,0.0,50,0.0,0.0,balked
7,5,9,5,0.5,1,0.0,0.0,50,0.0,0.0,balked
7,5,9,5,0.5,2,0.0,0.0,50,0.0,0.0,balked
7,5,9,5,0.7,1,0.0,0.0,50,0.0,0.0,balked
7,5,9,5,0.7,2,0.0,0.0,50,0.0,0.0,balked
7,5,9,9,0.3,1,0.0,0.0,50,0.0,0.0,balked
7,5,9,9,0.3,2,0.0,0.0,50,0.0,0.0,balked
7,5,9,9,0.5,1,0.0,0.0,50,0.0,0.0,balked
7,5,9,9,0.5,2,0.0,0.0,50,0.0,0.0,balked
7,5,9,9,0.7,1,0.0,0.0,50,0.0,0.0,balked
7,5,9,9,0.7,2,0.0,0.0,50,0.0,0.0,balked
7,5,12,12,0.3,1,0.0,0.0,50,0.0,0.0,balked
7,5,12,12,0.3,2,0.0,0.0,50,0.0,0.0,balked
7,5,12,12,0.5,1,0.0,0.0,50,0.0,0.0,balked
7,5,12,12,0.5,2,0.0,0.0,50,0.0,0.0,balked
7,5,12,12,0.7,1,0.0,0.0,50,0.0,0.0,balked
7,5,12,12,0.7,2,0.0,0.0,50,0.0,0.0,balked
7,7,5,9,0.3,1,2057.36,50.19503187059247,50,7.098649483514162,13.913352987687757,balked
7,7,5,9,0.3,2,0.0,0.0,50,0.0,0.0,balked
7,7,5,9,0.5,1,3888.28,84.39969049174319,50,11.935918695351477,23.394400642888893,balked
7,7,5,9,0.5,2,0.0,0.0,50,0.0,0.0,balked
7,7,5,9,0.7,1,6311.5,88.0320558498032,50,12.449612730637744,24.401240952049978,balked
7,7,5,9,0.7,2,0.0,0.0,50,0.0,0.0,balked
7,7,5,12,0.3,1,2057.36,50.19503187059247,50,7.098649483514162,13.913352987687757,balked
7,7,5,12,0.3,2,0.0,0.0,50,0.0,0.0,balked
7,7,5,12,0.5,1,3888.28,84.39969049174319,50,11.935918695351477,23.394400642888893,balked
7,7,5,12,0.5,2,0.0,0.0,50,0.0,0.0,balked
7,7,5,12,0.7,1,6311.5,88.0320558498032,50,12.449612730637744,24.401240952049978,balked
7,7,5,12,0.7,2,0.0,0.0,50,0.0,0.0,balked
7,7,9,5,0.3,1,0.0,0.0,50,0.0,0.0,balked
7,7,9,5,0.3,2,2053.78,52.61306193061082,50,7.440610574024539,14.583596725088096,balked
7,7,9,5,0.5,1,0.0,0.0,50,0.0,0.0,balked
7,7,9,5,0.5,2,3892.62,74.80147603040017,50,10.57852618877179,20.733911329992708,balked
7,7,9,5,0.7,1,0.0,0.0,50,0.0,0.0,balked
7,7,9,5,0.7,2,6289.32,114.47973530681469,50,16.18987942877794,31.73216368040476,balked
7,7,9,9,0.3,1,0.0,0.0,50,0.0,0.0,balked
7,7,9,9,0.3,2,0.0,0.0,50,0.0,0.0,balked
7,7,9,9,0.5,1,0.0,0.0,50,0.0,0.0,balked
7,7,9,9,0.5,2,0.0,0.0,50,0.0,0.0,balked
7,7,9,9,0.7,1,0.0,0.0,50,0.0,0.0,balked
7,7,9,9,0.7,2,0.0,0.0,50,0.0,0.0,balked
7,7,12,12,0.3,1,0.0,0.0,50,0.0,0.0,balked
7,7,12,12,0.3,2,0.0,0.0,50,0.0,0.0,balked
7,7,12,12,0.5,1,0.0,0.0,50,0.0,0.0,balked
7,7,12,12,0.5,2,0.0,0.0,50,0.0,0.0,balked
7,7,12,12,0.7,1,0.0,0.0,50,0.0,0.0,balked
7,7,12,12,0.7,2,0.0,0.0,50,0.0,0.0,balked
7,10,5,9,0.3,1,206.48,16.72373359349289,50,2.3650930861432182,4.635582448840708,balked
7,10,5,9,0.3,2,0.0,0.0,50,0.0,0.0,balked
7,10,5,9,0.5,1,386.18,22.02474489648182,50,3.1147692940412197,6.104947816320791,balked
7,10,5,9,0.5,2,0.0,0.0,50,0.0,0.0,balked
7,10,5,9,0.7,1,628.34,43.92972588494643,50,6.212601413782365,12.176698771013434,balked
7,10,5,9,0.7,2,0.0,0.0,50,0.0,0.0,balked
7,10,5,12,0.3,1,206.48,16.72373359349289,50,2.3650930861432182,4.635582448840708,balked
7,10,5,12,0.3,2,0.0,0.0,50,0.0,0.0,balked
7,10,5,12,0.5,1,386.18,22.02474489648182,50,3.1147692940412197,6.104947816320791,balked
7,10,5,12,0.5,2,0.0,0.0,50,0.0,0.0,balked
7,10,5,12,0.7,1,628.34,43.92972588494643,50,6.212601413782365,12.176698771013434,balked
7,10,5,12,0.7,2,0.0,0.0,50,0.0,0.0,balked
7,10,9,5,0.3,1,0.0,0.0,50,0.0,0.0,balked
7,10,9,5,0.3,2,4606.98,72.80572134952368,50,10.296283855085278,20.180716355967146,balked
7,10,9,5,0.5,1,0.0,0.0,50,0.0,0.0,balked
7,10,9,5,0.5,2,7674.58,82.05525515138682,50,11.6043654699076,22.744556321018898,balked
7,10,9,5,0.7,1,0.0,0.0,50,0.0,0.0,balked
7,10,9,5,0.7,2,10728.62,106.69217403352535,50,15.08855195172821,29.57356182538729,balked
7,10,9,9,0.3,1,0.0,0.0,50,0.0,0.0,balked
7,10,9,9,0.3,2,0.0,0.0,50,0.0,0.0,balked
7,10,9,9,0.5,1,0.0,0.0,50,0.0,0.0,balked
7,10,9,9,0.5,2,0.0,0.0,50,0.0,0.0,balked
7,10,9,9,0.7,1,0.0,0.0,50,0.0,0.0,balked
7,10,9,9,0.7,2,0.0,0.0,50,0.0,0.0,balked
7,10,12,12,0.3,1,0.0,0.0,50,0.0,0.0,balked
7,10,12,12,0.3,2,0.0,0.0,50,0.0,0.0,balked
7,10,12,12,0.5,1,0.0,0.0,50,0.0,0.0,balked
7,10,12,12,0.5,2,0.0,0.0,50,0.0,0.0,balked
7,10,12,12,0.7,1,0.0,0.0,50,0.0,0.0,balked
7,10,12,12,0.7,2,0.0,0.0,50,0.0,0.0,balked
7,14,5,9,0.3,1,206.48,22.71225507544869,50,3.2119979159776704,6.2955159153162334,balked
7,14,5,9,0.3,2,633.52,87.15298301825126,50,12.325293058568297,24.157574394793862,balked
7,14,5,9,0.5,1,387.2,28.527823868880656,50,4.034443542036192,7.907509342390937,balked
7,14,5,9,0.5,2,691.24,110.44447492209073,50,15.61920743239959,30.613646567503196,balked
7,14,5,9,0.7,1,629.8,34.16526461367524,50,4.831698057872511,9.47012819343012,balked
7,14,5,9,0.7,2,622.4,120.87419670290024,50,17.094192831819477,33.504617950366175,balked
7,14,5,12,0.3,1,209.94,18.685812581654957,50,2.6425729576938255,5.179442997079898,balked
7,14,5,12,0.3,2,0.08,0.565685424949238,50,0.08,0.1568,balked
7,14,5,12,0.5,1,393.74,24.350174956417938,50,3.4436347669523935,6.749524143226691,balked
7,14,5,12,0.5,2,0.0,0.0,50,0.0,0.0,balked
7,14,5,12,0.7,1,628.06,35.68879661856968,50,5.04715802027563,9.892429719740234,balked
7,14,5,12,0.7,2,0.0,0.0,50,0.0,0.0,balked
7,14,9,5,0.3,1,0.0,0.0,50,0.0,0.0,balked
7,14,9,5,0.3,2,4606.98,72.80572134952368,50,10.296283855085278,20.180716355967146,balked
7,14,9,5,0.5,1,0.0,0.0,50,0.0,0.0,balked
7,14,9,5,0.5,2,7674.58,82.05525515138682,50,11.6043654699076,22.744556321018898,balked
7,14,9,5,0.7,1,0.0,0.0,50,0.0,0.0,balked
7,14,9,5,0.7,2,10728.62,106.69217403352535,50,15.08855195172821,29.57356182538729,balked
7,14,9,9,0.3,1,0.0,0.0,50,0.0,0.0,balked
7,14,9,9,0.3,2,691.04,94.7223569066943,50,13.395764179739189,26.25569779228881,balked
7,14,9,9,0.5,1,0.0,0.0,50,0.0,0.0,balked
7,14,9,9,0.5,2,799.86,98.35711899574358,50,13.909797163972494,27.26320244138609,balked
7,14,9,9,0.7,1,0.0,0.0,50,0.0,0.0,balked
7,14,9,9,0.7,2,855.6,112.63268819032773,50,15.92866752053014,31.220188340239076,balked
7,14,12,12,0.3,1,0.0,0.0,50,0.0,0.0,balked
7,14,12,12,0.3,2,0.0,0.0,50,0.0,0.0,balked
7,14,12,12,0.5,1,0.0,0.0,50,0.0,0.0,balked
7,14,12,12,0.5,2,0.0,0.0,50,0.0,0.0,balked
7,14,12,12,0.7,1,0.0,0.0,50,0.0,0.0,balked
7,14,12,12,0.7,2,0.0,0.0,50,0.0,0.0,balked
10,2,5,9,0.3,1,2010.96,113.3183991761123,50,16.025641698126616,31.41025772832817,balked
10,2,5,9,0.3,2,0.0,0.0,50,0.0,0.0,balked
10,2,5,9,0.5,1,2306.82,133.51797096806317,50,18.88229253635721,37.00929337126013,balked
10,2,5,9,0.5,2,0.0,0.0,50,0.0,0.0,balked
10,2,5,9,0.7,1,2397.66,149.00248046147905,50,21.072132869585577,41.30138042438773,balked
10,2,5,9,0.7,2,0.0,0.0,50,0.0,0.0,balked
10,2,5,12,0.3,1,2010.96,113.3183991761123,50,16.025641698126616,31.41025772832817,balked
10,2,5,12,0.3,2,0.0,0.0,50,0.0,0.0,balked
10,2,5,12,0.5,1,2306.82,133.51797096806317,50,18.88229253635721,37.00929337126013,balked
10,2,5,12,0.5,2,0.0,0.0,50,0.0,0.0,balked
10,2,5,12,0.7,1,2397.66,149.00248046147905,50,21.072132869585577,41.30138042438773,balked
10,2,5,12,0.7,2,0.0,0.0,50,0.0,0.0,balked
10,2,9,5,0.3,1,0.0,0.0,50,0.0,0.0,balked
10,2,9,5,0.3,2,0.0,0.0,50,0.0,0.0,balked
10,2,9,5,0.5,1,0.0,0.0,50,0.0,0.0,balked
10,2,9,5,0.5,2,0.0,0.0,50,0.0,0.0,balked
10,2,9,5,0.7,1,0.0,0.0,50,0.0,0.0,balked
10,2,9,5,0.7,2,0.0,0.0,50,0.0,0.0,balked
10,2,9,9,0.3,1,0.0,0.0,50,0.0,0.0,balked
10,2,9,9,0.3,2,0.0,0.0,50,0.0,0.0,balked
10,2,9,9,0.5,1,0.0,0.0,50,0.0,0.0,balked
10,2,9,9,0.5,2,0.0,0.0,50,0.0,0.0,balked
10,2,9,9,0.7,1,0.0,0.0,50,0.0,0.0,balked
10,2,9,9,0.7,2,0.0,0.0,50,0.0,0.0,balked
10,2,12,12,0.3,1,0.0,0.0,50,0.0,0.0,balked
10,2,12,12,0.3,2,0.0,0.0,50,0.0,0.0,balked
10,2,12,12,0.5,1,0.0,0.0,50,0.0,0.0,balked
10,2,12,12,0.5,2,0.0,0.0,50,0.0,0.0,balked
10,2,12,12,0.7,1,0.0,0.0,50,0.0,0.0,balked
10,2,12,12,0.7,2,0.0,0.0,50,0.0,0.0,balked
10,5,5,9,0.3,1,3429.82,117.84193668137131,50,16.665366507110683,32.664118353936935,balked
10,5,5,9,0.3,2,0.0,0.0,50,0.0,0.0,balked
10,5,5,9,0.5,1,3835.98,117.71575761909153,50,16.647522092994322,32.62914330226887,balked
10,5,5,9,0.5,2,0.0,0.0,50,0.0,0.0,balked
10,5,5,9,0.7,1,4069.52,140.49594953853534,50,19.869127729588264,38.943490349993,balked
10,5,5,9,0.7,2,0.0,0.0,50,0.0,0.0,balked
10,5,5,12,0.3,1,3429.82,117.84193668137131,50,16.665366507110683,32.664118353936935,balked
10,5,5,12,0.3,2,0.0,0.0,50,0.0,0.0,balked
10,5,5,12,0.5,1,3835.98,117.71575761909153,50,16.647522092994322,32.62914330226887,balked
10,5,5,12,0.5,2,0.0,0.0,50,0.0,0.0,balked
10,5,5,12,0.7,1,4069.52,140.49594953853534,50,19.869127729588264,38.943490349993,balked
10,5,5,12,0.7,2,0.0,0.0,50,0.0,0.0,balked
10,5,9,5,0.3,1,0.0,0.0,50,0.0,0.0,balked
10,5,9,5,0.3,2,0.0,0.0,50,0.0,0.0,balked
10,5,9,5,0.5,1,0.0,0.0,50,0.0,0.0,balked
10,5,9,5,0.5,2,0.0,0.0,50,0.0,0.0,balked
10,5,9,5,0.7,1,0.0,0.0,50,0.0,0.0,balked
10,5,9,5,0.7,2,0.0,0.0,50,0.0,0.0,balked
10,5,9,9,0.3,1,0.0,0.0,50,0.0,0.0,balked
10,5,9,9,0.3,2,0.0,0.0,50,0.0,0.0,balked
10,5,9,9,0.5,1,0.0,0.0,50,0.0,0.0,balked
10,5,9,9,0.5,2,0.0,0.0,50,0.0,0.0,balked
10,5,9,9,0.7,1,0.0,0.0,50,0.0,0.0,balked
10,5,9,9,0.7,2,0.0,0.0,50,0.0,0.0,balked
10,5,12,12,0.3,1,0.0,0.0,50,0.0,0.0,balked
10,5,12,12,0.3,2,0.0,0.0,50,0.0,0.0,balked
10,5,12,12,0.5,1,0.0,0.0,50,0.0,0.0,balked
10,5,12,12,0.5,2,0.0,0.0,50,0.0,0.0,balked
10,5,12,12,0.7,1,0.0,0.0,50,0.0,0.0,balked
10,5,12,12,0.7,2,0.0,0.0,50,0.0,0.0,balked
10,7,5,9,0.3,1,4584.1,72.42540145218526,50,10.242498499399645,20.075297058823303,balked
10,7,5,9,0.3,2,0.0,0.0,50,0.0,0.0,balked
10,7,5,9,0.5,1,7654.58,91.98005329462283,50,13.007943883705568,25.495570012062913,balked
10,7,5,9,0.5,2,0.0,0.0,50,0.0,0.0,balked
10,7,5,9,0.7,1,10729.48,112.73487771342677,50,15.943119301480051,31.2485138309009,balked
10,7,5,9,0.7,2,0.0,0.0,50,0.0,0.0,balked
10,7,5,12,0.3,1,4584.1,72.42540145218526,50,10.242498499399645,20.075297058823303,balked
10,7,5,12,0.3,2,0.0,0.0,50,0.0,0.0,balked
10,7,5,12,0.5,1,7654.58,91.98005329462283,50,13.007943883705568,25.495570012062913,balked
10,7,5,12,0.5,2,0.0,0.0,50,0.0,0.0,balked
10,7,5,12,0.7,1,10729.48,112.73487771342677,50,15.943119301480051,31.2485138309009,balked
10,7,5,12,0.7,2,0.0,0.0,50,0.0,0.0,balked
10,7,9,5,0.3,1,0.0,0.0,50,0.0,0.0,balked
10,7,9,5,0.3,2,208.66,15.111301352677362,50,2.137060731806322,4.188639034340391,balked
10,7,9,5,0.5,1,0.0,0.0,50,0.0,0.0,balked
10,7,9,5,0.5,2,385.86,27.049470929225592,50,3.82537286431276,7.497730814053009,balked
10,7,9,5,0.7,1,0.0,0.0,50,0.0,0.0,balked
10,7,9,5,0.7,2,629.7,35.24969242882171,50,4.9850593102319865,9.770716248054693,balked
10,7,9,9,0.3,1,0.0,0.0,50,0.0,0.0,balked
10,7,9,9,0.3,2,0.0,0.0,50,0.0,0.0,balked
10,7,9,9,0.5,1,0.0,0.0,50,0.0,0.0,balked
10,7,9,9,0.5,2,0.0,0.0,50,0.0,0.0,balked
10,7,9,9,0.7,1,0.0,0.0,50,0.0,0.0,balked
10,7,9,9,0.7,2,0.0,0.0,50,0.0,0.0,balked
10,7,12,12,0.3,1,0.0,0.0,50,0.0,0.0,balked
10,7,12,12,0.3,2,0.0,0.0,50,0.0,0.0,balked
10,7,12,12,0.5,1,0.0,0.0,50,0.0,0.0,balked
10,7,12,12,0.5,2,0.0,0.0,50,0.0,0.0,balked
10,7,12,12,0.7,1,0.0,0.0,50,0.0,0.0,balked
10,7,12,12,0.7,2,0.0,0.0,50,0.0,0.0,balked
10,10,5,9,0.3,1,2676.7,59.21674128977029,50,8.374511865153199,16.41404325570027,balked
10,10,5,9,0.3,2,0.0,0.0,50,0.0,0.0,balked
10,10,5,9,0.5,1,5031.68,92.0859048799057,50,13.02291355845614,25.524910574574037,balked
10,10,5,9,0.5,2,0.0,0.0,50,0.0,0.0,balked
10,10,5,9,0.7,1,8152.7,116.01306224837309,50,16.406724604408332,32.15718022464033,balked
10,10,5,9,0.7,2,0.0,0.0,50,0.0,0.0,balked
10,10,5,12,0.3,1,2676.7,59.21674128977029,50,8.374511865153199,16.41404325570027,balked
10,10,5,12,0.3,2,0.0,0.0,50,0.0,0.0,balked
10,10,5,12,0.5,1,5031.68,92.0859048799057,50,13.02291355845614,25.524910574574037,balked
10,10,5,12,0.5,2,0.0,0.0,50,0.0,0.0,balked
10,10,5,12,0.7,1,8152.7,116.01306224837309,50,16.406724604408332,32.15718022464033,balked
10,10,5,12,0.7,2,0.0,0.0,50,0.0,0.0,balked
10,10,9,5,0.3,1,0.0,0.0,50,0.0,0.0,balked
10,10,9,5,0.3,2,2673.46,52.96907453545754,50,7.4909583594395395,14.682278384501497,balked
10,10,9,5,0.5,1,0.0,0.0,50,0.0,0.0,balked
10,10,9,5,0.5,2,5065.6,86.52898535243816,50,12.237046462380093,23.984611066264982,balked
10,10,9,5,0.7,1,0.0,0.0,50,0.0,0.0,balked
10,10,9,5,0.7,2,8201.58,137.5431791200458,50,19.45154293234807,38.125024147402215,balked
10,10,9,9,0.3,1,0.0,0.0,50,0.0,0.0,balked
10,10,9,9,0.3,2,0.0,0.0,50,0.0,0.0,balked
10,10,9,9,0.5,1,0.0,0.0,50,0.0,0.0,balked
10,10,9,9,0.5,2,0.0,0.0,50,0.0,0.0,balked
10,10,9,9,0.7,1,0.0,0.0,50,0.0,0.0,balked
10,10,9,9,0.7,2,0.0,0.0,50,0.0,0.0,balked
10,10,12,12,0.3,1,0.0,0.0,50,0.0,0.0,balked
10,10,12,12,0.3,2,0.0,0.0,50,0.0,0.0,balked
10,10,12,12,0.5,1,0.0,0.0,50,0.0,0.0,balked
10,10,12,12,0.5,2,0.0,0.0,50,0.0,0.0,balked
10,10,12,12,0.7,1,0.0,0.0,50,0.0,0.0,balked
10,10,12,12,0.7,2,0.0,0.0,50,0.0,0.0,balked
10,14,5,9,0.3,1,1554.64,48.06745260568737,50,6.797764338368904,13.323618103203053,balked
10,14,5,9,0.3,2,3037.5,68.02948040431909,50,9.620821382898276,18.85680991048062,balked
10,14,5,9,0.5,1,3935.38,80.73562044205315,50,11.417740939575806,22.37877224156858,balked
10,14,5,9,0.5,2,3710.06,83.4382112826061,50,11.799945001601335,23.127892203138618,balked
10,14,5,9,0.7,1,7470.9,109.8175202556587,50,15.530542653173462,30.439863600219986,balked
10,14,5,9,0.7,2,3279.36,114.44912602977612,50,16.1855506233057,31.723679221679173,balked
10,14,5,12,0.3,1,837.34,35.48705426501561,50,5.018627343025506,9.836509592329993,balked
10,14,5,12,0.3,2,4.72,7.287226733771069,50,1.0305694878986837,2.0199161962814203,balked
10,14,5,12,0.5,1,1636.98,73.72521790474437,50,10.426320304980122,20.435587797761038,balked
10,14,5,12,0.5,2,1.62,3.244398626707204,50,0.4588272539633972,0.8993014177682584,balked
10,14,5,12,0.7,1,2980.14,187.35625891627433,50,26.496176235488026,51.93250542155653,balked
10,14,5,12,0.7,2,0.2,1.0101525445522108,50,0.14285714285714285,0.27999999999999997,balked
10,14,9,5,0.3,1,0.0,0.0,50,0.0,0.0,balked
10,14,9,5,0.3,2,4600.66,60.14493040199821,50,8.505777628249175,16.671324151368385,balked
10,14,9,5,0.5,1,0.0,0.0,50,0.0,0.0,balked
10,14,9,5,0.5,2,7640.46,72.15210973197878,50,10.203849213679618,19.99954445881205,balked
10,14,9,5,0.7,1,0.0,0.0,50,0.0,0.0,balked
10,14,9,5,0.7,2,10730.34,92.9374619662851,50,13.143341916525408,25.7609501563898,balked
10,14,9,9,0.3,1,0.0,0.0,50,0.0,0.0,balked
10,14,9,9,0.3,2,3387.18,66.70088271606333,50,9.432929295931393,18.48854142002553,balked
10,14,9,9,0.5,1,0.0,0.0,50,0.0,0.0,balked
10,14,9,9,0.5,2,4995.96,79.3637865291524,50,11.223734327081047,21.998519281078853,balked
10,14,9,9,0.7,1,0.0,0.0,50,0.0,0.0,balked
10,14,9,9,0.7,2,6244.82,135.63526872627557,50,19.18172365688182,37.59617836748837,balked
10,14,12,12,0.3,1,0.0,0.0,50,0.0,0.0,balked
10,14,12,12,0.3,2,21.76,18.31421885434642,50,2.5900216688085753,5.076442470864808,balked
10,14,12,12,0.5,1,0.0,0.0,50,0.0,0.0,balked
10,14,12,12,0.5,2,27.56,17.57451773077679,50,2.4854121327030967,4.871407780098069,balked
10,14,12,12,0.7,1,0.0,0.0,50,0.0,0.0,balked
10,14,12,12,0.7,2,36.0,22.215089558262704,50,3.1416880942628045,6.157708664755097,balked
14,2,5,9,0.3,1,2010.96,113.3183991761123,50,16.025641698126616,31.41025772832817,balked
14,2,5,9,0.3,2,0.0,0.0,50,0.0,0.0,balked
14,2,5,9,0.5,1,2306.82,133.51797096806317,50,18.88229253635721,37.00929337126013,balked
14,2,5,9,0.5,2,0.0,0.0,50,0.0,0.0,balked
14,2,5,9,0.7,1,2397.66,149.00248046147905,50,21.072132869585577,41.30138042438773,balked
14,2,5,9,0.7,2,0.0,0.0,50,0.0,0.0,balked
14,2,5,12,0.3,1,2010.96,113.3183991761123,50,16.025641698126616,31.41025772832817,balked
14,2,5,12,0.3,2,0.0,0.0,50,0.0,0.0,balked
14,2,5,12,0.5,1,2306.82,133.51797096806317,50,18.88229253635721,37.00929337126013,balked
14,2,5,12,0.5,2,0.0,0.0,50,0.0,0.0,balked
14,2,5,12,0.7,1,2397.66,149.00248046147905,50,21.072132869585577,41.30138042438773,balked
14,2,5,12,0.7,2,0.0,0.0,50,0.0,0.0,balked
14,2,9,5,0.3,1,0.3,1.092647038627025,50,0.1545236260913138,0.302866307138975,balked
14,2,9,5,0.3,2,0.0,0.0,50,0.0,0.0,balked
14,2,9,5,0.5,1,0.32,1.2027180102770967,50,0.17009001218442535,0.3333764238814737,balked
14,2,9,5,0.5,2,0.0,0.0,50,0.0,0.0,balked
14,2,9,5,0.7,1,0.36,1.2739141034061687,50,0.18015866023353652,0.35311097405773156,balked
14,2,9,5,0.7,2,0.0,0.0,50,0.0,0.0,balked
14,2,9,9,0.3,1,0.3,1.092647038627025,50,0.1545236260913138,0.302866307138975,balked
14,2,9,9,0.3,2,0.0,0.0,50,0.0,0.0,balked
14,2,9,9,0.5,1,0.32,1.2027180102770967,50,0.17009001218442535,0.3333764238814737,balked
14,2,9,9,0.5,2,0.0,0.0,50,0.0,0.0,balked
14,2,9,9,0.7,1,0.36,1.2739141034061687,50,0.18015866023353652,0.35311097405773156,balked
14,2,9,9,0.7,2,0.0,0.0,50,0.0,0.0,balked
14,2,12,12,0.3,1,0.0,0.0,50,0.0,0.0,balked
14,2,12,12,0.3,2,0.0,0.0,50,0.0,0.0,balked
14,2,12,12,0.5,1,0.0,0.0,50,0.0,0.0,balked
14,2,12,12,0.5,2,0.0,0.0,50,0.0,0.0,balked
14,2,12,12,0.7,1,0.0,0.0,50,0.0,0.0,balked
14,2,12,12,0.7,2,0.0,0.0,50,0.0,0.0,balked
14,5,5,9,0.3,1,3429.82,117.84193668137131,50,16.665366507110683,32.664118353936935,balked
14,5,5,9,0.3,2,0.0,0.0,50,0.0,0.0,balked
14,5,5,9,0.5,1,3835.98,117.71575761909153,50,16.647522092994322,32.62914330226887,balked
14,5,5,9,0.5,2,0.0,0.0,50,0.0,0.0,balked
14,5,5,9,0.7,1,4069.52,140.49594953853534,50,19.869127729588264,38.943490349993,balked
14,5,5,9,0.7,2,0.0,0.0,50,0.0,0.0,balked
14,5,5,12,0.3,1,3429.82,117.84193668137131,50,16.665366507110683,32.664118353936935,balked
14,5,5,12,0.3,2,0.0,0.0,50,0.0,0.0,balked
14,5,5,12,0.5,1,3835.98,117.71575761909153,50,16.647522092994322,32.62914330226887,balked
14,5,5,12,0.5,2,0.0,0.0,50,0.0,0.0,balked
14,5,5,12,0.7,1,4069.52,140.49594953853534,50,19.869127729588264,38.943490349993,balked
14,5,5,12,0.7,2,0.0,0.0,50,0.0,0.0,balked
14,5,9,5,0.3,1,138.24,49.23934050189162,50,6.963494314008196,13.648448855456063,balked
14,5,9,5,0.3,2,0.0,0.0,50,0.0,0.0,balked
14,5,9,5,0.5,1,172.52,58.527593352823494,50,8.277051629262038,16.223021193353595,balked
14,5,9,5,0.5,2,0.0,0.0,50,0.0,0.0,balked
14,5,9,5,0.7,1,188.0,61.20190739991488,50,8.65525674880619,16.96430322766013,balked
14,5,9,5,0.7,2,0.0,0.0,50,0.0,0.0,balked
14,5,9,9,0.3,1,138.24,49.23934050189162,50,6.963494314008196,13.648448855456063,balked
14,5,9,9,0.3,2,0.0,0.0,50,0.0,0.0,balked
14,5,9,9,0.5,1,172.52,58.527593352823494,50,8.277051629262038,16.223021193353595,balked
14,5,9,9,0.5,2,0.0,0.0,50,0.0,0.0,balked
14,5,9,9,0.7,1,188.0,61.20190739991488,50,8.65525674880619,16.96430322766013,balked
14,5,9,9,0.7,2,0.0,0.0,50,0.0,0.0,balked
14,5,12,12,0.3,1,0.0,0.0,50,0.0,0.0,balked
14,5,12,12,0.3,2,0.0,0.0,50,0.0,0.0,balked
14,5,12,12,0.5,1,0.0,0.0,50,0.0,0.0,balked
14,5,12,12,0.5,2,0.0,0.0,50,0.0,0.0,balked
14,5,12,12,0.7,1,0.0,0.0,50,0.0,0.0,balked
14,5,12,12,0.7,2,0.0,0.0,50,0.0,0.0,balked
14,7,5,9,0.3,1,4584.1,72.42540145218526,50,10.242498499399645,20.075297058823303,balked
14,7,5,9,0.3,2,0.0,0.0,50,0.0,0.0,balked
14,7,5,9,0.5,1,7654.58,91.98005329462283,50,13.007943883705568,25.495570012062913,balked
14,7,5,9,0.5,2,0.0,0.0,50,0.0,0.0,balked
14,7,5,9,0.7,1,10729.48,112.73487771342677,50,15.943119301480051,31.2485138309009,balked
14,7,5,9,0.7,2,0.0,0.0,50,0.0,0.0,balked
14,7,5,12,0.3,1,4584.1,72.42540145218526,50,10.242498499399645,20.075297058823303,balked
14,7,5,12,0.3,2,0.0,0.0,50,0.0,0.0,balked
14,7,5,12,0.5,1,7654.58,91.98005329462283,50,13.007943883705568,25.495570012062913,balked
14,7,5,12,0.5,2,0.0,0.0,50,0.0,0.0,balked
14,7,5,12,0.7,1,10729.48,112.73487771342677,50,15.943119301480051,31.2485138309009,balked
14,7,5,12,0.7,2,0.0,0.0,50,0.0,0.0,balked
14,7,9,5,0.3,1,623.54,90.12377203443212,50,12.745426070331497,24.981035097849734,balked
14,7,9,5,0.3,2,208.84,17.792867178984377,50,2.5162914078022816,4.931931159292472,balked
14,7,9,5,0.5,1,650.68,133.7067213977621,50,18.908985878115605,37.06161232110659,balked
14,7,9,5,0.5,2,388.04,23.810441887061707,50,3.3673049842779093,6.599917769184702,balked
14,7,9,5,0.7,1,635.72,98.13049204700727,50,13.877747273522282,27.200384656103672,balked
14,7,9,5,0.7,2,634.24,32.90900255218309,50,4.654035773346812,9.121910115759752,balked
14,7,9,9,0.3,1,675.52,112.13607622811107,50,15.858435983309787,31.082534527287184,balked
14,7,9,9,0.3,2,0.0,0.0,50,0.0,0.0,balked
14,7,9,9,0.5,1,815.84,130.71301482598417,50,18.485611834558227,36.231799195734126,balked
14,7,9,9,0.5,2,0.0,0.0,50,0.0,0.0,balked
14,7,9,9,0.7,1,872.2,103.79689744095126,50,14.679098009324246,28.771032098275523,balked
14,7,9,9,0.7,2,0.0,0.0,50,0.0,0.0,balked
14,7,12,12,0.3,1,0.0,0.0,50,0.0,0.0,balked
14,7,12,12,0.3,2,0.0,0.0,50,0.0,0.0,balked
14,7,12,12,0.5,1,0.0,0.0,50,0.0,0.0,balked
14,7,12,12,0.5,2,0.0,0.0,50,0.0,0.0,balked
14,7,12,12,0.7,1,0.0,0.0,50,0.0,0.0,balked
14,7,12,12,0.7,2,0.0,0.0,50,0.0,0.0,balked
14,10,5,9,0.3,1,4590.92,77.56283561982346,50,10.969041406966932,21.499321157655185,balked
14,10,5,9,0.3,2,0.0,0.0,50,0.0,0.0,balked
14,10,5,9,0.5,1,7653.7,89.39210803863972,50,12.641953155736527,24.77822818524359,balked
14,10,5,9,0.5,2,0.0,0.0,50,0.0,0.0,balked
14,10,5,9,0.7,1,10729.0,108.21916537795916,50,15.304501138620672,29.996822231696516,balked
14,10,5,9,0.7,2,0.0,0.0,50,0.0,0.0,balked
14,10,5,12,0.3,1,4590.92,77.56283561982346,50,10.969041406966932,21.499321157655185,balked
14,10,5,12,0.3,2,0.0,0.0,50,0.0,0.0,balked
14,10,5,12,0.5,1,7653.7,89.39210803863972,50,12.641953155736527,24.77822818524359,balked
14,10,5,12,0.5,2,0.0,0.0,50,0.0,0.0,balked
14,10,5,12,0.7,1,10729.0,108.21916537795916,50,15.304501138620672,29.996822231696516,balked
14,10,5,12,0.7,2,0.0,0.0,50,0.0,0.0,balked
14,10,9,5,0.3,1,3041.82,57.6688965791185,50,8.155613566928077,15.98500259117903,balked
14,10,9,5,0.3,2,1538.88,53.92081874264849,50,7.6255553160114875,14.946088419382516,balked
14,10,9,5,0.5,1,3711.12,104.92633762087871,50,14.838824971358498,29.084096943862654,balked
14,10,9,5,0.5,2,3971.46,92.87301183083598,50,13.134227290960515,25.74308549028261,balked
14,10,9,5,0.7,1,3237.04,127.68934879588961,50,18.058000883773573,35.3936817321962,balked
14,10,9,5,0.7,2,7505.4,133.8610305884581,50,18.93080849314372,37.10438464656169,balked
14,10,9,9,0.3,1,3385.12,75.97788077688755,50,10.744894943504043,21.059994089267924,balked
14,10,9,9,0.3,2,0.0,0.0,50,0.0,0.0,balked
14,10,9,9,0.5,1,5008.06,77.32792879308596,50,10.935820564940311,21.434208307283008,balked
14,10,9,9,0.5,2,0.0,0.0,50,0.0,0.0,balked
14,10,9,9,0.7,1,6260.14,110.45897012752131,50,15.62125736401052,30.617664433460618,balked
14,10,9,9,0.7,2,0.0,0.0,50,0.0,0.0,balked
14,10,12,12,0.3,1,19.14,15.37823800315344,50,2.1748112749460935,4.262630098894343,balked
14,10,12,12,0.3,2,0.0,0.0,50,0.0,0.0,balked
14,10,12,12,0.5,1,30.64,22.809557610075363,50,3.2257585723899016,6.322486801884207,balked
14,10,12,12,0.5,2,0.0,0.0,50,0.0,0.0,balked
14,10,12,12,0.7,1,32.02,23.92461801030009,50,3.3834519264761997,6.6315657758933515,balked
14,10,12,12,0.7,2,0.0,0.0,50,0.0,0.0,balked
14,14,5,9,0.3,1,4056.1,84.9213922232959,50,12.009698461779013,23.539008985086866,balked
14,14,5,9,0.3,2,3236.1,69.80768041482227,50,9.872296840044834,19.349701806487875,balked
14,14,5,9,0.5,1,7680.08,95.18721402733514,50,13.461504904196788,26.384549612225705,balked
14,14,5,9,0.5,2,6051.52,102.16737767616674,50,14.448649114172918,28.319352263778917,balked
14,14,5,9,0.7,1,10713.18,97.69207976586208,50,13.815746414131636,27.07886297169801,balked
14,14,5,9,0.7,2,4380.56,170.71209323158737,50,24.14233575092111,47.318978071805375,balked
14,14,5,12,0.3,1,3910.24,63.73944410405439,50,9.014118631007554,17.667672516774804,balked
14,14,5,12,0.3,2,2419.82,50.66846622296503,50,7.1656032117160215,14.044582294963401,balked
14,14,5,12,0.5,1,7628.38,84.53543877075025,50,11.955116401075536,23.43202814610805,balked
14,14,5,12,0.5,2,3445.46,121.06874586155503,50,17.121706237691264,33.558544225874876,balked
14,14,5,12,0.7,1,10745.38,94.04989774213523,50,13.300664092673037,26.069301621639152,balked
14,14,5,12,0.7,2,1278.46,178.0867949360992,50,25.185276067818773,49.36314109292479,balked
14,14,9,5,0.3,1,3224.64,48.815253554517525,50,6.903519362748011,13.530897950986102,balked
14,14,9,5,0.3,2,4055.58,65.19173917869395,50,9.219504170119844,18.070228173434895,balked
14,14,9,5,0.5,1,6017.4,104.8458538103652,50,14.827442841720531,29.06178796977224,balked
14,14,9,5,0.5,2,7658.06,81.23772371935371,50,11.488749066022848,22.517948169404782,balked
14,14,9,5,0.7,1,4357.9,154.97297328560094,50,21.91648806217802,42.95631660186891,balked
14,14,9,5,0.7,2,10733.3,95.21002562541322,50,13.46473095133493,26.390872664616463,balked
14,14,9,9,0.3,1,3246.6,51.48845719663582,50,7.281567447314896,14.271872196737196,balked
14,14,9,9,0.3,2,3255.68,64.55228540509165,50,9.129071750205942,17.892980630403645,balked
14,14,9,9,0.5,1,6511.18,89.62841431745412,50,12.67537191017385,24.843728943940743,balked
14,14,9,9,0.5,2,6510.62,88.49371936666992,50,12.514901811318321,24.52920755018391,balked
14,14,9,9,0.7,1,7411.52,123.48927739950972,50,17.464021090603996,34.229481337583834,balked
14,14,9,9,0.7,2,7416.16,126.71313576543739,50,17.919943513030486,35.12308928553975,balked
14,14,12,12,0.3,1,2474.5,55.232440186719906,50,7.811046599502005,15.30965133502393,balked
14,14,12,12,0.3,2,2459.2,57.64422905076574,50,8.152125051613407,15.978165101162277,balked
14,14,12,12,0.5,1,4935.5,94.31931219565404,50,13.3387650500796,26.143979498156014,balked
14,14,12,12,0.5,2,4944.0,76.57942388961477,50,10.82996598634114,21.226733333228633,balked
14,14,12,12,0.7,1,5727.88,117.03176613943016,50,16.55079109028585,32.43955053696026,balked
14,14,12,12,0.7,2,5714.9,120.31561386110897,50,17.015197288762465,33.34978668597443,balked
2,2,5,9,0.3,1,0.0,0.0,50,0.0,0.0,canceled
2,2,5,9,0.3,2,0.0,0.0,50,0.0,0.0,canceled
2,2,5,9,0.5,1,0.0,0.0,50,0.0,0.0,canceled
2,2,5,9,0.5,2,0.0,0.0,50,0.0,0.0,canceled
2,2,5,9,0.7,1,0.0,0.0,50,0.0,0.0,canceled
2,2,5,9,0.7,2,0.0,0.0,50,0.0,0.0,canceled
2,2,5,12,0.3,1,0.0,0.0,50,0.0,0.0,canceled
2,2,5,12,0.3,2,0.0,0.0,50,0.0,0.0,canceled
2,2,5,12,0.5,1,0.0,0.0,50,0.0,0.0,canceled
2,2,5,12,0.5,2,0.0,0.0,50,0.0,0.0,canceled
2,2,5,12,0.7,1,0.0,0.0,50,0.0,0.0,canceled
2,2,5,12,0.7,2,0.0,0.0,50,0.0,0.0,canceled
2,2,9,5,0.3,1,0.0,0.0,50,0.0,0.0,canceled
2,2,9,5,0.3,2,0.0,0.0,50,0.0,0.0,canceled
2,2,9,5,0.5,1,0.0,0.0,50,0.0,0.0,canceled
2,2,9,5,0.5,2,0.0,0.0,50,0.0,0.0,canceled
2,2,9,5,0.7,1,0.0,0.0,50,0.0,0.0,canceled
2,2,9,5,0.7,2,0.0,0.0,50,0.0,0.0,canceled
2,2,9,9,0.3,1,0.0,0.0,50,0.0,0.0,canceled
2,2,9,9,0.3,2,0.0,0.0,50,0.0,0.0,canceled
2,2,9,9,0.5,1,0.0,0.0,50,0.0,0.0,canceled
2,2,9,9,0.5,2,0.0,0.0,50,0.0,0.0,canceled
2,2,9,9,0.7,1,0.0,0.0,50,0.0,0.0,canceled
2,2,9,9,0.7,2,0.0,0.0,50,0.0,0.0,canceled
2,2,12,12,0.3,1,0.0,0.0,50,0.0,0.0,canceled
2,2,12,12,0.3,2,0.0,0.0,50,0.0,0.0,canceled
2,2,12,12,0.5,1,0.0,0.0,50,0.0,0.0,canceled
2,2,12,12,0.5,2,0.0,0.0,50,0.0,0.0,canceled
2,2,12,12,0.7,1,0.0,0.0,50,0.0,0.0,canceled
2,2,12,12,0.7,2,0.0,0.0,50,0.0,0.0,canceled
2,5,5,9,0.3,1,0.0,0.0,50,0.0,0.0,canceled
2,5,5,9,0.3,2,3484.88,53.02892549142909,50,7.499422562805137,14.698868223098067,canceled
2,5,5,9,0.5,1,0.0,0.0,50,0.0,0.0,canceled
2,5,5,9,0.5,2,3484.88,53.02892549142909,50,7.499422562805137,14.698868223098067,canceled
2,5,5,9,0.7,1,0.0,0.0,50,0.0,0.0,canceled
2,5,5,9,0.7,2,3484.88,53.02892549142909,50,7.499422562805137,14.698868223098067,canceled
2,5,5,12,0.3,1,0.0,0.0,50,0.0,0.0,canceled
2,5,5,12,0.3,2,3484.88,53.02892549142909,50,7.499422562805137,14.698868223098067,canceled
2,5,5,12,0.5,1,0.0,0.0,50,0.0,0.0,canceled
2,5,5,12,0.5,2,3484.88,53.02892549142909,50,7.499422562805137,14.698868223098067,canceled
2,5,5,12,0.7,1,0.0,0.0,50,0.0,0.0,canceled
2,5,5,12,0.7,2,3484.88,53.02892549142909,50,7.499422562805137,14.698868223098067,canceled
2,5,9,5,0.3,1,0.0,0.0,50,0.0,0.0,canceled
2,5,9,5,0.3,2,3484.88,53.02892549142909,50,7.499422562805137,14.698868223098067,canceled
2,5,9,5,0.5,1,0.0,0.0,50,0.0,0.0,canceled
2,5,9,5,0.5,2,3484.88,53.02892549142909,50,7.499422562805137,14.698868223098067,canceled
2,5,9,5,0.7,1,0.0,0.0,50,0.0,0.0,canceled
2,5,9,5,0.7,2,3484.88,53.02892549142909,50,7.499422562805137,14.698868223098067,canceled
2,5,9,9,0.3,1,0.0,0.0,50,0.0,0.0,canceled
2,5,9,9,0.3,2,3484.88,53.02892549142909,50,7.499422562805137,14.698868223098067,canceled
2,5,9,9,0.5,1,0.0,0.0,50,0.0,0.0,canceled
2,5,9,9,0.5,2,3484.88,53.02892549142909,50,7.499422562805137,14.698868223098067,canceled
2,5,9,9,0.7,1,0.0,0.0,50,0.0,0.0,canceled
2,5,9,9,0.7,2,3484.88,53.02892549142909,50,7.499422562805137,14.698868223098067,canceled
2,5,12,12,0.3,1,0.0,0.0,50,0.0,0.0,canceled
2,5,12,12,0.3,2,3484.88,53.02892549142909,50,7.499422562805137,14.698868223098067,canceled
2,5,12,12,0.5,1,0.0,0.0,50,0.0,0.0,canceled
2,5,12,12,0.5,2,3484.88,53.02892549142909,50,7.499422562805137,14.698868223098067,canceled
2,5,12,12,0.7,1,0.0,0.0,50,0.0,0.0,canceled
2,5,12,12,0.7,2,3484.88,53.02892549142909,50,7.499422562805137,14.698868223098067,canceled
2,7,5,9,0.3,1,0.0,0.0,50,0.0,0.0,canceled
2,7,5,9,0.3,2,5711.36,75.76164556538819,50,10.714314666627542,21.000056746589983,canceled
2,7,5,9,0.5,1,0.0,0.0,50,0.0,0.0,canceled
2,7,5,9,0.5,2,5711.36,75.76164556538819,50,10.714314666627542,21.000056746589983,canceled
2,7,5,9,0.7,1,0.0,0.0,50,0.0,0.0,canceled
2,7,5,9,0.7,2,5711.36,75.76164556538819,50,10.714314666627542,21.000056746589983,canceled
2,7,5,12,0.3,1,0.0,0.0,50,0.0,0.0,canceled
2,7,5,12,0.3,2,5711.36,75.76164556538819,50,10.714314666627542,21.000056746589983,canceled
2,7,5,12,0.5,1,0.0,0.0,50,0.0,0.0,canceled
2,7,5,12,0.5,2,5711.36,75.76164556538819,50,10.714314666627542,21.000056746589983,canceled
2,7,5,12,0.7,1,0.0,0.0,50,0.0,0.0,canceled
2,7,5,12,0.7,2,5711.36,75.76164556538819,50,10.714314666627542,21.000056746589983,canceled
2,7,9,5,0.3,1,0.0,0.0,50,0.0,0.0,canceled
2,7,9,5,0.3,2,5138.56,73.69827068555145,50,10.422509392695035,20.42811840968227,canceled
2,7,9,5,0.5,1,0.0,0.0,50,0.0,0.0,canceled
2,7,9,5,0.5,2,4896.86,70.80182460464512,50,10.012890059665022,19.625264516943442,canceled
2,7,9,5,0.7,1,0.0,0.0,50,0.0,0.0,canceled
2,7,9,5,0.7,2,4750.88,69.08782934254997,50,9.770494525115202,19.150169269225795,canceled
2,7,9,9,0.3,1,0.0,0.0,50,0.0,0.0,canceled
2,7,9,9,0.3,2,5711.36,75.76164556538819,50,10.714314666627542,21.000056746589983,canceled
2,7,9,9,0.5,1,0.0,0.0,50,0.0,0.0,canceled
2,7,9,9,0.5,2,5711.36,75.76164556538819,50,10.714314666627542,21.000056746589983,canceled
2,7,9,9,0.7,1,0.0,0.0,50,0.0,0.0,canceled
2,7,9,9,0.7,2,5711.36,75.76164556538819,50,10.714314666627542,21.000056746589983,canceled
2,7,12,12,0.3,1,0.0,0.0,50,0.0,0.0,canceled
2,7,12,12,0.3,2,5711.36,75.76164556538819,50,10.714314666627542,21.000056746589983,canceled
2,7,12,12,0.5,1,0.0,0.0,50,0.0,0.0,canceled
2,7,12,12,0.5,2,5711.36,75.76164556538819,50,10.714314666627542,21.000056746589983,canceled
2,7,12,12,0.7,1,0.0,0.0,50,0.0,0.0,canceled
2,7,12,12,0.7,2,5711.36,75.76164556538819,50,10.714314666627542,21.000056746589983,canceled
2,10,5,9,0.3,1,0.0,0.0,50,0.0,0.0,canceled
2,10,5,9,0.3,2,7110.36,129.88939722011213,50,18.369134715714875,36.003504042801154,canceled
2,10,5,9,0.5,1,0.0,0.0,50,0.0,0.0,canceled
2,10,5,9,0.5,2,7110.36,129.88939722011213,50,18.369134715714875,36.003504042801154,canceled
2,10,5,9,0.7,1,0.0,0.0,50,0.0,0.0,canceled
2,10,5,9,0.7,2,7110.36,129.88939722011213,50,18.369134715714875,36.003504042801154,canceled
2,10,5,12,0.3,1,0.0,0.0,50,0.0,0.0,canceled
2,10,5,12,0.3,2,7110.36,129.88939722011213,50,18.369134715714875,36.003504042801154,canceled
2,10,5,12,0.5,1,0.0,0.0,50,0.0,0.0,canceled
2,10,5,12,0.5,2,7110.36,129.88939722011213,50,18.369134715714875,36.003504042801154,canceled
2,10,5,12,0.7,1,0.0,0.0,50,0.0,0.0,canceled
2,10,5,12,0.7,2,7110.36,129.88939722011213,50,18.369134715714875,36.003504042801154,canceled
2,10,9,5,0.3,1,0.0,0.0,50,0.0,0.0,canceled
2,10,9,5,0.3,2,5136.58,64.28574285713657,50,9.091376941579185,17.8190988054952,canceled
2,10,9,5,0.5,1,0.0,0.0,50,0.0,0.0,canceled
2,10,9,5,0.5,2,4896.86,70.80182460464512,50,10.012890059665022,19.625264516943442,canceled
2,10,9,5,0.7,1,0.0,0.0,50,0.0,0.0,canceled
2,10,9,5,0.7,2,4750.88,69.08782934254997,50,9.770494525115202,19.150169269225795,canceled
2,10,9,9,0.3,1,0.0,0.0,50,0.0,0.0,canceled
2,10,9,9,0.3,2,7110.36,129.88939722011213,50,18.369134715714875,36.003504042801154,canceled
2,10,9,9,0.5,1,0.0,0.0,50,0.0,0.0,canceled
2,10,9,9,0.5,2,7110.36,129.88939722011213,50,18.369134715714875,36.003504042801154,canceled
2,10,9,9,0.7,1,0.0,0.0,50,0.0,0.0,canceled
2,10,9,9,0.7,2,7110.36,129.88939722011213,50,18.369134715714875,36.003504042801154,canceled
2,10,12,12,0.3,1,0.0,0.0,50,0.0,0.0,canceled
2,10,12,12,0.3,2,7110.36,129.88939722011213,50,18.369134715714875,36.003504042801154,canceled
2,10,12,12,0.5,1,0.0,0.0,50,0.0,0.0,canceled
2,10,12,12,0.5,2,7110.36,129.88939722011213,50,18.369134715714875,36.003504042801154,canceled
2,10,12,12,0.7,1,0.0,0.0,50,0.0,0.0,canceled
2,10,12,12,0.7,2,7110.36,129.88939722011213,50,18.369134715714875,36.003504042801154,canceled
2,14,5,9,0.3,1,0.0,0.0,50,0.0,0.0,canceled
2,14,5,9,0.3,2,7109.78,128.29769113674806,50,18.144033482674352,35.56230562604173,canceled
2,14,5,9,0.5,1,0.0,0.0,50,0.0,0.0,canceled
2,14,5,9,0.5,2,7111.7,126.1767872179866,50,17.844092374034084,34.9744210531068,canceled
2,14,5,9,0.7,1,0.0,0.0,50,0.0,0.0,canceled
2,14,5,9,0.7,2,7114.62,126.69050992920683,50,17.916743736584756,35.11681772370612,canceled
2,14,5,12,0.3,1,0.0,0.0,50,0.0,0.0,canceled
2,14,5,12,0.3,2,7119.28,127.84014891054132,50,18.07932724050836,35.43548139139639,canceled
2,14,5,12,0.5,1,0.0,0.0,50,0.0,0.0,canceled
2,14,5,12,0.5,2,7119.28,127.84014891054132,50,18.07932724050836,35.43548139139639,canceled
2,14,5,12,0.7,1,0.0,0.0,50,0.0,0.0,canceled
2,14,5,12,0.7,2,7119.28,127.84014891054132,50,18.07932724050836,35.43548139139639,canceled
2,14,9,5,0.3,1,0.0,0.0,50,0.0,0.0,canceled
2,14,9,5,0.3,2,5136.58,64.28574285713657,50,9.091376941579185,17.8190988054952,canceled
2,14,9,5,0.5,1,0.0,0.0,50,0.0,0.0,canceled
2,14,9,5,0.5,2,4896.86,70.80182460464512,50,10.012890059665022,19.625264516943442,canceled
2,14,9,5,0.7,1,0.0,0.0,50,0.0,0.0,canceled
2,14,9,5,0.7,2,4750.88,69.08782934254997,50,9.770494525115202,19.150169269225795,canceled
2,14,9,9,0.3,1,0.0,0.0,50,0.0,0.0,canceled
2,14,9,9,0.3,2,7109.78,128.29769113674806,50,18.144033482674352,35.56230562604173,canceled
2,14,9,9,0.5,1,0.0,0.0,50,0.0,0.0,canceled
2,14,9,9,0.5,2,7111.7,126.1767872179866,50,17.844092374034084,34.9744210531068,canceled
2,14,9,9,0.7,1,0.0,0.0,50,0.0,0.0,canceled
2,14,9,9,0.7,2,7114.62,126.69050992920683,50,17.916743736584756,35.11681772370612,canceled
2,14,12,12,0.3,1,0.0,0.0,50,0.0,0.0,canceled
2,14,12,12,0.3,2,7119.28,127.84014891054132,50,18.07932724050836,35.43548139139639,canceled
2,14,12,12,0.5,1,0.0,0.0,50,0.0,0.0,canceled
2,14,12,12,0.5,2,7119.28,127.84014891054132,50,18.07932724050836,35.43548139139639,canceled
2,14,12,12,0.7,1,0.0,0.0,50,0.0,0.0,canceled
2,14,12,12,0.7,2,7119.28,127.84014891054132,50,18.07932724050836,35.43548139139639,canceled
5,2,5,9,0.3,1,3495.0,61.37406219409047,50,8.679603113281258,17.012022102031267,canceled
5,2,5,9,0.3,2,0.0,0.0,50,0.0,0.0,canceled
5,2,5,9,0.5,1,3495.0,61.37406219409047,50,8.679603113281258,17.012022102031267,canceled
5,2,5,9,0.5,2,0.0,0.0,50,0.0,0.0,canceled
5,2,5,9,0.7,1,3495.0,61.37406219409047,50,8.679603113281258,17.012022102031267,canceled
5,2,5,9,0.7,2,0.0,0.0,50,0.0,0.0,canceled
5,2,5,12,0.3,1,3495.0,61.37406219409047,50,8.679603113281258,17.012022102031267,canceled
5,2,5,12,0.3,2,0.0,0.0,50,0.0,0.0,canceled
5,2,5,12,0.5,1,3495.0,61.37406219409047,50,8.679603113281258,17.012022102031267,canceled
5,2,5,12,0.5,2,0.0,0.0,50,0.0,0.0,canceled
5,2,5,12,0.7,1,3495.0,61.37406219409047,50,8.679603113281258,17.012022102031267,canceled
5,2,5,12,0.7,2,0.0,0.0,50,0.0,0.0,canceled
5,2,9,5,0.3,1,3495.0,61.37406219409047,50,8.679603113281258,17.012022102031267,canceled
5,2,9,5,0.3,2,0.0,0.0,50,0.0,0.0,canceled
5,2,9,5,0.5,1,3495.0,61.37406219409047,50,8.679603113281258,17.012022102031267,canceled
5,2,9,5,0.5,2,0.0,0.0,50,0.0,0.0,canceled
5,2,9,5,0.7,1,3495.0,61.37406219409047,50,8.679603113281258,17.012022102031267,canceled
5,2,9,5,0.7,2,0.0,0.0,50,0.0,0.0,canceled
5,2,9,9,0.3,1,3495.0,61.37406219409047,50,8.679603113281258,17.012022102031267,canceled
5,2,9,9,0.3,2,0.0,0.0,50,0.0,0.0,canceled
5,2,9,9,0.5,1,3495.0,61.37406219409047,50,8.679603113281258,17.012022102031267,canceled
5,2,9,9,0.5,2,0.0,0.0,50,0.0,0.0,canceled
5,2,9,9,0.7,1,3495.0,61.37406219409047,50,8.679603113281258,17.012022102031267,canceled
5,2,9,9,0.7,2,0.0,0.0,50,0.0,0.0,canceled
5,2,12,12,0.3,1,3495.0,61.37406219409047,50,8.679603113281258,17.012022102031267,canceled
5,2,12,12,0.3,2,0.0,0.0,50,0.0,0.0,canceled
5,2,12,12,0.5,1,3495.0,61.37406219409047,50,8.679603113281258,17.012022102031267,canceled
5,2,12,12,0.5,2,0.0,0.0,50,0.0,0.0,canceled
5,2,12,12,0.7,1,3495.0,61.37406219409047,50,8.679603113281258,17.012022102031267,canceled
5,2,12,12,0.7,2,0.0,0.0,50,0.0,0.0,canceled
5,5,5,9,0.3,1,1753.8,39.83025206538163,50,5.632848266360168,11.040382602065929,canceled
5,5,5,9,0.3,2,1750.82,45.59703266392564,50,6.448394199729265,12.638852631469359,canceled
5,5,5,9,0.5,1,1753.8,39.83025206538163,50,5.632848266360168,11.040382602065929,canceled
5,5,5,9,0.5,2,1750.82,45.59703266392564,50,6.448394199729265,12.638852631469359,canceled
5,5,5,9,0.7,1,1753.8,39.83025206538163,50,5.632848266360168,11.040382602065929,canceled
5,5,5,9,0.7,2,1750.82,45.59703266392564,50,6.448394199729265,12.638852631469359,canceled
5,5,5,12,0.3,1,1753.8,39.83025206538163,50,5.632848266360168,11.040382602065929,canceled
5,5,5,12,0.3,2,1750.82,45.59703266392564,50,6.448394199729265,12.638852631469359,canceled
5,5,5,12,0.5,1,1753.8,39.83025206538163,50,5.632848266360168,11.040382602065929,canceled
5,5,5,12,0.5,2,1750.82,45.59703266392564,50,6.448394199729265,12.638852631469359,canceled
5,5,5,12,0.7,1,1753.8,39.83025206538163,50,5.632848266360168,11.040382602065929,canceled
5,5,5,12,0.7,2,1750.82,45.59703266392564,50,6.448394199729265,12.638852631469359,canceled
5,5,9,5,0.3,1,1753.8,39.83025206538163,50,5.632848266360168,11.040382602065929,canceled
5,5,9,5,0.3,2,1750.82,45.59703266392564,50,6.448394199729265,12.638852631469359,canceled
5,5,9,5,0.5,1,1753.8,39.83025206538163,50,5.632848266360168,11.040382602065929,canceled
5,5,9,5,0.5,2,1750.82,45.59703266392564,50,6.448394199729265,12.638852631469359,canceled
5,5,9,5,0.7,1,1753.8,39.83025206538163,50,5.632848266360168,11.040382602065929,canceled
5,5,9,5,0.7,2,1750.82,45.59703266392564,50,6.448394199729265,12.638852631469359,canceled
5,5,9,9,0.3,1,1753.8,39.83025206538163,50,5.632848266360168,11.040382602065929,canceled
5,5,9,9,0.3,2,1750.82,45.59703266392564,50,6.448394199729265,12.638852631469359,canceled
5,5,9,9,0.5,1,1753.8,39.83025206538163,50,5.632848266360168,11.040382602065929,canceled
5,5,9,9,0.5,2,1750.82,45.59703266392564,50,6.448394199729265,12.638852631469359,canceled
5,5,9,9,0.7,1,1753.8,39.83025206538163,50,5.632848266360168,11.040382602065929,canceled
5,5,9,9,0.7,2,1750.82,45.59703266392564,50,6.448394199729265,12.638852631469359,canceled
5,5,12,12,0.3,1,1753.8,39.83025206538163,50,5.632848266360168,11.040382602065929,canceled
5,5,12,12,0.3,2,1750.82,45.59703266392564,50,6.448394199729265,12.638852631469359,canceled
5,5,12,12,0.5,1,1753.8,39.83025206538163,50,5.632848266360168,11.040382602065929,canceled
5,5,12,12,0.5,2,1750.82,45.59703266392564,50,6.448394199729265,12.638852631469359,canceled
5,5,12,12,0.7,1,1753.8,39.83025206538163,50,5.632848266360168,11.040382602065929,canceled
5,5,12,12,0.7,2,1750.82,45.59703266392564,50,6.448394199729265,12.638852631469359,canceled
5,7,5,9,0.3,1,327.12,22.086693750227223,50,3.1235301849552415,6.1221191625122735,canceled
5,7,5,9,0.3,2,5490.56,67.0053790103939,50,9.475991574844855,18.572943486695916,canceled
5,7,5,9,0.5,1,327.12,22.086693750227223,50,3.1235301849552415,6.1221191625122735,canceled
5,7,5,9,0.5,2,5490.56,67.0053790103939,50,9.475991574844855,18.572943486695916,canceled
5,7,5,9,0.7,1,327.12,22.086693750227223,50,3.1235301849552415,6.1221191625122735,canceled
5,7,5,9,0.7,2,5490.56,67.0053790103939,50,9.475991574844855,18.572943486695916,canceled
5,7,5,12,0.3,1,327.12,22.086693750227223,50,3.1235301849552415,6.1221191625122735,canceled
5,7,5,12,0.3,2,5490.56,67.0053790103939,50,9.475991574844855,18.572943486695916,canceled
5,7,5,12,0.5,1,327.12,22.086693750227223,50,3.1235301849552415,6.1221191625122735,canceled
5,7,5,12,0.5,2,5490.56,67.0053790103939,50,9.475991574844855,18.572943486695916,canceled
5,7,5,12,0.7,1,327.12,22.086693750227223,50,3.1235301849552415,6.1221191625122735,canceled
5,7,5,12,0.7,2,5490.56,67.0053790103939,50,9.475991574844855,18.572943486695916,canceled
5,7,9,5,0.3,1,321.34,20.471593060848488,50,2.8951204550034872,5.674436091806835,canceled
5,7,9,5,0.3,2,5125.76,70.87314335472644,50,10.022976054026673,19.645033065892278,canceled
5,7,9,5,0.5,1,331.52,20.03388965462966,50,2.8332198456663304,5.5531108975060075,canceled
5,7,9,5,0.5,2,4725.0,54.87127794080559,50,7.75997054486309,15.209542267931656,canceled
5,7,9,5,0.7,1,326.22,19.378391079146034,50,2.740518348109812,5.371415962295231,canceled
5,7,9,5,0.7,2,4522.6,64.66144168526057,50,9.14450877938925,17.92323720760293,canceled
5,7,9,9,0.3,1,327.12,22.086693750227223,50,3.1235301849552415,6.1221191625122735,canceled
5,7,9,9,0.3,2,5490.56,67.0053790103939,50,9.475991574844855,18.572943486695916,canceled
5,7,9,9,0.5,1,327.12,22.086693750227223,50,3.1235301849552415,6.1221191625122735,canceled
5,7,9,9,0.5,2,5490.56,67.0053790103939,50,9.475991574844855,18.572943486695916,canceled
5,7,9,9,0.7,1,327.12,22.086693750227223,50,3.1235301849552415,6.1221191625122735,canceled
5,7,9,9,0.7,2,5490.56,67.0053790103939,50,9.475991574844855,18.572943486695916,canceled
5,7,12,12,0.3,1,327.12,22.086693750227223,50,3.1235301849552415,6.1221191625122735,canceled
5,7,12,12,0.3,2,5490.56,67.0053790103939,50,9.475991574844855,18.572943486695916,canceled
5,7,12,12,0.5,1,327.12,22.086693750227223,50,3.1235301849552415,6.1221191625122735,canceled
5,7,12,12,0.5,2,5490.56,67.0053790103939,50,9.475991574844855,18.572943486695916,canceled
5,7,12,12,0.7,1,327.12,22.086693750227223,50,3.1235301849552415,6.1221191625122735,canceled
5,7,12,12,0.7,2,5490.56,67.0053790103939,50,9.475991574844855,18.572943486695916,canceled
5,10,5,9,0.3,1,326.62,20.631746886578377,50,2.9177696262448016,5.718828467439811,canceled
5,10,5,9,0.3,2,8365.02,86.19188133555996,50,12.189372755120132,23.89117060003546,canceled
5,10,5,9,0.5,1,326.62,20.631746886578377,50,2.9177696262448016,5.718828467439811,canceled
5,10,5,9,0.5,2,8365.02,86.19188133555996,50,12.189372755120132,23.89117060003546,canceled
5,10,5,9,0.7,1,326.62,20.631746886578377,50,2.9177696262448016,5.718828467439811,canceled
5,10,5,9,0.7,2,8365.02,86.19188133555996,50,12.189372755120132,23.89117060003546,canceled
5,10,5,12,0.3,1,326.62,20.631746886578377,50,2.9177696262448016,5.718828467439811,canceled
5,10,5,12,0.3,2,8365.02,86.19188133555996,50,12.189372755120132,23.89117060003546,canceled
5,10,5,12,0.5,1,326.62,20.631746886578377,50,2.9177696262448016,5.718828467439811,canceled
5,10,5,12,0.5,2,8365.02,86.19188133555996,50,12.189372755120132,23.89117060003546,canceled
5,10,5,12,0.7,1,326.62,20.631746886578377,50,2.9177696262448016,5.718828467439811,canceled
5,10,5,12,0.7,2,8365.02,86.19188133555996,50,12.189372755120132,23.89117060003546,canceled
5,10,9,5,0.3,1,325.12,18.725340246493218,50,2.648163013664146,5.190399506781726,canceled
5,10,9,5,0.3,2,5153.28,63.385133131049116,50,8.964011492675386,17.569462525643758,canceled
5,10,9,5,0.5,1,331.72,19.92541193592562,50,2.817878779565676,5.523042407948725,canceled
5,10,9,5,0.5,2,4722.26,58.431124638591534,50,8.263408892860886,16.196281430007335,canceled
5,10,9,5,0.7,1,326.22,19.378391079146034,50,2.740518348109812,5.371415962295231,canceled
5,10,9,5,0.7,2,4522.6,64.66144168526057,50,9.14450877938925,17.92323720760293,canceled
5,10,9,9,0.3,1,326.62,20.631746886578377,50,2.9177696262448016,5.718828467439811,canceled
5,10,9,9,0.3,2,8365.02,86.19188133555996,50,12.189372755120132,23.89117060003546,canceled
5,10,9,9,0.5,1,326.62,20.631746886578377,50,2.9177696262448016,5.718828467439811,canceled
5,10,9,9,0.5,2,8365.02,86.19188133555996,50,12.189372755120132,23.89117060003546,canceled
5,10,9,9,0.7,1,326.62,20.631746886578377,50,2.9177696262448016,5.718828467439811,canceled
5,10,9,9,0.7,2,8365.02,86.19188133555996,50,12.189372755120132,23.89117060003546,canceled
5,10,12,12,0.3,1,326.62,20.631746886578377,50,2.9177696262448016,5.718828467439811,canceled
5,10,12,12,0.3,2,8365.02,86.19188133555996,50,12.189372755120132,23.89117060003546,canceled
5,10,12,12,0.5,1,326.62,20.631746886578377,50,2.9177696262448016,5.718828467439811,canceled
5,10,12,12,0.5,2,8365.02,86.19188133555996,50,12.189372755120132,23.89117060003546,canceled
5,10,12,12,0.7,1,326.62,20.631746886578377,50,2.9177696262448016,5.718828467439811,canceled
5,10,12,12,0.7,2,8365.02,86.19188133555996,50,12.189372755120132,23.89117060003546,canceled
5,14,5,9,0.3,1,328.72,23.05099935856516,50,3.2599035919136363,6.389411040150727,canceled
5,14,5,9,0.3,2,8476.12,103.27526918139607,50,14.605328633406245,28.62644412147624,canceled
5,14,5,9,0.5,1,330.12,17.928019342666396,50,2.5354048100885995,4.969393427773655,canceled
5,14,5,9,0.5,2,8424.44,112.08199622397487,50,15.850787915779527,31.067544314927872,canceled
5,14,5,9,0.7,1,330.36,22.704634068032576,50,3.2109201427729883,6.293403479835057,canceled
5,14,5,9,0.7,2,8399.18,99.1722249628475,50,14.025070555317454,27.489138288422208,canceled
5,14,5,12,0.3,1,329.98,18.139471000094378,50,2.565308590260692,5.028004836910956,canceled
5,14,5,12,0.3,2,8572.72,128.04671341477865,50,18.108539872848088,35.49273815078225,canceled
5,14,5,12,0.5,1,329.98,18.139471000094378,50,2.565308590260692,5.028004836910956,canceled
5,14,5,12,0.5,2,8572.72,128.04671341477865,50,18.108539872848088,35.49273815078225,canceled
5,14,5,12,0.7,1,329.98,18.139471000094378,50,2.565308590260692,5.028004836910956,canceled
5,14,5,12,0.7,2,8572.72,128.04671341477865,50,18.108539872848088,35.49273815078225,canceled
5,14,9,5,0.3,1,325.12,18.725340246493218,50,2.648163013664146,5.190399506781726,canceled
5,14,9,5,0.3,2,5153.28,63.385133131049116,50,8.964011492675386,17.569462525643758,canceled
5,14,9,5,0.5,1,331.72,19.92541193592562,50,2.817878779565676,5.523042407948725,canceled
5,14,9,5,0.5,2,4722.26,58.431124638591534,50,8.263408892860886,16.196281430007335,canceled
5,14,9,5,0.7,1,326.22,19.378391079146034,50,2.740518348109812,5.371415962295231,canceled
5,14,9,5,0.7,2,4522.6,64.66144168526057,50,9.14450877938925,17.92323720760293,canceled
5,14,9,9,0.3,1,328.72,23.05099935856516,50,3.2599035919136363,6.389411040150727,canceled
5,14,9,9,0.3,2,8476.12,103.27526918139607,50,14.605328633406245,28.62644412147624,canceled
5,14,9,9,0.5,1,330.12,17.928019342666396,50,2.5354048100885995,4.969393427773655,canceled
5,14,9,9,0.5,2,8424.44,112.08199622397487,50,15.850787915779527,31.067544314927872,canceled
5,14,9,9,0.7,1,330.36,22.704634068032576,50,3.2109201427729883,6.293403479835057,canceled
5,14,9,9,0.7,2,8399.18,99.1722249628475,50,14.025070555317454,27.489138288422208,canceled
5,14,12,12,0.3,1,329.98,18.139471000094378,50,2.565308590260692,5.028004836910956,canceled
5,14,12,12,0.3,2,8572.72,128.04671341477865,50,18.108539872848088,35.49273815078225,canceled
5,14,12,12,0.5,1,329.98,18.139471000094378,50,2.565308590260692,5.028004836910956,canceled
5,14,12,12,0.5,2,8572.72,128.04671341477865,50,18.108539872848088,35.49273815078225,canceled
5,14,12,12,0.7,1,329.98,18.139471000094378,50,2.565308590260692,5.028004836910956,canceled
5,14,12,12,0.7,2,8572.72,128.04671341477865,50,18.108539872848088,35.49273815078225,canceled
7,2,5,9,0.3,1,5140.36,57.967182834033686,50,8.19779761364513,16.067683322744458,canceled
7,2,5,9,0.3,2,0.0,0.0,50,0.0,0.0,canceled
7,2,5,9,0.5,1,4882.5,71.25414416877476,50,10.076857705876904,19.75064110351873,canceled
7,2,5,9,0.5,2,0.0,0.0,50,0.0,0.0,canceled
7,2,5,9,0.7,1,4748.08,75.25869398553336,50,10.643186572082774,20.860645681282236,canceled
7,2,5,9,0.7,2,0.0,0.0,50,0.0,0.0,canceled
7,2,5,12,0.3,1,5140.36,57.967182834033686,50,8.19779761364513,16.067683322744458,canceled
7,2,5,12,0.3,2,0.0,0.0,50,0.0,0.0,canceled
7,2,5,12,0.5,1,4882.5,71.25414416877476,50,10.076857705876904,19.75064110351873,canceled
7,2,5,12,0.5,2,0.0,0.0,50,0.0,0.0,canceled
7,2,5,12,0.7,1,4748.08,75.25869398553336,50,10.643186572082774,20.860645681282236,canceled
7,2,5,12,0.7,2,0.0,0.0,50,0.0,0.0,canceled
7,2,9,5,0.3,1,5708.88,89.5263363371873,50,12.660935903762551,24.8154343713746,canceled
7,2,9,5,0.3,2,0.0,0.0,50,0.0,0.0,canceled
7,2,9,5,0.5,1,5708.88,89.5263363371873,50,12.660935903762551,24.8154343713746,canceled
7,2,9,5,0.5,2,0.0,0.0,50,0.0,0.0,canceled
7,2,9,5,0.7,1,5708.88,89.5263363371873,50,12.660935903762551,24.8154343713746,canceled
7,2,9,5,0.7,2,0.0,0.0,50,0.0,0.0,canceled
7,2,9,9,0.3,1,5708.88,89.5263363371873,50,12.660935903762551,24.8154343713746,canceled
7,2,9,9,0.3,2,0.0,0.0,50,0.0,0.0,canceled
7,2,9,9,0.5,1,5708.88,89.5263363371873,50,12.660935903762551,24.8154343713746,canceled
7,2,9,9,0.5,2,0.0,0.0,50,0.0,0.0,canceled
7,2,9,9,0.7,1,5708.88,89.5263363371873,50,12.660935903762551,24.8154343713746,canceled
7,2,9,9,0.7,2,0.0,0.0,50,0.0,0.0,canceled
7,2,12,12,0.3,1,5708.88,89.5263363371873,50,12.660935903762551,24.8154343713746,canceled
7,2,12,12,0.3,2,0.0,0.0,50,0.0,0.0,canceled
7,2,12,12,0.5,1,5708.88,89.5263363371873,50,12.660935903762551,24.8154343713746,canceled
7,2,12,12,0.5,2,0.0,0.0,50,0.0,0.0,canceled
7,2,12,12,0.7,1,5708.88,89.5263363371873,50,12.660935903762551,24.8154343713746,canceled
7,2,12,12,0.7,2,0.0,0.0,50,0.0,0.0,canceled
7,5,5,9,0.3,1,5122.78,64.63785773879904,50,9.141173505695232,17.916700071162655,canceled
7,5,5,9,0.3,2,329.12,20.296415688389864,50,2.8703466334083,5.625879401480268,canceled
7,5,5,9,0.5,1,4729.7,66.04613415435213,50,9.340333866339767,18.307054378025942,canceled
7,5,5,9,0.5,2,323.52,19.097216380126927,50,2.7007542408349123,5.293478312036428,canceled
7,5,5,9,0.7,1,4518.3,73.62570813214056,50,10.412247497979624,20.408005096040064,canceled
7,5,5,9,0.7,2,327.56,17.623222156679326,50,2.4922999786689926,4.884907958191225,canceled
7,5,5,12,0.3,1,5122.78,64.63785773879904,50,9.141173505695232,17.916700071162655,canceled
7,5,5,12,0.3,2,329.12,20.296415688389864,50,2.8703466334083,5.625879401480268,canceled
7,5,5,12,0.5,1,4729.7,66.04613415435213,50,9.340333866339767,18.307054378025942,canceled
7,5,5,12,0.5,2,323.52,19.097216380126927,50,2.7007542408349123,5.293478312036428,canceled
7,5,5,12,0.7,1,4518.3,73.62570813214056,50,10.412247497979624,20.408005096040064,canceled
7,5,5,12,0.7,2,327.56,17.623222156679326,50,2.4922999786689926,4.884907958191225,canceled
7,5,9,5,0.3,1,5487.34,82.44345248194576,50,11.65926486288295,22.85215913125058,canceled
7,5,9,5,0.3,2,326.78,17.380836268366238,50,2.458021437610971,4.817722017717503,canceled
7,5,9,5,0.5,1,5487.34,82.44345248194576,50,11.65926486288295,22.85215913125058,canceled
7,5,9,5,0.5,2,326.78,17.380836268366238,50,2.458021437610971,4.817722017717503,canceled
7,5,9,5,0.7,1,5487.34,82.44345248194576,50,11.65926486288295,22.85215913125058,canceled
7,5,9,5,0.7,2,326.78,17.380836268366238,50,2.458021437610971,4.817722017717503,canceled
7,5,9,9,0.3,1,5487.34,82.44345248194576,50,11.65926486288295,22.85215913125058,canceled
7,5,9,9,0.3,2,326.78,17.380836268366238,50,2.458021437610971,4.817722017717503,canceled
7,5,9,9,0.5,1,5487.34,82.44345248194576,50,11.65926486288295,22.85215913125058,canceled
7,5,9,9,0.5,2,326.78,17.380836268366238,50,2.458021437610971,4.817722017717503,canceled
7,5,9,9,0.7,1,5487.34,82.44345248194576,50,11.65926486288295,22.85215913125058,canceled
7,5,9,9,0.7,2,326.78,17.380836268366238,50,2.458021437610971,4.817722017717503,canceled
7,5,12,12,0.3,1,5487.34,82.44345248194576,50,11.65926486288295,22.85215913125058,canceled
7,5,12,12,0.3,2,326.78,17.380836268366238,50,2.458021437610971,4.817722017717503,canceled
7,5,12,12,0.5,1,5487.34,82.44345248194576,50,11.65926486288295,22.85215913125058,canceled
7,5,12,12,0.5,2,326.78,17.380836268366238,50,2.458021437610971,4.817722017717503,canceled
7,5,12,12,0.7,1,5487.34,82.44345248194576,50,11.65926486288295,22.85215913125058,canceled
7,5,12,12,0.7,2,326.78,17.380836268366238,50,2.458021437610971,4.817722017717503,canceled
7,7,5,9,0.3,1,2482.44,54.95161508090551,50,7.771331932172248,15.231810587057605,canceled
7,7,5,9,0.3,2,3343.72,53.94329600305743,50,7.628734080663019,14.952318798099517,canceled
7,7,5,9,0.5,1,2121.26,49.853994988631904,50,7.050419585140355,13.818822386875095,canceled
7,7,5,9,0.5,2,3712.54,65.44173604303701,50,9.254859065730313,18.139523768831413,canceled
7,7,5,9,0.7,1,1633.0,52.93700530453392,50,7.486423085308834,14.673389247205314,canceled
7,7,5,9,0.7,2,4205.4,61.42225881185917,50,8.68641914433216,17.02538152289103,canceled
7,7,5,12,0.3,1,2482.44,54.95161508090551,50,7.771331932172248,15.231810587057605,canceled
7,7,5,12,0.3,2,3343.72,53.94329600305743,50,7.628734080663019,14.952318798099517,canceled
7,7,5,12,0.5,1,2121.26,49.853994988631904,50,7.050419585140355,13.818822386875095,canceled
7,7,5,12,0.5,2,3712.54,65.44173604303701,50,9.254859065730313,18.139523768831413,canceled
7,7,5,12,0.7,1,1633.0,52.93700530453392,50,7.486423085308834,14.673389247205314,canceled
7,7,5,12,0.7,2,4205.4,61.42225881185917,50,8.68641914433216,17.02538152289103,canceled
7,7,9,5,0.3,1,3324.64,71.42535992780385,50,10.101071270728,19.798099690626877,canceled
7,7,9,5,0.3,2,2504.8,48.87760640787622,50,6.912337387835264,13.548181280157118,canceled
7,7,9,5,0.5,1,3699.78,69.8071074096181,50,9.872215804871729,19.349542977548587,canceled
7,7,9,5,0.5,2,2122.1,43.63964215420354,50,6.171577379158328,12.096291663150323,canceled
7,7,9,5,0.7,1,4205.36,68.63085520168231,50,9.70586862234832,19.023502499802706,canceled
7,7,9,5,0.7,2,1624.66,43.281051139674325,50,6.120864951549093,11.996895305036222,canceled
7,7,9,9,0.3,1,2907.26,56.883629867816715,50,8.044560083607767,15.767337763871222,canceled
7,7,9,9,0.3,2,2918.0,60.221360370702044,50,8.516586458080447,16.692509457837676,canceled
7,7,9,9,0.5,1,2907.26,56.883629867816715,50,8.044560083607767,15.767337763871222,canceled
7,7,9,9,0.5,2,2918.0,60.221360370702044,50,8.516586458080447,16.692509457837676,canceled
7,7,9,9,0.7,1,2907.26,56.883629867816715,50,8.044560083607767,15.767337763871222,canceled
7,7,9,9,0.7,2,2918.0,60.221360370702044,50,8.516586458080447,16.692509457837676,canceled
7,7,12,12,0.3,1,2907.26,56.883629867816715,50,8.044560083607767,15.767337763871222,canceled
7,7,12,12,0.3,2,2918.0,60.221360370702044,50,8.516586458080447,16.692509457837676,canceled
7,7,12,12,0.5,1,2907.26,56.883629867816715,50,8.044560083607767,15.767337763871222,canceled
7,7,12,12,0.5,2,2918.0,60.221360370702044,50,8.516586458080447,16.692509457837676,canceled
7,7,12,12,0.7,1,2907.26,56.883629867816715,50,8.044560083607767,15.767337763871222,canceled
7,7,12,12,0.7,2,2918.0,60.221360370702044,50,8.516586458080447,16.692509457837676,canceled
7,10,5,9,0.3,1,722.1,27.204628957857434,50,3.847315523152982,7.540738425379844,canceled
7,10,5,9,0.3,2,8395.06,85.85165421010963,50,12.141257373610225,23.79686445227604,canceled
7,10,5,9,0.5,1,688.78,27.714499262800224,50,3.919422073183122,7.6820672634389195,canceled
7,10,5,9,0.5,2,8412.04,89.53484329167775,50,12.662138968804038,24.817792378855916,canceled
7,10,5,9,0.7,1,639.76,24.332358567746528,50,3.441115149103232,6.744585692242334,canceled
7,10,5,9,0.7,2,8422.52,81.33208318432554,50,11.502093509532992,22.544103278684663,canceled
7,10,5,12,0.3,1,722.1,27.204628957857434,50,3.847315523152982,7.540738425379844,canceled
7,10,5,12,0.3,2,8395.06,85.85165421010963,50,12.141257373610225,23.79686445227604,canceled
7,10,5,12,0.5,1,688.78,27.714499262800224,50,3.919422073183122,7.6820672634389195,canceled
7,10,5,12,0.5,2,8412.04,89.53484329167775,50,12.662138968804038,24.817792378855916,canceled
7,10,5,12,0.7,1,639.76,24.332358567746528,50,3.441115149103232,6.744585692242334,canceled
7,10,5,12,0.7,2,8422.52,81.33208318432554,50,11.502093509532992,22.544103278684663,canceled
7,10,9,5,0.3,1,1297.24,57.8148204994857,50,8.176250325653871,16.025450638281587,canceled
7,10,9,5,0.3,2,5507.06,84.11566623478919,50,11.895751599728747,23.315673135468344,canceled
7,10,9,5,0.5,1,2391.62,55.41564282211077,50,7.83695536466523,15.36043251474385,canceled
7,10,9,5,0.5,2,3977.86,69.48440142086811,50,9.826578286276803,19.260093441102534,canceled
7,10,9,5,0.7,1,3520.86,71.38112995943476,50,10.094816208614908,19.78583976888522,canceled
7,10,9,5,0.7,2,2555.48,59.58538377138866,50,8.426645784870356,16.5162257383459,canceled
7,10,9,9,0.3,1,770.08,32.03622949099972,50,4.530607023346872,8.879989765759868,canceled
7,10,9,9,0.3,2,8383.26,89.14372939133693,50,12.606827110574578,24.709381136726172,canceled
7,10,9,9,0.5,1,770.08,32.03622949099972,50,4.530607023346872,8.879989765759868,canceled
7,10,9,9,0.5,2,8383.26,89.14372939133693,50,12.606827110574578,24.709381136726172,canceled
7,10,9,9,0.7,1,770.08,32.03622949099972,50,4.530607023346872,8.879989765759868,canceled
7,10,9,9,0.7,2,8383.26,89.14372939133693,50,12.606827110574578,24.709381136726172,canceled
7,10,12,12,0.3,1,770.08,32.03622949099972,50,4.530607023346872,8.879989765759868,canceled
7,10,12,12,0.3,2,8383.26,89.14372939133693,50,12.606827110574578,24.709381136726172,canceled
7,10,12,12,0.5,1,770.08,32.03622949099972,50,4.530607023346872,8.879989765759868,canceled
7,10,12,12,0.5,2,8383.26,89.14372939133693,50,12.606827110574578,24.709381136726172,canceled
7,10,12,12,0.7,1,770.08,32.03622949099972,50,4.530607023346872,8.879989765759868,canceled
7,10,12,12,0.7,2,8383.26,89.14372939133693,50,12.606827110574578,24.709381136726172,canceled
7,14,5,9,0.3,1,724.08,24.15919987862823,50,3.4166268124438472,6.69658855238994,canceled
7,14,5,9,0.3,2,8638.42,88.89734735832639,50,12.57198342931372,24.641087521454892,canceled
7,14,5,9,0.5,1,680.36,28.45889265991513,50,4.02469519697721,7.8884025860753315,canceled
7,14,5,9,0.5,2,8527.88,100.31209258293566,50,14.186272180081316,27.805093472959378,canceled
7,14,5,9,0.7,1,637.76,25.69408730523385,50,3.633692673986008,7.122037641012575,canceled
7,14,5,9,0.7,2,8479.54,83.1816821475616,50,11.763666303408957,23.056785954681555,canceled
7,14,5,12,0.3,1,723.04,23.978698029369177,50,3.3910999961182897,6.646555992391848,canceled
7,14,5,12,0.3,2,9261.62,149.32800357957407,50,21.118168790433174,41.39161082924902,canceled
7,14,5,12,0.5,1,694.3,31.738890069710095,50,4.488556879125277,8.797571483085543,canceled
7,14,5,12,0.5,2,9201.64,125.31995948330787,50,17.722918633734075,34.73692052211879,canceled
7,14,5,12,0.7,1,642.0,25.661056017209592,50,3.629021344435352,7.11288183509329,canceled
7,14,5,12,0.7,2,9088.58,116.67766342731188,50,16.50071340449077,32.34139827280191,canceled
7,14,9,5,0.3,1,1297.24,57.8148204994857,50,8.176250325653871,16.025450638281587,canceled
7,14,9,5,0.3,2,5507.06,84.11566623478919,50,11.895751599728747,23.315673135468344,canceled
7,14,9,5,0.5,1,2391.62,55.41564282211077,50,7.83695536466523,15.36043251474385,canceled
7,14,9,5,0.5,2,3977.86,69.48440142086811,50,9.826578286276803,19.260093441102534,canceled
7,14,9,5,0.7,1,3520.86,71.38112995943476,50,10.094816208614908,19.78583976888522,canceled
7,14,9,5,0.7,2,2555.48,59.58538377138866,50,8.426645784870356,16.5162257383459,canceled
7,14,9,9,0.3,1,765.94,31.324770142649008,50,4.429991477395402,8.682783295694987,canceled
7,14,9,9,0.3,2,8620.56,83.29200172297712,50,11.779267847383744,23.087364980872138,canceled
7,14,9,9,0.5,1,764.02,32.20564660846586,50,4.5545662218687495,8.926949794862749,canceled
7,14,9,9,0.5,2,8520.0,81.12474646984059,50,11.472771670172742,22.486632473538574,canceled
7,14,9,9,0.7,1,764.14,34.537769919617105,50,4.884378263444403,9.57338139635103,canceled
7,14,9,9,0.7,2,8441.08,75.82844224340364,50,10.723761143424635,21.018571841112283,canceled
7,14,12,12,0.3,1,761.68,23.985914233830076,50,3.392120521540036,6.64855622221847,canceled
7,14,12,12,0.3,2,9295.46,113.29142662593138,50,16.02182720349885,31.40278131885775,canceled
7,14,12,12,0.5,1,761.68,23.985914233830076,50,3.392120521540036,6.64855622221847,canceled
7,14,12,12,0.5,2,9295.46,113.29142662593138,50,16.02182720349885,31.40278131885775,canceled
7,14,12,12,0.7,1,761.68,23.985914233830076,50,3.392120521540036,6.64855622221847,canceled
7,14,12,12,0.7,2,9295.46,113.29142662593138,50,16.02182720349885,31.40278131885775,canceled
10,2,5,9,0.3,1,5140.34,56.34826473615244,50,7.9688480206056385,15.618942120387052,canceled
10,2,5,9,0.3,2,0.0,0.0,50,0.0,0.0,canceled
10,2,5,9,0.5,1,4882.5,71.25414416877476,50,10.076857705876904,19.75064110351873,canceled
10,2,5,9,0.5,2,0.0,0.0,50,0.0,0.0,canceled
10,2,5,9,0.7,1,4748.08,75.25869398553336,50,10.643186572082774,20.860645681282236,canceled
10,2,5,9,0.7,2,0.0,0.0,50,0.0,0.0,canceled
10,2,5,12,0.3,1,5140.34,56.34826473615244,50,7.9688480206056385,15.618942120387052,canceled
10,2,5,12,0.3,2,0.0,0.0,50,0.0,0.0,canceled
10,2,5,12,0.5,1,4882.5,71.25414416877476,50,10.076857705876904,19.75064110351873,canceled
10,2,5,12,0.5,2,0.0,0.0,50,0.0,0.0,canceled
10,2,5,12,0.7,1,4748.08,75.25869398553336,50,10.643186572082774,20.860645681282236,canceled
10,2,5,12,0.7,2,0.0,0.0,50,0.0,0.0,canceled
10,2,9,5,0.3,1,7126.52,108.788925006554,50,15.38507731802582,30.154751543330605,canceled
10,2,9,5,0.3,2,0.0,0.0,50,0.0,0.0,canceled
10,2,9,5,0.5,1,7126.52,108.788925006554,50,15.38507731802582,30.154751543330605,canceled
10,2,9,5,0.5,2,0.0,0.0,50,0.0,0.0,canceled
10,2,9,5,0.7,1,7126.52,108.788925006554,50,15.38507731802582,30.154751543330605,canceled
10,2,9,5,0.7,2,0.0,0.0,50,0.0,0.0,canceled
10,2,9,9,0.3,1,7126.52,108.788925006554,50,15.38507731802582,30.154751543330605,canceled
10,2,9,9,0.3,2,0.0,0.0,50,0.0,0.0,canceled
10,2,9,9,0.5,1,7126.52,108.788925006554,50,15.38507731802582,30.154751543330605,canceled
10,2,9,9,0.5,2,0.0,0.0,50,0.0,0.0,canceled
10,2,9,9,0.7,1,7126.52,108.788925006554,50,15.38507731802582,30.154751543330605,canceled
10,2,9,9,0.7,2,0.0,0.0,50,0.0,0.0,canceled
10,2,12,12,0.3,1,7126.52,108.788925006554,50,15.38507731802582,30.154751543330605,canceled
10,2,12,12,0.3,2,0.0,0.0,50,0.0,0.0,canceled
10,2,12,12,0.5,1,7126.52,108.788925006554,50,15.38507731802582,30.154751543330605,canceled
10,2,12,12,0.5,2,0.0,0.0,50,0.0,0.0,canceled
10,2,12,12,0.7,1,7126.52,108.788925006554,50,15.38507731802582,30.154751543330605,canceled
10,2,12,12,0.7,2,0.0,0.0,50,0.0,0.0,canceled
10,5,5,9,0.3,1,5161.34,58.95643843256682,50,8.337699482055037,16.34189098482787,canceled
10,5,5,9,0.3,2,323.8,21.26125152305316,50,3.0067950256927403,5.893318250357771,canceled
10,5,5,9,0.5,1,4729.84,65.99145275514618,50,9.332600748703108,18.291897467458092,canceled
10,5,5,9,0.5,2,323.5,19.08760683516603,50,2.699395245953719,5.290814682069289,canceled
10,5,5,9,0.7,1,4518.3,73.62570813214056,50,10.412247497979624,20.408005096040064,canceled
10,5,5,9,0.7,2,327.56,17.623222156679326,50,2.4922999786689926,4.884907958191225,canceled
10,5,5,12,0.3,1,5161.34,58.95643843256682,50,8.337699482055037,16.34189098482787,canceled
10,5,5,12,0.3,2,323.8,21.26125152305316,50,3.0067950256927403,5.893318250357771,canceled
10,5,5,12,0.5,1,4729.84,65.99145275514618,50,9.332600748703108,18.291897467458092,canceled
10,5,5,12,0.5,2,323.5,19.08760683516603,50,2.699395245953719,5.290814682069289,canceled
10,5,5,12,0.7,1,4518.3,73.62570813214056,50,10.412247497979624,20.408005096040064,canceled
10,5,5,12,0.7,2,327.56,17.623222156679326,50,2.4922999786689926,4.884907958191225,canceled
10,5,9,5,0.3,1,8357.6,93.07249752702666,50,13.162438828665744,25.798380104184858,canceled
10,5,9,5,0.3,2,327.92,19.132022520222105,50,2.705676572372558,5.303126081850214,canceled
10,5,9,5,0.5,1,8357.6,93.07249752702666,50,13.162438828665744,25.798380104184858,canceled
10,5,9,5,0.5,2,327.92,19.132022520222105,50,2.705676572372558,5.303126081850214,canceled
10,5,9,5,0.7,1,8357.6,93.07249752702666,50,13.162438828665744,25.798380104184858,canceled
10,5,9,5,0.7,2,327.92,19.132022520222105,50,2.705676572372558,5.303126081850214,canceled
10,5,9,9,0.3,1,8357.6,93.07249752702666,50,13.162438828665744,25.798380104184858,canceled
10,5,9,9,0.3,2,327.92,19.132022520222105,50,2.705676572372558,5.303126081850214,canceled
10,5,9,9,0.5,1,8357.6,93.07249752702666,50,13.162438828665744,25.798380104184858,canceled
10,5,9,9,0.5,2,327.92,19.132022520222105,50,2.705676572372558,5.303126081850214,canceled
10,5,9,9,0.7,1,8357.6,93.07249752702666,50,13.162438828665744,25.798380104184858,canceled
10,5,9,9,0.7,2,327.92,19.132022520222105,50,2.705676572372558,5.303126081850214,canceled
10,5,12,12,0.3,1,8357.6,93.07249752702666,50,13.162438828665744,25.798380104184858,canceled
10,5,12,12,0.3,2,327.92,19.132022520222105,50,2.705676572372558,5.303126081850214,canceled
10,5,12,12,0.5,1,8357.6,93.07249752702666,50,13.162438828665744,25.798380104184858,canceled
10,5,12,12,0.5,2,327.92,19.132022520222105,50,2.705676572372558,5.303126081850214,canceled
10,5,12,12,0.7,1,8357.6,93.07249752702666,50,13.162438828665744,25.798380104184858,canceled
10,5,12,12,0.7,2,327.92,19.132022520222105,50,2.705676572372558,5.303126081850214,canceled
10,7,5,9,0.3,1,5502.42,71.51368928465403,50,10.113562928169321,19.822583339211867,canceled
10,7,5,9,0.3,2,1292.12,54.662467069484244,50,7.73044022824373,15.151662847357711,canceled
10,7,5,9,0.5,1,3977.36,56.542474552953834,50,7.996313436292291,15.67277433513289,canceled
10,7,5,9,0.5,2,2385.26,60.76680417625988,50,8.593723860813675,16.8436987671948,canceled
10,7,5,9,0.7,1,2543.7,52.57074921921303,50,7.434626652992586,14.571868239865468,canceled
10,7,5,9,0.7,2,3518.08,67.24698308990432,50,9.510159551441687,18.639912720825706,canceled
10,7,5,12,0.3,1,5502.42,71.51368928465403,50,10.113562928169321,19.822583339211867,canceled
10,7,5,12,0.3,2,1292.12,54.662467069484244,50,7.73044022824373,15.151662847357711,canceled
10,7,5,12,0.5,1,3977.36,56.542474552953834,50,7.996313436292291,15.67277433513289,canceled
10,7,5,12,0.5,2,2385.26,60.76680417625988,50,8.593723860813675,16.8436987671948,canceled
10,7,5,12,0.7,1,2543.7,52.57074921921303,50,7.434626652992586,14.571868239865468,canceled
10,7,5,12,0.7,2,3518.08,67.24698308990432,50,9.510159551441687,18.639912720825706,canceled
10,7,9,5,0.3,1,8396.78,87.47437875615633,50,12.370745279711722,24.246660748234973,canceled
10,7,9,5,0.3,2,725.74,28.409404881381906,50,4.01769656821987,7.874685273710946,canceled
10,7,9,5,0.5,1,8419.82,72.45651475617812,50,10.246898585047338,20.083921226692784,canceled
10,7,9,5,0.5,2,685.66,25.08077562840608,50,3.5469573048528464,6.9520363175115785,canceled
10,7,9,5,0.7,1,8428.5,76.73443470429557,50,10.851887825984749,21.26970013893011,canceled
10,7,9,5,0.7,2,638.24,31.00662207085606,50,4.384998545598158,8.59459714937239,canceled
10,7,9,9,0.3,1,8373.76,90.15781175476792,50,12.750240013747323,24.990470426944754,canceled
10,7,9,9,0.3,2,767.36,29.99575480167899,50,4.242040325415232,8.314399037813855,canceled
10,7,9,9,0.5,1,8373.76,90.15781175476792,50,12.750240013747323,24.990470426944754,canceled
10,7,9,9,0.5,2,767.36,29.99575480167899,50,4.242040325415232,8.314399037813855,canceled
10,7,9,9,0.7,1,8373.76,90.15781175476792,50,12.750240013747323,24.990470426944754,canceled
10,7,9,9,0.7,2,767.36,29.99575480167899,50,4.242040325415232,8.314399037813855,canceled
10,7,12,12,0.3,1,8373.76,90.15781175476792,50,12.750240013747323,24.990470426944754,canceled
10,7,12,12,0.3,2,767.36,29.99575480167899,50,4.242040325415232,8.314399037813855,canceled
10,7,12,12,0.5,1,8373.76,90.15781175476792,50,12.750240013747323,24.990470426944754,canceled
10,7,12,12,0.5,2,767.36,29.99575480167899,50,4.242040325415232,8.314399037813855,canceled
10,7,12,12,0.7,1,8373.76,90.15781175476792,50,12.750240013747323,24.990470426944754,canceled
10,7,12,12,0.7,2,767.36,29.99575480167899,50,4.242040325415232,8.314399037813855,canceled
10,10,5,9,0.3,1,3940.32,65.81217553750663,50,9.307247121442071,18.24220435802646,canceled
10,10,5,9,0.3,2,5410.32,69.05467812848435,50,9.765806235461131,19.140980221503817,canceled
10,10,5,9,0.5,1,3295.44,58.20132546355178,50,8.230910381864549,16.132584348454515,canceled
10,10,5,9,0.5,2,6061.58,75.14858478985738,50,10.62761478029608,20.830124969380314,canceled
10,10,5,9,0.7,1,2444.74,39.84808396796978,50,5.635370078208475,11.04532535328861,canceled
10,10,5,9,0.7,2,6903.92,88.09337346804018,50,12.45828435137006,24.418237328685315,canceled
10,10,5,12,0.3,1,3940.32,65.81217553750663,50,9.307247121442071,18.24220435802646,canceled
10,10,5,12,0.3,2,5410.32,69.05467812848435,50,9.765806235461131,19.140980221503817,canceled
10,10,5,12,0.5,1,3295.44,58.20132546355178,50,8.230910381864549,16.132584348454515,canceled
10,10,5,12,0.5,2,6061.58,75.14858478985738,50,10.62761478029608,20.830124969380314,canceled
10,10,5,12,0.7,1,2444.74,39.84808396796978,50,5.635370078208475,11.04532535328861,canceled
10,10,5,12,0.7,2,6903.92,88.09337346804018,50,12.45828435137006,24.418237328685315,canceled
10,10,9,5,0.3,1,5402.58,64.1086736784994,50,9.066335578188491,17.770017733249443,canceled
10,10,9,5,0.3,2,3930.84,59.73491099714409,50,8.447792127931091,16.557672570744938,canceled
10,10,9,5,0.5,1,6061.5,75.29730190032969,50,10.648646555754766,20.871347249279342,canceled
10,10,9,5,0.5,2,3281.74,58.161916847956135,50,8.225337161999578,16.121660837519173,canceled
10,10,9,5,0.7,1,6893.8,80.25266223570642,50,11.349440335028314,22.244903056655495,canceled
10,10,9,5,0.7,2,2433.34,50.66279478582091,50,7.164801149383285,14.04301025279124,canceled
10,10,9,9,0.3,1,4677.36,73.05484660339053,50,10.331515486360091,20.249770353265777,canceled
10,10,9,9,0.3,2,4672.92,76.81194634977565,50,10.862849628012727,21.291185270904943,canceled
10,10,9,9,0.5,1,4677.36,73.05484660339053,50,10.331515486360091,20.249770353265777,canceled
10,10,9,9,0.5,2,4672.92,76.81194634977565,50,10.862849628012727,21.291185270904943,canceled
10,10,9,9,0.7,1,4677.36,73.05484660339053,50,10.331515486360091,20.249770353265777,canceled
10,10,9,9,0.7,2,4672.92,76.81194634977565,50,10.862849628012727,21.291185270904943,canceled
10,10,12,12,0.3,1,4677.36,73.05484660339053,50,10.331515486360091,20.249770353265777,canceled
10,10,12,12,0.3,2,4672.92,76.81194634977565,50,10.862849628012727,21.291185270904943,canceled
10,10,12,12,0.5,1,4677.36,73.05484660339053,50,10.331515486360091,20.249770353265777,canceled
10,10,12,12,0.5,2,4672.92,76.81194634977565,50,10.862849628012727,21.291185270904943,canceled
10,10,12,12,0.7,1,4677.36,73.05484660339053,50,10.331515486360091,20.249770353265777,canceled
10,10,12,12,0.7,2,4672.92,76.81194634977565,50,10.862849628012727,21.291185270904943,canceled
10,14,5,9,0.3,1,2433.2,57.30370219902283,50,8.103967282404703,15.883775873513217,canceled
10,14,5,9,0.3,2,7620.32,94.48300570656572,50,13.361914808399977,26.189353024463955,canceled
10,14,5,9,0.5,1,2664.98,61.103956249884185,50,8.641404364323845,16.937152554074736,canceled
10,14,5,9,0.5,2,7054.22,73.42837409645519,50,10.384340251021218,20.353306892001587,canceled
10,14,5,9,0.7,1,2263.6,54.18901161298146,50,7.663483515467153,15.02042769031562,canceled
10,14,5,9,0.7,2,7191.06,81.78204233803139,50,11.565727343301464,22.66882559287087,canceled
10,14,5,12,0.3,1,1498.36,48.55115543298171,50,6.8661702482206906,13.457693686512552,canceled
10,14,5,12,0.3,2,9921.0,133.51419705906386,50,18.88175882502821,37.00824729705529,canceled
10,14,5,12,0.5,1,1331.84,49.833748092829545,50,7.04755624167639,13.813210233685725,canceled
10,14,5,12,0.5,2,9803.82,140.83695740617492,50,19.91735352471745,39.0380129084462,canceled
10,14,5,12,0.7,1,1166.76,55.14602507554514,50,7.798825657280272,15.285698288269332,canceled
10,14,5,12,0.7,2,9582.72,103.21426890756182,50,14.596701891949758,28.609535708221525,canceled
10,14,9,5,0.3,1,3250.86,93.55430813932925,50,13.230577138907107,25.931931192257927,canceled
10,14,9,5,0.3,2,6803.72,81.65983200610539,50,11.548444192414278,22.634950617131985,canceled
10,14,9,5,0.5,1,4788.48,82.43618187199515,50,11.658236643363061,22.8501438209916,canceled
10,14,9,5,0.5,2,4934.86,74.76357565618413,50,10.573166266448256,20.72340588223858,canceled
10,14,9,5,0.7,1,6343.72,108.58421729191572,50,15.356127275389435,30.09800945976329,canceled
10,14,9,5,0.7,2,3124.1,62.44352550545983,50,8.830848065221156,17.308462207833465,canceled
10,14,9,9,0.3,1,2655.82,66.36869498091244,50,9.385950855900953,18.39646367756587,canceled
10,14,9,9,0.3,2,7482.06,87.37683109523294,50,12.35694995720616,24.219621916124073,canceled
10,14,9,9,0.5,1,3381.64,81.20640368837914,50,11.484319744765031,22.50926669973946,canceled
10,14,9,9,0.5,2,6456.06,59.43214618369405,50,8.40497471739205,16.47375044608842,canceled
10,14,9,9,0.7,1,3964.18,72.01124912123105,50,10.183928515067256,19.96049988953182,canceled
10,14,9,9,0.7,2,5632.04,68.29287469929687,50,9.658070961319204,18.929819084185638,canceled
10,14,12,12,0.3,1,1680.92,42.483533424668174,50,6.008078914669643,11.7758346727525,canceled
10,14,12,12,0.3,2,10099.96,122.38296533456626,50,17.307564937957995,33.92282727839767,canceled
10,14,12,12,0.5,1,1683.56,43.039213254322185,50,6.08666390981303,11.929861263233539,canceled
10,14,12,12,0.5,2,10078.4,132.66714524919678,50,18.76196760927354,36.77345651417614,canceled
10,14,12,12,0.7,1,1683.56,37.57287341056751,50,5.313606715455202,10.414669162292196,canceled
10,14,12,12,0.7,2,10102.2,118.93318309377051,50,16.819692054741274,32.9665964272929,canceled
14,2,5,9,0.3,1,5140.34,56.34826473615244,50,7.9688480206056385,15.618942120387052,canceled
14,2,5,9,0.3,2,0.0,0.0,50,0.0,0.0,canceled
14,2,5,9,0.5,1,4882.5,71.25414416877476,50,10.076857705876904,19.75064110351873,canceled
14,2,5,9,0.5,2,0.0,0.0,50,0.0,0.0,canceled
14,2,5,9,0.7,1,4748.08,75.25869398553336,50,10.643186572082774,20.860645681282236,canceled
14,2,5,9,0.7,2,0.0,0.0,50,0.0,0.0,canceled
14,2,5,12,0.3,1,5140.34,56.34826473615244,50,7.9688480206056385,15.618942120387052,canceled
14,2,5,12,0.3,2,0.0,0.0,50,0.0,0.0,canceled
14,2,5,12,0.5,1,4882.5,71.25414416877476,50,10.076857705876904,19.75064110351873,canceled
14,2,5,12,0.5,2,0.0,0.0,50,0.0,0.0,canceled
14,2,5,12,0.7,1,4748.08,75.25869398553336,50,10.643186572082774,20.860645681282236,canceled
14,2,5,12,0.7,2,0.0,0.0,50,0.0,0.0,canceled
14,2,9,5,0.3,1,7132.7,118.16319569276442,50,16.710799392205352,32.75316680872249,canceled
14,2,9,5,0.3,2,0.0,0.0,50,0.0,0.0,canceled
14,2,9,5,0.5,1,7137.48,120.4358140509809,50,17.032196162634133,33.3831044787629,canceled
14,2,9,5,0.5,2,0.0,0.0,50,0.0,0.0,canceled
14,2,9,5,0.7,1,7128.32,113.50886686573374,50,16.05257789711227,31.463052678340045,canceled
14,2,9,5,0.7,2,0.0,0.0,50,0.0,0.0,canceled
14,2,9,9,0.3,1,7132.7,118.16319569276442,50,16.710799392205352,32.75316680872249,canceled
14,2,9,9,0.3,2,0.0,0.0,50,0.0,0.0,canceled
14,2,9,9,0.5,1,7137.48,120.4358140509809,50,17.032196162634133,33.3831044787629,canceled
14,2,9,9,0.5,2,0.0,0.0,50,0.0,0.0,canceled
14,2,9,9,0.7,1,7128.32,113.50886686573374,50,16.05257789711227,31.463052678340045,canceled
14,2,9,9,0.7,2,0.0,0.0,50,0.0,0.0,canceled
14,2,12,12,0.3,1,7136.36,126.65536720098487,50,17.911773804297727,35.107076656423544,canceled
14,2,12,12,0.3,2,0.0,0.0,50,0.0,0.0,canceled
14,2,12,12,0.5,1,7136.36,126.65536720098487,50,17.911773804297727,35.107076656423544,canceled
14,2,12,12,0.5,2,0.0,0.0,50,0.0,0.0,canceled
14,2,12,12,0.7,1,7136.36,126.65536720098487,50,17.911773804297727,35.107076656423544,canceled
14,2,12,12,0.7,2,0.0,0.0,50,0.0,0.0,canceled
14,5,5,9,0.3,1,5161.34,58.95643843256682,50,8.337699482055037,16.34189098482787,canceled
14,5,5,9,0.3,2,323.8,21.26125152305316,50,3.0067950256927403,5.893318250357771,canceled
14,5,5,9,0.5,1,4729.84,65.99145275514618,50,9.332600748703108,18.291897467458092,canceled
14,5,5,9,0.5,2,323.5,19.08760683516603,50,2.699395245953719,5.290814682069289,canceled
14,5,5,9,0.7,1,4518.3,73.62570813214056,50,10.412247497979624,20.408005096040064,canceled
14,5,5,9,0.7,2,327.56,17.623222156679326,50,2.4922999786689926,4.884907958191225,canceled
14,5,5,12,0.3,1,5161.34,58.95643843256682,50,8.337699482055037,16.34189098482787,canceled
14,5,5,12,0.3,2,323.8,21.26125152305316,50,3.0067950256927403,5.893318250357771,canceled
14,5,5,12,0.5,1,4729.84,65.99145275514618,50,9.332600748703108,18.291897467458092,canceled
14,5,5,12,0.5,2,323.5,19.08760683516603,50,2.699395245953719,5.290814682069289,canceled
14,5,5,12,0.7,1,4518.3,73.62570813214056,50,10.412247497979624,20.408005096040064,canceled
14,5,5,12,0.7,2,327.56,17.623222156679326,50,2.4922999786689926,4.884907958191225,canceled
14,5,9,5,0.3,1,8461.68,94.77609274021621,50,13.4033635741944,26.270592605421022,canceled
14,5,9,5,0.3,2,322.38,15.941077729679183,50,2.2544088324156006,4.418641311534577,canceled
14,5,9,5,0.5,1,8415.88,97.43394203882174,50,13.779240226677576,27.00731084428805,canceled
14,5,9,5,0.5,2,329.5,19.832204278158592,50,2.80469722619256,5.497206563337417,canceled
14,5,9,5,0.7,1,8386.52,109.61681682393572,50,15.502158901657715,30.38423144724912,canceled
14,5,9,5,0.7,2,327.5,17.42300847987499,50,2.4639854889580652,4.829411558357807,canceled
14,5,9,9,0.3,1,8461.68,94.77609274021621,50,13.4033635741944,26.270592605421022,canceled
14,5,9,9,0.3,2,322.38,15.941077729679183,50,2.2544088324156006,4.418641311534577,canceled
14,5,9,9,0.5,1,8415.88,97.43394203882174,50,13.779240226677576,27.00731084428805,canceled
14,5,9,9,0.5,2,329.5,19.832204278158592,50,2.80469722619256,5.497206563337417,canceled
14,5,9,9,0.7,1,8386.52,109.61681682393572,50,15.502158901657715,30.38423144724912,canceled
14,5,9,9,0.7,2,327.5,17.42300847987499,50,2.4639854889580652,4.829411558357807,canceled
14,5,12,12,0.3,1,8562.94,108.08828779837194,50,15.285992253814392,29.960544817476208,canceled
14,5,12,12,0.3,2,330.66,18.5457074630795,50,2.622759101809095,5.140607839545827,canceled
14,5,12,12,0.5,1,8562.94,108.08828779837194,50,15.285992253814392,29.960544817476208,canceled
14,5,12,12,0.5,2,330.66,18.5457074630795,50,2.622759101809095,5.140607839545827,canceled
14,5,12,12,0.7,1,8562.94,108.08828779837194,50,15.285992253814392,29.960544817476208,canceled
14,5,12,12,0.7,2,330.66,18.5457074630795,50,2.622759101809095,5.140607839545827,canceled
14,7,5,9,0.3,1,5502.42,71.51368928465403,50,10.113562928169321,19.822583339211867,canceled
14,7,5,9,0.3,2,1292.12,54.662467069484244,50,7.73044022824373,15.151662847357711,canceled
14,7,5,9,0.5,1,3977.36,56.542474552953834,50,7.996313436292291,15.67277433513289,canceled
14,7,5,9,0.5,2,2385.26,60.76680417625988,50,8.593723860813675,16.8436987671948,canceled
14,7,5,9,0.7,1,2543.7,52.57074921921303,50,7.434626652992586,14.571868239865468,canceled
14,7,5,9,0.7,2,3518.08,67.24698308990432,50,9.510159551441687,18.639912720825706,canceled
14,7,5,12,0.3,1,5502.42,71.51368928465403,50,10.113562928169321,19.822583339211867,canceled
14,7,5,12,0.3,2,1292.12,54.662467069484244,50,7.73044022824373,15.151662847357711,canceled
14,7,5,12,0.5,1,3977.36,56.542474552953834,50,7.996313436292291,15.67277433513289,canceled
14,7,5,12,0.5,2,2385.26,60.76680417625988,50,8.593723860813675,16.8436987671948,canceled
14,7,5,12,0.7,1,2543.7,52.57074921921303,50,7.434626652992586,14.571868239865468,canceled
14,7,5,12,0.7,2,3518.08,67.24698308990432,50,9.510159551441687,18.639912720825706,canceled
14,7,9,5,0.3,1,8628.6,97.33007170008067,50,13.764550742499983,26.978519455299967,canceled
14,7,9,5,0.3,2,728.04,34.10126576141438,50,4.822647253388149,9.452388616640771,canceled
14,7,9,5,0.5,1,8519.84,82.39361972524674,50,11.65221744684553,22.838346195817238,canceled
14,7,9,5,0.5,2,692.58,25.26196624919587,50,3.5725815281824183,7.002259795237539,canceled
14,7,9,5,0.7,1,8482.7,80.88950639544025,50,11.43950369980968,22.421427251626973,canceled
14,7,9,5,0.7,2,638.04,24.91697233220926,50,3.5237920205485502,6.906632360275158,canceled
14,7,9,9,0.3,1,8620.44,77.3851116830884,50,10.943907446798026,21.45005859572413,canceled
14,7,9,9,0.3,2,765.64,32.128415803472414,50,4.543644136683277,8.905542507899222,canceled
14,7,9,9,0.5,1,8501.58,87.31460592686228,50,12.348149989503087,24.20237397942605,canceled
14,7,9,9,0.5,2,775.48,29.63123007771309,50,4.190488744569943,8.213357939357088,canceled
14,7,9,9,0.7,1,8434.56,73.39219777249878,50,10.379224146223622,20.3432793265983,canceled
14,7,9,9,0.7,2,770.28,28.42608747224269,50,4.020055842844954,7.87930945197611,canceled
14,7,12,12,0.3,1,9283.7,114.9775932030907,50,16.260287167682748,31.870162848658186,canceled
14,7,12,12,0.3,2,769.64,32.37204639430604,50,4.5780987052598645,8.973073462309335,canceled
14,7,12,12,0.5,1,9283.7,114.9775932030907,50,16.260287167682748,31.870162848658186,canceled
14,7,12,12,0.5,2,769.64,32.37204639430604,50,4.5780987052598645,8.973073462309335,canceled
14,7,12,12,0.7,1,9283.7,114.9775932030907,50,16.260287167682748,31.870162848658186,canceled
14,7,12,12,0.7,2,769.64,32.37204639430604,50,4.5780987052598645,8.973073462309335,canceled
14,10,5,9,0.3,1,6819.14,94.20689562698401,50,13.32286694647474,26.11281921509049,canceled
14,10,5,9,0.3,2,3242.92,80.88460916639211,50,11.438811127035889,22.42006980899034,canceled
14,10,5,9,0.5,1,4933.2,73.19194781183101,50,10.35090452519952,20.28777286939106,canceled
14,10,5,9,0.5,2,4785.64,83.6942345562655,50,11.836152160190561,23.1988582339735,canceled
14,10,5,9,0.7,1,3141.24,55.193004584838974,50,7.805469563199969,15.298720343871938,canceled
14,10,5,9,0.7,2,6332.38,82.85021892252438,50,11.7167903245814,22.96490903617954,canceled
14,10,5,12,0.3,1,6819.14,94.20689562698401,50,13.32286694647474,26.11281921509049,canceled
14,10,5,12,0.3,2,3242.92,80.88460916639211,50,11.438811127035889,22.42006980899034,canceled
14,10,5,12,0.5,1,4933.2,73.19194781183101,50,10.35090452519952,20.28777286939106,canceled
14,10,5,12,0.5,2,4785.64,83.6942345562655,50,11.836152160190561,23.1988582339735,canceled
14,10,5,12,0.7,1,3141.24,55.193004584838974,50,7.805469563199969,15.298720343871938,canceled
14,10,5,12,0.7,2,6332.38,82.85021892252438,50,11.7167903245814,22.96490903617954,canceled
14,10,9,5,0.3,1,7618.18,74.8783203413568,50,10.589393615446397,20.755211486274938,canceled
14,10,9,5,0.3,2,2430.9,68.34493845373561,50,9.665433888082736,18.944250420642163,canceled
14,10,9,5,0.5,1,7049.58,66.96392266568253,50,9.470128762351134,18.561452374208223,canceled
14,10,9,5,0.5,2,2656.0,71.8501842697138,50,10.161150505323526,19.91585499043411,canceled
14,10,9,5,0.7,1,7194.7,77.20876813905927,50,10.918968703637733,21.401178659129954,canceled
14,10,9,5,0.7,2,2271.08,65.47342193281057,50,9.259340127235676,18.148306649381926,canceled
14,10,9,9,0.3,1,7487.78,81.1786364778823,50,11.480392868197642,22.501570021667376,canceled
14,10,9,9,0.3,2,2641.54,64.53640326930824,50,9.126825677023506,17.888578326966073,canceled
14,10,9,9,0.5,1,6438.56,79.04872173642825,50,11.17917743679137,21.911187776111085,canceled
14,10,9,9,0.5,2,3387.42,68.97325420710823,50,9.754291154069959,19.11841066197712,canceled
14,10,9,9,0.7,1,5621.42,73.54495778995695,50,10.400827675071392,20.385622243139927,canceled
14,10,9,9,0.7,2,3986.88,79.77791623229658,50,11.28230111135785,22.113310178261386,canceled
14,10,12,12,0.3,1,10135.68,134.66457801303392,50,19.044447259728226,37.327116629067326,canceled
14,10,12,12,0.3,2,1677.74,44.9202513304616,50,6.352682865674686,12.451258416722386,canceled
14,10,12,12,0.5,1,10126.1,108.10845839022114,50,15.288844806269816,29.96613582028884,canceled
14,10,12,12,0.5,2,1680.3,50.55336642739883,50,7.149325642524412,14.012678259347846,canceled
14,10,12,12,0.7,1,10105.08,116.55914501108155,50,16.48395236932838,32.30854664388363,canceled
14,10,12,12,0.7,2,1679.5,46.563649657085094,50,6.585094485863905,12.906785192293254,canceled
14,14,5,9,0.3,1,6766.12,76.57453085399996,50,10.829274006608376,21.225377052952418,canceled
14,14,5,9,0.3,2,7174.42,74.69505078815395,50,10.563475386675446,20.704411757883875,canceled
14,14,5,9,0.5,1,5162.68,72.29571923985657,50,10.224158665052267,20.03935098350244,canceled
14,14,5,9,0.5,2,5974.02,85.70773546400204,50,12.120904189347717,23.756972211121525,canceled
14,14,5,9,0.7,1,3131.7,64.58604448994487,50,9.133846005771213,17.902338171311577,canceled
14,14,5,9,0.7,2,6577.92,83.75860357879294,50,11.845255314656063,23.21670041672588,canceled
14,14,5,12,0.3,1,6548.96,78.60959073231474,50,11.117074934623787,21.789466871862622,canceled
14,14,5,12,0.3,2,7411.4,88.74660096969066,50,12.550664670584979,24.599302754346557,canceled
14,14,5,12,0.5,1,5530.42,74.48327849598323,50,10.533526261903178,20.64571147333023,canceled
14,14,5,12,0.5,2,7998.42,90.7782878832841,50,12.837988589354957,25.162457635135716,canceled
14,14,5,12,0.7,1,3455.54,60.515543626477964,50,8.558190253094585,16.774052896065385,canceled
14,14,5,12,0.7,2,9360.28,94.30217172386196,50,13.336341021312217,26.139228401771945,canceled
14,14,9,5,0.3,1,7157.74,89.19064881889071,50,12.61346251965311,24.722386538520094,canceled
14,14,9,5,0.3,2,6758.86,83.47821663800222,50,11.805602613218209,23.13898112190769,canceled
14,14,9,5,0.5,1,5972.92,79.01920200631157,50,11.17500271652251,21.903005324384118,canceled
14,14,9,5,0.5,2,5163.02,83.7107483406707,50,11.838487561977757,23.203435621476405,canceled
14,14,9,5,0.7,1,6588.66,89.90008285846667,50,12.713791643690858,24.91903162163408,canceled
14,14,9,5,0.7,2,3151.64,57.614043072706465,50,8.147856109656916,15.969797974927554,canceled
14,14,9,9,0.3,1,6982.84,76.79109217047696,50,10.859900401693091,21.28540478731846,canceled
14,14,9,9,0.3,2,6971.8,89.18771764986406,50,12.613047989754001,24.72157405991784,canceled
14,14,9,9,0.5,1,5931.34,75.57361865581592,50,10.687723646066722,20.947938346290776,canceled
14,14,9,9,0.5,2,5911.0,96.7979169956352,50,13.689292702469242,26.831013696839715,canceled
14,14,9,9,0.7,1,4996.56,69.02917454798026,50,9.762199484517334,19.133910989653973,canceled
14,14,9,9,0.7,2,4998.04,66.93553401808121,50,9.466114001305613,18.553583442559,canceled
14,14,12,12,0.3,1,7000.76,90.57493458739134,50,12.809230090454475,25.106090977290773,canceled
14,14,12,12,0.3,2,6987.58,85.84349546870581,50,12.140103553335708,23.794602964537987,canceled
14,14,12,12,0.5,1,6915.84,77.97549588930941,50,11.02740038194289,21.613704748608065,canceled
14,14,12,12,0.5,2,6909.32,81.03071727966594,50,11.459473934572348,22.4605689117618,canceled
14,14,12,12,0.7,1,6658.76,72.93261077382148,50,10.314228729561645,20.215888309940823,canceled
14,14,12,12,0.7,2,6670.32,73.60552330650506,50,10.40939293256284,20.402410147823165,canceled
2,2,5,9,0.3,1,0.0,0.0,50,0.0,0.0,no_show
2,2,5,9,0.3,2,0.0,0.0,50,0.0,0.0,no_show
2,2,5,9,0.5,1,0.0,0.0,50,0.0,0.0,no_show
2,2,5,9,0.5,2,0.0,0.0,50,0.0,0.0,no_show
2,2,5,9,0.7,1,0.0,0.0,50,0.0,0.0,no_show
2,2,5,9,0.7,2,0.0,0.0,50,0.0,0.0,no_show
2,2,5,12,0.3,1,0.0,0.0,50,0.0,0.0,no_show
2,2,5,12,0.3,2,0.0,0.0,50,0.0,0.0,no_show
2,2,5,12,0.5,1,0.0,0.0,50,0.0,0.0,no_show
2,2,5,12,0.5,2,0.0,0.0,50,0.0,0.0,no_show
2,2,5,12,0.7,1,0.0,0.0,50,0.0,0.0,no_show
2,2,5,12,0.7,2,0.0,0.0,50,0.0,0.0,no_show
2,2,9,5,0.3,1,0.0,0.0,50,0.0,0.0,no_show
2,2,9,5,0.3,2,0.0,0.0,50,0.0,0.0,no_show
2,2,9,5,0.5,1,0.0,0.0,50,0.0,0.0,no_show
2,2,9,5,0.5,2,0.0,0.0,50,0.0,0.0,no_show
2,2,9,5,0.7,1,0.0,0.0,50,0.0,0.0,no_show
2,2,9,5,0.7,2,0.0,0.0,50,0.0,0.0,no_show
2,2,9,9,0.3,1,0.0,0.0,50,0.0,0.0,no_show
2,2,9,9,0.3,2,0.0,0.0,50,0.0,0.0,no_show
2,2,9,9,0.5,1,0.0,0.0,50,0.0,0.0,no_show
2,2,9,9,0.5,2,0.0,0.0,50,0.0,0.0,no_show
2,2,9,9,0.7,1,0.0,0.0,50,0.0,0.0,no_show
2,2,9,9,0.7,2,0.0,0.0,50,0.0,0.0,no_show
2,2,12,12,0.3,1,0.0,0.0,50,0.0,0.0,no_show
2,2,12,12,0.3,2,0.0,0.0,50,0.0,0.0,no_show
2,2,12,12,0.5,1,0.0,0.0,50,0.0,0.0,no_show
2,2,12,12,0.5,2,0.0,0.0,50,0.0,0.0,no_show
2,2,12,12,0.7,1,0.0,0.0,50,0.0,0.0,no_show
2,2,12,12,0.7,2,0.0,0.0,50,0.0,0.0,no_show
2,5,5,9,0.3,1,0.0,0.0,50,0.0,0.0,no_show
2,5,5,9,0.3,2,0.0,0.0,50,0.0,0.0,no_show
2,5,5,9,0.5,1,0.0,0.0,50,0.0,0.0,no_show
2,5,5,9,0.5,2,0.0,0.0,50,0.0,0.0,no_show
2,5,5,9,0.7,1,0.0,0.0,50,0.0,0.0,no_show
2,5,5,9,0.7,2,0.0,0.0,50,0.0,0.0,no_show
2,5,5,12,0.3,1,0.0,0.0,50,0.0,0.0,no_show
2,5,5,12,0.3,2,0.0,0.0,50,0.0,0.0,no_show
2,5,5,12,0.5,1,0.0,0.0,50,0.0,0.0,no_show
2,5,5,12,0.5,2,0.0,0.0,50,0.0,0.0,no_show
2,5,5,12,0.7,1,0.0,0.0,50,0.0,0.0,no_show
2,5,5,12,0.7,2,0.0,0.0,50,0.0,0.0,no_show
2,5,9,5,0.3,1,0.0,0.0,50,0.0,0.0,no_show
2,5,9,5,0.3,2,0.0,0.0,50,0.0,0.0,no_show
2,5,9,5,0.5,1,0.0,0.0,50,0.0,0.0,no_show
2,5,9,5,0.5,2,0.0,0.0,50,0.0,0.0,no_show
2,5,9,5,0.7,1,0.0,0.0,50,0.0,0.0,no_show
2,5,9,5,0.7,2,0.0,0.0,50,0.0,0.0,no_show
2,5,9,9,0.3,1,0.0,0.0,50,0.0,0.0,no_show
2,5,9,9,0.3,2,0.0,0.0,50,0.0,0.0,no_show
2,5,9,9,0.5,1,0.0,0.0,50,0.0,0.0,no_show
2,5,9,9,0.5,2,0.0,0.0,50,0.0,0.0,no_show
2,5,9,9,0.7,1,0.0,0.0,50,0.0,0.0,no_show
2,5,9,9,0.7,2,0.0,0.0,50,0.0,0.0,no_show
2,5,12,12,0.3,1,0.0,0.0,50,0.0,0.0,no_show
2,5,12,12,0.3,2,0.0,0.0,50,0.0,0.0,no_show
2,5,12,12,0.5,1,0.0,0.0,50,0.0,0.0,no_show
2,5,12,12,0.5,2,0.0,0.0,50,0.0,0.0,no_show
2,5,12,12,0.7,1,0.0,0.0,50,0.0,0.0,no_show
2,5,12,12,0.7,2,0.0,0.0,50,0.0,0.0,no_show
2,7,5,9,0.3,1,0.0,0.0,50,0.0,0.0,no_show
2,7,5,9,0.3,2,0.0,0.0,50,0.0,0.0,no_show
2,7,5,9,0.5,1,0.0,0.0,50,0.0,0.0,no_show
2,7,5,9,0.5,2,0.0,0.0,50,0.0,0.0,no_show
2,7,5,9,0.7,1,0.0,0.0,50,0.0,0.0,no_show
2,7,5,9,0.7,2,0.0,0.0,50,0.0,0.0,no_show
2,7,5,12,0.3,1,0.0,0.0,50,0.0,0.0,no_show
2,7,5,12,0.3,2,0.0,0.0,50,0.0,0.0,no_show
2,7,5,12,0.5,1,0.0,0.0,50,0.0,0.0,no_show
2,7,5,12,0.5,2,0.0,0.0,50,0.0,0.0,no_show
2,7,5,12,0.7,1,0.0,0.0,50,0.0,0.0,no_show
2,7,5,12,0.7,2,0.0,0.0,50,0.0,0.0,no_show
2,7,9,5,0.3,1,0.0,0.0,50,0.0,0.0,no_show
2,7,9,5,0.3,2,0.0,0.0,50,0.0,0.0,no_show
2,7,9,5,0.5,1,0.0,0.0,50,0.0,0.0,no_show
2,7,9,5,0.5,2,0.0,0.0,50,0.0,0.0,no_show
2,7,9,5,0.7,1,0.0,0.0,50,0.0,0.0,no_show
2,7,9,5,0.7,2,0.0,0.0,50,0.0,0.0,no_show
2,7,9,9,0.3,1,0.0,0.0,50,0.0,0.0,no_show
2,7,9,9,0.3,2,0.0,0.0,50,0.0,0.0,no_show
2,7,9,9,0.5,1,0.0,0.0,50,0.0,0.0,no_show
2,7,9,9,0.5,2,0.0,0.0,50,0.0,0.0,no_show
2,7,9,9,0.7,1,0.0,0.0,50,0.0,0.0,no_show
2,7,9,9,0.7,2,0.0,0.0,50,0.0,0.0,no_show
2,7,12,12,0.3,1,0.0,0.0,50,0.0,0.0,no_show
2,7,12,12,0.3,2,0.0,0.0,50,0.0,0.0,no_show
2,7,12,12,0.5,1,0.0,0.0,50,0.0,0.0,no_show
2,7,12,12,0.5,2,0.0,0.0,50,0.0,0.0,no_show
2,7,12,12,0.7,1,0.0,0.0,50,0.0,0.0,no_show
2,7,12,12,0.7,2,0.0,0.0,50,0.0,0.0,no_show
2,10,5,9,0.3,1,0.0,0.0,50,0.0,0.0,no_show
2,10,5,9,0.3,2,1513.74,114.51598409062775,50,16.195005780946733,31.742211330655596,no_show
2,10,5,9,0.5,1,0.0,0.0,50,0.0,0.0,no_show
2,10,5,9,0.5,2,1513.74,114.51598409062775,50,16.195005780946733,31.742211330655596,no_show
2,10,5,9,0.7,1,0.0,0.0,50,0.0,0.0,no_show
2,10,5,9,0.7,2,1513.74,114.51598409062775,50,16.195005780946733,31.742211330655596,no_show
2,10,5,12,0.3,1,0.0,0.0,50,0.0,0.0,no_show
2,10,5,12,0.3,2,1513.74,114.51598409062775,50,16.195005780946733,31.742211330655596,no_show
2,10,5,12,0.5,1,0.0,0.0,50,0.0,0.0,no_show
2,10,5,12,0.5,2,1513.74,114.51598409062775,50,16.195005780946733,31.742211330655596,no_show
2,10,5,12,0.7,1,0.0,0.0,50,0.0,0.0,no_show
2,10,5,12,0.7,2,1513.74,114.51598409062775,50,16.195005780946733,31.742211330655596,no_show
2,10,9,5,0.3,1,0.0,0.0,50,0.0,0.0,no_show
2,10,9,5,0.3,2,1.6,1.7261494247992248,50,0.24411439272335805,0.47846420973778175,no_show
2,10,9,5,0.5,1,0.0,0.0,50,0.0,0.0,no_show
2,10,9,5,0.5,2,0.0,0.0,50,0.0,0.0,no_show
2,10,9,5,0.7,1,0.0,0.0,50,0.0,0.0,no_show
2,10,9,5,0.7,2,0.0,0.0,50,0.0,0.0,no_show
2,10,9,9,0.3,1,0.0,0.0,50,0.0,0.0,no_show
2,10,9,9,0.3,2,1513.74,114.51598409062775,50,16.195005780946733,31.742211330655596,no_show
2,10,9,9,0.5,1,0.0,0.0,50,0.0,0.0,no_show
2,10,9,9,0.5,2,1513.74,114.51598409062775,50,16.195005780946733,31.742211330655596,no_show
2,10,9,9,0.7,1,0.0,0.0,50,0.0,0.0,no_show
2,10,9,9,0.7,2,1513.74,114.51598409062775,50,16.195005780946733,31.742211330655596,no_show
2,10,12,12,0.3,1,0.0,0.0,50,0.0,0.0,no_show
2,10,12,12,0.3,2,1513.74,114.51598409062775,50,16.195005780946733,31.742211330655596,no_show
2,10,12,12,0.5,1,0.0,0.0,50,0.0,0.0,no_show
2,10,12,12,0.5,2,1513.74,114.51598409062775,50,16.195005780946733,31.742211330655596,no_show
2,10,12,12,0.7,1,0.0,0.0,50,0.0,0.0,no_show
2,10,12,12,0.7,2,1513.74,114.51598409062775,50,16.195005780946733,31.742211330655596,no_show
2,14,5,9,0.3,1,0.0,0.0,50,0.0,0.0,no_show
2,14,5,9,0.3,2,1514.0,116.92523339331694,50,16.53572508484683,32.410021166299785,no_show
2,14,5,9,0.5,1,0.0,0.0,50,0.0,0.0,no_show
2,14,5,9,0.5,2,1513.92,117.00337340331302,50,16.546775751036876,32.431680472032276,no_show
2,14,5,9,0.7,1,0.0,0.0,50,0.0,0.0,no_show
2,14,5,9,0.7,2,1512.34,114.38863401508355,50,16.17699576054635,31.706911690670847,no_show
2,14,5,12,0.3,1,0.0,0.0,50,0.0,0.0,no_show
2,14,5,12,0.3,2,1523.62,118.57227022076505,50,16.768651266757338,32.86655648284438,no_show
2,14,5,12,0.5,1,0.0,0.0,50,0.0,0.0,no_show
2,14,5,12,0.5,2,1523.62,118.57227022076505,50,16.768651266757338,32.86655648284438,no_show
2,14,5,12,0.7,1,0.0,0.0,50,0.0,0.0,no_show
2,14,5,12,0.7,2,1523.62,118.57227022076505,50,16.768651266757338,32.86655648284438,no_show
2,14,9,5,0.3,1,0.0,0.0,50,0.0,0.0,no_show
2,14,9,5,0.3,2,1.6,1.7261494247992248,50,0.24411439272335805,0.47846420973778175,no_show
2,14,9,5,0.5,1,0.0,0.0,50,0.0,0.0,no_show
2,14,9,5,0.5,2,0.0,0.0,50,0.0,0.0,no_show
2,14,9,5,0.7,1,0.0,0.0,50,0.0,0.0,no_show
2,14,9,5,0.7,2,0.0,0.0,50,0.0,0.0,no_show
2,14,9,9,0.3,1,0.0,0.0,50,0.0,0.0,no_show
2,14,9,9,0.3,2,1514.0,116.92523339331694,50,16.53572508484683,32.410021166299785,no_show
2,14,9,9,0.5,1,0.0,0.0,50,0.0,0.0,no_show
2,14,9,9,0.5,2,1513.92,117.00337340331302,50,16.546775751036876,32.431680472032276,no_show
2,14,9,9,0.7,1,0.0,0.0,50,0.0,0.0,no_show
2,14,9,9,0.7,2,1512.34,114.38863401508355,50,16.17699576054635,31.706911690670847,no_show
2,14,12,12,0.3,1,0.0,0.0,50,0.0,0.0,no_show
2,14,12,12,0.3,2,1523.62,118.57227022076505,50,16.768651266757338,32.86655648284438,no_show
2,14,12,12,0.5,1,0.0,0.0,50,0.0,0.0,no_show
2,14,12,12,0.5,2,1523.62,118.57227022076505,50,16.768651266757338,32.86655648284438,no_show
2,14,12,12,0.7,1,0.0,0.0,50,0.0,0.0,no_show
2,14,12,12,0.7,2,1523.62,118.57227022076505,50,16.768651266757338,32.86655648284438,no_show
5,2,5,9,0.3,1,0.0,0.0,50,0.0,0.0,no_show
5,2,5,9,0.3,2,0.0,0.0,50,0.0,0.0,no_show
5,2,5,9,0.5,1,0.0,0.0,50,0.0,0.0,no_show
5,2,5,9,0.5,2,0.0,0.0,50,0.0,0.0,no_show
5,2,5,9,0.7,1,0.0,0.0,50,0.0,0.0,no_show
5,2,5,9,0.7,2,0.0,0.0,50,0.0,0.0,no_show
5,2,5,12,0.3,1,0.0,0.0,50,0.0,0.0,no_show
5,2,5,12,0.3,2,0.0,0.0,50,0.0,0.0,no_show
5,2,5,12,0.5,1,0.0,0.0,50,0.0,0.0,no_show
5,2,5,12,0.5,2,0.0,0.0,50,0.0,0.0,no_show
5,2,5,12,0.7,1,0.0,0.0,50,0.0,0.0,no_show
5,2,5,12,0.7,2,0.0,0.0,50,0.0,0.0,no_show
5,2,9,5,0.3,1,0.0,0.0,50,0.0,0.0,no_show
5,2,9,5,0.3,2,0.0,0.0,50,0.0,0.0,no_show
5,2,9,5,0.5,1,0.0,0.0,50,0.0,0.0,no_show
5,2,9,5,0.5,2,0.0,0.0,50,0.0,0.0,no_show
5,2,9,5,0.7,1,0.0,0.0,50,0.0,0.0,no_show
5,2,9,5,0.7,2,0.0,0.0,50,0.0,0.0,no_show
5,2,9,9,0.3,1,0.0,0.0,50,0.0,0.0,no_show
5,2,9,9,0.3,2,0.0,0.0,50,0.0,0.0,no_show
5,2,9,9,0.5,1,0.0,0.0,50,0.0,0.0,no_show
5,2,9,9,0.5,2,0.0,0.0,50,0.0,0.0,no_show
5,2,9,9,0.7,1,0.0,0.0,50,0.0,0.0,no_show
5,2,9,9,0.7,2,0.0,0.0,50,0.0,0.0,no_show
5,2,12,12,0.3,1,0.0,0.0,50,0.0,0.0,no_show
5,2,12,12,0.3,2,0.0,0.0,50,0.0,0.0,no_show
5,2,12,12,0.5,1,0.0,0.0,50,0.0,0.0,no_show
5,2,12,12,0.5,2,0.0,0.0,50,0.0,0.0,no_show
5,2,12,12,0.7,1,0.0,0.0,50,0.0,0.0,no_show
5,2,12,12,0.7,2,0.0,0.0,50,0.0,0.0,no_show
5,5,5,9,0.3,1,0.0,0.0,50,0.0,0.0,no_show
5,5,5,9,0.3,2,0.0,0.0,50,0.0,0.0,no_show
5,5,5,9,0.5,1,0.0,0.0,50,0.0,0.0,no_show
5,5,5,9,0.5,2,0.0,0.0,50,0.0,0.0,no_show
5,5,5,9,0.7,1,0.0,0.0,50,0.0,0.0,no_show
5,5,5,9,0.7,2,0.0,0.0,50,0.0,0.0,no_show
5,5,5,12,0.3,1,0.0,0.0,50,0.0,0.0,no_show
5,5,5,12,0.3,2,0.0,0.0,50,0.0,0.0,no_show
5,5,5,12,0.5,1,0.0,0.0,50,0.0,0.0,no_show
5,5,5,12,0.5,2,0.0,0.0,50,0.0,0.0,no_show
5,5,5,12,0.7,1,0.0,0.0,50,0.0,0.0,no_show
5,5,5,12,0.7,2,0.0,0.0,50,0.0,0.0,no_show
5,5,9,5,0.3,1,0.0,0.0,50,0.0,0.0,no_show
5,5,9,5,0.3,2,0.0,0.0,50,0.0,0.0,no_show
5,5,9,5,0.5,1,0.0,0.0,50,0.0,0.0,no_show
5,5,9,5,0.5,2,0.0,0.0,50,0.0,0.0,no_show
5,5,9,5,0.7,1,0.0,0.0,50,0.0,0.0,no_show
5,5,9,5,0.7,2,0.0,0.0,50,0.0,0.0,no_show
5,5,9,9,0.3,1,0.0,0.0,50,0.0,0.0,no_show
5,5,9,9,0.3,2,0.0,0.0,50,0.0,0.0,no_show
5,5,9,9,0.5,1,0.0,0.0,50,0.0,0.0,no_show
5,5,9,9,0.5,2,0.0,0.0,50,0.0,0.0,no_show
5,5,9,9,0.7,1,0.0,0.0,50,0.0,0.0,no_show
5,5,9,9,0.7,2,0.0,0.0,50,0.0,0.0,no_show
5,5,12,12,0.3,1,0.0,0.0,50,0.0,0.0,no_show
5,5,12,12,0.3,2,0.0,0.0,50,0.0,0.0,no_show
5,5,12,12,0.5,1,0.0,0.0,50,0.0,0.0,no_show
5,5,12,12,0.5,2,0.0,0.0,50,0.0,0.0,no_show
5,5,12,12,0.7,1,0.0,0.0,50,0.0,0.0,no_show
5,5,12,12,0.7,2,0.0,0.0,50,0.0,0.0,no_show
5,7,5,9,0.3,1,0.0,0.0,50,0.0,0.0,no_show
5,7,5,9,0.3,2,0.0,0.0,50,0.0,0.0,no_show
5,7,5,9,0.5,1,0.0,0.0,50,0.0,0.0,no_show
5,7,5,9,0.5,2,0.0,0.0,50,0.0,0.0,no_show
5,7,5,9,0.7,1,0.0,0.0,50,0.0,0.0,no_show
5,7,5,9,0.7,2,0.0,0.0,50,0.0,0.0,no_show
5,7,5,12,0.3,1,0.0,0.0,50,0.0,0.0,no_show
5,7,5,12,0.3,2,0.0,0.0,50,0.0,0.0,no_show
5,7,5,12,0.5,1,0.0,0.0,50,0.0,0.0,no_show
5,7,5,12,0.5,2,0.0,0.0,50,0.0,0.0,no_show
5,7,5,12,0.7,1,0.0,0.0,50,0.0,0.0,no_show
5,7,5,12,0.7,2,0.0,0.0,50,0.0,0.0,no_show
5,7,9,5,0.3,1,0.0,0.0,50,0.0,0.0,no_show
5,7,9,5,0.3,2,0.0,0.0,50,0.0,0.0,no_show
5,7,9,5,0.5,1,0.0,0.0,50,0.0,0.0,no_show
5,7,9,5,0.5,2,0.0,0.0,50,0.0,0.0,no_show
5,7,9,5,0.7,1,0.0,0.0,50,0.0,0.0,no_show
5,7,9,5,0.7,2,0.0,0.0,50,0.0,0.0,no_show
5,7,9,9,0.3,1,0.0,0.0,50,0.0,0.0,no_show
5,7,9,9,0.3,2,0.0,0.0,50,0.0,0.0,no_show
5,7,9,9,0.5,1,0.0,0.0,50,0.0,0.0,no_show
5,7,9,9,0.5,2,0.0,0.0,50,0.0,0.0,no_show
5,7,9,9,0.7,1,0.0,0.0,50,0.0,0.0,no_show
5,7,9,9,0.7,2,0.0,0.0,50,0.0,0.0,no_show
5,7,12,12,0.3,1,0.0,0.0,50,0.0,0.0,no_show
5,7,12,12,0.3,2,0.0,0.0,50,0.0,0.0,no_show
5,7,12,12,0.5,1,0.0,0.0,50,0.0,0.0,no_show
5,7,12,12,0.5,2,0.0,0.0,50,0.0,0.0,no_show
5,7,12,12,0.7,1,0.0,0.0,50,0.0,0.0,no_show
5,7,12,12,0.7,2,0.0,0.0,50,0.0,0.0,no_show
5,10,5,9,0.3,1,0.0,0.0,50,0.0,0.0,no_show
5,10,5,9,0.3,2,1855.36,37.33727141523191,50,5.280287561742625,10.349363621015545,no_show
5,10,5,9,0.5,1,0.0,0.0,50,0.0,0.0,no_show
5,10,5,9,0.5,2,1855.36,37.33727141523191,50,5.280287561742625,10.349363621015545,no_show
5,10,5,9,0.7,1,0.0,0.0,50,0.0,0.0,no_show
5,10,5,9,0.7,2,1855.36,37.33727141523191,50,5.280287561742625,10.349363621015545,no_show
5,10,5,12,0.3,1,0.0,0.0,50,0.0,0.0,no_show
5,10,5,12,0.3,2,1855.36,37.33727141523191,50,5.280287561742625,10.349363621015545,no_show
5,10,5,12,0.5,1,0.0,0.0,50,0.0,0.0,no_show
5,10,5,12,0.5,2,1855.36,37.33727141523191,50,5.280287561742625,10.349363621015545,no_show
5,10,5,12,0.7,1,0.0,0.0,50,0.0,0.0,no_show
5,10,5,12,0.7,2,1855.36,37.33727141523191,50,5.280287561742625,10.349363621015545,no_show
5,10,9,5,0.3,1,0.0,0.0,50,0.0,0.0,no_show
5,10,9,5,0.3,2,27.7,15.153971662335165,50,2.1430952248691946,4.200466640743621,no_show
5,10,9,5,0.5,1,0.0,0.0,50,0.0,0.0,no_show
5,10,9,5,0.5,2,0.0,0.0,50,0.0,0.0,no_show
5,10,9,5,0.7,1,0.0,0.0,50,0.0,0.0,no_show
5,10,9,5,0.7,2,0.0,0.0,50,0.0,0.0,no_show
5,10,9,9,0.3,1,0.0,0.0,50,0.0,0.0,no_show
5,10,9,9,0.3,2,1855.36,37.33727141523191,50,5.280287561742625,10.349363621015545,no_show
5,10,9,9,0.5,1,0.0,0.0,50,0.0,0.0,no_show
5,10,9,9,0.5,2,1855.36,37.33727141523191,50,5.280287561742625,10.349363621015545,no_show
5,10,9,9,0.7,1,0.0,0.0,50,0.0,0.0,no_show
5,10,9,9,0.7,2,1855.36,37.33727141523191,50,5.280287561742625,10.349363621015545,no_show
5,10,12,12,0.3,1,0.0,0.0,50,0.0,0.0,no_show
5,10,12,12,0.3,2,1855.36,37.33727141523191,50,5.280287561742625,10.349363621015545,no_show
5,10,12,12,0.5,1,0.0,0.0,50,0.0,0.0,no_show
5,10,12,12,0.5,2,1855.36,37.33727141523191,50,5.280287561742625,10.349363621015545,no_show
5,10,12,12,0.7,1,0.0,0.0,50,0.0,0.0,no_show
5,10,12,12,0.7,2,1855.36,37.33727141523191,50,5.280287561742625,10.349363621015545,no_show
5,14,5,9,0.3,1,0.0,0.0,50,0.0,0.0,no_show
5,14,5,9,0.3,2,1862.56,40.82324267935049,50,5.7732783457185635,11.315625557608385,no_show
5,14,5,9,0.5,1,0.0,0.0,50,0.0,0.0,no_show
5,14,5,9,0.5,2,1862.98,41.58271324500512,50,5.880683703135757,11.526140058146083,no_show
5,14,5,9,0.7,1,0.0,0.0,50,0.0,0.0,no_show
5,14,5,9,0.7,2,1860.48,39.42144863199342,50,5.575034730375939,10.92706807153684,no_show
5,14,5,12,0.3,1,0.0,0.0,50,0.0,0.0,no_show
5,14,5,12,0.3,2,1844.46,38.686711318656435,50,5.471127183045665,10.723409278769504,no_show
5,14,5,12,0.5,1,0.0,0.0,50,0.0,0.0,no_show
5,14,5,12,0.5,2,1844.46,38.686711318656435,50,5.471127183045665,10.723409278769504,no_show
5,14,5,12,0.7,1,0.0,0.0,50,0.0,0.0,no_show
5,14,5,12,0.7,2,1844.46,38.686711318656435,50,5.471127183045665,10.723409278769504,no_show
5,14,9,5,0.3,1,0.0,0.0,50,0.0,0.0,no_show
5,14,9,5,0.3,2,27.7,15.153971662335165,50,2.1430952248691946,4.200466640743621,no_show
5,14,9,5,0.5,1,0.0,0.0,50,0.0,0.0,no_show
5,14,9,5,0.5,2,0.0,0.0,50,0.0,0.0,no_show
5,14,9,5,0.7,1,0.0,0.0,50,0.0,0.0,no_show
5,14,9,5,0.7,2,0.0,0.0,50,0.0,0.0,no_show
5,14,9,9,0.3,1,0.0,0.0,50,0.0,0.0,no_show
5,14,9,9,0.3,2,1862.56,40.82324267935049,50,5.7732783457185635,11.315625557608385,no_show
5,14,9,9,0.5,1,0.0,0.0,50,0.0,0.0,no_show
5,14,9,9,0.5,2,1862.98,41.58271324500512,50,5.880683703135757,11.526140058146083,no_show
5,14,9,9,0.7,1,0.0,0.0,50,0.0,0.0,no_show
5,14,9,9,0.7,2,1860.48,39.42144863199342,50,5.575034730375939,10.92706807153684,no_show
5,14,12,12,0.3,1,0.0,0.0,50,0.0,0.0,no_show
5,14,12,12,0.3,2,1844.46,38.686711318656435,50,5.471127183045665,10.723409278769504,no_show
5,14,12,12,0.5,1,0.0,0.0,50,0.0,0.0,no_show
5,14,12,12,0.5,2,1844.46,38.686711318656435,50,5.471127183045665,10.723409278769504,no_show
5,14,12,12,0.7,1,0.0,0.0,50,0.0,0.0,no_show
5,14,12,12,0.7,2,1844.46,38.686711318656435,50,5.471127183045665,10.723409278769504,no_show
7,2,5,9,0.3,1,0.0,0.0,50,0.0,0.0,no_show
7,2,5,9,0.3,2,0.0,0.0,50,0.0,0.0,no_show
7,2,5,9,0.5,1,0.0,0.0,50,0.0,0.0,no_show
7,2,5,9,0.5,2,0.0,0.0,50,0.0,0.0,no_show
7,2,5,9,0.7,1,0.0,0.0,50,0.0,0.0,no_show
7,2,5,9,0.7,2,0.0,0.0,50,0.0,0.0,no_show
7,2,5,12,0.3,1,0.0,0.0,50,0.0,0.0,no_show
7,2,5,12,0.3,2,0.0,0.0,50,0.0,0.0,no_show
7,2,5,12,0.5,1,0.0,0.0,50,0.0,0.0,no_show
7,2,5,12,0.5,2,0.0,0.0,50,0.0,0.0,no_show
7,2,5,12,0.7,1,0.0,0.0,50,0.0,0.0,no_show
7,2,5,12,0.7,2,0.0,0.0,50,0.0,0.0,no_show
7,2,9,5,0.3,1,0.0,0.0,50,0.0,0.0,no_show
7,2,9,5,0.3,2,0.0,0.0,50,0.0,0.0,no_show
7,2,9,5,0.5,1,0.0,0.0,50,0.0,0.0,no_show
7,2,9,5,0.5,2,0.0,0.0,50,0.0,0.0,no_show
7,2,9,5,0.7,1,0.0,0.0,50,0.0,0.0,no_show
7,2,9,5,0.7,2,0.0,0.0,50,0.0,0.0,no_show
7,2,9,9,0.3,1,0.0,0.0,50,0.0,0.0,no_show
7,2,9,9,0.3,2,0.0,0.0,50,0.0,0.0,no_show
7,2,9,9,0.5,1,0.0,0.0,50,0.0,0.0,no_show
7,2,9,9,0.5,2,0.0,0.0,50,0.0,0.0,no_show
7,2,9,9,0.7,1,0.0,0.0,50,0.0,0.0,no_show
7,2,9,9,0.7,2,0.0,0.0,50,0.0,0.0,no_show
7,2,12,12,0.3,1,0.0,0.0,50,0.0,0.0,no_show
7,2,12,12,0.3,2,0.0,0.0,50,0.0,0.0,no_show
7,2,12,12,0.5,1,0.0,0.0,50,0.0,0.0,no_show
7,2,12,12,0.5,2,0.0,0.0,50,0.0,0.0,no_show
7,2,12,12,0.7,1,0.0,0.0,50,0.0,0.0,no_show
7,2,12,12,0.7,2,0.0,0.0,50,0.0,0.0,no_show
7,5,5,9,0.3,1,0.0,0.0,50,0.0,0.0,no_show
7,5,5,9,0.3,2,0.0,0.0,50,0.0,0.0,no_show
7,5,5,9,0.5,1,0.0,0.0,50,0.0,0.0,no_show
7,5,5,9,0.5,2,0.0,0.0,50,0.0,0.0,no_show
7,5,5,9,0.7,1,0.0,0.0,50,0.0,0.0,no_show
7,5,5,9,0.7,2,0.0,0.0,50,0.0,0.0,no_show
7,5,5,12,0.3,1,0.0,0.0,50,0.0,0.0,no_show
7,5,5,12,0.3,2,0.0,0.0,50,0.0,0.0,no_show
7,5,5,12,0.5,1,0.0,0.0,50,0.0,0.0,no_show
7,5,5,12,0.5,2,0.0,0.0,50,0.0,0.0,no_show
7,5,5,12,0.7,1,0.0,0.0,50,0.0,0.0,no_show
7,5,5,12,0.7,2,0.0,0.0,50,0.0,0.0,no_show
7,5,9,5,0.3,1,0.0,0.0,50,0.0,0.0,no_show
7,5,9,5,0.3,2,0.0,0.0,50,0.0,0.0,no_show
7,5,9,5,0.5,1,0.0,0.0,50,0.0,0.0,no_show
7,5,9,5,0.5,2,0.0,0.0,50,0.0,0.0,no_show
7,5,9,5,0.7,1,0.0,0.0,50,0.0,0.0,no_show
7,5,9,5,0.7,2,0.0,0.0,50,0.0,0.0,no_show
7,5,9,9,0.3,1,0.0,0.0,50,0.0,0.0,no_show
7,5,9,9,0.3,2,0.0,0.0,50,0.0,0.0,no_show
7,5,9,9,0.5,1,0.0,0.0,50,0.0,0.0,no_show
7,5,9,9,0.5,2,0.0,0.0,50,0.0,0.0,no_show
7,5,9,9,0.7,1,0.0,0.0,50,0.0,0.0,no_show
7,5,9,9,0.7,2,0.0,0.0,50,0.0,0.0,no_show
7,5,12,12,0.3,1,0.0,0.0,50,0.0,0.0,no_show
7,5,12,12,0.3,2,0.0,0.0,50,0.0,0.0,no_show
7,5,12,12,0.5,1,0.0,0.0,50,0.0,0.0,no_show
7,5,12,12,0.5,2,0.0,0.0,50,0.0,0.0,no_show
7,5,12,12,0.7,1,0.0,0.0,50,0.0,0.0,no_show
7,5,12,12,0.7,2,0.0,0.0,50,0.0,0.0,no_show
7,7,5,9,0.3,1,0.0,0.0,50,0.0,0.0,no_show
7,7,5,9,0.3,2,0.0,0.0,50,0.0,0.0,no_show
7,7,5,9,0.5,1,0.0,0.0,50,0.0,0.0,no_show
7,7,5,9,0.5,2,0.0,0.0,50,0.0,0.0,no_show
7,7,5,9,0.7,1,0.0,0.0,50,0.0,0.0,no_show
7,7,5,9,0.7,2,0.0,0.0,50,0.0,0.0,no_show
7,7,5,12,0.3,1,0.0,0.0,50,0.0,0.0,no_show
7,7,5,12,0.3,2,0.0,0.0,50,0.0,0.0,no_show
7,7,5,12,0.5,1,0.0,0.0,50,0.0,0.0,no_show
7,7,5,12,0.5,2,0.0,0.0,50,0.0,0.0,no_show
7,7,5,12,0.7,1,0.0,0.0,50,0.0,0.0,no_show
7,7,5,12,0.7,2,0.0,0.0,50,0.0,0.0,no_show
7,7,9,5,0.3,1,0.0,0.0,50,0.0,0.0,no_show
7,7,9,5,0.3,2,0.0,0.0,50,0.0,0.0,no_show
7,7,9,5,0.5,1,0.0,0.0,50,0.0,0.0,no_show
7,7,9,5,0.5,2,0.0,0.0,50,0.0,0.0,no_show
7,7,9,5,0.7,1,0.0,0.0,50,0.0,0.0,no_show
7,7,9,5,0.7,2,0.0,0.0,50,0.0,0.0,no_show
7,7,9,9,0.3,1,0.0,0.0,50,0.0,0.0,no_show
7,7,9,9,0.3,2,0.0,0.0,50,0.0,0.0,no_show
7,7,9,9,0.5,1,0.0,0.0,50,0.0,0.0,no_show
7,7,9,9,0.5,2,0.0,0.0,50,0.0,0.0,no_show
7,7,9,9,0.7,1,0.0,0.0,50,0.0,0.0,no_show
7,7,9,9,0.7,2,0.0,0.0,50,0.0,0.0,no_show
7,7,12,12,0.3,1,0.0,0.0,50,0.0,0.0,no_show
7,7,12,12,0.3,2,0.0,0.0,50,0.0,0.0,no_show
7,7,12,12,0.5,1,0.0,0.0,50,0.0,0.0,no_show
7,7,12,12,0.5,2,0.0,0.0,50,0.0,0.0,no_show
7,7,12,12,0.7,1,0.0,0.0,50,0.0,0.0,no_show
7,7,12,12,0.7,2,0.0,0.0,50,0.0,0.0,no_show
7,10,5,9,0.3,1,0.0,0.0,50,0.0,0.0,no_show
7,10,5,9,0.3,2,1860.34,42.678489539670416,50,6.035649872860017,11.829873750805634,no_show
7,10,5,9,0.5,1,0.0,0.0,50,0.0,0.0,no_show
7,10,5,9,0.5,2,1862.44,38.928589777190936,50,5.505333962696204,10.79045456688456,no_show
7,10,5,9,0.7,1,0.0,0.0,50,0.0,0.0,no_show
7,10,5,9,0.7,2,1857.72,36.95007111091989,50,5.22552916957132,10.242037172359788,no_show
7,10,5,12,0.3,1,0.0,0.0,50,0.0,0.0,no_show
7,10,5,12,0.3,2,1860.34,42.678489539670416,50,6.035649872860017,11.829873750805634,no_show
7,10,5,12,0.5,1,0.0,0.0,50,0.0,0.0,no_show
7,10,5,12,0.5,2,1862.44,38.928589777190936,50,5.505333962696204,10.79045456688456,no_show
7,10,5,12,0.7,1,0.0,0.0,50,0.0,0.0,no_show
7,10,5,12,0.7,2,1857.72,36.95007111091989,50,5.22552916957132,10.242037172359788,no_show
7,10,9,5,0.3,1,0.0,0.0,50,0.0,0.0,no_show
7,10,9,5,0.3,2,1502.52,47.72208661637091,50,6.74892221176153,13.227887535052599,no_show
7,10,9,5,0.5,1,0.0,0.0,50,0.0,0.0,no_show
7,10,9,5,0.5,2,865.36,28.73010225373735,50,4.063050025560118,7.963578050097832,no_show
7,10,9,5,0.7,1,0.0,0.0,50,0.0,0.0,no_show
7,10,9,5,0.7,2,383.26,24.18197169591514,50,3.4198472337285506,6.702900578107959,no_show
7,10,9,9,0.3,1,0.0,0.0,50,0.0,0.0,no_show
7,10,9,9,0.3,2,1864.24,34.710793475134935,50,4.908847489326736,9.621341079080402,no_show
7,10,9,9,0.5,1,0.0,0.0,50,0.0,0.0,no_show
7,10,9,9,0.5,2,1864.24,34.710793475134935,50,4.908847489326736,9.621341079080402,no_show
7,10,9,9,0.7,1,0.0,0.0,50,0.0,0.0,no_show
7,10,9,9,0.7,2,1864.24,34.710793475134935,50,4.908847489326736,9.621341079080402,no_show
7,10,12,12,0.3,1,0.0,0.0,50,0.0,0.0,no_show
7,10,12,12,0.3,2,1864.24,34.710793475134935,50,4.908847489326736,9.621341079080402,no_show
7,10,12,12,0.5,1,0.0,0.0,50,0.0,0.0,no_show
7,10,12,12,0.5,2,1864.24,34.710793475134935,50,4.908847489326736,9.621341079080402,no_show
7,10,12,12,0.7,1,0.0,0.0,50,0.0,0.0,no_show
7,10,12,12,0.7,2,1864.24,34.710793475134935,50,4.908847489326736,9.621341079080402,no_show
7,14,5,9,0.3,1,0.0,0.0,50,0.0,0.0,no_show
7,14,5,9,0.3,2,1855.84,32.46684965515766,50,4.59150591098522,8.999351585531032,no_show
7,14,5,9,0.5,1,0.0,0.0,50,0.0,0.0,no_show
7,14,5,9,0.5,2,1868.82,46.826945844704184,50,6.6223301898091105,12.979767172025856,no_show
7,14,5,9,0.7,1,0.0,0.0,50,0.0,0.0,no_show
7,14,5,9,0.7,2,1861.56,42.919079055109876,50,6.069674368429943,11.896561762122687,no_show
7,14,5,12,0.3,1,0.0,0.0,50,0.0,0.0,no_show
7,14,5,12,0.3,2,1868.1,34.32869329982527,50,4.854810364315929,9.515428314059221,no_show
7,14,5,12,0.5,1,0.0,0.0,50,0.0,0.0,no_show
7,14,5,12,0.5,2,1858.3,41.63262555021101,50,5.887742369030905,11.539975043300574,no_show
7,14,5,12,0.7,1,0.0,0.0,50,0.0,0.0,no_show
7,14,5,12,0.7,2,1862.44,35.98534849244137,50,5.089096788473279,9.974629705407628,no_show
7,14,9,5,0.3,1,0.0,0.0,50,0.0,0.0,no_show
7,14,9,5,0.3,2,1502.52,47.72208661637091,50,6.74892221176153,13.227887535052599,no_show
7,14,9,5,0.5,1,0.0,0.0,50,0.0,0.0,no_show
7,14,9,5,0.5,2,865.36,28.73010225373735,50,4.063050025560118,7.963578050097832,no_show
7,14,9,5,0.7,1,0.0,0.0,50,0.0,0.0,no_show
7,14,9,5,0.7,2,383.26,24.18197169591514,50,3.4198472337285506,6.702900578107959,no_show
7,14,9,9,0.3,1,0.0,0.0,50,0.0,0.0,no_show
7,14,9,9,0.3,2,1869.72,42.71167693896807,50,6.04034327987868,11.839072828562212,no_show
7,14,9,9,0.5,1,0.0,0.0,50,0.0,0.0,no_show
7,14,9,9,0.5,2,1856.8,31.6782291815946,50,4.479978134057423,8.780757142752549,no_show
7,14,9,9,0.7,1,0.0,0.0,50,0.0,0.0,no_show
7,14,9,9,0.7,2,1867.74,39.59272763567386,50,5.5992572393714015,10.974544189167947,no_show
7,14,12,12,0.3,1,0.0,0.0,50,0.0,0.0,no_show
7,14,12,12,0.3,2,1861.46,41.89404029506938,50,5.924711996789206,11.612435513706844,no_show
7,14,12,12,0.5,1,0.0,0.0,50,0.0,0.0,no_show
7,14,12,12,0.5,2,1861.46,41.89404029506938,50,5.924711996789206,11.612435513706844,no_show
7,14,12,12,0.7,1,0.0,0.0,50,0.0,0.0,no_show
7,14,12,12,0.7,2,1861.46,41.89404029506938,50,5.924711996789206,11.612435513706844,no_show
10,2,5,9,0.3,1,1.2,1.6288220358559113,50,0.23035022137995856,0.45148643390471876,no_show
10,2,5,9,0.3,2,0.0,0.0,50,0.0,0.0,no_show
10,2,5,9,0.5,1,0.0,0.0,50,0.0,0.0,no_show
10,2,5,9,0.5,2,0.0,0.0,50,0.0,0.0,no_show
10,2,5,9,0.7,1,0.0,0.0,50,0.0,0.0,no_show
10,2,5,9,0.7,2,0.0,0.0,50,0.0,0.0,no_show
10,2,5,12,0.3,1,1.2,1.6288220358559113,50,0.23035022137995856,0.45148643390471876,no_show
10,2,5,12,0.3,2,0.0,0.0,50,0.0,0.0,no_show
10,2,5,12,0.5,1,0.0,0.0,50,0.0,0.0,no_show
10,2,5,12,0.5,2,0.0,0.0,50,0.0,0.0,no_show
10,2,5,12,0.7,1,0.0,0.0,50,0.0,0.0,no_show
10,2,5,12,0.7,2,0.0,0.0,50,0.0,0.0,no_show
10,2,9,5,0.3,1,1553.42,113.58501086797307,50,16.06334628517829,31.48415871894945,no_show
10,2,9,5,0.3,2,0.0,0.0,50,0.0,0.0,no_show
10,2,9,5,0.5,1,1553.42,113.58501086797307,50,16.06334628517829,31.48415871894945,no_show
10,2,9,5,0.5,2,0.0,0.0,50,0.0,0.0,no_show
10,2,9,5,0.7,1,1553.42,113.58501086797307,50,16.06334628517829,31.48415871894945,no_show
10,2,9,5,0.7,2,0.0,0.0,50,0.0,0.0,no_show
10,2,9,9,0.3,1,1553.42,113.58501086797307,50,16.06334628517829,31.48415871894945,no_show
10,2,9,9,0.3,2,0.0,0.0,50,0.0,0.0,no_show
10,2,9,9,0.5,1,1553.42,113.58501086797307,50,16.06334628517829,31.48415871894945,no_show
10,2,9,9,0.5,2,0.0,0.0,50,0.0,0.0,no_show
10,2,9,9,0.7,1,1553.42,113.58501086797307,50,16.06334628517829,31.48415871894945,no_show
10,2,9,9,0.7,2,0.0,0.0,50,0.0,0.0,no_show
10,2,12,12,0.3,1,1553.42,113.58501086797307,50,16.06334628517829,31.48415871894945,no_show
10,2,12,12,0.3,2,0.0,0.0,50,0.0,0.0,no_show
10,2,12,12,0.5,1,1553.42,113.58501086797307,50,16.06334628517829,31.48415871894945,no_show
10,2,12,12,0.5,2,0.0,0.0,50,0.0,0.0,no_show
10,2,12,12,0.7,1,1553.42,113.58501086797307,50,16.06334628517829,31.48415871894945,no_show
10,2,12,12,0.7,2,0.0,0.0,50,0.0,0.0,no_show
10,5,5,9,0.3,1,26.54,15.234507018004638,50,2.1544846440930256,4.22278990242233,no_show
10,5,5,9,0.3,2,0.0,0.0,50,0.0,0.0,no_show
10,5,5,9,0.5,1,0.0,0.0,50,0.0,0.0,no_show
10,5,5,9,0.5,2,0.0,0.0,50,0.0,0.0,no_show
10,5,5,9,0.7,1,0.0,0.0,50,0.0,0.0,no_show
10,5,5,9,0.7,2,0.0,0.0,50,0.0,0.0,no_show
10,5,5,12,0.3,1,26.54,15.234507018004638,50,2.1544846440930256,4.22278990242233,no_show
10,5,5,12,0.3,2,0.0,0.0,50,0.0,0.0,no_show
10,5,5,12,0.5,1,0.0,0.0,50,0.0,0.0,no_show
10,5,5,12,0.5,2,0.0,0.0,50,0.0,0.0,no_show
10,5,5,12,0.7,1,0.0,0.0,50,0.0,0.0,no_show
10,5,5,12,0.7,2,0.0,0.0,50,0.0,0.0,no_show
10,5,9,5,0.3,1,1852.32,38.09678330199525,50,5.387698762847054,10.559889575180227,no_show
10,5,9,5,0.3,2,0.0,0.0,50,0.0,0.0,no_show
10,5,9,5,0.5,1,1852.32,38.09678330199525,50,5.387698762847054,10.559889575180227,no_show
10,5,9,5,0.5,2,0.0,0.0,50,0.0,0.0,no_show
10,5,9,5,0.7,1,1852.32,38.09678330199525,50,5.387698762847054,10.559889575180227,no_show
10,5,9,5,0.7,2,0.0,0.0,50,0.0,0.0,no_show
10,5,9,9,0.3,1,1852.32,38.09678330199525,50,5.387698762847054,10.559889575180227,no_show
10,5,9,9,0.3,2,0.0,0.0,50,0.0,0.0,no_show
10,5,9,9,0.5,1,1852.32,38.09678330199525,50,5.387698762847054,10.559889575180227,no_show
10,5,9,9,0.5,2,0.0,0.0,50,0.0,0.0,no_show
10,5,9,9,0.7,1,1852.32,38.09678330199525,50,5.387698762847054,10.559889575180227,no_show
10,5,9,9,0.7,2,0.0,0.0,50,0.0,0.0,no_show
10,5,12,12,0.3,1,1852.32,38.09678330199525,50,5.387698762847054,10.559889575180227,no_show
10,5,12,12,0.3,2,0.0,0.0,50,0.0,0.0,no_show
10,5,12,12,0.5,1,1852.32,38.09678330199525,50,5.387698762847054,10.559889575180227,no_show
10,5,12,12,0.5,2,0.0,0.0,50,0.0,0.0,no_show
10,5,12,12,0.7,1,1852.32,38.09678330199525,50,5.387698762847054,10.559889575180227,no_show
10,5,12,12,0.7,2,0.0,0.0,50,0.0,0.0,no_show
10,7,5,9,0.3,1,1509.64,46.95319423617093,50,6.640184408553116,13.014761440764108,no_show
10,7,5,9,0.3,2,0.0,0.0,50,0.0,0.0,no_show
10,7,5,9,0.5,1,863.68,32.11550582328907,50,4.5418183897767515,8.901964043962433,no_show
10,7,5,9,0.5,2,0.0,0.0,50,0.0,0.0,no_show
10,7,5,9,0.7,1,386.74,20.824641996579786,50,2.945049114312746,5.772296264052982,no_show
10,7,5,9,0.7,2,0.0,0.0,50,0.0,0.0,no_show
10,7,5,12,0.3,1,1509.64,46.95319423617093,50,6.640184408553116,13.014761440764108,no_show
10,7,5,12,0.3,2,0.0,0.0,50,0.0,0.0,no_show
10,7,5,12,0.5,1,863.68,32.11550582328907,50,4.5418183897767515,8.901964043962433,no_show
10,7,5,12,0.5,2,0.0,0.0,50,0.0,0.0,no_show
10,7,5,12,0.7,1,386.74,20.824641996579786,50,2.945049114312746,5.772296264052982,no_show
10,7,5,12,0.7,2,0.0,0.0,50,0.0,0.0,no_show
10,7,9,5,0.3,1,1853.12,30.831100121368955,50,4.360175993452275,8.54594494716646,no_show
10,7,9,5,0.3,2,0.0,0.0,50,0.0,0.0,no_show
10,7,9,5,0.5,1,1854.84,36.338746398244375,50,5.139074799603366,10.072586607222597,no_show
10,7,9,5,0.5,2,0.0,0.0,50,0.0,0.0,no_show
10,7,9,5,0.7,1,1862.9,44.051569964378444,50,6.229832768745127,12.21047222674045,no_show
10,7,9,5,0.7,2,0.0,0.0,50,0.0,0.0,no_show
10,7,9,9,0.3,1,1855.44,41.47492972770859,50,5.865440811939655,11.496263991401722,no_show
10,7,9,9,0.3,2,0.0,0.0,50,0.0,0.0,no_show
10,7,9,9,0.5,1,1855.44,41.47492972770859,50,5.865440811939655,11.496263991401722,no_show
10,7,9,9,0.5,2,0.0,0.0,50,0.0,0.0,no_show
10,7,9,9,0.7,1,1855.44,41.47492972770859,50,5.865440811939655,11.496263991401722,no_show
10,7,9,9,0.7,2,0.0,0.0,50,0.0,0.0,no_show
10,7,12,12,0.3,1,1855.44,41.47492972770859,50,5.865440811939655,11.496263991401722,no_show
10,7,12,12,0.3,2,0.0,0.0,50,0.0,0.0,no_show
10,7,12,12,0.5,1,1855.44,41.47492972770859,50,5.865440811939655,11.496263991401722,no_show
10,7,12,12,0.5,2,0.0,0.0,50,0.0,0.0,no_show
10,7,12,12,0.7,1,1855.44,41.47492972770859,50,5.865440811939655,11.496263991401722,no_show
10,7,12,12,0.7,2,0.0,0.0,50,0.0,0.0,no_show
10,10,5,9,0.3,1,766.78,27.017220509919834,50,3.8208119662753175,7.488791453899622,no_show
10,10,5,9,0.3,2,1094.96,28.226460302781316,50,3.9918242977979115,7.823975623683906,no_show
10,10,5,9,0.5,1,619.86,23.792478660625626,50,3.3647646004329212,6.594938616848525,no_show
10,10,5,9,0.5,2,1232.16,33.44466035292405,50,4.729789226006694,9.270386882973119,no_show
10,10,5,9,0.7,1,428.88,17.912075507310476,50,2.533150011268941,4.964974022087124,no_show
10,10,5,9,0.7,2,1429.88,43.205082845349025,50,6.110121412334574,11.975837968175764,no_show
10,10,5,12,0.3,1,766.78,27.017220509919834,50,3.8208119662753175,7.488791453899622,no_show
10,10,5,12,0.3,2,1094.96,28.226460302781316,50,3.9918242977979115,7.823975623683906,no_show
10,10,5,12,0.5,1,619.86,23.792478660625626,50,3.3647646004329212,6.594938616848525,no_show
10,10,5,12,0.5,2,1232.16,33.44466035292405,50,4.729789226006694,9.270386882973119,no_show
10,10,5,12,0.7,1,428.88,17.912075507310476,50,2.533150011268941,4.964974022087124,no_show
10,10,5,12,0.7,2,1429.88,43.205082845349025,50,6.110121412334574,11.975837968175764,no_show
10,10,9,5,0.3,1,1095.86,31.437667514869954,50,4.445957576890517,8.714076850705412,no_show
10,10,9,5,0.3,2,762.72,25.744458488326032,50,3.640816235014182,7.135999820627797,no_show
10,10,9,5,0.5,1,1244.74,38.382505581239435,50,5.428105995084982,10.639087750366564,no_show
10,10,9,5,0.5,2,615.66,22.753882826310527,50,3.2178849689616595,6.307054539164852,no_show
10,10,9,5,0.7,1,1423.82,30.90319975507453,50,4.370372421435131,8.565929946012856,no_show
10,10,9,5,0.7,2,430.52,23.24425757480935,50,3.287234430958893,6.44297948467943,no_show
10,10,9,9,0.3,1,923.78,31.34878834360658,50,4.433388163949202,8.689440801340435,no_show
10,10,9,9,0.3,2,928.8,24.769962059078008,50,3.503001628341511,6.865883191549361,no_show
10,10,9,9,0.5,1,923.78,31.34878834360658,50,4.433388163949202,8.689440801340435,no_show
10,10,9,9,0.5,2,928.8,24.769962059078008,50,3.503001628341511,6.865883191549361,no_show
10,10,9,9,0.7,1,923.78,31.34878834360658,50,4.433388163949202,8.689440801340435,no_show
10,10,9,9,0.7,2,928.8,24.769962059078008,50,3.503001628341511,6.865883191549361,no_show
10,10,12,12,0.3,1,923.78,31.34878834360658,50,4.433388163949202,8.689440801340435,no_show
10,10,12,12,0.3,2,928.8,24.769962059078008,50,3.503001628341511,6.865883191549361,no_show
10,10,12,12,0.5,1,923.78,31.34878834360658,50,4.433388163949202,8.689440801340435,no_show
10,10,12,12,0.5,2,928.8,24.769962059078008,50,3.503001628341511,6.865883191549361,no_show
10,10,12,12,0.7,1,923.78,31.34878834360658,50,4.433388163949202,8.689440801340435,no_show
10,10,12,12,0.7,2,928.8,24.769962059078008,50,3.503001628341511,6.865883191549361,no_show
10,14,5,9,0.3,1,418.78,22.245650801714856,50,3.1460101067601065,6.166179809249809,no_show
10,14,5,9,0.3,2,1431.24,41.19865264291823,50,5.826369331911312,11.419683890546173,no_show
10,14,5,9,0.5,1,479.82,20.094359041933213,50,2.841771508429638,5.569872156522091,no_show
10,14,5,9,0.5,2,1378.98,32.18599644794202,50,4.551787269517186,8.921503048253685,no_show
10,14,5,9,0.7,1,393.9,17.924159958114686,50,2.5348590106910556,4.968323660954469,no_show
10,14,5,9,0.7,2,1472.08,34.83713711614344,50,4.926715178390118,9.656361749644631,no_show
10,14,5,12,0.3,1,210.42,17.243857232211646,50,2.438649676541909,4.779753366022142,no_show
10,14,5,12,0.3,2,1653.78,42.03462615414066,50,5.944593839646854,11.651403925707832,no_show
10,14,5,12,0.5,1,176.68,13.098434241993843,50,1.8523983350879842,3.630700736772449,no_show
10,14,5,12,0.5,2,1683.48,44.98899638709856,50,6.362404884818895,12.470313574245035,no_show
10,14,5,12,0.7,1,141.52,13.88324493034385,50,1.9633873270239786,3.848239160966998,no_show
10,14,5,12,0.7,2,1711.44,42.96375311390587,50,6.075992234413497,11.908944779450454,no_show
10,14,9,5,0.3,1,609.2,21.639910218984603,50,3.060345452022416,5.9982770859639345,no_show
10,14,9,5,0.3,2,1257.4,36.645572163409746,50,5.182466515441602,10.15763437026554,no_show
10,14,9,5,0.5,1,952.58,29.465365348185344,50,4.167031929568195,8.167382581953662,no_show
10,14,9,5,0.5,2,905.58,30.892235336434172,50,4.368821818480658,8.56289076422209,no_show
10,14,9,5,0.7,1,1307.8,30.849866867043147,50,4.36283001207768,8.551146823672253,no_show
10,14,9,5,0.7,2,549.06,23.573947917312513,50,3.333859686334033,6.5343649852147045,no_show
10,14,9,9,0.3,1,472.72,23.856749355180778,50,3.3738538492232246,6.6127535444775205,no_show
10,14,9,9,0.3,2,1390.66,40.527445978633104,50,5.731446375132588,11.233634895259872,no_show
10,14,9,9,0.5,1,645.8,26.03843313258308,50,3.6823905279043947,7.217485434692613,no_show
10,14,9,9,0.5,2,1215.12,33.11491432905133,50,4.683156096096753,9.178985948349636,no_show
10,14,9,9,0.7,1,772.94,25.776440754285353,50,3.6453392104416915,7.144864852465715,no_show
10,14,9,9,0.7,2,1084.92,34.14784183577076,50,4.829234104991838,9.465298845784002,no_show
10,14,12,12,0.3,1,254.5,17.498979562085488,50,2.47472942243909,4.850469667980616,no_show
10,14,12,12,0.3,2,1604.46,40.759228327797764,50,5.764225349303325,11.297881684634516,no_show
10,14,12,12,0.5,1,250.74,15.91663229686071,50,2.2509517261526044,4.411865383259104,no_show
10,14,12,12,0.5,2,1600.48,40.110683598955426,50,5.672507274169883,11.11811425737297,no_show
10,14,12,12,0.7,1,251.2,15.54585055208479,50,2.198515268938358,4.309089927119182,no_show
10,14,12,12,0.7,2,1600.56,31.40269064255224,50,4.441011100170406,8.704381756333996,no_show
14,2,5,9,0.3,1,1.2,1.6288220358559113,50,0.23035022137995856,0.45148643390471876,no_show
14,2,5,9,0.3,2,0.0,0.0,50,0.0,0.0,no_show
14,2,5,9,0.5,1,0.0,0.0,50,0.0,0.0,no_show
14,2,5,9,0.5,2,0.0,0.0,50,0.0,0.0,no_show
14,2,5,9,0.7,1,0.0,0.0,50,0.0,0.0,no_show
14,2,5,9,0.7,2,0.0,0.0,50,0.0,0.0,no_show
14,2,5,12,0.3,1,1.2,1.6288220358559113,50,0.23035022137995856,0.45148643390471876,no_show
14,2,5,12,0.3,2,0.0,0.0,50,0.0,0.0,no_show
14,2,5,12,0.5,1,0.0,0.0,50,0.0,0.0,no_show
14,2,5,12,0.5,2,0.0,0.0,50,0.0,0.0,no_show
14,2,5,12,0.7,1,0.0,0.0,50,0.0,0.0,no_show
14,2,5,12,0.7,2,0.0,0.0,50,0.0,0.0,no_show
14,2,9,5,0.3,1,1555.3,111.42788461326795,50,15.758282564662785,30.88623382673906,no_show
14,2,9,5,0.3,2,0.0,0.0,50,0.0,0.0,no_show
14,2,9,5,0.5,1,1561.04,115.88064936804237,50,16.387998595288675,32.1204772467658,no_show
14,2,9,5,0.5,2,0.0,0.0,50,0.0,0.0,no_show
14,2,9,5,0.7,1,1550.92,110.08194350443802,50,15.567937747636508,30.513157985367556,no_show
14,2,9,5,0.7,2,0.0,0.0,50,0.0,0.0,no_show
14,2,9,9,0.3,1,1555.3,111.42788461326795,50,15.758282564662785,30.88623382673906,no_show
14,2,9,9,0.3,2,0.0,0.0,50,0.0,0.0,no_show
14,2,9,9,0.5,1,1561.04,115.88064936804237,50,16.387998595288675,32.1204772467658,no_show
14,2,9,9,0.5,2,0.0,0.0,50,0.0,0.0,no_show
14,2,9,9,0.7,1,1550.92,110.08194350443802,50,15.567937747636508,30.513157985367556,no_show
14,2,9,9,0.7,2,0.0,0.0,50,0.0,0.0,no_show
14,2,12,12,0.3,1,1558.54,114.16586751793402,50,16.14549182039523,31.645163967974646,no_show
14,2,12,12,0.3,2,0.0,0.0,50,0.0,0.0,no_show
14,2,12,12,0.5,1,1558.54,114.16586751793402,50,16.14549182039523,31.645163967974646,no_show
14,2,12,12,0.5,2,0.0,0.0,50,0.0,0.0,no_show
14,2,12,12,0.7,1,1558.54,114.16586751793402,50,16.14549182039523,31.645163967974646,no_show
14,2,12,12,0.7,2,0.0,0.0,50,0.0,0.0,no_show
14,5,5,9,0.3,1,26.54,15.234507018004638,50,2.1544846440930256,4.22278990242233,no_show
14,5,5,9,0.3,2,0.0,0.0,50,0.0,0.0,no_show
14,5,5,9,0.5,1,0.0,0.0,50,0.0,0.0,no_show
14,5,5,9,0.5,2,0.0,0.0,50,0.0,0.0,no_show
14,5,5,9,0.7,1,0.0,0.0,50,0.0,0.0,no_show
14,5,5,9,0.7,2,0.0,0.0,50,0.0,0.0,no_show
14,5,5,12,0.3,1,26.54,15.234507018004638,50,2.1544846440930256,4.22278990242233,no_show
14,5,5,12,0.3,2,0.0,0.0,50,0.0,0.0,no_show
14,5,5,12,0.5,1,0.0,0.0,50,0.0,0.0,no_show
14,5,5,12,0.5,2,0.0,0.0,50,0.0,0.0,no_show
14,5,5,12,0.7,1,0.0,0.0,50,0.0,0.0,no_show
14,5,5,12,0.7,2,0.0,0.0,50,0.0,0.0,no_show
14,5,9,5,0.3,1,1867.64,38.7681544043351,50,5.482644974678493,10.745984150369846,no_show
14,5,9,5,0.3,2,0.0,0.0,50,0.0,0.0,no_show
14,5,9,5,0.5,1,1860.5,33.295369537715935,50,4.708676316446188,9.229005580234528,no_show
14,5,9,5,0.5,2,0.0,0.0,50,0.0,0.0,no_show
14,5,9,5,0.7,1,1854.24,39.059117935221664,50,5.523793431832067,10.826635126390851,no_show
14,5,9,5,0.7,2,0.0,0.0,50,0.0,0.0,no_show
14,5,9,9,0.3,1,1867.64,38.7681544043351,50,5.482644974678493,10.745984150369846,no_show
14,5,9,9,0.3,2,0.0,0.0,50,0.0,0.0,no_show
14,5,9,9,0.5,1,1860.5,33.295369537715935,50,4.708676316446188,9.229005580234528,no_show
14,5,9,9,0.5,2,0.0,0.0,50,0.0,0.0,no_show
14,5,9,9,0.7,1,1854.24,39.059117935221664,50,5.523793431832067,10.826635126390851,no_show
14,5,9,9,0.7,2,0.0,0.0,50,0.0,0.0,no_show
14,5,12,12,0.3,1,1863.88,38.231112450250194,50,5.406695773175471,10.597123715423923,no_show
14,5,12,12,0.3,2,0.0,0.0,50,0.0,0.0,no_show
14,5,12,12,0.5,1,1863.88,38.231112450250194,50,5.406695773175471,10.597123715423923,no_show
14,5,12,12,0.5,2,0.0,0.0,50,0.0,0.0,no_show
14,5,12,12,0.7,1,1863.88,38.231112450250194,50,5.406695773175471,10.597123715423923,no_show
14,5,12,12,0.7,2,0.0,0.0,50,0.0,0.0,no_show
14,7,5,9,0.3,1,1509.64,46.95319423617093,50,6.640184408553116,13.014761440764108,no_show
14,7,5,9,0.3,2,0.0,0.0,50,0.0,0.0,no_show
14,7,5,9,0.5,1,863.68,32.11550582328907,50,4.5418183897767515,8.901964043962433,no_show
14,7,5,9,0.5,2,0.0,0.0,50,0.0,0.0,no_show
14,7,5,9,0.7,1,386.74,20.824641996579786,50,2.945049114312746,5.772296264052982,no_show
14,7,5,9,0.7,2,0.0,0.0,50,0.0,0.0,no_show
14,7,5,12,0.3,1,1509.64,46.95319423617093,50,6.640184408553116,13.014761440764108,no_show
14,7,5,12,0.3,2,0.0,0.0,50,0.0,0.0,no_show
14,7,5,12,0.5,1,863.68,32.11550582328907,50,4.5418183897767515,8.901964043962433,no_show
14,7,5,12,0.5,2,0.0,0.0,50,0.0,0.0,no_show
14,7,5,12,0.7,1,386.74,20.824641996579786,50,2.945049114312746,5.772296264052982,no_show
14,7,5,12,0.7,2,0.0,0.0,50,0.0,0.0,no_show
14,7,9,5,0.3,1,1865.08,41.648597987035735,50,5.890001212709072,11.544402376909781,no_show
14,7,9,5,0.3,2,0.0,0.0,50,0.0,0.0,no_show
14,7,9,5,0.5,1,1854.5,38.28797967711405,50,5.414738013524013,10.612886506507065,no_show
14,7,9,5,0.5,2,0.0,0.0,50,0.0,0.0,no_show
14,7,9,5,0.7,1,1855.72,33.936338960483276,50,4.7993230815205905,9.406673239780357,no_show
14,7,9,5,0.7,2,0.0,0.0,50,0.0,0.0,no_show
14,7,9,9,0.3,1,1862.24,41.566057581362514,50,5.878328236594387,11.521523343724999,no_show
14,7,9,9,0.3,2,0.0,0.0,50,0.0,0.0,no_show
14,7,9,9,0.5,1,1866.9,44.54589470079008,50,6.299740843390111,12.347492053044618,no_show
14,7,9,9,0.5,2,0.0,0.0,50,0.0,0.0,no_show
14,7,9,9,0.7,1,1862.66,33.49481226965739,50,4.736881778089023,9.284288285054485,no_show
14,7,9,9,0.7,2,0.0,0.0,50,0.0,0.0,no_show
14,7,12,12,0.3,1,1867.94,34.46110496054998,50,4.873536200957252,9.552130953876214,no_show
14,7,12,12,0.3,2,0.0,0.0,50,0.0,0.0,no_show
14,7,12,12,0.5,1,1867.94,34.46110496054998,50,4.873536200957252,9.552130953876214,no_show
14,7,12,12,0.5,2,0.0,0.0,50,0.0,0.0,no_show
14,7,12,12,0.7,1,1867.94,34.46110496054998,50,4.873536200957252,9.552130953876214,no_show
14,7,12,12,0.7,2,0.0,0.0,50,0.0,0.0,no_show
14,10,5,9,0.3,1,1252.26,37.940775545309975,50,5.365635934313082,10.51664643125364,no_show
14,10,5,9,0.3,2,607.84,23.833915125385513,50,3.3706246014769436,6.6064242188948095,no_show
14,10,5,9,0.5,1,910.98,34.90248222270333,50,4.935956371983289,9.674474489087245,no_show
14,10,5,9,0.5,2,954.78,32.72662898769072,50,4.628244256514469,9.071358742768359,no_show
14,10,5,9,0.7,1,548.04,20.21310950641607,50,2.8585653601706142,5.602788105934404,no_show
14,10,5,9,0.7,2,1301.06,39.99408629754543,50,5.656017925670871,11.085795134314907,no_show
14,10,5,12,0.3,1,1252.26,37.940775545309975,50,5.365635934313082,10.51664643125364,no_show
14,10,5,12,0.3,2,607.84,23.833915125385513,50,3.3706246014769436,6.6064242188948095,no_show
14,10,5,12,0.5,1,910.98,34.90248222270333,50,4.935956371983289,9.674474489087245,no_show
14,10,5,12,0.5,2,954.78,32.72662898769072,50,4.628244256514469,9.071358742768359,no_show
14,10,5,12,0.7,1,548.04,20.21310950641607,50,2.8585653601706142,5.602788105934404,no_show
14,10,5,12,0.7,2,1301.06,39.99408629754543,50,5.656017925670871,11.085795134314907,no_show
14,10,9,5,0.3,1,1437.76,38.15786756545568,50,5.396337382230386,10.576821269171557,no_show
14,10,9,5,0.3,2,424.84,17.912895822135905,50,2.5332660213040947,4.965201401756025,no_show
14,10,9,5,0.5,1,1386.88,22.049702668179048,50,3.118298855963303,6.111865757688074,no_show
14,10,9,5,0.5,2,477.9,22.55808828200598,50,3.1901954389622444,6.252783060365999,no_show
14,10,9,5,0.7,1,1465.6,34.07554632200134,50,4.8190099753846924,9.445259551753997,no_show
14,10,9,5,0.7,2,394.0,22.13778743806754,50,3.130755923584785,6.136281610226178,no_show
14,10,9,9,0.3,1,1385.34,39.519878748884494,50,5.588954851001271,10.954351507962492,no_show
14,10,9,9,0.3,2,473.72,19.6573089693978,50,2.7799632944280654,5.448728057079008,no_show
14,10,9,9,0.5,1,1219.64,32.62011399021613,50,4.613180761111999,9.041834291779518,no_show
14,10,9,9,0.5,2,647.6,21.717105080125762,50,3.0712624539795494,6.019674409799917,no_show
14,10,9,9,0.7,1,1087.84,29.28701042427916,50,4.14180873433778,8.117945119302048,no_show
14,10,9,9,0.7,2,776.58,25.35630984547223,50,3.585923727520126,7.028410505939447,no_show
14,10,12,12,0.3,1,1609.1,42.269905345992754,50,5.977867342052995,11.716619990423869,no_show
14,10,12,12,0.3,2,251.94,14.09068298340345,50,1.9927234978228945,3.905738055732873,no_show
14,10,12,12,0.5,1,1595.34,36.141789933425194,50,5.11122094922893,10.017993060488703,no_show
14,10,12,12,0.5,2,251.48,14.934195796280184,50,2.11201422382347,4.1395478786940005,no_show
14,10,12,12,0.7,1,1608.78,44.288612808370914,50,6.2633556892288915,12.276177150888627,no_show
14,10,12,12,0.7,2,252.7,18.584885234611303,50,2.628299675393478,5.151467363771217,no_show
14,14,5,9,0.3,1,877.88,28.42938979439467,50,4.020522861722419,7.8802248089759415,no_show
14,14,5,9,0.3,2,974.52,31.070847285202984,50,4.394081362515732,8.612399470530834,no_show
14,14,5,9,0.5,1,849.4,28.217088468384766,50,3.99049892026712,7.821377883723555,no_show
14,14,5,9,0.5,2,1024.3,31.090552407115432,50,4.396868087581412,8.617861451659568,no_show
14,14,5,9,0.7,1,546.4,25.037115306223725,50,3.54078280287606,6.939934293637077,no_show
14,14,5,9,0.7,2,1314.34,32.11243639820207,50,4.541384307518079,8.901113242735436,no_show
14,14,5,12,0.3,1,849.1,27.577164466275327,50,3.8999999999999964,7.643999999999993,no_show
14,14,5,12,0.3,2,1008.32,28.906210052371737,50,4.087955429286961,8.012392641402442,no_show
14,14,5,12,0.5,1,709.38,26.978366238487457,50,3.815317142513738,7.478021599326926,no_show
14,14,5,12,0.5,2,1137.4,31.628584333459752,50,4.472957292303998,8.766996292915836,no_show
14,14,5,12,0.7,1,456.98,22.810210746192464,50,3.22585093978539,6.322667841979364,no_show
14,14,5,12,0.7,2,1408.16,36.85457355385805,50,5.212023775534285,10.215566600047199,no_show
14,14,9,5,0.3,1,973.98,29.694010940159043,50,4.199367299282797,8.230759906594283,no_show
14,14,9,5,0.3,2,880.42,25.033927998226897,50,3.5403320494564023,6.939050816934548,no_show
14,14,9,5,0.5,1,1012.58,32.587771589092384,50,4.608606854881107,9.03286943556697,no_show
14,14,9,5,0.5,2,837.76,23.204116453943346,50,3.2815576192051368,6.431852933642068,no_show
14,14,9,5,0.7,1,1310.52,34.97710038039757,50,4.946508973044339,9.695157587166904,no_show
14,14,9,5,0.7,2,544.94,20.59463968302116,50,2.9125218751915662,5.7085428753754694,no_show
14,14,9,9,0.3,1,936.72,30.151346130303825,50,4.26404426212812,8.357526753771115,no_show
14,14,9,9,0.3,2,923.46,31.86848612914122,50,4.506884529613037,8.833493678041552,no_show
14,14,9,9,0.5,1,923.74,31.65103731736617,50,4.476132623739618,8.773219942529652,no_show
14,14,9,9,0.5,2,924.9,27.988518053965343,50,3.958174182264201,7.758021397237834,no_show
14,14,9,9,0.7,1,930.98,31.006575997714414,50,4.38499202987198,8.594584378549081,no_show
14,14,9,9,0.7,2,921.86,30.191234029845457,50,4.269685262978756,8.368583115438362,no_show
14,14,12,12,0.3,1,914.56,30.470567933730422,50,4.30918904250923,8.44601052331809,no_show
14,14,12,12,0.3,2,931.98,28.620308188702758,50,4.047522799976119,7.933144687953193,no_show
14,14,12,12,0.5,1,931.04,28.58782386732833,50,4.042928823190898,7.924140493454161,no_show
14,14,12,12,0.5,2,926.62,26.64880439175845,50,3.7687100591852496,7.3866717160030895,no_show
14,14,12,12,0.7,1,922.08,30.894052000014362,50,4.369078733507995,8.56339431767567,no_show
14,14,12,12,0.7,2,929.52,28.88134769878236,50,4.084439361523099,8.005501148585275,no_show
2,2,5,9,0.3,1,5843.96,56.43271594183125,50,7.980791224648612,15.642350800311279,served
2,2,5,9,0.3,2,5836.04,56.43271594183125,50,7.980791224648612,15.642350800311279,served
2,2,5,9,0.5,1,5843.96,56.43271594183125,50,7.980791224648612,15.642350800311279,served
2,2,5,9,0.5,2,5836.04,56.43271594183125,50,7.980791224648612,15.642350800311279,served
2,2,5,9,0.7,1,5843.96,56.43271594183125,50,7.980791224648612,15.642350800311279,served
2,2,5,9,0.7,2,5836.04,56.43271594183125,50,7.980791224648612,15.642350800311279,served
2,2,5,12,0.3,1,5843.96,56.43271594183125,50,7.980791224648612,15.642350800311279,served
2,2,5,12,0.3,2,5836.04,56.43271594183125,50,7.980791224648612,15.642350800311279,served
2,2,5,12,0.5,1,5843.96,56.43271594183125,50,7.980791224648612,15.642350800311279,served
2,2,5,12,0.5,2,5836.04,56.43271594183125,50,7.980791224648612,15.642350800311279,served
2,2,5,12,0.7,1,5843.96,56.43271594183125,50,7.980791224648612,15.642350800311279,served
2,2,5,12,0.7,2,5836.04,56.43271594183125,50,7.980791224648612,15.642350800311279,served
2,2,9,5,0.3,1,5843.96,56.43271594183125,50,7.980791224648612,15.642350800311279,served
2,2,9,5,0.3,2,5836.04,56.43271594183125,50,7.980791224648612,15.642350800311279,served
2,2,9,5,0.5,1,5843.96,56.43271594183125,50,7.980791224648612,15.642350800311279,served
2,2,9,5,0.5,2,5836.04,56.43271594183125,50,7.980791224648612,15.642350800311279,served
2,2,9,5,0.7,1,5843.96,56.43271594183125,50,7.980791224648612,15.642350800311279,served
2,2,9,5,0.7,2,5836.04,56.43271594183125,50,7.980791224648612,15.642350800311279,served
2,2,9,9,0.3,1,5843.96,56.43271594183125,50,7.980791224648612,15.642350800311279,served
2,2,9,9,0.3,2,5836.04,56.43271594183125,50,7.980791224648612,15.642350800311279,served
2,2,9,9,0.5,1,5843.96,56.43271594183125,50,7.980791224648612,15.642350800311279,served
2,2,9,9,0.5,2,5836.04,56.43271594183125,50,7.980791224648612,15.642350800311279,served
2,2,9,9,0.7,1,5843.96,56.43271594183125,50,7.980791224648612,15.642350800311279,served
2,2,9,9,0.7,2,5836.04,56.43271594183125,50,7.980791224648612,15.642350800311279,served
2,2,12,12,0.3,1,5843.96,56.43271594183125,50,7.980791224648612,15.642350800311279,served
2,2,12,12,0.3,2,5836.04,56.43271594183125,50,7.980791224648612,15.642350800311279,served
2,2,12,12,0.5,1,5843.96,56.43271594183125,50,7.980791224648612,15.642350800311279,served
2,2,12,12,0.5,2,5836.04,56.43271594183125,50,7.980791224648612,15.642350800311279,served
2,2,12,12,0.7,1,5843.96,56.43271594183125,50,7.980791224648612,15.642350800311279,served
2,2,12,12,0.7,2,5836.04,56.43271594183125,50,7.980791224648612,15.642350800311279,served
2,5,5,9,0.3,1,580.54,22.965999713862733,50,3.2478828268801294,6.3658503406850535,served
2,5,5,9,0.3,2,11099.2,21.329293835244734,50,3.016417661764395,5.912178617058214,served
2,5,5,9,0.5,1,580.54,22.965999713862733,50,3.2478828268801294,6.3658503406850535,served
2,5,5,9,0.5,2,11099.2,21.329293835244734,50,3.016417661764395,5.912178617058214,served
2,5,5,9,0.7,1,580.54,22.965999713862733,50,3.2478828268801294,6.3658503406850535,served
2,5,5,9,0.7,2,11099.2,21.329293835244734,50,3.016417661764395,5.912178617058214,served
2,5,5,12,0.3,1,580.54,22.965999713862733,50,3.2478828268801294,6.3658503406850535,served
2,5,5,12,0.3,2,11099.2,21.329293835244734,50,3.016417661764395,5.912178617058214,served
2,5,5,12,0.5,1,580.54,22.965999713862733,50,3.2478828268801294,6.3658503406850535,served
2,5,5,12,0.5,2,11099.2,21.329293835244734,50,3.016417661764395,5.912178617058214,served
2,5,5,12,0.7,1,580.54,22.965999713862733,50,3.2478828268801294,6.3658503406850535,served
2,5,5,12,0.7,2,11099.2,21.329293835244734,50,3.016417661764395,5.912178617058214,served
2,5,9,5,0.3,1,580.54,22.965999713862733,50,3.2478828268801294,6.3658503406850535,served
2,5,9,5,0.3,2,11099.2,21.329293835244734,50,3.016417661764395,5.912178617058214,served
2,5,9,5,0.5,1,580.54,22.965999713862733,50,3.2478828268801294,6.3658503406850535,served
2,5,9,5,0.5,2,11099.2,21.329293835244734,50,3.016417661764395,5.912178617058214,served
2,5,9,5,0.7,1,580.54,22.965999713862733,50,3.2478828268801294,6.3658503406850535,served
2,5,9,5,0.7,2,11099.2,21.329293835244734,50,3.016417661764395,5.912178617058214,served
2,5,9,9,0.3,1,580.54,22.965999713862733,50,3.2478828268801294,6.3658503406850535,served
2,5,9,9,0.3,2,11099.2,21.329293835244734,50,3.016417661764395,5.912178617058214,served
2,5,9,9,0.5,1,580.54,22.965999713862733,50,3.2478828268801294,6.3658503406850535,served
2,5,9,9,0.5,2,11099.2,21.329293835244734,50,3.016417661764395,5.912178617058214,served
2,5,9,9,0.7,1,580.54,22.965999713862733,50,3.2478828268801294,6.3658503406850535,served
2,5,9,9,0.7,2,11099.2,21.329293835244734,50,3.016417661764395,5.912178617058214,served
2,5,12,12,0.3,1,580.54,22.965999713862733,50,3.2478828268801294,6.3658503406850535,served
2,5,12,12,0.3,2,11099.2,21.329293835244734,50,3.016417661764395,5.912178617058214,served
2,5,12,12,0.5,1,580.54,22.965999713862733,50,3.2478828268801294,6.3658503406850535,served
2,5,12,12,0.5,2,11099.2,21.329293835244734,50,3.016417661764395,5.912178617058214,served
2,5,12,12,0.7,1,580.54,22.965999713862733,50,3.2478828268801294,6.3658503406850535,served
2,5,12,12,0.7,2,11099.2,21.329293835244734,50,3.016417661764395,5.912178617058214,served
2,7,5,9,0.3,1,583.58,23.392908396890423,50,3.3082568318233894,6.484183390373843,served
2,7,5,9,0.3,2,11096.32,24.992602987316967,50,3.5344878103669983,6.9275961083193165,served
2,7,5,9,0.5,1,583.58,23.392908396890423,50,3.3082568318233894,6.484183390373843,served
2,7,5,9,0.5,2,11096.32,24.992602987316967,50,3.5344878103669983,6.9275961083193165,served
2,7,5,9,0.7,1,583.58,23.392908396890423,50,3.3082568318233894,6.484183390373843,served
2,7,5,9,0.7,2,11096.32,24.992602987316967,50,3.5344878103669983,6.9275961083193165,served
2,7,5,12,0.3,1,583.58,23.392908396890423,50,3.3082568318233894,6.484183390373843,served
2,7,5,12,0.3,2,11096.32,24.992602987316967,50,3.5344878103669983,6.9275961083193165,served
2,7,5,12,0.5,1,583.58,23.392908396890423,50,3.3082568318233894,6.484183390373843,served
2,7,5,12,0.5,2,11096.32,24.992602987316967,50,3.5344878103669983,6.9275961083193165,served
2,7,5,12,0.7,1,583.58,23.392908396890423,50,3.3082568318233894,6.484183390373843,served
2,7,5,12,0.7,2,11096.32,24.992602987316967,50,3.5344878103669983,6.9275961083193165,served
2,7,9,5,0.3,1,582.76,24.946931429638845,50,3.528028876738688,6.914936598407828,served
2,7,9,5,0.3,2,11097.02,27.764674369730127,50,3.9265179048545007,7.6959750935148215,served
2,7,9,5,0.5,1,587.14,22.622915959942304,50,3.199363457097715,6.270752375911521,served
2,7,9,5,0.5,2,11093.48,21.321867667170523,50,3.0153674430036936,5.910120188287239,served
2,7,9,5,0.7,1,585.22,24.585784842598173,50,3.4769550365989206,6.814831871733884,served
2,7,9,5,0.7,2,11094.84,26.264245891418625,50,3.714325274514606,7.280077538048627,served
2,7,9,9,0.3,1,583.58,23.392908396890423,50,3.3082568318233894,6.484183390373843,served
2,7,9,9,0.3,2,11096.32,24.992602987316967,50,3.5344878103669983,6.9275961083193165,served
2,7,9,9,0.5,1,583.58,23.392908396890423,50,3.3082568318233894,6.484183390373843,served
2,7,9,9,0.5,2,11096.32,24.992602987316967,50,3.5344878103669983,6.9275961083193165,served
2,7,9,9,0.7,1,583.58,23.392908396890423,50,3.3082568318233894,6.484183390373843,served
2,7,9,9,0.7,2,11096.32,24.992602987316967,50,3.5344878103669983,6.9275961083193165,served
2,7,12,12,0.3,1,583.58,23.392908396890423,50,3.3082568318233894,6.484183390373843,served
2,7,12,12,0.3,2,11096.32,24.992602987316967,50,3.5344878103669983,6.9275961083193165,served
2,7,12,12,0.5,1,583.58,23.392908396890423,50,3.3082568318233894,6.484183390373843,served
2,7,12,12,0.5,2,11096.32,24.992602987316967,50,3.5344878103669983,6.9275961083193165,served
2,7,12,12,0.7,1,583.58,23.392908396890423,50,3.3082568318233894,6.484183390373843,served
2,7,12,12,0.7,2,11096.32,24.992602987316967,50,3.5344878103669983,6.9275961083193165,served
2,10,5,9,0.3,1,579.64,24.842984473509215,50,3.5133285572260955,6.886123972163147,served
2,10,5,9,0.3,2,9591.9,122.36783791136511,50,17.305425597252512,33.91863417061492,served
2,10,5,9,0.5,1,579.64,24.842984473509215,50,3.5133285572260955,6.886123972163147,served
2,10,5,9,0.5,2,9591.9,122.36783791136511,50,17.305425597252512,33.91863417061492,served
2,10,5,9,0.7,1,579.64,24.842984473509215,50,3.5133285572260955,6.886123972163147,served
2,10,5,9,0.7,2,9591.9,122.36783791136511,50,17.305425597252512,33.91863417061492,served
2,10,5,12,0.3,1,579.64,24.842984473509215,50,3.5133285572260955,6.886123972163147,served
2,10,5,12,0.3,2,9591.9,122.36783791136511,50,17.305425597252512,33.91863417061492,served
2,10,5,12,0.5,1,579.64,24.842984473509215,50,3.5133285572260955,6.886123972163147,served
2,10,5,12,0.5,2,9591.9,122.36783791136511,50,17.305425597252512,33.91863417061492,served
2,10,5,12,0.7,1,579.64,24.842984473509215,50,3.5133285572260955,6.886123972163147,served
2,10,5,12,0.7,2,9591.9,122.36783791136511,50,17.305425597252512,33.91863417061492,served
2,10,9,5,0.3,1,585.86,24.125530553540067,50,3.4118652508262843,6.687255891619517,served
2,10,9,5,0.3,2,11092.56,26.39817557084941,50,3.7332657914201355,7.317200951183465,served
2,10,9,5,0.5,1,587.14,22.622915959942304,50,3.199363457097715,6.270752375911521,served
2,10,9,5,0.5,2,11093.48,21.321867667170523,50,3.0153674430036936,5.910120188287239,served
2,10,9,5,0.7,1,585.22,24.585784842598173,50,3.4769550365989206,6.814831871733884,served
2,10,9,5,0.7,2,11094.84,26.264245891418625,50,3.714325274514606,7.280077538048627,served
2,10,9,9,0.3,1,579.64,24.842984473509215,50,3.5133285572260955,6.886123972163147,served
2,10,9,9,0.3,2,9591.9,122.36783791136511,50,17.305425597252512,33.91863417061492,served
2,10,9,9,0.5,1,579.64,24.842984473509215,50,3.5133285572260955,6.886123972163147,served
2,10,9,9,0.5,2,9591.9,122.36783791136511,50,17.305425597252512,33.91863417061492,served
2,10,9,9,0.7,1,579.64,24.842984473509215,50,3.5133285572260955,6.886123972163147,served
2,10,9,9,0.7,2,9591.9,122.36783791136511,50,17.305425597252512,33.91863417061492,served
2,10,12,12,0.3,1,579.64,24.842984473509215,50,3.5133285572260955,6.886123972163147,served
2,10,12,12,0.3,2,9591.9,122.36783791136511,50,17.305425597252512,33.91863417061492,served
2,10,12,12,0.5,1,579.64,24.842984473509215,50,3.5133285572260955,6.886123972163147,served
2,10,12,12,0.5,2,9591.9,122.36783791136511,50,17.305425597252512,33.91863417061492,served
2,10,12,12,0.7,1,579.64,24.842984473509215,50,3.5133285572260955,6.886123972163147,served
2,10,12,12,0.7,2,9591.9,122.36783791136511,50,17.305425597252512,33.91863417061492,served
2,14,5,9,0.3,1,579.88,24.756479259097457,50,3.5010948724823856,6.862145950065476,served
2,14,5,9,0.3,2,9592.16,123.27857287709095,50,17.4342229712782,34.17107702370527,served
2,14,5,9,0.5,1,579.28,24.721336731574993,50,3.4961249685785516,6.852404938413961,served
2,14,5,9,0.5,2,9592.94,123.82581742602994,50,17.511615037582626,34.322765473661946,served
2,14,5,9,0.7,1,579.4,24.723780174610226,50,3.496470523606483,6.853082226268707,served
2,14,5,9,0.7,2,9594.0,121.146057909198,50,17.132639812322417,33.57997403215194,served
2,14,5,12,0.3,1,579.44,24.966230253308666,50,3.5307581425558587,6.920285959409483,served
2,14,5,12,0.3,2,9582.98,123.87114602007411,50,17.518025468828682,34.335329918904215,served
2,14,5,12,0.5,1,579.44,24.966230253308666,50,3.5307581425558587,6.920285959409483,served
2,14,5,12,0.5,2,9582.98,123.87114602007411,50,17.518025468828682,34.335329918904215,served
2,14,5,12,0.7,1,579.44,24.966230253308666,50,3.5307581425558587,6.920285959409483,served
2,14,5,12,0.7,2,9582.98,123.87114602007411,50,17.518025468828682,34.335329918904215,served
2,14,9,5,0.3,1,585.86,24.125530553540067,50,3.4118652508262843,6.687255891619517,served
2,14,9,5,0.3,2,11092.56,26.39817557084941,50,3.7332657914201355,7.317200951183465,served
2,14,9,5,0.5,1,587.14,22.622915959942304,50,3.199363457097715,6.270752375911521,served
2,14,9,5,0.5,2,11093.48,21.321867667170523,50,3.0153674430036936,5.910120188287239,served
2,14,9,5,0.7,1,585.22,24.585784842598173,50,3.4769550365989206,6.814831871733884,served
2,14,9,5,0.7,2,11094.84,26.264245891418625,50,3.714325274514606,7.280077538048627,served
2,14,9,9,0.3,1,579.88,24.756479259097457,50,3.5010948724823856,6.862145950065476,served
2,14,9,9,0.3,2,9592.16,123.27857287709095,50,17.4342229712782,34.17107702370527,served
2,14,9,9,0.5,1,579.28,24.721336731574993,50,3.4961249685785516,6.852404938413961,served
2,14,9,9,0.5,2,9592.94,123.82581742602994,50,17.511615037582626,34.322765473661946,served
2,14,9,9,0.7,1,579.4,24.723780174610226,50,3.496470523606483,6.853082226268707,served
2,14,9,9,0.7,2,9594.0,121.146057909198,50,17.132639812322417,33.57997403215194,served
2,14,12,12,0.3,1,579.44,24.966230253308666,50,3.5307581425558587,6.920285959409483,served
2,14,12,12,0.3,2,9582.98,123.87114602007411,50,17.518025468828682,34.335329918904215,served
2,14,12,12,0.5,1,579.44,24.966230253308666,50,3.5307581425558587,6.920285959409483,served
2,14,12,12,0.5,2,9582.98,123.87114602007411,50,17.518025468828682,34.335329918904215,served
2,14,12,12,0.7,1,579.44,24.966230253308666,50,3.5307581425558587,6.920285959409483,served
2,14,12,12,0.7,2,9582.98,123.87114602007411,50,17.518025468828682,34.335329918904215,served
5,2,5,9,0.3,1,11098.6,24.70726572471818,50,3.4941350277052368,6.848504654302264,served
5,2,5,9,0.3,2,580.06,22.490279079220528,50,3.1806057695389556,6.233987308296353,served
5,2,5,9,0.5,1,11098.6,24.70726572471818,50,3.4941350277052368,6.848504654302264,served
5,2,5,9,0.5,2,580.06,22.490279079220528,50,3.1806057695389556,6.233987308296353,served
5,2,5,9,0.7,1,11098.6,24.70726572471818,50,3.4941350277052368,6.848504654302264,served
5,2,5,9,0.7,2,580.06,22.490279079220528,50,3.1806057695389556,6.233987308296353,served
5,2,5,12,0.3,1,11098.6,24.70726572471818,50,3.4941350277052368,6.848504654302264,served
5,2,5,12,0.3,2,580.06,22.490279079220528,50,3.1806057695389556,6.233987308296353,served
5,2,5,12,0.5,1,11098.6,24.70726572471818,50,3.4941350277052368,6.848504654302264,served
5,2,5,12,0.5,2,580.06,22.490279079220528,50,3.1806057695389556,6.233987308296353,served
5,2,5,12,0.7,1,11098.6,24.70726572471818,50,3.4941350277052368,6.848504654302264,served
5,2,5,12,0.7,2,580.06,22.490279079220528,50,3.1806057695389556,6.233987308296353,served
5,2,9,5,0.3,1,11098.6,24.70726572471818,50,3.4941350277052368,6.848504654302264,served
5,2,9,5,0.3,2,580.06,22.490279079220528,50,3.1806057695389556,6.233987308296353,served
5,2,9,5,0.5,1,11098.6,24.70726572471818,50,3.4941350277052368,6.848504654302264,served
5,2,9,5,0.5,2,580.06,22.490279079220528,50,3.1806057695389556,6.233987308296353,served
5,2,9,5,0.7,1,11098.6,24.70726572471818,50,3.4941350277052368,6.848504654302264,served
5,2,9,5,0.7,2,580.06,22.490279079220528,50,3.1806057695389556,6.233987308296353,served
5,2,9,9,0.3,1,11098.6,24.70726572471818,50,3.4941350277052368,6.848504654302264,served
5,2,9,9,0.3,2,580.06,22.490279079220528,50,3.1806057695389556,6.233987308296353,served
5,2,9,9,0.5,1,11098.6,24.70726572471818,50,3.4941350277052368,6.848504654302264,served
5,2,9,9,0.5,2,580.06,22.490279079220528,50,3.1806057695389556,6.233987308296353,served
5,2,9,9,0.7,1,11098.6,24.70726572471818,50,3.4941350277052368,6.848504654302264,served
5,2,9,9,0.7,2,580.06,22.490279079220528,50,3.1806057695389556,6.233987308296353,served
5,2,12,12,0.3,1,11098.6,24.70726572471818,50,3.4941350277052368,6.848504654302264,served
5,2,12,12,0.3,2,580.06,22.490279079220528,50,3.1806057695389556,6.233987308296353,served
5,2,12,12,0.5,1,11098.6,24.70726572471818,50,3.4941350277052368,6.848504654302264,served
5,2,12,12,0.5,2,580.06,22.490279079220528,50,3.1806057695389556,6.233987308296353,served
5,2,12,12,0.7,1,11098.6,24.70726572471818,50,3.4941350277052368,6.848504654302264,served
5,2,12,12,0.7,2,580.06,22.490279079220528,50,3.1806057695389556,6.233987308296353,served
5,5,5,9,0.3,1,5839.74,56.55115437570221,50,7.997540948597266,15.675180259250642,served
5,5,5,9,0.3,2,5840.86,55.93436751575675,50,7.910314114354428,15.504215664134678,served
5,5,5,9,0.5,1,5839.74,56.55115437570221,50,7.997540948597266,15.675180259250642,served
5,5,5,9,0.5,2,5840.86,55.93436751575675,50,7.910314114354428,15.504215664134678,served
5,5,5,9,0.7,1,5839.74,56.55115437570221,50,7.997540948597266,15.675180259250642,served
5,5,5,9,0.7,2,5840.86,55.93436751575675,50,7.910314114354428,15.504215664134678,served
5,5,5,12,0.3,1,5839.74,56.55115437570221,50,7.997540948597266,15.675180259250642,served
5,5,5,12,0.3,2,5840.86,55.93436751575675,50,7.910314114354428,15.504215664134678,served
5,5,5,12,0.5,1,5839.74,56.55115437570221,50,7.997540948597266,15.675180259250642,served
5,5,5,12,0.5,2,5840.86,55.93436751575675,50,7.910314114354428,15.504215664134678,served
5,5,5,12,0.7,1,5839.74,56.55115437570221,50,7.997540948597266,15.675180259250642,served
5,5,5,12,0.7,2,5840.86,55.93436751575675,50,7.910314114354428,15.504215664134678,served
5,5,9,5,0.3,1,5839.74,56.55115437570221,50,7.997540948597266,15.675180259250642,served
5,5,9,5,0.3,2,5840.86,55.93436751575675,50,7.910314114354428,15.504215664134678,served
5,5,9,5,0.5,1,5839.74,56.55115437570221,50,7.997540948597266,15.675180259250642,served
5,5,9,5,0.5,2,5840.86,55.93436751575675,50,7.910314114354428,15.504215664134678,served
5,5,9,5,0.7,1,5839.74,56.55115437570221,50,7.997540948597266,15.675180259250642,served
5,5,9,5,0.7,2,5840.86,55.93436751575675,50,7.910314114354428,15.504215664134678,served
5,5,9,9,0.3,1,5839.74,56.55115437570221,50,7.997540948597266,15.675180259250642,served
5,5,9,9,0.3,2,5840.86,55.93436751575675,50,7.910314114354428,15.504215664134678,served
5,5,9,9,0.5,1,5839.74,56.55115437570221,50,7.997540948597266,15.675180259250642,served
5,5,9,9,0.5,2,5840.86,55.93436751575675,50,7.910314114354428,15.504215664134678,served
5,5,9,9,0.7,1,5839.74,56.55115437570221,50,7.997540948597266,15.675180259250642,served
5,5,9,9,0.7,2,5840.86,55.93436751575675,50,7.910314114354428,15.504215664134678,served
5,5,12,12,0.3,1,5839.74,56.55115437570221,50,7.997540948597266,15.675180259250642,served
5,5,12,12,0.3,2,5840.86,55.93436751575675,50,7.910314114354428,15.504215664134678,served
5,5,12,12,0.5,1,5839.74,56.55115437570221,50,7.997540948597266,15.675180259250642,served
5,5,12,12,0.5,2,5840.86,55.93436751575675,50,7.910314114354428,15.504215664134678,served
5,5,12,12,0.7,1,5839.74,56.55115437570221,50,7.997540948597266,15.675180259250642,served
5,5,12,12,0.7,2,5840.86,55.93436751575675,50,7.910314114354428,15.504215664134678,served
5,7,5,9,0.3,1,2013.0,42.47448213519575,50,6.006798869036756,11.773325783312043,served
5,7,5,9,0.3,2,9667.7,43.652734444588916,50,6.17342890862088,12.099920660896926,served
5,7,5,9,0.5,1,2013.0,42.47448213519575,50,6.006798869036756,11.773325783312043,served
5,7,5,9,0.5,2,9667.7,43.652734444588916,50,6.17342890862088,12.099920660896926,served
5,7,5,9,0.7,1,2013.0,42.47448213519575,50,6.006798869036756,11.773325783312043,served
5,7,5,9,0.7,2,9667.7,43.652734444588916,50,6.17342890862088,12.099920660896926,served
5,7,5,12,0.3,1,2013.0,42.47448213519575,50,6.006798869036756,11.773325783312043,served
5,7,5,12,0.3,2,9667.7,43.652734444588916,50,6.17342890862088,12.099920660896926,served
5,7,5,12,0.5,1,2013.0,42.47448213519575,50,6.006798869036756,11.773325783312043,served
5,7,5,12,0.5,2,9667.7,43.652734444588916,50,6.17342890862088,12.099920660896926,served
5,7,5,12,0.7,1,2013.0,42.47448213519575,50,6.006798869036756,11.773325783312043,served
5,7,5,12,0.7,2,9667.7,43.652734444588916,50,6.17342890862088,12.099920660896926,served
5,7,9,5,0.3,1,2008.3,42.26893972299428,50,5.977730782338937,11.716352333384316,served
5,7,9,5,0.3,2,9670.86,44.217925075235854,50,6.25335893413959,12.256583510913597,served
5,7,9,5,0.5,1,2009.02,37.33603063628309,50,5.280112089100892,10.349019694637748,served
5,7,9,5,0.5,2,9671.68,38.40994769109493,50,5.431986895478759,10.646694315138367,served
5,7,9,5,0.7,1,2016.62,39.77071530559097,50,5.6244284970445975,11.023879854207411,served
5,7,9,5,0.7,2,9663.2,39.33633102839546,50,5.562997283435446,10.903474675533474,served
5,7,9,9,0.3,1,2013.0,42.47448213519575,50,6.006798869036756,11.773325783312043,served
5,7,9,9,0.3,2,9667.7,43.652734444588916,50,6.17342890862088,12.099920660896926,served
5,7,9,9,0.5,1,2013.0,42.47448213519575,50,6.006798869036756,11.773325783312043,served
5,7,9,9,0.5,2,9667.7,43.652734444588916,50,6.17342890862088,12.099920660896926,served
5,7,9,9,0.7,1,2013.0,42.47448213519575,50,6.006798869036756,11.773325783312043,served
5,7,9,9,0.7,2,9667.7,43.652734444588916,50,6.17342890862088,12.099920660896926,served
5,7,12,12,0.3,1,2013.0,42.47448213519575,50,6.006798869036756,11.773325783312043,served
5,7,12,12,0.3,2,9667.7,43.652734444588916,50,6.17342890862088,12.099920660896926,served
5,7,12,12,0.5,1,2013.0,42.47448213519575,50,6.006798869036756,11.773325783312043,served
5,7,12,12,0.5,2,9667.7,43.652734444588916,50,6.17342890862088,12.099920660896926,served
5,7,12,12,0.7,1,2013.0,42.47448213519575,50,6.006798869036756,11.773325783312043,served
5,7,12,12,0.7,2,9667.7,43.652734444588916,50,6.17342890862088,12.099920660896926,served
5,10,5,9,0.3,1,2010.88,44.37761892243083,50,6.275943054592657,12.300848387001608,served
5,10,5,9,0.3,2,7816.42,51.93916771432847,50,7.34530753999741,14.396802778394925,served
5,10,5,9,0.5,1,2010.88,44.37761892243083,50,6.275943054592657,12.300848387001608,served
5,10,5,9,0.5,2,7816.42,51.93916771432847,50,7.34530753999741,14.396802778394925,served
5,10,5,9,0.7,1,2010.88,44.37761892243083,50,6.275943054592657,12.300848387001608,served
5,10,5,9,0.7,2,7816.42,51.93916771432847,50,7.34530753999741,14.396802778394925,served
5,10,5,12,0.3,1,2010.88,44.37761892243083,50,6.275943054592657,12.300848387001608,served
5,10,5,12,0.3,2,7816.42,51.93916771432847,50,7.34530753999741,14.396802778394925,served
5,10,5,12,0.5,1,2010.88,44.37761892243083,50,6.275943054592657,12.300848387001608,served
5,10,5,12,0.5,2,7816.42,51.93916771432847,50,7.34530753999741,14.396802778394925,served
5,10,5,12,0.7,1,2010.88,44.37761892243083,50,6.275943054592657,12.300848387001608,served
5,10,5,12,0.7,2,7816.42,51.93916771432847,50,7.34530753999741,14.396802778394925,served
5,10,9,5,0.3,1,2010.28,44.05749490317005,50,6.23067068162466,12.212114535984332,served
5,10,9,5,0.3,2,9641.28,43.6208338166195,50,6.168917478548623,12.091078257955301,served
5,10,9,5,0.5,1,2008.52,37.72036747499919,50,5.334465526084084,10.455552431124804,served
5,10,9,5,0.5,2,9672.22,38.831551446666445,50,5.491610670386426,10.763556913957395,served
5,10,9,5,0.7,1,2016.62,39.77071530559097,50,5.6244284970445975,11.023879854207411,served
5,10,9,5,0.7,2,9663.2,39.33633102839546,50,5.562997283435446,10.903474675533474,served
5,10,9,9,0.3,1,2010.88,44.37761892243083,50,6.275943054592657,12.300848387001608,served
5,10,9,9,0.3,2,7816.42,51.93916771432847,50,7.34530753999741,14.396802778394925,served
5,10,9,9,0.5,1,2010.88,44.37761892243083,50,6.275943054592657,12.300848387001608,served
5,10,9,9,0.5,2,7816.42,51.93916771432847,50,7.34530753999741,14.396802778394925,served
5,10,9,9,0.7,1,2010.88,44.37761892243083,50,6.275943054592657,12.300848387001608,served
5,10,9,9,0.7,2,7816.42,51.93916771432847,50,7.34530753999741,14.396802778394925,served
5,10,12,12,0.3,1,2010.88,44.37761892243083,50,6.275943054592657,12.300848387001608,served
5,10,12,12,0.3,2,7816.42,51.93916771432847,50,7.34530753999741,14.396802778394925,served
5,10,12,12,0.5,1,2010.88,44.37761892243083,50,6.275943054592657,12.300848387001608,served
5,10,12,12,0.5,2,7816.42,51.93916771432847,50,7.34530753999741,14.396802778394925,served
5,10,12,12,0.7,1,2010.88,44.37761892243083,50,6.275943054592657,12.300848387001608,served
5,10,12,12,0.7,2,7816.42,51.93916771432847,50,7.34530753999741,14.396802778394925,served
5,14,5,9,0.3,1,2013.82,41.52780725622536,50,5.872918823736973,11.510920894524467,served
5,14,5,9,0.3,2,7807.58,45.464536527195264,50,6.429656416376652,12.602126576098238,served
5,14,5,9,0.5,1,2006.36,43.83911216142549,50,6.199786698108322,12.15158192829231,served
5,14,5,9,0.5,2,7812.18,49.94923545409858,50,7.063888620935325,13.845221697033237,served
5,14,5,9,0.7,1,2014.26,44.5269054182126,50,6.297055353294031,12.3422284924563,served
5,14,5,9,0.7,2,7808.3,49.31169087693979,50,6.973726202171787,13.668503356256702,served
5,14,5,12,0.3,1,2003.7,44.118694265282464,50,6.239325578415455,12.229078133694292,served
5,14,5,12,0.3,2,7836.6,51.44721884155257,50,7.275735463210027,14.260441507891652,served
5,14,5,12,0.5,1,2003.7,44.118694265282464,50,6.239325578415455,12.229078133694292,served
5,14,5,12,0.5,2,7836.6,51.44721884155257,50,7.275735463210027,14.260441507891652,served
5,14,5,12,0.7,1,2003.7,44.118694265282464,50,6.239325578415455,12.229078133694292,served
5,14,5,12,0.7,2,7836.6,51.44721884155257,50,7.275735463210027,14.260441507891652,served
5,14,9,5,0.3,1,2010.28,44.05749490317005,50,6.23067068162466,12.212114535984332,served
5,14,9,5,0.3,2,9641.28,43.6208338166195,50,6.168917478548623,12.091078257955301,served
5,14,9,5,0.5,1,2008.52,37.72036747499919,50,5.334465526084084,10.455552431124804,served
5,14,9,5,0.5,2,9672.22,38.831551446666445,50,5.491610670386426,10.763556913957395,served
5,14,9,5,0.7,1,2016.62,39.77071530559097,50,5.6244284970445975,11.023879854207411,served
5,14,9,5,0.7,2,9663.2,39.33633102839546,50,5.562997283435446,10.903474675533474,served
5,14,9,9,0.3,1,2013.82,41.52780725622536,50,5.872918823736973,11.510920894524467,served
5,14,9,9,0.3,2,7807.58,45.464536527195264,50,6.429656416376652,12.602126576098238,served
5,14,9,9,0.5,1,2006.36,43.83911216142549,50,6.199786698108322,12.15158192829231,served
5,14,9,9,0.5,2,7812.18,49.94923545409858,50,7.063888620935325,13.845221697033237,served
5,14,9,9,0.7,1,2014.26,44.5269054182126,50,6.297055353294031,12.3422284924563,served
5,14,9,9,0.7,2,7808.3,49.31169087693979,50,6.973726202171787,13.668503356256702,served
5,14,12,12,0.3,1,2003.7,44.118694265282464,50,6.239325578415455,12.229078133694292,served
5,14,12,12,0.3,2,7836.6,51.44721884155257,50,7.275735463210027,14.260441507891652,served
5,14,12,12,0.5,1,2003.7,44.118694265282464,50,6.239325578415455,12.229078133694292,served
5,14,12,12,0.5,2,7836.6,51.44721884155257,50,7.275735463210027,14.260441507891652,served
5,14,12,12,0.7,1,2003.7,44.118694265282464,50,6.239325578415455,12.229078133694292,served
5,14,12,12,0.7,2,7836.6,51.44721884155257,50,7.275735463210027,14.260441507891652,served
7,2,5,9,0.3,1,11090.64,24.204705226506203,50,3.423062240456801,6.70920199129533,served
7,2,5,9,0.3,2,589.26,24.688103389681274,50,3.4914250642956435,6.843193126019461,served
7,2,5,9,0.5,1,11099.14,24.593851894740222,50,3.478095890053686,6.817067944505225,served
7,2,5,9,0.5,2,581.58,23.749620834782167,50,3.358703588576757,6.583059033610444,served
7,2,5,9,0.7,1,11095.02,26.2612386048569,50,3.7138999799704524,7.279243960742087,served
7,2,5,9,0.7,2,585.8,26.036865543819573,50,3.682168837375437,7.217050921255856,served
7,2,5,12,0.3,1,11090.64,24.204705226506203,50,3.423062240456801,6.70920199129533,served
7,2,5,12,0.3,2,589.26,24.688103389681274,50,3.4914250642956435,6.843193126019461,served
7,2,5,12,0.5,1,11099.14,24.593851894740222,50,3.478095890053686,6.817067944505225,served
7,2,5,12,0.5,2,581.58,23.749620834782167,50,3.358703588576757,6.583059033610444,served
7,2,5,12,0.7,1,11095.02,26.2612386048569,50,3.7138999799704524,7.279243960742087,served
7,2,5,12,0.7,2,585.8,26.036865543819573,50,3.682168837375437,7.217050921255856,served
7,2,9,5,0.3,1,11102.2,27.923364512792475,50,3.9489600801078706,7.739961757011426,served
7,2,9,5,0.3,2,578.6,26.305892875931814,50,3.720215047547655,7.2916214931934045,served
7,2,9,5,0.5,1,11102.2,27.923364512792475,50,3.9489600801078706,7.739961757011426,served
7,2,9,5,0.5,2,578.6,26.305892875931814,50,3.720215047547655,7.2916214931934045,served
7,2,9,5,0.7,1,11102.2,27.923364512792475,50,3.9489600801078706,7.739961757011426,served
7,2,9,5,0.7,2,578.6,26.305892875931814,50,3.720215047547655,7.2916214931934045,served
7,2,9,9,0.3,1,11102.2,27.923364512792475,50,3.9489600801078706,7.739961757011426,served
7,2,9,9,0.3,2,578.6,26.305892875931814,50,3.720215047547655,7.2916214931934045,served
7,2,9,9,0.5,1,11102.2,27.923364512792475,50,3.9489600801078706,7.739961757011426,served
7,2,9,9,0.5,2,578.6,26.305892875931814,50,3.720215047547655,7.2916214931934045,served
7,2,9,9,0.7,1,11102.2,27.923364512792475,50,3.9489600801078706,7.739961757011426,served
7,2,9,9,0.7,2,578.6,26.305892875931814,50,3.720215047547655,7.2916214931934045,served
7,2,12,12,0.3,1,11102.2,27.923364512792475,50,3.9489600801078706,7.739961757011426,served
7,2,12,12,0.3,2,578.6,26.305892875931814,50,3.720215047547655,7.2916214931934045,served
7,2,12,12,0.5,1,11102.2,27.923364512792475,50,3.9489600801078706,7.739961757011426,served
7,2,12,12,0.5,2,578.6,26.305892875931814,50,3.720215047547655,7.2916214931934045,served
7,2,12,12,0.7,1,11102.2,27.923364512792475,50,3.9489600801078706,7.739961757011426,served
7,2,12,12,0.7,2,578.6,26.305892875931814,50,3.720215047547655,7.2916214931934045,served
7,5,5,9,0.3,1,9674.22,41.342417807913456,50,5.846700796524617,11.45953356118825,served
7,5,5,9,0.3,2,2008.4,40.86163811434576,50,5.778708280208916,11.326268229209475,served
7,5,5,9,0.5,1,9666.12,43.23907907418572,50,6.114929205123613,11.985261242042283,served
7,5,5,9,0.5,2,2014.64,44.63308921709568,50,6.312072010142505,12.37166113987931,served
7,5,5,9,0.7,1,9664.16,47.45281652250347,50,6.710841669892649,13.153249672989592,served
7,5,5,9,0.7,2,2017.34,48.003660574704384,50,6.788742782830158,13.30593585434711,served
7,5,5,12,0.3,1,9674.22,41.342417807913456,50,5.846700796524617,11.45953356118825,served
7,5,5,12,0.3,2,2008.4,40.86163811434576,50,5.778708280208916,11.326268229209475,served
7,5,5,12,0.5,1,9666.12,43.23907907418572,50,6.114929205123613,11.985261242042283,served
7,5,5,12,0.5,2,2014.64,44.63308921709568,50,6.312072010142505,12.37166113987931,served
7,5,5,12,0.7,1,9664.16,47.45281652250347,50,6.710841669892649,13.153249672989592,served
7,5,5,12,0.7,2,2017.34,48.003660574704384,50,6.788742782830158,13.30593585434711,served
7,5,9,5,0.3,1,9676.12,48.16241230652453,50,6.811193668049184,13.349939589376401,served
7,5,9,5,0.3,2,2003.68,48.56783179960048,50,6.868528642605027,13.462316139505853,served
7,5,9,5,0.5,1,9676.12,48.16241230652453,50,6.811193668049184,13.349939589376401,served
7,5,9,5,0.5,2,2003.68,48.56783179960048,50,6.868528642605027,13.462316139505853,served
7,5,9,5,0.7,1,9676.12,48.16241230652453,50,6.811193668049184,13.349939589376401,served
7,5,9,5,0.7,2,2003.68,48.56783179960048,50,6.868528642605027,13.462316139505853,served
7,5,9,9,0.3,1,9676.12,48.16241230652453,50,6.811193668049184,13.349939589376401,served
7,5,9,9,0.3,2,2003.68,48.56783179960048,50,6.868528642605027,13.462316139505853,served
7,5,9,9,0.5,1,9676.12,48.16241230652453,50,6.811193668049184,13.349939589376401,served
7,5,9,9,0.5,2,2003.68,48.56783179960048,50,6.868528642605027,13.462316139505853,served
7,5,9,9,0.7,1,9676.12,48.16241230652453,50,6.811193668049184,13.349939589376401,served
7,5,9,9,0.7,2,2003.68,48.56783179960048,50,6.868528642605027,13.462316139505853,served
7,5,12,12,0.3,1,9676.12,48.16241230652453,50,6.811193668049184,13.349939589376401,served
7,5,12,12,0.3,2,2003.68,48.56783179960048,50,6.868528642605027,13.462316139505853,served
7,5,12,12,0.5,1,9676.12,48.16241230652453,50,6.811193668049184,13.349939589376401,served
7,5,12,12,0.5,2,2003.68,48.56783179960048,50,6.868528642605027,13.462316139505853,served
7,5,12,12,0.7,1,9676.12,48.16241230652453,50,6.811193668049184,13.349939589376401,served
7,5,12,12,0.7,2,2003.68,48.56783179960048,50,6.868528642605027,13.462316139505853,served
7,7,5,9,0.3,1,5230.0,60.98477561771352,50,8.62454967768505,16.904117368262696,served
7,7,5,9,0.3,2,6449.52,60.25328850370071,50,8.521101777951243,16.701359484784437,served
7,7,5,9,0.5,1,4689.76,60.75899530278692,50,8.592619519336443,16.84153425789943,served
7,7,5,9,0.5,2,6992.48,59.83761699936985,50,8.46231695005957,16.58614122211676,served
7,7,5,9,0.7,1,3976.38,55.49145549229236,50,7.847676895302283,15.381446714792474,served
7,7,5,9,0.7,2,7704.38,55.18092320462105,50,7.803760998024332,15.29537155612769,served
7,7,5,12,0.3,1,5230.0,60.98477561771352,50,8.62454967768505,16.904117368262696,served
7,7,5,12,0.3,2,6449.52,60.25328850370071,50,8.521101777951243,16.701359484784437,served
7,7,5,12,0.5,1,4689.76,60.75899530278692,50,8.592619519336443,16.84153425789943,served
7,7,5,12,0.5,2,6992.48,59.83761699936985,50,8.46231695005957,16.58614122211676,served
7,7,5,12,0.7,1,3976.38,55.49145549229236,50,7.847676895302283,15.381446714792474,served
7,7,5,12,0.7,2,7704.38,55.18092320462105,50,7.803760998024332,15.29537155612769,served
7,7,9,5,0.3,1,6455.16,53.325094601751374,50,7.541307200062511,14.780962112122522,served
7,7,9,5,0.3,2,5224.62,54.41934304968388,50,7.696057299629697,15.084272307274205,served
7,7,9,5,0.5,1,6995.76,49.36476476192314,50,6.981231982966915,13.683214686615154,served
7,7,9,5,0.5,2,4685.08,49.65055027748573,50,7.0216481581707555,13.76243039001468,served
7,7,9,5,0.7,1,7708.66,50.42052141332775,50,7.130538520465115,13.975855500111626,served
7,7,9,5,0.7,2,3969.78,52.23701479110112,50,7.387429477545917,14.479361775989997,served
7,7,9,9,0.3,1,5840.76,55.904641842979736,50,7.906110269395236,15.495976128014663,served
7,7,9,9,0.3,2,5839.46,54.558416548929785,50,7.715725262509721,15.122821514519051,served
7,7,9,9,0.5,1,5840.76,55.904641842979736,50,7.906110269395236,15.495976128014663,served
7,7,9,9,0.5,2,5839.46,54.558416548929785,50,7.715725262509721,15.122821514519051,served
7,7,9,9,0.7,1,5840.76,55.904641842979736,50,7.906110269395236,15.495976128014663,served
7,7,9,9,0.7,2,5839.46,54.558416548929785,50,7.715725262509721,15.122821514519051,served
7,7,12,12,0.3,1,5840.76,55.904641842979736,50,7.906110269395236,15.495976128014663,served
7,7,12,12,0.3,2,5839.46,54.558416548929785,50,7.715725262509721,15.122821514519051,served
7,7,12,12,0.5,1,5840.76,55.904641842979736,50,7.906110269395236,15.495976128014663,served
7,7,12,12,0.5,2,5839.46,54.558416548929785,50,7.715725262509721,15.122821514519051,served
7,7,12,12,0.7,1,5840.76,55.904641842979736,50,7.906110269395236,15.495976128014663,served
7,7,12,12,0.7,2,5839.46,54.558416548929785,50,7.715725262509721,15.122821514519051,served
7,10,5,9,0.3,1,2672.02,46.359944885600584,50,6.556286280808555,12.850321110384767,served
7,10,5,9,0.3,2,7145.78,51.38779732860426,50,7.267331992259204,14.24397070482804,served
7,10,5,9,0.5,1,2610.26,49.88468743829443,50,7.054760152997875,13.827329899875835,served
7,10,5,9,0.5,2,7206.88,55.82357047348494,50,7.894645046369266,15.473504290883762,served
7,10,5,9,0.7,1,2551.48,47.35848522122492,50,6.697501209330206,13.127102370287204,served
7,10,5,9,0.7,2,7269.54,52.33573329563508,50,7.401390382342829,14.506725149391944,served
7,10,5,12,0.3,1,2672.02,46.359944885600584,50,6.556286280808555,12.850321110384767,served
7,10,5,12,0.3,2,7145.78,51.38779732860426,50,7.267331992259204,14.24397070482804,served
7,10,5,12,0.5,1,2610.26,49.88468743829443,50,7.054760152997875,13.827329899875835,served
7,10,5,12,0.5,2,7206.88,55.82357047348494,50,7.894645046369266,15.473504290883762,served
7,10,5,12,0.7,1,2551.48,47.35848522122492,50,6.697501209330206,13.127102370287204,served
7,10,5,12,0.7,2,7269.54,52.33573329563508,50,7.401390382342829,14.506725149391944,served
7,10,9,5,0.3,1,3506.54,72.86224351893269,50,10.304277296940574,20.196383502003524,served
7,10,9,5,0.3,2,6669.46,61.741796117015525,50,8.731608543395785,17.113952745055737,served
7,10,9,5,0.5,1,5079.26,68.76247493497938,50,9.724482463538784,19.059985628536015,served
7,10,9,5,0.5,2,5734.36,62.89666290099671,50,8.894931370259824,17.434065485709255,served
7,10,9,5,0.7,1,6716.52,51.55866086511639,50,7.291495745324252,14.291331660835535,served
7,10,9,5,0.7,2,4580.76,48.30961369655333,50,6.832011088267074,13.390741733003464,served
7,10,9,9,0.3,1,2730.2,40.181222134784534,50,5.682482929573829,11.137666541964704,served
7,10,9,9,0.3,2,7087.06,49.465473425658224,50,6.995474338777178,13.711129704003268,served
7,10,9,9,0.5,1,2730.2,40.181222134784534,50,5.682482929573829,11.137666541964704,served
7,10,9,9,0.5,2,7087.06,49.465473425658224,50,6.995474338777178,13.711129704003268,served
7,10,9,9,0.7,1,2730.2,40.181222134784534,50,5.682482929573829,11.137666541964704,served
7,10,9,9,0.7,2,7087.06,49.465473425658224,50,6.995474338777178,13.711129704003268,served
7,10,12,12,0.3,1,2730.2,40.181222134784534,50,5.682482929573829,11.137666541964704,served
7,10,12,12,0.3,2,7087.06,49.465473425658224,50,6.995474338777178,13.711129704003268,served
7,10,12,12,0.5,1,2730.2,40.181222134784534,50,5.682482929573829,11.137666541964704,served
7,10,12,12,0.5,2,7087.06,49.465473425658224,50,6.995474338777178,13.711129704003268,served
7,10,12,12,0.7,1,2730.2,40.181222134784534,50,5.682482929573829,11.137666541964704,served
7,10,12,12,0.7,2,7087.06,49.465473425658224,50,6.995474338777178,13.711129704003268,served
7,14,5,9,0.3,1,2679.48,44.13903820743661,50,6.242202646306108,12.23471718675997,served
7,14,5,9,0.3,2,7147.46,54.08995153577824,50,7.6494743050001,14.992969637800197,served
7,14,5,9,0.5,1,2626.76,44.80686900692884,50,6.336648183707346,12.419830440066397,served
7,14,5,9,0.5,2,7182.9,51.31505328729136,50,7.257044431278552,14.223807085305962,served
7,14,5,9,0.7,1,2550.72,45.04919759642385,50,6.370918621488804,12.487000498118055,served
7,14,5,9,0.7,2,7268.1,53.893413326676466,50,7.6216796049164754,14.938492025636291,served
7,14,5,12,0.3,1,2671.42,47.55280201619919,50,6.724981754015155,13.180964237869704,served
7,14,5,12,0.3,2,7142.68,51.81971888486202,50,7.328414924533306,14.36369325208528,served
7,14,5,12,0.5,1,2619.14,43.1622520265103,50,6.104064219845648,11.96396587089747,served
7,14,5,12,0.5,2,7199.36,59.06542895771733,50,8.35311306993884,16.372101617080123,served
7,14,5,12,0.7,1,2541.84,58.94492760022634,50,8.336071604534027,16.338700344886693,served
7,14,5,12,0.7,2,7275.12,59.02321922907341,50,8.347143712867608,16.360401677220512,served
7,14,9,5,0.3,1,3506.54,72.86224351893269,50,10.304277296940574,20.196383502003524,served
7,14,9,5,0.3,2,6669.46,61.741796117015525,50,8.731608543395785,17.113952745055737,served
7,14,9,5,0.5,1,5079.26,68.76247493497938,50,9.724482463538784,19.059985628536015,served
7,14,9,5,0.5,2,5734.36,62.89666290099671,50,8.894931370259824,17.434065485709255,served
7,14,9,5,0.7,1,6716.52,51.55866086511639,50,7.291495745324252,14.291331660835535,served
7,14,9,5,0.7,2,4580.76,48.30961369655333,50,6.832011088267074,13.390741733003464,served
7,14,9,9,0.3,1,2734.06,46.52513474741683,50,6.579647655103262,12.896109404002393,served
7,14,9,9,0.3,2,7077.34,54.32314874706653,50,7.682453370891249,15.057608606946848,served
7,14,9,9,0.5,1,2730.4,43.737622155722384,50,6.185433843857256,12.123450333960221,served
7,14,9,9,0.5,2,7093.48,53.66001817946407,50,7.588672546658492,14.873798191450643,served
7,14,9,9,0.7,1,2736.9,46.666970358584344,50,6.599706239597319,12.935424229610746,served
7,14,9,9,0.7,2,7075.5,51.98753775312555,50,7.352148096485346,14.410210269111277,served
7,14,12,12,0.3,1,2725.3,46.69451307188477,50,6.603601367466721,12.943058680234774,served
7,14,12,12,0.3,2,7091.42,42.412016972474426,50,5.997964961007122,11.75601132357396,served
7,14,12,12,0.5,1,2725.3,46.69451307188477,50,6.603601367466721,12.943058680234774,served
7,14,12,12,0.5,2,7091.42,42.412016972474426,50,5.997964961007122,11.75601132357396,served
7,14,12,12,0.7,1,2725.3,46.69451307188477,50,6.603601367466721,12.943058680234774,served
7,14,12,12,0.7,2,7091.42,42.412016972474426,50,5.997964961007122,11.75601132357396,served
10,2,5,9,0.3,1,11095.24,27.009869700250213,50,3.8197724048023973,7.486753913412699,served
10,2,5,9,0.3,2,584.32,24.775267456700018,50,3.503751924868594,6.867353772742444,served
10,2,5,9,0.5,1,11099.14,24.593851894740222,50,3.478095890053686,6.817067944505225,served
10,2,5,9,0.5,2,581.58,23.749620834782167,50,3.358703588576757,6.583059033610444,served
10,2,5,9,0.7,1,11095.02,26.2612386048569,50,3.7138999799704524,7.279243960742087,served
10,2,5,9,0.7,2,585.8,26.036865543819573,50,3.682168837375437,7.217050921255856,served
10,2,5,12,0.3,1,11095.24,27.009869700250213,50,3.8197724048023973,7.486753913412699,served
10,2,5,12,0.3,2,584.32,24.775267456700018,50,3.503751924868594,6.867353772742444,served
10,2,5,12,0.5,1,11099.14,24.593851894740222,50,3.478095890053686,6.817067944505225,served
10,2,5,12,0.5,2,581.58,23.749620834782167,50,3.358703588576757,6.583059033610444,served
10,2,5,12,0.7,1,11095.02,26.2612386048569,50,3.7138999799704524,7.279243960742087,served
10,2,5,12,0.7,2,585.8,26.036865543819573,50,3.682168837375437,7.217050921255856,served
10,2,9,5,0.3,1,9548.12,113.10689183065647,50,15.9957300424781,31.351630883257073,served
10,2,9,5,0.3,2,580.06,27.105545783933206,50,3.8333030463163205,7.513273970779988,served
10,2,9,5,0.5,1,9548.12,113.10689183065647,50,15.9957300424781,31.351630883257073,served
10,2,9,5,0.5,2,580.06,27.105545783933206,50,3.8333030463163205,7.513273970779988,served
10,2,9,5,0.7,1,9548.12,113.10689183065647,50,15.9957300424781,31.351630883257073,served
10,2,9,5,0.7,2,580.06,27.105545783933206,50,3.8333030463163205,7.513273970779988,served
10,2,9,9,0.3,1,9548.12,113.10689183065647,50,15.9957300424781,31.351630883257073,served
10,2,9,9,0.3,2,580.06,27.105545783933206,50,3.8333030463163205,7.513273970779988,served
10,2,9,9,0.5,1,9548.12,113.10689183065647,50,15.9957300424781,31.351630883257073,served
10,2,9,9,0.5,2,580.06,27.105545783933206,50,3.8333030463163205,7.513273970779988,served
10,2,9,9,0.7,1,9548.12,113.10689183065647,50,15.9957300424781,31.351630883257073,served
10,2,9,9,0.7,2,580.06,27.105545783933206,50,3.8333030463163205,7.513273970779988,served
10,2,12,12,0.3,1,9548.12,113.10689183065647,50,15.9957300424781,31.351630883257073,served
10,2,12,12,0.3,2,580.06,27.105545783933206,50,3.8333030463163205,7.513273970779988,served
10,2,12,12,0.5,1,9548.12,113.10689183065647,50,15.9957300424781,31.351630883257073,served
10,2,12,12,0.5,2,580.06,27.105545783933206,50,3.8333030463163205,7.513273970779988,served
10,2,12,12,0.7,1,9548.12,113.10689183065647,50,15.9957300424781,31.351630883257073,served
10,2,12,12,0.7,2,580.06,27.105545783933206,50,3.8333030463163205,7.513273970779988,served
10,5,5,9,0.3,1,9641.02,37.595858434521304,50,5.3168572887158945,10.421040285883153,served
10,5,5,9,0.3,2,2013.58,34.961839254845195,50,4.944350723971014,9.690927418983186,served
10,5,5,9,0.5,1,9666.54,43.3298737499163,50,6.127769511304559,12.010428242156935,served
10,5,5,9,0.5,2,2014.22,44.72833645053941,50,6.325542003073969,12.398062326024979,served
10,5,5,9,0.7,1,9664.16,47.45281652250347,50,6.710841669892649,13.153249672989592,served
10,5,5,9,0.7,2,2017.34,48.003660574704384,50,6.788742782830158,13.30593585434711,served
10,5,5,12,0.3,1,9641.02,37.595858434521304,50,5.3168572887158945,10.421040285883153,served
10,5,5,12,0.3,2,2013.58,34.961839254845195,50,4.944350723971014,9.690927418983186,served
10,5,5,12,0.5,1,9666.54,43.3298737499163,50,6.127769511304559,12.010428242156935,served
10,5,5,12,0.5,2,2014.22,44.72833645053941,50,6.325542003073969,12.398062326024979,served
10,5,5,12,0.7,1,9664.16,47.45281652250347,50,6.710841669892649,13.153249672989592,served
10,5,5,12,0.7,2,2017.34,48.003660574704384,50,6.788742782830158,13.30593585434711,served
10,5,9,5,0.3,1,7827.56,58.32182354865806,50,8.247951384484278,16.165984713589186,served
10,5,9,5,0.3,2,2001.5,37.73930447213909,50,5.33714362190267,10.460801498929232,served
10,5,9,5,0.5,1,7827.56,58.32182354865806,50,8.247951384484278,16.165984713589186,served
10,5,9,5,0.5,2,2001.5,37.73930447213909,50,5.33714362190267,10.460801498929232,served
10,5,9,5,0.7,1,7827.56,58.32182354865806,50,8.247951384484278,16.165984713589186,served
10,5,9,5,0.7,2,2001.5,37.73930447213909,50,5.33714362190267,10.460801498929232,served
10,5,9,9,0.3,1,7827.56,58.32182354865806,50,8.247951384484278,16.165984713589186,served
10,5,9,9,0.3,2,2001.5,37.73930447213909,50,5.33714362190267,10.460801498929232,served
10,5,9,9,0.5,1,7827.56,58.32182354865806,50,8.247951384484278,16.165984713589186,served
10,5,9,9,0.5,2,2001.5,37.73930447213909,50,5.33714362190267,10.460801498929232,served
10,5,9,9,0.7,1,7827.56,58.32182354865806,50,8.247951384484278,16.165984713589186,served
10,5,9,9,0.7,2,2001.5,37.73930447213909,50,5.33714362190267,10.460801498929232,served
10,5,12,12,0.3,1,7827.56,58.32182354865806,50,8.247951384484278,16.165984713589186,served
10,5,12,12,0.3,2,2001.5,37.73930447213909,50,5.33714362190267,10.460801498929232,served
10,5,12,12,0.5,1,7827.56,58.32182354865806,50,8.247951384484278,16.165984713589186,served
10,5,12,12,0.5,2,2001.5,37.73930447213909,50,5.33714362190267,10.460801498929232,served
10,5,12,12,0.7,1,7827.56,58.32182354865806,50,8.247951384484278,16.165984713589186,served
10,5,12,12,0.7,2,2001.5,37.73930447213909,50,5.33714362190267,10.460801498929232,served
10,7,5,9,0.3,1,6679.46,50.32717852174095,50,7.117337842141798,13.949982170597924,served
10,7,5,9,0.3,2,3490.16,61.982999644240834,50,8.76571987334521,17.180810951756612,served
10,7,5,9,0.5,1,5746.52,62.057655877910925,50,8.776277859162406,17.201504603958316,served
10,7,5,9,0.5,2,5068.9,73.5147493183983,50,10.396555552053712,20.377248882025274,served
10,7,5,9,0.7,1,4605.28,53.20543166993072,50,7.524384305953101,14.747793239668077,served
10,7,5,9,0.7,2,6688.34,60.83185591347314,50,8.602923565715967,16.861730188803296,served
10,7,5,12,0.3,1,6679.46,50.32717852174095,50,7.117337842141798,13.949982170597924,served
10,7,5,12,0.3,2,3490.16,61.982999644240834,50,8.76571987334521,17.180810951756612,served
10,7,5,12,0.5,1,5746.52,62.057655877910925,50,8.776277859162406,17.201504603958316,served
10,7,5,12,0.5,2,5068.9,73.5147493183983,50,10.396555552053712,20.377248882025274,served
10,7,5,12,0.7,1,4605.28,53.20543166993072,50,7.524384305953101,14.747793239668077,served
10,7,5,12,0.7,2,6688.34,60.83185591347314,50,8.602923565715967,16.861730188803296,served
10,7,9,5,0.3,1,7145.5,47.117417378376906,50,6.663409068049438,13.060281773376898,served
10,7,9,5,0.3,2,2678.76,42.0031874397889,50,5.940147734024871,11.642689558688746,served
10,7,9,5,0.5,1,7205.74,51.66801797662322,50,7.306961176347744,14.321643905641578,served
10,7,9,5,0.5,2,2618.58,45.28012133105544,50,6.403576169227788,12.551009291686466,served
10,7,9,5,0.7,1,7270.26,50.72165338836037,50,7.173125012780649,14.059325025050072,served
10,7,9,5,0.7,2,2548.74,43.357465284750674,50,6.131671543581505,12.01807622541975,served
10,7,9,9,0.3,1,7091.02,59.45242996355518,50,8.407843277049631,16.479372823017275,served
10,7,9,9,0.3,2,2732.92,48.445989282406245,50,6.851297508576051,13.42854311680906,served
10,7,9,9,0.5,1,7091.02,59.45242996355518,50,8.407843277049631,16.479372823017275,served
10,7,9,9,0.5,2,2732.92,48.445989282406245,50,6.851297508576051,13.42854311680906,served
10,7,9,9,0.7,1,7091.02,59.45242996355518,50,8.407843277049631,16.479372823017275,served
10,7,9,9,0.7,2,2732.92,48.445989282406245,50,6.851297508576051,13.42854311680906,served
10,7,12,12,0.3,1,7091.02,59.45242996355518,50,8.407843277049631,16.479372823017275,served
10,7,12,12,0.3,2,2732.92,48.445989282406245,50,6.851297508576051,13.42854311680906,served
10,7,12,12,0.5,1,7091.02,59.45242996355518,50,8.407843277049631,16.479372823017275,served
10,7,12,12,0.5,2,2732.92,48.445989282406245,50,6.851297508576051,13.42854311680906,served
10,7,12,12,0.7,1,7091.02,59.45242996355518,50,8.407843277049631,16.479372823017275,served
10,7,12,12,0.7,2,2732.92,48.445989282406245,50,6.851297508576051,13.42854311680906,served
10,10,5,9,0.3,1,4462.7,47.4329817226582,50,6.708036605597836,13.147751746971759,served
10,10,5,9,0.3,2,5354.06,46.876916559458536,50,6.629397116061819,12.993618347481165,served
10,10,5,9,0.5,1,4076.78,49.90656167238109,50,7.057853636849062,13.833393128224161,served
10,10,5,9,0.5,2,5751.18,51.28300430563947,50,7.252512020827317,14.214923560821541,served
10,10,5,9,0.7,1,3568.56,55.38185070720467,50,7.8321764379450824,15.351065818372362,served
10,10,5,9,0.7,2,6250.82,56.186166501394794,50,7.945923868402539,15.574010782068976,served
10,10,5,12,0.3,1,4462.7,47.4329817226582,50,6.708036605597836,13.147751746971759,served
10,10,5,12,0.3,2,5354.06,46.876916559458536,50,6.629397116061819,12.993618347481165,served
10,10,5,12,0.5,1,4076.78,49.90656167238109,50,7.057853636849062,13.833393128224161,served
10,10,5,12,0.5,2,5751.18,51.28300430563947,50,7.252512020827317,14.214923560821541,served
10,10,5,12,0.7,1,3568.56,55.38185070720467,50,7.8321764379450824,15.351065818372362,served
10,10,5,12,0.7,2,6250.82,56.186166501394794,50,7.945923868402539,15.574010782068976,served
10,10,9,5,0.3,1,5363.92,59.75488708559523,50,8.450617173452168,16.563209659966248,served
10,10,9,5,0.3,2,4457.36,55.884633352093765,50,7.90328064147788,15.490430057296646,served
10,10,9,5,0.5,1,5753.56,55.88879629246282,50,7.903869370150807,15.491583965495582,served
10,10,9,5,0.5,2,4064.38,51.10049722191101,50,7.226701621523522,14.164335178186102,served
10,10,9,5,0.7,1,6269.42,48.02809126980177,50,6.79219780486465,13.312707697534714,served
10,10,9,5,0.7,2,3555.72,51.614758212221886,50,7.299429108233228,14.306881052137125,served
10,10,9,9,0.3,1,4917.34,57.1148538526733,50,8.07726009314078,15.831429782555928,served
10,10,9,9,0.3,2,4909.5,51.26730668461023,50,7.2502920419716625,14.210572402264459,served
10,10,9,9,0.5,1,4917.34,57.1148538526733,50,8.07726009314078,15.831429782555928,served
10,10,9,9,0.5,2,4909.5,51.26730668461023,50,7.2502920419716625,14.210572402264459,served
10,10,9,9,0.7,1,4917.34,57.1148538526733,50,8.07726009314078,15.831429782555928,served
10,10,9,9,0.7,2,4909.5,51.26730668461023,50,7.2502920419716625,14.210572402264459,served
10,10,12,12,0.3,1,4917.34,57.1148538526733,50,8.07726009314078,15.831429782555928,served
10,10,12,12,0.3,2,4909.5,51.26730668461023,50,7.2502920419716625,14.210572402264459,served
10,10,12,12,0.5,1,4917.34,57.1148538526733,50,8.07726009314078,15.831429782555928,served
10,10,12,12,0.5,2,4909.5,51.26730668461023,50,7.2502920419716625,14.210572402264459,served
10,10,12,12,0.7,1,4917.34,57.1148538526733,50,8.07726009314078,15.831429782555928,served
10,10,12,12,0.7,2,4909.5,51.26730668461023,50,7.2502920419716625,14.210572402264459,served
10,14,5,9,0.3,1,3671.58,51.29032609586733,50,7.253547478331425,14.216953057529594,served
10,14,5,9,0.3,2,6156.36,60.24127000856556,50,8.519402106069299,16.698028127895824,served
10,14,5,9,0.5,1,3732.78,55.57465653496739,50,7.859443299597744,15.404508867211577,served
10,14,5,9,0.5,2,6086.94,59.24057145337526,50,8.37788195920957,16.420648640050757,served
10,14,5,9,0.7,1,3464.14,46.29409536113778,50,6.546973751751443,12.832068553432828,served
10,14,5,9,0.7,2,6346.52,51.945905929699116,50,7.346260467553747,14.398670516405344,served
10,14,5,12,0.3,1,3178.74,49.76016356033239,50,7.037149817292553,13.792813641893403,served
10,14,5,12,0.3,2,6626.42,52.641680545099014,50,7.4446578572990925,14.591529400306221,served
10,14,5,12,0.5,1,3039.02,49.83625841755408,50,7.0479112552035295,13.813906060198917,served
10,14,5,12,0.5,2,6771.36,59.741538552094795,50,8.448729405740757,16.55950963525188,served
10,14,5,12,0.7,1,2878.84,47.67122094222516,50,6.741728719137914,13.21378828951031,served
10,14,5,12,0.7,2,6944.74,50.157226268393046,50,7.0933029639777505,13.902873809396391,served
10,14,9,5,0.3,1,4207.54,69.23966363586818,50,9.791967136799599,19.192255588127214,served
10,14,9,5,0.3,2,5603.42,67.7504695367418,50,9.581363287600547,18.779472043697073,served
10,14,9,5,0.5,1,5084.78,55.70669911716734,50,7.878116940653537,15.441109203680933,served
10,14,9,5,0.5,2,4734.96,47.80699291347013,50,6.76092977545039,13.251422359882765,served
10,14,9,5,0.7,1,5989.02,59.32356450958119,50,8.389618949776493,16.443653141561924,served
10,14,9,5,0.7,2,3833.26,48.78725577987159,50,6.899559879485958,13.523137363792477,served
10,14,9,9,0.3,1,3839.06,57.24113334778388,50,8.09511871060428,15.86643267278439,served
10,14,9,9,0.3,2,5973.4,56.87113969855224,50,8.04279370693075,15.76387566558427,served
10,14,9,9,0.5,1,4230.5,53.59761264863064,50,7.579847071851319,14.856500260828584,served
10,14,9,9,0.5,2,5587.46,51.635381794475215,50,7.302345723205965,14.312597617483691,served
10,14,9,9,0.7,1,4549.84,49.649941940488496,50,7.021562126327558,13.762261767602013,served
10,14,9,9,0.7,2,5272.22,56.345613522840566,50,7.968473082423399,15.618207241549863,served
10,14,12,12,0.3,1,3345.8,55.77066744211311,50,7.887163427923596,15.458840318730248,served
10,14,12,12,0.3,2,6464.12,51.56633928192665,50,7.292581637443315,14.293460009388898,served
10,14,12,12,0.5,1,3323.58,50.525439137131706,50,7.145376127258802,14.004937209427252,served
10,14,12,12,0.5,2,6493.88,47.966672103170545,50,6.783511823020698,13.295683173120567,served
10,14,12,12,0.7,1,3342.5,52.29517869063757,50,7.395655095102413,14.495483986400728,served
10,14,12,12,0.7,2,6474.32,51.53023285372554,50,7.2874754173982295,14.283451818100529,served
14,2,5,9,0.3,1,11095.24,27.009869700250213,50,3.8197724048023973,7.486753913412699,served
14,2,5,9,0.3,2,584.32,24.775267456700018,50,3.503751924868594,6.867353772742444,served
14,2,5,9,0.5,1,11099.14,24.593851894740222,50,3.478095890053686,6.817067944505225,served
14,2,5,9,0.5,2,581.58,23.749620834782167,50,3.358703588576757,6.583059033610444,served
14,2,5,9,0.7,1,11095.02,26.2612386048569,50,3.7138999799704524,7.279243960742087,served
14,2,5,9,0.7,2,585.8,26.036865543819573,50,3.682168837375437,7.217050921255856,served
14,2,5,12,0.3,1,11095.24,27.009869700250213,50,3.8197724048023973,7.486753913412699,served
14,2,5,12,0.3,2,584.32,24.775267456700018,50,3.503751924868594,6.867353772742444,served
14,2,5,12,0.5,1,11099.14,24.593851894740222,50,3.478095890053686,6.817067944505225,served
14,2,5,12,0.5,2,581.58,23.749620834782167,50,3.358703588576757,6.583059033610444,served
14,2,5,12,0.7,1,11095.02,26.2612386048569,50,3.7138999799704524,7.279243960742087,served
14,2,5,12,0.7,2,585.8,26.036865543819573,50,3.682168837375437,7.217050921255856,served
14,2,9,5,0.3,1,9546.58,112.55023186949701,50,15.917006435807922,31.197332614183527,served
14,2,9,5,0.3,2,580.1,26.385099381805556,50,3.7314165390311382,7.31357641650103,served
14,2,9,5,0.5,1,9540.32,120.32989348165393,50,17.017216732066487,33.353744794850314,served
14,2,9,5,0.5,2,580.68,28.915386766161973,50,4.089253212596977,8.014936296690074,served
14,2,9,5,0.7,1,9549.6,110.8619292044788,50,15.678244383181982,30.729358991036683,served
14,2,9,5,0.7,2,581.74,28.104622322998164,50,3.9745938054557644,7.790203858693298,served
14,2,9,9,0.3,1,9546.58,112.55023186949701,50,15.917006435807922,31.197332614183527,served
14,2,9,9,0.3,2,580.1,26.385099381805556,50,3.7314165390311382,7.31357641650103,served
14,2,9,9,0.5,1,9540.32,120.32989348165393,50,17.017216732066487,33.353744794850314,served
14,2,9,9,0.5,2,580.68,28.915386766161973,50,4.089253212596977,8.014936296690074,served
14,2,9,9,0.7,1,9549.6,110.8619292044788,50,15.678244383181982,30.729358991036683,served
14,2,9,9,0.7,2,581.74,28.104622322998164,50,3.9745938054557644,7.790203858693298,served
14,2,12,12,0.3,1,9543.26,115.15062185800669,50,16.284757114728883,31.91812394486861,served
14,2,12,12,0.3,2,580.12,27.113247007050017,50,3.834392163734186,7.515408640919005,served
14,2,12,12,0.5,1,9543.26,115.15062185800669,50,16.284757114728883,31.91812394486861,served
14,2,12,12,0.5,2,580.12,27.113247007050017,50,3.834392163734186,7.515408640919005,served
14,2,12,12,0.7,1,9543.26,115.15062185800669,50,16.284757114728883,31.91812394486861,served
14,2,12,12,0.7,2,580.12,27.113247007050017,50,3.834392163734186,7.515408640919005,served
14,5,5,9,0.3,1,9641.02,37.595858434521304,50,5.3168572887158945,10.421040285883153,served
14,5,5,9,0.3,2,2013.58,34.961839254845195,50,4.944350723971014,9.690927418983186,served
14,5,5,9,0.5,1,9666.54,43.3298737499163,50,6.127769511304559,12.010428242156935,served
14,5,5,9,0.5,2,2014.22,44.72833645053941,50,6.325542003073969,12.398062326024979,served
14,5,5,9,0.7,1,9664.16,47.45281652250347,50,6.710841669892649,13.153249672989592,served
14,5,5,9,0.7,2,2017.34,48.003660574704384,50,6.788742782830158,13.30593585434711,served
14,5,5,12,0.3,1,9641.02,37.595858434521304,50,5.3168572887158945,10.421040285883153,served
14,5,5,12,0.3,2,2013.58,34.961839254845195,50,4.944350723971014,9.690927418983186,served
14,5,5,12,0.5,1,9666.54,43.3298737499163,50,6.127769511304559,12.010428242156935,served
14,5,5,12,0.5,2,2014.22,44.72833645053941,50,6.325542003073969,12.398062326024979,served
14,5,5,12,0.7,1,9664.16,47.45281652250347,50,6.710841669892649,13.153249672989592,served
14,5,5,12,0.7,2,2017.34,48.003660574704384,50,6.788742782830158,13.30593585434711,served
14,5,9,5,0.3,1,7804.92,37.65191812876879,50,5.324785326706623,10.436579240344981,served
14,5,9,5,0.3,2,2007.28,43.336858046080366,50,6.128757239940444,12.01236419028327,served
14,5,9,5,0.5,1,7823.18,48.597761769237906,50,6.872761379503294,13.470612303826456,served
14,5,9,5,0.5,2,1997.16,41.77312875179793,50,5.90761252235501,11.57892054381582,served
14,5,9,5,0.7,1,7817.22,50.82635103156313,50,7.187931495477232,14.088345731135375,served
14,5,9,5,0.7,2,2012.24,36.96085077207932,50,5.2270536438722655,10.24502514198964,served
14,5,9,9,0.3,1,7804.92,37.65191812876879,50,5.324785326706623,10.436579240344981,served
14,5,9,9,0.3,2,2007.28,43.336858046080366,50,6.128757239940444,12.01236419028327,served
14,5,9,9,0.5,1,7823.18,48.597761769237906,50,6.872761379503294,13.470612303826456,served
14,5,9,9,0.5,2,1997.16,41.77312875179793,50,5.90761252235501,11.57892054381582,served
14,5,9,9,0.7,1,7817.22,50.82635103156313,50,7.187931495477232,14.088345731135375,served
14,5,9,9,0.7,2,2012.24,36.96085077207932,50,5.2270536438722655,10.24502514198964,served
14,5,12,12,0.3,1,7809.24,44.652197879949995,50,6.314774383159244,12.376957790992117,served
14,5,12,12,0.3,2,2008.94,40.670106356148246,50,5.751621599202107,11.273178334436128,served
14,5,12,12,0.5,1,7809.24,44.652197879949995,50,6.314774383159244,12.376957790992117,served
14,5,12,12,0.5,2,2008.94,40.670106356148246,50,5.751621599202107,11.273178334436128,served
14,5,12,12,0.7,1,7809.24,44.652197879949995,50,6.314774383159244,12.376957790992117,served
14,5,12,12,0.7,2,2008.94,40.670106356148246,50,5.751621599202107,11.273178334436128,served
14,7,5,9,0.3,1,6679.46,50.32717852174095,50,7.117337842141798,13.949982170597924,served
14,7,5,9,0.3,2,3490.16,61.982999644240834,50,8.76571987334521,17.180810951756612,served
14,7,5,9,0.5,1,5746.52,62.057655877910925,50,8.776277859162406,17.201504603958316,served
14,7,5,9,0.5,2,5068.9,73.5147493183983,50,10.396555552053712,20.377248882025274,served
14,7,5,9,0.7,1,4605.28,53.20543166993072,50,7.524384305953101,14.747793239668077,served
14,7,5,9,0.7,2,6688.34,60.83185591347314,50,8.602923565715967,16.861730188803296,served
14,7,5,12,0.3,1,6679.46,50.32717852174095,50,7.117337842141798,13.949982170597924,served
14,7,5,12,0.3,2,3490.16,61.982999644240834,50,8.76571987334521,17.180810951756612,served
14,7,5,12,0.5,1,5746.52,62.057655877910925,50,8.776277859162406,17.201504603958316,served
14,7,5,12,0.5,2,5068.9,73.5147493183983,50,10.396555552053712,20.377248882025274,served
14,7,5,12,0.7,1,4605.28,53.20543166993072,50,7.524384305953101,14.747793239668077,served
14,7,5,12,0.7,2,6688.34,60.83185591347314,50,8.602923565715967,16.861730188803296,served
14,7,9,5,0.3,1,7145.44,45.06963319946917,50,6.373808652187001,12.492664958286522,served
14,7,9,5,0.3,2,2668.82,42.31692381088593,50,5.984516757126384,11.729652843967713,served
14,7,9,5,0.5,1,7197.6,54.051373899357614,50,7.644018603337066,14.982276462540648,served
14,7,9,5,0.5,2,2629.26,37.192719278737144,50,5.259844802552535,10.309295813002969,served
14,7,9,5,0.7,1,7280.28,51.45080471792886,50,7.276242582710462,14.261435462112505,served
14,7,9,5,0.7,2,2546.78,46.483391811330954,50,6.57374431246867,12.884538852438594,served
14,7,9,9,0.3,1,7075.56,43.54596914263617,50,6.1583300148196365,12.070326829046488,served
14,7,9,9,0.3,2,2740.62,39.21780624321834,50,5.546235347567961,10.870621281233204,served
14,7,9,9,0.5,1,7076.16,62.82478387855988,50,8.884766141421796,17.41414163718672,served
14,7,9,9,0.5,2,2736.2,56.0003644303011,50,7.919647487516767,15.522509075532863,served
14,7,9,9,0.7,1,7082.6,52.99788212942197,50,7.495032368447923,14.690263442157928,served
14,7,9,9,0.7,2,2735.6,45.611491570275454,50,6.450438997874964,12.64286043583493,served
14,7,12,12,0.3,1,7088.26,52.45126406523308,50,7.417728900466519,14.538748644914376,served
14,7,12,12,0.3,2,2724.68,51.618474781569375,50,7.2999547105108995,14.307911232601363,served
14,7,12,12,0.5,1,7088.26,52.45126406523308,50,7.417728900466519,14.538748644914376,served
14,7,12,12,0.5,2,2724.68,51.618474781569375,50,7.2999547105108995,14.307911232601363,served
14,7,12,12,0.7,1,7088.26,52.45126406523308,50,7.417728900466519,14.538748644914376,served
14,7,12,12,0.7,2,2724.68,51.618474781569375,50,7.2999547105108995,14.307911232601363,served
14,10,5,9,0.3,1,5606.58,56.124166281703765,50,7.937155713246822,15.556825197963772,served
14,10,5,9,0.3,2,4213.0,58.89527197682758,50,8.329049238928164,16.3249365082992,served
14,10,5,9,0.5,1,4742.52,53.126817856052654,50,7.513266633775477,14.726002602199936,served
14,10,5,9,0.5,2,5069.22,60.09050656794166,50,8.498080935825264,16.656238634217516,served
14,10,5,9,0.7,1,3847.6,55.78457105102562,50,7.889129695152597,15.46269420249909,served
14,10,5,9,0.7,2,5980.4,55.69523483812132,50,7.876495646762566,15.43793146765463,served
14,10,5,12,0.3,1,5606.58,56.124166281703765,50,7.937155713246822,15.556825197963772,served
14,10,5,12,0.3,2,4213.0,58.89527197682758,50,8.329049238928164,16.3249365082992,served
14,10,5,12,0.5,1,4742.52,53.126817856052654,50,7.513266633775477,14.726002602199936,served
14,10,5,12,0.5,2,5069.22,60.09050656794166,50,8.498080935825264,16.656238634217516,served
14,10,5,12,0.7,1,3847.6,55.78457105102562,50,7.889129695152597,15.46269420249909,served
14,10,5,12,0.7,2,5980.4,55.69523483812132,50,7.876495646762566,15.43793146765463,served
14,10,9,5,0.3,1,6143.6,51.78802950489621,50,7.323933369440222,14.354909404102834,served
14,10,9,5,0.3,2,3672.4,53.770487315277826,50,7.6042952416676375,14.90441867366857,served
14,10,9,5,0.5,1,6074.68,48.529158077113514,50,6.863059352320176,13.451596330547545,served
14,10,9,5,0.5,2,3740.02,52.681751477864765,50,7.450324742956519,14.602636496194776,served
14,10,9,5,0.7,1,6350.02,51.28650616181321,50,7.253007258076754,14.215894225830437,served
14,10,9,5,0.7,2,3471.22,48.19318691792564,50,6.815545855331205,13.358469876449162,served
14,10,9,9,0.3,1,5982.48,59.74716798001937,50,8.44952552707269,16.561070033062474,served
14,10,9,9,0.3,2,3836.88,63.83257437249738,50,9.027289239877506,17.693486910159912,served
14,10,9,9,0.5,1,5581.06,58.473929303265386,50,8.269462386592345,16.208146277720996,served
14,10,9,9,0.5,2,4231.36,54.00444426156065,50,7.637381750312094,14.969268230611704,served
14,10,9,9,0.7,1,5273.38,54.4972907021767,50,7.707080762360746,15.105878294227061,served
14,10,9,9,0.7,2,4541.12,59.35216241783858,50,8.393663304747802,16.451580077305692,served
14,10,12,12,0.3,1,6473.34,56.04065943762704,50,7.925346062102395,15.533678281720693,served
14,10,12,12,0.3,2,3332.82,47.44693706378414,50,6.710010188866621,13.151619970178576,served
14,10,12,12,0.5,1,6495.7,58.799295428237215,50,8.315476105259538,16.298333166308694,served
14,10,12,12,0.5,2,3325.2,47.79078555196046,50,6.758637708404664,13.246929908473142,served
14,10,12,12,0.7,1,6473.62,48.15489039949893,50,6.810129909756133,13.347854623122021,served
14,10,12,12,0.7,2,3330.32,54.22306158972639,50,7.66829890935827,15.029865862342207,served
14,14,5,9,0.3,1,4731.84,59.76462676403913,50,8.451994571987019,16.565909361094555,served
14,14,5,9,0.3,2,5068.9,63.50518217645941,50,8.980988991492303,17.602738423324915,served
14,14,5,9,0.5,1,4582.06,46.722983026099094,50,6.607627627003725,12.950950148927301,served
14,14,5,9,0.5,2,5217.4,45.785212834339085,50,6.475006894646103,12.69101351350636,served
14,14,5,9,0.7,1,3822.58,52.167739659913295,50,7.377632494539817,14.460159689298042,served
14,14,5,9,0.7,2,5996.5,60.723948810857955,50,8.58766319691649,16.83181986595632,served
14,14,5,12,0.3,1,4664.92,53.77536041492532,50,7.604984402028866,14.905769427976578,served
14,14,5,12,0.3,2,5128.96,60.56029547281873,50,8.56451911989822,16.78645747500051,served
14,14,5,12,0.5,1,4292.94,50.28953313421336,50,7.112013980381567,13.939547401547872,served
14,14,5,12,0.5,2,5511.22,50.63042966599502,50,7.160224030242724,14.03403909927574,served
14,14,5,12,0.7,1,3601.88,51.4807830205424,50,7.28048215492376,14.26974502365057,served
14,14,5,12,0.7,2,6194.74,57.02731533114243,50,8.064880276702876,15.807165342337637,served
14,14,9,5,0.3,1,5065.72,52.421385260722055,50,7.413503399409819,14.530466662843246,served
14,14,9,5,0.3,2,4731.5,50.63283197165053,50,7.160563767566623,14.034704984430581,served
14,14,9,5,0.5,1,5224.5,54.40259972779653,50,7.6936894363404695,15.07963129522732,served
14,14,9,5,0.5,2,4601.38,57.15603062437669,50,8.083083368040548,15.842843401359474,served
14,14,9,5,0.7,1,5986.16,52.549048031145034,50,7.43155764154405,14.565852977426337,served
14,14,9,5,0.7,2,3837.08,48.64357666763832,50,6.879240584570955,13.483311545759072,served
14,14,9,9,0.3,1,4876.74,51.86434818104729,50,7.334726460127744,14.376063861850378,served
14,14,9,9,0.3,2,4915.96,61.51321742818657,50,8.699282635214649,17.050593965020713,served
14,14,9,9,0.5,1,4912.14,50.79852560932882,50,7.183996386526981,14.080632917592881,served
14,14,9,9,0.5,2,4906.34,47.45550440106152,50,6.7112217933237295,13.153994714914509,served
14,14,9,9,0.7,1,4921.22,61.505363960539015,50,8.698171987168765,17.04841709485078,served
14,14,9,9,0.7,2,4906.86,58.33261768268491,50,8.249477905557763,16.168976694893214,served
14,14,12,12,0.3,1,4908.16,54.94537547159249,50,7.7704495181608095,15.230081055595186,served
14,14,12,12,0.3,2,4895.34,57.753031548666065,50,8.167512048428478,16.008323614919817,served
14,14,12,12,0.5,1,4899.62,43.72917113510454,50,6.184238689059891,12.121107830557385,served
14,14,12,12,0.5,2,4894.58,47.58111870419675,50,6.728986338435918,13.1888132233344,served
14,14,12,12,0.7,1,4904.2,51.361066808171586,50,7.263551725806686,14.236561382581105,served
14,14,12,12,0.7,2,4900.18,49.96843493442553,50,7.066603837482214,13.85054352146514,served
