background_id,source_scenario_ids,scenario_type,rho,class1_share,slots_per_day,lambda_total,lambda_class1,lambda_class2,horizon_class1,horizon_class2,cancel_class1,cancel_class2,balk_threshold_class1,balk_threshold_class2,balk_low_class1,balk_low_class2,balk_high_class1,balk_high_class2,noshow_threshold_class1,noshow_threshold_class2,noshow_low_class1,noshow_low_class2,noshow_high_class1,noshow_high_class2,balk_step_class1_focal,balk_high_class1_focal,is_primary_step,n_paired_seeds,estimated_post_threshold_offer_share,estimated_post_threshold_offer_share_ci_low,estimated_post_threshold_offer_share_ci_high,delta_class1_accepted_delay,delta_class1_accepted_delay_ci_low,delta_class1_accepted_delay_ci_high,delta_class1_offered_delay,delta_class1_offered_delay_ci_low,delta_class1_offered_delay_ci_high,selection_gap,selection_gap_ci_low,selection_gap_ci_high,delta_class1_served_rate,delta_class1_served_rate_ci_low,delta_class1_served_rate_ci_high,accepted_delay_component,selection_gap_component,served_rate_component,strong_selection_evidence,failure_component,classification
H5B0001,A001,anchor,0.8,0.1,16,12.8,1.2800000000000002,11.52,14,14,0.1,0.1,9,9,0.0,0.0,0.0,0.5,6,6,0.0,0.0,0.3,0.3,0.1,0.1,True,20,0.0,0.0,0.0,0.0,0.0,0.0,0.0,0.0,0.0,0.0,0.0,0.0,0.0,0.0,0.0,inconclusive,inconclusive,inconclusive,False,insufficient_post_threshold_offer_exposure,inactive
H5B0001,A001,anchor,0.8,0.1,16,12.8,1.2800000000000002,11.52,14,14,0.1,0.1,9,9,0.0,0.0,0.0,0.5,6,6,0.0,0.0,0.3,0.3,0.3,0.3,True,20,0.0,0.0,0.0,0.0,0.0,0.0,0.0,0.0,0.0,0.0,0.0,0.0,0.0,0.0,0.0,inconclusive,inconclusive,inconclusive,False,insufficient_post_threshold_offer_exposure,inactive
H5B0001,A001,anchor,0.8,0.1,16,12.8,1.2800000000000002,11.52,14,14,0.1,0.1,9,9,0.0,0.0,0.0,0.5,6,6,0.0,0.0,0.3,0.3,0.5,0.5,False,20,0.0,0.0,0.0,0.0,0.0,0.0,0.0,0.0,0.0,0.0,0.0,0.0,0.0,0.0,0.0,inconclusive,inconclusive,inconclusive,False,insufficient_post_threshold_offer_exposure,inactive
H5B0002,A002,anchor,0.8,0.3,32,25.6,7.68,17.919999999999998,14,14,0.1,0.1,9,9,0.0,0.0,0.0,0.5,6,6,0.0,0.0,0.3,0.3,0.1,0.1,True,20,0.0,0.0,0.0,0.0,0.0,0.0,0.0,0.0,0.0,0.0,0.0,0.0,0.0,0.0,0.0,inconclusive,inconclusive,inconclusive,False,insufficient_post_threshold_offer_exposure,inactive
H5B0002,A002,anchor,0.8,0.3,32,25.6,7.68,17.919999999999998,14,14,0.1,0.1,9,9,0.0,0.0,0.0,0.5,6,6,0.0,0.0,0.3,0.3,0.3,0.3,True,20,0.0,0.0,0.0,0.0,0.0,0.0,0.0,0.0,0.0,0.0,0.0,0.0,0.0,0.0,0.0,inconclusive,inconclusive,inconclusive,False,insufficient_post_threshold_offer_exposure,inactive
H5B0002,A002,anchor,0.8,0.3,32,25.6,7.68,17.919999999999998,14,14,0.1,0.1,9,9,0.0,0.0,0.0,0.5,6,6,0.0,0.0,0.3,0.3,0.5,0.5,False,20,0.0,0.0,0.0,0.0,0.0,0.0,0.0,0.0,0.0,0.0,0.0,0.0,0.0,0.0,0.0,inconclusive,inconclusive,inconclusive,False,insufficient_post_threshold_offer_exposure,inactive
H5B0003,A003,anchor,0.8,0.5,64,51.2,25.6,25.6,14,14,0.1,0.1,9,9,0.0,0.0,0.0,0.5,6,6,0.0,0.0,0.3,0.3,0.1,0.1,True,20,0.0,0.0,0.0,0.0,0.0,0.0,0.0,0.0,0.0,0.0,0.0,0.0,0.0,0.0,0.0,inconclusive,inconclusive,inconclusive,False,insufficient_post_threshold_offer_exposure,inactive
H5B0003,A003,anchor,0.8,0.5,64,51.2,25.6,25.6,14,14,0.1,0.1,9,9,0.0,0.0,0.0,0.5,6,6,0.0,0.0,0.3,0.3,0.3,0.3,True,20,0.0,0.0,0.0,0.0,0.0,0.0,0.0,0.0,0.0,0.0,0.0,0.0,0.0,0.0,0.0,inconclusive,inconclusive,inconclusive,False,insufficient_post_threshold_offer_exposure,inactive
H5B0003,A003,anchor,0.8,0.5,64,51.2,25.6,25.6,14,14,0.1,0.1,9,9,0.0,0.0,0.0,0.5,6,6,0.0,0.0,0.3,0.3,0.5,0.5,False,20,0.0,0.0,0.0,0.0,0.0,0.0,0.0,0.0,0.0,0.0,0.0,0.0,0.0,0.0,0.0,inconclusive,inconclusive,inconclusive,False,insufficient_post_threshold_offer_exposure,inactive
H5B0004,A004,anchor,1.25,0.7,16,20.0,14.0,6.000000000000001,14,14,0.1,0.1,9,9,0.0,0.0,0.0,0.5,6,6,0.0,0.0,0.3,0.3,0.1,0.1,True,20,0.0,0.0,0.0,0.0,0.0,0.0,0.0,0.0,0.0,0.0,0.0,0.0,0.0,0.0,0.0,inconclusive,inconclusive,inconclusive,False,insufficient_post_threshold_offer_exposure,inactive
H5B0004,A004,anchor,1.25,0.7,16,20.0,14.0,6.000000000000001,14,14,0.1,0.1,9,9,0.0,0.0,0.0,0.5,6,6,0.0,0.0,0.3,0.3,0.3,0.3,True,20,0.0,0.0,0.0,0.0,0.0,0.0,0.0,0.0,0.0,0.0,0.0,0.0,0.0,0.0,0.0,inconclusive,inconclusive,inconclusive,False,insufficient_post_threshold_offer_exposure,inactive
H5B0004,A004,anchor,1.25,0.7,16,20.0,14.0,6.000000000000001,14,14,0.1,0.1,9,9,0.0,0.0,0.0,0.5,6,6,0.0,0.0,0.3,0.3,0.5,0.5,False,20,0.0,0.0,0.0,0.0,0.0,0.0,0.0,0.0,0.0,0.0,0.0,0.0,0.0,0.0,0.0,inconclusive,inconclusive,inconclusive,False,insufficient_post_threshold_offer_exposure,inactive
H5B0005,A005,anchor,1.25,0.9,32,40.0,36.0,3.999999999999999,14,14,0.1,0.1,9,9,0.0,0.0,0.0,0.5,6,6,0.0,0.0,0.3,0.3,0.1,0.1,True,20,0.0,0.0,0.0,0.0,0.0,0.0,0.0,0.0,0.0,0.0,0.0,0.0,0.0,0.0,0.0,inconclusive,inconclusive,inconclusive,False,insufficient_post_threshold_offer_exposure,inactive
H5B0005,A005,anchor,1.25,0.9,32,40.0,36.0,3.999999999999999,14,14,0.1,0.1,9,9,0.0,0.0,0.0,0.5,6,6,0.0,0.0,0.3,0.3,0.3,0.3,True,20,0.0,0.0,0.0,0.0,0.0,0.0,0.0,0.0,0.0,0.0,0.0,0.0,0.0,0.0,0.0,inconclusive,inconclusive,inconclusive,False,insufficient_post_threshold_offer_exposure,inactive
H5B0005,A005,anchor,1.25,0.9,32,40.0,36.0,3.999999999999999,14,14,0.1,0.1,9,9,0.0,0.0,0.0,0.5,6,6,0.0,0.0,0.3,0.3,0.5,0.5,False,20,0.0,0.0,0.0,0.0,0.0,0.0,0.0,0.0,0.0,0.0,0.0,0.0,0.0,0.0,0.0,inconclusive,inconclusive,inconclusive,False,insufficient_post_threshold_offer_exposure,inactive
H5B0006,A006,anchor,1.25,0.1,64,80.0,8.0,72.0,14,14,0.1,0.1,9,9,0.0,0.0,0.0,0.5,6,6,0.0,0.0,0.3,0.3,0.1,0.1,True,20,0.0,0.0,0.0,0.0,0.0,0.0,0.0,0.0,0.0,0.0,0.0,0.0,0.0,0.0,0.0,inconclusive,inconclusive,inconclusive,False,insufficient_post_threshold_offer_exposure,inactive
H5B0006,A006,anchor,1.25,0.1,64,80.0,8.0,72.0,14,14,0.1,0.1,9,9,0.0,0.0,0.0,0.5,6,6,0.0,0.0,0.3,0.3,0.3,0.3,True,20,0.0,0.0,0.0,0.0,0.0,0.0,0.0,0.0,0.0,0.0,0.0,0.0,0.0,0.0,0.0,inconclusive,inconclusive,inconclusive,False,insufficient_post_threshold_offer_exposure,inactive
H5B0006,A006,anchor,1.25,0.1,64,80.0,8.0,72.0,14,14,0.1,0.1,9,9,0.0,0.0,0.0,0.5,6,6,0.0,0.0,0.3,0.3,0.5,0.5,False,20,0.0,0.0,0.0,0.0,0.0,0.0,0.0,0.0,0.0,0.0,0.0,0.0,0.0,0.0,0.0,inconclusive,inconclusive,inconclusive,False,insufficient_post_threshold_offer_exposure,inactive
H5B0007,A007,anchor,2.0,0.3,16,32.0,9.6,22.4,14,14,0.1,0.1,9,9,0.0,0.0,0.0,0.5,6,6,0.0,0.0,0.3,0.3,0.1,0.1,True,20,0.2298778760620804,0.2196842445140695,0.2400715076100913,-0.0960180544806617,-0.12279638172482235,-0.06923972723650104,-0.034281299855605595,-0.06096802225027074,-0.007594577460940451,0.0617367546250561,0.05917822607267882,0.06429528317743338,0.0007421753719867224,-0.003700945194904618,0.0051852959388780625,inconclusive,inconclusive,inconclusive,False,accepted_delay;selection_gap;served_rate,inconclusive
H5B0007,A007,anchor,2.0,0.3,16,32.0,9.6,22.4,14,14,0.1,0.1,9,9,0.0,0.0,0.0,0.5,6,6,0.0,0.0,0.3,0.3,0.3,0.3,True,20,0.21236935138663218,0.19994618991917437,0.22479251285409,-0.23231991178030822,-0.2639353720890127,-0.2007044514716038,-0.05282026581582975,-0.08520646729784453,-0.02043406433381497,0.17949964596447848,0.17055880192422657,0.1884404900047304,-0.011041486790438962,-0.0161060266118155,-0.0059769469690624235,inconclusive,inconclusive,supported,False,accepted_delay;selection_gap,inconclusive
H5B0007,A007,anchor,2.0,0.3,16,32.0,9.6,22.4,14,14,0.1,0.1,9,9,0.0,0.0,0.0,0.5,6,6,0.0,0.0,0.3,0.3,0.5,0.5,False,20,0.18945613840344505,0.18148896080159066,0.19742331600529944,-0.36483120271507036,-0.38918572606290774,-0.34047667936723297,-0.08514824412751358,-0.1099291226505238,-0.060367365604503356,0.27968295858755676,0.26896904163548613,0.2903968755396274,-0.01842879036933552,-0.023882398543363215,-0.012975182195307826,supported,supported,supported,True,,supported
H5B0008,A008,anchor,2.0,0.5,32,64.0,32.0,32.0,14,14,0.1,0.1,9,9,0.0,0.0,0.0,0.5,6,6,0.0,0.0,0.3,0.3,0.1,0.1,True,20,0.27014469267332264,0.25889005734343185,0.28139932800321343,-0.11246208735823222,-0.13392787463343372,-0.09099630008303072,-0.04210191506540051,-0.0641996826942802,-0.02000414743652082,0.07036017229283172,0.06787231255651209,0.07284803202915134,-0.006947387248535597,-0.008855994140386382,-0.0050387803566848115,inconclusive,inconclusive,supported,False,accepted_delay;selection_gap,inconclusive
H5B0008,A008,anchor,2.0,0.5,32,64.0,32.0,32.0,14,14,0.1,0.1,9,9,0.0,0.0,0.0,0.5,6,6,0.0,0.0,0.3,0.3,0.3,0.3,True,20,0.22307048957128525,0.21328244583919082,0.2328585333033797,-0.277670292595042,-0.30809070296995966,-0.2472498822201243,-0.09258063200972004,-0.12406372559474638,-0.06109753842469371,0.18508966058532197,0.17800191952310734,0.1921774016475366,-0.01603618330062189,-0.01827194950301048,-0.013800417098233302,supported,inconclusive,supported,False,selection_gap,inconclusive
H5B0008,A008,anchor,2.0,0.5,32,64.0,32.0,32.0,14,14,0.1,0.1,9,9,0.0,0.0,0.0,0.5,6,6,0.0,0.0,0.3,0.3,0.5,0.5,False,20,0.17888716661028592,0.17337785941127556,0.18439647380929627,-0.42278504882520984,-0.44908063021212624,-0.39648946743829344,-0.16201972205386378,-0.18768339716125687,-0.1363560469464707,0.2607653267713462,0.25341419688805095,0.2681164566546414,-0.020147109138543874,-0.022583165791844103,-0.017711052485243645,supported,supported,supported,True,,supported
H5B0009,A009,anchor,2.0,0.7,64,128.0,89.6,38.400000000000006,14,14,0.1,0.1,9,9,0.0,0.0,0.0,0.5,6,6,0.0,0.0,0.3,0.3,0.1,0.1,True,20,0.33010928928210714,0.32290566978658364,0.33731290877763065,-0.19645498093895872,-0.22088630275536986,-0.17202365912254758,-0.11188286881963268,-0.13684534359997103,-0.08692039403929432,0.08457211211932605,0.08304523813227163,0.08609898610638048,-0.005860743223452888,-0.007770835889992839,-0.003950650556912937,inconclusive,inconclusive,supported,False,accepted_delay;selection_gap,inconclusive
H5B0009,A009,anchor,2.0,0.7,64,128.0,89.6,38.400000000000006,14,14,0.1,0.1,9,9,0.0,0.0,0.0,0.5,6,6,0.0,0.0,0.3,0.3,0.3,0.3,True,20,0.23518169033542602,0.22954449056398485,0.2408188901068672,-0.4037284807293668,-0.4260304097977707,-0.3814265516609629,-0.2088318342754439,-0.23059458929912724,-0.18706907925176058,0.19489664645392293,0.1909002572863946,0.19889303562145128,-0.012048568728077353,-0.013615038255857678,-0.010482099200297027,supported,inconclusive,supported,False,selection_gap,inconclusive
H5B0009,A009,anchor,2.0,0.7,64,128.0,89.6,38.400000000000006,14,14,0.1,0.1,9,9,0.0,0.0,0.0,0.5,6,6,0.0,0.0,0.3,0.3,0.5,0.5,False,20,0.18198053212647708,0.1777587881364798,0.18620227611647436,-0.5269856454735672,-0.5536467246608426,-0.5003245662862917,-0.26432584185419794,-0.29170313262226827,-0.2369485510861276,0.26265980361936936,0.256999207303651,0.2683203999350877,-0.017018228247653176,-0.019146899188391776,-0.014889557306914575,supported,supported,supported,False,,supported
H5B0010,A010,anchor,3.1,0.9,16,49.6,44.64,4.959999999999999,14,14,0.1,0.1,9,9,0.0,0.0,0.0,0.5,6,6,0.0,0.0,0.3,0.3,0.1,0.1,True,20,0.6444336509275559,0.6326319549732425,0.6562353468818692,-0.011047466134123506,-0.027352746497759445,0.005257814229512433,0.1763229711750693,0.1580590923364759,0.1945868500136627,0.1873704373091928,0.18410739622007402,0.1906334783983116,-0.00037812683682338923,-0.002608355903492699,0.001852102229845921,inconclusive,inconclusive,inconclusive,False,accepted_delay;selection_gap;served_rate,inconclusive
H5B0010,A010,anchor,3.1,0.9,16,49.6,44.64,4.959999999999999,14,14,0.1,0.1,9,9,0.0,0.0,0.0,0.5,6,6,0.0,0.0,0.3,0.3,0.3,0.3,True,20,0.7455176802328102,0.7404971883218597,0.7505381721437606,-0.136165318267975,-0.15049193769384564,-0.1218386988421044,0.47679308421942246,0.4621620851126289,0.491424083326216,0.6129584024873974,0.6085286601335052,0.6173881448412897,-0.003123900044151606,-0.00519423714489063,-0.001053562943412582,inconclusive,supported,inconclusive,False,accepted_delay;served_rate,inconclusive
H5B0010,A010,anchor,3.1,0.9,16,49.6,44.64,4.959999999999999,14,14,0.1,0.1,9,9,0.0,0.0,0.0,0.5,6,6,0.0,0.0,0.3,0.3,0.5,0.5,False,20,0.8152061864298574,0.8099664357068093,0.8204459371529056,-1.265361928208938,-1.3108803670181908,-1.219843489399685,-0.31441157198823105,-0.36305561991232627,-0.26576752406413584,0.9509503562207069,0.9443196638933055,0.9575810485481083,-0.004745728344690686,-0.0066547550843164705,-0.002836701605064902,supported,supported,inconclusive,False,served_rate,inconclusive
H5B0011,A011,anchor,3.1,0.1,32,99.2,9.920000000000002,89.28,14,14,0.1,0.1,9,9,0.0,0.0,0.0,0.5,6,6,0.0,0.0,0.3,0.3,0.1,0.1,True,20,0.7117590399501256,0.6918561224487829,0.7316619574514682,-0.24277131547674075,-0.3081627343171924,-0.1773798966362891,-0.09746453321242177,-0.16270752310228487,-0.032221543322558666,0.14530678226431898,0.14019278637785468,0.15042077815078328,-0.013279510409881906,-0.01935262530968134,-0.007206395510082471,inconclusive,inconclusive,supported,False,accepted_delay;selection_gap,inconclusive
H5B0011,A011,anchor,3.1,0.1,32,99.2,9.920000000000002,89.28,14,14,0.1,0.1,9,9,0.0,0.0,0.0,0.5,6,6,0.0,0.0,0.3,0.3,0.3,0.3,True,20,0.7139540304836794,0.700153335895676,0.7277547250716829,-0.8394973738736894,-0.8987200597710754,-0.7802746879763034,-0.3418456534072412,-0.4037055476316151,-0.27998575918286733,0.4976517204664481,0.48835058831963446,0.5069528526132618,-0.04094781530911468,-0.04688356932921458,-0.035012061289014774,supported,supported,supported,False,,supported
H5B0011,A011,anchor,3.1,0.1,32,99.2,9.920000000000002,89.28,14,14,0.1,0.1,9,9,0.0,0.0,0.0,0.5,6,6,0.0,0.0,0.3,0.3,0.5,0.5,False,20,0.7100586380919951,0.7004475586155676,0.7196697175684226,-1.5423701075027145,-1.6007250044519907,-1.4840152105534383,-0.5945320494431592,-0.6530213763673436,-0.5360427225189748,0.9478380580595556,0.9304302235217048,0.9652458925974063,-0.06997636107294715,-0.07627512623754842,-0.06367759590834587,supported,supported,supported,False,,supported
H5B0012,A012,anchor,3.1,0.3,64,198.4,59.52,138.88,14,14,0.1,0.1,9,9,0.0,0.0,0.0,0.5,6,6,0.0,0.0,0.3,0.3,0.1,0.1,True,20,0.7046130721488848,0.6948040279544947,0.7144221163432749,-0.12233877337575913,-0.13715427911498979,-0.10752326763652847,0.04564335101396795,0.03108661059173367,0.06020009143620223,0.1679821243897271,0.165327566872802,0.17063668190665218,-0.009460003769458094,-0.010973762857136147,-0.007946244681780042,inconclusive,inconclusive,supported,False,accepted_delay;selection_gap,inconclusive
H5B0012,A012,anchor,3.1,0.3,64,198.4,59.52,138.88,14,14,0.1,0.1,9,9,0.0,0.0,0.0,0.5,6,6,0.0,0.0,0.3,0.3,0.3,0.3,True,20,0.7340840450618618,0.7292521896650334,0.7389159004586902,-0.7731525915084546,-0.8077137127151334,-0.7385914703017759,-0.2245025936855475,-0.25762217620722144,-0.19138301116387357,0.5486499978229071,0.5433932520458651,0.5539067435999492,-0.025447651476894283,-0.02715227303954764,-0.023743029914240925,supported,supported,supported,True,,supported
H5B0012,A012,anchor,3.1,0.3,64,198.4,59.52,138.88,14,14,0.1,0.1,9,9,0.0,0.0,0.0,0.5,6,6,0.0,0.0,0.3,0.3,0.5,0.5,False,20,0.7330279926302656,0.7298574428866028,0.7361985423739285,-1.9204301204165666,-1.9440605687432133,-1.8967996720899198,-0.9733675538831627,-0.999214104434655,-0.9475210033316703,0.947062566533404,0.9413256562010249,0.9527994768657831,-0.04662540411127552,-0.048122292877663855,-0.04512851534488718,supported,supported,supported,False,,supported
H5B0013,A013,anchor,4.0,0.5,16,64.0,32.0,32.0,14,14,0.1,0.1,9,9,0.0,0.0,0.0,0.5,6,6,0.0,0.0,0.3,0.3,0.1,0.1,True,20,0.684664297229715,0.6699161353296128,0.6994124591298172,-0.07028682235448133,-0.10157299742490686,-0.0390006472840558,0.10718925967029155,0.07627811196302557,0.13810040737755755,0.17747608202477289,0.1730373635295412,0.18191480052000458,-0.0024736920723348447,-0.004396725067473597,-0.0005506590771960928,inconclusive,inconclusive,inconclusive,False,accepted_delay;selection_gap;served_rate,inconclusive
H5B0013,A013,anchor,4.0,0.5,16,64.0,32.0,32.0,14,14,0.1,0.1,9,9,0.0,0.0,0.0,0.5,6,6,0.0,0.0,0.3,0.3,0.3,0.3,True,20,0.7617439879220962,0.7522521334961947,0.7712358423479977,-0.224988690595373,-0.250739631622448,-0.19923774956829796,0.3669987637522422,0.34193303987325857,0.39206448763122587,0.5919874543476152,0.5836361194660504,0.60033878922918,-0.01067149782977388,-0.012648711643003067,-0.008694284016544693,inconclusive,supported,supported,False,accepted_delay,inconclusive
H5B0013,A013,anchor,4.0,0.5,16,64.0,32.0,32.0,14,14,0.1,0.1,9,9,0.0,0.0,0.0,0.5,6,6,0.0,0.0,0.3,0.3,0.5,0.5,False,20,0.8435018548875586,0.836869815154847,0.8501338946202701,-0.5388401973787706,-0.5688225824102091,-0.5088578123473322,0.5887294563569249,0.5627697835189621,0.6146891291948876,1.1275696537356956,1.1158532347006909,1.1392860727707004,-0.02313807653095685,-0.025460725544307887,-0.02081542751760581,supported,supported,supported,True,,supported
H5B0014,A014,anchor,4.0,0.7,32,128.0,89.6,38.400000000000006,14,14,0.1,0.1,9,9,0.0,0.0,0.0,0.5,6,6,0.0,0.0,0.3,0.3,0.1,0.1,True,20,0.6658575662846509,0.658026813117447,0.6736883194518547,-0.018282019118415604,-0.032304181300459145,-0.004259856936372061,0.1651666416737095,0.1511396431083971,0.17919364023902193,0.18344866079212513,0.18144210475649292,0.18545521682775734,-0.0018439424987716738,-0.0030565234229103797,-0.0006313615746329679,inconclusive,inconclusive,inconclusive,False,accepted_delay;selection_gap;served_rate,inconclusive
H5B0014,A014,anchor,4.0,0.7,32,128.0,89.6,38.400000000000006,14,14,0.1,0.1,9,9,0.0,0.0,0.0,0.5,6,6,0.0,0.0,0.3,0.3,0.3,0.3,True,20,0.7628517710850671,0.7574513541072211,0.7682521880629131,-0.11604261531737592,-0.13155003812126484,-0.100535192513487,0.4942873856930235,0.478694292309159,0.5098804790768879,0.6103300010103994,0.6065183063982992,0.6141416956224995,-0.005293592793409187,-0.006570911419643123,-0.004016274167175251,inconclusive,supported,supported,False,accepted_delay,inconclusive
H5B0014,A014,anchor,4.0,0.7,32,128.0,89.6,38.400000000000006,14,14,0.1,0.1,9,9,0.0,0.0,0.0,0.5,6,6,0.0,0.0,0.3,0.3,0.5,0.5,False,20,0.8772914572636694,0.8734241850884332,0.8811587294389056,-0.3152441126836285,-0.327197740182626,-0.30329048518463103,0.8345407595830121,0.8221875048002291,0.8468940143657951,1.1497848722666408,1.143687294039306,1.1558824504939758,-0.011376440136755055,-0.012224621593848184,-0.010528258679661926,supported,supported,supported,True,,supported
H5B0015,A015,anchor,4.0,0.9,64,256.0,230.4,25.599999999999994,14,14,0.1,0.1,9,9,0.0,0.0,0.0,0.5,6,6,0.0,0.0,0.3,0.3,0.1,0.1,True,20,0.643325125630964,0.6369238717060484,0.6497263795558796,-0.014487286660779386,-0.023019424323558677,-0.005955148998000094,0.17311587030640724,0.1641196093080038,0.1821121313048107,0.18760315696718663,0.18596872979574028,0.18923758413863298,-0.0005752518500687171,-0.0011979678625021993,4.746416236476507e-05,inconclusive,inconclusive,inconclusive,False,accepted_delay;selection_gap;served_rate,inconclusive
H5B0015,A015,anchor,4.0,0.9,64,256.0,230.4,25.599999999999994,14,14,0.1,0.1,9,9,0.0,0.0,0.0,0.5,6,6,0.0,0.0,0.3,0.3,0.3,0.3,True,20,0.7513739604861556,0.7479787536576824,0.7547691673146287,-0.04401053979534124,-0.051439775462212255,-0.03658130412847022,0.5744256330128956,0.5668544735255995,0.5819967925001918,0.6184361728082368,0.6151988924194528,0.6216734531970208,-0.001286048862913193,-0.0019485139455812013,-0.0006235837802451848,inconclusive,supported,inconclusive,False,accepted_delay;served_rate,inconclusive
H5B0015,A015,anchor,4.0,0.9,64,256.0,230.4,25.599999999999994,14,14,0.1,0.1,9,9,0.0,0.0,0.0,0.5,6,6,0.0,0.0,0.3,0.3,0.5,0.5,False,20,0.9020133788060601,0.8995410156031584,0.9044857420089619,-0.10557323175771946,-0.11316301089479094,-0.09798345262064798,1.0433237265646258,1.0358202016726883,1.0508272514565633,1.1488969583223452,1.1449697301529351,1.1528241864917552,-0.0032691664563101854,-0.003957111715999142,-0.0025812211966212283,inconclusive,supported,inconclusive,False,accepted_delay;served_rate,inconclusive
H5B0016,A016,anchor,0.8,0.5,32,25.6,12.8,12.8,7,7,0.0,0.0,4,4,0.0,0.0,0.0,0.0,4,4,0.0,0.0,0.0,0.0,0.1,0.1,True,20,0.0,0.0,0.0,0.0,0.0,0.0,0.0,0.0,0.0,0.0,0.0,0.0,0.0,0.0,0.0,inconclusive,inconclusive,inconclusive,False,insufficient_post_threshold_offer_exposure,inactive
H5B0016,A016,anchor,0.8,0.5,32,25.6,12.8,12.8,7,7,0.0,0.0,4,4,0.0,0.0,0.0,0.0,4,4,0.0,0.0,0.0,0.0,0.3,0.3,True,20,0.0,0.0,0.0,0.0,0.0,0.0,0.0,0.0,0.0,0.0,0.0,0.0,0.0,0.0,0.0,inconclusive,inconclusive,inconclusive,False,insufficient_post_threshold_offer_exposure,inactive
H5B0016,A016,anchor,0.8,0.5,32,25.6,12.8,12.8,7,7,0.0,0.0,4,4,0.0,0.0,0.0,0.0,4,4,0.0,0.0,0.0,0.0,0.5,0.5,False,20,0.0,0.0,0.0,0.0,0.0,0.0,0.0,0.0,0.0,0.0,0.0,0.0,0.0,0.0,0.0,inconclusive,inconclusive,inconclusive,False,insufficient_post_threshold_offer_exposure,inactive
H5B0017,A017,anchor,1.25,0.3,64,80.0,24.0,56.0,21,21,0.3,0.3,6,6,0.1,0.1,0.1,0.1,9,9,0.0,0.0,0.1,0.1,0.1,0.2,True,20,0.0,0.0,0.0,0.0,0.0,0.0,0.0,0.0,0.0,0.0,0.0,0.0,0.0,0.0,0.0,inconclusive,inconclusive,inconclusive,False,insufficient_post_threshold_offer_exposure,inactive
H5B0017,A017,anchor,1.25,0.3,64,80.0,24.0,56.0,21,21,0.3,0.3,6,6,0.1,0.1,0.1,0.1,9,9,0.0,0.0,0.1,0.1,0.3,0.4,True,20,0.0,0.0,0.0,0.0,0.0,0.0,0.0,0.0,0.0,0.0,0.0,0.0,0.0,0.0,0.0,inconclusive,inconclusive,inconclusive,False,insufficient_post_threshold_offer_exposure,inactive
H5B0017,A017,anchor,1.25,0.3,64,80.0,24.0,56.0,21,21,0.3,0.3,6,6,0.1,0.1,0.1,0.1,9,9,0.0,0.0,0.1,0.1,0.5,0.6,False,20,0.0,0.0,0.0,0.0,0.0,0.0,0.0,0.0,0.0,0.0,0.0,0.0,0.0,0.0,0.0,inconclusive,inconclusive,inconclusive,False,insufficient_post_threshold_offer_exposure,inactive
H5B0018,A018,anchor,2.0,0.7,16,32.0,22.4,9.6,28,28,0.5,0.5,12,12,0.3,0.3,0.3,0.3,12,12,0.3,0.3,0.3,0.3,0.1,0.4,True,20,0.0,0.0,0.0,0.0,0.0,0.0,0.0,0.0,0.0,0.0,0.0,0.0,0.0,0.0,0.0,inconclusive,inconclusive,inconclusive,False,insufficient_post_threshold_offer_exposure,inactive
H5B0018,A018,anchor,2.0,0.7,16,32.0,22.4,9.6,28,28,0.5,0.5,12,12,0.3,0.3,0.3,0.3,12,12,0.3,0.3,0.3,0.3,0.3,0.6,True,20,0.0,0.0,0.0,0.0,0.0,0.0,0.0,0.0,0.0,0.0,0.0,0.0,0.0,0.0,0.0,inconclusive,inconclusive,inconclusive,False,insufficient_post_threshold_offer_exposure,inactive
H5B0019,A019,anchor,3.1,0.5,32,99.2,49.6,49.6,14,14,0.0,0.0,4,4,0.5,0.5,0.5,0.7,4,4,0.5,0.5,0.5,0.5,0.1,0.6,True,20,1.0,1.0,1.0,-0.7312887831879549,-0.8385500777394226,-0.6240274886364872,-0.7328251792807121,-0.8403536395876681,-0.6252967189737562,-0.0015363960927571973,-0.008872868130200677,0.005800075944686282,-0.01445795478458313,-0.01646933510347524,-0.012446574465691019,supported,inconclusive,supported,False,selection_gap,inconclusive
H5B0021,A021,anchor,0.8,0.1,64,51.2,5.120000000000001,46.080000000000005,28,28,0.1,0.1,12,12,0.0,0.0,0.0,0.1,12,12,0.0,0.0,0.1,0.1,0.1,0.1,True,20,0.0,0.0,0.0,0.0,0.0,0.0,0.0,0.0,0.0,0.0,0.0,0.0,0.0,0.0,0.0,inconclusive,inconclusive,inconclusive,False,insufficient_post_threshold_offer_exposure,inactive
H5B0021,A021,anchor,0.8,0.1,64,51.2,5.120000000000001,46.080000000000005,28,28,0.1,0.1,12,12,0.0,0.0,0.0,0.1,12,12,0.0,0.0,0.1,0.1,0.3,0.3,True,20,0.0,0.0,0.0,0.0,0.0,0.0,0.0,0.0,0.0,0.0,0.0,0.0,0.0,0.0,0.0,inconclusive,inconclusive,inconclusive,False,insufficient_post_threshold_offer_exposure,inactive
H5B0021,A021,anchor,0.8,0.1,64,51.2,5.120000000000001,46.080000000000005,28,28,0.1,0.1,12,12,0.0,0.0,0.0,0.1,12,12,0.0,0.0,0.1,0.1,0.5,0.5,False,20,0.0,0.0,0.0,0.0,0.0,0.0,0.0,0.0,0.0,0.0,0.0,0.0,0.0,0.0,0.0,inconclusive,inconclusive,inconclusive,False,insufficient_post_threshold_offer_exposure,inactive
H5B0022,A022,anchor,4.0,0.9,16,64.0,57.6,6.399999999999999,7,7,0.5,0.5,4,4,0.5,0.5,0.5,0.7,4,4,0.5,0.5,0.7,0.7,0.1,0.6,True,20,0.027197488633149393,0.015860249556689812,0.038534727709608974,0.0059390454846475205,-0.003575359712814719,0.01545345068210976,0.004577537096973816,-0.003925359526217481,0.013080433720165112,-0.0013615083876737043,-0.00489169144998372,0.002168674674636311,-0.0007758332149049197,-0.0017964392576385782,0.0002447728278287388,inconclusive,inconclusive,inconclusive,False,accepted_delay;selection_gap;served_rate,inconclusive
H5B0023,A023,anchor,3.1,0.1,32,99.2,9.920000000000002,89.28,21,21,0.3,0.3,9,9,0.3,0.3,0.3,0.7,6,6,0.3,0.3,0.7,0.7,0.1,0.4,True,20,0.0,0.0,0.0,0.0,0.0,0.0,0.0,0.0,0.0,0.0,0.0,0.0,0.0,0.0,0.0,inconclusive,inconclusive,inconclusive,False,insufficient_post_threshold_offer_exposure,inactive
H5B0023,A023,anchor,3.1,0.1,32,99.2,9.920000000000002,89.28,21,21,0.3,0.3,9,9,0.3,0.3,0.3,0.7,6,6,0.3,0.3,0.7,0.7,0.3,0.6,True,20,0.0,0.0,0.0,0.0,0.0,0.0,0.0,0.0,0.0,0.0,0.0,0.0,0.0,0.0,0.0,inconclusive,inconclusive,inconclusive,False,insufficient_post_threshold_offer_exposure,inactive
H5B0024,A024,anchor,3.1,0.9,32,99.2,89.28,9.919999999999998,21,21,0.3,0.3,9,9,0.3,0.3,0.3,0.7,6,6,0.3,0.3,0.7,0.7,0.1,0.4,True,20,0.0,0.0,0.0,0.0,0.0,0.0,0.0,0.0,0.0,0.0,0.0,0.0,0.0,0.0,0.0,inconclusive,inconclusive,inconclusive,False,insufficient_post_threshold_offer_exposure,inactive
H5B0024,A024,anchor,3.1,0.9,32,99.2,89.28,9.919999999999998,21,21,0.3,0.3,9,9,0.3,0.3,0.3,0.7,6,6,0.3,0.3,0.7,0.7,0.3,0.6,True,20,0.0,0.0,0.0,0.0,0.0,0.0,0.0,0.0,0.0,0.0,0.0,0.0,0.0,0.0,0.0,inconclusive,inconclusive,inconclusive,False,insufficient_post_threshold_offer_exposure,inactive
H5B0025,A025,anchor,4.0,0.5,32,128.0,64.0,64.0,28,28,0.1,0.1,4,4,0.0,0.0,0.0,0.7,4,4,0.0,0.0,0.7,0.7,0.1,0.1,True,20,0.9028557321852176,0.8937677087479708,0.9119437556224644,-1.0727431615327212,-1.1250164506545632,-1.0204698724108792,-0.9636292887883406,-1.0159313034680113,-0.9113272741086701,0.10911387274438056,0.10539132887099777,0.11283641661776335,-0.001881025483140572,-0.0038067592365546724,4.470827027352846e-05,supported,inconclusive,inconclusive,False,selection_gap;served_rate,inconclusive
H5B0025,A025,anchor,4.0,0.5,32,128.0,64.0,64.0,28,28,0.1,0.1,4,4,0.0,0.0,0.0,0.7,4,4,0.0,0.0,0.7,0.7,0.3,0.3,True,20,0.8992570878789857,0.8944180018713673,0.9040961738866041,-3.2538526479828307,-3.3087440990275914,-3.19896119693807,-2.9391843382723986,-2.9938054466270914,-2.8845632299177058,0.31466830971043247,0.3094555371146381,0.31988108230622686,-0.006455844413753606,-0.008060516511655643,-0.004851172315851568,supported,supported,supported,False,,supported
H5B0025,A025,anchor,4.0,0.5,32,128.0,64.0,64.0,28,28,0.1,0.1,4,4,0.0,0.0,0.0,0.7,4,4,0.0,0.0,0.7,0.7,0.5,0.5,False,20,0.8996919172036707,0.8968773620346528,0.9025064723726886,-5.620671044766664,-5.670410389144709,-5.570931700388619,-5.126118445252418,-5.175598785706664,-5.076638104798172,0.4945525995142466,0.4880102231084538,0.5010949759200394,-0.015168629376834802,-0.016591141439151004,-0.013746117314518599,supported,supported,supported,False,,supported
H5B0026,A026,anchor,2.0,0.5,32,64.0,32.0,32.0,14,14,0.1,0.1,12,12,0.0,0.0,0.0,0.7,12,12,0.0,0.0,0.7,0.7,0.1,0.1,True,20,0.005645538009704623,0.003833954331681203,0.007457121687728043,0.010381648644050844,-0.019905144904512576,0.040668442192614264,0.013039228846040807,-0.01728505381066421,0.043363511502745825,0.0026575802019899617,0.0018222560945944067,0.003492904309385517,-6.108376523701609e-05,-0.002529271147092985,0.002407103616618953,inconclusive,inconclusive,inconclusive,False,insufficient_post_threshold_offer_exposure,inactive
H5B0026,A026,anchor,2.0,0.5,32,64.0,32.0,32.0,14,14,0.1,0.1,12,12,0.0,0.0,0.0,0.7,12,12,0.0,0.0,0.7,0.7,0.3,0.3,True,20,0.005275452531437111,0.0037943453331646653,0.006756559729709557,0.0038759876860869013,-0.04407917429525103,0.05183114966742483,0.01134831656623012,-0.03682329863934054,0.05951993177180079,0.00747232888014322,0.005398482411779145,0.009546175348507295,-0.00018896113550756765,-0.0029742393278311945,0.0025963170568160596,inconclusive,inconclusive,inconclusive,False,insufficient_post_threshold_offer_exposure,inactive
H5B0026,A026,anchor,2.0,0.5,32,64.0,32.0,32.0,14,14,0.1,0.1,12,12,0.0,0.0,0.0,0.7,12,12,0.0,0.0,0.7,0.7,0.5,0.5,False,20,0.005266262210481552,0.003209241347270133,0.007323283073692972,-0.028727385330179177,-0.0696235993039524,0.012168828643594053,-0.016332365925376992,-0.05860574212752741,0.025941010276773424,0.012395019404802188,0.007720362271620532,0.017069676537983844,0.0016124671450349598,-0.0008701216876909462,0.0040950559777608656,inconclusive,inconclusive,inconclusive,False,insufficient_post_threshold_offer_exposure,inactive
H5B0027,A027,anchor,1.25,0.5,16,20.0,10.0,10.0,21,21,0.0,0.0,6,6,0.0,0.0,0.0,0.3,9,9,0.0,0.0,0.3,0.3,0.1,0.1,True,20,0.9679409572142514,0.94669594983628,0.9891859645922229,-7.08556873923218,-8.01330867445714,-6.15782880400722,-7.068318215064695,-7.996975601164783,-6.139660828964606,0.01725052416748505,0.010855126984803502,0.023645921350166597,0.11600018099567037,0.07497770774040681,0.15702265425093392,supported,inconclusive,reversed,False,selection_gap;served_rate,reversed
H5B0027,A027,anchor,1.25,0.5,16,20.0,10.0,10.0,21,21,0.0,0.0,6,6,0.0,0.0,0.0,0.3,9,9,0.0,0.0,0.3,0.3,0.3,0.3,True,20,0.679408881582783,0.6556632401931799,0.7031545229723861,-9.785454978485882,-10.143057564342675,-9.42785239262909,-9.699493118978108,-10.058190436719698,-9.340795801236517,0.08596185950777549,0.08270702358631389,0.08921669542923709,0.10797685396075477,0.09718362268043573,0.1187700852410738,supported,inconclusive,reversed,False,selection_gap;served_rate,reversed
H5B0027,A027,anchor,1.25,0.5,16,20.0,10.0,10.0,21,21,0.0,0.0,6,6,0.0,0.0,0.0,0.3,9,9,0.0,0.0,0.3,0.3,0.5,0.5,False,20,0.5142304650618517,0.5029885962805656,0.5254723338431377,-10.075363315084138,-10.441420834916011,-9.709305795252265,-9.904108080480011,-10.269810415416094,-9.538405745543928,0.17125523460412878,0.16887454977912866,0.1736359194291289,0.05572305699951543,0.04451966291046,0.06692645108857086,supported,inconclusive,reversed,False,selection_gap;served_rate,reversed
H5B0028,A028,anchor,1.25,0.5,64,80.0,40.0,40.0,21,21,0.0,0.0,6,6,0.0,0.0,0.0,0.3,9,9,0.0,0.0,0.3,0.3,0.1,0.1,True,20,0.9893577375974724,0.9818827457855106,0.9968327294094341,-8.200455505456276,-8.678371196976041,-7.722539813936511,-8.195655274602018,-8.673504064771608,-7.717806484432429,0.004800230854259668,0.003773827926269662,0.005826633782249674,0.17037799786516855,0.14220518662888526,0.19855080910145184,supported,inconclusive,reversed,False,selection_gap;served_rate,reversed
H5B0028,A028,anchor,1.25,0.5,64,80.0,40.0,40.0,21,21,0.0,0.0,6,6,0.0,0.0,0.0,0.3,9,9,0.0,0.0,0.3,0.3,0.3,0.3,True,20,0.671239694596153,0.6606144104986575,0.6818649786936484,-9.735261147259676,-10.070149520746565,-9.400372773772787,-9.651532230453277,-9.986748612134715,-9.31631584877184,0.08372891680639993,0.08189076728898431,0.08556706632381555,0.10601393587403285,0.10004236937606464,0.11198550237200106,supported,inconclusive,reversed,False,selection_gap;served_rate,reversed
H5B0028,A028,anchor,1.25,0.5,64,80.0,40.0,40.0,21,21,0.0,0.0,6,6,0.0,0.0,0.0,0.3,9,9,0.0,0.0,0.3,0.3,0.5,0.5,False,20,0.5131433357700544,0.5078995390597432,0.5183871324803657,-9.975613868694387,-10.314349675505726,-9.636878061883047,-9.808499868471468,-10.147514579279923,-9.469485157663014,0.16711400022291745,0.16612220224083263,0.16810579820500227,0.052036428276681555,0.044610270128986794,0.05946258642437632,supported,inconclusive,reversed,False,selection_gap;served_rate,reversed
H5B0029,A029,anchor,3.1,0.3,32,99.2,29.76,69.44,14,14,0.5,0.5,9,9,0.0,0.0,0.0,0.5,6,6,0.0,0.0,0.0,0.0,0.1,0.1,True,20,0.0,0.0,0.0,0.0,0.0,0.0,0.0,0.0,0.0,0.0,0.0,0.0,0.0,0.0,0.0,inconclusive,inconclusive,inconclusive,False,insufficient_post_threshold_offer_exposure,inactive
H5B0029,A029,anchor,3.1,0.3,32,99.2,29.76,69.44,14,14,0.5,0.5,9,9,0.0,0.0,0.0,0.5,6,6,0.0,0.0,0.0,0.0,0.3,0.3,True,20,0.0,0.0,0.0,0.0,0.0,0.0,0.0,0.0,0.0,0.0,0.0,0.0,0.0,0.0,0.0,inconclusive,inconclusive,inconclusive,False,insufficient_post_threshold_offer_exposure,inactive
H5B0029,A029,anchor,3.1,0.3,32,99.2,29.76,69.44,14,14,0.5,0.5,9,9,0.0,0.0,0.0,0.5,6,6,0.0,0.0,0.0,0.0,0.5,0.5,False,20,0.0,0.0,0.0,0.0,0.0,0.0,0.0,0.0,0.0,0.0,0.0,0.0,0.0,0.0,0.0,inconclusive,inconclusive,inconclusive,False,insufficient_post_threshold_offer_exposure,inactive
H5B0030,A030,anchor,3.1,0.7,32,99.2,69.44,29.760000000000005,14,14,0.0,0.0,9,9,0.0,0.0,0.0,0.5,6,6,0.5,0.5,0.7,0.7,0.1,0.1,True,20,0.9986648685412458,0.9970160680688149,1.0003136690136767,0.0,0.0,0.0,0.0,0.0,0.0,0.0,0.0,0.0,-0.0020205340957713106,-0.0032671526524040047,-0.0007739155391386164,inconclusive,inconclusive,inconclusive,False,accepted_delay;selection_gap;served_rate,inconclusive
H5B0030,A030,anchor,3.1,0.7,32,99.2,69.44,29.760000000000005,14,14,0.0,0.0,9,9,0.0,0.0,0.0,0.5,6,6,0.5,0.5,0.7,0.7,0.3,0.3,True,20,1.0,1.0,1.0,0.0,0.0,0.0,0.0,0.0,0.0,0.0,0.0,0.0,-0.008385986898680229,-0.00934567039205042,-0.007426303405310038,inconclusive,inconclusive,supported,False,accepted_delay;selection_gap,inconclusive
H5B0030,A030,anchor,3.1,0.7,32,99.2,69.44,29.760000000000005,14,14,0.0,0.0,9,9,0.0,0.0,0.0,0.5,6,6,0.5,0.5,0.7,0.7,0.5,0.5,False,20,1.0,1.0,1.0,-0.0002073530579561833,-0.000353351076499312,-6.13550394130546e-05,-0.0002257484579589075,-0.00037860568244325947,-7.289123347455556e-05,-1.8395400002724217e-05,-8.00359248469365e-05,4.324512484148806e-05,-0.0165876777901713,-0.017622112339969114,-0.015553243240373485,inconclusive,inconclusive,supported,False,accepted_delay;selection_gap,inconclusive
H5B0031,A031,anchor,3.1,0.5,32,99.2,49.6,49.6,14,14,0.1,0.1,6,6,0.3,0.3,0.3,0.7,9,9,0.0,0.0,0.1,0.1,0.1,0.4,True,20,0.7186639713303177,0.6886558042597442,0.7486721384008912,-0.7560610710375404,-0.8126096570915079,-0.6995124849835729,-0.6322736295652206,-0.6870498194059631,-0.5774974397244781,0.12378744147231972,0.11644600272247384,0.1311288802221656,-0.013797028196588217,-0.015956571282760283,-0.01163748511041615,supported,inconclusive,supported,False,selection_gap,inconclusive
H5B0031,A031,anchor,3.1,0.5,32,99.2,49.6,49.6,14,14,0.1,0.1,6,6,0.3,0.3,0.3,0.7,9,9,0.0,0.0,0.1,0.1,0.3,0.6,True,20,0.5614058667586024,0.5480147238364304,0.5747970096807744,-1.361573474535406,-1.402469947514892,-1.32067700155592,-0.997426746107633,-1.0421154870502696,-0.9527380051649964,0.3641467284277728,0.35602822448514193,0.37226523237040365,-0.05160797886917332,-0.05388253780174969,-0.049333419936596956,supported,supported,supported,False,,supported
H5B0032,A032,anchor,3.1,0.5,32,99.2,49.6,49.6,14,14,0.1,0.1,6,6,0.0,0.0,0.0,0.1,9,9,0.3,0.3,0.7,0.7,0.1,0.1,True,20,0.7638096864546314,0.7488489928581659,0.778770380051097,-0.08433632974853893,-0.10580119843509851,-0.06287146106197934,0.08230848203718626,0.060719093354039355,0.10389787072033316,0.16664481178572518,0.16309935141118062,0.17019027216026975,-0.004980047116676356,-0.006583354092953949,-0.0033767401403987625,inconclusive,inconclusive,inconclusive,False,accepted_delay;selection_gap;served_rate,inconclusive
H5B0032,A032,anchor,3.1,0.5,32,99.2,49.6,49.6,14,14,0.1,0.1,6,6,0.0,0.0,0.0,0.1,9,9,0.3,0.3,0.7,0.7,0.3,0.3,True,20,0.8185047097686869,0.8117204950009054,0.8252889245364685,-0.31490439060442155,-0.33556797219093715,-0.29424080901790595,0.25110725672172923,0.23140710357615063,0.27080740986730784,0.5660116473261507,0.5583040879776443,0.5737192066746571,-0.01283787354799205,-0.014701820115165016,-0.010973926980819086,supported,supported,supported,True,,supported
H5B0032,A032,anchor,3.1,0.5,32,99.2,49.6,49.6,14,14,0.1,0.1,6,6,0.0,0.0,0.0,0.1,9,9,0.3,0.3,0.7,0.7,0.5,0.5,False,20,0.8806562729590638,0.8745714888219946,0.8867410570961329,-0.7395210111497638,-0.7621939438255568,-0.7168480784739707,0.37587762902376076,0.3596384071792249,0.3921168508682966,1.1153986401735245,1.10494103215737,1.125856248189679,-0.02305837131317343,-0.024625479155270316,-0.021491263471076542,supported,supported,supported,True,,supported
H5B0033,S001,sobol_symmetric,3.1,0.3,16,49.6,14.88,34.72,21,21,0.5,0.5,12,12,0.1,0.1,0.1,0.7,12,12,0.0,0.0,0.3,0.3,0.1,0.2,True,20,0.0,0.0,0.0,0.0,0.0,0.0,0.0,0.0,0.0,0.0,0.0,0.0,0.0,0.0,0.0,inconclusive,inconclusive,inconclusive,False,insufficient_post_threshold_offer_exposure,inactive
H5B0033,S001,sobol_symmetric,3.1,0.3,16,49.6,14.88,34.72,21,21,0.5,0.5,12,12,0.1,0.1,0.1,0.7,12,12,0.0,0.0,0.3,0.3,0.3,0.4,True,20,0.0,0.0,0.0,0.0,0.0,0.0,0.0,0.0,0.0,0.0,0.0,0.0,0.0,0.0,0.0,inconclusive,inconclusive,inconclusive,False,insufficient_post_threshold_offer_exposure,inactive
H5B0033,S001,sobol_symmetric,3.1,0.3,16,49.6,14.88,34.72,21,21,0.5,0.5,12,12,0.1,0.1,0.1,0.7,12,12,0.0,0.0,0.3,0.3,0.5,0.6,False,20,0.0,0.0,0.0,0.0,0.0,0.0,0.0,0.0,0.0,0.0,0.0,0.0,0.0,0.0,0.0,inconclusive,inconclusive,inconclusive,False,insufficient_post_threshold_offer_exposure,inactive
H5B0034,S002,sobol_symmetric,1.25,0.7,64,80.0,56.0,24.000000000000004,7,7,0.1,0.1,4,4,0.0,0.0,0.0,0.7,4,4,0.3,0.3,0.7,0.7,0.1,0.1,True,20,0.004784358697588119,0.0033226388582010173,0.006246078536975221,-0.016209468249114754,-0.04909314433661462,0.016674207838385115,-0.01532933211333536,-0.048339486744435084,0.01768082251776436,0.0008801361357793968,0.0006191181216623192,0.0011411541498964745,0.0028783659826723098,0.0001621403868278526,0.005594591578516767,inconclusive,inconclusive,inconclusive,False,insufficient_post_threshold_offer_exposure,inactive
H5B0034,S002,sobol_symmetric,1.25,0.7,64,80.0,56.0,24.000000000000004,7,7,0.1,0.1,4,4,0.0,0.0,0.0,0.7,4,4,0.3,0.3,0.7,0.7,0.3,0.3,True,20,0.003677109627415164,0.0027234094790641377,0.0046308097757661905,-0.0252138741233477,-0.054323136925324214,0.0038953886786288125,-0.023164792066382556,-0.0523982442694103,0.006068660136645192,0.002049082056965146,0.0015327073881191376,0.002565456725811154,0.002291150860512248,-0.0003694493335007886,0.004951751054525284,inconclusive,inconclusive,inconclusive,False,insufficient_post_threshold_offer_exposure,inactive
H5B0034,S002,sobol_symmetric,1.25,0.7,64,80.0,56.0,24.000000000000004,7,7,0.1,0.1,4,4,0.0,0.0,0.0,0.7,4,4,0.3,0.3,0.7,0.7,0.5,0.5,False,20,0.004027882090098012,0.0026772811345141855,0.005378483045681839,-0.012359292971382451,-0.04550550088106729,0.020786914938302387,-0.008686893568978782,-0.04225558699846588,0.024881799860508313,0.00367239940240367,0.002471852987958657,0.004872945816848683,0.0014592036043127531,-0.0010824890037387752,0.004000896212364281,inconclusive,inconclusive,inconclusive,False,insufficient_post_threshold_offer_exposure,inactive
H5B0035,S003,sobol_symmetric,2.0,0.1,16,32.0,3.2,28.8,28,28,0.0,0.0,6,6,0.3,0.3,0.3,0.7,4,4,0.7,0.7,0.7,0.7,0.1,0.4,True,20,0.5303683703096005,0.4242827014232152,0.6364540391959858,-0.05370521293614665,-0.06728265484138293,-0.040127771030910364,-0.011297303083630705,-0.02430412501968423,0.0017095188524228217,0.04240790985251595,0.036416290431425094,0.0483995292736068,-0.011670626149541157,-0.02001664709512714,-0.0033246052039551718,inconclusive,inconclusive,supported,False,accepted_delay;selection_gap,inconclusive
H5B0035,S003,sobol_symmetric,2.0,0.1,16,32.0,3.2,28.8,28,28,0.0,0.0,6,6,0.3,0.3,0.3,0.7,4,4,0.7,0.7,0.7,0.7,0.3,0.6,True,20,0.5087168340403025,0.4742173835683155,0.5432162845122895,-0.17255741823655796,-0.1863946394649358,-0.1587201970081801,-0.034450259116424096,-0.048793216850669625,-0.020107301382178568,0.13810715912013385,0.12937807068075025,0.14683624755951746,-0.03880806271619262,-0.045389617333896876,-0.03222650809848837,inconclusive,inconclusive,supported,False,accepted_delay;selection_gap,inconclusive
H5B0036,S004,sobol_symmetric,4.0,0.9,64,256.0,230.4,25.599999999999994,14,14,0.3,0.3,9,9,0.0,0.0,0.0,0.0,9,9,0.3,0.3,0.3,0.3,0.1,0.1,True,20,0.32306048576773205,0.31958488053952383,0.3265360909959403,-0.21399735595300867,-0.23111453273495136,-0.19688017917106598,-0.08913590428405231,-0.10655781814499807,-0.07171399042310656,0.12486145166895635,0.12360106990179898,0.12612183343611372,-0.0001439488343987702,-0.0008811638161611193,0.0005932661473635789,inconclusive,inconclusive,inconclusive,False,accepted_delay;selection_gap;served_rate,inconclusive
H5B0036,S004,sobol_symmetric,4.0,0.9,64,256.0,230.4,25.599999999999994,14,14,0.3,0.3,9,9,0.0,0.0,0.0,0.0,9,9,0.3,0.3,0.3,0.3,0.3,0.3,True,20,0.29759448771457625,0.2939533318524532,0.3012356435766993,-0.6008465620266762,-0.6145231970498801,-0.5871699270034723,-0.26080782987462053,-0.275515641484857,-0.24610001826438407,0.3400387321520556,0.33638173894496776,0.34369572535914344,0.0001397849024885864,-0.0005862837882186091,0.0008658535931957819,supported,supported,inconclusive,False,served_rate,inconclusive
H5B0036,S004,sobol_symmetric,4.0,0.9,64,256.0,230.4,25.599999999999994,14,14,0.3,0.3,9,9,0.0,0.0,0.0,0.0,9,9,0.3,0.3,0.3,0.3,0.5,0.5,False,20,0.243749596566401,0.2404295366085586,0.2470696565242434,-0.8197169352229281,-0.8314391560120481,-0.8079947144338081,-0.3402069504679108,-0.3523895830512837,-0.32802431788453784,0.47950998475501716,0.4740146867473733,0.485005282762661,-0.0005748345064771676,-0.0011282507695362985,-2.141824341803664e-05,supported,supported,inconclusive,False,served_rate,inconclusive
H5B0037,S005,sobol_symmetric,3.1,0.1,64,198.4,19.840000000000003,178.56,14,14,0.3,0.3,12,12,0.5,0.5,0.5,0.7,4,4,0.5,0.5,0.7,0.7,0.1,0.6,True,20,0.0,0.0,0.0,0.0,0.0,0.0,0.0,0.0,0.0,0.0,0.0,0.0,0.0,0.0,0.0,inconclusive,inconclusive,inconclusive,False,insufficient_post_threshold_offer_exposure,inactive
H5B0038,S006,sobol_symmetric,1.25,0.9,16,20.0,18.0,2.0,28,28,0.0,0.0,4,4,0.0,0.0,0.0,0.3,9,9,0.0,0.0,0.5,0.5,0.1,0.1,True,20,0.9974718382847181,0.9927499387358044,1.0021937378336319,-3.484272328393345,-3.9850456469965776,-2.983499009790113,-3.4753791462490207,-3.976885030148866,-2.9738732623491755,0.008893182144325528,-0.0029232658000050513,0.02070963008865611,0.03297774064443433,0.019949872530468225,0.046005608758400436,supported,inconclusive,reversed,False,selection_gap;served_rate,reversed
H5B0038,S006,sobol_symmetric,1.25,0.9,16,20.0,18.0,2.0,28,28,0.0,0.0,4,4,0.0,0.0,0.0,0.3,9,9,0.0,0.0,0.5,0.5,0.3,0.3,True,20,0.7283575459153698,0.7077703713266913,0.7489447205040484,-19.316909806641505,-19.504594211761813,-19.129225401521197,-19.230001464071666,-19.418133237467455,-19.041869690675878,0.0869083425698376,0.08526358355761333,0.08855310158206185,0.366743653252828,0.359405821918809,0.374081484586847,supported,inconclusive,reversed,False,selection_gap;served_rate,reversed
H5B0038,S006,sobol_symmetric,1.25,0.9,16,20.0,18.0,2.0,28,28,0.0,0.0,4,4,0.0,0.0,0.0,0.3,9,9,0.0,0.0,0.5,0.5,0.5,0.5,False,20,0.45012939385155726,0.4399664225077278,0.46029236519538674,-19.70331237575748,-19.889386787793416,-19.517237963721545,-19.547003146822725,-19.733319529263404,-19.360686764382045,0.1563092289347571,0.1543379298596343,0.1582805280098799,0.3602965924773722,0.3532899193289913,0.36730326562575316,supported,inconclusive,reversed,False,selection_gap;served_rate,reversed
H5B0039,S007,sobol_symmetric,0.8,0.5,32,25.6,12.8,12.8,7,7,0.1,0.1,4,4,0.3,0.3,0.3,0.5,4,4,0.0,0.0,0.0,0.0,0.1,0.4,True,20,0.0,0.0,0.0,0.0,0.0,0.0,0.0,0.0,0.0,0.0,0.0,0.0,0.0,0.0,0.0,inconclusive,inconclusive,inconclusive,False,insufficient_post_threshold_offer_exposure,inactive
H5B0039,S007,sobol_symmetric,0.8,0.5,32,25.6,12.8,12.8,7,7,0.1,0.1,4,4,0.3,0.3,0.3,0.5,4,4,0.0,0.0,0.0,0.0,0.3,0.6,True,20,0.0,0.0,0.0,0.0,0.0,0.0,0.0,0.0,0.0,0.0,0.0,0.0,0.0,0.0,0.0,inconclusive,inconclusive,inconclusive,False,insufficient_post_threshold_offer_exposure,inactive
H5B0040,S008,sobol_symmetric,3.1,0.7,32,99.2,69.44,29.760000000000005,21,21,0.5,0.5,9,9,0.1,0.1,0.1,0.3,6,6,0.3,0.3,0.5,0.5,0.1,0.2,True,20,0.0,0.0,0.0,0.0,0.0,0.0,0.0,0.0,0.0,0.0,0.0,0.0,0.0,0.0,0.0,inconclusive,inconclusive,inconclusive,False,insufficient_post_threshold_offer_exposure,inactive
H5B0040,S008,sobol_symmetric,3.1,0.7,32,99.2,69.44,29.760000000000005,21,21,0.5,0.5,9,9,0.1,0.1,0.1,0.3,6,6,0.3,0.3,0.5,0.5,0.3,0.4,True,20,0.0,0.0,0.0,0.0,0.0,0.0,0.0,0.0,0.0,0.0,0.0,0.0,0.0,0.0,0.0,inconclusive,inconclusive,inconclusive,False,insufficient_post_threshold_offer_exposure,inactive
H5B0040,S008,sobol_symmetric,3.1,0.7,32,99.2,69.44,29.760000000000005,21,21,0.5,0.5,9,9,0.1,0.1,0.1,0.3,6,6,0.3,0.3,0.5,0.5,0.5,0.6,False,20,0.0,0.0,0.0,0.0,0.0,0.0,0.0,0.0,0.0,0.0,0.0,0.0,0.0,0.0,0.0,inconclusive,inconclusive,inconclusive,False,insufficient_post_threshold_offer_exposure,inactive
H5B0042,S010,sobol_symmetric,0.8,0.9,32,25.6,23.040000000000003,2.56,14,14,0.5,0.5,6,6,0.0,0.0,0.0,0.3,9,9,0.0,0.0,0.7,0.7,0.1,0.1,True,20,0.0,0.0,0.0,0.0,0.0,0.0,0.0,0.0,0.0,0.0,0.0,0.0,0.0,0.0,0.0,inconclusive,inconclusive,inconclusive,False,insufficient_post_threshold_offer_exposure,inactive
H5B0042,S010,sobol_symmetric,0.8,0.9,32,25.6,23.040000000000003,2.56,14,14,0.5,0.5,6,6,0.0,0.0,0.0,0.3,9,9,0.0,0.0,0.7,0.7,0.3,0.3,True,20,0.0,0.0,0.0,0.0,0.0,0.0,0.0,0.0,0.0,0.0,0.0,0.0,0.0,0.0,0.0,inconclusive,inconclusive,inconclusive,False,insufficient_post_threshold_offer_exposure,inactive
H5B0042,S010,sobol_symmetric,0.8,0.9,32,25.6,23.040000000000003,2.56,14,14,0.5,0.5,6,6,0.0,0.0,0.0,0.3,9,9,0.0,0.0,0.7,0.7,0.5,0.5,False,20,0.0,0.0,0.0,0.0,0.0,0.0,0.0,0.0,0.0,0.0,0.0,0.0,0.0,0.0,0.0,inconclusive,inconclusive,inconclusive,False,insufficient_post_threshold_offer_exposure,inactive
H5B0043,S011,sobol_symmetric,1.25,0.3,64,80.0,24.0,56.0,21,21,0.3,0.3,4,4,0.3,0.3,0.3,0.7,12,12,0.0,0.0,0.0,0.0,0.1,0.4,True,20,0.0,0.0,0.0,0.0,0.0,0.0,0.0,0.0,0.0,0.0,0.0,0.0,0.0,0.0,0.0,inconclusive,inconclusive,inconclusive,False,insufficient_post_threshold_offer_exposure,inactive
H5B0043,S011,sobol_symmetric,1.25,0.3,64,80.0,24.0,56.0,21,21,0.3,0.3,4,4,0.3,0.3,0.3,0.7,12,12,0.0,0.0,0.0,0.0,0.3,0.6,True,20,0.0,0.0,0.0,0.0,0.0,0.0,0.0,0.0,0.0,0.0,0.0,0.0,0.0,0.0,0.0,inconclusive,inconclusive,inconclusive,False,insufficient_post_threshold_offer_exposure,inactive
H5B0044,S012,sobol_symmetric,4.0,0.7,16,64.0,44.8,19.200000000000003,7,7,0.0,0.0,4,4,0.1,0.1,0.1,0.5,4,4,0.3,0.3,0.5,0.5,0.1,0.2,True,20,0.9978637837020704,0.9940763657644206,1.0016512016397203,0.0,0.0,0.0,0.0,0.0,0.0,0.0,0.0,0.0,-0.0034053617572279635,-0.005040949996313151,-0.0017697735181427755,inconclusive,inconclusive,inconclusive,False,accepted_delay;selection_gap;served_rate,inconclusive
H5B0044,S012,sobol_symmetric,4.0,0.7,16,64.0,44.8,19.200000000000003,7,7,0.0,0.0,4,4,0.1,0.1,0.1,0.5,4,4,0.3,0.3,0.5,0.5,0.3,0.4,True,20,1.0,1.0,1.0,-2.2999080036800736e-05,-7.113670778308661e-05,2.513854770948513e-05,-3.476084538376334e-05,-0.00010751613092354804,3.7994440156021354e-05,-1.1761765346962606e-05,-3.6379423140461416e-05,1.2855892446536208e-05,-0.013484309953774662,-0.014758674035477561,-0.012209945872071762,inconclusive,inconclusive,supported,False,accepted_delay;selection_gap,inconclusive
H5B0044,S012,sobol_symmetric,4.0,0.7,16,64.0,44.8,19.200000000000003,7,7,0.0,0.0,4,4,0.1,0.1,0.1,0.5,4,4,0.3,0.3,0.5,0.5,0.5,0.6,False,20,1.0,1.0,1.0,-0.0010241857001136,-0.0014032465486581507,-0.0006451248515690494,-0.001016589894881248,-0.0014648947074694305,-0.0005682850822930653,7.5958052323521486e-06,-0.00020409566521802926,0.00021928727568273356,-0.028746380417107514,-0.030184060903043573,-0.027308699931171455,inconclusive,inconclusive,supported,False,accepted_delay;selection_gap,inconclusive
H5B0045,S013,sobol_symmetric,4.0,0.5,16,64.0,32.0,32.0,7,7,0.0,0.0,4,4,0.3,0.3,0.3,0.3,4,4,0.0,0.0,0.3,0.3,0.1,0.4,True,20,1.0,1.0,1.0,0.0,0.0,0.0,0.0,0.0,0.0,0.0,0.0,0.0,-0.011504697166110254,-0.012900098537786377,-0.01010929579443413,inconclusive,inconclusive,supported,False,accepted_delay;selection_gap,inconclusive
H5B0045,S013,sobol_symmetric,4.0,0.5,16,64.0,32.0,32.0,7,7,0.0,0.0,4,4,0.3,0.3,0.3,0.3,4,4,0.0,0.0,0.3,0.3,0.3,0.6,True,20,1.0,1.0,1.0,0.0,0.0,0.0,0.0,0.0,0.0,0.0,0.0,0.0,-0.046659906263622174,-0.04843097388147778,-0.044888838645766566,inconclusive,inconclusive,supported,False,accepted_delay;selection_gap,inconclusive
H5B0046,S014,sobol_symmetric,2.0,0.5,64,128.0,64.0,64.0,21,21,0.3,0.3,6,6,0.1,0.1,0.1,0.1,6,6,0.3,0.3,0.7,0.7,0.1,0.2,True,20,0.0,0.0,0.0,0.0,0.0,0.0,0.0,0.0,0.0,0.0,0.0,0.0,0.0,0.0,0.0,inconclusive,inconclusive,inconclusive,False,insufficient_post_threshold_offer_exposure,inactive
H5B0046,S014,sobol_symmetric,2.0,0.5,64,128.0,64.0,64.0,21,21,0.3,0.3,6,6,0.1,0.1,0.1,0.1,6,6,0.3,0.3,0.7,0.7,0.3,0.4,True,20,0.0,0.0,0.0,0.0,0.0,0.0,0.0,0.0,0.0,0.0,0.0,0.0,0.0,0.0,0.0,inconclusive,inconclusive,inconclusive,False,insufficient_post_threshold_offer_exposure,inactive
H5B0046,S014,sobol_symmetric,2.0,0.5,64,128.0,64.0,64.0,21,21,0.3,0.3,6,6,0.1,0.1,0.1,0.1,6,6,0.3,0.3,0.7,0.7,0.5,0.6,False,20,0.0,0.0,0.0,0.0,0.0,0.0,0.0,0.0,0.0,0.0,0.0,0.0,0.0,0.0,0.0,inconclusive,inconclusive,inconclusive,False,insufficient_post_threshold_offer_exposure,inactive
H5B0047,S015,sobol_symmetric,0.8,0.1,16,12.8,1.2800000000000002,11.52,14,14,0.5,0.5,4,4,0.5,0.5,0.5,0.5,4,4,0.7,0.7,0.7,0.7,0.1,0.6,True,20,0.0,0.0,0.0,0.0,0.0,0.0,0.0,0.0,0.0,0.0,0.0,0.0,0.0,0.0,0.0,inconclusive,inconclusive,inconclusive,False,insufficient_post_threshold_offer_exposure,inactive
H5B0048,S016,sobol_symmetric,3.1,0.9,64,198.4,178.56,19.84,28,28,0.1,0.1,12,12,0.0,0.0,0.0,0.1,9,9,0.0,0.0,0.7,0.7,0.1,0.1,True,20,0.6129983156131315,0.6095239563054103,0.6164726749208526,-0.9386403403121587,-0.9926057435328415,-0.8846749370914759,-0.6370608334259027,-0.6911208911862686,-0.5830007756655368,0.3015795068862559,0.2997881746167092,0.3033708391558026,-0.0012316456753471746,-0.0024734746612225726,1.0183310528223341e-05,supported,supported,inconclusive,False,served_rate,inconclusive
H5B0048,S016,sobol_symmetric,3.1,0.9,64,198.4,178.56,19.84,28,28,0.1,0.1,12,12,0.0,0.0,0.0,0.1,9,9,0.0,0.0,0.7,0.7,0.3,0.3,True,20,0.6132828275095019,0.6107011964788841,0.6158644585401197,-2.9385340911568645,-2.9827680349539993,-2.8943001473597296,-2.105075487074063,-2.149378963484507,-2.0607720106636194,0.8334586040828015,0.8300248789371873,0.8368923292284156,-0.0014414564807676473,-0.002372878507264821,-0.0005100344542704736,supported,supported,inconclusive,False,served_rate,inconclusive
H5B0048,S016,sobol_symmetric,3.1,0.9,64,198.4,178.56,19.84,28,28,0.1,0.1,12,12,0.0,0.0,0.0,0.1,9,9,0.0,0.0,0.7,0.7,0.5,0.5,False,20,0.6085473709312372,0.6058814189949694,0.6112133228675051,-4.900869804238647,-4.944038284481189,-4.857701323996106,-3.7377100531269876,-3.78157219272899,-3.6938479135249853,1.1631597511116607,1.1584851778861918,1.1678343243371296,-0.002892964427149744,-0.003906361593495582,-0.001879567260803906,supported,supported,inconclusive,False,served_rate,inconclusive
H5B0049,S017,sobol_symmetric,3.1,0.1,32,99.2,9.920000000000002,89.28,7,7,0.3,0.3,4,4,0.0,0.0,0.0,0.7,4,4,0.0,0.0,0.5,0.5,0.1,0.1,True,20,0.5150097701978182,0.498398020577168,0.5316215198184685,-0.06622719200952236,-0.08109030110732168,-0.05136408291172303,-0.008034961689569098,-0.022412756218398028,0.006342832839259833,0.05819223031995326,0.05618887308190833,0.0601955875579982,-0.0036866260244227842,-0.008770968216173326,0.001397716167327757,inconclusive,inconclusive,inconclusive,False,accepted_delay;selection_gap;served_rate,inconclusive
H5B0049,S017,sobol_symmetric,3.1,0.1,32,99.2,9.920000000000002,89.28,7,7,0.3,0.3,4,4,0.0,0.0,0.0,0.7,4,4,0.0,0.0,0.5,0.5,0.3,0.3,True,20,0.5137745185054235,0.5042065452250357,0.5233424917858114,-0.19898351789941474,-0.21963940332234075,-0.17832763247648872,-0.004561056798076257,-0.02397128970288233,0.014849176106729816,0.19442246110133848,0.19081884183271824,0.19802608036995872,-0.01555523572210398,-0.02044469761595133,-0.010665773828256632,inconclusive,inconclusive,supported,False,accepted_delay;selection_gap,inconclusive
H5B0049,S017,sobol_symmetric,3.1,0.1,32,99.2,9.920000000000002,89.28,7,7,0.3,0.3,4,4,0.0,0.0,0.0,0.7,4,4,0.0,0.0,0.5,0.5,0.5,0.5,False,20,0.49862584382232944,0.4927827619376974,0.5044689257069616,-0.384325192793088,-0.40051674368817985,-0.3681336418979962,-0.023838319601743874,-0.03672232880525364,-0.01095431039823411,0.36048687319134415,0.3544585663515442,0.3665151800311441,-0.025112685751202103,-0.031455648361923876,-0.01876972314048033,supported,supported,supported,True,,supported
H5B0050,S018,sobol_symmetric,0.8,0.9,32,25.6,23.040000000000003,2.56,21,21,0.0,0.0,9,9,0.1,0.1,0.1,0.5,9,9,0.5,0.5,0.5,0.5,0.1,0.2,True,20,0.0,0.0,0.0,0.0,0.0,0.0,0.0,0.0,0.0,0.0,0.0,0.0,0.0,0.0,0.0,inconclusive,inconclusive,inconclusive,False,insufficient_post_threshold_offer_exposure,inactive
H5B0050,S018,sobol_symmetric,0.8,0.9,32,25.6,23.040000000000003,2.56,21,21,0.0,0.0,9,9,0.1,0.1,0.1,0.5,9,9,0.5,0.5,0.5,0.5,0.3,0.4,True,20,0.0,0.0,0.0,0.0,0.0,0.0,0.0,0.0,0.0,0.0,0.0,0.0,0.0,0.0,0.0,inconclusive,inconclusive,inconclusive,False,insufficient_post_threshold_offer_exposure,inactive
H5B0050,S018,sobol_symmetric,0.8,0.9,32,25.6,23.040000000000003,2.56,21,21,0.0,0.0,9,9,0.1,0.1,0.1,0.5,9,9,0.5,0.5,0.5,0.5,0.5,0.6,False,20,0.0,0.0,0.0,0.0,0.0,0.0,0.0,0.0,0.0,0.0,0.0,0.0,0.0,0.0,0.0,inconclusive,inconclusive,inconclusive,False,insufficient_post_threshold_offer_exposure,inactive
H5B0051,S019,sobol_symmetric,2.0,0.5,16,32.0,16.0,16.0,14,14,0.1,0.1,12,12,0.0,0.0,0.0,0.0,12,12,0.3,0.3,0.5,0.5,0.1,0.1,True,20,0.023150323490236657,0.017432143161836534,0.02886850381863678,-0.008679442804541405,-0.07234391224924597,0.054985026640163165,0.0023201026021256953,-0.061903547552419745,0.06654375275667114,0.010999545406667099,0.008456073544049418,0.01354301726928478,-0.001758911363497373,-0.005482149101501109,0.001964326374506363,inconclusive,inconclusive,inconclusive,False,accepted_delay;selection_gap;served_rate,inconclusive
H5B0051,S019,sobol_symmetric,2.0,0.5,16,32.0,16.0,16.0,14,14,0.1,0.1,12,12,0.0,0.0,0.0,0.0,12,12,0.3,0.3,0.5,0.5,0.3,0.3,True,20,0.02350107677811783,0.018320559107062394,0.028681594449173266,-0.029873296695678155,-0.09747773281397973,0.037731139422623426,0.0039049915216771147,-0.06485365240903591,0.07266363545239014,0.03377828821735527,0.026516712346033686,0.04103986408867685,-0.0014933159552504489,-0.005721981406230809,0.0027353494957299113,inconclusive,inconclusive,inconclusive,False,accepted_delay;selection_gap;served_rate,inconclusive
H5B0051,S019,sobol_symmetric,2.0,0.5,16,32.0,16.0,16.0,14,14,0.1,0.1,12,12,0.0,0.0,0.0,0.0,12,12,0.3,0.3,0.5,0.5,0.5,0.5,False,20,0.01715488734623496,0.012946791830879363,0.02136298286159056,-0.04910496527502546,-0.10886851249091518,0.010658581940864262,-0.007874294756542666,-0.06853304344958656,0.05278445393650123,0.041230670518482795,0.03167006893245718,0.050791272104508414,-0.0006361031942523576,-0.0049800711589691096,0.003707864770464394,inconclusive,inconclusive,inconclusive,False,accepted_delay;selection_gap;served_rate,inconclusive
H5B0052,S020,sobol_symmetric,4.0,0.5,64,256.0,128.0,128.0,28,28,0.5,0.5,4,4,0.3,0.3,0.3,0.7,6,6,0.0,0.0,0.0,0.0,0.1,0.4,True,20,0.16374616151795313,0.14531700018392252,0.18217532285198373,-0.047212804919129915,-0.0541354385067235,-0.04029017133153633,-0.0002911245685846664,-0.00642737437787534,0.005845125240706007,0.046921680350545246,0.044374507774331814,0.04946885292675868,-0.001148304516384216,-0.002183058106423983,-0.00011355092634444887,inconclusive,inconclusive,inconclusive,False,accepted_delay;selection_gap;served_rate,inconclusive
H5B0052,S020,sobol_symmetric,4.0,0.5,64,256.0,128.0,128.0,28,28,0.5,0.5,4,4,0.3,0.3,0.3,0.7,6,6,0.0,0.0,0.0,0.0,0.3,0.6,True,20,0.14641040477738004,0.14061414847704326,0.15220666107771683,-0.1485811742317562,-0.1546583163850955,-0.14250403207841691,-0.022048863721142852,-0.02778846257687997,-0.016309264865405734,0.12653231051061337,0.1230902906485217,0.12997433037270503,-0.001684081957694139,-0.002661851727767675,-0.0007063121876206033,inconclusive,inconclusive,inconclusive,False,accepted_delay;selection_gap;served_rate,inconclusive
H5B0053,S021,sobol_symmetric,4.0,0.3,32,128.0,38.4,89.6,28,28,0.5,0.5,6,6,0.0,0.0,0.0,0.3,12,12,0.3,0.3,0.7,0.7,0.1,0.1,True,20,0.19717016510580238,0.19193332879708982,0.20240700141451493,-0.056966559789134764,-0.06804076570097227,-0.04589235387729726,-0.0025749628735456387,-0.013958233303473058,0.00880830755638178,0.054391596915589126,0.052980645422799774,0.05580254840837848,0.0008499673209669933,-0.0012434663226204704,0.002943400964554457,inconclusive,inconclusive,inconclusive,False,accepted_delay;selection_gap;served_rate,inconclusive
H5B0053,S021,sobol_symmetric,4.0,0.3,32,128.0,38.4,89.6,28,28,0.5,0.5,6,6,0.0,0.0,0.0,0.3,12,12,0.3,0.3,0.7,0.7,0.3,0.3,True,20,0.19192165326383978,0.18775980200061443,0.19608350452706513,-0.18691295284886497,-0.19588536868579343,-0.17794053701193652,-0.021766606601198425,-0.032649585399269904,-0.010883627803126945,0.16514634624766655,0.1620498011849297,0.1682428913104034,-0.0011141724985983925,-0.00275369987940158,0.0005253548822047949,inconclusive,inconclusive,inconclusive,False,accepted_delay;selection_gap;served_rate,inconclusive
H5B0053,S021,sobol_symmetric,4.0,0.3,32,128.0,38.4,89.6,28,28,0.5,0.5,6,6,0.0,0.0,0.0,0.3,12,12,0.3,0.3,0.7,0.7,0.5,0.5,False,20,0.18481813348412987,0.18068389393134318,0.18895237303691656,-0.3083370057742022,-0.31940725758044647,-0.29726675396795793,-0.0324316346868482,-0.046791010964454455,-0.01807225840924194,0.275905371087354,0.2703946764919525,0.28141606568275557,-0.000244509649292253,-0.002101307534224364,0.001612288235639858,supported,supported,inconclusive,False,served_rate,inconclusive
H5B0055,S023,sobol_symmetric,0.8,0.3,64,51.2,15.36,35.84,21,21,0.0,0.0,12,12,0.1,0.1,0.1,0.1,4,4,0.0,0.0,0.7,0.7,0.1,0.2,True,20,0.0,0.0,0.0,0.0,0.0,0.0,0.0,0.0,0.0,0.0,0.0,0.0,0.0,0.0,0.0,inconclusive,inconclusive,inconclusive,False,insufficient_post_threshold_offer_exposure,inactive
H5B0055,S023,sobol_symmetric,0.8,0.3,64,51.2,15.36,35.84,21,21,0.0,0.0,12,12,0.1,0.1,0.1,0.1,4,4,0.0,0.0,0.7,0.7,0.3,0.4,True,20,0.0,0.0,0.0,0.0,0.0,0.0,0.0,0.0,0.0,0.0,0.0,0.0,0.0,0.0,0.0,inconclusive,inconclusive,inconclusive,False,insufficient_post_threshold_offer_exposure,inactive
H5B0055,S023,sobol_symmetric,0.8,0.3,64,51.2,15.36,35.84,21,21,0.0,0.0,12,12,0.1,0.1,0.1,0.1,4,4,0.0,0.0,0.7,0.7,0.5,0.6,False,20,0.0,0.0,0.0,0.0,0.0,0.0,0.0,0.0,0.0,0.0,0.0,0.0,0.0,0.0,0.0,inconclusive,inconclusive,inconclusive,False,insufficient_post_threshold_offer_exposure,inactive
H5B0056,S024,sobol_symmetric,2.0,0.7,16,32.0,22.4,9.6,7,7,0.3,0.3,4,4,0.3,0.3,0.3,0.3,4,4,0.7,0.7,0.7,0.7,0.1,0.4,True,20,0.0,0.0,0.0,0.0,0.0,0.0,0.0,0.0,0.0,0.0,0.0,0.0,0.0,0.0,0.0,inconclusive,inconclusive,inconclusive,False,insufficient_post_threshold_offer_exposure,inactive
H5B0056,S024,sobol_symmetric,2.0,0.7,16,32.0,22.4,9.6,7,7,0.3,0.3,4,4,0.3,0.3,0.3,0.3,4,4,0.7,0.7,0.7,0.7,0.3,0.6,True,20,0.0,0.0,0.0,0.000822319596992549,-0.0008988150999242019,0.0025434542939093,0.0010742156459906172,-0.0011741435406895048,0.0033225748326707392,0.0002518960489980682,-0.0002753284407653024,0.0007791205387614388,3.8230567476954525e-05,-4.178692986599125e-05,0.0001182480648199003,inconclusive,inconclusive,inconclusive,False,insufficient_post_threshold_offer_exposure,inactive
H5B0057,S025,sobol_symmetric,2.0,0.3,64,128.0,38.4,89.6,14,14,0.0,0.0,4,4,0.0,0.0,0.0,0.5,12,12,0.3,0.3,0.7,0.7,0.1,0.1,True,20,0.9951059355538321,0.9914308772278538,0.9987809938798103,-0.04001967485422364,-0.05314956262583421,-0.026889787082613074,-0.0398896858462547,-0.05310944648381541,-0.02666992520869399,0.00012998900796894474,-0.00014310647574011462,0.0004030844916780041,-0.00543699573791772,-0.008958740205577267,-0.0019152512702581737,inconclusive,inconclusive,supported,False,accepted_delay;selection_gap,inconclusive
H5B0057,S025,sobol_symmetric,2.0,0.3,64,128.0,38.4,89.6,14,14,0.0,0.0,4,4,0.0,0.0,0.0,0.5,12,12,0.3,0.3,0.7,0.7,0.3,0.3,True,20,1.0,1.0,1.0,-0.40918098670648534,-0.4513523332364907,-0.36700964017647997,-0.4111891388300912,-0.45323507130717633,-0.3691432063530061,-0.0020081521236059,-0.00418464979638797,0.00016834554917617055,-0.0058631937930879565,-0.009465362210520098,-0.002261025375655815,supported,inconclusive,supported,False,selection_gap,inconclusive
H5B0057,S025,sobol_symmetric,2.0,0.3,64,128.0,38.4,89.6,14,14,0.0,0.0,4,4,0.0,0.0,0.0,0.5,12,12,0.3,0.3,0.7,0.7,0.5,0.5,False,20,1.0,1.0,1.0,-6.645967332620555,-6.907590853839517,-6.3843438114015925,-6.638646938445618,-6.898049199921892,-6.379244676969344,0.00732039417493624,0.0037001268444677134,0.010940661505404767,0.11991182864407968,0.11762802405898833,0.12219563322917103,supported,inconclusive,reversed,False,selection_gap;served_rate,reversed
H5B0059,S027,sobol_symmetric,1.25,0.1,64,80.0,8.0,72.0,7,7,0.5,0.5,4,4,0.1,0.1,0.1,0.3,4,4,0.3,0.3,0.3,0.3,0.1,0.2,True,20,0.0,0.0,0.0,0.0,0.0,0.0,0.0,0.0,0.0,0.0,0.0,0.0,0.0,0.0,0.0,inconclusive,inconclusive,inconclusive,False,insufficient_post_threshold_offer_exposure,inactive
H5B0059,S027,sobol_symmetric,1.25,0.1,64,80.0,8.0,72.0,7,7,0.5,0.5,4,4,0.1,0.1,0.1,0.3,4,4,0.3,0.3,0.3,0.3,0.3,0.4,True,20,0.0,0.0,0.0,0.0,0.0,0.0,0.0,0.0,0.0,0.0,0.0,0.0,0.0,0.0,0.0,inconclusive,inconclusive,inconclusive,False,insufficient_post_threshold_offer_exposure,inactive
H5B0059,S027,sobol_symmetric,1.25,0.1,64,80.0,8.0,72.0,7,7,0.5,0.5,4,4,0.1,0.1,0.1,0.3,4,4,0.3,0.3,0.3,0.3,0.5,0.6,False,20,0.0,0.0,0.0,0.0,0.0,0.0,0.0,0.0,0.0,0.0,0.0,0.0,0.0,0.0,0.0,inconclusive,inconclusive,inconclusive,False,insufficient_post_threshold_offer_exposure,inactive
H5B0060,S028,sobol_symmetric,3.1,0.9,32,99.2,89.28,9.919999999999998,21,21,0.1,0.1,6,6,0.3,0.3,0.3,0.5,9,9,0.5,0.5,0.7,0.7,0.1,0.4,True,20,0.7236447991295024,0.6996734391316632,0.7476161591273416,-1.2641876189957912,-1.3261085835155677,-1.2022666544760148,-1.0585414805860391,-1.120516987421426,-0.9965659737506523,0.20564613840975218,0.19868067801758224,0.21261159880192212,0.005141227935278346,0.0033244866543109567,0.006957969216245735,supported,inconclusive,reversed,False,selection_gap;served_rate,reversed
H5B0060,S028,sobol_symmetric,3.1,0.9,32,99.2,89.28,9.919999999999998,21,21,0.1,0.1,6,6,0.3,0.3,0.3,0.5,9,9,0.5,0.5,0.7,0.7,0.3,0.6,True,20,0.6442141416078011,0.6340398865841873,0.6543883966314149,-3.4465337487540495,-3.4833436641929865,-3.4097238333151125,-3.033500207519804,-3.0718260568379905,-2.9951743582016177,0.41303354123424646,0.4066184533887707,0.41944862907972225,0.022456088363355487,0.021079254358609797,0.023832922368101177,supported,supported,reversed,False,served_rate,reversed
H5B0061,S029,sobol_symmetric,4.0,0.1,16,64.0,6.4,57.6,21,21,0.1,0.1,4,4,0.0,0.0,0.0,0.7,4,4,0.0,0.0,0.3,0.3,0.1,0.1,True,20,0.9205593553258709,0.8958592410931455,0.9452594695585962,-0.3463490808123908,-0.4371195910666236,-0.25557857055815797,-0.2911383214453342,-0.38055169547953255,-0.20172494741113584,0.05521075936705659,0.05132264302354006,0.05909887571057312,-0.01904351130196421,-0.025773309390265352,-0.012313713213663067,supported,inconclusive,supported,False,selection_gap,inconclusive
H5B0061,S029,sobol_symmetric,4.0,0.1,16,64.0,6.4,57.6,21,21,0.1,0.1,4,4,0.0,0.0,0.0,0.7,4,4,0.0,0.0,0.3,0.3,0.3,0.3,True,20,0.8913587273437968,0.8752186078066978,0.9074988468808959,-0.9408989489237133,-1.017176091350853,-0.8646218064965735,-0.7717983907649324,-0.8451370201198746,-0.6984597614099902,0.16910055815878078,0.1590719496195646,0.17912916669799694,-0.06714304656684852,-0.07436385778551428,-0.059922235348182765,supported,inconclusive,supported,False,selection_gap,inconclusive
H5B0061,S029,sobol_symmetric,4.0,0.1,16,64.0,6.4,57.6,21,21,0.1,0.1,4,4,0.0,0.0,0.0,0.7,4,4,0.0,0.0,0.3,0.3,0.5,0.5,False,20,0.9024536635316732,0.8921235210565708,0.9127838060067757,-1.666281355359213,-1.728063290793086,-1.6044994199253402,-1.3470554593658524,-1.4118348096161402,-1.2822761091155646,0.3192258959933609,0.30703375362186175,0.33141803836486,-0.12828476747602743,-0.13493642383453763,-0.12163311111751723,supported,supported,supported,False,,supported
H5B0062,S030,sobol_symmetric,1.25,0.9,64,80.0,72.0,7.999999999999998,7,7,0.5,0.5,4,4,0.1,0.1,0.1,0.7,4,4,0.5,0.5,0.7,0.7,0.1,0.2,True,20,0.0,0.0,0.0,0.0,0.0,0.0,0.0,0.0,0.0,0.0,0.0,0.0,0.0,0.0,0.0,inconclusive,inconclusive,inconclusive,False,insufficient_post_threshold_offer_exposure,inactive
H5B0062,S030,sobol_symmetric,1.25,0.9,64,80.0,72.0,7.999999999999998,7,7,0.5,0.5,4,4,0.1,0.1,0.1,0.7,4,4,0.5,0.5,0.7,0.7,0.3,0.4,True,20,0.0,0.0,0.0,0.0,0.0,0.0,0.0,0.0,0.0,0.0,0.0,0.0,0.0,0.0,0.0,inconclusive,inconclusive,inconclusive,False,insufficient_post_threshold_offer_exposure,inactive
H5B0062,S030,sobol_symmetric,1.25,0.9,64,80.0,72.0,7.999999999999998,7,7,0.5,0.5,4,4,0.1,0.1,0.1,0.7,4,4,0.5,0.5,0.7,0.7,0.5,0.6,False,20,0.0,0.0,0.0,0.0,0.0,0.0,0.0,0.0,0.0,0.0,0.0,0.0,0.0,0.0,0.0,inconclusive,inconclusive,inconclusive,False,insufficient_post_threshold_offer_exposure,inactive
H5B0063,S031,sobol_symmetric,1.25,0.3,32,40.0,12.0,28.0,28,28,0.3,0.3,9,9,0.0,0.0,0.0,0.1,12,12,0.3,0.3,0.3,0.3,0.1,0.1,True,20,0.0,0.0,0.0,0.0,0.0,0.0,0.0,0.0,0.0,0.0,0.0,0.0,0.0,0.0,0.0,inconclusive,inconclusive,inconclusive,False,insufficient_post_threshold_offer_exposure,inactive
H5B0063,S031,sobol_symmetric,1.25,0.3,32,40.0,12.0,28.0,28,28,0.3,0.3,9,9,0.0,0.0,0.0,0.1,12,12,0.3,0.3,0.3,0.3,0.3,0.3,True,20,0.0,0.0,0.0,0.0,0.0,0.0,0.0,0.0,0.0,0.0,0.0,0.0,0.0,0.0,0.0,inconclusive,inconclusive,inconclusive,False,insufficient_post_threshold_offer_exposure,inactive
H5B0063,S031,sobol_symmetric,1.25,0.3,32,40.0,12.0,28.0,28,28,0.3,0.3,9,9,0.0,0.0,0.0,0.1,12,12,0.3,0.3,0.3,0.3,0.5,0.5,False,20,0.0,0.0,0.0,0.0,0.0,0.0,0.0,0.0,0.0,0.0,0.0,0.0,0.0,0.0,0.0,inconclusive,inconclusive,inconclusive,False,insufficient_post_threshold_offer_exposure,inactive
H5B0064,S032,sobol_symmetric,3.1,0.7,32,99.2,69.44,29.760000000000005,14,14,0.0,0.0,6,6,0.5,0.5,0.5,0.7,6,6,0.0,0.0,0.1,0.1,0.1,0.6,True,20,1.0,1.0,1.0,-0.20905235116380333,-0.24859256140496072,-0.16951214092264594,-0.20861521583183693,-0.25004203067489295,-0.1671884009887809,0.0004371353319664095,-0.002432439066629,0.003306709730561819,-0.013781202496867314,-0.015534640251328578,-0.01202776474240605,inconclusive,inconclusive,supported,False,accepted_delay;selection_gap,inconclusive
H5B0065,S033,sobol_symmetric,3.1,0.1,64,198.4,19.840000000000003,178.56,7,7,0.5,0.5,4,4,0.0,0.0,0.0,0.0,4,4,0.5,0.5,0.5,0.5,0.1,0.1,True,20,0.3417608672499137,0.3295129352632987,0.3540087992365287,-0.06911037461960672,-0.08562552611856444,-0.05259522312064899,-0.006773254462338718,-0.022453574038489466,0.008907065113812028,0.062337120157268,0.05988662348923956,0.06478761682529645,-0.0022520917822572914,-0.005027123115864665,0.000522939551350082,inconclusive,inconclusive,inconclusive,False,accepted_delay;selection_gap;served_rate,inconclusive
H5B0065,S033,sobol_symmetric,3.1,0.1,64,198.4,19.840000000000003,178.56,7,7,0.5,0.5,4,4,0.0,0.0,0.0,0.0,4,4,0.5,0.5,0.5,0.5,0.3,0.3,True,20,0.34439382841987576,0.3390294661894252,0.3497581906503263,-0.22941037293198133,-0.24523169376974965,-0.213589052094213,-0.026467535193244473,-0.04239322309390611,-0.01054184729258283,0.20294283773873686,0.19995334193917685,0.20593233353829687,-0.000543464163907241,-0.0031661648959701973,0.002079236568155715,inconclusive,inconclusive,inconclusive,False,accepted_delay;selection_gap;served_rate,inconclusive
H5B0065,S033,sobol_symmetric,3.1,0.1,64,198.4,19.840000000000003,178.56,7,7,0.5,0.5,4,4,0.0,0.0,0.0,0.0,4,4,0.5,0.5,0.5,0.5,0.5,0.5,False,20,0.3450615541822103,0.34031510692847683,0.34980800143594376,-0.3954952941325317,-0.41139422855427915,-0.37959635971078426,-0.03394689132047597,-0.048953009091259464,-0.01894077354969248,0.3615484028120557,0.35650511540333835,0.36659169022077304,-0.005886616113594234,-0.008598443542605359,-0.003174788684583108,supported,supported,supported,True,,supported
H5B0066,S034,sobol_symmetric,1.25,0.9,16,20.0,18.0,2.0,21,21,0.1,0.1,9,9,0.5,0.5,0.5,0.5,12,12,0.0,0.0,0.5,0.5,0.1,0.6,True,20,0.0,0.0,0.0,0.0,0.0,0.0,0.0,0.0,0.0,0.0,0.0,0.0,0.0,0.0,0.0,inconclusive,inconclusive,inconclusive,False,insufficient_post_threshold_offer_exposure,inactive
H5B0067,S035,sobol_symmetric,1.25,0.3,32,40.0,12.0,28.0,14,14,0.0,0.0,12,12,0.0,0.0,0.0,0.5,9,9,0.0,0.0,0.0,0.0,0.1,0.1,True,20,0.5086888723928339,0.48896715524605155,0.5284105895396162,-0.07001690143294255,-0.08649251773334547,-0.053541285132539626,-0.03804237919699736,-0.05416247273414875,-0.021922285659845962,0.03197452223594519,0.030524436062503345,0.03342460840938704,-0.050488207199528255,-0.052258782976079866,-0.048717631422976644,inconclusive,inconclusive,supported,False,accepted_delay;selection_gap,inconclusive
H5B0067,S035,sobol_symmetric,1.25,0.3,32,40.0,12.0,28.0,14,14,0.0,0.0,12,12,0.0,0.0,0.0,0.5,9,9,0.0,0.0,0.0,0.0,0.3,0.3,True,20,0.4343861288555343,0.4217859490253735,0.4469863086856951,-0.20191938459322226,-0.21367003051322087,-0.19016873867322365,-0.10265605285573294,-0.11365397893510099,-0.0916581267763649,0.09926333173748932,0.09530438117461354,0.10322228230036509,-0.12850494789355002,-0.13167071490384868,-0.12533918088325136,inconclusive,inconclusive,supported,False,accepted_delay;selection_gap,inconclusive
H5B0067,S035,sobol_symmetric,1.25,0.3,32,40.0,12.0,28.0,14,14,0.0,0.0,12,12,0.0,0.0,0.0,0.5,9,9,0.0,0.0,0.0,0.0,0.5,0.5,False,20,0.38358783073239805,0.37539099608230847,0.39178466538248763,-0.3318590525339922,-0.342608829508581,-0.32110927555940344,-0.1601811999380965,-0.17109479094282665,-0.14926760893336638,0.17167785259589569,0.16554357226422298,0.1778121329275684,-0.1897999496755654,-0.1934350642985874,-0.18616483505254341,supported,inconclusive,supported,False,selection_gap,inconclusive
H5B0068,S036,sobol_symmetric,4.0,0.7,32,128.0,89.6,38.400000000000006,28,28,0.3,0.3,4,4,0.1,0.1,0.1,0.5,4,4,0.3,0.3,0.5,0.5,0.1,0.2,True,20,0.663917436764135,0.6495469137987379,0.678287959729532,-0.35272942492491777,-0.37418376007549825,-0.3312750897743373,-0.22993522688661142,-0.2507772488850314,-0.20909320488819141,0.12279419803830635,0.11971920622593903,0.12586918985067366,-0.0017453257628411004,-0.0028928106775725276,-0.0005978408481096735,supported,inconclusive,inconclusive,False,selection_gap;served_rate,inconclusive
H5B0068,S036,sobol_symmetric,4.0,0.7,32,128.0,89.6,38.400000000000006,28,28,0.3,0.3,4,4,0.1,0.1,0.1,0.5,4,4,0.3,0.3,0.5,0.5,0.3,0.4,True,20,0.6649170138243351,0.6608182082735219,0.6690158193751483,-1.1053547610393217,-1.1192393554412752,-1.0914701666373683,-0.7435671514521316,-0.7580539805921936,-0.7290803223120695,0.3617876095871902,0.35826293919548313,0.36531227997889726,-0.003828285274290974,-0.004782363585923341,-0.0028742069626586076,supported,supported,inconclusive,False,served_rate,inconclusive
H5B0068,S036,sobol_symmetric,4.0,0.7,32,128.0,89.6,38.400000000000006,28,28,0.3,0.3,4,4,0.1,0.1,0.1,0.5,4,4,0.3,0.3,0.5,0.5,0.5,0.6,False,20,0.6637763716885703,0.6601354008442045,0.667417342532936,-1.9059187418231232,-1.9233133716876245,-1.8885241119586218,-1.3312927610888874,-1.3476826163201332,-1.3149029058576416,0.5746259807342351,0.5706807261063305,0.5785712353621397,-0.006525533380575601,-0.007905174984838304,-0.0051458917763128964,supported,supported,supported,False,,supported
H5B0069,S037,sobol_symmetric,3.1,0.5,16,49.6,24.8,24.8,28,28,0.3,0.3,6,6,0.1,0.1,0.1,0.1,9,9,0.0,0.0,0.3,0.3,0.1,0.2,True,20,0.26578315747330633,0.24505563386909013,0.28651068107752253,-0.13133679452404068,-0.16425964340674157,-0.09841394564133979,-0.04865630625087332,-0.08145620214834712,-0.01585641035339952,0.08268048827316736,0.07604104986784722,0.0893199266784875,-0.00098195017283281,-0.003276817766582867,0.0013129174209172473,inconclusive,inconclusive,inconclusive,False,accepted_delay;selection_gap;served_rate,inconclusive
H5B0069,S037,sobol_symmetric,3.1,0.5,16,49.6,24.8,24.8,28,28,0.3,0.3,6,6,0.1,0.1,0.1,0.1,9,9,0.0,0.0,0.3,0.3,0.3,0.4,True,20,0.25097198269088544,0.2397525775752704,0.2621913878065005,-0.33815106392958294,-0.364989745418777,-0.3113123824403889,-0.11437124037709183,-0.14316719642863013,-0.08557528432555354,0.2237798235524911,0.21348756734099433,0.23407207976398786,-0.004358457476182942,-0.007219798201201404,-0.0014971167511644793,supported,inconclusive,inconclusive,False,selection_gap;served_rate,inconclusive
H5B0069,S037,sobol_symmetric,3.1,0.5,16,49.6,24.8,24.8,28,28,0.3,0.3,6,6,0.1,0.1,0.1,0.1,9,9,0.0,0.0,0.3,0.3,0.5,0.6,False,20,0.2114493313734899,0.2025195860211995,0.2203790767257803,-0.5181119494581514,-0.5486817436294626,-0.48754215528684014,-0.18483110867259125,-0.21728363712826773,-0.15237858021691478,0.3332808407855601,0.3199716753326274,0.3465900062384928,-0.004140386944783072,-0.007120933731800833,-0.0011598401577653113,supported,supported,inconclusive,False,served_rate,inconclusive
H5B0070,S038,sobol_symmetric,1.25,0.5,64,80.0,40.0,40.0,14,14,0.0,0.0,9,9,0.3,0.3,0.3,0.3,4,4,0.3,0.3,0.7,0.7,0.1,0.4,True,20,0.0,0.0,0.0,0.0,0.0,0.0,0.0,0.0,0.0,0.0,0.0,0.0,0.0,0.0,0.0,inconclusive,inconclusive,inconclusive,False,insufficient_post_threshold_offer_exposure,inactive
H5B0070,S038,sobol_symmetric,1.25,0.5,64,80.0,40.0,40.0,14,14,0.0,0.0,9,9,0.3,0.3,0.3,0.3,4,4,0.3,0.3,0.7,0.7,0.3,0.6,True,20,0.0,0.0,0.0,0.0,0.0,0.0,0.0,0.0,0.0,0.0,0.0,0.0,0.0,0.0,0.0,inconclusive,inconclusive,inconclusive,False,insufficient_post_threshold_offer_exposure,inactive
H5B0071,S039,sobol_symmetric,0.8,0.1,16,12.8,1.2800000000000002,11.52,21,21,0.1,0.1,12,12,0.0,0.0,0.0,0.3,6,6,0.7,0.7,0.7,0.7,0.1,0.1,True,20,0.0,0.0,0.0,0.0,0.0,0.0,0.0,0.0,0.0,0.0,0.0,0.0,0.0,0.0,0.0,inconclusive,inconclusive,inconclusive,False,insufficient_post_threshold_offer_exposure,inactive
H5B0071,S039,sobol_symmetric,0.8,0.1,16,12.8,1.2800000000000002,11.52,21,21,0.1,0.1,12,12,0.0,0.0,0.0,0.3,6,6,0.7,0.7,0.7,0.7,0.3,0.3,True,20,0.0,0.0,0.0,0.0,0.0,0.0,0.0,0.0,0.0,0.0,0.0,0.0,0.0,0.0,0.0,inconclusive,inconclusive,inconclusive,False,insufficient_post_threshold_offer_exposure,inactive
H5B0071,S039,sobol_symmetric,0.8,0.1,16,12.8,1.2800000000000002,11.52,21,21,0.1,0.1,12,12,0.0,0.0,0.0,0.3,6,6,0.7,0.7,0.7,0.7,0.5,0.5,False,20,0.0,0.0,0.0,0.0,0.0,0.0,0.0,0.0,0.0,0.0,0.0,0.0,0.0,0.0,0.0,inconclusive,inconclusive,inconclusive,False,insufficient_post_threshold_offer_exposure,inactive
H5B0072,S040,sobol_symmetric,2.0,0.9,32,64.0,57.6,6.399999999999999,7,7,0.5,0.5,4,4,0.5,0.5,0.5,0.7,4,4,0.0,0.0,0.7,0.7,0.1,0.6,True,20,0.0,0.0,0.0,0.0,0.0,0.0,0.0,0.0,0.0,0.0,0.0,0.0,0.0,0.0,0.0,inconclusive,inconclusive,inconclusive,False,insufficient_post_threshold_offer_exposure,inactive
H5B0073,S041,sobol_symmetric,2.0,0.3,16,32.0,9.6,22.4,14,14,0.1,0.1,4,4,0.1,0.1,0.1,0.3,9,9,0.0,0.0,0.1,0.1,0.1,0.2,True,20,0.7521176843236528,0.7092041028827785,0.7950312657645271,-0.3784465636823308,-0.4611376901489721,-0.29575543721568953,-0.2999355437784235,-0.381886283021454,-0.21798480453539304,0.07851101990390733,0.07203881410474852,0.08498322570306613,-0.028753922960005063,-0.03532116045873702,-0.022186685461273108,supported,inconclusive,supported,False,selection_gap,inconclusive
H5B0073,S041,sobol_symmetric,2.0,0.3,16,32.0,9.6,22.4,14,14,0.1,0.1,4,4,0.1,0.1,0.1,0.3,9,9,0.0,0.0,0.1,0.1,0.3,0.4,True,20,0.7492219237879195,0.7313354907849753,0.7671083567908638,-1.0933835383544415,-1.1665030545586177,-1.0202640221502652,-0.8514762542428365,-0.9228369004339049,-0.780115608051768,0.24190728411160506,0.23131108769382092,0.2525034805293892,-0.09311709710460718,-0.09999761108795305,-0.08623658312126131,supported,inconclusive,supported,False,selection_gap,inconclusive
H5B0073,S041,sobol_symmetric,2.0,0.3,16,32.0,9.6,22.4,14,14,0.1,0.1,4,4,0.1,0.1,0.1,0.3,9,9,0.0,0.0,0.1,0.1,0.5,0.6,False,20,0.6829952058226667,0.6686496402064567,0.6973407714388767,-1.6253207695487082,-1.6844191252615786,-1.5662224138358378,-1.1903549377439966,-1.247630438096665,-1.1330794373913282,0.4349658318047121,0.4258079691939686,0.44412369441545557,-0.15427060444484234,-0.1609952350965204,-0.14754597379316428,supported,supported,supported,False,,supported
H5B0074,S042,sobol_symmetric,0.8,0.7,64,51.2,35.84,15.360000000000005,28,28,0.5,0.5,12,12,0.3,0.3,0.3,0.5,4,4,0.5,0.5,0.5,0.5,0.1,0.4,True,20,0.0,0.0,0.0,0.0,0.0,0.0,0.0,0.0,0.0,0.0,0.0,0.0,0.0,0.0,0.0,inconclusive,inconclusive,inconclusive,False,insufficient_post_threshold_offer_exposure,inactive
H5B0074,S042,sobol_symmetric,0.8,0.7,64,51.2,35.84,15.360000000000005,28,28,0.5,0.5,12,12,0.3,0.3,0.3,0.5,4,4,0.5,0.5,0.5,0.5,0.3,0.6,True,20,0.0,0.0,0.0,0.0,0.0,0.0,0.0,0.0,0.0,0.0,0.0,0.0,0.0,0.0,0.0,inconclusive,inconclusive,inconclusive,False,insufficient_post_threshold_offer_exposure,inactive
H5B0075,S043,sobol_symmetric,1.25,0.3,16,20.0,6.0,14.0,7,7,0.3,0.3,4,4,0.0,0.0,0.0,0.5,4,4,0.5,0.5,0.7,0.7,0.1,0.1,True,20,0.0,0.0,0.0,0.0,0.0,0.0,0.0,0.0,0.0,0.0,0.0,0.0,0.0,0.0,0.0,inconclusive,inconclusive,inconclusive,False,insufficient_post_threshold_offer_exposure,inactive
H5B0075,S043,sobol_symmetric,1.25,0.3,16,20.0,6.0,14.0,7,7,0.3,0.3,4,4,0.0,0.0,0.0,0.5,4,4,0.5,0.5,0.7,0.7,0.3,0.3,True,20,0.0,0.0,0.0,0.0,0.0,0.0,0.0,0.0,0.0,0.0,0.0,0.0,0.0,0.0,0.0,inconclusive,inconclusive,inconclusive,False,insufficient_post_threshold_offer_exposure,inactive
H5B0075,S043,sobol_symmetric,1.25,0.3,16,20.0,6.0,14.0,7,7,0.3,0.3,4,4,0.0,0.0,0.0,0.5,4,4,0.5,0.5,0.7,0.7,0.5,0.5,False,20,0.0,0.0,0.0,0.0,0.0,0.0,0.0,0.0,0.0,0.0,0.0,0.0,0.0,0.0,0.0,inconclusive,inconclusive,inconclusive,False,insufficient_post_threshold_offer_exposure,inactive
H5B0077,S045,sobol_symmetric,4.0,0.1,32,128.0,12.8,115.2,21,21,0.0,0.0,4,4,0.0,0.0,0.0,0.1,6,6,0.5,0.5,0.7,0.7,0.1,0.1,True,20,0.9685867727418194,0.949029193142119,0.9881443523415198,0.0,0.0,0.0,0.0,0.0,0.0,0.0,0.0,0.0,-0.007293211264985985,-0.009258500921622358,-0.005327921608349614,inconclusive,inconclusive,supported,False,accepted_delay;selection_gap,inconclusive
H5B0077,S045,sobol_symmetric,4.0,0.1,32,128.0,12.8,115.2,21,21,0.0,0.0,4,4,0.0,0.0,0.0,0.1,6,6,0.5,0.5,0.7,0.7,0.3,0.3,True,20,0.9974369902516182,0.9921559743501477,1.0027180061530887,0.0,0.0,0.0,0.0,0.0,0.0,0.0,0.0,0.0,-0.022853890955832186,-0.025070705923859023,-0.02063707598780535,inconclusive,inconclusive,supported,False,accepted_delay;selection_gap,inconclusive
H5B0077,S045,sobol_symmetric,4.0,0.1,32,128.0,12.8,115.2,21,21,0.0,0.0,4,4,0.0,0.0,0.0,0.1,6,6,0.5,0.5,0.7,0.7,0.5,0.5,False,20,0.9956010266730264,0.9889970634469765,1.0022049898990764,0.0,0.0,0.0,0.0,0.0,0.0,0.0,0.0,0.0,-0.03815722861882378,-0.03961501873675551,-0.036699438500892044,inconclusive,inconclusive,supported,False,accepted_delay;selection_gap,inconclusive
H5B0078,S046,sobol_symmetric,2.0,0.9,32,64.0,57.6,6.399999999999999,7,7,0.3,0.3,4,4,0.5,0.5,0.5,0.5,4,4,0.0,0.0,0.5,0.5,0.1,0.6,True,20,0.0,0.0,0.0,0.0,0.0,0.0,0.0,0.0,0.0,0.0,0.0,0.0,0.0,0.0,0.0,inconclusive,inconclusive,inconclusive,False,insufficient_post_threshold_offer_exposure,inactive
H5B0079,S047,sobol_symmetric,0.8,0.5,64,51.2,25.6,25.6,28,28,0.5,0.5,9,9,0.0,0.0,0.0,0.7,9,9,0.0,0.0,0.1,0.1,0.1,0.1,True,20,0.0,0.0,0.0,0.0,0.0,0.0,0.0,0.0,0.0,0.0,0.0,0.0,0.0,0.0,0.0,inconclusive,inconclusive,inconclusive,False,insufficient_post_threshold_offer_exposure,inactive
H5B0079,S047,sobol_symmetric,0.8,0.5,64,51.2,25.6,25.6,28,28,0.5,0.5,9,9,0.0,0.0,0.0,0.7,9,9,0.0,0.0,0.1,0.1,0.3,0.3,True,20,0.0,0.0,0.0,0.0,0.0,0.0,0.0,0.0,0.0,0.0,0.0,0.0,0.0,0.0,0.0,inconclusive,inconclusive,inconclusive,False,insufficient_post_threshold_offer_exposure,inactive
H5B0079,S047,sobol_symmetric,0.8,0.5,64,51.2,25.6,25.6,28,28,0.5,0.5,9,9,0.0,0.0,0.0,0.7,9,9,0.0,0.0,0.1,0.1,0.5,0.5,False,20,0.0,0.0,0.0,0.0,0.0,0.0,0.0,0.0,0.0,0.0,0.0,0.0,0.0,0.0,0.0,inconclusive,inconclusive,inconclusive,False,insufficient_post_threshold_offer_exposure,inactive
H5B0080,S048,sobol_symmetric,3.1,0.5,16,49.6,24.8,24.8,14,14,0.1,0.1,6,6,0.1,0.1,0.1,0.7,4,4,0.3,0.3,0.3,0.3,0.1,0.2,True,20,0.7882623240714695,0.7616337279404363,0.8148909202025026,-0.8003233091005093,-0.8736166228856361,-0.7270299953153825,-0.6681736565906798,-0.7439079251033499,-0.5924393880780098,0.13214965250982952,0.12479043834333588,0.13950886667632317,-0.003698099458642262,-0.0064334986579042954,-0.0009627002593802286,supported,inconclusive,inconclusive,False,selection_gap;served_rate,inconclusive
H5B0080,S048,sobol_symmetric,3.1,0.5,16,49.6,24.8,24.8,14,14,0.1,0.1,6,6,0.1,0.1,0.1,0.7,4,4,0.3,0.3,0.3,0.3,0.3,0.4,True,20,0.7826745230809885,0.7705915203274797,0.7947575258344973,-2.4796368147143424,-2.5419512117394323,-2.4173224176892525,-2.1399453178455534,-2.2059134601099792,-2.0739771755811276,0.3396914968687893,0.3313387988668609,0.3480441948707177,-0.020601660868681145,-0.02277225846950846,-0.01843106326785383,supported,supported,supported,False,,supported
H5B0080,S048,sobol_symmetric,3.1,0.5,16,49.6,24.8,24.8,14,14,0.1,0.1,6,6,0.1,0.1,0.1,0.7,4,4,0.3,0.3,0.3,0.3,0.5,0.6,False,20,0.708738014037752,0.6997918555456742,0.7176841725298299,-3.4638677917418463,-3.5186324795494106,-3.409103103934282,-2.9093724247842285,-2.9611101720803426,-2.8576346774881145,0.5544953669576176,0.5455294237288211,0.5634613101864141,-0.04632690485168393,-0.04888877568954099,-0.043765034013826865,supported,supported,supported,False,,supported
H5B0081,S049,sobol_symmetric,3.1,0.5,64,198.4,99.2,99.2,21,21,0.3,0.3,12,12,0.3,0.3,0.3,0.7,9,9,0.3,0.3,0.7,0.7,0.1,0.4,True,20,0.0,0.0,0.0,0.0,0.0,0.0,0.0,0.0,0.0,0.0,0.0,0.0,0.0,0.0,0.0,inconclusive,inconclusive,inconclusive,False,insufficient_post_threshold_offer_exposure,inactive
H5B0081,S049,sobol_symmetric,3.1,0.5,64,198.4,99.2,99.2,21,21,0.3,0.3,12,12,0.3,0.3,0.3,0.7,9,9,0.3,0.3,0.7,0.7,0.3,0.6,True,20,0.0,0.0,0.0,0.0,0.0,0.0,0.0,0.0,0.0,0.0,0.0,0.0,0.0,0.0,0.0,inconclusive,inconclusive,inconclusive,False,insufficient_post_threshold_offer_exposure,inactive
H5B0082,S050,sobol_symmetric,0.8,0.5,32,25.6,12.8,12.8,7,7,0.0,0.0,4,4,0.0,0.0,0.0,0.0,4,4,0.0,0.0,0.1,0.1,0.1,0.1,True,20,0.0,0.0,0.0,0.0,0.0,0.0,0.0,0.0,0.0,0.0,0.0,0.0,0.0,0.0,0.0,inconclusive,inconclusive,inconclusive,False,insufficient_post_threshold_offer_exposure,inactive
H5B0082,S050,sobol_symmetric,0.8,0.5,32,25.6,12.8,12.8,7,7,0.0,0.0,4,4,0.0,0.0,0.0,0.0,4,4,0.0,0.0,0.1,0.1,0.3,0.3,True,20,0.0,0.0,0.0,0.0,0.0,0.0,0.0,0.0,0.0,0.0,0.0,0.0,0.0,0.0,0.0,inconclusive,inconclusive,inconclusive,False,insufficient_post_threshold_offer_exposure,inactive
H5B0082,S050,sobol_symmetric,0.8,0.5,32,25.6,12.8,12.8,7,7,0.0,0.0,4,4,0.0,0.0,0.0,0.0,4,4,0.0,0.0,0.1,0.1,0.5,0.5,False,20,0.0,0.0,0.0,0.0,0.0,0.0,0.0,0.0,0.0,0.0,0.0,0.0,0.0,0.0,0.0,inconclusive,inconclusive,inconclusive,False,insufficient_post_threshold_offer_exposure,inactive
H5B0083,S051,sobol_symmetric,2.0,0.1,64,128.0,12.8,115.2,28,28,0.1,0.1,6,6,0.1,0.1,0.1,0.7,6,6,0.0,0.0,0.7,0.7,0.1,0.2,True,20,0.26336519495359206,0.23985316532321338,0.28687722458397075,-0.05409390661729274,-0.07316881082305576,-0.03501900241152973,-0.004869692227385469,-0.02081317615552287,0.011073791700751932,0.049224214389907275,0.04264552929741523,0.05580289948239932,-0.0014728343314016263,-0.006247116956210283,0.003301448293407031,inconclusive,inconclusive,inconclusive,False,accepted_delay;selection_gap;served_rate,inconclusive
H5B0083,S051,sobol_symmetric,2.0,0.1,64,128.0,12.8,115.2,28,28,0.1,0.1,6,6,0.1,0.1,0.1,0.7,6,6,0.0,0.0,0.7,0.7,0.3,0.4,True,20,0.24615831281444955,0.23462065562278542,0.2576959700061137,-0.16371490507643652,-0.18288894917379475,-0.14454086097907828,-0.017553414377412757,-0.03502675709022683,-8.007166459868612e-05,0.14616149069902376,0.14003326118965945,0.15228972020838807,-0.00702969662148549,-0.012045565896458329,-0.0020138273465126503,inconclusive,inconclusive,supported,False,accepted_delay;selection_gap,inconclusive
H5B0083,S051,sobol_symmetric,2.0,0.1,64,128.0,12.8,115.2,28,28,0.1,0.1,6,6,0.1,0.1,0.1,0.7,6,6,0.0,0.0,0.7,0.7,0.5,0.6,False,20,0.2423077615626917,0.23308855936745426,0.25152696375792916,-0.274171941678923,-0.2962563717631715,-0.2520875115946745,-0.020990046449689492,-0.03951552760914591,-0.002464565290233072,0.2531818952292335,0.2429667075822296,0.2633970828762374,-0.01112948327386826,-0.017517459252557138,-0.0047415072951793825,supported,supported,supported,True,,supported
H5B0084,S052,sobol_symmetric,4.0,0.9,16,64.0,57.6,6.399999999999999,14,14,0.5,0.5,9,9,0.0,0.0,0.0,0.7,12,12,0.7,0.7,0.7,0.7,0.1,0.1,True,20,4.749898093187752e-05,-2.092445469924634e-05,0.00011592241656300137,-0.0007517764659227044,-0.00328896756573819,0.001785414633892781,-0.0007254009449884525,-0.0032466701871234913,0.0017958682971465861,2.6375520934251994e-05,-1.1618949743735093e-05,6.436999161223908e-05,1.538526588770045e-05,-8.582402955341817e-06,3.935293473074272e-05,inconclusive,inconclusive,inconclusive,False,insufficient_post_threshold_offer_exposure,inactive
H5B0084,S052,sobol_symmetric,4.0,0.9,16,64.0,57.6,6.399999999999999,14,14,0.5,0.5,9,9,0.0,0.0,0.0,0.7,12,12,0.7,0.7,0.7,0.7,0.3,0.3,True,20,0.000134390267548454,5.375246702765957e-05,0.00021502806806924845,-0.0013636071798465376,-0.010634956879063564,0.007907742519370488,-0.0011388658998027878,-0.010362663952518869,0.008084932152913294,0.00022474128004374984,8.946967523951844e-05,0.00036001288484798123,0.0002541658733969616,-0.00013219992518086969,0.0006405316719747929,inconclusive,inconclusive,inconclusive,False,insufficient_post_threshold_offer_exposure,inactive
H5B0084,S052,sobol_symmetric,4.0,0.9,16,64.0,57.6,6.399999999999999,14,14,0.5,0.5,9,9,0.0,0.0,0.0,0.7,12,12,0.7,0.7,0.7,0.7,0.5,0.5,False,20,0.00014713296997280107,5.6806950366752266e-05,0.00023745898957884987,-0.0015285373358664422,-0.011247274319720498,0.008190199647987614,-0.001118572061558476,-0.010875662709549622,0.008638518586432671,0.00040996527430796624,0.00015893563704313344,0.000660994911572799,-7.990100730523725e-05,-0.0007078424160850494,0.000548040401474575,inconclusive,inconclusive,inconclusive,False,insufficient_post_threshold_offer_exposure,inactive
H5B0085,S053,sobol_symmetric,4.0,0.1,32,128.0,12.8,115.2,14,14,0.5,0.5,12,12,0.3,0.3,0.3,0.5,6,6,0.0,0.0,0.5,0.5,0.1,0.4,True,20,0.0,0.0,0.0,0.0,0.0,0.0,0.0,0.0,0.0,0.0,0.0,0.0,0.0,0.0,0.0,inconclusive,inconclusive,inconclusive,False,insufficient_post_threshold_offer_exposure,inactive
H5B0085,S053,sobol_symmetric,4.0,0.1,32,128.0,12.8,115.2,14,14,0.5,0.5,12,12,0.3,0.3,0.3,0.5,6,6,0.0,0.0,0.5,0.5,0.3,0.6,True,20,0.0,0.0,0.0,0.0,0.0,0.0,0.0,0.0,0.0,0.0,0.0,0.0,0.0,0.0,0.0,inconclusive,inconclusive,inconclusive,False,insufficient_post_threshold_offer_exposure,inactive
H5B0086,S054,sobol_symmetric,1.25,0.7,32,40.0,28.0,12.000000000000002,28,28,0.1,0.1,4,4,0.1,0.1,0.1,0.3,12,12,0.5,0.5,0.5,0.5,0.1,0.2,True,20,0.0007341065922771985,-0.0008023961638586905,0.0022706093484130877,0.000781462360660612,-0.00085415715781675,0.002417081879137974,0.0007524651071885602,-0.0008224624622600227,0.002327392676637143,-2.899725347205173e-05,-8.968920250083084e-05,3.169469555672738e-05,-0.0003174225498386585,-0.0009817955820625908,0.0003469504823852738,inconclusive,inconclusive,inconclusive,False,insufficient_post_threshold_offer_exposure,inactive
H5B0086,S054,sobol_symmetric,1.25,0.7,32,40.0,28.0,12.000000000000002,28,28,0.1,0.1,4,4,0.1,0.1,0.1,0.3,12,12,0.5,0.5,0.5,0.5,0.3,0.4,True,20,0.0003573400903095865,-0.0003905813143128155,0.0011052614949319886,0.0031361995219784332,-0.003427941516946267,0.009700340560903133,0.0031924586023927004,-0.0034894340451179524,0.009874351249903353,5.625908041426708e-05,-6.149252817168528e-05,0.00017401068900021942,-0.0005725423504467558,-0.0017708872620992877,0.0006258025612057759,inconclusive,inconclusive,inconclusive,False,insufficient_post_threshold_offer_exposure,inactive
H5B0086,S054,sobol_symmetric,1.25,0.7,32,40.0,28.0,12.000000000000002,28,28,0.1,0.1,4,4,0.1,0.1,0.1,0.3,12,12,0.5,0.5,0.5,0.5,0.5,0.6,False,20,0.00021440405418575188,-0.0002343487885876893,0.000663156896959193,0.0031361995219784332,-0.003427941516946267,0.009700340560903133,0.0031924586023927004,-0.0034894340451179524,0.009874351249903353,5.625908041426708e-05,-6.149252817168528e-05,0.00017401068900021942,-0.0005725423504467558,-0.0017708872620992877,0.0006258025612057759,inconclusive,inconclusive,inconclusive,False,insufficient_post_threshold_offer_exposure,inactive
H5B0087,S055,sobol_symmetric,0.8,0.3,16,12.8,3.84,8.959999999999999,7,7,0.0,0.0,4,4,0.5,0.5,0.5,0.7,4,4,0.3,0.3,0.3,0.3,0.1,0.6,True,20,0.0,0.0,0.0,0.0,0.0,0.0,0.0,0.0,0.0,0.0,0.0,0.0,0.0,0.0,0.0,inconclusive,inconclusive,inconclusive,False,insufficient_post_threshold_offer_exposure,inactive
H5B0088,S056,sobol_symmetric,2.0,0.7,64,128.0,89.6,38.400000000000006,21,21,0.3,0.3,9,9,0.0,0.0,0.0,0.1,4,4,0.0,0.0,0.0,0.0,0.1,0.1,True,20,0.0,0.0,0.0,0.0,0.0,0.0,0.0,0.0,0.0,0.0,0.0,0.0,0.0,0.0,0.0,inconclusive,inconclusive,inconclusive,False,insufficient_post_threshold_offer_exposure,inactive
H5B0088,S056,sobol_symmetric,2.0,0.7,64,128.0,89.6,38.400000000000006,21,21,0.3,0.3,9,9,0.0,0.0,0.0,0.1,4,4,0.0,0.0,0.0,0.0,0.3,0.3,True,20,0.0,0.0,0.0,0.0,0.0,0.0,0.0,0.0,0.0,0.0,0.0,0.0,0.0,0.0,0.0,inconclusive,inconclusive,inconclusive,False,insufficient_post_threshold_offer_exposure,inactive
H5B0088,S056,sobol_symmetric,2.0,0.7,64,128.0,89.6,38.400000000000006,21,21,0.3,0.3,9,9,0.0,0.0,0.0,0.1,4,4,0.0,0.0,0.0,0.0,0.5,0.5,False,20,0.0,0.0,0.0,0.0,0.0,0.0,0.0,0.0,0.0,0.0,0.0,0.0,0.0,0.0,0.0,inconclusive,inconclusive,inconclusive,False,insufficient_post_threshold_offer_exposure,inactive
H5B0089,S057,sobol_symmetric,3.1,0.1,16,49.6,4.960000000000001,44.64,28,28,0.0,0.0,9,9,0.3,0.3,0.3,0.5,6,6,0.0,0.0,0.5,0.5,0.1,0.4,True,20,0.9459118810977746,0.9001078702984101,0.991715891897139,0.0052654043597438974,-0.024265909826147375,0.03479671854563517,0.004301973087476973,-0.024141047672205637,0.032744993847159586,-0.0009634312722669236,-0.01182445998605354,0.009897597441519693,-0.027178247464639167,-0.0326387283458566,-0.021717766583421734,inconclusive,inconclusive,supported,False,accepted_delay;selection_gap,inconclusive
H5B0089,S057,sobol_symmetric,3.1,0.1,16,49.6,4.960000000000001,44.64,28,28,0.0,0.0,9,9,0.3,0.3,0.3,0.5,6,6,0.0,0.0,0.5,0.5,0.3,0.6,True,20,0.9897272202531238,0.973470674797387,1.0059837657088604,-0.08291738792740092,-0.10981187457664907,-0.056022901278152765,-0.08474443794520478,-0.11913479566386755,-0.05035408022654202,-0.0018270500178038773,-0.020372625764392725,0.01671852572878497,-0.08271266378160033,-0.08807255957868645,-0.07735276798451421,inconclusive,inconclusive,supported,False,accepted_delay;selection_gap,inconclusive
H5B0090,S058,sobol_symmetric,0.8,0.9,64,51.2,46.080000000000005,5.119999999999999,14,14,0.3,0.3,6,6,0.1,0.1,0.1,0.5,12,12,0.5,0.5,0.5,0.5,0.1,0.2,True,20,0.0,0.0,0.0,0.0,0.0,0.0,0.0,0.0,0.0,0.0,0.0,0.0,0.0,0.0,0.0,inconclusive,inconclusive,inconclusive,False,insufficient_post_threshold_offer_exposure,inactive
H5B0090,S058,sobol_symmetric,0.8,0.9,64,51.2,46.080000000000005,5.119999999999999,14,14,0.3,0.3,6,6,0.1,0.1,0.1,0.5,12,12,0.5,0.5,0.5,0.5,0.3,0.4,True,20,0.0,0.0,0.0,0.0,0.0,0.0,0.0,0.0,0.0,0.0,0.0,0.0,0.0,0.0,0.0,inconclusive,inconclusive,inconclusive,False,insufficient_post_threshold_offer_exposure,inactive
H5B0090,S058,sobol_symmetric,0.8,0.9,64,51.2,46.080000000000005,5.119999999999999,14,14,0.3,0.3,6,6,0.1,0.1,0.1,0.5,12,12,0.5,0.5,0.5,0.5,0.5,0.6,False,20,0.0,0.0,0.0,0.0,0.0,0.0,0.0,0.0,0.0,0.0,0.0,0.0,0.0,0.0,0.0,inconclusive,inconclusive,inconclusive,False,insufficient_post_threshold_offer_exposure,inactive
H5B0092,S060,sobol_symmetric,4.0,0.5,32,128.0,64.0,64.0,7,7,0.1,0.1,4,4,0.0,0.0,0.0,0.5,4,4,0.0,0.0,0.0,0.0,0.1,0.1,True,20,0.830295990190636,0.8171534368567067,0.8434385435245654,-0.01617008980192054,-0.02298147405477587,-0.009358705549065208,0.04417241815130746,0.03700987406499706,0.051334962237617854,0.060342507953228,0.059123258595771506,0.061561757310684494,-0.00784117407534216,-0.00964102165944101,-0.006041326491243311,inconclusive,inconclusive,supported,False,accepted_delay;selection_gap,inconclusive
H5B0092,S060,sobol_symmetric,4.0,0.5,32,128.0,64.0,64.0,7,7,0.1,0.1,4,4,0.0,0.0,0.0,0.5,4,4,0.0,0.0,0.0,0.0,0.3,0.3,True,20,0.8901663492891773,0.8831733635889221,0.8971593349894325,-0.07953138799958785,-0.0883711583429881,-0.0706916176561876,0.11972049770934264,0.111444240953078,0.12799675446560727,0.1992518857089305,0.1975517977897505,0.2009519736281105,-0.027751711404175594,-0.029093808568597196,-0.026409614239753992,inconclusive,inconclusive,supported,False,accepted_delay;selection_gap,inconclusive
H5B0092,S060,sobol_symmetric,4.0,0.5,32,128.0,64.0,64.0,7,7,0.1,0.1,4,4,0.0,0.0,0.0,0.5,4,4,0.0,0.0,0.0,0.0,0.5,0.5,False,20,0.9836157940389286,0.9793782515749548,0.9878533365029024,-0.17464431043641496,-0.1856860117546181,-0.1636026091182118,0.2084840380536536,0.19874322762054983,0.21822484848675736,0.38312834849006855,0.3793710478607191,0.386885649119418,-0.05453223410669389,-0.056058959155789595,-0.05300550905759818,inconclusive,supported,supported,False,accepted_delay,inconclusive
H5B0093,S061,sobol_symmetric,4.0,0.3,64,256.0,76.8,179.2,7,7,0.1,0.1,4,4,0.5,0.5,0.5,0.5,4,4,0.3,0.3,0.5,0.5,0.1,0.6,True,20,0.9821377130745805,0.9604022621735001,1.003873163975661,-0.11153889892186863,-0.12133492507457098,-0.10174287276916628,0.046158375739176985,0.035437066980504334,0.056879684497849636,0.1576972746610456,0.15223636657517112,0.1631581827469201,-0.013109469524120326,-0.014272612569150913,-0.011946326479089739,inconclusive,inconclusive,supported,False,accepted_delay;selection_gap,inconclusive
H5B0094,S062,sobol_symmetric,2.0,0.7,16,32.0,22.4,9.6,21,21,0.5,0.5,6,6,0.0,0.0,0.0,0.0,4,4,0.0,0.0,0.3,0.3,0.1,0.1,True,20,0.0,0.0,0.0,0.0,0.0,0.0,0.0,0.0,0.0,0.0,0.0,0.0,0.0,0.0,0.0,inconclusive,inconclusive,inconclusive,False,insufficient_post_threshold_offer_exposure,inactive
H5B0094,S062,sobol_symmetric,2.0,0.7,16,32.0,22.4,9.6,21,21,0.5,0.5,6,6,0.0,0.0,0.0,0.0,4,4,0.0,0.0,0.3,0.3,0.3,0.3,True,20,0.0,0.0,0.0,0.0,0.0,0.0,0.0,0.0,0.0,0.0,0.0,0.0,0.0,0.0,0.0,inconclusive,inconclusive,inconclusive,False,insufficient_post_threshold_offer_exposure,inactive
H5B0094,S062,sobol_symmetric,2.0,0.7,16,32.0,22.4,9.6,21,21,0.5,0.5,6,6,0.0,0.0,0.0,0.0,4,4,0.0,0.0,0.3,0.3,0.5,0.5,False,20,0.0,0.0,0.0,0.0,0.0,0.0,0.0,0.0,0.0,0.0,0.0,0.0,0.0,0.0,0.0,inconclusive,inconclusive,inconclusive,False,insufficient_post_threshold_offer_exposure,inactive
H5B0095,S063,sobol_symmetric,1.25,0.1,32,40.0,4.0,36.0,14,14,0.3,0.3,4,4,0.3,0.3,0.3,0.3,6,6,0.0,0.0,0.7,0.7,0.1,0.4,True,20,0.0,0.0,0.0,0.0,0.0,0.0,0.0,0.0,0.0,0.0,0.0,0.0,0.0,0.0,0.0,inconclusive,inconclusive,inconclusive,False,insufficient_post_threshold_offer_exposure,inactive
H5B0095,S063,sobol_symmetric,1.25,0.1,32,40.0,4.0,36.0,14,14,0.3,0.3,4,4,0.3,0.3,0.3,0.3,6,6,0.0,0.0,0.7,0.7,0.3,0.6,True,20,0.0,0.0,0.0,0.0,0.0,0.0,0.0,0.0,0.0,0.0,0.0,0.0,0.0,0.0,0.0,inconclusive,inconclusive,inconclusive,False,insufficient_post_threshold_offer_exposure,inactive
H5B0096,S064;X101,sobol_symmetric,3.1,0.9,16,49.6,44.64,4.959999999999999,28,28,0.0,0.0,12,12,0.1,0.1,0.1,0.1,12,12,0.7,0.7,0.7,0.7,0.1,0.2,True,20,1.0,1.0,1.0,0.0,0.0,0.0,0.0,0.0,0.0,0.0,0.0,0.0,-0.0011332763431606482,-0.00216555025851613,-0.0001010024278051665,inconclusive,inconclusive,inconclusive,False,accepted_delay;selection_gap;served_rate,inconclusive
H5B0096,S064;X101,sobol_symmetric,3.1,0.9,16,49.6,44.64,4.959999999999999,28,28,0.0,0.0,12,12,0.1,0.1,0.1,0.1,12,12,0.7,0.7,0.7,0.7,0.3,0.4,True,20,1.0,1.0,1.0,-9.962024735621355e-05,-0.0001927052428712324,-6.535251841194726e-06,-0.00012017882946793179,-0.00022354408724486598,-1.681357169099759e-05,-2.055858211171824e-05,-6.814899235645978e-05,2.703182813302331e-05,-0.0032713976174769135,-0.004383754764382219,-0.0021590404705716074,inconclusive,inconclusive,inconclusive,False,accepted_delay;selection_gap;served_rate,inconclusive
H5B0096,S064;X101,sobol_symmetric,3.1,0.9,16,49.6,44.64,4.959999999999999,28,28,0.0,0.0,12,12,0.1,0.1,0.1,0.1,12,12,0.7,0.7,0.7,0.7,0.5,0.6,False,20,1.0,1.0,1.0,-0.12996571913350596,-0.16091527713759318,-0.09901616112941873,-0.1275499009231787,-0.15985681469000068,-0.0952429871563567,0.002415818210327281,0.000321468281411962,0.0045101681392426,-0.008406402235984158,-0.009678250458282753,-0.007134554013685562,inconclusive,inconclusive,supported,False,accepted_delay;selection_gap,inconclusive
H5B0097,S065,sobol_symmetric,3.1,0.1,64,198.4,19.840000000000003,178.56,14,14,0.1,0.1,9,9,0.1,0.1,0.1,0.1,12,12,0.3,0.3,0.5,0.5,0.1,0.2,True,20,0.613090624905883,0.5753491582807276,0.6508320915310383,-0.18825333076289869,-0.23132538101369168,-0.1451812805121057,0.02556942293955968,-0.013010064326244027,0.0641489102053634,0.21382275370245835,0.1994008650875101,0.2282446423174066,-0.008416401103829262,-0.011416019239775456,-0.005416782967883067,inconclusive,inconclusive,supported,False,accepted_delay;selection_gap,inconclusive
H5B0097,S065,sobol_symmetric,3.1,0.1,64,198.4,19.840000000000003,178.56,14,14,0.1,0.1,9,9,0.1,0.1,0.1,0.1,12,12,0.3,0.3,0.5,0.5,0.3,0.4,True,20,0.6136720549918266,0.6011681722831367,0.6261759377005166,-0.713299811448202,-0.7477086226683809,-0.6788910002280231,0.047589218421445076,0.01958920491014876,0.07558923193274139,0.7608890298696471,0.7442574308530162,0.777520628886278,-0.024126355716147397,-0.026600153920574666,-0.021652557511720127,supported,supported,supported,True,,supported
H5B0097,S065,sobol_symmetric,3.1,0.1,64,198.4,19.840000000000003,178.56,14,14,0.1,0.1,9,9,0.1,0.1,0.1,0.1,12,12,0.3,0.3,0.5,0.5,0.5,0.6,False,20,0.6281060574277205,0.6200095026475104,0.6362026122079306,-1.3879307607064466,-1.4321480164829745,-1.3437135049299187,0.11987336080290056,0.08255696807555046,0.15718975353025066,1.5078041215093472,1.486223015255129,1.5293852277635653,-0.03936105567652219,-0.04240345708742314,-0.036318654265621246,supported,supported,supported,True,,supported
H5B0098,S066,sobol_symmetric,1.25,0.9,16,20.0,18.0,2.0,28,28,0.5,0.5,6,6,0.3,0.3,0.3,0.3,6,6,0.0,0.0,0.0,0.0,0.1,0.4,True,20,0.0,0.0,0.0,0.0,0.0,0.0,0.0,0.0,0.0,0.0,0.0,0.0,0.0,0.0,0.0,inconclusive,inconclusive,inconclusive,False,insufficient_post_threshold_offer_exposure,inactive
H5B0098,S066,sobol_symmetric,1.25,0.9,16,20.0,18.0,2.0,28,28,0.5,0.5,6,6,0.3,0.3,0.3,0.3,6,6,0.0,0.0,0.0,0.0,0.3,0.6,True,20,0.0,0.0,0.0,0.0,0.0,0.0,0.0,0.0,0.0,0.0,0.0,0.0,0.0,0.0,0.0,inconclusive,inconclusive,inconclusive,False,insufficient_post_threshold_offer_exposure,inactive
H5B0099,S067,sobol_symmetric,2.0,0.5,64,128.0,64.0,64.0,7,7,0.3,0.3,4,4,0.0,0.0,0.0,0.3,4,4,0.0,0.0,0.5,0.5,0.1,0.1,True,20,0.12351202956714018,0.11675481672027474,0.13026924241400561,-0.027556924501543102,-0.041668285166427906,-0.013445563836658299,-0.005274171050173604,-0.020230081364884245,0.009681739264537036,0.022282753451369496,0.021183966893515503,0.02338154000922349,-0.0005182027572151665,-0.0033943883669428983,0.002357982852512565,inconclusive,inconclusive,inconclusive,False,accepted_delay;selection_gap;served_rate,inconclusive
H5B0099,S067,sobol_symmetric,2.0,0.5,64,128.0,64.0,64.0,7,7,0.3,0.3,4,4,0.0,0.0,0.0,0.3,4,4,0.0,0.0,0.5,0.5,0.3,0.3,True,20,0.11132062675656425,0.10795834263162452,0.11468291088150398,-0.08074231662544773,-0.09257516918372086,-0.0689094640671746,-0.018645656975009063,-0.031168002492444714,-0.0061233114575734125,0.06209665965043867,0.06037200920373187,0.06382131009714546,0.0002498148357208796,-0.0019810131437273575,0.002480642815169117,inconclusive,inconclusive,inconclusive,False,accepted_delay;selection_gap;served_rate,inconclusive
H5B0099,S067,sobol_symmetric,2.0,0.5,64,128.0,64.0,64.0,7,7,0.3,0.3,4,4,0.0,0.0,0.0,0.3,4,4,0.0,0.0,0.5,0.5,0.5,0.5,False,20,0.0972104271323707,0.09316029209410162,0.10126056217063978,-0.12879598061659397,-0.13874200497509548,-0.11884995625809247,-0.03620177857995155,-0.047509771596426095,-0.024893785563477003,0.09259420203664241,0.08906604115333877,0.09612236291994605,0.0011938942251441182,-0.0010148059833158807,0.003402594433604117,inconclusive,inconclusive,inconclusive,False,accepted_delay;selection_gap;served_rate,inconclusive
H5B0100,S068,sobol_symmetric,4.0,0.7,16,64.0,44.8,19.200000000000003,21,21,0.0,0.0,12,12,0.5,0.5,0.5,0.7,9,9,0.5,0.5,0.5,0.5,0.1,0.6,True,20,1.0,1.0,1.0,-0.00615709954137369,-0.00760394913948627,-0.0047102499432611095,-0.005982153140686642,-0.007508943811546227,-0.004455362469827057,0.00017494640068704825,-0.00017610732659147234,0.0005260001279655689,-0.006231644873637657,-0.007783216788000525,-0.0046800729592747885,inconclusive,inconclusive,supported,False,accepted_delay;selection_gap,inconclusive
H5B0101,S069,sobol_symmetric,4.0,0.3,32,128.0,38.4,89.6,21,21,0.0,0.0,9,9,0.0,0.0,0.0,0.0,4,4,0.0,0.0,0.7,0.7,0.1,0.1,True,20,0.9865851232838955,0.9778562643375508,0.9953139822302401,0.0,0.0,0.0,0.0,0.0,0.0,0.0,0.0,0.0,-0.005630257161122765,-0.006963034591946576,-0.004297479730298954,inconclusive,inconclusive,supported,False,accepted_delay;selection_gap,inconclusive
H5B0101,S069,sobol_symmetric,4.0,0.3,32,128.0,38.4,89.6,21,21,0.0,0.0,9,9,0.0,0.0,0.0,0.0,4,4,0.0,0.0,0.7,0.7,0.3,0.3,True,20,0.9985007421161123,0.9954767506246562,1.0015247336075683,0.0,0.0,0.0,0.0,0.0,0.0,0.0,0.0,0.0,-0.016609253729013316,-0.017757713512945528,-0.015460793945081104,inconclusive,inconclusive,supported,False,accepted_delay;selection_gap,inconclusive
H5B0101,S069,sobol_symmetric,4.0,0.3,32,128.0,38.4,89.6,21,21,0.0,0.0,9,9,0.0,0.0,0.0,0.0,4,4,0.0,0.0,0.7,0.7,0.5,0.5,False,20,1.0,1.0,1.0,0.0,0.0,0.0,0.0,0.0,0.0,0.0,0.0,0.0,-0.029763087180165453,-0.030871082397509846,-0.02865509196282106,inconclusive,inconclusive,supported,False,accepted_delay;selection_gap,inconclusive
H5B0102,S070,sobol_symmetric,1.25,0.7,32,40.0,28.0,12.000000000000002,7,7,0.3,0.3,4,4,0.3,0.3,0.3,0.7,4,4,0.7,0.7,0.7,0.7,0.1,0.4,True,20,0.0,0.0,0.0,0.0,0.0,0.0,0.0,0.0,0.0,0.0,0.0,0.0,0.0,0.0,0.0,inconclusive,inconclusive,inconclusive,False,insufficient_post_threshold_offer_exposure,inactive
H5B0102,S070,sobol_symmetric,1.25,0.7,32,40.0,28.0,12.000000000000002,7,7,0.3,0.3,4,4,0.3,0.3,0.3,0.7,4,4,0.7,0.7,0.7,0.7,0.3,0.6,True,20,0.0,0.0,0.0,0.0,0.0,0.0,0.0,0.0,0.0,0.0,0.0,0.0,0.0,0.0,0.0,inconclusive,inconclusive,inconclusive,False,insufficient_post_threshold_offer_exposure,inactive
H5B0103,S071,sobol_symmetric,0.8,0.1,16,12.8,1.2800000000000002,11.52,28,28,0.5,0.5,4,4,0.0,0.0,0.0,0.7,12,12,0.3,0.3,0.7,0.7,0.1,0.1,True,20,0.0,0.0,0.0,0.0,0.0,0.0,0.0,0.0,0.0,0.0,0.0,0.0,0.0,0.0,0.0,inconclusive,inconclusive,inconclusive,False,insufficient_post_threshold_offer_exposure,inactive
H5B0103,S071,sobol_symmetric,0.8,0.1,16,12.8,1.2800000000000002,11.52,28,28,0.5,0.5,4,4,0.0,0.0,0.0,0.7,12,12,0.3,0.3,0.7,0.7,0.3,0.3,True,20,0.0,0.0,0.0,0.0,0.0,0.0,0.0,0.0,0.0,0.0,0.0,0.0,0.0,0.0,0.0,inconclusive,inconclusive,inconclusive,False,insufficient_post_threshold_offer_exposure,inactive
H5B0103,S071,sobol_symmetric,0.8,0.1,16,12.8,1.2800000000000002,11.52,28,28,0.5,0.5,4,4,0.0,0.0,0.0,0.7,12,12,0.3,0.3,0.7,0.7,0.5,0.5,False,20,0.0,0.0,0.0,0.0,0.0,0.0,0.0,0.0,0.0,0.0,0.0,0.0,0.0,0.0,0.0,inconclusive,inconclusive,inconclusive,False,insufficient_post_threshold_offer_exposure,inactive
H5B0104,S072,sobol_symmetric,3.1,0.9,64,198.4,178.56,19.84,14,14,0.1,0.1,12,12,0.1,0.1,0.1,0.5,6,6,0.0,0.0,0.3,0.3,0.1,0.2,True,20,0.5576232262770529,0.5471343573737983,0.5681120951803074,-0.0025283087091998446,-0.010534412779306253,0.005477795360906564,0.18987249655389382,0.18158511607689168,0.19815987703089596,0.19240080526309367,0.186643891834072,0.19815771869211532,-0.0009356096868030934,-0.0019901876289867906,0.00011896825538060371,inconclusive,inconclusive,inconclusive,False,accepted_delay;selection_gap;served_rate,inconclusive
H5B0104,S072,sobol_symmetric,3.1,0.9,64,198.4,178.56,19.84,14,14,0.1,0.1,12,12,0.1,0.1,0.1,0.5,6,6,0.0,0.0,0.3,0.3,0.3,0.4,True,20,0.6291392275192884,0.6257048901953416,0.6325735648432352,-0.08927292228273967,-0.09788107693167755,-0.08066476763380179,0.5389573444522833,0.5295479840366305,0.548366704867936,0.628230266735023,0.6226356358653488,0.6338248976046973,-0.0017548741824417041,-0.0025497985644618152,-0.000959949800421593,inconclusive,supported,inconclusive,False,accepted_delay;served_rate,inconclusive
H5B0104,S072,sobol_symmetric,3.1,0.9,64,198.4,178.56,19.84,14,14,0.1,0.1,12,12,0.1,0.1,0.1,0.5,6,6,0.0,0.0,0.3,0.3,0.5,0.6,False,20,0.5025802344395304,0.49986066399301676,0.505299804886044,-0.3721339406999956,-0.38041402022948695,-0.3638538611705043,0.5191281710724166,0.5089485799810267,0.5293077621638065,0.8912621117724122,0.8846286048006944,0.89789561874413,-0.002828309662428019,-0.0037774401615529823,-0.0018791791633030555,supported,supported,inconclusive,False,served_rate,inconclusive
H5B0105,S073,sobol_symmetric,2.0,0.5,16,32.0,16.0,16.0,7,7,0.5,0.5,4,4,0.0,0.0,0.0,0.1,4,4,0.3,0.3,0.3,0.3,0.1,0.1,True,20,0.001369910889609916,0.000524371374857221,0.002215450404362611,-0.005252414014395268,-0.012726519117485392,0.002221691088694855,-0.004879278831298994,-0.012213030014853143,0.002454472352255154,0.0003731351830962737,0.00014111399394919056,0.0006051563722433568,0.0008402125757572237,-0.0006706134067867909,0.0023510385583012383,inconclusive,inconclusive,inconclusive,False,insufficient_post_threshold_offer_exposure,inactive
H5B0105,S073,sobol_symmetric,2.0,0.5,16,32.0,16.0,16.0,7,7,0.5,0.5,4,4,0.0,0.0,0.0,0.1,4,4,0.3,0.3,0.3,0.3,0.3,0.3,True,20,0.0015044387850873667,0.0007828475058900301,0.0022260300642847034,-0.00042443194257957284,-0.006974663559550646,0.0061257996743915005,0.0007959001974699343,-0.005700514648471212,0.00729231504341108,0.0012203321400495071,0.000636193425393349,0.0018044708547056653,-0.00030587263360279946,-0.0023120296526602277,0.0017002843854546285,inconclusive,inconclusive,inconclusive,False,insufficient_post_threshold_offer_exposure,inactive
H5B0105,S073,sobol_symmetric,2.0,0.5,16,32.0,16.0,16.0,7,7,0.5,0.5,4,4,0.0,0.0,0.0,0.1,4,4,0.3,0.3,0.3,0.3,0.5,0.5,False,20,0.001379139218401332,0.0008891145389633985,0.0018691638978392657,0.001461849069273624,-0.007122710823315961,0.01004640896186321,0.0033223972282226512,-0.005123573462333458,0.01176836791877876,0.001860548158949027,0.0012022315010477894,0.0025188648168502645,-0.0018056836924645937,-0.0038507994937705863,0.00023943210884139893,inconclusive,inconclusive,inconclusive,False,insufficient_post_threshold_offer_exposure,inactive
H5B0106,S074,sobol_symmetric,0.8,0.5,64,51.2,25.6,25.6,21,21,0.1,0.1,4,4,0.5,0.5,0.5,0.5,9,9,0.5,0.5,0.7,0.7,0.1,0.6,True,20,0.0,0.0,0.0,0.0,0.0,0.0,0.0,0.0,0.0,0.0,0.0,0.0,0.0,0.0,0.0,inconclusive,inconclusive,inconclusive,False,insufficient_post_threshold_offer_exposure,inactive
H5B0107,S075,sobol_symmetric,1.25,0.1,32,40.0,4.0,36.0,14,14,0.0,0.0,6,6,0.0,0.0,0.0,0.7,12,12,0.5,0.5,0.5,0.5,0.1,0.1,True,20,0.30182117665248,0.28080626892944077,0.3228360843755192,-0.026492611788683673,-0.03684197799865709,-0.016143245578710254,-0.005050551616149823,-0.015528984095850004,0.005427880863550357,0.02144206017253385,0.019960023054474786,0.022924097290592915,-0.01429075226157218,-0.02085365522710648,-0.007727849296037877,inconclusive,inconclusive,supported,False,accepted_delay;selection_gap,inconclusive
H5B0107,S075,sobol_symmetric,1.25,0.1,32,40.0,4.0,36.0,14,14,0.0,0.0,6,6,0.0,0.0,0.0,0.7,12,12,0.5,0.5,0.5,0.5,0.3,0.3,True,20,0.3015731049962909,0.2858083140590917,0.31733789593349016,-0.08690536351540805,-0.09767147703844305,-0.07613924999237305,-0.017285903530486913,-0.027710760978779544,-0.00686104608219428,0.06961945998492114,0.06587344676581142,0.07336547320403086,-0.04835108213617847,-0.05588936178487735,-0.04081280248747959,inconclusive,inconclusive,supported,False,accepted_delay;selection_gap,inconclusive
H5B0107,S075,sobol_symmetric,1.25,0.1,32,40.0,4.0,36.0,14,14,0.0,0.0,6,6,0.0,0.0,0.0,0.7,12,12,0.5,0.5,0.5,0.5,0.5,0.5,False,20,0.2826727566332209,0.2765033573402147,0.2888421559262271,-0.15198667760812112,-0.1636583614346845,-0.14031499378155773,-0.033472555836937846,-0.04475887914639102,-0.022186232527484674,0.11851412177118328,0.1160435290196827,0.12098471452268386,-0.06966827710776874,-0.07681829167115825,-0.06251826254437923,inconclusive,inconclusive,supported,False,accepted_delay;selection_gap,inconclusive
H5B0108,S076,sobol_symmetric,4.0,0.9,32,128.0,115.2,12.799999999999995,28,28,0.3,0.3,9,9,0.1,0.1,0.1,0.7,6,6,0.0,0.0,0.1,0.1,0.1,0.2,True,20,0.13538862889563466,0.12420803044370796,0.14656922734756136,-0.1134063216667546,-0.13175426008128976,-0.09505838325221945,-0.05208128241236234,-0.07095249200254983,-0.03321007282217485,0.061325039254392255,0.05763119047296513,0.06501888803581939,0.0009753069497887012,0.00015546606306361612,0.0017951478365137864,inconclusive,inconclusive,inconclusive,False,accepted_delay;selection_gap;served_rate,inconclusive
H5B0108,S076,sobol_symmetric,4.0,0.9,32,128.0,115.2,12.799999999999995,28,28,0.3,0.3,9,9,0.1,0.1,0.1,0.7,6,6,0.0,0.0,0.1,0.1,0.3,0.4,True,20,0.10903796673272965,0.10337156301266778,0.11470437045279153,-0.23282250584511716,-0.24653150329830623,-0.21911350839192809,-0.08345978742946243,-0.09791261192384286,-0.069006962935082,0.14936271841565474,0.14313755218227756,0.15558788464903192,2.95293210231945e-05,-0.0007536642434495158,0.0008127228854959048,inconclusive,inconclusive,inconclusive,False,accepted_delay;selection_gap;served_rate,inconclusive
H5B0108,S076,sobol_symmetric,4.0,0.9,32,128.0,115.2,12.799999999999995,28,28,0.3,0.3,9,9,0.1,0.1,0.1,0.7,6,6,0.0,0.0,0.1,0.1,0.5,0.6,False,20,0.08992189618750772,0.08608894397183989,0.09375484840317555,-0.30651420495061343,-0.32469900435878996,-0.2883294055424369,-0.10116200761969826,-0.11704197808417187,-0.08528203715522466,0.20535219733091514,0.19666229011263123,0.21404210454919906,-3.347612296428909e-05,-0.0006277052214459741,0.0005607529755173959,supported,inconclusive,inconclusive,False,selection_gap;served_rate,inconclusive
H5B0109,S077,sobol_symmetric,4.0,0.3,64,256.0,76.8,179.2,28,28,0.3,0.3,12,12,0.1,0.1,0.1,0.3,12,12,0.3,0.3,0.3,0.3,0.1,0.2,True,20,0.0,0.0,0.0,0.0,0.0,0.0,0.0,0.0,0.0,0.0,0.0,0.0,0.0,0.0,0.0,inconclusive,inconclusive,inconclusive,False,insufficient_post_threshold_offer_exposure,inactive
H5B0109,S077,sobol_symmetric,4.0,0.3,64,256.0,76.8,179.2,28,28,0.3,0.3,12,12,0.1,0.1,0.1,0.3,12,12,0.3,0.3,0.3,0.3,0.3,0.4,True,20,0.0,0.0,0.0,0.0,0.0,0.0,0.0,0.0,0.0,0.0,0.0,0.0,0.0,0.0,0.0,inconclusive,inconclusive,inconclusive,False,insufficient_post_threshold_offer_exposure,inactive
H5B0109,S077,sobol_symmetric,4.0,0.3,64,256.0,76.8,179.2,28,28,0.3,0.3,12,12,0.1,0.1,0.1,0.3,12,12,0.3,0.3,0.3,0.3,0.5,0.6,False,20,0.0,0.0,0.0,0.0,0.0,0.0,0.0,0.0,0.0,0.0,0.0,0.0,0.0,0.0,0.0,inconclusive,inconclusive,inconclusive,False,insufficient_post_threshold_offer_exposure,inactive
H5B0110,S078,sobol_symmetric,2.0,0.7,16,32.0,22.4,9.6,14,14,0.0,0.0,4,4,0.3,0.3,0.3,0.5,6,6,0.0,0.0,0.1,0.1,0.1,0.4,True,20,1.0,1.0,1.0,-0.36924687575124304,-0.4184690338595912,-0.32002471764289486,-0.3687171360765615,-0.4201855711008608,-0.31724870105226216,0.0005297396746815509,-0.004046187364803721,0.005105666714166822,-0.01633069463107611,-0.019369739927233075,-0.013291649334919149,supported,inconclusive,supported,False,selection_gap,inconclusive
H5B0110,S078,sobol_symmetric,2.0,0.7,16,32.0,22.4,9.6,14,14,0.0,0.0,4,4,0.3,0.3,0.3,0.5,6,6,0.0,0.0,0.1,0.1,0.3,0.6,True,20,0.9999988652095958,0.9999964900659831,1.0000012403532086,-8.24316474476684,-8.2837407050757,-8.20258878445798,-8.116860052060966,-8.155376037489404,-8.078344066632528,0.1263046927058773,0.12228050829288549,0.1303288771188691,-0.017515675168518537,-0.02168449007739251,-0.013346860259644567,supported,inconclusive,supported,False,selection_gap,inconclusive
H5B0111,S079,sobol_symmetric,0.8,0.3,64,51.2,15.36,35.84,21,21,0.1,0.1,6,6,0.0,0.0,0.0,0.5,4,4,0.0,0.0,0.3,0.3,0.1,0.1,True,20,0.0,0.0,0.0,0.0,0.0,0.0,0.0,0.0,0.0,0.0,0.0,0.0,0.0,0.0,0.0,inconclusive,inconclusive,inconclusive,False,insufficient_post_threshold_offer_exposure,inactive
H5B0111,S079,sobol_symmetric,0.8,0.3,64,51.2,15.36,35.84,21,21,0.1,0.1,6,6,0.0,0.0,0.0,0.5,4,4,0.0,0.0,0.3,0.3,0.3,0.3,True,20,0.0,0.0,0.0,0.0,0.0,0.0,0.0,0.0,0.0,0.0,0.0,0.0,0.0,0.0,0.0,inconclusive,inconclusive,inconclusive,False,insufficient_post_threshold_offer_exposure,inactive
H5B0111,S079,sobol_symmetric,0.8,0.3,64,51.2,15.36,35.84,21,21,0.1,0.1,6,6,0.0,0.0,0.0,0.5,4,4,0.0,0.0,0.3,0.3,0.5,0.5,False,20,0.0,0.0,0.0,0.0,0.0,0.0,0.0,0.0,0.0,0.0,0.0,0.0,0.0,0.0,0.0,inconclusive,inconclusive,inconclusive,False,insufficient_post_threshold_offer_exposure,inactive
H5B0113,S081,sobol_symmetric,3.1,0.3,64,198.4,59.52,138.88,28,28,0.0,0.0,4,4,0.3,0.3,0.3,0.3,4,4,0.7,0.7,0.7,0.7,0.1,0.4,True,20,1.0,1.0,1.0,0.0,0.0,0.0,0.0,0.0,0.0,0.0,0.0,0.0,-0.008713869938154716,-0.009637865549914007,-0.007789874326395426,inconclusive,inconclusive,supported,False,accepted_delay;selection_gap,inconclusive
H5B0113,S081,sobol_symmetric,3.1,0.3,64,198.4,59.52,138.88,28,28,0.0,0.0,4,4,0.3,0.3,0.3,0.3,4,4,0.7,0.7,0.7,0.7,0.3,0.6,True,20,1.0,1.0,1.0,-0.0004700898798120079,-0.0008463451717999496,-9.383458782406617e-05,-0.000427046537752851,-0.0007778570786267883,-7.623599687891369e-05,4.304334205915694e-05,-3.9458584468035446e-05,0.00012554526858634933,-0.03155125924883424,-0.03240772987235574,-0.03069478862531275,inconclusive,inconclusive,supported,False,accepted_delay;selection_gap,inconclusive
H5B0114,S082,sobol_symmetric,0.8,0.7,16,12.8,8.959999999999999,3.8400000000000007,14,14,0.3,0.3,12,12,0.1,0.1,0.1,0.3,9,9,0.0,0.0,0.7,0.7,0.1,0.2,True,20,0.0,0.0,0.0,0.0,0.0,0.0,0.0,0.0,0.0,0.0,0.0,0.0,0.0,0.0,0.0,inconclusive,inconclusive,inconclusive,False,insufficient_post_threshold_offer_exposure,inactive
H5B0114,S082,sobol_symmetric,0.8,0.7,16,12.8,8.959999999999999,3.8400000000000007,14,14,0.3,0.3,12,12,0.1,0.1,0.1,0.3,9,9,0.0,0.0,0.7,0.7,0.3,0.4,True,20,0.0,0.0,0.0,0.0,0.0,0.0,0.0,0.0,0.0,0.0,0.0,0.0,0.0,0.0,0.0,inconclusive,inconclusive,inconclusive,False,insufficient_post_threshold_offer_exposure,inactive
H5B0114,S082,sobol_symmetric,0.8,0.7,16,12.8,8.959999999999999,3.8400000000000007,14,14,0.3,0.3,12,12,0.1,0.1,0.1,0.3,9,9,0.0,0.0,0.7,0.7,0.5,0.6,False,20,0.0,0.0,0.0,0.0,0.0,0.0,0.0,0.0,0.0,0.0,0.0,0.0,0.0,0.0,0.0,inconclusive,inconclusive,inconclusive,False,insufficient_post_threshold_offer_exposure,inactive
H5B0115,S083,sobol_symmetric,2.0,0.1,32,64.0,6.4,57.6,21,21,0.5,0.5,9,9,0.5,0.5,0.5,0.7,12,12,0.0,0.0,0.1,0.1,0.1,0.6,True,20,0.0,0.0,0.0,0.0,0.0,0.0,0.0,0.0,0.0,0.0,0.0,0.0,0.0,0.0,0.0,inconclusive,inconclusive,inconclusive,False,insufficient_post_threshold_offer_exposure,inactive
H5B0116,S084,sobol_symmetric,4.0,0.7,32,128.0,89.6,38.400000000000006,7,7,0.1,0.1,4,4,0.0,0.0,0.0,0.3,4,4,0.3,0.3,0.7,0.7,0.1,0.1,True,20,0.7918578619102169,0.777737146563444,0.8059785772569898,-0.01920562246985047,-0.02683812271357528,-0.011573122226125656,0.04726186263454357,0.039871630717106636,0.05465209455198051,0.06646748510439404,0.06522448101164541,0.06771048919714268,-0.0003206889252388989,-0.0013224440780066331,0.0006810662275288353,inconclusive,inconclusive,inconclusive,False,accepted_delay;selection_gap;served_rate,inconclusive
H5B0116,S084,sobol_symmetric,4.0,0.7,32,128.0,89.6,38.400000000000006,7,7,0.1,0.1,4,4,0.0,0.0,0.0,0.3,4,4,0.3,0.3,0.7,0.7,0.3,0.3,True,20,0.8828618586094666,0.8773349893227247,0.8883887278962086,-0.06792871433169823,-0.07364952571226357,-0.06220790295113287,0.1521634107676339,0.14676444423009086,0.15756237730517694,0.22009212509933213,0.21808792306409897,0.22209632713456529,-0.002992874561511269,-0.0036900723817190196,-0.002295676741303518,inconclusive,inconclusive,inconclusive,False,accepted_delay;selection_gap;served_rate,inconclusive
H5B0116,S084,sobol_symmetric,4.0,0.7,32,128.0,89.6,38.400000000000006,7,7,0.1,0.1,4,4,0.0,0.0,0.0,0.3,4,4,0.3,0.3,0.7,0.7,0.5,0.5,False,20,0.9881992428013037,0.9835867569304299,0.9928117286721775,-0.14043051331416107,-0.14822496021206527,-0.13263606641625686,0.269072939252337,0.26205330217539247,0.2760925763292815,0.409503452566498,0.4060771546328963,0.4129297505000997,-0.008846331928225714,-0.009665144648324773,-0.008027519208126655,inconclusive,supported,supported,False,accepted_delay,inconclusive
H5B0117,S085,sobol_symmetric,4.0,0.1,16,64.0,6.4,57.6,7,7,0.1,0.1,4,4,0.3,0.3,0.3,0.7,4,4,0.0,0.0,0.1,0.1,0.1,0.4,True,20,0.8446991415372572,0.760769254558911,0.9286290285156035,-0.09666711921576843,-0.11709762075164588,-0.07623661767989097,-0.03386635803132774,-0.054045368872742125,-0.013687347189913351,0.0628007611844407,0.04922394047795155,0.07637758189092984,-0.03686441721604664,-0.04290142313420859,-0.030827411297884695,inconclusive,inconclusive,supported,False,accepted_delay;selection_gap,inconclusive
H5B0117,S085,sobol_symmetric,4.0,0.1,16,64.0,6.4,57.6,7,7,0.1,0.1,4,4,0.3,0.3,0.3,0.7,4,4,0.0,0.0,0.1,0.1,0.3,0.6,True,20,0.868685821057506,0.8280532017648475,0.9093184403501645,-0.4278701527182907,-0.45951298303995985,-0.39622732239662156,-0.17553710256051355,-0.19925118318522347,-0.15182302193580363,0.25233305015777713,0.23650633278264582,0.26815976753290843,-0.1101026899777378,-0.11496273527848405,-0.10524264467699154,supported,supported,supported,True,,supported
H5B0118,S086,sobol_symmetric,1.25,0.9,64,80.0,72.0,7.999999999999998,21,21,0.5,0.5,12,12,0.0,0.0,0.0,0.0,6,6,0.3,0.3,0.3,0.3,0.1,0.1,True,20,0.0,0.0,0.0,0.0,0.0,0.0,0.0,0.0,0.0,0.0,0.0,0.0,0.0,0.0,0.0,inconclusive,inconclusive,inconclusive,False,insufficient_post_threshold_offer_exposure,inactive
H5B0118,S086,sobol_symmetric,1.25,0.9,64,80.0,72.0,7.999999999999998,21,21,0.5,0.5,12,12,0.0,0.0,0.0,0.0,6,6,0.3,0.3,0.3,0.3,0.3,0.3,True,20,0.0,0.0,0.0,0.0,0.0,0.0,0.0,0.0,0.0,0.0,0.0,0.0,0.0,0.0,0.0,inconclusive,inconclusive,inconclusive,False,insufficient_post_threshold_offer_exposure,inactive
H5B0118,S086,sobol_symmetric,1.25,0.9,64,80.0,72.0,7.999999999999998,21,21,0.5,0.5,12,12,0.0,0.0,0.0,0.0,6,6,0.3,0.3,0.3,0.3,0.5,0.5,False,20,0.0,0.0,0.0,0.0,0.0,0.0,0.0,0.0,0.0,0.0,0.0,0.0,0.0,0.0,0.0,inconclusive,inconclusive,inconclusive,False,insufficient_post_threshold_offer_exposure,inactive
H5B0119,S087,sobol_symmetric,0.8,0.5,32,25.6,12.8,12.8,14,14,0.3,0.3,9,9,0.1,0.1,0.1,0.7,4,4,0.5,0.5,0.7,0.7,0.1,0.2,True,20,0.0,0.0,0.0,0.0,0.0,0.0,0.0,0.0,0.0,0.0,0.0,0.0,0.0,0.0,0.0,inconclusive,inconclusive,inconclusive,False,insufficient_post_threshold_offer_exposure,inactive
H5B0119,S087,sobol_symmetric,0.8,0.5,32,25.6,12.8,12.8,14,14,0.3,0.3,9,9,0.1,0.1,0.1,0.7,4,4,0.5,0.5,0.7,0.7,0.3,0.4,True,20,0.0,0.0,0.0,0.0,0.0,0.0,0.0,0.0,0.0,0.0,0.0,0.0,0.0,0.0,0.0,inconclusive,inconclusive,inconclusive,False,insufficient_post_threshold_offer_exposure,inactive
H5B0119,S087,sobol_symmetric,0.8,0.5,32,25.6,12.8,12.8,14,14,0.3,0.3,9,9,0.1,0.1,0.1,0.7,4,4,0.5,0.5,0.7,0.7,0.5,0.6,False,20,0.0,0.0,0.0,0.0,0.0,0.0,0.0,0.0,0.0,0.0,0.0,0.0,0.0,0.0,0.0,inconclusive,inconclusive,inconclusive,False,insufficient_post_threshold_offer_exposure,inactive
H5B0120,S088,sobol_symmetric,2.0,0.5,64,128.0,64.0,64.0,28,28,0.0,0.0,6,6,0.0,0.0,0.0,0.7,9,9,0.0,0.0,0.5,0.5,0.1,0.1,True,20,1.0,1.0,1.0,-0.9794653167702,-1.0979728965082605,-0.8609577370321396,-0.9808944510822201,-1.1000267777811983,-0.8617621243832417,-0.001429134312020075,-0.005198474506910971,0.0023402058828708213,-0.005813465692871897,-0.007961008934861919,-0.0036659224508818755,supported,inconclusive,supported,False,selection_gap,inconclusive
H5B0120,S088,sobol_symmetric,2.0,0.5,64,128.0,64.0,64.0,28,28,0.0,0.0,6,6,0.0,0.0,0.0,0.7,9,9,0.0,0.0,0.5,0.5,0.3,0.3,True,20,1.0,1.0,1.0,-17.7418771975278,-18.15676449011506,-17.32698990494054,-17.735871900811354,-18.15106147318887,-17.320682328433836,0.006005296716448694,0.004405245808518188,0.0076053476243792,0.2603939695032307,0.2179321947348706,0.3028557442715908,supported,inconclusive,reversed,False,selection_gap;served_rate,reversed
H5B0120,S088,sobol_symmetric,2.0,0.5,64,128.0,64.0,64.0,28,28,0.0,0.0,6,6,0.0,0.0,0.0,0.7,9,9,0.0,0.0,0.5,0.5,0.5,0.5,False,20,0.929295077143202,0.9248802412573072,0.9337099130290969,-19.31463160727868,-19.377168912501112,-19.25209430205625,-19.196365683292782,-19.258289763219718,-19.134441603365847,0.11826592398589852,0.11614568971854425,0.1203861582532528,0.2030025934185796,0.20070507199071327,0.20530011484644592,supported,inconclusive,reversed,False,selection_gap;served_rate,reversed
H5B0121,S089,sobol_symmetric,2.0,0.1,16,32.0,3.2,28.8,21,21,0.3,0.3,6,6,0.5,0.5,0.5,0.5,12,12,0.0,0.0,0.0,0.0,0.1,0.6,True,20,0.0,0.0,0.0,0.0,0.0,0.0,0.0,0.0,0.0,0.0,0.0,0.0,0.0,0.0,0.0,inconclusive,inconclusive,inconclusive,False,insufficient_post_threshold_offer_exposure,inactive
H5B0122,S090,sobol_symmetric,0.8,0.9,32,25.6,23.040000000000003,2.56,7,7,0.0,0.0,4,4,0.0,0.0,0.0,0.1,4,4,0.3,0.3,0.5,0.5,0.1,0.1,True,20,0.0,0.0,0.0,0.0,0.0,0.0,0.0,0.0,0.0,0.0,0.0,0.0,0.0,0.0,0.0,inconclusive,inconclusive,inconclusive,False,insufficient_post_threshold_offer_exposure,inactive
H5B0122,S090,sobol_symmetric,0.8,0.9,32,25.6,23.040000000000003,2.56,7,7,0.0,0.0,4,4,0.0,0.0,0.0,0.1,4,4,0.3,0.3,0.5,0.5,0.3,0.3,True,20,0.0,0.0,0.0,0.0,0.0,0.0,0.0,0.0,0.0,0.0,0.0,0.0,0.0,0.0,0.0,inconclusive,inconclusive,inconclusive,False,insufficient_post_threshold_offer_exposure,inactive
H5B0122,S090,sobol_symmetric,0.8,0.9,32,25.6,23.040000000000003,2.56,7,7,0.0,0.0,4,4,0.0,0.0,0.0,0.1,4,4,0.3,0.3,0.5,0.5,0.5,0.5,False,20,0.0,0.0,0.0,0.0,0.0,0.0,0.0,0.0,0.0,0.0,0.0,0.0,0.0,0.0,0.0,inconclusive,inconclusive,inconclusive,False,insufficient_post_threshold_offer_exposure,inactive
H5B0123,S091,sobol_symmetric,1.25,0.3,16,20.0,6.0,14.0,28,28,0.1,0.1,12,12,0.1,0.1,0.1,0.7,4,4,0.5,0.5,0.5,0.5,0.1,0.2,True,20,0.0,0.0,0.0,0.0,0.0,0.0,0.0,0.0,0.0,0.0,0.0,0.0,0.0,0.0,0.0,inconclusive,inconclusive,inconclusive,False,insufficient_post_threshold_offer_exposure,inactive
H5B0123,S091,sobol_symmetric,1.25,0.3,16,20.0,6.0,14.0,28,28,0.1,0.1,12,12,0.1,0.1,0.1,0.7,4,4,0.5,0.5,0.5,0.5,0.3,0.4,True,20,0.0,0.0,0.0,0.0,0.0,0.0,0.0,0.0,0.0,0.0,0.0,0.0,0.0,0.0,0.0,inconclusive,inconclusive,inconclusive,False,insufficient_post_threshold_offer_exposure,inactive
H5B0123,S091,sobol_symmetric,1.25,0.3,16,20.0,6.0,14.0,28,28,0.1,0.1,12,12,0.1,0.1,0.1,0.7,4,4,0.5,0.5,0.5,0.5,0.5,0.6,False,20,0.0,0.0,0.0,0.0,0.0,0.0,0.0,0.0,0.0,0.0,0.0,0.0,0.0,0.0,0.0,inconclusive,inconclusive,inconclusive,False,insufficient_post_threshold_offer_exposure,inactive
H5B0124,S092,sobol_symmetric,3.1,0.7,64,198.4,138.88,59.52000000000001,14,14,0.5,0.5,4,4,0.1,0.1,0.1,0.1,9,9,0.0,0.0,0.5,0.5,0.1,0.2,True,20,0.19122995547704838,0.1828978284547296,0.19956208249936716,-0.05881677348856953,-0.06893025892846048,-0.04870328804867857,-0.01785207217298066,-0.02828559460384717,-0.007418549742114151,0.04096470131558887,0.03942886777385587,0.042500534857321866,-0.0004451159849454822,-0.0014415630664031834,0.000551331096512219,inconclusive,inconclusive,inconclusive,False,accepted_delay;selection_gap;served_rate,inconclusive
H5B0124,S092,sobol_symmetric,3.1,0.7,64,198.4,138.88,59.52000000000001,14,14,0.5,0.5,4,4,0.1,0.1,0.1,0.1,9,9,0.0,0.0,0.5,0.5,0.3,0.4,True,20,0.17041910722201292,0.16845865996171586,0.17237955448231,-0.1535750545227426,-0.16048477435898087,-0.1466653346865043,-0.03755017437492449,-0.044165680666295004,-0.03093466808355398,0.11602488014781809,0.11487368509086839,0.11717607520476779,-0.0011341446805346461,-0.0021179811970560222,-0.0001503081640132698,inconclusive,inconclusive,inconclusive,False,accepted_delay;selection_gap;served_rate,inconclusive
H5B0124,S092,sobol_symmetric,3.1,0.7,64,198.4,138.88,59.52000000000001,14,14,0.5,0.5,4,4,0.1,0.1,0.1,0.1,9,9,0.0,0.0,0.5,0.5,0.5,0.6,False,20,0.1502429121651706,0.14727923704535242,0.1532065872849888,-0.23583639071258436,-0.2443568943775561,-0.22731588704761263,-0.06097486818119149,-0.07110984933912065,-0.05083988702326233,0.17486152253139284,0.1715480678997221,0.17817497716306357,-0.0018018730401639538,-0.0028796703769361663,-0.0007240757033917416,inconclusive,inconclusive,inconclusive,False,accepted_delay;selection_gap;served_rate,inconclusive
H5B0125,S093,sobol_symmetric,4.0,0.3,32,128.0,38.4,89.6,14,14,0.5,0.5,6,6,0.3,0.3,0.3,0.7,4,4,0.7,0.7,0.7,0.7,0.1,0.4,True,20,0.0,0.0,0.0,0.0001402566879696865,-0.00015330393374250783,0.0004338173096818808,-0.0005174238300387213,-0.0016004043526338413,0.0005655566925563988,-0.0006576805180084078,-0.0020342216623157224,0.0007188606262989066,7.578580649175021e-05,-8.283570947821635e-05,0.00023440732246171676,inconclusive,inconclusive,inconclusive,False,insufficient_post_threshold_offer_exposure,inactive
H5B0125,S093,sobol_symmetric,4.0,0.3,32,128.0,38.4,89.6,14,14,0.5,0.5,6,6,0.3,0.3,0.3,0.7,4,4,0.7,0.7,0.7,0.7,0.3,0.6,True,20,0.0,0.0,0.0,0.0001402566879696865,-0.00015330393374250783,0.0004338173096818808,-0.0005174238300387213,-0.0016004043526338413,0.0005655566925563988,-0.0006576805180084078,-0.0020342216623157224,0.0007188606262989066,7.578580649175021e-05,-8.283570947821635e-05,0.00023440732246171676,inconclusive,inconclusive,inconclusive,False,insufficient_post_threshold_offer_exposure,inactive
H5B0126,S094,sobol_symmetric,2.0,0.5,32,64.0,32.0,32.0,28,28,0.1,0.1,9,9,0.1,0.1,0.1,0.5,9,9,0.0,0.0,0.7,0.7,0.1,0.2,True,20,0.06593510969051228,0.04468836541576961,0.08718185396525495,-0.026709951578938317,-0.05944299025091958,0.006023087093042945,-0.006753127374789525,-0.039777553826961305,0.02627129907738226,0.019956824204148793,0.017478454765686605,0.02243519364261098,0.0025729130920228325,-0.0016294337829316288,0.006775259966977294,inconclusive,inconclusive,inconclusive,False,accepted_delay;selection_gap;served_rate,inconclusive
H5B0126,S094,sobol_symmetric,2.0,0.5,32,64.0,32.0,32.0,28,28,0.1,0.1,9,9,0.1,0.1,0.1,0.5,9,9,0.0,0.0,0.7,0.7,0.3,0.4,True,20,0.04000583399912345,0.030429963417344774,0.04958170458090212,-0.08777545532692921,-0.12819049073934988,-0.047360419914508546,-0.04142043303932197,-0.08399473697915316,0.001153870900509224,0.04635502228760724,0.03878166521204879,0.05392837936316569,0.0073289079012645334,0.003474472480332102,0.011183343322196965,inconclusive,inconclusive,reversed,False,accepted_delay;selection_gap;served_rate,reversed
H5B0126,S094,sobol_symmetric,2.0,0.5,32,64.0,32.0,32.0,28,28,0.1,0.1,9,9,0.1,0.1,0.1,0.5,9,9,0.0,0.0,0.7,0.7,0.5,0.6,False,20,0.036024940359311766,0.030326324885858118,0.041723555832765415,-0.11657530437964145,-0.1480431234406107,-0.08510748531867218,-0.04889989375517421,-0.08201138073025607,-0.015788406780092343,0.06767541062446725,0.06195919153149174,0.07339162971744274,0.005067276989167574,0.0015224219927805322,0.008612131985554616,inconclusive,inconclusive,reversed,False,accepted_delay;selection_gap;served_rate,reversed
H5B0128,S096,sobol_symmetric,3.1,0.9,16,49.6,44.64,4.959999999999999,21,21,0.3,0.3,4,4,0.0,0.0,0.0,0.3,6,6,0.3,0.3,0.7,0.7,0.1,0.1,True,20,0.6017333167175786,0.5919709974514673,0.6114956359836898,-0.32782612547967216,-0.3637622345246732,-0.2918900164346711,-0.22488800198982295,-0.26063444325636825,-0.18914156072327765,0.10293812348984921,0.1010891120948178,0.10478713488488062,0.0013382388973819561,-0.0009557446078565497,0.003632222402620462,supported,inconclusive,inconclusive,False,selection_gap;served_rate,inconclusive
H5B0128,S096,sobol_symmetric,3.1,0.9,16,49.6,44.64,4.959999999999999,21,21,0.3,0.3,4,4,0.0,0.0,0.0,0.3,6,6,0.3,0.3,0.7,0.7,0.3,0.3,True,20,0.6078287962245711,0.6025203156284828,0.6131372768206593,-0.9853330941509277,-1.0115919190218627,-0.9590742692799927,-0.6896074586392091,-0.7166575000909226,-0.6625574171874957,0.2957256355117187,0.2932456848867553,0.29820558613668213,0.010411979623247334,0.008225072717704524,0.012598886528790144,supported,supported,reversed,False,served_rate,reversed
H5B0128,S096,sobol_symmetric,3.1,0.9,16,49.6,44.64,4.959999999999999,21,21,0.3,0.3,4,4,0.0,0.0,0.0,0.3,6,6,0.3,0.3,0.7,0.7,0.5,0.5,False,20,0.5892555667959891,0.5847582397255564,0.5937528938664218,-1.575479503594813,-1.5981476434894952,-1.5528113637001308,-1.1261642828161516,-1.1491904760559073,-1.1031380895763958,0.4493152207786616,0.4461551357921471,0.4524753057651761,0.010279168564918787,0.008374912131293296,0.012183424998544279,supported,supported,reversed,False,served_rate,reversed
H5B0129,S097,sobol_symmetric,3.1,0.5,32,99.2,49.6,49.6,28,28,0.1,0.1,4,4,0.5,0.5,0.5,0.7,6,6,0.3,0.3,0.3,0.3,0.1,0.6,True,20,0.4333168099181095,0.39496868690482084,0.47166493293139816,-0.25422848728898934,-0.27527549591123146,-0.23318147866674724,-0.16719458078837524,-0.1870077769624301,-0.14738138461432038,0.08703390650061409,0.08074676946187283,0.09332104353935534,-0.015481377372689387,-0.016977897562435177,-0.0139848571829436,supported,inconclusive,supported,False,selection_gap,inconclusive
H5B0130,S098,sobol_symmetric,0.8,0.7,32,25.6,17.919999999999998,7.6800000000000015,14,14,0.5,0.5,12,12,0.0,0.0,0.0,0.3,12,12,0.5,0.5,0.7,0.7,0.1,0.1,True,20,0.0,0.0,0.0,0.0,0.0,0.0,0.0,0.0,0.0,0.0,0.0,0.0,0.0,0.0,0.0,inconclusive,inconclusive,inconclusive,False,insufficient_post_threshold_offer_exposure,inactive
H5B0130,S098,sobol_symmetric,0.8,0.7,32,25.6,17.919999999999998,7.6800000000000015,14,14,0.5,0.5,12,12,0.0,0.0,0.0,0.3,12,12,0.5,0.5,0.7,0.7,0.3,0.3,True,20,0.0,0.0,0.0,0.0,0.0,0.0,0.0,0.0,0.0,0.0,0.0,0.0,0.0,0.0,0.0,inconclusive,inconclusive,inconclusive,False,insufficient_post_threshold_offer_exposure,inactive
H5B0130,S098,sobol_symmetric,0.8,0.7,32,25.6,17.919999999999998,7.6800000000000015,14,14,0.5,0.5,12,12,0.0,0.0,0.0,0.3,12,12,0.5,0.5,0.7,0.7,0.5,0.5,False,20,0.0,0.0,0.0,0.0,0.0,0.0,0.0,0.0,0.0,0.0,0.0,0.0,0.0,0.0,0.0,inconclusive,inconclusive,inconclusive,False,insufficient_post_threshold_offer_exposure,inactive
H5B0131,S099,sobol_symmetric,1.25,0.1,16,20.0,2.0,18.0,21,21,0.3,0.3,9,9,0.3,0.3,0.3,0.5,9,9,0.3,0.3,0.7,0.7,0.1,0.4,True,20,0.0,0.0,0.0,0.0,0.0,0.0,0.0,0.0,0.0,0.0,0.0,0.0,0.0,0.0,0.0,inconclusive,inconclusive,inconclusive,False,insufficient_post_threshold_offer_exposure,inactive
H5B0131,S099,sobol_symmetric,1.25,0.1,16,20.0,2.0,18.0,21,21,0.3,0.3,9,9,0.3,0.3,0.3,0.5,9,9,0.3,0.3,0.7,0.7,0.3,0.6,True,20,0.0,0.0,0.0,0.0,0.0,0.0,0.0,0.0,0.0,0.0,0.0,0.0,0.0,0.0,0.0,inconclusive,inconclusive,inconclusive,False,insufficient_post_threshold_offer_exposure,inactive
H5B0132,S100,sobol_symmetric,4.0,0.9,64,256.0,230.4,25.599999999999994,7,7,0.0,0.0,4,4,0.1,0.1,0.1,0.3,4,4,0.0,0.0,0.1,0.1,0.1,0.2,True,20,1.0,1.0,1.0,0.0,0.0,0.0,0.0,0.0,0.0,0.0,0.0,0.0,-0.0018510530912513978,-0.0023475571733710546,-0.001354549009131741,inconclusive,inconclusive,inconclusive,False,accepted_delay;selection_gap;served_rate,inconclusive
H5B0132,S100,sobol_symmetric,4.0,0.9,64,256.0,230.4,25.599999999999994,7,7,0.0,0.0,4,4,0.1,0.1,0.1,0.3,4,4,0.0,0.0,0.1,0.1,0.3,0.4,True,20,1.0,1.0,1.0,0.0,0.0,0.0,0.0,0.0,0.0,0.0,0.0,0.0,-0.00856178404203855,-0.009112670312538195,-0.008010897771538907,inconclusive,inconclusive,supported,False,accepted_delay;selection_gap,inconclusive
H5B0132,S100,sobol_symmetric,4.0,0.9,64,256.0,230.4,25.599999999999994,7,7,0.0,0.0,4,4,0.1,0.1,0.1,0.3,4,4,0.0,0.0,0.1,0.1,0.5,0.6,False,20,1.0,1.0,1.0,0.0,0.0,0.0,0.0,0.0,0.0,0.0,0.0,0.0,-0.02045363247891242,-0.021043017167343112,-0.019864247790481727,inconclusive,inconclusive,supported,False,accepted_delay;selection_gap,inconclusive
H5B0133,S101,sobol_symmetric,3.1,0.1,64,198.4,19.840000000000003,178.56,7,7,0.0,0.0,4,4,0.1,0.1,0.1,0.7,4,4,0.3,0.3,0.5,0.5,0.1,0.2,True,20,0.9885241223720568,0.9781628119002687,0.9988854328438449,-0.020551443062896267,-0.02595228962037091,-0.015150596505421624,-0.020861108039627308,-0.026296343890501332,-0.015425872188753282,-0.0003096649767310389,-0.0008469448094751168,0.000227614856013039,-0.03308640601081746,-0.03650117419464885,-0.029671637826986064,inconclusive,inconclusive,supported,False,accepted_delay;selection_gap,inconclusive
H5B0133,S101,sobol_symmetric,3.1,0.1,64,198.4,19.840000000000003,178.56,7,7,0.0,0.0,4,4,0.1,0.1,0.1,0.7,4,4,0.3,0.3,0.5,0.5,0.3,0.4,True,20,1.0,1.0,1.0,-0.22637080588841293,-0.2611031478971626,-0.1916384638796633,-0.22731336823478182,-0.26193538831792107,-0.1926913481516426,-0.0009425623463688914,-0.003146328920278299,0.001261204227540516,-0.10717664607901914,-0.1106627860399606,-0.10369050611807767,inconclusive,inconclusive,supported,False,accepted_delay;selection_gap,inconclusive
H5B0133,S101,sobol_symmetric,3.1,0.1,64,198.4,19.840000000000003,178.56,7,7,0.0,0.0,4,4,0.1,0.1,0.1,0.7,4,4,0.3,0.3,0.5,0.5,0.5,0.6,False,20,1.0,1.0,1.0,-0.9248664723479469,-0.9404210200173527,-0.9093119246785412,-0.8977236863349075,-0.911855578794985,-0.88359179387483,0.027142786013039544,0.02452761124588103,0.02975796078019806,-0.19251669897555906,-0.19582195896413027,-0.18921143898698786,supported,inconclusive,supported,False,selection_gap,inconclusive
H5B0134,S102,sobol_symmetric,1.25,0.9,16,20.0,18.0,2.0,21,21,0.3,0.3,12,12,0.0,0.0,0.0,0.7,4,4,0.0,0.0,0.0,0.0,0.1,0.1,True,20,0.0,0.0,0.0,0.0,0.0,0.0,0.0,0.0,0.0,0.0,0.0,0.0,0.0,0.0,0.0,inconclusive,inconclusive,inconclusive,False,insufficient_post_threshold_offer_exposure,inactive
H5B0134,S102,sobol_symmetric,1.25,0.9,16,20.0,18.0,2.0,21,21,0.3,0.3,12,12,0.0,0.0,0.0,0.7,4,4,0.0,0.0,0.0,0.0,0.3,0.3,True,20,0.0,0.0,0.0,0.0,0.0,0.0,0.0,0.0,0.0,0.0,0.0,0.0,0.0,0.0,0.0,inconclusive,inconclusive,inconclusive,False,insufficient_post_threshold_offer_exposure,inactive
H5B0134,S102,sobol_symmetric,1.25,0.9,16,20.0,18.0,2.0,21,21,0.3,0.3,12,12,0.0,0.0,0.0,0.7,4,4,0.0,0.0,0.0,0.0,0.5,0.5,False,20,0.0,0.0,0.0,0.0,0.0,0.0,0.0,0.0,0.0,0.0,0.0,0.0,0.0,0.0,0.0,inconclusive,inconclusive,inconclusive,False,insufficient_post_threshold_offer_exposure,inactive
H5B0135,S103,sobol_symmetric,0.8,0.3,64,51.2,15.36,35.84,14,14,0.5,0.5,9,9,0.3,0.3,0.3,0.7,6,6,0.0,0.0,0.5,0.5,0.1,0.4,True,20,0.0,0.0,0.0,0.0,0.0,0.0,0.0,0.0,0.0,0.0,0.0,0.0,0.0,0.0,0.0,inconclusive,inconclusive,inconclusive,False,insufficient_post_threshold_offer_exposure,inactive
H5B0135,S103,sobol_symmetric,0.8,0.3,64,51.2,15.36,35.84,14,14,0.5,0.5,9,9,0.3,0.3,0.3,0.7,6,6,0.0,0.0,0.5,0.5,0.3,0.6,True,20,0.0,0.0,0.0,0.0,0.0,0.0,0.0,0.0,0.0,0.0,0.0,0.0,0.0,0.0,0.0,inconclusive,inconclusive,inconclusive,False,insufficient_post_threshold_offer_exposure,inactive
H5B0136,S104,sobol_symmetric,2.0,0.7,16,32.0,22.4,9.6,28,28,0.1,0.1,6,6,0.0,0.0,0.0,0.0,12,12,0.5,0.5,0.7,0.7,0.1,0.1,True,20,0.6996268632035485,0.6881062152546938,0.7111475111524032,-0.6592912556257027,-0.7350559289330133,-0.583526582318392,-0.5246879998922813,-0.5993187306250142,-0.45005726915954847,0.1346032557334212,0.1311771251145588,0.13802938635228357,-0.002004649885263049,-0.005265166266802653,0.0012558664962765555,supported,inconclusive,inconclusive,False,selection_gap;served_rate,inconclusive
H5B0136,S104,sobol_symmetric,2.0,0.7,16,32.0,22.4,9.6,28,28,0.1,0.1,6,6,0.0,0.0,0.0,0.0,12,12,0.5,0.5,0.7,0.7,0.3,0.3,True,20,0.6912503387150808,0.6839526666572859,0.6985480107728756,-1.990354414470407,-2.0789024394594295,-1.9018063894813846,-1.6292522737928805,-1.7202644441244164,-1.5382401034613447,0.3611021406775261,0.3553947865142144,0.3668094948408378,-0.012449652458994123,-0.01562847575085428,-0.009270829167133964,supported,supported,supported,False,,supported
H5B0136,S104,sobol_symmetric,2.0,0.7,16,32.0,22.4,9.6,28,28,0.1,0.1,6,6,0.0,0.0,0.0,0.0,12,12,0.5,0.5,0.7,0.7,0.5,0.5,False,20,0.5839107759554979,0.5733981399924605,0.5944234119185353,-2.86299578590203,-2.936761749342458,-2.7892298224616017,-2.354182742537619,-2.4288103479507117,-2.2795551371245266,0.5088130433644109,0.50288128345355,0.5147448032752718,-0.01878792365819989,-0.022146363015472063,-0.015429484300927714,supported,supported,supported,False,,supported
H5B0137,S105,sobol_symmetric,2.0,0.1,64,128.0,12.8,115.2,21,21,0.5,0.5,6,6,0.3,0.3,0.3,0.3,9,9,0.3,0.3,0.5,0.5,0.1,0.4,True,20,0.0,0.0,0.0,0.0,0.0,0.0,0.0,0.0,0.0,0.0,0.0,0.0,0.0,0.0,0.0,inconclusive,inconclusive,inconclusive,False,insufficient_post_threshold_offer_exposure,inactive
H5B0137,S105,sobol_symmetric,2.0,0.1,64,128.0,12.8,115.2,21,21,0.5,0.5,6,6,0.3,0.3,0.3,0.3,9,9,0.3,0.3,0.5,0.5,0.3,0.6,True,20,0.0,0.0,0.0,0.0,0.0,0.0,0.0,0.0,0.0,0.0,0.0,0.0,0.0,0.0,0.0,inconclusive,inconclusive,inconclusive,False,insufficient_post_threshold_offer_exposure,inactive
H5B0138,S106,sobol_symmetric,0.8,0.9,16,12.8,11.52,1.2799999999999998,7,7,0.1,0.1,4,4,0.1,0.1,0.1,0.1,4,4,0.0,0.0,0.0,0.0,0.1,0.2,True,20,0.0,0.0,0.0,0.0,0.0,0.0,0.0,0.0,0.0,0.0,0.0,0.0,0.0,0.0,0.0,inconclusive,inconclusive,inconclusive,False,insufficient_post_threshold_offer_exposure,inactive
H5B0138,S106,sobol_symmetric,0.8,0.9,16,12.8,11.52,1.2799999999999998,7,7,0.1,0.1,4,4,0.1,0.1,0.1,0.1,4,4,0.0,0.0,0.0,0.0,0.3,0.4,True,20,0.0,0.0,0.0,0.0,0.0,0.0,0.0,0.0,0.0,0.0,0.0,0.0,0.0,0.0,0.0,inconclusive,inconclusive,inconclusive,False,insufficient_post_threshold_offer_exposure,inactive
H5B0138,S106,sobol_symmetric,0.8,0.9,16,12.8,11.52,1.2799999999999998,7,7,0.1,0.1,4,4,0.1,0.1,0.1,0.1,4,4,0.0,0.0,0.0,0.0,0.5,0.6,False,20,0.0,0.0,0.0,0.0,0.0,0.0,0.0,0.0,0.0,0.0,0.0,0.0,0.0,0.0,0.0,inconclusive,inconclusive,inconclusive,False,insufficient_post_threshold_offer_exposure,inactive
H5B0139,S107,sobol_symmetric,1.25,0.5,32,40.0,20.0,20.0,28,28,0.0,0.0,12,12,0.5,0.5,0.5,0.5,6,6,0.0,0.0,0.5,0.5,0.1,0.6,True,20,0.0,0.0,0.0,0.0,0.0,0.0,0.0,0.0,0.0,0.0,0.0,0.0,0.0,0.0,0.0,inconclusive,inconclusive,inconclusive,False,insufficient_post_threshold_offer_exposure,inactive
H5B0140,S108,sobol_symmetric,4.0,0.5,16,64.0,32.0,32.0,14,14,0.3,0.3,4,4,0.0,0.0,0.0,0.1,12,12,0.5,0.5,0.5,0.5,0.1,0.1,True,20,0.7020239144708543,0.6876771868796878,0.7163706420620208,-0.32228503712960976,-0.3608663917129233,-0.28370368254629624,-0.19145725526991048,-0.2309571796382295,-0.15195733090159144,0.1308277818596993,0.12802352133923203,0.13363204238016654,-0.0017165849831597088,-0.0034062895278979453,-2.6880438421472263e-05,supported,inconclusive,inconclusive,False,selection_gap;served_rate,inconclusive
H5B0140,S108,sobol_symmetric,4.0,0.5,16,64.0,32.0,32.0,14,14,0.3,0.3,4,4,0.0,0.0,0.0,0.1,12,12,0.5,0.5,0.5,0.5,0.3,0.3,True,20,0.6992673381844174,0.6944677144519823,0.7040669619168526,-0.9724057042742749,-0.9959475783371894,-0.9488638302113603,-0.5553877376404877,-0.5795344575852615,-0.5312410176957139,0.4170179666337871,0.4137001178737136,0.4203358153938606,-0.006216949815783064,-0.007844987698857893,-0.004588911932708235,supported,supported,supported,False,,supported
H5B0140,S108,sobol_symmetric,4.0,0.5,16,64.0,32.0,32.0,14,14,0.3,0.3,4,4,0.0,0.0,0.0,0.1,12,12,0.5,0.5,0.5,0.5,0.5,0.5,False,20,0.6972278846610906,0.6927903671636656,0.7016654021585157,-1.7037967923600355,-1.7378936885015652,-1.6696998962185057,-0.9409995959055866,-0.9753639261133376,-0.9066352656978356,0.7627971964544488,0.7571240891104938,0.7684703037984038,-0.00995539792718728,-0.011790293616233889,-0.00812050223814067,supported,supported,supported,False,,supported
H5B0142,S110,sobol_symmetric,2.0,0.7,64,128.0,89.6,38.400000000000006,28,28,0.0,0.0,9,9,0.0,0.0,0.0,0.5,12,12,0.7,0.7,0.7,0.7,0.1,0.1,True,20,0.9997823253068352,0.9993267269380054,1.000237923675665,-0.11892409962172526,-0.13274914341500207,-0.10509905582844846,-0.11912644995062731,-0.13271598348343838,-0.10553691641781622,-0.00020235032890205673,-0.0008853046124810592,0.0004806039546769457,-0.0014237446461188657,-0.0029438919046717487,9.640261243401712e-05,inconclusive,inconclusive,inconclusive,False,accepted_delay;selection_gap;served_rate,inconclusive
H5B0142,S110,sobol_symmetric,2.0,0.7,64,128.0,89.6,38.400000000000006,28,28,0.0,0.0,9,9,0.0,0.0,0.0,0.5,12,12,0.7,0.7,0.7,0.7,0.3,0.3,True,20,1.0,1.0,1.0,-0.7917577746361196,-0.8332344795520522,-0.750281069720187,-0.7915603629413972,-0.8328165707948584,-0.750304155087936,0.00019741169472240472,-0.004664104278476236,0.005058927667921044,-0.007535591382656403,-0.008827969615962498,-0.006243213149350308,supported,inconclusive,supported,False,selection_gap,inconclusive
H5B0142,S110,sobol_symmetric,2.0,0.7,64,128.0,89.6,38.400000000000006,28,28,0.0,0.0,9,9,0.0,0.0,0.0,0.5,12,12,0.7,0.7,0.7,0.7,0.5,0.5,False,20,1.0,1.0,1.0,-15.870341280578813,-16.207776569518675,-15.532905991638952,-15.859876176797135,-16.196441738632192,-15.52331061496208,0.010465103781677953,0.006982829272555009,0.013947378290800897,-0.019911305513408844,-0.021155573665808634,-0.018667037361009053,supported,inconclusive,supported,False,selection_gap,inconclusive
H5B0143,S111,sobol_symmetric,0.8,0.3,32,25.6,7.68,17.919999999999998,7,7,0.1,0.1,4,4,0.3,0.3,0.3,0.5,4,4,0.3,0.3,0.7,0.7,0.1,0.4,True,20,0.0,0.0,0.0,0.0,0.0,0.0,0.0,0.0,0.0,0.0,0.0,0.0,0.0,0.0,0.0,inconclusive,inconclusive,inconclusive,False,insufficient_post_threshold_offer_exposure,inactive
H5B0143,S111,sobol_symmetric,0.8,0.3,32,25.6,7.68,17.919999999999998,7,7,0.1,0.1,4,4,0.3,0.3,0.3,0.5,4,4,0.3,0.3,0.7,0.7,0.3,0.6,True,20,0.0,0.0,0.0,0.0,0.0,0.0,0.0,0.0,0.0,0.0,0.0,0.0,0.0,0.0,0.0,inconclusive,inconclusive,inconclusive,False,insufficient_post_threshold_offer_exposure,inactive
H5B0144,S112,sobol_symmetric,3.1,0.9,32,99.2,89.28,9.919999999999998,21,21,0.5,0.5,4,4,0.1,0.1,0.1,0.5,4,4,0.0,0.0,0.3,0.3,0.1,0.2,True,20,0.18720532664504644,0.17900258740331693,0.19540806588677595,-0.06040014480681719,-0.0736273666251506,-0.04717292298848379,-0.0187251567375605,-0.032190162087301924,-0.005260151387819073,0.041674988069256694,0.03978283896785585,0.043567137170657536,0.000297514436986987,-0.00127899079297798,0.001874019666951954,inconclusive,inconclusive,inconclusive,False,accepted_delay;selection_gap;served_rate,inconclusive
H5B0144,S112,sobol_symmetric,3.1,0.9,32,99.2,89.28,9.919999999999998,21,21,0.5,0.5,4,4,0.1,0.1,0.1,0.5,4,4,0.0,0.0,0.3,0.3,0.3,0.4,True,20,0.15998636498711,0.15601716667813378,0.1639555632960862,-0.16010014276802464,-0.17150522072705263,-0.14869506480899666,-0.051020046331109195,-0.06251006651666662,-0.039530026145551775,0.10908009643691545,0.10616403893793974,0.11199615393589116,0.0011607420269482249,-0.00012835431674749587,0.0024498383706439454,inconclusive,inconclusive,inconclusive,False,accepted_delay;selection_gap;served_rate,inconclusive
H5B0144,S112,sobol_symmetric,3.1,0.9,32,99.2,89.28,9.919999999999998,21,21,0.5,0.5,4,4,0.1,0.1,0.1,0.5,4,4,0.0,0.0,0.3,0.3,0.5,0.6,False,20,0.13747125152517048,0.1321862881491921,0.14275621490114887,-0.23792521390864066,-0.2500238482479087,-0.22582657956937263,-0.07525518461237142,-0.08901900497073158,-0.06149136425401126,0.16267002929626923,0.15791400985490675,0.1674260487376317,0.0019486374021036729,0.0005389200513586071,0.0033583547528487387,inconclusive,inconclusive,inconclusive,False,accepted_delay;selection_gap;served_rate,inconclusive
H5B0145,S113,sobol_symmetric,3.1,0.3,16,49.6,14.88,34.72,14,14,0.0,0.0,9,9,0.0,0.0,0.0,0.3,9,9,0.0,0.0,0.0,0.0,0.1,0.1,True,20,0.9743022456700295,0.9561747225999943,0.9924297687400648,0.0,0.0,0.0,0.0,0.0,0.0,0.0,0.0,0.0,-0.024207483095508374,-0.027769831399185887,-0.02064513479183086,inconclusive,inconclusive,supported,False,accepted_delay;selection_gap,inconclusive
H5B0145,S113,sobol_symmetric,3.1,0.3,16,49.6,14.88,34.72,14,14,0.0,0.0,9,9,0.0,0.0,0.0,0.3,9,9,0.0,0.0,0.0,0.0,0.3,0.3,True,20,0.9995445074214896,0.9986878424271959,1.0004011724157833,-5.6598334400970174e-05,-0.00013813344335903598,2.493677455709562e-05,-3.95443131634643e-05,-9.651100082811527e-05,1.7422374501186684e-05,1.7054021237505877e-05,-7.514489272747293e-06,4.162253174775905e-05,-0.08745625112583919,-0.0915742970085803,-0.08333820524309807,inconclusive,inconclusive,supported,False,accepted_delay;selection_gap,inconclusive
H5B0145,S113,sobol_symmetric,3.1,0.3,16,49.6,14.88,34.72,14,14,0.0,0.0,9,9,0.0,0.0,0.0,0.3,9,9,0.0,0.0,0.0,0.0,0.5,0.5,False,20,1.0,1.0,1.0,-0.00010925085881554608,-0.00023412960818208693,1.5627890550994782e-05,-0.00012926263579773333,-0.0002583865994503907,-1.3867214507595695e-07,-2.0011776982187257e-05,-0.00010724114746210462,6.72175934977301e-05,-0.15613251534202913,-0.16034700858138975,-0.1519180221026685,inconclusive,inconclusive,supported,False,accepted_delay;selection_gap,inconclusive
H5B0146,S114,sobol_symmetric,0.8,0.7,64,51.2,35.84,15.360000000000005,28,28,0.3,0.3,6,6,0.5,0.5,0.5,0.7,4,4,0.3,0.3,0.5,0.5,0.1,0.6,True,20,0.0,0.0,0.0,0.0,0.0,0.0,0.0,0.0,0.0,0.0,0.0,0.0,0.0,0.0,0.0,inconclusive,inconclusive,inconclusive,False,insufficient_post_threshold_offer_exposure,inactive
H5B0147,S115,sobol_symmetric,2.0,0.3,16,32.0,9.6,22.4,7,7,0.5,0.5,4,4,0.1,0.1,0.1,0.3,4,4,0.5,0.5,0.5,0.5,0.1,0.2,True,20,0.0,0.0,0.0,-0.0001488400913283616,-0.00046036598273895197,0.00016268580008222875,-0.00013351727890424935,-0.00041297215532998634,0.00014593759752148765,1.5322812424112264e-05,-1.67482025607412e-05,4.739382740896573e-05,3.412453439827212e-05,-3.729893694279521e-05,0.00010554800573933945,inconclusive,inconclusive,inconclusive,False,insufficient_post_threshold_offer_exposure,inactive
H5B0147,S115,sobol_symmetric,2.0,0.3,16,32.0,9.6,22.4,7,7,0.5,0.5,4,4,0.1,0.1,0.1,0.3,4,4,0.5,0.5,0.5,0.5,0.3,0.4,True,20,0.0008139423537297712,-0.0008896585715283559,0.0025175432789878984,-0.0018022104972232667,-0.005260379740974526,0.0016559587465279917,-0.0017944632048653819,-0.005267385260264656,0.0016784588505338917,7.747292357884738e-06,-2.876958083993421e-05,4.426416555570369e-05,0.00041431611484119837,-0.00038088003348908845,0.0012095122631714853,inconclusive,inconclusive,inconclusive,False,insufficient_post_threshold_offer_exposure,inactive
H5B0147,S115,sobol_symmetric,2.0,0.3,16,32.0,9.6,22.4,7,7,0.5,0.5,4,4,0.1,0.1,0.1,0.3,4,4,0.5,0.5,0.5,0.5,0.5,0.6,False,20,0.0004883654122378627,-0.0005337951429170136,0.001510525967392739,-0.0018022104972232667,-0.005260379740974526,0.0016559587465279917,-0.0017944632048653819,-0.005267385260264656,0.0016784588505338917,7.747292357884738e-06,-2.876958083993421e-05,4.426416555570369e-05,0.00041431611484119837,-0.00038088003348908845,0.0012095122631714853,inconclusive,inconclusive,inconclusive,False,insufficient_post_threshold_offer_exposure,inactive
H5B0148,S116,sobol_symmetric,4.0,0.7,32,128.0,89.6,38.400000000000006,21,21,0.1,0.1,12,12,0.3,0.3,0.3,0.3,12,12,0.0,0.0,0.5,0.5,0.1,0.4,True,20,0.584841436093635,0.5670116424832997,0.6026712297039704,-0.9886378507166149,-1.0464606202783109,-0.9308150811549191,-0.6042825466705659,-0.6636264428882257,-0.5449386504529061,0.3843553040460493,0.36940515381006206,0.3993054542820365,-0.0010523742945128685,-0.0020047115151551366,-0.00010003707387060037,supported,supported,inconclusive,False,served_rate,inconclusive
H5B0148,S116,sobol_symmetric,4.0,0.7,32,128.0,89.6,38.400000000000006,21,21,0.1,0.1,12,12,0.3,0.3,0.3,0.3,12,12,0.0,0.0,0.5,0.5,0.3,0.6,True,20,0.5714645266160145,0.5645334656993395,0.5783955875326896,-3.0556301457889417,-3.104682933657164,-3.0065773579207193,-1.9967403263891004,-2.050773640334893,-1.9427070124433077,1.058889819399841,1.0437502567200996,1.0740293820795825,-0.005738678018548979,-0.006942209916117827,-0.004535146120980131,supported,supported,supported,False,,supported
H5B0149,S117,sobol_symmetric,4.0,0.5,64,256.0,128.0,128.0,21,21,0.1,0.1,9,9,0.0,0.0,0.0,0.5,6,6,0.7,0.7,0.7,0.7,0.1,0.1,True,20,0.7868225050690224,0.7798721962698152,0.7937728138682296,-0.10998746227974934,-0.1274834307935571,-0.0924914937659416,0.1327327495615151,0.1156272386261406,0.14983826049688959,0.24272021184126444,0.23992606942013198,0.2455143542623969,-0.0012619556234009358,-0.0018945582033555112,-0.0006293530434463605,inconclusive,inconclusive,inconclusive,False,accepted_delay;selection_gap;served_rate,inconclusive
H5B0149,S117,sobol_symmetric,4.0,0.5,64,256.0,128.0,128.0,21,21,0.1,0.1,9,9,0.0,0.0,0.0,0.5,6,6,0.7,0.7,0.7,0.7,0.3,0.3,True,20,0.8184775711152985,0.8151128054952587,0.8218423367353384,-1.104251879561095,-1.1378463186296246,-1.0706574404925653,-0.33209834858346526,-0.36767458800019603,-0.2965221091667345,0.7721535309776296,0.7666614099969608,0.7776456519582985,-0.004986928983891,-0.005720028088353032,-0.004253829879428968,supported,supported,inconclusive,False,served_rate,inconclusive
H5B0149,S117,sobol_symmetric,4.0,0.5,64,256.0,128.0,128.0,21,21,0.1,0.1,9,9,0.0,0.0,0.0,0.5,6,6,0.7,0.7,0.7,0.7,0.5,0.5,False,20,0.8210897104695485,0.8187025234461163,0.8234768974929807,-3.224983435840565,-3.257246117961225,-3.1927207537199047,-1.8913318520378533,-1.92445971428617,-1.8582039897895366,1.3336515838027119,1.3258803291275423,1.3414228384778815,-0.009641701043869775,-0.010259006276124895,-0.009024395811614655,supported,supported,supported,False,,supported
H5B0150,S118,sobol_symmetric,1.25,0.5,16,20.0,10.0,10.0,7,7,0.5,0.5,4,4,0.1,0.1,0.1,0.5,4,4,0.0,0.0,0.7,0.7,0.1,0.2,True,20,0.0,0.0,0.0,0.0,0.0,0.0,0.0,0.0,0.0,0.0,0.0,0.0,0.0,0.0,0.0,inconclusive,inconclusive,inconclusive,False,insufficient_post_threshold_offer_exposure,inactive
H5B0150,S118,sobol_symmetric,1.25,0.5,16,20.0,10.0,10.0,7,7,0.5,0.5,4,4,0.1,0.1,0.1,0.5,4,4,0.0,0.0,0.7,0.7,0.3,0.4,True,20,0.0,0.0,0.0,0.0,0.0,0.0,0.0,0.0,0.0,0.0,0.0,0.0,0.0,0.0,0.0,inconclusive,inconclusive,inconclusive,False,insufficient_post_threshold_offer_exposure,inactive
H5B0150,S118,sobol_symmetric,1.25,0.5,16,20.0,10.0,10.0,7,7,0.5,0.5,4,4,0.1,0.1,0.1,0.5,4,4,0.0,0.0,0.7,0.7,0.5,0.6,False,20,0.0,0.0,0.0,0.0,0.0,0.0,0.0,0.0,0.0,0.0,0.0,0.0,0.0,0.0,0.0,inconclusive,inconclusive,inconclusive,False,insufficient_post_threshold_offer_exposure,inactive
H5B0151,S119,sobol_symmetric,0.8,0.1,32,25.6,2.5600000000000005,23.040000000000003,28,28,0.3,0.3,4,4,0.0,0.0,0.0,0.0,9,9,0.0,0.0,0.3,0.3,0.1,0.1,True,20,0.0,0.0,0.0,0.0,0.0,0.0,0.0,0.0,0.0,0.0,0.0,0.0,0.0,0.0,0.0,inconclusive,inconclusive,inconclusive,False,insufficient_post_threshold_offer_exposure,inactive
H5B0151,S119,sobol_symmetric,0.8,0.1,32,25.6,2.5600000000000005,23.040000000000003,28,28,0.3,0.3,4,4,0.0,0.0,0.0,0.0,9,9,0.0,0.0,0.3,0.3,0.3,0.3,True,20,0.0,0.0,0.0,0.0,0.0,0.0,0.0,0.0,0.0,0.0,0.0,0.0,0.0,0.0,0.0,inconclusive,inconclusive,inconclusive,False,insufficient_post_threshold_offer_exposure,inactive
H5B0151,S119,sobol_symmetric,0.8,0.1,32,25.6,2.5600000000000005,23.040000000000003,28,28,0.3,0.3,4,4,0.0,0.0,0.0,0.0,9,9,0.0,0.0,0.3,0.3,0.5,0.5,False,20,0.0,0.0,0.0,0.0,0.0,0.0,0.0,0.0,0.0,0.0,0.0,0.0,0.0,0.0,0.0,inconclusive,inconclusive,inconclusive,False,insufficient_post_threshold_offer_exposure,inactive
H5B0152,S120,sobol_symmetric,2.0,0.9,32,64.0,57.6,6.399999999999999,14,14,0.0,0.0,12,12,0.5,0.5,0.5,0.5,4,4,0.3,0.3,0.7,0.7,0.1,0.6,True,20,0.0,0.0,0.0,0.0,0.0,0.0,0.0,0.0,0.0,0.0,0.0,0.0,0.0,0.0,0.0,inconclusive,inconclusive,inconclusive,False,insufficient_post_threshold_offer_exposure,inactive
H5B0153,S121,sobol_symmetric,3.1,0.3,32,99.2,29.76,69.44,7,7,0.3,0.3,4,4,0.1,0.1,0.1,0.1,4,4,0.5,0.5,0.7,0.7,0.1,0.2,True,20,0.5295712304072802,0.5071689651339645,0.5519734956805958,-0.07300180067768039,-0.08517121502662033,-0.060832386328740454,0.023373082829014003,0.010936301364765312,0.035809864293262696,0.09637488350669439,0.09248502796549306,0.10026473904789572,-0.0027792969848430492,-0.004588047405816107,-0.0009705465638699916,inconclusive,inconclusive,inconclusive,False,accepted_delay;selection_gap;served_rate,inconclusive
H5B0153,S121,sobol_symmetric,3.1,0.3,32,99.2,29.76,69.44,7,7,0.3,0.3,4,4,0.1,0.1,0.1,0.1,4,4,0.5,0.5,0.7,0.7,0.3,0.4,True,20,0.5673514878806516,0.5587236860705309,0.5759792896907723,-0.2683020197971208,-0.28362243013518973,-0.2529816094590519,0.05518455540220204,0.04051288478467454,0.06985622601972954,0.3234865751993229,0.31827278438150347,0.3287003660171423,-0.007179933204970406,-0.009633316340108715,-0.004726550069832097,supported,supported,supported,True,,supported
H5B0153,S121,sobol_symmetric,3.1,0.3,32,99.2,29.76,69.44,7,7,0.3,0.3,4,4,0.1,0.1,0.1,0.1,4,4,0.5,0.5,0.7,0.7,0.5,0.6,False,20,0.5856794715125944,0.5784212771021798,0.5929376659230089,-0.5522149079207874,-0.563432737041577,-0.5409970787999978,0.06425621373559194,0.057474687485775784,0.07103773998540809,0.6164711216563795,0.6092631770174196,0.6236790662953394,-0.011755809467456333,-0.013457196203170598,-0.010054422731742068,supported,supported,supported,True,,supported
H5B0154,S122,sobol_symmetric,0.8,0.7,32,25.6,17.919999999999998,7.6800000000000015,21,21,0.0,0.0,4,4,0.1,0.1,0.1,0.7,12,12,0.3,0.3,0.3,0.3,0.1,0.2,True,20,0.0,0.0,0.0,0.0,0.0,0.0,0.0,0.0,0.0,0.0,0.0,0.0,0.0,0.0,0.0,inconclusive,inconclusive,inconclusive,False,insufficient_post_threshold_offer_exposure,inactive
H5B0154,S122,sobol_symmetric,0.8,0.7,32,25.6,17.919999999999998,7.6800000000000015,21,21,0.0,0.0,4,4,0.1,0.1,0.1,0.7,12,12,0.3,0.3,0.3,0.3,0.3,0.4,True,20,0.0,0.0,0.0,0.0,0.0,0.0,0.0,0.0,0.0,0.0,0.0,0.0,0.0,0.0,0.0,inconclusive,inconclusive,inconclusive,False,insufficient_post_threshold_offer_exposure,inactive
H5B0154,S122,sobol_symmetric,0.8,0.7,32,25.6,17.919999999999998,7.6800000000000015,21,21,0.0,0.0,4,4,0.1,0.1,0.1,0.7,12,12,0.3,0.3,0.3,0.3,0.5,0.6,False,20,0.0,0.0,0.0,0.0,0.0,0.0,0.0,0.0,0.0,0.0,0.0,0.0,0.0,0.0,0.0,inconclusive,inconclusive,inconclusive,False,insufficient_post_threshold_offer_exposure,inactive
H5B0155,S123,sobol_symmetric,1.25,0.1,64,80.0,8.0,72.0,14,14,0.1,0.1,6,6,0.0,0.0,0.0,0.1,9,9,0.0,0.0,0.1,0.1,0.1,0.1,True,20,0.0,0.0,0.0,0.0,0.0,0.0,0.0,0.0,0.0,0.0,0.0,0.0,0.0,0.0,0.0,inconclusive,inconclusive,inconclusive,False,insufficient_post_threshold_offer_exposure,inactive
H5B0155,S123,sobol_symmetric,1.25,0.1,64,80.0,8.0,72.0,14,14,0.1,0.1,6,6,0.0,0.0,0.0,0.1,9,9,0.0,0.0,0.1,0.1,0.3,0.3,True,20,0.0,0.0,0.0,0.0,0.0,0.0,0.0,0.0,0.0,0.0,0.0,0.0,0.0,0.0,0.0,inconclusive,inconclusive,inconclusive,False,insufficient_post_threshold_offer_exposure,inactive
H5B0155,S123,sobol_symmetric,1.25,0.1,64,80.0,8.0,72.0,14,14,0.1,0.1,6,6,0.0,0.0,0.0,0.1,9,9,0.0,0.0,0.1,0.1,0.5,0.5,False,20,0.0,0.0,0.0,0.0,0.0,0.0,0.0,0.0,0.0,0.0,0.0,0.0,0.0,0.0,0.0,inconclusive,inconclusive,inconclusive,False,insufficient_post_threshold_offer_exposure,inactive
H5B0156,S124,sobol_symmetric,3.1,0.9,16,49.6,44.64,4.959999999999999,28,28,0.5,0.5,9,9,0.5,0.5,0.5,0.5,4,4,0.5,0.5,0.5,0.5,0.1,0.6,True,20,0.0,0.0,0.0,0.0,0.0,0.0,0.0,0.0,0.0,0.0,0.0,0.0,0.0,0.0,0.0,inconclusive,inconclusive,inconclusive,False,insufficient_post_threshold_offer_exposure,inactive
H5B0157,S125,sobol_symmetric,4.0,0.1,32,128.0,12.8,115.2,28,28,0.5,0.5,12,12,0.0,0.0,0.0,0.5,9,9,0.0,0.0,0.1,0.1,0.1,0.1,True,20,0.0,0.0,0.0,0.0,0.0,0.0,0.0,0.0,0.0,0.0,0.0,0.0,0.0,0.0,0.0,inconclusive,inconclusive,inconclusive,False,insufficient_post_threshold_offer_exposure,inactive
H5B0157,S125,sobol_symmetric,4.0,0.1,32,128.0,12.8,115.2,28,28,0.5,0.5,12,12,0.0,0.0,0.0,0.5,9,9,0.0,0.0,0.1,0.1,0.3,0.3,True,20,0.0,0.0,0.0,0.0,0.0,0.0,0.0,0.0,0.0,0.0,0.0,0.0,0.0,0.0,0.0,inconclusive,inconclusive,inconclusive,False,insufficient_post_threshold_offer_exposure,inactive
H5B0157,S125,sobol_symmetric,4.0,0.1,32,128.0,12.8,115.2,28,28,0.5,0.5,12,12,0.0,0.0,0.0,0.5,9,9,0.0,0.0,0.1,0.1,0.5,0.5,False,20,0.0,0.0,0.0,0.0,0.0,0.0,0.0,0.0,0.0,0.0,0.0,0.0,0.0,0.0,0.0,inconclusive,inconclusive,inconclusive,False,insufficient_post_threshold_offer_exposure,inactive
H5B0159,S127,sobol_symmetric,1.25,0.3,16,20.0,6.0,14.0,21,21,0.0,0.0,6,6,0.1,0.1,0.1,0.3,6,6,0.5,0.5,0.7,0.7,0.1,0.2,True,20,0.5341244120034063,0.45477622939378126,0.6134725946130314,-0.28769310608391263,-0.3876241342183304,-0.18776207794949487,-0.25290601729327955,-0.35355314274680594,-0.15225889183975316,0.03478708879063306,0.030498316862864874,0.039075860718401245,0.0002183194876187844,-0.010631274257364683,0.01106791323260225,supported,inconclusive,inconclusive,False,selection_gap;served_rate,inconclusive
H5B0159,S127,sobol_symmetric,1.25,0.3,16,20.0,6.0,14.0,21,21,0.0,0.0,6,6,0.1,0.1,0.1,0.3,6,6,0.5,0.5,0.7,0.7,0.3,0.4,True,20,0.39589327346901854,0.35832045629238457,0.4334660906456525,-0.5522153862621705,-0.6503121475619523,-0.45411862496238864,-0.45100658968493335,-0.5500791705696225,-0.35193400880024417,0.1012087965772372,0.09541941056205382,0.1069981825924206,0.011003751847294815,0.00021234909868173002,0.0217951545959079,supported,inconclusive,reversed,False,selection_gap;served_rate,reversed
H5B0159,S127,sobol_symmetric,1.25,0.3,16,20.0,6.0,14.0,21,21,0.0,0.0,6,6,0.1,0.1,0.1,0.3,6,6,0.5,0.5,0.7,0.7,0.5,0.6,False,20,0.31483391158854607,0.28649390939517844,0.3431739137819137,-0.7342074047073789,-0.8066719248714688,-0.661742884543289,-0.5666964746417797,-0.6384697466185854,-0.4949232026649741,0.16751093006559897,0.15938222168544647,0.17563963844575148,0.0094882654372648,0.0016779821457163684,0.017298548728813232,supported,inconclusive,reversed,False,selection_gap;served_rate,reversed
H5B0160,S128,sobol_symmetric,3.1,0.5,64,198.4,99.2,99.2,7,7,0.3,0.3,4,4,0.3,0.3,0.3,0.5,4,4,0.0,0.0,0.3,0.3,0.1,0.4,True,20,0.27980625854047075,0.2558378853742618,0.30377463170667973,-0.09883705482999697,-0.10999018967216559,-0.08768391998782835,-0.033443217855854065,-0.04451085520572992,-0.02237558050597821,0.06539383697414289,0.062236992644958807,0.06855068130332698,0.0002544791510280198,-0.0016893641166019352,0.0021983224186579746,inconclusive,inconclusive,inconclusive,False,accepted_delay;selection_gap;served_rate,inconclusive
H5B0160,S128,sobol_symmetric,3.1,0.5,64,198.4,99.2,99.2,7,7,0.3,0.3,4,4,0.3,0.3,0.3,0.5,4,4,0.0,0.0,0.3,0.3,0.3,0.6,True,20,0.23447916676302344,0.22822282414709522,0.24073550937895166,-0.2568738077142621,-0.26618232643682227,-0.24756528899170194,-0.08370902646830378,-0.09277827763443589,-0.07463977530217167,0.17316478124595824,0.16967095665791904,0.17665860583399745,-0.001469778583009232,-0.0030650044294806694,0.0001254472634622057,supported,inconclusive,inconclusive,False,selection_gap;served_rate,inconclusive
H5B0161,S129,sobol_symmetric,3.1,0.3,32,99.2,29.76,69.44,21,21,0.0,0.0,4,4,0.0,0.0,0.0,0.1,12,12,0.0,0.0,0.3,0.3,0.1,0.1,True,20,0.9926988735651199,0.986912138798942,0.9984856083312977,0.0,0.0,0.0,0.0,0.0,0.0,0.0,0.0,0.0,-0.015452436488765769,-0.018141043958079906,-0.012763829019451632,inconclusive,inconclusive,supported,False,accepted_delay;selection_gap,inconclusive
H5B0161,S129,sobol_symmetric,3.1,0.3,32,99.2,29.76,69.44,21,21,0.0,0.0,4,4,0.0,0.0,0.0,0.1,12,12,0.0,0.0,0.3,0.3,0.3,0.3,True,20,1.0,1.0,1.0,0.0,0.0,0.0,0.0,0.0,0.0,0.0,0.0,0.0,-0.052078645832997386,-0.0541492395087802,-0.05000805215721457,inconclusive,inconclusive,supported,False,accepted_delay;selection_gap,inconclusive
H5B0161,S129,sobol_symmetric,3.1,0.3,32,99.2,29.76,69.44,21,21,0.0,0.0,4,4,0.0,0.0,0.0,0.1,12,12,0.0,0.0,0.3,0.3,0.5,0.5,False,20,1.0,1.0,1.0,0.0,0.0,0.0,0.0,0.0,0.0,0.0,0.0,0.0,-0.09441328763372599,-0.09644958268450074,-0.09237699258295123,inconclusive,inconclusive,supported,False,accepted_delay;selection_gap,inconclusive
H5B0162,S130,sobol_symmetric,1.25,0.7,64,80.0,56.0,24.000000000000004,7,7,0.3,0.3,4,4,0.5,0.5,0.5,0.5,4,4,0.3,0.3,0.7,0.7,0.1,0.6,True,20,0.0,0.0,0.0,0.0,0.0,0.0,0.0,0.0,0.0,0.0,0.0,0.0,0.0,0.0,0.0,inconclusive,inconclusive,inconclusive,False,insufficient_post_threshold_offer_exposure,inactive
H5B0163,S131,sobol_symmetric,2.0,0.3,16,32.0,9.6,22.4,28,28,0.5,0.5,9,9,0.1,0.1,0.1,0.1,4,4,0.7,0.7,0.7,0.7,0.1,0.2,True,20,0.0,0.0,0.0,0.0,0.0,0.0,0.0,0.0,0.0,0.0,0.0,0.0,0.0,0.0,0.0,inconclusive,inconclusive,inconclusive,False,insufficient_post_threshold_offer_exposure,inactive
H5B0163,S131,sobol_symmetric,2.0,0.3,16,32.0,9.6,22.4,28,28,0.5,0.5,9,9,0.1,0.1,0.1,0.1,4,4,0.7,0.7,0.7,0.7,0.3,0.4,True,20,0.0,0.0,0.0,0.0,0.0,0.0,0.0,0.0,0.0,0.0,0.0,0.0,0.0,0.0,0.0,inconclusive,inconclusive,inconclusive,False,insufficient_post_threshold_offer_exposure,inactive
H5B0163,S131,sobol_symmetric,2.0,0.3,16,32.0,9.6,22.4,28,28,0.5,0.5,9,9,0.1,0.1,0.1,0.1,4,4,0.7,0.7,0.7,0.7,0.5,0.6,False,20,0.0,0.0,0.0,0.0,0.0,0.0,0.0,0.0,0.0,0.0,0.0,0.0,0.0,0.0,0.0,inconclusive,inconclusive,inconclusive,False,insufficient_post_threshold_offer_exposure,inactive
H5B0164,S132,sobol_symmetric,4.0,0.7,64,256.0,179.2,76.80000000000001,14,14,0.1,0.1,6,6,0.1,0.1,0.1,0.7,9,9,0.0,0.0,0.7,0.7,0.1,0.2,True,20,0.8997994462259907,0.8902456717475592,0.9093532207044223,-0.01812208090577778,-0.026983083714404964,-0.009261078097150599,0.14622910871764158,0.13868389192842695,0.1537743255068562,0.16435118962341938,0.15967667737932273,0.16902570186751603,-0.0014834025979340582,-0.0024341975958780404,-0.0005326075999900757,inconclusive,inconclusive,inconclusive,False,accepted_delay;selection_gap;served_rate,inconclusive
H5B0164,S132,sobol_symmetric,4.0,0.7,64,256.0,179.2,76.80000000000001,14,14,0.1,0.1,6,6,0.1,0.1,0.1,0.7,9,9,0.0,0.0,0.7,0.7,0.3,0.4,True,20,1.0,1.0,1.0,-0.13678482090344496,-0.14775329042427543,-0.1258163513826145,0.40736654296019215,0.3961180407660917,0.4186150451542926,0.544151363863637,0.5394811189167316,0.5488216088105425,-0.004406227241263212,-0.005198190025203058,-0.003614264457323366,inconclusive,supported,inconclusive,False,accepted_delay;served_rate,inconclusive
H5B0164,S132,sobol_symmetric,4.0,0.7,64,256.0,179.2,76.80000000000001,14,14,0.1,0.1,6,6,0.1,0.1,0.1,0.7,9,9,0.0,0.0,0.7,0.7,0.5,0.6,False,20,1.0,1.0,1.0,-2.5006805956525113,-2.531809409882357,-2.4695517814226657,-1.708018751813173,-1.7411518869368865,-1.6748856166894597,0.7926618438393389,0.7886779474546707,0.7966457402240071,0.03725487357800193,0.03419085679227503,0.040318890363728835,supported,supported,reversed,False,served_rate,reversed
H5B0165,S133,sobol_symmetric,3.1,0.5,32,99.2,49.6,49.6,14,14,0.1,0.1,4,4,0.1,0.1,0.1,0.3,4,4,0.5,0.5,0.5,0.5,0.1,0.2,True,20,0.9029775580073165,0.8845740829111771,0.9213810331034559,-0.08013639237058205,-0.09571901618441833,-0.06455376855674577,0.054017832185093,0.03826342317766239,0.0697722411925236,0.13415422455567505,0.1253366929267499,0.1429717561846002,-0.007090238017091267,-0.008776475430264951,-0.005404000603917583,inconclusive,inconclusive,supported,False,accepted_delay;selection_gap,inconclusive
H5B0165,S133,sobol_symmetric,3.1,0.5,32,99.2,49.6,49.6,14,14,0.1,0.1,4,4,0.1,0.1,0.1,0.3,4,4,0.5,0.5,0.5,0.5,0.3,0.4,True,20,0.9522033574783594,0.9447789593455586,0.9596277556111602,-0.7152058801792489,-0.752109270331657,-0.6783024900268408,-0.2676354869192202,-0.30301359552263296,-0.2322573783158074,0.4475703932600287,0.4374309188620512,0.45770986765800614,-0.022639678260391406,-0.02397773786365814,-0.021301618657124672,supported,supported,supported,False,,supported
H5B0165,S133,sobol_symmetric,3.1,0.5,32,99.2,49.6,49.6,14,14,0.1,0.1,4,4,0.1,0.1,0.1,0.3,4,4,0.5,0.5,0.5,0.5,0.5,0.6,False,20,0.9403955789915729,0.9357175202213137,0.9450736377618321,-2.572055904698586,-2.6176995767775746,-2.5264122326195975,-1.7584314424990997,-1.8049298017463105,-1.7119330832518889,0.8136244621994866,0.8042867087039237,0.8229622156950495,-0.042481219277099566,-0.04392187980758138,-0.04104055874661775,supported,supported,supported,False,,supported
H5B0166,S134,sobol_symmetric,1.25,0.5,32,40.0,20.0,20.0,28,28,0.5,0.5,12,12,0.3,0.3,0.3,0.5,9,9,0.0,0.0,0.5,0.5,0.1,0.4,True,20,0.0,0.0,0.0,0.0,0.0,0.0,0.0,0.0,0.0,0.0,0.0,0.0,0.0,0.0,0.0,inconclusive,inconclusive,inconclusive,False,insufficient_post_threshold_offer_exposure,inactive
H5B0166,S134,sobol_symmetric,1.25,0.5,32,40.0,20.0,20.0,28,28,0.5,0.5,12,12,0.3,0.3,0.3,0.5,9,9,0.0,0.0,0.5,0.5,0.3,0.6,True,20,0.0,0.0,0.0,0.0,0.0,0.0,0.0,0.0,0.0,0.0,0.0,0.0,0.0,0.0,0.0,inconclusive,inconclusive,inconclusive,False,insufficient_post_threshold_offer_exposure,inactive
H5B0167,S135,sobol_symmetric,0.8,0.1,64,51.2,5.120000000000001,46.080000000000005,7,7,0.3,0.3,4,4,0.0,0.0,0.0,0.5,4,4,0.0,0.0,0.0,0.0,0.1,0.1,True,20,0.0,0.0,0.0,0.0,0.0,0.0,0.0,0.0,0.0,0.0,0.0,0.0,0.0,0.0,0.0,inconclusive,inconclusive,inconclusive,False,insufficient_post_threshold_offer_exposure,inactive
H5B0167,S135,sobol_symmetric,0.8,0.1,64,51.2,5.120000000000001,46.080000000000005,7,7,0.3,0.3,4,4,0.0,0.0,0.0,0.5,4,4,0.0,0.0,0.0,0.0,0.3,0.3,True,20,0.0,0.0,0.0,0.0,0.0,0.0,0.0,0.0,0.0,0.0,0.0,0.0,0.0,0.0,0.0,inconclusive,inconclusive,inconclusive,False,insufficient_post_threshold_offer_exposure,inactive
H5B0167,S135,sobol_symmetric,0.8,0.1,64,51.2,5.120000000000001,46.080000000000005,7,7,0.3,0.3,4,4,0.0,0.0,0.0,0.5,4,4,0.0,0.0,0.0,0.0,0.5,0.5,False,20,0.0,0.0,0.0,0.0,0.0,0.0,0.0,0.0,0.0,0.0,0.0,0.0,0.0,0.0,0.0,inconclusive,inconclusive,inconclusive,False,insufficient_post_threshold_offer_exposure,inactive
H5B0169,S137,sobol_symmetric,2.0,0.3,64,128.0,38.4,89.6,28,28,0.3,0.3,6,6,0.1,0.1,0.1,0.1,4,4,0.5,0.5,0.7,0.7,0.1,0.2,True,20,0.0,0.0,0.0,0.0,0.0,0.0,0.0,0.0,0.0,0.0,0.0,0.0,0.0,0.0,0.0,inconclusive,inconclusive,inconclusive,False,insufficient_post_threshold_offer_exposure,inactive
H5B0169,S137,sobol_symmetric,2.0,0.3,64,128.0,38.4,89.6,28,28,0.3,0.3,6,6,0.1,0.1,0.1,0.1,4,4,0.5,0.5,0.7,0.7,0.3,0.4,True,20,0.0,0.0,0.0,0.0,0.0,0.0,0.0,0.0,0.0,0.0,0.0,0.0,0.0,0.0,0.0,inconclusive,inconclusive,inconclusive,False,insufficient_post_threshold_offer_exposure,inactive
H5B0169,S137,sobol_symmetric,2.0,0.3,64,128.0,38.4,89.6,28,28,0.3,0.3,6,6,0.1,0.1,0.1,0.1,4,4,0.5,0.5,0.7,0.7,0.5,0.6,False,20,0.0,0.0,0.0,0.0,0.0,0.0,0.0,0.0,0.0,0.0,0.0,0.0,0.0,0.0,0.0,inconclusive,inconclusive,inconclusive,False,insufficient_post_threshold_offer_exposure,inactive
H5B0170,S138,sobol_symmetric,0.8,0.7,16,12.8,8.959999999999999,3.8400000000000007,14,14,0.0,0.0,9,9,0.3,0.3,0.3,0.3,9,9,0.0,0.0,0.3,0.3,0.1,0.4,True,20,0.0,0.0,0.0,0.0,0.0,0.0,0.0,0.0,0.0,0.0,0.0,0.0,0.0,0.0,0.0,inconclusive,inconclusive,inconclusive,False,insufficient_post_threshold_offer_exposure,inactive
H5B0170,S138,sobol_symmetric,0.8,0.7,16,12.8,8.959999999999999,3.8400000000000007,14,14,0.0,0.0,9,9,0.3,0.3,0.3,0.3,9,9,0.0,0.0,0.3,0.3,0.3,0.6,True,20,0.0,0.0,0.0,0.0,0.0,0.0,0.0,0.0,0.0,0.0,0.0,0.0,0.0,0.0,0.0,inconclusive,inconclusive,inconclusive,False,insufficient_post_threshold_offer_exposure,inactive
H5B0171,S139,sobol_symmetric,1.25,0.1,32,40.0,4.0,36.0,21,21,0.1,0.1,12,12,0.0,0.0,0.0,0.3,12,12,0.0,0.0,0.1,0.1,0.1,0.1,True,20,0.0,0.0,0.0,0.0,0.0,0.0,0.0,0.0,0.0,0.0,0.0,0.0,0.0,0.0,0.0,inconclusive,inconclusive,inconclusive,False,insufficient_post_threshold_offer_exposure,inactive
H5B0171,S139,sobol_symmetric,1.25,0.1,32,40.0,4.0,36.0,21,21,0.1,0.1,12,12,0.0,0.0,0.0,0.3,12,12,0.0,0.0,0.1,0.1,0.3,0.3,True,20,0.0,0.0,0.0,0.0,0.0,0.0,0.0,0.0,0.0,0.0,0.0,0.0,0.0,0.0,0.0,inconclusive,inconclusive,inconclusive,False,insufficient_post_threshold_offer_exposure,inactive
H5B0171,S139,sobol_symmetric,1.25,0.1,32,40.0,4.0,36.0,21,21,0.1,0.1,12,12,0.0,0.0,0.0,0.3,12,12,0.0,0.0,0.1,0.1,0.5,0.5,False,20,0.0,0.0,0.0,0.0,0.0,0.0,0.0,0.0,0.0,0.0,0.0,0.0,0.0,0.0,0.0,inconclusive,inconclusive,inconclusive,False,insufficient_post_threshold_offer_exposure,inactive
H5B0172,S140,sobol_symmetric,4.0,0.9,32,128.0,115.2,12.799999999999995,7,7,0.5,0.5,4,4,0.5,0.5,0.5,0.7,4,4,0.3,0.3,0.3,0.3,0.1,0.6,True,20,0.0014353669675796865,-0.0015688906224677083,0.004439624557627081,0.00023075732583413,-0.0013242297162680118,0.0017857443679362716,0.00012025635054075945,-0.0009974852332715564,0.0012379979343530752,-0.00011050097529337055,-0.0009489129046262166,0.0007279109540394756,-0.0002205852560049154,-0.0004736667196927663,3.2496207682935514e-05,inconclusive,inconclusive,inconclusive,False,insufficient_post_threshold_offer_exposure,inactive
H5B0173,S141,sobol_symmetric,4.0,0.1,16,64.0,6.4,57.6,7,7,0.5,0.5,4,4,0.0,0.0,0.0,0.0,4,4,0.0,0.0,0.1,0.1,0.1,0.1,True,20,0.43673893790329676,0.4140472559210382,0.45943061988555534,-0.05251215782241918,-0.07167241367684284,-0.03335190196799552,0.0288440886647477,0.010079521142592873,0.047608656186902534,0.08135624648716688,0.07731562926894354,0.08539686370539022,-0.006736935280607747,-0.012196674792681501,-0.0012771957685339935,inconclusive,inconclusive,supported,False,accepted_delay;selection_gap,inconclusive
H5B0173,S141,sobol_symmetric,4.0,0.1,16,64.0,6.4,57.6,7,7,0.5,0.5,4,4,0.0,0.0,0.0,0.0,4,4,0.0,0.0,0.1,0.1,0.3,0.3,True,20,0.42059396833870527,0.40803026212644594,0.4331576745509646,-0.23722532668483645,-0.2597719975332727,-0.2146786558364002,0.022228110426581127,-0.001293874105167389,0.04575009495832964,0.2594534371114176,0.252833369762687,0.2660735044601482,-0.006700247668777028,-0.012948666367102611,-0.0004518289704514445,inconclusive,supported,supported,False,accepted_delay,inconclusive
H5B0173,S141,sobol_symmetric,4.0,0.1,16,64.0,6.4,57.6,7,7,0.5,0.5,4,4,0.0,0.0,0.0,0.0,4,4,0.0,0.0,0.1,0.1,0.5,0.5,False,20,0.4410278067271697,0.4275909160557757,0.45446469739856366,-0.4406280881751911,-0.4664635483772736,-0.4147926279731086,0.05262532190610567,0.03437048047423211,0.07088016333797924,0.4932534100812969,0.47700056237180843,0.5095062577907854,-0.010108615104191783,-0.015004914151902445,-0.005212316056481122,supported,supported,supported,True,,supported
H5B0174,S142,sobol_symmetric,2.0,0.9,64,128.0,115.2,12.799999999999995,21,21,0.1,0.1,9,9,0.3,0.3,0.3,0.7,6,6,0.3,0.3,0.7,0.7,0.1,0.4,True,20,0.0,0.0,0.0,0.0,0.0,0.0,0.0,0.0,0.0,0.0,0.0,0.0,0.0,0.0,0.0,inconclusive,inconclusive,inconclusive,False,insufficient_post_threshold_offer_exposure,inactive
H5B0174,S142,sobol_symmetric,2.0,0.9,64,128.0,115.2,12.799999999999995,21,21,0.1,0.1,9,9,0.3,0.3,0.3,0.7,6,6,0.3,0.3,0.7,0.7,0.3,0.6,True,20,0.0,0.0,0.0,0.0,0.0,0.0,0.0,0.0,0.0,0.0,0.0,0.0,0.0,0.0,0.0,inconclusive,inconclusive,inconclusive,False,insufficient_post_threshold_offer_exposure,inactive
H5B0175,S143,sobol_symmetric,0.8,0.5,16,12.8,6.4,6.4,14,14,0.0,0.0,12,12,0.0,0.0,0.0,0.5,4,4,0.5,0.5,0.7,0.7,0.1,0.1,True,20,0.0,0.0,0.0,0.0,0.0,0.0,0.0,0.0,0.0,0.0,0.0,0.0,0.0,0.0,0.0,inconclusive,inconclusive,inconclusive,False,insufficient_post_threshold_offer_exposure,inactive
H5B0175,S143,sobol_symmetric,0.8,0.5,16,12.8,6.4,6.4,14,14,0.0,0.0,12,12,0.0,0.0,0.0,0.5,4,4,0.5,0.5,0.7,0.7,0.3,0.3,True,20,0.0,0.0,0.0,0.0,0.0,0.0,0.0,0.0,0.0,0.0,0.0,0.0,0.0,0.0,0.0,inconclusive,inconclusive,inconclusive,False,insufficient_post_threshold_offer_exposure,inactive
H5B0175,S143,sobol_symmetric,0.8,0.5,16,12.8,6.4,6.4,14,14,0.0,0.0,12,12,0.0,0.0,0.0,0.5,4,4,0.5,0.5,0.7,0.7,0.5,0.5,False,20,0.0,0.0,0.0,0.0,0.0,0.0,0.0,0.0,0.0,0.0,0.0,0.0,0.0,0.0,0.0,inconclusive,inconclusive,inconclusive,False,insufficient_post_threshold_offer_exposure,inactive
H5B0176,S144,sobol_symmetric,3.1,0.5,32,99.2,49.6,49.6,28,28,0.3,0.3,4,4,0.1,0.1,0.1,0.5,9,9,0.3,0.3,0.3,0.3,0.1,0.2,True,20,0.5745848947122324,0.5583149102739667,0.5908548791504981,-0.19491211955193627,-0.21291957451341928,-0.17690466459045326,-0.11053834916981145,-0.128840872620652,-0.0922358257189709,0.08437377038212483,0.08139584826140026,0.08735169250284941,-0.004746273291120019,-0.006568274029721908,-0.0029242725525181305,inconclusive,inconclusive,inconclusive,False,accepted_delay;selection_gap;served_rate,inconclusive
H5B0176,S144,sobol_symmetric,3.1,0.5,32,99.2,49.6,49.6,28,28,0.3,0.3,4,4,0.1,0.1,0.1,0.5,9,9,0.3,0.3,0.3,0.3,0.3,0.4,True,20,0.5454330819948628,0.5388488499770077,0.552017314012718,-0.5854138496266421,-0.6055731247375898,-0.5652545745156944,-0.3321239102042564,-0.3519641106928295,-0.3122837097156833,0.25328993942238565,0.2504297284128501,0.2561501504319212,-0.01252334483341506,-0.014589514167315408,-0.010457175499514712,supported,supported,supported,False,,supported
H5B0176,S144,sobol_symmetric,3.1,0.5,32,99.2,49.6,49.6,28,28,0.3,0.3,4,4,0.1,0.1,0.1,0.5,9,9,0.3,0.3,0.3,0.3,0.5,0.6,False,20,0.491901152403051,0.48693280758640994,0.49686949721969204,-0.8801955821139671,-0.8971644666363568,-0.8632266975915773,-0.44497614918228445,-0.46197014814395887,-0.42798215022061004,0.4352194329316827,0.4318094274152621,0.43862943844810326,-0.022026872946337196,-0.023316982613837443,-0.02073676327883695,supported,supported,supported,False,,supported
H5B0177,S145,sobol_symmetric,3.1,0.3,16,49.6,14.88,34.72,7,7,0.1,0.1,4,4,0.5,0.5,0.5,0.5,4,4,0.0,0.0,0.5,0.5,0.1,0.6,True,20,0.8571900088787692,0.7934049979537836,0.9209750198037547,-0.2524115870906175,-0.28615032755759834,-0.21867284662363667,-0.1083361544201229,-0.14383492057630864,-0.07283738826393715,0.14407543267049458,0.1300685327631789,0.15808233257781026,-0.012010069510859693,-0.01573722536370121,-0.008282913658018176,supported,inconclusive,supported,False,selection_gap,inconclusive
H5B0178,S146,sobol_symmetric,0.8,0.5,64,51.2,25.6,25.6,21,21,0.5,0.5,6,6,0.0,0.0,0.0,0.1,9,9,0.5,0.5,0.7,0.7,0.1,0.1,True,20,0.0,0.0,0.0,0.0,0.0,0.0,0.0,0.0,0.0,0.0,0.0,0.0,0.0,0.0,0.0,inconclusive,inconclusive,inconclusive,False,insufficient_post_threshold_offer_exposure,inactive
H5B0178,S146,sobol_symmetric,0.8,0.5,64,51.2,25.6,25.6,21,21,0.5,0.5,6,6,0.0,0.0,0.0,0.1,9,9,0.5,0.5,0.7,0.7,0.3,0.3,True,20,0.0,0.0,0.0,0.0,0.0,0.0,0.0,0.0,0.0,0.0,0.0,0.0,0.0,0.0,0.0,inconclusive,inconclusive,inconclusive,False,insufficient_post_threshold_offer_exposure,inactive
H5B0178,S146,sobol_symmetric,0.8,0.5,64,51.2,25.6,25.6,21,21,0.5,0.5,6,6,0.0,0.0,0.0,0.1,9,9,0.5,0.5,0.7,0.7,0.5,0.5,False,20,0.0,0.0,0.0,0.0,0.0,0.0,0.0,0.0,0.0,0.0,0.0,0.0,0.0,0.0,0.0,inconclusive,inconclusive,inconclusive,False,insufficient_post_threshold_offer_exposure,inactive
H5B0179,S147,sobol_symmetric,2.0,0.1,32,64.0,6.4,57.6,14,14,0.3,0.3,4,4,0.3,0.3,0.3,0.3,12,12,0.3,0.3,0.5,0.5,0.1,0.4,True,20,0.0,0.0,0.0,0.0,0.0,0.0,0.0,0.0,0.0,0.0,0.0,0.0,0.0,0.0,0.0,inconclusive,inconclusive,inconclusive,False,insufficient_post_threshold_offer_exposure,inactive
H5B0179,S147,sobol_symmetric,2.0,0.1,32,64.0,6.4,57.6,14,14,0.3,0.3,4,4,0.3,0.3,0.3,0.3,12,12,0.3,0.3,0.5,0.5,0.3,0.6,True,20,0.0,0.0,0.0,0.0,0.0,0.0,0.0,0.0,0.0,0.0,0.0,0.0,0.0,0.0,0.0,inconclusive,inconclusive,inconclusive,False,insufficient_post_threshold_offer_exposure,inactive
H5B0180,S148,sobol_symmetric,4.0,0.9,32,128.0,115.2,12.799999999999995,28,28,0.0,0.0,12,12,0.1,0.1,0.1,0.1,6,6,0.0,0.0,0.0,0.0,0.1,0.2,True,20,1.0,1.0,1.0,0.0,0.0,0.0,0.0,0.0,0.0,0.0,0.0,0.0,-0.002551957811255989,-0.003364547436075522,-0.0017393681864364562,inconclusive,inconclusive,inconclusive,False,accepted_delay;selection_gap;served_rate,inconclusive
H5B0180,S148,sobol_symmetric,4.0,0.9,32,128.0,115.2,12.799999999999995,28,28,0.0,0.0,12,12,0.1,0.1,0.1,0.1,6,6,0.0,0.0,0.0,0.0,0.3,0.4,True,20,1.0,1.0,1.0,0.0,0.0,0.0,0.0,0.0,0.0,0.0,0.0,0.0,-0.011281912238435261,-0.012106258076212495,-0.010457566400658027,inconclusive,inconclusive,supported,False,accepted_delay;selection_gap,inconclusive
H5B0180,S148,sobol_symmetric,4.0,0.9,32,128.0,115.2,12.799999999999995,28,28,0.0,0.0,12,12,0.1,0.1,0.1,0.1,6,6,0.0,0.0,0.0,0.0,0.5,0.6,False,20,1.0,1.0,1.0,-1.0662199433575381e-05,-2.602135465964646e-05,4.696955792495697e-06,-2.1408650489540548e-05,-6.173039655716488e-05,1.891309557808378e-05,-1.0746451055965166e-05,-4.102422914248585e-05,1.9531327030555512e-05,-0.02632633641807778,-0.02712048739561704,-0.025532185440538518,inconclusive,inconclusive,supported,False,accepted_delay;selection_gap,inconclusive
H5B0181,S149,sobol_symmetric,4.0,0.1,64,256.0,25.6,230.4,28,28,0.0,0.0,9,9,0.3,0.3,0.3,0.5,12,12,0.3,0.3,0.7,0.7,0.1,0.4,True,20,0.9919300646370461,0.9843501582843311,0.9995099709897611,0.0,0.0,0.0,0.0,0.0,0.0,0.0,0.0,0.0,-0.01189450806256378,-0.013213527515772231,-0.01057548860935533,inconclusive,inconclusive,supported,False,accepted_delay;selection_gap,inconclusive
H5B0181,S149,sobol_symmetric,4.0,0.1,64,256.0,25.6,230.4,28,28,0.0,0.0,9,9,0.3,0.3,0.3,0.5,12,12,0.3,0.3,0.7,0.7,0.3,0.6,True,20,0.9998180494905385,0.9994372226975239,1.0001988762835532,0.0,0.0,0.0,0.0,0.0,0.0,0.0,0.0,0.0,-0.03582694519031574,-0.03756459995141816,-0.034089290429213326,inconclusive,inconclusive,supported,False,accepted_delay;selection_gap,inconclusive
H5B0182,S150,sobol_symmetric,1.25,0.9,16,20.0,18.0,2.0,14,14,0.3,0.3,6,6,0.1,0.1,0.1,0.5,6,6,0.0,0.0,0.1,0.1,0.1,0.2,True,20,0.0,0.0,0.0,0.0,0.0,0.0,0.0,0.0,0.0,0.0,0.0,0.0,0.0,0.0,0.0,inconclusive,inconclusive,inconclusive,False,insufficient_post_threshold_offer_exposure,inactive
H5B0182,S150,sobol_symmetric,1.25,0.9,16,20.0,18.0,2.0,14,14,0.3,0.3,6,6,0.1,0.1,0.1,0.5,6,6,0.0,0.0,0.1,0.1,0.3,0.4,True,20,0.0,0.0,0.0,0.0,0.0,0.0,0.0,0.0,0.0,0.0,0.0,0.0,0.0,0.0,0.0,inconclusive,inconclusive,inconclusive,False,insufficient_post_threshold_offer_exposure,inactive
H5B0182,S150,sobol_symmetric,1.25,0.9,16,20.0,18.0,2.0,14,14,0.3,0.3,6,6,0.1,0.1,0.1,0.5,6,6,0.0,0.0,0.1,0.1,0.5,0.6,False,20,0.0,0.0,0.0,0.0,0.0,0.0,0.0,0.0,0.0,0.0,0.0,0.0,0.0,0.0,0.0,inconclusive,inconclusive,inconclusive,False,insufficient_post_threshold_offer_exposure,inactive
H5B0184,S152,sobol_symmetric,2.0,0.7,16,32.0,22.4,9.6,7,7,0.1,0.1,4,4,0.0,0.0,0.0,0.5,4,4,0.7,0.7,0.7,0.7,0.1,0.1,True,20,0.811466471733595,0.7959584372793251,0.8269745061878648,-0.06774173028137889,-0.07896821051342923,-0.05651525004932855,-0.004780421838251314,-0.015408819300932792,0.005847975624430164,0.06296130844312757,0.06127503858230776,0.06464757830394738,-0.0013598182788841673,-0.0038211577479863616,0.0011015211902180267,inconclusive,inconclusive,inconclusive,False,accepted_delay;selection_gap;served_rate,inconclusive
H5B0184,S152,sobol_symmetric,2.0,0.7,16,32.0,22.4,9.6,7,7,0.1,0.1,4,4,0.0,0.0,0.0,0.5,4,4,0.7,0.7,0.7,0.7,0.3,0.3,True,20,0.8232004593438622,0.8166733728302424,0.829727545857482,-0.4856510287802539,-0.511732805761157,-0.45956925179935076,-0.3001703654372557,-0.324848251709231,-0.27549247916528047,0.18548066334299823,0.1825354985966946,0.18842582808930186,-0.009089526656926942,-0.01170583646012708,-0.006473216853726805,supported,inconclusive,supported,False,selection_gap,inconclusive
H5B0184,S152,sobol_symmetric,2.0,0.7,16,32.0,22.4,9.6,7,7,0.1,0.1,4,4,0.0,0.0,0.0,0.5,4,4,0.7,0.7,0.7,0.7,0.5,0.5,False,20,0.690585802500745,0.6831706644955831,0.6980009405059069,-1.007051632817232,-1.0213033904891136,-0.9927998751453506,-0.6919277696913113,-0.7048886738583312,-0.6789668655242914,0.3151238631259207,0.3120929964901841,0.3181547297616573,-0.01761094270476362,-0.020890914425233123,-0.014330970984294117,supported,supported,supported,False,,supported
H5B0185,S153,sobol_symmetric,2.0,0.1,64,128.0,12.8,115.2,14,14,0.5,0.5,12,12,0.3,0.3,0.3,0.5,12,12,0.3,0.3,0.7,0.7,0.1,0.4,True,20,0.0,0.0,0.0,0.0,0.0,0.0,0.0,0.0,0.0,0.0,0.0,0.0,0.0,0.0,0.0,inconclusive,inconclusive,inconclusive,False,insufficient_post_threshold_offer_exposure,inactive
H5B0185,S153,sobol_symmetric,2.0,0.1,64,128.0,12.8,115.2,14,14,0.5,0.5,12,12,0.3,0.3,0.3,0.5,12,12,0.3,0.3,0.7,0.7,0.3,0.6,True,20,0.0,0.0,0.0,0.0,0.0,0.0,0.0,0.0,0.0,0.0,0.0,0.0,0.0,0.0,0.0,inconclusive,inconclusive,inconclusive,False,insufficient_post_threshold_offer_exposure,inactive
H5B0186,S154,sobol_symmetric,0.8,0.9,32,25.6,23.040000000000003,2.56,28,28,0.1,0.1,4,4,0.1,0.1,0.1,0.3,6,6,0.0,0.0,0.3,0.3,0.1,0.2,True,20,0.0,0.0,0.0,0.0,0.0,0.0,0.0,0.0,0.0,0.0,0.0,0.0,0.0,0.0,0.0,inconclusive,inconclusive,inconclusive,False,insufficient_post_threshold_offer_exposure,inactive
H5B0186,S154,sobol_symmetric,0.8,0.9,32,25.6,23.040000000000003,2.56,28,28,0.1,0.1,4,4,0.1,0.1,0.1,0.3,6,6,0.0,0.0,0.3,0.3,0.3,0.4,True,20,0.0,0.0,0.0,0.0,0.0,0.0,0.0,0.0,0.0,0.0,0.0,0.0,0.0,0.0,0.0,inconclusive,inconclusive,inconclusive,False,insufficient_post_threshold_offer_exposure,inactive
H5B0186,S154,sobol_symmetric,0.8,0.9,32,25.6,23.040000000000003,2.56,28,28,0.1,0.1,4,4,0.1,0.1,0.1,0.3,6,6,0.0,0.0,0.3,0.3,0.5,0.6,False,20,0.0,0.0,0.0,0.0,0.0,0.0,0.0,0.0,0.0,0.0,0.0,0.0,0.0,0.0,0.0,inconclusive,inconclusive,inconclusive,False,insufficient_post_threshold_offer_exposure,inactive
H5B0187,S155,sobol_symmetric,1.25,0.5,64,80.0,40.0,40.0,7,7,0.0,0.0,4,4,0.5,0.5,0.5,0.7,4,4,0.0,0.0,0.7,0.7,0.1,0.6,True,20,0.0,0.0,0.0,0.0,0.0,0.0,0.0,0.0,0.0,0.0,0.0,0.0,0.0,0.0,0.0,inconclusive,inconclusive,inconclusive,False,insufficient_post_threshold_offer_exposure,inactive
H5B0188,S156,sobol_symmetric,3.1,0.5,16,49.6,24.8,24.8,21,21,0.3,0.3,9,9,0.0,0.0,0.0,0.1,9,9,0.7,0.7,0.7,0.7,0.1,0.1,True,20,0.009892124183037147,0.007841409761366143,0.01194283860470815,0.004547980077538982,-0.029734356074561437,0.0388303162296394,0.00921182831480527,-0.02502702868865954,0.04345068531827008,0.004663848237266288,0.003683113612500408,0.005644582862032168,-0.0014895488585231667,-0.0032587352188188107,0.0002796375017724774,inconclusive,inconclusive,inconclusive,False,insufficient_post_threshold_offer_exposure,inactive
H5B0188,S156,sobol_symmetric,3.1,0.5,16,49.6,24.8,24.8,21,21,0.3,0.3,9,9,0.0,0.0,0.0,0.1,9,9,0.7,0.7,0.7,0.7,0.3,0.3,True,20,0.009824139770543357,0.007981093292832642,0.011667186248254073,0.02352866636631763,-0.0073416109513362235,0.05439894368397148,0.03727343808711372,0.006886568933922633,0.0676603072403048,0.013744771720796089,0.011198448268578413,0.016291095173013765,-0.0011605280885414362,-0.0026358709709630975,0.0003148147938802253,inconclusive,inconclusive,inconclusive,False,insufficient_post_threshold_offer_exposure,inactive
H5B0188,S156,sobol_symmetric,3.1,0.5,16,49.6,24.8,24.8,21,21,0.3,0.3,9,9,0.0,0.0,0.0,0.1,9,9,0.7,0.7,0.7,0.7,0.5,0.5,False,20,0.01036866450410166,0.008707420563547456,0.012029908444655863,0.006741008291609596,-0.035215110949658165,0.04869712753287736,0.0309602645183475,-0.011769785641835246,0.07369031467853025,0.024219256226737908,0.02038870864411118,0.028049803809364636,-0.0007546629749932546,-0.0026215772339901193,0.0011122512840036104,inconclusive,inconclusive,inconclusive,False,accepted_delay;selection_gap;served_rate,inconclusive
H5B0189,S157,sobol_symmetric,4.0,0.3,32,128.0,38.4,89.6,21,21,0.3,0.3,12,12,0.3,0.3,0.3,0.7,4,4,0.0,0.0,0.7,0.7,0.1,0.4,True,20,0.0,0.0,0.0,0.0,0.0,0.0,0.0,0.0,0.0,0.0,0.0,0.0,0.0,0.0,0.0,inconclusive,inconclusive,inconclusive,False,insufficient_post_threshold_offer_exposure,inactive
H5B0189,S157,sobol_symmetric,4.0,0.3,32,128.0,38.4,89.6,21,21,0.3,0.3,12,12,0.3,0.3,0.3,0.7,4,4,0.0,0.0,0.7,0.7,0.3,0.6,True,20,0.0,0.0,0.0,0.0,0.0,0.0,0.0,0.0,0.0,0.0,0.0,0.0,0.0,0.0,0.0,inconclusive,inconclusive,inconclusive,False,insufficient_post_threshold_offer_exposure,inactive
H5B0190,S158,sobol_symmetric,1.25,0.7,32,40.0,28.0,12.000000000000002,7,7,0.0,0.0,4,4,0.0,0.0,0.0,0.0,4,4,0.5,0.5,0.5,0.5,0.1,0.1,True,20,0.9988676792417042,0.997304197108916,1.0004311613744923,-0.025316088774027357,-0.029009508417214985,-0.02162266913083973,-0.025208663270821764,-0.02895995302751673,-0.0214573735141268,0.00010742550320559374,-0.0002212473054312816,0.0004360983118424691,-0.012009923056376395,-0.01551744206390927,-0.008502404048843521,inconclusive,inconclusive,supported,False,accepted_delay;selection_gap,inconclusive
H5B0190,S158,sobol_symmetric,1.25,0.7,32,40.0,28.0,12.000000000000002,7,7,0.0,0.0,4,4,0.0,0.0,0.0,0.0,4,4,0.5,0.5,0.5,0.5,0.3,0.3,True,20,0.9942241019308182,0.9889369299442512,0.9995112739173853,-0.8280575801962895,-0.8811428134477163,-0.7749723469448627,-0.7905490535403614,-0.8404905615993354,-0.7406075454813874,0.03750852665592821,0.0338482289460023,0.04116882436585412,-0.03918188970154111,-0.041970836477856,-0.03639294292522621,supported,inconclusive,supported,False,selection_gap,inconclusive
H5B0190,S158,sobol_symmetric,1.25,0.7,32,40.0,28.0,12.000000000000002,7,7,0.0,0.0,4,4,0.0,0.0,0.0,0.0,4,4,0.5,0.5,0.5,0.5,0.5,0.5,False,20,0.6396407854027005,0.6309495581311109,0.6483320126742902,-1.5829311621978397,-1.5919250509632425,-1.5739372734324368,-1.4113796885122007,-1.4196912535047428,-1.4030681235196587,0.1715514736856391,0.1701229444629314,0.1729800029083468,-0.0444827980070233,-0.04818773411296523,-0.040777861901081375,supported,inconclusive,supported,False,selection_gap,inconclusive
H5B0191,S159,sobol_symmetric,0.8,0.3,16,12.8,3.84,8.959999999999999,28,28,0.1,0.1,6,6,0.1,0.1,0.1,0.5,12,12,0.3,0.3,0.5,0.5,0.1,0.2,True,20,0.0,0.0,0.0,0.0,0.0,0.0,0.0,0.0,0.0,0.0,0.0,0.0,0.0,0.0,0.0,inconclusive,inconclusive,inconclusive,False,insufficient_post_threshold_offer_exposure,inactive
H5B0191,S159,sobol_symmetric,0.8,0.3,16,12.8,3.84,8.959999999999999,28,28,0.1,0.1,6,6,0.1,0.1,0.1,0.5,12,12,0.3,0.3,0.5,0.5,0.3,0.4,True,20,0.0,0.0,0.0,0.0,0.0,0.0,0.0,0.0,0.0,0.0,0.0,0.0,0.0,0.0,0.0,inconclusive,inconclusive,inconclusive,False,insufficient_post_threshold_offer_exposure,inactive
H5B0191,S159,sobol_symmetric,0.8,0.3,16,12.8,3.84,8.959999999999999,28,28,0.1,0.1,6,6,0.1,0.1,0.1,0.5,12,12,0.3,0.3,0.5,0.5,0.5,0.6,False,20,0.0,0.0,0.0,0.0,0.0,0.0,0.0,0.0,0.0,0.0,0.0,0.0,0.0,0.0,0.0,inconclusive,inconclusive,inconclusive,False,insufficient_post_threshold_offer_exposure,inactive
H5B0192,S160;X117,sobol_symmetric,3.1,0.7,64,198.4,138.88,59.52000000000001,14,14,0.5,0.5,9,9,0.0,0.0,0.0,0.7,6,6,0.0,0.0,0.0,0.0,0.1,0.1,True,20,0.0,0.0,0.0,0.0,0.0,0.0,0.0,0.0,0.0,0.0,0.0,0.0,0.0,0.0,0.0,inconclusive,inconclusive,inconclusive,False,insufficient_post_threshold_offer_exposure,inactive
H5B0192,S160;X117,sobol_symmetric,3.1,0.7,64,198.4,138.88,59.52000000000001,14,14,0.5,0.5,9,9,0.0,0.0,0.0,0.7,6,6,0.0,0.0,0.0,0.0,0.3,0.3,True,20,0.0,0.0,0.0,0.0,0.0,0.0,0.0,0.0,0.0,0.0,0.0,0.0,0.0,0.0,0.0,inconclusive,inconclusive,inconclusive,False,insufficient_post_threshold_offer_exposure,inactive
H5B0192,S160;X117,sobol_symmetric,3.1,0.7,64,198.4,138.88,59.52000000000001,14,14,0.5,0.5,9,9,0.0,0.0,0.0,0.7,6,6,0.0,0.0,0.0,0.0,0.5,0.5,False,20,0.0,0.0,0.0,0.0,0.0,0.0,0.0,0.0,0.0,0.0,0.0,0.0,0.0,0.0,0.0,inconclusive,inconclusive,inconclusive,False,insufficient_post_threshold_offer_exposure,inactive
H5B0193,S161,sobol_symmetric,3.1,0.3,32,99.2,29.76,69.44,7,7,0.0,0.0,4,4,0.3,0.3,0.3,0.3,4,4,0.5,0.5,0.7,0.7,0.1,0.4,True,20,0.9950223412310869,0.9878987514647277,1.002145930997446,0.0,0.0,0.0,0.0,0.0,0.0,0.0,0.0,0.0,-0.010332916759517866,-0.011680893992529078,-0.008984939526506655,inconclusive,inconclusive,supported,False,accepted_delay;selection_gap,inconclusive
H5B0193,S161,sobol_symmetric,3.1,0.3,32,99.2,29.76,69.44,7,7,0.0,0.0,4,4,0.3,0.3,0.3,0.3,4,4,0.5,0.5,0.7,0.7,0.3,0.6,True,20,1.0,1.0,1.0,-2.1795989537931603e-05,-6.741551993045429e-05,2.3823540854591082e-05,-1.7765144785908404e-05,-5.4948020152861045e-05,1.9417730581044237e-05,4.0308447520231995e-06,-4.405810273546852e-06,1.246749977759325e-05,-0.03324828124295294,-0.0350376240102779,-0.03145893847562798,inconclusive,inconclusive,supported,False,accepted_delay;selection_gap,inconclusive
H5B0194,S162,sobol_symmetric,1.25,0.7,32,40.0,28.0,12.000000000000002,21,21,0.3,0.3,6,6,0.1,0.1,0.1,0.1,12,12,0.0,0.0,0.5,0.5,0.1,0.2,True,20,0.0,0.0,0.0,0.0,0.0,0.0,0.0,0.0,0.0,0.0,0.0,0.0,0.0,0.0,0.0,inconclusive,inconclusive,inconclusive,False,insufficient_post_threshold_offer_exposure,inactive
H5B0194,S162,sobol_symmetric,1.25,0.7,32,40.0,28.0,12.000000000000002,21,21,0.3,0.3,6,6,0.1,0.1,0.1,0.1,12,12,0.0,0.0,0.5,0.5,0.3,0.4,True,20,0.0,0.0,0.0,0.0,0.0,0.0,0.0,0.0,0.0,0.0,0.0,0.0,0.0,0.0,0.0,inconclusive,inconclusive,inconclusive,False,insufficient_post_threshold_offer_exposure,inactive
H5B0194,S162,sobol_symmetric,1.25,0.7,32,40.0,28.0,12.000000000000002,21,21,0.3,0.3,6,6,0.1,0.1,0.1,0.1,12,12,0.0,0.0,0.5,0.5,0.5,0.6,False,20,0.0,0.0,0.0,0.0,0.0,0.0,0.0,0.0,0.0,0.0,0.0,0.0,0.0,0.0,0.0,inconclusive,inconclusive,inconclusive,False,insufficient_post_threshold_offer_exposure,inactive
H5B0195,S163,sobol_symmetric,2.0,0.3,64,128.0,38.4,89.6,14,14,0.5,0.5,4,4,0.5,0.5,0.5,0.5,9,9,0.0,0.0,0.0,0.0,0.1,0.6,True,20,0.0,0.0,0.0,0.0,0.0,0.0,0.0,0.0,0.0,0.0,0.0,0.0,0.0,0.0,0.0,inconclusive,inconclusive,inconclusive,False,insufficient_post_threshold_offer_exposure,inactive
H5B0196,S164,sobol_symmetric,4.0,0.7,16,64.0,44.8,19.200000000000003,28,28,0.1,0.1,12,12,0.0,0.0,0.0,0.1,4,4,0.3,0.3,0.3,0.3,0.1,0.1,True,20,0.7001608670390814,0.6927540588822275,0.7075676751959353,-0.28904942332534667,-0.33247932751834175,-0.24561951913235158,0.08251396873981012,0.04115230402896152,0.12387563345065872,0.37156339206515676,0.3659610641721362,0.3771657199581773,-0.0018456979784481047,-0.0036751557330615943,-1.624022383461517e-05,supported,supported,inconclusive,False,served_rate,inconclusive
H5B0196,S164,sobol_symmetric,4.0,0.7,16,64.0,44.8,19.200000000000003,28,28,0.1,0.1,12,12,0.0,0.0,0.0,0.1,4,4,0.3,0.3,0.3,0.3,0.3,0.3,True,20,0.731708251850134,0.7251221416011242,0.7382943620991438,-1.7552358958259138,-1.8354449388657041,-1.6750268527861234,-0.6104403937143907,-0.6887054894385113,-0.5321752979902702,1.1447955021115228,1.1318350381431543,1.1577559660798913,-0.005458824925856436,-0.007051031086700992,-0.00386661876501188,supported,supported,supported,False,,supported
H5B0196,S164,sobol_symmetric,4.0,0.7,16,64.0,44.8,19.200000000000003,28,28,0.1,0.1,12,12,0.0,0.0,0.0,0.1,4,4,0.3,0.3,0.3,0.3,0.5,0.5,False,20,0.7328112002493926,0.7291686230635608,0.7364537774352244,-4.2525746445422,-4.331955661369098,-4.173193627715302,-2.2911780985684325,-2.3686336989783117,-2.2137224981585533,1.9613965459737674,1.9429670193742665,1.9798260725732684,-0.01068814708300148,-0.012477045731915827,-0.008899248434087131,supported,supported,supported,False,,supported
H5B0198,S166,sobol_symmetric,1.25,0.9,32,40.0,36.0,3.999999999999999,14,14,0.5,0.5,6,6,0.0,0.0,0.0,0.5,4,4,0.3,0.3,0.7,0.7,0.1,0.1,True,20,0.0,0.0,0.0,0.0,0.0,0.0,0.0,0.0,0.0,0.0,0.0,0.0,0.0,0.0,0.0,inconclusive,inconclusive,inconclusive,False,insufficient_post_threshold_offer_exposure,inactive
H5B0198,S166,sobol_symmetric,1.25,0.9,32,40.0,36.0,3.999999999999999,14,14,0.5,0.5,6,6,0.0,0.0,0.0,0.5,4,4,0.3,0.3,0.7,0.7,0.3,0.3,True,20,0.0,0.0,0.0,0.0,0.0,0.0,0.0,0.0,0.0,0.0,0.0,0.0,0.0,0.0,0.0,inconclusive,inconclusive,inconclusive,False,insufficient_post_threshold_offer_exposure,inactive
H5B0198,S166,sobol_symmetric,1.25,0.9,32,40.0,36.0,3.999999999999999,14,14,0.5,0.5,6,6,0.0,0.0,0.0,0.5,4,4,0.3,0.3,0.7,0.7,0.5,0.5,False,20,0.0,0.0,0.0,0.0,0.0,0.0,0.0,0.0,0.0,0.0,0.0,0.0,0.0,0.0,0.0,inconclusive,inconclusive,inconclusive,False,insufficient_post_threshold_offer_exposure,inactive
H5B0199,S167,sobol_symmetric,0.8,0.5,16,12.8,6.4,6.4,21,21,0.3,0.3,4,4,0.3,0.3,0.3,0.7,6,6,0.7,0.7,0.7,0.7,0.1,0.4,True,20,0.0,0.0,0.0,0.0,0.0,0.0,0.0,0.0,0.0,0.0,0.0,0.0,0.0,0.0,0.0,inconclusive,inconclusive,inconclusive,False,insufficient_post_threshold_offer_exposure,inactive
H5B0199,S167,sobol_symmetric,0.8,0.5,16,12.8,6.4,6.4,21,21,0.3,0.3,4,4,0.3,0.3,0.3,0.7,6,6,0.7,0.7,0.7,0.7,0.3,0.6,True,20,0.0,0.0,0.0,0.0,0.0,0.0,0.0,0.0,0.0,0.0,0.0,0.0,0.0,0.0,0.0,inconclusive,inconclusive,inconclusive,False,insufficient_post_threshold_offer_exposure,inactive
H5B0200,S168,sobol_symmetric,2.0,0.5,64,128.0,64.0,64.0,7,7,0.0,0.0,4,4,0.1,0.1,0.1,0.5,4,4,0.0,0.0,0.7,0.7,0.1,0.2,True,20,0.9994410009847652,0.998271002599488,1.0006109993700425,-0.000635148840378097,-0.0008313188249775279,-0.000438978855778666,-0.0006138808015106357,-0.0008033973934753204,-0.00042436420954595084,2.1268038867461313e-05,-2.1431984530700704e-05,6.396806226562333e-05,-0.008920580390857304,-0.010713233547817285,-0.007127927233897323,inconclusive,inconclusive,supported,False,accepted_delay;selection_gap,inconclusive
H5B0200,S168,sobol_symmetric,2.0,0.5,64,128.0,64.0,64.0,7,7,0.0,0.0,4,4,0.1,0.1,0.1,0.5,4,4,0.0,0.0,0.7,0.7,0.3,0.4,True,20,1.0,1.0,1.0,-0.033640373465279885,-0.03853819358297094,-0.02874255334758883,-0.033361819472901996,-0.03828131054697455,-0.028442328398829448,0.0002785539923778835,-2.9184342943931307e-05,0.0005862923276996983,-0.02986557499838008,-0.03109271541662431,-0.028638434580135846,inconclusive,inconclusive,supported,False,accepted_delay;selection_gap,inconclusive
H5B0200,S168,sobol_symmetric,2.0,0.5,64,128.0,64.0,64.0,7,7,0.0,0.0,4,4,0.1,0.1,0.1,0.5,4,4,0.0,0.0,0.7,0.7,0.5,0.6,False,20,1.0,1.0,1.0,-1.2091828565430536,-1.216907319682551,-1.201458393403556,-1.1014999038881714,-1.1065992261693647,-1.0964005816069782,0.10768295265488188,0.10489922049678554,0.11046668481297822,0.012007919483170034,0.009360983982445186,0.014654854983894882,supported,inconclusive,reversed,False,selection_gap;served_rate,reversed
H5B0201,S169,sobol_symmetric,2.0,0.1,16,32.0,3.2,28.8,14,14,0.3,0.3,12,12,0.5,0.5,0.5,0.7,9,9,0.0,0.0,0.3,0.3,0.1,0.6,True,20,0.0,0.0,0.0,0.0,0.0,0.0,0.0,0.0,0.0,0.0,0.0,0.0,0.0,0.0,0.0,inconclusive,inconclusive,inconclusive,False,insufficient_post_threshold_offer_exposure,inactive
H5B0202,S170,sobol_symmetric,0.8,0.9,64,51.2,46.080000000000005,5.119999999999999,28,28,0.0,0.0,4,4,0.0,0.0,0.0,0.3,4,4,0.3,0.3,0.5,0.5,0.1,0.1,True,20,0.0,0.0,0.0,0.0,0.0,0.0,0.0,0.0,0.0,0.0,0.0,0.0,0.0,0.0,0.0,inconclusive,inconclusive,inconclusive,False,insufficient_post_threshold_offer_exposure,inactive
H5B0202,S170,sobol_symmetric,0.8,0.9,64,51.2,46.080000000000005,5.119999999999999,28,28,0.0,0.0,4,4,0.0,0.0,0.0,0.3,4,4,0.3,0.3,0.5,0.5,0.3,0.3,True,20,0.0,0.0,0.0,0.0,0.0,0.0,0.0,0.0,0.0,0.0,0.0,0.0,0.0,0.0,0.0,inconclusive,inconclusive,inconclusive,False,insufficient_post_threshold_offer_exposure,inactive
H5B0202,S170,sobol_symmetric,0.8,0.9,64,51.2,46.080000000000005,5.119999999999999,28,28,0.0,0.0,4,4,0.0,0.0,0.0,0.3,4,4,0.3,0.3,0.5,0.5,0.5,0.5,False,20,0.0,0.0,0.0,0.0,0.0,0.0,0.0,0.0,0.0,0.0,0.0,0.0,0.0,0.0,0.0,inconclusive,inconclusive,inconclusive,False,insufficient_post_threshold_offer_exposure,inactive
H5B0203,S171,sobol_symmetric,1.25,0.3,32,40.0,12.0,28.0,7,7,0.1,0.1,4,4,0.3,0.3,0.3,0.3,4,4,0.7,0.7,0.7,0.7,0.1,0.4,True,20,0.0,0.0,0.0,0.0,0.0,0.0,0.0,0.0,0.0,0.0,0.0,0.0,0.0,0.0,0.0,inconclusive,inconclusive,inconclusive,False,insufficient_post_threshold_offer_exposure,inactive
H5B0203,S171,sobol_symmetric,1.25,0.3,32,40.0,12.0,28.0,7,7,0.1,0.1,4,4,0.3,0.3,0.3,0.3,4,4,0.7,0.7,0.7,0.7,0.3,0.6,True,20,0.0,0.0,0.0,0.0,0.0,0.0,0.0,0.0,0.0,0.0,0.0,0.0,0.0,0.0,0.0,inconclusive,inconclusive,inconclusive,False,insufficient_post_threshold_offer_exposure,inactive
H5B0204,S172,sobol_symmetric,4.0,0.7,64,256.0,179.2,76.80000000000001,21,21,0.5,0.5,9,9,0.1,0.1,0.1,0.3,12,12,0.0,0.0,0.7,0.7,0.1,0.2,True,20,0.0,0.0,0.0,0.0,0.0,0.0,0.0,0.0,0.0,0.0,0.0,0.0,0.0,0.0,0.0,inconclusive,inconclusive,inconclusive,False,insufficient_post_threshold_offer_exposure,inactive
H5B0204,S172,sobol_symmetric,4.0,0.7,64,256.0,179.2,76.80000000000001,21,21,0.5,0.5,9,9,0.1,0.1,0.1,0.3,12,12,0.0,0.0,0.7,0.7,0.3,0.4,True,20,0.0,0.0,0.0,0.0,0.0,0.0,0.0,0.0,0.0,0.0,0.0,0.0,0.0,0.0,0.0,inconclusive,inconclusive,inconclusive,False,insufficient_post_threshold_offer_exposure,inactive
H5B0204,S172,sobol_symmetric,4.0,0.7,64,256.0,179.2,76.80000000000001,21,21,0.5,0.5,9,9,0.1,0.1,0.1,0.3,12,12,0.0,0.0,0.7,0.7,0.5,0.6,False,20,0.0,0.0,0.0,0.0,0.0,0.0,0.0,0.0,0.0,0.0,0.0,0.0,0.0,0.0,0.0,inconclusive,inconclusive,inconclusive,False,insufficient_post_threshold_offer_exposure,inactive
H5B0205,S173,sobol_symmetric,4.0,0.5,64,256.0,128.0,128.0,21,21,0.5,0.5,12,12,0.1,0.1,0.1,0.7,6,6,0.5,0.5,0.5,0.5,0.1,0.2,True,20,0.0,0.0,0.0,0.0,0.0,0.0,0.0,0.0,0.0,0.0,0.0,0.0,0.0,0.0,0.0,inconclusive,inconclusive,inconclusive,False,insufficient_post_threshold_offer_exposure,inactive
H5B0205,S173,sobol_symmetric,4.0,0.5,64,256.0,128.0,128.0,21,21,0.5,0.5,12,12,0.1,0.1,0.1,0.7,6,6,0.5,0.5,0.5,0.5,0.3,0.4,True,20,0.0,0.0,0.0,0.0,0.0,0.0,0.0,0.0,0.0,0.0,0.0,0.0,0.0,0.0,0.0,inconclusive,inconclusive,inconclusive,False,insufficient_post_threshold_offer_exposure,inactive
H5B0205,S173,sobol_symmetric,4.0,0.5,64,256.0,128.0,128.0,21,21,0.5,0.5,12,12,0.1,0.1,0.1,0.7,6,6,0.5,0.5,0.5,0.5,0.5,0.6,False,20,0.0,0.0,0.0,0.0,0.0,0.0,0.0,0.0,0.0,0.0,0.0,0.0,0.0,0.0,0.0,inconclusive,inconclusive,inconclusive,False,insufficient_post_threshold_offer_exposure,inactive
H5B0206,S174,sobol_symmetric,2.0,0.7,16,32.0,22.4,9.6,7,7,0.1,0.1,4,4,0.0,0.0,0.0,0.7,4,4,0.0,0.0,0.5,0.5,0.1,0.1,True,20,0.810754933461269,0.7903334446322036,0.8311764222903345,-0.11895413477925394,-0.1318813949869957,-0.1060268745715122,-0.06076573743502629,-0.07370411066239779,-0.0478273642076548,0.05818839734422765,0.056280308506837656,0.06009648618161764,-0.0035627301676672773,-0.006495248550556677,-0.0006302117847778775,inconclusive,inconclusive,inconclusive,False,accepted_delay;selection_gap;served_rate,inconclusive
H5B0206,S174,sobol_symmetric,2.0,0.7,16,32.0,22.4,9.6,7,7,0.1,0.1,4,4,0.0,0.0,0.0,0.7,4,4,0.0,0.0,0.5,0.5,0.3,0.3,True,20,0.7573055208378914,0.7488549920457366,0.7657560496300462,-0.7017643538946088,-0.7264290307061926,-0.677099677083025,-0.5295721420078525,-0.5529495405269533,-0.5061947434887517,0.17219221188675626,0.16981684978363912,0.1745675739898734,0.012013342832462724,0.007677608632624555,0.01634907703230089,supported,inconclusive,reversed,False,selection_gap;served_rate,reversed
H5B0206,S174,sobol_symmetric,2.0,0.7,16,32.0,22.4,9.6,7,7,0.1,0.1,4,4,0.0,0.0,0.0,0.7,4,4,0.0,0.0,0.5,0.5,0.5,0.5,False,20,0.6084017684147074,0.6027691103687102,0.6140344264607046,-1.068713503070212,-1.0854441389068679,-1.051982867233556,-0.774823663806679,-0.7896069992999291,-0.7600403283134289,0.2938898392635329,0.2912176441250438,0.296562034402022,0.04825836513944361,0.044852412769429625,0.05166431750945759,supported,supported,reversed,False,served_rate,reversed
H5B0207,S175,sobol_symmetric,0.8,0.1,32,25.6,2.5600000000000005,23.040000000000003,28,28,0.0,0.0,6,6,0.3,0.3,0.3,0.7,9,9,0.0,0.0,0.0,0.0,0.1,0.4,True,20,0.0,0.0,0.0,0.0,0.0,0.0,0.0,0.0,0.0,0.0,0.0,0.0,0.0,0.0,0.0,inconclusive,inconclusive,inconclusive,False,insufficient_post_threshold_offer_exposure,inactive
H5B0207,S175,sobol_symmetric,0.8,0.1,32,25.6,2.5600000000000005,23.040000000000003,28,28,0.0,0.0,6,6,0.3,0.3,0.3,0.7,9,9,0.0,0.0,0.0,0.0,0.3,0.6,True,20,0.0,0.0,0.0,0.0,0.0,0.0,0.0,0.0,0.0,0.0,0.0,0.0,0.0,0.0,0.0,inconclusive,inconclusive,inconclusive,False,insufficient_post_threshold_offer_exposure,inactive
H5B0208,S176,sobol_symmetric,3.1,0.9,32,99.2,89.28,9.919999999999998,14,14,0.3,0.3,9,9,0.0,0.0,0.0,0.0,4,4,0.3,0.3,0.5,0.5,0.1,0.1,True,20,0.002146813928935059,0.0013850730899989615,0.0029085547678711567,-0.0004048532659442383,-0.0217228752665075,0.02091316873461902,0.000598015410775643,-0.020830012120292174,0.02202604294184346,0.0010028686767198814,0.0006476458021258889,0.001358091551313874,-0.00028970833310367345,-0.001484558616145876,0.0009051419499385292,inconclusive,inconclusive,inconclusive,False,insufficient_post_threshold_offer_exposure,inactive
H5B0208,S176,sobol_symmetric,3.1,0.9,32,99.2,89.28,9.919999999999998,14,14,0.3,0.3,9,9,0.0,0.0,0.0,0.0,4,4,0.3,0.3,0.5,0.5,0.3,0.3,True,20,0.001906738064182414,0.0013443443913469025,0.0024691317370179253,-0.007579649346942397,-0.025368513861772798,0.010209215167888006,-0.004898683737746578,-0.02277897246607896,0.012981604990585807,0.002680965609195818,0.0018915797845106448,0.003470351433880991,-0.0007051941104888146,-0.0017074487705028547,0.0002970605495252255,inconclusive,inconclusive,inconclusive,False,insufficient_post_threshold_offer_exposure,inactive
H5B0208,S176,sobol_symmetric,3.1,0.9,32,99.2,89.28,9.919999999999998,14,14,0.3,0.3,9,9,0.0,0.0,0.0,0.0,4,4,0.3,0.3,0.5,0.5,0.5,0.5,False,20,0.0019624306971524137,0.001461714957331963,0.0024631464369728644,-0.012263816129040261,-0.03646170877379849,0.011934076515717974,-0.007664889769908534,-0.03184700434354728,0.01651722480373021,0.0045989263591317275,0.003433349876572806,0.005764502841690649,-0.0004250022777232451,-0.001595485787085699,0.0007454812316392088,inconclusive,inconclusive,inconclusive,False,insufficient_post_threshold_offer_exposure,inactive
H5B0209,S177,sobol_symmetric,3.1,0.1,64,198.4,19.840000000000003,178.56,21,21,0.1,0.1,4,4,0.0,0.0,0.0,0.7,9,9,0.3,0.3,0.7,0.7,0.1,0.1,True,20,0.8495402354618244,0.8351278319689264,0.8639526389547225,-0.1281450142403909,-0.14610728891074168,-0.11018273957004014,-0.09522424284828887,-0.11308594309641035,-0.0773625426001674,0.03292077139210203,0.032191227146321166,0.0336503156378829,-0.03366931252460411,-0.0370692952938615,-0.030269329755346724,inconclusive,inconclusive,supported,False,accepted_delay;selection_gap,inconclusive
H5B0209,S177,sobol_symmetric,3.1,0.1,64,198.4,19.840000000000003,178.56,21,21,0.1,0.1,4,4,0.0,0.0,0.0,0.7,9,9,0.3,0.3,0.7,0.7,0.3,0.3,True,20,0.8359792586029643,0.8256010087202712,0.8463575084856574,-0.2930201752961152,-0.3109112301196385,-0.27512912047259186,-0.17054905896590591,-0.18787022608541906,-0.15322789184639277,0.12247111633020928,0.12061112792858307,0.12433110473183549,-0.10483041140500685,-0.10842152231842399,-0.1012393004915897,supported,inconclusive,supported,False,selection_gap,inconclusive
H5B0209,S177,sobol_symmetric,3.1,0.1,64,198.4,19.840000000000003,178.56,21,21,0.1,0.1,4,4,0.0,0.0,0.0,0.7,9,9,0.3,0.3,0.7,0.7,0.5,0.5,False,20,0.8180793103056134,0.8123753942292414,0.8237832263819854,-0.47092090820978605,-0.4834780096081656,-0.4583638068114065,-0.20713754820025465,-0.2197151635549013,-0.194559932845608,0.26378336000953145,0.2600310809117537,0.2675356391073092,-0.1738836643486855,-0.17766157342905056,-0.17010575526832042,supported,supported,supported,True,,supported
H5B0210,S178,sobol_symmetric,0.8,0.9,16,12.8,11.52,1.2799999999999998,7,7,0.5,0.5,4,4,0.1,0.1,0.1,0.7,4,4,0.0,0.0,0.3,0.3,0.1,0.2,True,20,0.0,0.0,0.0,0.0,0.0,0.0,0.0,0.0,0.0,0.0,0.0,0.0,0.0,0.0,0.0,inconclusive,inconclusive,inconclusive,False,insufficient_post_threshold_offer_exposure,inactive
H5B0210,S178,sobol_symmetric,0.8,0.9,16,12.8,11.52,1.2799999999999998,7,7,0.5,0.5,4,4,0.1,0.1,0.1,0.7,4,4,0.0,0.0,0.3,0.3,0.3,0.4,True,20,0.0,0.0,0.0,0.0,0.0,0.0,0.0,0.0,0.0,0.0,0.0,0.0,0.0,0.0,0.0,inconclusive,inconclusive,inconclusive,False,insufficient_post_threshold_offer_exposure,inactive
H5B0210,S178,sobol_symmetric,0.8,0.9,16,12.8,11.52,1.2799999999999998,7,7,0.5,0.5,4,4,0.1,0.1,0.1,0.7,4,4,0.0,0.0,0.3,0.3,0.5,0.6,False,20,0.0,0.0,0.0,0.0,0.0,0.0,0.0,0.0,0.0,0.0,0.0,0.0,0.0,0.0,0.0,inconclusive,inconclusive,inconclusive,False,insufficient_post_threshold_offer_exposure,inactive
H5B0211,S179,sobol_symmetric,2.0,0.5,64,128.0,64.0,64.0,28,28,0.3,0.3,9,9,0.0,0.0,0.0,0.1,6,6,0.0,0.0,0.7,0.7,0.1,0.1,True,20,0.0,0.0,0.0,0.0,0.0,0.0,0.0,0.0,0.0,0.0,0.0,0.0,0.0,0.0,0.0,inconclusive,inconclusive,inconclusive,False,insufficient_post_threshold_offer_exposure,inactive
H5B0211,S179,sobol_symmetric,2.0,0.5,64,128.0,64.0,64.0,28,28,0.3,0.3,9,9,0.0,0.0,0.0,0.1,6,6,0.0,0.0,0.7,0.7,0.3,0.3,True,20,0.0,0.0,0.0,0.0,0.0,0.0,0.0,0.0,0.0,0.0,0.0,0.0,0.0,0.0,0.0,inconclusive,inconclusive,inconclusive,False,insufficient_post_threshold_offer_exposure,inactive
H5B0211,S179,sobol_symmetric,2.0,0.5,64,128.0,64.0,64.0,28,28,0.3,0.3,9,9,0.0,0.0,0.0,0.1,6,6,0.0,0.0,0.7,0.7,0.5,0.5,False,20,0.0,0.0,0.0,0.0,0.0,0.0,0.0,0.0,0.0,0.0,0.0,0.0,0.0,0.0,0.0,inconclusive,inconclusive,inconclusive,False,insufficient_post_threshold_offer_exposure,inactive
H5B0212,S180,sobol_symmetric,4.0,0.5,16,64.0,32.0,32.0,14,14,0.0,0.0,6,6,0.5,0.5,0.5,0.7,12,12,0.7,0.7,0.7,0.7,0.1,0.6,True,20,1.0,1.0,1.0,-0.009694322251886956,-0.011086588489418967,-0.008302056014354945,-0.009929062550911017,-0.01133498995713084,-0.008523135144691194,-0.000234740299024061,-0.000983146990123426,0.000513666392075304,-0.0076740072863194925,-0.00935050560608228,-0.005997508966556704,inconclusive,inconclusive,supported,False,accepted_delay;selection_gap,inconclusive
H5B0213,S181,sobol_symmetric,4.0,0.3,16,64.0,19.2,44.8,14,14,0.0,0.0,4,4,0.0,0.0,0.0,0.5,6,6,0.0,0.0,0.5,0.5,0.1,0.1,True,20,0.9861291608327003,0.9755667710662607,0.9966915505991399,0.0,0.0,0.0,0.0,0.0,0.0,0.0,0.0,0.0,-0.011981665930005457,-0.015122493274253029,-0.008840838585757885,inconclusive,inconclusive,supported,False,accepted_delay;selection_gap,inconclusive
H5B0213,S181,sobol_symmetric,4.0,0.3,16,64.0,19.2,44.8,14,14,0.0,0.0,4,4,0.0,0.0,0.0,0.5,6,6,0.0,0.0,0.5,0.5,0.3,0.3,True,20,1.0,1.0,1.0,0.0,0.0,0.0,0.0,0.0,0.0,0.0,0.0,0.0,-0.03614499480525722,-0.03911484524079877,-0.03317514436971567,inconclusive,inconclusive,supported,False,accepted_delay;selection_gap,inconclusive
H5B0213,S181,sobol_symmetric,4.0,0.3,16,64.0,19.2,44.8,14,14,0.0,0.0,4,4,0.0,0.0,0.0,0.5,6,6,0.0,0.0,0.5,0.5,0.5,0.5,False,20,1.0,1.0,1.0,0.0,0.0,0.0,-2.8536251910527e-05,-6.964444407392908e-05,1.257194025287508e-05,-2.8536251910527e-05,-6.964444407392908e-05,1.257194025287508e-05,-0.0674845742381794,-0.0705636618855118,-0.064405486590847,inconclusive,inconclusive,supported,False,accepted_delay;selection_gap,inconclusive
H5B0215,S183,sobol_symmetric,0.8,0.1,32,25.6,2.5600000000000005,23.040000000000003,7,7,0.5,0.5,4,4,0.1,0.1,0.1,0.5,4,4,0.3,0.3,0.5,0.5,0.1,0.2,True,20,0.0,0.0,0.0,0.0,0.0,0.0,0.0,0.0,0.0,0.0,0.0,0.0,0.0,0.0,0.0,inconclusive,inconclusive,inconclusive,False,insufficient_post_threshold_offer_exposure,inactive
H5B0215,S183,sobol_symmetric,0.8,0.1,32,25.6,2.5600000000000005,23.040000000000003,7,7,0.5,0.5,4,4,0.1,0.1,0.1,0.5,4,4,0.3,0.3,0.5,0.5,0.3,0.4,True,20,0.0,0.0,0.0,0.0,0.0,0.0,0.0,0.0,0.0,0.0,0.0,0.0,0.0,0.0,0.0,inconclusive,inconclusive,inconclusive,False,insufficient_post_threshold_offer_exposure,inactive
H5B0215,S183,sobol_symmetric,0.8,0.1,32,25.6,2.5600000000000005,23.040000000000003,7,7,0.5,0.5,4,4,0.1,0.1,0.1,0.5,4,4,0.3,0.3,0.5,0.5,0.5,0.6,False,20,0.0,0.0,0.0,0.0,0.0,0.0,0.0,0.0,0.0,0.0,0.0,0.0,0.0,0.0,0.0,inconclusive,inconclusive,inconclusive,False,insufficient_post_threshold_offer_exposure,inactive
H5B0216,S184,sobol_symmetric,2.0,0.9,32,64.0,57.6,6.399999999999999,21,21,0.1,0.1,6,6,0.3,0.3,0.3,0.5,4,4,0.0,0.0,0.0,0.0,0.1,0.4,True,20,0.004683699709024422,-0.0020391055999498496,0.011406505017998694,-0.010722520345237773,-0.038367341003008586,0.016922300312533042,-0.00966781866825377,-0.0381536084481396,0.01881797111163206,0.0010547016769840046,-0.0025446458308864993,0.004654049184854509,0.0007358362924048068,-0.0005806112474312286,0.002052283832240842,inconclusive,inconclusive,inconclusive,False,insufficient_post_threshold_offer_exposure,inactive
H5B0216,S184,sobol_symmetric,2.0,0.9,32,64.0,57.6,6.399999999999999,21,21,0.1,0.1,6,6,0.3,0.3,0.3,0.5,4,4,0.0,0.0,0.0,0.0,0.3,0.6,True,20,0.004461941285531262,0.0015458594775274396,0.007378023093535085,-0.004071362185100647,-0.03673260430902056,0.02858987993881927,-0.00249722803921375,-0.03588434913373174,0.03088989305530424,0.0015741341458868964,-0.0002990583082930411,0.0034473266000668336,-0.00035365297065126643,-0.0018247162139182515,0.0011174102726157185,inconclusive,inconclusive,inconclusive,False,insufficient_post_threshold_offer_exposure,inactive
H5B0217,S185,sobol_symmetric,3.1,0.5,32,99.2,49.6,49.6,28,28,0.5,0.5,6,6,0.0,0.0,0.0,0.3,6,6,0.0,0.0,0.3,0.3,0.1,0.1,True,20,0.0014625639838868752,0.0009515948709371868,0.0019735330968365635,-0.011210656361054139,-0.023381142337150995,0.0009598296150427187,-0.010692817899855721,-0.02280762237932845,0.0014219865796170055,0.0005178384611984165,0.0003373403923233187,0.0006983365300735144,0.0014483294945646125,-0.00035142077810288884,0.003248079767232114,inconclusive,inconclusive,inconclusive,False,insufficient_post_threshold_offer_exposure,inactive
H5B0217,S185,sobol_symmetric,3.1,0.5,32,99.2,49.6,49.6,28,28,0.5,0.5,6,6,0.0,0.0,0.0,0.3,6,6,0.0,0.0,0.3,0.3,0.3,0.3,True,20,0.0016290951908278183,0.001246938521155821,0.0020112518604998154,-0.012711667421262573,-0.02529753027132664,-0.00012580457119850535,-0.010984301061928603,-0.023763556241617197,0.0017949541177599906,0.0017273663593339705,0.0013249247504171489,0.002129807968250792,0.0017295552198217518,-0.00032682462038004364,0.003785935060023547,inconclusive,inconclusive,inconclusive,False,insufficient_post_threshold_offer_exposure,inactive
H5B0217,S185,sobol_symmetric,3.1,0.5,32,99.2,49.6,49.6,28,28,0.5,0.5,6,6,0.0,0.0,0.0,0.3,6,6,0.0,0.0,0.3,0.3,0.5,0.5,False,20,0.0016119726109577494,0.0012194869400519285,0.0020044582818635704,-0.01683150371100779,-0.030557719298227953,-0.0031052881237876254,-0.013980314124018168,-0.027964279851582736,3.651603546398971e-06,0.002851189586989622,0.0021583301853244268,0.003544048988654817,0.002132161549966413,0.0003084664576087075,0.003955856642324119,inconclusive,inconclusive,inconclusive,False,insufficient_post_threshold_offer_exposure,inactive
H5B0218,S186,sobol_symmetric,0.8,0.5,32,25.6,12.8,12.8,14,14,0.1,0.1,9,9,0.5,0.5,0.5,0.7,12,12,0.5,0.5,0.7,0.7,0.1,0.6,True,20,0.0,0.0,0.0,0.0,0.0,0.0,0.0,0.0,0.0,0.0,0.0,0.0,0.0,0.0,0.0,inconclusive,inconclusive,inconclusive,False,insufficient_post_threshold_offer_exposure,inactive
H5B0219,S187,sobol_symmetric,1.25,0.1,16,20.0,2.0,18.0,21,21,0.0,0.0,12,12,0.1,0.1,0.1,0.1,9,9,0.3,0.3,0.3,0.3,0.1,0.2,True,20,0.848929531933547,0.7931613148229418,0.9046977490441522,-0.28332373353995666,-0.439805524592756,-0.1268419424871573,-0.047571777597959566,-0.21429236605983265,0.1191488108639135,0.23575195594199708,0.2015272178924445,0.26997669399154967,-0.04661192624538778,-0.05798667110976623,-0.03523718138100933,supported,inconclusive,supported,False,selection_gap,inconclusive
H5B0219,S187,sobol_symmetric,1.25,0.1,16,20.0,2.0,18.0,21,21,0.0,0.0,12,12,0.1,0.1,0.1,0.1,9,9,0.3,0.3,0.3,0.3,0.3,0.4,True,20,0.806299515658711,0.7720841918900748,0.8405148394273473,-0.9369348771994742,-1.0950698262895084,-0.7787999281094401,-0.17304631077978297,-0.34274612921248415,-0.003346492347081814,0.7638885664196912,0.6831647690035438,0.8446123638358385,-0.14470650585061712,-0.15826112517134022,-0.131151886529894,supported,supported,supported,True,,supported
H5B0219,S187,sobol_symmetric,1.25,0.1,16,20.0,2.0,18.0,21,21,0.0,0.0,12,12,0.1,0.1,0.1,0.1,9,9,0.3,0.3,0.3,0.3,0.5,0.6,False,20,0.8157076598611235,0.7794062076543907,0.8520091120678562,-2.1251045530458628,-2.3703566457674126,-1.879852460324313,-0.5765720748111807,-0.8244145448896021,-0.3287296047327592,1.5485324782346819,1.4236185458952668,1.673446410574097,-0.23468122221772836,-0.24949069258903148,-0.21987175184642524,supported,supported,supported,False,,supported
H5B0220,S188,sobol_symmetric,3.1,0.9,64,198.4,178.56,19.84,7,7,0.3,0.3,4,4,0.3,0.3,0.3,0.3,4,4,0.0,0.0,0.1,0.1,0.1,0.4,True,20,0.31636990512969004,0.3006936658091248,0.33204614445025527,-0.16872886714574797,-0.1782029536529194,-0.15925478063857654,-0.09693000605907645,-0.10765397809491176,-0.08620603402324115,0.07179886108667152,0.06946159796644306,0.07413612420689998,0.00048254109298379586,-0.0004281296573731342,0.001393211843340726,inconclusive,inconclusive,inconclusive,False,accepted_delay;selection_gap;served_rate,inconclusive
H5B0220,S188,sobol_symmetric,3.1,0.9,64,198.4,178.56,19.84,7,7,0.3,0.3,4,4,0.3,0.3,0.3,0.3,4,4,0.0,0.0,0.1,0.1,0.3,0.6,True,20,0.22008067002025986,0.21494393354783464,0.22521740649268507,-0.37011768574384624,-0.37901148359327036,-0.3612238878944221,-0.20063091980564293,-0.20976157208182072,-0.19150026752946514,0.1694867659382033,0.16707485048771756,0.17189868138868905,0.002036159658802034,0.0012081668776714074,0.00286415243993266,supported,inconclusive,inconclusive,False,selection_gap;served_rate,inconclusive
H5B0221,S189,sobol_symmetric,4.0,0.3,64,256.0,76.8,179.2,7,7,0.3,0.3,4,4,0.0,0.0,0.0,0.7,4,4,0.5,0.5,0.5,0.5,0.1,0.1,True,20,0.7037962318643127,0.694339503859742,0.7132529598688835,-0.061023380685152694,-0.06921290600269887,-0.052833855367606514,0.013542270861135953,0.005372407195123706,0.0217121345271482,0.07456565154628865,0.07349596227906428,0.07563534081351302,-0.0018154035922871652,-0.003329989096240782,-0.0003008180883335484,inconclusive,inconclusive,inconclusive,False,accepted_delay;selection_gap;served_rate,inconclusive
H5B0221,S189,sobol_symmetric,4.0,0.3,64,256.0,76.8,179.2,7,7,0.3,0.3,4,4,0.0,0.0,0.0,0.7,4,4,0.5,0.5,0.5,0.5,0.3,0.3,True,20,0.7207589963833259,0.7174449822908785,0.7240730104757732,-0.3473424057639959,-0.3568371172617421,-0.33784769426624967,-0.10950449465798373,-0.11896664909149765,-0.10004234022446981,0.23783791110601213,0.23672889490759982,0.23894692730442443,-0.007737936622821309,-0.009090578963583342,-0.0063852942820592775,supported,inconclusive,supported,False,selection_gap,inconclusive
H5B0221,S189,sobol_symmetric,4.0,0.3,64,256.0,76.8,179.2,7,7,0.3,0.3,4,4,0.0,0.0,0.0,0.7,4,4,0.5,0.5,0.5,0.5,0.5,0.5,False,20,0.7186190175278628,0.714999196598277,0.7222388384574486,-0.7966016010402215,-0.8047697457393502,-0.7884334563410927,-0.37609032489504185,-0.38405966354831655,-0.36812098624176715,0.42051127614517964,0.41874715489559267,0.4222753973947666,-0.016837460463563353,-0.01816662878776907,-0.015508292139357636,supported,supported,supported,False,,supported
H5B0222,S190;X057,sobol_symmetric,2.0,0.7,16,32.0,22.4,9.6,21,21,0.0,0.0,9,9,0.1,0.1,0.1,0.5,4,4,0.0,0.0,0.1,0.1,0.1,0.2,True,20,0.9981312670920692,0.9942199641645059,1.0020425700196327,-0.04583259628019789,-0.06447495924258159,-0.027190233317814186,-0.046284138281877676,-0.06481452859511229,-0.02775374796864306,-0.0004515420016797833,-0.0012379481095070887,0.00033486410614752207,-0.00893389016871125,-0.012594118491030537,-0.0052736618463919615,inconclusive,inconclusive,supported,False,accepted_delay;selection_gap,inconclusive
H5B0222,S190;X057,sobol_symmetric,2.0,0.7,16,32.0,22.4,9.6,21,21,0.0,0.0,9,9,0.1,0.1,0.1,0.5,4,4,0.0,0.0,0.1,0.1,0.3,0.4,True,20,1.0,1.0,1.0,-0.7831297339830204,-0.9025413449243175,-0.6637181230417234,-0.7786240592855013,-0.8955918805827613,-0.6616562379882412,0.004505674697519169,-0.003869245459709021,0.012880594854747358,-0.035988765445425994,-0.04007228474784785,-0.031905246143004135,supported,inconclusive,supported,False,selection_gap,inconclusive
H5B0222,S190;X057,sobol_symmetric,2.0,0.7,16,32.0,22.4,9.6,21,21,0.0,0.0,9,9,0.1,0.1,0.1,0.5,4,4,0.0,0.0,0.1,0.1,0.5,0.6,False,20,1.0,1.0,1.0,-10.221754056445498,-10.242940698196897,-10.200567414694099,-10.081331481687986,-10.10063927985478,-10.062023683521192,0.14042257475750847,0.13705118833739166,0.14379396117762527,-0.07836501910519879,-0.08119495729255997,-0.0755350809178376,supported,inconclusive,supported,False,selection_gap,inconclusive
H5B0223,S191,sobol_symmetric,1.25,0.3,64,80.0,24.0,56.0,14,14,0.1,0.1,12,12,0.0,0.0,0.0,0.0,6,6,0.3,0.3,0.3,0.3,0.1,0.1,True,20,0.0,0.0,0.0,0.0,0.0,0.0,0.0,0.0,0.0,0.0,0.0,0.0,0.0,0.0,0.0,inconclusive,inconclusive,inconclusive,False,insufficient_post_threshold_offer_exposure,inactive
H5B0223,S191,sobol_symmetric,1.25,0.3,64,80.0,24.0,56.0,14,14,0.1,0.1,12,12,0.0,0.0,0.0,0.0,6,6,0.3,0.3,0.3,0.3,0.3,0.3,True,20,0.0,0.0,0.0,0.0,0.0,0.0,0.0,0.0,0.0,0.0,0.0,0.0,0.0,0.0,0.0,inconclusive,inconclusive,inconclusive,False,insufficient_post_threshold_offer_exposure,inactive
H5B0223,S191,sobol_symmetric,1.25,0.3,64,80.0,24.0,56.0,14,14,0.1,0.1,12,12,0.0,0.0,0.0,0.0,6,6,0.3,0.3,0.3,0.3,0.5,0.5,False,20,0.0,0.0,0.0,0.0,0.0,0.0,0.0,0.0,0.0,0.0,0.0,0.0,0.0,0.0,0.0,inconclusive,inconclusive,inconclusive,False,insufficient_post_threshold_offer_exposure,inactive
H5B0224,S192,sobol_symmetric,3.1,0.7,16,49.6,34.72,14.880000000000004,28,28,0.5,0.5,4,4,0.3,0.3,0.3,0.7,12,12,0.5,0.5,0.7,0.7,0.1,0.4,True,20,0.030028928113052532,0.012978327201898968,0.0470795290242061,-0.0015554967364360905,-0.013131006538573967,0.010020013065701786,0.001318033539996022,-0.011453909386993052,0.014089976466985095,0.0028735302764321125,-0.0013314836931265844,0.007078544245990809,-0.00011908838847143056,-0.002550294002195471,0.00231211722525261,inconclusive,inconclusive,inconclusive,False,accepted_delay;selection_gap;served_rate,inconclusive
H5B0224,S192,sobol_symmetric,3.1,0.7,16,49.6,34.72,14.880000000000004,28,28,0.5,0.5,4,4,0.3,0.3,0.3,0.7,12,12,0.5,0.5,0.7,0.7,0.3,0.6,True,20,0.015096062080975272,0.008397819327632365,0.021794304834318177,-0.01049235332771592,-0.023234358979829912,0.002249652324398072,0.0005121159514083651,-0.011076796796542616,0.012101028699359348,0.011004469279124286,0.006875867419993649,0.015133071138254923,0.00015862039209166984,-0.0016545431400094108,0.0019717839241927505,inconclusive,inconclusive,inconclusive,False,accepted_delay;selection_gap;served_rate,inconclusive
H5B0226,S194,sobol_symmetric,1.25,0.5,16,20.0,10.0,10.0,28,28,0.0,0.0,9,9,0.0,0.0,0.0,0.5,6,6,0.0,0.0,0.0,0.0,0.1,0.1,True,20,0.6689771094524164,0.6464456172656017,0.6915086016392311,-0.252387253664102,-0.30627659791553347,-0.19849790941267048,-0.22486313287469484,-0.2789441482153964,-0.17078211753399325,0.027524120789407115,0.02627347543492076,0.02877476614389347,-0.0664314063083196,-0.06867253558422629,-0.06419027703241292,supported,inconclusive,supported,False,selection_gap,inconclusive
H5B0226,S194,sobol_symmetric,1.25,0.5,16,20.0,10.0,10.0,28,28,0.0,0.0,9,9,0.0,0.0,0.0,0.5,6,6,0.0,0.0,0.0,0.0,0.3,0.3,True,20,0.4830392967779032,0.468534136390419,0.49754445716538737,-0.5174634058397377,-0.5779368933441947,-0.4569899183352807,-0.4247870985477946,-0.4848396628152744,-0.3647345342803148,0.09267630729194307,0.09001345991093673,0.0953391546729494,-0.1448330218372384,-0.14907710306253338,-0.1405889406119434,supported,inconclusive,supported,False,selection_gap,inconclusive
H5B0226,S194,sobol_symmetric,1.25,0.5,16,20.0,10.0,10.0,28,28,0.0,0.0,9,9,0.0,0.0,0.0,0.5,6,6,0.0,0.0,0.0,0.0,0.5,0.5,False,20,0.3998140226203984,0.3882358126002881,0.41139223264050867,-0.6686879077158193,-0.7279074193683404,-0.6094683960632983,-0.5124700051786168,-0.5713812874022197,-0.453558722955014,0.1562179025372024,0.15265891887605665,0.15977688619834818,-0.19894186233886726,-0.2040904630660839,-0.19379326161165064,supported,inconclusive,supported,False,selection_gap,inconclusive
H5B0227,S195,sobol_symmetric,2.0,0.1,32,64.0,6.4,57.6,7,7,0.1,0.1,4,4,0.3,0.3,0.3,0.5,4,4,0.0,0.0,0.5,0.5,0.1,0.4,True,20,0.18964190647058105,0.12440932801572001,0.25487448492544207,-0.04080595117508066,-0.05807542772679128,-0.023536474623370034,-0.009027214338211654,-0.0268493900209854,0.008794961344562096,0.031778736836869007,0.021093520077509715,0.0424639535962283,-0.007258641238768704,-0.016159475273709995,0.0016421927961725868,inconclusive,inconclusive,inconclusive,False,accepted_delay;selection_gap;served_rate,inconclusive
H5B0227,S195,sobol_symmetric,2.0,0.1,32,64.0,6.4,57.6,7,7,0.1,0.1,4,4,0.3,0.3,0.3,0.5,4,4,0.0,0.0,0.5,0.5,0.3,0.6,True,20,0.22656887846562213,0.19997698994419227,0.253160766987052,-0.14404223044510597,-0.16303459324514089,-0.12504986764507106,-0.017898120212819425,-0.03844827074633263,0.0026520303206937768,0.12614411023228655,0.11549019577906176,0.13679802468551136,-0.0186400692726093,-0.026524566854683948,-0.010755571690534649,inconclusive,inconclusive,supported,False,accepted_delay;selection_gap,inconclusive
H5B0228,S196,sobol_symmetric,4.0,0.9,16,64.0,57.6,6.399999999999999,21,21,0.5,0.5,4,4,0.1,0.1,0.1,0.5,9,9,0.5,0.5,0.5,0.5,0.1,0.2,True,20,0.4327336666313676,0.41914288771408803,0.44632444554864714,-0.17734904491835723,-0.19506140407520592,-0.15963668576150855,-0.08968871372327654,-0.1068641290355168,-0.07251329841103628,0.0876603311950807,0.08464852543502131,0.09067213695514008,0.000144815342006447,-0.0010263350934397815,0.0013159657774526755,inconclusive,inconclusive,inconclusive,False,accepted_delay;selection_gap;served_rate,inconclusive
H5B0228,S196,sobol_symmetric,4.0,0.9,16,64.0,57.6,6.399999999999999,21,21,0.5,0.5,4,4,0.1,0.1,0.1,0.5,9,9,0.5,0.5,0.5,0.5,0.3,0.4,True,20,0.426338802668742,0.42103231346195885,0.4316452918755252,-0.5173947062768336,-0.531148451322151,-0.5036409612315161,-0.2631947161966205,-0.27748075463345223,-0.24890867775978875,0.25419999008021305,0.2517374034527056,0.25666257670772047,0.00011778979156572972,-0.0008531210713626354,0.001088700654494095,supported,supported,inconclusive,False,served_rate,inconclusive
H5B0228,S196,sobol_symmetric,4.0,0.9,16,64.0,57.6,6.399999999999999,21,21,0.5,0.5,4,4,0.1,0.1,0.1,0.5,9,9,0.5,0.5,0.5,0.5,0.5,0.6,False,20,0.38879498219393904,0.38401394557894253,0.39357601880893556,-0.7969814914594119,-0.8093863900275383,-0.7845765928912855,-0.3932003243264137,-0.405946121457556,-0.38045452719527145,0.40378116713299816,0.4002759962447493,0.40728633802124703,-0.0003446710434367527,-0.0019049676419199929,0.0012156255550464876,supported,supported,inconclusive,False,served_rate,inconclusive
H5B0229,S197,sobol_symmetric,4.0,0.3,16,64.0,19.2,44.8,21,21,0.5,0.5,6,6,0.3,0.3,0.3,0.3,4,4,0.0,0.0,0.7,0.7,0.1,0.4,True,20,0.011365207535472164,-0.002079257698421842,0.02480967276936617,-0.0031778073532328977,-0.009970819160455696,0.0036152044539899003,-0.002145406474523148,-0.008170802206824864,0.003879989257778567,0.0010324008787097494,-0.0032159252530779983,0.005280727010497497,0.0009549789606763642,-0.0005985649982242431,0.0025085229195769714,inconclusive,inconclusive,inconclusive,False,accepted_delay;selection_gap;served_rate,inconclusive
H5B0229,S197,sobol_symmetric,4.0,0.3,16,64.0,19.2,44.8,21,21,0.5,0.5,6,6,0.3,0.3,0.3,0.3,4,4,0.0,0.0,0.7,0.7,0.3,0.6,True,20,0.0033479762269344126,-0.0009165137756619013,0.007612466229530726,-0.01279331864890434,-0.025692806413988273,0.00010616911617959517,-0.010061876050219442,-0.022860548113682985,0.0027367960132441,0.0027314425986848965,-0.0020421003427546127,0.007504985540124406,0.002426310806889148,0.00020313194511928454,0.0046494896686590115,inconclusive,inconclusive,inconclusive,False,insufficient_post_threshold_offer_exposure,inactive
H5B0230,S198,sobol_symmetric,1.25,0.9,64,80.0,72.0,7.999999999999998,7,7,0.1,0.1,4,4,0.1,0.1,0.1,0.1,4,4,0.7,0.7,0.7,0.7,0.1,0.2,True,20,0.0,0.0,0.0,0.0,0.0,0.0,0.0,0.0,0.0,0.0,0.0,0.0,0.0,0.0,0.0,inconclusive,inconclusive,inconclusive,False,insufficient_post_threshold_offer_exposure,inactive
H5B0230,S198,sobol_symmetric,1.25,0.9,64,80.0,72.0,7.999999999999998,7,7,0.1,0.1,4,4,0.1,0.1,0.1,0.1,4,4,0.7,0.7,0.7,0.7,0.3,0.4,True,20,0.0,0.0,0.0,0.0,0.0,0.0,0.0,0.0,0.0,0.0,0.0,0.0,0.0,0.0,0.0,inconclusive,inconclusive,inconclusive,False,insufficient_post_threshold_offer_exposure,inactive
H5B0230,S198,sobol_symmetric,1.25,0.9,64,80.0,72.0,7.999999999999998,7,7,0.1,0.1,4,4,0.1,0.1,0.1,0.1,4,4,0.7,0.7,0.7,0.7,0.5,0.6,False,20,0.0,0.0,0.0,0.0,0.0,0.0,0.0,0.0,0.0,0.0,0.0,0.0,0.0,0.0,0.0,inconclusive,inconclusive,inconclusive,False,insufficient_post_threshold_offer_exposure,inactive
H5B0231,S199,sobol_symmetric,0.8,0.3,32,25.6,7.68,17.919999999999998,28,28,0.0,0.0,12,12,0.5,0.5,0.5,0.5,12,12,0.3,0.3,0.7,0.7,0.1,0.6,True,20,0.0,0.0,0.0,0.0,0.0,0.0,0.0,0.0,0.0,0.0,0.0,0.0,0.0,0.0,0.0,inconclusive,inconclusive,inconclusive,False,insufficient_post_threshold_offer_exposure,inactive
H5B0232,S200,sobol_symmetric,3.1,0.7,32,99.2,69.44,29.760000000000005,14,14,0.3,0.3,4,4,0.0,0.0,0.0,0.1,6,6,0.0,0.0,0.1,0.1,0.1,0.1,True,20,0.6122292130814158,0.6056444601080927,0.6188139660547388,-0.28253132069234166,-0.30636396515859543,-0.2586986762260879,-0.1758734750077391,-0.1993486649374847,-0.15239828507799347,0.10665784568460257,0.1052039564157388,0.10811173495346633,-0.001434059435609869,-0.003152407674944357,0.00028428880372461914,supported,inconclusive,inconclusive,False,selection_gap;served_rate,inconclusive
H5B0232,S200,sobol_symmetric,3.1,0.7,32,99.2,69.44,29.760000000000005,14,14,0.3,0.3,4,4,0.0,0.0,0.0,0.1,6,6,0.0,0.0,0.1,0.1,0.3,0.3,True,20,0.6110613927579072,0.6061667837913506,0.6159560017244637,-0.8467869433371706,-0.8687904627191501,-0.8247834239551912,-0.5310549092347838,-0.5532535387064984,-0.5088562797630692,0.31573203410238676,0.31316597888836356,0.31829808931640996,-0.006103617316900079,-0.008414409073630804,-0.0037928255601693533,supported,supported,supported,False,,supported
H5B0232,S200,sobol_symmetric,3.1,0.7,32,99.2,69.44,29.760000000000005,14,14,0.3,0.3,4,4,0.0,0.0,0.0,0.1,6,6,0.0,0.0,0.1,0.1,0.5,0.5,False,20,0.613366181526412,0.6097196378464653,0.6170127252063586,-1.4193413088699742,-1.4421290089748449,-1.3965536087651036,-0.9021493002053698,-0.925771956449609,-0.8785266439611306,0.5171920086646046,0.5146596008728952,0.519724416456314,-0.014023927594926735,-0.015905101704125426,-0.012142753485728044,supported,supported,supported,False,,supported
H5B0233,S201,sobol_symmetric,2.0,0.1,32,64.0,6.4,57.6,7,7,0.0,0.0,4,4,0.1,0.1,0.1,0.7,4,4,0.0,0.0,0.7,0.7,0.1,0.2,True,20,0.7076774708968006,0.6644784465232857,0.7508764952703154,-0.032961914109180056,-0.042430037540519855,-0.023493790677840253,-0.008916302687829569,-0.016542027033691842,-0.0012905783419672953,0.024045611421350487,0.02076534558710567,0.027325877255595304,-0.016696702468108098,-0.02226449029373193,-0.011128914642484267,inconclusive,inconclusive,supported,False,accepted_delay;selection_gap,inconclusive
H5B0233,S201,sobol_symmetric,2.0,0.1,32,64.0,6.4,57.6,7,7,0.0,0.0,4,4,0.1,0.1,0.1,0.7,4,4,0.0,0.0,0.7,0.7,0.3,0.4,True,20,0.696707480535767,0.6837374606408189,0.7096775004307152,-0.12361536892908664,-0.1323224853442356,-0.11490825251393767,-0.033955642310910236,-0.04237940614905013,-0.025531878472770345,0.08965972661817641,0.0876241563574428,0.09169529687891001,-0.043540383616275595,-0.05199577048309137,-0.03508499674945982,inconclusive,inconclusive,supported,False,accepted_delay;selection_gap,inconclusive
H5B0233,S201,sobol_symmetric,2.0,0.1,32,64.0,6.4,57.6,7,7,0.0,0.0,4,4,0.1,0.1,0.1,0.7,4,4,0.0,0.0,0.7,0.7,0.5,0.6,False,20,0.6766529970800912,0.6623086227464229,0.6909973714137595,-0.25072869161908967,-0.26197601033898055,-0.2394813728991988,-0.05792625149908379,-0.06631514807225616,-0.04953735492591142,0.19280244012000586,0.18761300890359237,0.19799187133641935,-0.06606647896878266,-0.07357894193542062,-0.0585540160021447,supported,inconclusive,supported,False,selection_gap,inconclusive
H5B0234,S202,sobol_symmetric,0.8,0.9,32,25.6,23.040000000000003,2.56,21,21,0.3,0.3,12,12,0.0,0.0,0.0,0.7,9,9,0.7,0.7,0.7,0.7,0.1,0.1,True,20,0.0,0.0,0.0,0.0,0.0,0.0,0.0,0.0,0.0,0.0,0.0,0.0,0.0,0.0,0.0,inconclusive,inconclusive,inconclusive,False,insufficient_post_threshold_offer_exposure,inactive
H5B0234,S202,sobol_symmetric,0.8,0.9,32,25.6,23.040000000000003,2.56,21,21,0.3,0.3,12,12,0.0,0.0,0.0,0.7,9,9,0.7,0.7,0.7,0.7,0.3,0.3,True,20,0.0,0.0,0.0,0.0,0.0,0.0,0.0,0.0,0.0,0.0,0.0,0.0,0.0,0.0,0.0,inconclusive,inconclusive,inconclusive,False,insufficient_post_threshold_offer_exposure,inactive
H5B0234,S202,sobol_symmetric,0.8,0.9,32,25.6,23.040000000000003,2.56,21,21,0.3,0.3,12,12,0.0,0.0,0.0,0.7,9,9,0.7,0.7,0.7,0.7,0.5,0.5,False,20,0.0,0.0,0.0,0.0,0.0,0.0,0.0,0.0,0.0,0.0,0.0,0.0,0.0,0.0,0.0,inconclusive,inconclusive,inconclusive,False,insufficient_post_threshold_offer_exposure,inactive
H5B0235,S203,sobol_symmetric,1.25,0.5,16,20.0,10.0,10.0,14,14,0.5,0.5,9,9,0.3,0.3,0.3,0.7,12,12,0.3,0.3,0.5,0.5,0.1,0.4,True,20,0.0,0.0,0.0,0.0,0.0,0.0,0.0,0.0,0.0,0.0,0.0,0.0,0.0,0.0,0.0,inconclusive,inconclusive,inconclusive,False,insufficient_post_threshold_offer_exposure,inactive
H5B0235,S203,sobol_symmetric,1.25,0.5,16,20.0,10.0,10.0,14,14,0.5,0.5,9,9,0.3,0.3,0.3,0.7,12,12,0.3,0.3,0.5,0.5,0.3,0.6,True,20,0.0,0.0,0.0,0.0,0.0,0.0,0.0,0.0,0.0,0.0,0.0,0.0,0.0,0.0,0.0,inconclusive,inconclusive,inconclusive,False,insufficient_post_threshold_offer_exposure,inactive
H5B0236,S204,sobol_symmetric,4.0,0.7,64,256.0,179.2,76.80000000000001,28,28,0.1,0.1,6,6,0.0,0.0,0.0,0.0,6,6,0.0,0.0,0.3,0.3,0.1,0.1,True,20,0.867806939622627,0.8607272938564526,0.8748865853888014,-0.12644035339532475,-0.15274618775845994,-0.10013451903218956,0.11016270124335267,0.08459096685712565,0.1357344356295797,0.23660305463867742,0.23061078532120188,0.24259532395615296,-0.0022056113798987224,-0.003107805591531343,-0.001303417168266102,inconclusive,inconclusive,inconclusive,False,accepted_delay;selection_gap;served_rate,inconclusive
H5B0236,S204,sobol_symmetric,4.0,0.7,64,256.0,179.2,76.80000000000001,28,28,0.1,0.1,6,6,0.0,0.0,0.0,0.0,6,6,0.0,0.0,0.3,0.3,0.3,0.3,True,20,0.893570976730973,0.8913865007134957,0.8957554527484503,-1.944778005075977,-1.990791646643324,-1.8987643635086302,-1.1940904903931262,-1.2418034149149642,-1.1463775658712883,0.7506875146828509,0.7433825928141045,0.7579924365515973,-0.010358136215396715,-0.01134956600438699,-0.00936670642640644,supported,supported,supported,False,,supported
H5B0236,S204,sobol_symmetric,4.0,0.7,64,256.0,179.2,76.80000000000001,28,28,0.1,0.1,6,6,0.0,0.0,0.0,0.0,6,6,0.0,0.0,0.3,0.3,0.5,0.5,False,20,0.8959111679597098,0.8941239800244782,0.8976983558949414,-4.871860237747891,-4.8999470114711094,-4.843773464024672,-3.5318574027683196,-3.5568143162200028,-3.5069004893166364,1.3400028349795705,1.3314932226805607,1.3485124472785803,-0.02065085577575867,-0.021699779709136346,-0.01960193184238099,supported,supported,supported,False,,supported
H5B0237,S205,sobol_symmetric,4.0,0.3,64,256.0,76.8,179.2,28,28,0.1,0.1,4,4,0.5,0.5,0.5,0.7,12,12,0.3,0.3,0.5,0.5,0.1,0.6,True,20,0.8059515057193897,0.7744589605943064,0.8374440508444729,-0.7808400196789527,-0.8177696559899685,-0.7439103833679368,-0.6639266533595478,-0.6997171285372273,-0.6281361781818683,0.11691336631940477,0.10834182365188062,0.12548490898692893,-0.020170480057433715,-0.021468343654112387,-0.018872616460755044,supported,inconclusive,supported,False,selection_gap,inconclusive
H5B0238,S206,sobol_symmetric,2.0,0.7,32,64.0,44.8,19.200000000000003,14,14,0.5,0.5,12,12,0.0,0.0,0.0,0.3,6,6,0.0,0.0,0.0,0.0,0.1,0.1,True,20,0.0,0.0,0.0,0.0,0.0,0.0,0.0,0.0,0.0,0.0,0.0,0.0,0.0,0.0,0.0,inconclusive,inconclusive,inconclusive,False,insufficient_post_threshold_offer_exposure,inactive
H5B0238,S206,sobol_symmetric,2.0,0.7,32,64.0,44.8,19.200000000000003,14,14,0.5,0.5,12,12,0.0,0.0,0.0,0.3,6,6,0.0,0.0,0.0,0.0,0.3,0.3,True,20,0.0,0.0,0.0,0.0,0.0,0.0,0.0,0.0,0.0,0.0,0.0,0.0,0.0,0.0,0.0,inconclusive,inconclusive,inconclusive,False,insufficient_post_threshold_offer_exposure,inactive
H5B0238,S206,sobol_symmetric,2.0,0.7,32,64.0,44.8,19.200000000000003,14,14,0.5,0.5,12,12,0.0,0.0,0.0,0.3,6,6,0.0,0.0,0.0,0.0,0.5,0.5,False,20,0.0,0.0,0.0,0.0,0.0,0.0,0.0,0.0,0.0,0.0,0.0,0.0,0.0,0.0,0.0,inconclusive,inconclusive,inconclusive,False,insufficient_post_threshold_offer_exposure,inactive
H5B0239,S207,sobol_symmetric,0.8,0.1,64,51.2,5.120000000000001,46.080000000000005,21,21,0.3,0.3,9,9,0.3,0.3,0.3,0.5,4,4,0.0,0.0,0.5,0.5,0.1,0.4,True,20,0.0,0.0,0.0,0.0,0.0,0.0,0.0,0.0,0.0,0.0,0.0,0.0,0.0,0.0,0.0,inconclusive,inconclusive,inconclusive,False,insufficient_post_threshold_offer_exposure,inactive
H5B0239,S207,sobol_symmetric,0.8,0.1,64,51.2,5.120000000000001,46.080000000000005,21,21,0.3,0.3,9,9,0.3,0.3,0.3,0.5,4,4,0.0,0.0,0.5,0.5,0.3,0.6,True,20,0.0,0.0,0.0,0.0,0.0,0.0,0.0,0.0,0.0,0.0,0.0,0.0,0.0,0.0,0.0,inconclusive,inconclusive,inconclusive,False,insufficient_post_threshold_offer_exposure,inactive
H5B0240,S208,sobol_symmetric,3.1,0.9,16,49.6,44.64,4.959999999999999,7,7,0.0,0.0,4,4,0.1,0.1,0.1,0.3,4,4,0.5,0.5,0.5,0.5,0.1,0.2,True,20,1.0,1.0,1.0,0.0,0.0,0.0,0.0,0.0,0.0,0.0,0.0,0.0,-0.001167970771237628,-0.00240887181030049,7.293026782523369e-05,inconclusive,inconclusive,inconclusive,False,accepted_delay;selection_gap;served_rate,inconclusive
H5B0240,S208,sobol_symmetric,3.1,0.9,16,49.6,44.64,4.959999999999999,7,7,0.0,0.0,4,4,0.1,0.1,0.1,0.3,4,4,0.5,0.5,0.5,0.5,0.3,0.4,True,20,1.0,1.0,1.0,-0.00013544790147030917,-0.00028858964240777933,1.7693839467161008e-05,-0.00014962442787633812,-0.0002981482352806655,-1.1006204720107656e-06,-1.4176526406028955e-05,-5.7195120048931215e-05,2.88420672368733e-05,-0.006268202223308303,-0.00804124758114706,-0.004495156865469545,inconclusive,inconclusive,supported,False,accepted_delay;selection_gap,inconclusive
H5B0240,S208,sobol_symmetric,3.1,0.9,16,49.6,44.64,4.959999999999999,7,7,0.0,0.0,4,4,0.1,0.1,0.1,0.3,4,4,0.5,0.5,0.5,0.5,0.5,0.6,False,20,1.0,1.0,1.0,-0.0196039979232022,-0.021876912738367626,-0.017331083108036775,-0.01935585190706788,-0.021680758949121973,-0.017030944865013786,0.00024814601613432075,-0.0004295437745574721,0.0009258358068261136,-0.015562972290711219,-0.017161405488159368,-0.013964539093263069,inconclusive,inconclusive,supported,False,accepted_delay;selection_gap,inconclusive
H5B0241,S209,sobol_symmetric,3.1,0.1,32,99.2,9.920000000000002,89.28,28,28,0.5,0.5,12,12,0.0,0.0,0.0,0.5,4,4,0.7,0.7,0.7,0.7,0.1,0.1,True,20,0.0,0.0,0.0,0.0,0.0,0.0,0.0,0.0,0.0,0.0,0.0,0.0,0.0,0.0,0.0,inconclusive,inconclusive,inconclusive,False,insufficient_post_threshold_offer_exposure,inactive
H5B0241,S209,sobol_symmetric,3.1,0.1,32,99.2,9.920000000000002,89.28,28,28,0.5,0.5,12,12,0.0,0.0,0.0,0.5,4,4,0.7,0.7,0.7,0.7,0.3,0.3,True,20,0.0,0.0,0.0,0.0,0.0,0.0,0.0,0.0,0.0,0.0,0.0,0.0,0.0,0.0,0.0,inconclusive,inconclusive,inconclusive,False,insufficient_post_threshold_offer_exposure,inactive
H5B0241,S209,sobol_symmetric,3.1,0.1,32,99.2,9.920000000000002,89.28,28,28,0.5,0.5,12,12,0.0,0.0,0.0,0.5,4,4,0.7,0.7,0.7,0.7,0.5,0.5,False,20,0.0,0.0,0.0,0.0,0.0,0.0,0.0,0.0,0.0,0.0,0.0,0.0,0.0,0.0,0.0,inconclusive,inconclusive,inconclusive,False,insufficient_post_threshold_offer_exposure,inactive
H5B0243,S211,sobol_symmetric,2.0,0.3,64,128.0,38.4,89.6,21,21,0.0,0.0,6,6,0.1,0.1,0.1,0.3,12,12,0.0,0.0,0.3,0.3,0.1,0.2,True,20,0.9973543125171276,0.992437738095333,1.0022708869389223,-0.027618878568861405,-0.03531935314243923,-0.01991840399528358,-0.028125730522889292,-0.03576500298679232,-0.020486458058986266,-0.0005068519540278871,-0.0016123997300163738,0.0005986958219605996,-0.029133126993686576,-0.032027107391574786,-0.026239146595798367,inconclusive,inconclusive,supported,False,accepted_delay;selection_gap,inconclusive
H5B0243,S211,sobol_symmetric,2.0,0.3,64,128.0,38.4,89.6,21,21,0.0,0.0,6,6,0.1,0.1,0.1,0.3,12,12,0.0,0.0,0.3,0.3,0.3,0.4,True,20,1.0,1.0,1.0,-0.1670205048262769,-0.1926644819884466,-0.1413765276641072,-0.1689609167676899,-0.19511121871440695,-0.14281061482097285,-0.0019404119414129894,-0.004386638138851177,0.0005058142560251985,-0.095072741682545,-0.09762489291583619,-0.0925205904492538,inconclusive,inconclusive,supported,False,accepted_delay;selection_gap,inconclusive
H5B0243,S211,sobol_symmetric,2.0,0.3,64,128.0,38.4,89.6,21,21,0.0,0.0,6,6,0.1,0.1,0.1,0.3,12,12,0.0,0.0,0.3,0.3,0.5,0.6,False,20,1.0,1.0,1.0,-0.5458035048599849,-0.5825422418591811,-0.5090647678607886,-0.544820186678335,-0.5820236666169352,-0.5076167067397348,0.0009833181816498282,-0.008017269461106542,0.009983905824406197,-0.17580499566650717,-0.1789285723978223,-0.17268141893519204,supported,inconclusive,supported,False,selection_gap,inconclusive
H5B0244,S212,sobol_symmetric,4.0,0.7,16,64.0,44.8,19.200000000000003,7,7,0.3,0.3,4,4,0.3,0.3,0.3,0.5,4,4,0.3,0.3,0.7,0.7,0.1,0.4,True,20,0.6834033479191663,0.6443097410253679,0.7224969548129648,-0.10772511609656191,-0.12093616935045684,-0.09451406284266697,0.01084467046299351,-0.002129884078004466,0.023819225003991487,0.11856978655955541,0.11134245695510314,0.12579711616400768,0.0009752818147664974,-0.0005444476131925092,0.002495011242725504,inconclusive,inconclusive,inconclusive,False,accepted_delay;selection_gap;served_rate,inconclusive
H5B0244,S212,sobol_symmetric,4.0,0.7,16,64.0,44.8,19.200000000000003,7,7,0.3,0.3,4,4,0.3,0.3,0.3,0.5,4,4,0.3,0.3,0.7,0.7,0.3,0.6,True,20,0.6524533584192966,0.640706958371545,0.6641997584670483,-0.5295198696906525,-0.5426194800461088,-0.5164202593351961,-0.1710921985510217,-0.1841748116983116,-0.1580095854037318,0.3584276711396308,0.3507504381204022,0.36610490415885943,0.0007681337113207246,-0.0007110059334566507,0.0022472733560981,supported,supported,inconclusive,False,served_rate,inconclusive
H5B0245,S213,sobol_symmetric,4.0,0.3,32,128.0,38.4,89.6,7,7,0.3,0.3,4,4,0.1,0.1,0.1,0.1,4,4,0.0,0.0,0.0,0.0,0.1,0.2,True,20,0.5421401019398879,0.5183537925488122,0.5659264113309637,-0.06069868134334442,-0.07397459533605076,-0.04742276735063807,0.035528350326106975,0.020913665004535564,0.050143035647678386,0.09622703166945139,0.09196570282437747,0.10048836051452531,-0.007606726019439918,-0.009758761792674372,-0.005454690246205464,inconclusive,inconclusive,supported,False,accepted_delay;selection_gap,inconclusive
H5B0245,S213,sobol_symmetric,4.0,0.3,32,128.0,38.4,89.6,7,7,0.3,0.3,4,4,0.1,0.1,0.1,0.1,4,4,0.0,0.0,0.0,0.0,0.3,0.4,True,20,0.5792372444508804,0.5697682702214211,0.5887062186803398,-0.23981980708458028,-0.25053309488397874,-0.2291065192851818,0.08953801734587055,0.07703388898318816,0.10204214570855294,0.32935782443045075,0.3243644550355995,0.334351193825302,-0.01604183917606865,-0.01822305711261865,-0.013860621239518651,inconclusive,supported,supported,False,accepted_delay,inconclusive
H5B0245,S213,sobol_symmetric,4.0,0.3,32,128.0,38.4,89.6,7,7,0.3,0.3,4,4,0.1,0.1,0.1,0.1,4,4,0.0,0.0,0.0,0.0,0.5,0.6,False,20,0.6114525812346436,0.604130041680132,0.6187751207891553,-0.49613514397973474,-0.5083491788780241,-0.48392110908144537,0.15358645966397394,0.14300011457934092,0.16417280474860696,0.6497216036437088,0.643725576742528,0.6557176305448896,-0.03018547013400454,-0.03239676920632548,-0.027974171061683595,supported,supported,supported,True,,supported
H5B0246,S214,sobol_symmetric,1.25,0.5,64,80.0,40.0,40.0,21,21,0.0,0.0,4,4,0.1,0.1,0.1,0.7,6,6,0.3,0.3,0.5,0.5,0.1,0.2,True,20,0.26040441500889433,0.24368690105376306,0.2771219289640256,-0.07259725181657321,-0.08051380949981361,-0.06468069413333281,-0.050291241214036296,-0.058255432748066716,-0.04232704968000588,0.022306010602536917,0.021411120899500157,0.023200900305573677,-0.01895776676112238,-0.02146410676640283,-0.016451426755841932,inconclusive,inconclusive,supported,False,accepted_delay;selection_gap,inconclusive
H5B0246,S214,sobol_symmetric,1.25,0.5,64,80.0,40.0,40.0,21,21,0.0,0.0,4,4,0.1,0.1,0.1,0.7,6,6,0.3,0.3,0.5,0.5,0.3,0.4,True,20,0.21579168534593923,0.20821397234224145,0.223369398349637,-0.16686154198400013,-0.17507611764990788,-0.1586469663180924,-0.10489198153477827,-0.1132150413401938,-0.09656892172936274,0.06196956044922186,0.060916044271939744,0.06302307662650398,-0.045049128573877426,-0.04734957770033971,-0.042748679447415144,inconclusive,inconclusive,supported,False,accepted_delay;selection_gap,inconclusive
H5B0246,S214,sobol_symmetric,1.25,0.5,64,80.0,40.0,40.0,21,21,0.0,0.0,4,4,0.1,0.1,0.1,0.7,6,6,0.3,0.3,0.5,0.5,0.5,0.6,False,20,0.18002167962554055,0.17573921861602365,0.18430414063505746,-0.23818812274483533,-0.2454432521817311,-0.23093299330793957,-0.14607841107954583,-0.15370159826984933,-0.13845522388924233,0.0921097116652895,0.09048256304835453,0.09373686028222447,-0.06378298122875363,-0.06612663091113462,-0.06143933154637265,inconclusive,inconclusive,supported,False,accepted_delay;selection_gap,inconclusive
H5B0247,S215,sobol_symmetric,0.8,0.1,16,12.8,1.2800000000000002,11.52,14,14,0.1,0.1,6,6,0.0,0.0,0.0,0.1,4,4,0.5,0.5,0.5,0.5,0.1,0.1,True,20,0.0,0.0,0.0,0.0,0.0,0.0,0.0,0.0,0.0,0.0,0.0,0.0,0.0,0.0,0.0,inconclusive,inconclusive,inconclusive,False,insufficient_post_threshold_offer_exposure,inactive
H5B0247,S215,sobol_symmetric,0.8,0.1,16,12.8,1.2800000000000002,11.52,14,14,0.1,0.1,6,6,0.0,0.0,0.0,0.1,4,4,0.5,0.5,0.5,0.5,0.3,0.3,True,20,0.0,0.0,0.0,0.0,0.0,0.0,0.0,0.0,0.0,0.0,0.0,0.0,0.0,0.0,0.0,inconclusive,inconclusive,inconclusive,False,insufficient_post_threshold_offer_exposure,inactive
H5B0247,S215,sobol_symmetric,0.8,0.1,16,12.8,1.2800000000000002,11.52,14,14,0.1,0.1,6,6,0.0,0.0,0.0,0.1,4,4,0.5,0.5,0.5,0.5,0.5,0.5,False,20,0.0,0.0,0.0,0.0,0.0,0.0,0.0,0.0,0.0,0.0,0.0,0.0,0.0,0.0,0.0,inconclusive,inconclusive,inconclusive,False,insufficient_post_threshold_offer_exposure,inactive
H5B0248,S216,sobol_symmetric,2.0,0.9,64,128.0,115.2,12.799999999999995,28,28,0.5,0.5,9,9,0.5,0.5,0.5,0.5,9,9,0.0,0.0,0.5,0.5,0.1,0.6,True,20,0.0,0.0,0.0,0.0,0.0,0.0,0.0,0.0,0.0,0.0,0.0,0.0,0.0,0.0,0.0,inconclusive,inconclusive,inconclusive,False,insufficient_post_threshold_offer_exposure,inactive
H5B0249,S217,sobol_symmetric,2.0,0.3,16,32.0,9.6,22.4,21,21,0.1,0.1,9,9,0.0,0.0,0.0,0.5,12,12,0.0,0.0,0.1,0.1,0.1,0.1,True,20,0.2298778760620804,0.2196842445140695,0.2400715076100913,-0.0960180544806617,-0.12279638172482235,-0.06923972723650104,-0.034281299855605595,-0.06096802225027074,-0.007594577460940451,0.0617367546250561,0.05917822607267882,0.06429528317743338,-0.0031976278408079985,-0.00831112778112355,0.0019158720995075531,inconclusive,inconclusive,inconclusive,False,accepted_delay;selection_gap;served_rate,inconclusive
H5B0249,S217,sobol_symmetric,2.0,0.3,16,32.0,9.6,22.4,21,21,0.1,0.1,9,9,0.0,0.0,0.0,0.5,12,12,0.0,0.0,0.1,0.1,0.3,0.3,True,20,0.21236935138663218,0.19994618991917437,0.22479251285409,-0.23231991178030822,-0.2639353720890127,-0.2007044514716038,-0.05282026581582975,-0.08520646729784453,-0.02043406433381497,0.17949964596447848,0.17055880192422657,0.1884404900047304,-0.019859691658279666,-0.025684204224010822,-0.014035179092548509,inconclusive,inconclusive,supported,False,accepted_delay;selection_gap,inconclusive
H5B0249,S217,sobol_symmetric,2.0,0.3,16,32.0,9.6,22.4,21,21,0.1,0.1,9,9,0.0,0.0,0.0,0.5,12,12,0.0,0.0,0.1,0.1,0.5,0.5,False,20,0.18945613840344505,0.18148896080159066,0.19742331600529944,-0.36483120271507036,-0.38918572606290774,-0.34047667936723297,-0.08514824412751358,-0.1099291226505238,-0.060367365604503356,0.27968295858755676,0.26896904163548613,0.2903968755396274,-0.029061025565169336,-0.03466750959024245,-0.023454541540096224,supported,supported,supported,True,,supported
H5B0250,S218,sobol_symmetric,0.8,0.7,64,51.2,35.84,15.360000000000005,7,7,0.5,0.5,4,4,0.1,0.1,0.1,0.5,4,4,0.3,0.3,0.3,0.3,0.1,0.2,True,20,0.0,0.0,0.0,0.0,0.0,0.0,0.0,0.0,0.0,0.0,0.0,0.0,0.0,0.0,0.0,inconclusive,inconclusive,inconclusive,False,insufficient_post_threshold_offer_exposure,inactive
H5B0250,S218,sobol_symmetric,0.8,0.7,64,51.2,35.84,15.360000000000005,7,7,0.5,0.5,4,4,0.1,0.1,0.1,0.5,4,4,0.3,0.3,0.3,0.3,0.3,0.4,True,20,0.0,0.0,0.0,0.0,0.0,0.0,0.0,0.0,0.0,0.0,0.0,0.0,0.0,0.0,0.0,inconclusive,inconclusive,inconclusive,False,insufficient_post_threshold_offer_exposure,inactive
H5B0250,S218,sobol_symmetric,0.8,0.7,64,51.2,35.84,15.360000000000005,7,7,0.5,0.5,4,4,0.1,0.1,0.1,0.5,4,4,0.3,0.3,0.3,0.3,0.5,0.6,False,20,0.0,0.0,0.0,0.0,0.0,0.0,0.0,0.0,0.0,0.0,0.0,0.0,0.0,0.0,0.0,inconclusive,inconclusive,inconclusive,False,insufficient_post_threshold_offer_exposure,inactive
H5B0251,S219,sobol_symmetric,1.25,0.3,16,20.0,6.0,14.0,28,28,0.3,0.3,4,4,0.0,0.0,0.0,0.0,4,4,0.5,0.5,0.7,0.7,0.1,0.1,True,20,0.0,0.0,0.0,0.0,0.0,0.0,0.0,0.0,0.0,0.0,0.0,0.0,0.0,0.0,0.0,inconclusive,inconclusive,inconclusive,False,insufficient_post_threshold_offer_exposure,inactive
H5B0251,S219,sobol_symmetric,1.25,0.3,16,20.0,6.0,14.0,28,28,0.3,0.3,4,4,0.0,0.0,0.0,0.0,4,4,0.5,0.5,0.7,0.7,0.3,0.3,True,20,0.0,0.0,0.0,0.0,0.0,0.0,0.0,0.0,0.0,0.0,0.0,0.0,0.0,0.0,0.0,inconclusive,inconclusive,inconclusive,False,insufficient_post_threshold_offer_exposure,inactive
H5B0251,S219,sobol_symmetric,1.25,0.3,16,20.0,6.0,14.0,28,28,0.3,0.3,4,4,0.0,0.0,0.0,0.0,4,4,0.5,0.5,0.7,0.7,0.5,0.5,False,20,0.0,0.0,0.0,0.0,0.0,0.0,0.0,0.0,0.0,0.0,0.0,0.0,0.0,0.0,0.0,inconclusive,inconclusive,inconclusive,False,insufficient_post_threshold_offer_exposure,inactive
H5B0252,S220,sobol_symmetric,3.1,0.7,64,198.4,138.88,59.52000000000001,14,14,0.0,0.0,12,12,0.5,0.5,0.5,0.5,9,9,0.0,0.0,0.5,0.5,0.1,0.6,True,20,1.0,1.0,1.0,-0.00043747202256954053,-0.0005862268293032355,-0.00028871721583584553,-0.0003453075381612436,-0.00047532159403252425,-0.00021529348228996296,9.216448440829694e-05,5.0503775294829916e-05,0.00013382519352176398,-0.011283089669956371,-0.012313209946960921,-0.010252969392951821,inconclusive,inconclusive,supported,False,accepted_delay;selection_gap,inconclusive
H5B0253,S221,sobol_symmetric,4.0,0.1,64,256.0,25.6,230.4,14,14,0.0,0.0,9,9,0.0,0.0,0.0,0.3,4,4,0.5,0.5,0.7,0.7,0.1,0.1,True,20,0.9881949317484204,0.9764894047717394,0.9999004587251015,0.0,0.0,0.0,0.0,0.0,0.0,0.0,0.0,0.0,-0.00956466653873973,-0.011908810219058296,-0.007220522858421162,inconclusive,inconclusive,supported,False,accepted_delay;selection_gap,inconclusive
H5B0253,S221,sobol_symmetric,4.0,0.1,64,256.0,25.6,230.4,14,14,0.0,0.0,9,9,0.0,0.0,0.0,0.3,4,4,0.5,0.5,0.7,0.7,0.3,0.3,True,20,0.999199373642471,0.9975236434175697,1.0008751038673724,0.0,0.0,0.0,0.0,0.0,0.0,0.0,0.0,0.0,-0.027861084376341737,-0.029950974508278553,-0.02577119424440492,inconclusive,inconclusive,supported,False,accepted_delay;selection_gap,inconclusive
H5B0253,S221,sobol_symmetric,4.0,0.1,64,256.0,25.6,230.4,14,14,0.0,0.0,9,9,0.0,0.0,0.0,0.3,4,4,0.5,0.5,0.7,0.7,0.5,0.5,False,20,0.9988003393370045,0.9966892450779797,1.0009114335960294,0.0,0.0,0.0,0.0,0.0,0.0,0.0,0.0,0.0,-0.04782822177206256,-0.049503853678446126,-0.04615258986567899,inconclusive,inconclusive,supported,False,accepted_delay;selection_gap,inconclusive
H5B0254,S222,sobol_symmetric,1.25,0.9,16,20.0,18.0,2.0,28,28,0.3,0.3,6,6,0.5,0.5,0.5,0.7,9,9,0.3,0.3,0.3,0.3,0.1,0.6,True,20,0.0,0.0,0.0,0.0,0.0,0.0,0.0,0.0,0.0,0.0,0.0,0.0,0.0,0.0,0.0,inconclusive,inconclusive,inconclusive,False,insufficient_post_threshold_offer_exposure,inactive
H5B0255,S223,sobol_symmetric,1.25,0.5,32,40.0,20.0,20.0,7,7,0.5,0.5,4,4,0.1,0.1,0.1,0.3,4,4,0.0,0.0,0.1,0.1,0.1,0.2,True,20,0.0,0.0,0.0,0.0,0.0,0.0,0.0,0.0,0.0,0.0,0.0,0.0,0.0,0.0,0.0,inconclusive,inconclusive,inconclusive,False,insufficient_post_threshold_offer_exposure,inactive
H5B0255,S223,sobol_symmetric,1.25,0.5,32,40.0,20.0,20.0,7,7,0.5,0.5,4,4,0.1,0.1,0.1,0.3,4,4,0.0,0.0,0.1,0.1,0.3,0.4,True,20,0.0,0.0,0.0,0.0,0.0,0.0,0.0,0.0,0.0,0.0,0.0,0.0,0.0,0.0,0.0,inconclusive,inconclusive,inconclusive,False,insufficient_post_threshold_offer_exposure,inactive
H5B0255,S223,sobol_symmetric,1.25,0.5,32,40.0,20.0,20.0,7,7,0.5,0.5,4,4,0.1,0.1,0.1,0.3,4,4,0.0,0.0,0.1,0.1,0.5,0.6,False,20,0.0,0.0,0.0,0.0,0.0,0.0,0.0,0.0,0.0,0.0,0.0,0.0,0.0,0.0,0.0,inconclusive,inconclusive,inconclusive,False,insufficient_post_threshold_offer_exposure,inactive
H5B0256,S224,sobol_symmetric,3.1,0.5,32,99.2,49.6,49.6,21,21,0.1,0.1,12,12,0.3,0.3,0.3,0.3,6,6,0.5,0.5,0.5,0.5,0.1,0.4,True,20,0.21364742492412864,0.17224502337696518,0.2550498264712921,-0.278038730833735,-0.3336349385624052,-0.2224425231050647,-0.15470229906898006,-0.20782265277331577,-0.10158194536464435,0.12333643176475491,0.10972814002112836,0.13694472350838144,-0.0015031301270239466,-0.003214355872701225,0.00020809561865333184,supported,inconclusive,inconclusive,False,selection_gap;served_rate,inconclusive
H5B0256,S224,sobol_symmetric,3.1,0.5,32,99.2,49.6,49.6,21,21,0.1,0.1,12,12,0.3,0.3,0.3,0.3,6,6,0.5,0.5,0.5,0.5,0.3,0.6,True,20,0.13022940677592137,0.11533260192064165,0.1451262116312011,-0.4967340102849899,-0.5515833356435133,-0.4418846849264666,-0.26405558360977244,-0.31932830619855007,-0.20878286102099478,0.2326784266752175,0.20938559937644682,0.2559712539739881,-0.0034573070689115385,-0.005005497783881876,-0.0019091163539412005,supported,inconclusive,inconclusive,False,selection_gap;served_rate,inconclusive
H5B0257,X001,asymmetric_stress,4.0,0.3,32,128.0,38.4,89.6,21,21,0.1,0.3,12,12,0.3,0.3,0.3,0.7,12,4,0.0,0.0,0.7,0.7,0.1,0.4,True,20,0.0,0.0,0.0,0.0,0.0,0.0,0.0,0.0,0.0,0.0,0.0,0.0,0.0,0.0,0.0,inconclusive,inconclusive,inconclusive,False,insufficient_post_threshold_offer_exposure,inactive
H5B0257,X001,asymmetric_stress,4.0,0.3,32,128.0,38.4,89.6,21,21,0.1,0.3,12,12,0.3,0.3,0.3,0.7,12,4,0.0,0.0,0.7,0.7,0.3,0.6,True,20,0.0,0.0,0.0,0.0,0.0,0.0,0.0,0.0,0.0,0.0,0.0,0.0,0.0,0.0,0.0,inconclusive,inconclusive,inconclusive,False,insufficient_post_threshold_offer_exposure,inactive
H5B0258,X002,asymmetric_stress,1.25,0.5,64,80.0,40.0,40.0,21,21,0.0,0.0,4,4,0.1,0.1,0.1,0.7,4,6,0.3,0.3,0.5,0.5,0.1,0.2,True,20,0.26040441500889433,0.24368690105376306,0.2771219289640256,-0.07259725181657321,-0.08051380949981361,-0.06468069413333281,-0.050291241214036296,-0.058255432748066716,-0.04232704968000588,0.022306010602536917,0.021411120899500157,0.023200900305573677,-0.004961099337573821,-0.007178915179944594,-0.0027432834952030487,inconclusive,inconclusive,inconclusive,False,accepted_delay;selection_gap;served_rate,inconclusive
H5B0258,X002,asymmetric_stress,1.25,0.5,64,80.0,40.0,40.0,21,21,0.0,0.0,4,4,0.1,0.1,0.1,0.7,4,6,0.3,0.3,0.5,0.5,0.3,0.4,True,20,0.21579168534593923,0.20821397234224145,0.223369398349637,-0.16686154198400013,-0.17507611764990788,-0.1586469663180924,-0.10489198153477827,-0.1132150413401938,-0.09656892172936274,0.06196956044922186,0.060916044271939744,0.06302307662650398,-0.013210428022923926,-0.0158505487345461,-0.010570307311301751,inconclusive,inconclusive,supported,False,accepted_delay;selection_gap,inconclusive
H5B0258,X002,asymmetric_stress,1.25,0.5,64,80.0,40.0,40.0,21,21,0.0,0.0,4,4,0.1,0.1,0.1,0.7,4,6,0.3,0.3,0.5,0.5,0.5,0.6,False,20,0.18002167962554055,0.17573921861602365,0.18430414063505746,-0.23818812274483533,-0.2454432521817311,-0.23093299330793957,-0.14607841107954583,-0.15370159826984933,-0.13845522388924233,0.0921097116652895,0.09048256304835453,0.09373686028222447,-0.020036642160249085,-0.023201519135460393,-0.016871765185037777,inconclusive,inconclusive,supported,False,accepted_delay;selection_gap,inconclusive
H5B0259,X003,asymmetric_stress,1.25,0.1,32,40.0,4.0,36.0,14,14,0.3,0.0,4,9,0.3,0.3,0.3,0.3,6,6,0.0,0.0,0.7,0.7,0.1,0.4,True,20,0.0,0.0,0.0,0.0,0.0,0.0,0.0,0.0,0.0,0.0,0.0,0.0,0.0,0.0,0.0,inconclusive,inconclusive,inconclusive,False,insufficient_post_threshold_offer_exposure,inactive
H5B0259,X003,asymmetric_stress,1.25,0.1,32,40.0,4.0,36.0,14,14,0.3,0.0,4,9,0.3,0.3,0.3,0.3,6,6,0.0,0.0,0.7,0.7,0.3,0.6,True,20,0.0,0.0,0.0,0.0,0.0,0.0,0.0,0.0,0.0,0.0,0.0,0.0,0.0,0.0,0.0,inconclusive,inconclusive,inconclusive,False,insufficient_post_threshold_offer_exposure,inactive
H5B0260,X004,asymmetric_stress,1.25,0.1,32,40.0,4.0,36.0,21,21,0.1,0.1,12,12,0.0,0.0,0.0,0.0,12,12,0.0,0.0,0.1,0.1,0.1,0.1,True,20,0.0,0.0,0.0,0.0,0.0,0.0,0.0,0.0,0.0,0.0,0.0,0.0,0.0,0.0,0.0,inconclusive,inconclusive,inconclusive,False,insufficient_post_threshold_offer_exposure,inactive
H5B0260,X004,asymmetric_stress,1.25,0.1,32,40.0,4.0,36.0,21,21,0.1,0.1,12,12,0.0,0.0,0.0,0.0,12,12,0.0,0.0,0.1,0.1,0.3,0.3,True,20,0.0,0.0,0.0,0.0,0.0,0.0,0.0,0.0,0.0,0.0,0.0,0.0,0.0,0.0,0.0,inconclusive,inconclusive,inconclusive,False,insufficient_post_threshold_offer_exposure,inactive
H5B0260,X004,asymmetric_stress,1.25,0.1,32,40.0,4.0,36.0,21,21,0.1,0.1,12,12,0.0,0.0,0.0,0.0,12,12,0.0,0.0,0.1,0.1,0.5,0.5,False,20,0.0,0.0,0.0,0.0,0.0,0.0,0.0,0.0,0.0,0.0,0.0,0.0,0.0,0.0,0.0,inconclusive,inconclusive,inconclusive,False,insufficient_post_threshold_offer_exposure,inactive
H5B0261,X005,asymmetric_stress,4.0,0.5,32,128.0,64.0,64.0,21,28,0.1,0.1,4,4,0.1,0.0,0.1,0.7,4,4,0.0,0.0,0.7,0.7,0.1,0.2,True,20,0.8997901665857096,0.8828366201153452,0.916743713056074,-1.063541875620198,-1.125726154087402,-1.001357597152994,-0.9491464853868173,-1.0099069062949444,-0.8883860644786902,0.11439539023338048,0.10747132038727265,0.12131946007948831,-0.0013801084203132266,-0.002929260893722627,0.00016904405309617386,supported,inconclusive,inconclusive,False,selection_gap;served_rate,inconclusive
H5B0261,X005,asymmetric_stress,4.0,0.5,32,128.0,64.0,64.0,21,28,0.1,0.1,4,4,0.1,0.0,0.1,0.7,4,4,0.0,0.0,0.7,0.7,0.3,0.4,True,20,0.8915611646966843,0.8857182074372713,0.8974041219560974,-3.3471533844625716,-3.398424810201517,-3.2958819587236263,-3.0232624895735625,-3.076598201472982,-2.969926777674143,0.32389089488900885,0.3156390691388294,0.3321427206391883,-0.007965852861379501,-0.009363535136248343,-0.006568170586510659,supported,supported,supported,False,,supported
H5B0261,X005,asymmetric_stress,4.0,0.5,32,128.0,64.0,64.0,21,28,0.1,0.1,4,4,0.1,0.0,0.1,0.7,4,4,0.0,0.0,0.7,0.7,0.5,0.6,False,20,0.8919591319751479,0.8869559190477484,0.8969623449025473,-5.80204716354135,-5.856031229251788,-5.748063097830912,-5.315230705776398,-5.368099461331201,-5.262361950221595,0.48681645776495175,0.48105353412862445,0.49257938140127905,-0.01707163290241768,-0.018436362274930042,-0.015706903529905315,supported,supported,supported,False,,supported
H5B0262,X006,asymmetric_stress,2.0,0.1,32,64.0,6.4,57.6,7,21,0.1,0.1,4,4,0.3,0.3,0.3,0.5,4,4,0.0,0.0,0.5,0.5,0.1,0.4,True,20,0.18964190647058105,0.12440932801572001,0.25487448492544207,-0.04080595117508066,-0.05807542772679128,-0.023536474623370034,-0.009027214338211654,-0.0268493900209854,0.008794961344562096,0.031778736836869007,0.021093520077509715,0.0424639535962283,-0.007258641238768704,-0.016159475273709995,0.0016421927961725868,inconclusive,inconclusive,inconclusive,False,accepted_delay;selection_gap;served_rate,inconclusive
H5B0262,X006,asymmetric_stress,2.0,0.1,32,64.0,6.4,57.6,7,21,0.1,0.1,4,4,0.3,0.3,0.3,0.5,4,4,0.0,0.0,0.5,0.5,0.3,0.6,True,20,0.22656887846562213,0.19997698994419227,0.253160766987052,-0.14404223044510597,-0.16303459324514089,-0.12504986764507106,-0.017898120212819425,-0.03844827074633263,0.0026520303206937768,0.12614411023228655,0.11549019577906176,0.13679802468551136,-0.0186400692726093,-0.026524566854683948,-0.010755571690534649,inconclusive,inconclusive,supported,False,accepted_delay;selection_gap,inconclusive
H5B0263,X007,asymmetric_stress,2.0,0.5,32,64.0,32.0,32.0,14,28,0.1,0.1,9,9,0.1,0.1,0.1,0.5,9,9,0.0,0.0,0.5,0.7,0.1,0.2,True,20,0.06593510969051228,0.04468836541576961,0.08718185396525495,-0.026709951578938317,-0.05944299025091958,0.006023087093042945,-0.006753127374789525,-0.039777553826961305,0.02627129907738226,0.019956824204148793,0.017478454765686605,0.02243519364261098,0.0015708938556647345,-0.002309493350623663,0.0054512810619531315,inconclusive,inconclusive,inconclusive,False,accepted_delay;selection_gap;served_rate,inconclusive
H5B0263,X007,asymmetric_stress,2.0,0.5,32,64.0,32.0,32.0,14,28,0.1,0.1,9,9,0.1,0.1,0.1,0.5,9,9,0.0,0.0,0.5,0.7,0.3,0.4,True,20,0.04000583399912345,0.030429963417344774,0.04958170458090212,-0.08777545532692921,-0.12819049073934988,-0.047360419914508546,-0.04142043303932197,-0.08399473697915316,0.001153870900509224,0.04635502228760724,0.03878166521204879,0.05392837936316569,0.005215482469170895,0.001735058025550976,0.008695906912790815,inconclusive,inconclusive,reversed,False,accepted_delay;selection_gap;served_rate,reversed
H5B0263,X007,asymmetric_stress,2.0,0.5,32,64.0,32.0,32.0,14,28,0.1,0.1,9,9,0.1,0.1,0.1,0.5,9,9,0.0,0.0,0.5,0.7,0.5,0.6,False,20,0.036024940359311766,0.030326324885858118,0.041723555832765415,-0.11657530437964145,-0.1480431234406107,-0.08510748531867218,-0.04889989375517421,-0.08201138073025607,-0.015788406780092343,0.06767541062446725,0.06195919153149174,0.07339162971744274,0.002109497895980808,-0.0010336221076591538,0.00525261789962077,inconclusive,inconclusive,inconclusive,False,accepted_delay;selection_gap;served_rate,inconclusive
H5B0264,X008,asymmetric_stress,3.1,0.1,32,99.2,9.920000000000002,89.28,14,14,0.1,0.1,9,9,0.0,0.0,0.0,0.5,6,6,0.0,0.3,0.3,0.3,0.1,0.1,True,20,0.7117590399501256,0.6918561224487829,0.7316619574514682,-0.24277131547674075,-0.3081627343171924,-0.1773798966362891,-0.09746453321242177,-0.16270752310228487,-0.032221543322558666,0.14530678226431898,0.14019278637785468,0.15042077815078328,-0.013279510409881906,-0.01935262530968134,-0.007206395510082471,inconclusive,inconclusive,supported,False,accepted_delay;selection_gap,inconclusive
H5B0264,X008,asymmetric_stress,3.1,0.1,32,99.2,9.920000000000002,89.28,14,14,0.1,0.1,9,9,0.0,0.0,0.0,0.5,6,6,0.0,0.3,0.3,0.3,0.3,0.3,True,20,0.7139540304836794,0.700153335895676,0.7277547250716829,-0.8394973738736894,-0.8987200597710754,-0.7802746879763034,-0.3418456534072412,-0.4037055476316151,-0.27998575918286733,0.4976517204664481,0.48835058831963446,0.5069528526132618,-0.04094781530911468,-0.04688356932921458,-0.035012061289014774,supported,supported,supported,False,,supported
H5B0264,X008,asymmetric_stress,3.1,0.1,32,99.2,9.920000000000002,89.28,14,14,0.1,0.1,9,9,0.0,0.0,0.0,0.5,6,6,0.0,0.3,0.3,0.3,0.5,0.5,False,20,0.7100586380919951,0.7004475586155676,0.7196697175684226,-1.5423701075027145,-1.6007250044519907,-1.4840152105534383,-0.5945320494431592,-0.6530213763673436,-0.5360427225189748,0.9478380580595556,0.9304302235217048,0.9652458925974063,-0.06997636107294715,-0.07627512623754842,-0.06367759590834587,supported,supported,supported,False,,supported
H5B0265,X009,asymmetric_stress,0.8,0.1,16,12.8,1.2800000000000002,11.52,28,28,0.1,0.5,4,4,0.0,0.0,0.0,0.7,12,12,0.3,0.3,0.7,0.7,0.1,0.1,True,20,0.0,0.0,0.0,0.0,0.0,0.0,0.0,0.0,0.0,0.0,0.0,0.0,0.0,0.0,0.0,inconclusive,inconclusive,inconclusive,False,insufficient_post_threshold_offer_exposure,inactive
H5B0265,X009,asymmetric_stress,0.8,0.1,16,12.8,1.2800000000000002,11.52,28,28,0.1,0.5,4,4,0.0,0.0,0.0,0.7,12,12,0.3,0.3,0.7,0.7,0.3,0.3,True,20,0.0,0.0,0.0,0.0,0.0,0.0,0.0,0.0,0.0,0.0,0.0,0.0,0.0,0.0,0.0,inconclusive,inconclusive,inconclusive,False,insufficient_post_threshold_offer_exposure,inactive
H5B0265,X009,asymmetric_stress,0.8,0.1,16,12.8,1.2800000000000002,11.52,28,28,0.1,0.5,4,4,0.0,0.0,0.0,0.7,12,12,0.3,0.3,0.7,0.7,0.5,0.5,False,20,0.0,0.0,0.0,0.0,0.0,0.0,0.0,0.0,0.0,0.0,0.0,0.0,0.0,0.0,0.0,inconclusive,inconclusive,inconclusive,False,insufficient_post_threshold_offer_exposure,inactive
H5B0266,X010,asymmetric_stress,3.1,0.5,64,198.4,99.2,99.2,21,21,0.3,0.3,12,12,0.3,0.3,0.3,0.3,9,9,0.3,0.3,0.7,0.7,0.1,0.4,True,20,0.0,0.0,0.0,0.0,0.0,0.0,0.0,0.0,0.0,0.0,0.0,0.0,0.0,0.0,0.0,inconclusive,inconclusive,inconclusive,False,insufficient_post_threshold_offer_exposure,inactive
H5B0266,X010,asymmetric_stress,3.1,0.5,64,198.4,99.2,99.2,21,21,0.3,0.3,12,12,0.3,0.3,0.3,0.3,9,9,0.3,0.3,0.7,0.7,0.3,0.6,True,20,0.0,0.0,0.0,0.0,0.0,0.0,0.0,0.0,0.0,0.0,0.0,0.0,0.0,0.0,0.0,inconclusive,inconclusive,inconclusive,False,insufficient_post_threshold_offer_exposure,inactive
H5B0267,X011,asymmetric_stress,0.8,0.9,32,25.6,23.040000000000003,2.56,21,21,0.0,0.0,9,9,0.1,0.1,0.1,0.5,9,9,0.5,0.5,0.5,0.7,0.1,0.2,True,20,0.0,0.0,0.0,0.0,0.0,0.0,0.0,0.0,0.0,0.0,0.0,0.0,0.0,0.0,0.0,inconclusive,inconclusive,inconclusive,False,insufficient_post_threshold_offer_exposure,inactive
H5B0267,X011,asymmetric_stress,0.8,0.9,32,25.6,23.040000000000003,2.56,21,21,0.0,0.0,9,9,0.1,0.1,0.1,0.5,9,9,0.5,0.5,0.5,0.7,0.3,0.4,True,20,0.0,0.0,0.0,0.0,0.0,0.0,0.0,0.0,0.0,0.0,0.0,0.0,0.0,0.0,0.0,inconclusive,inconclusive,inconclusive,False,insufficient_post_threshold_offer_exposure,inactive
H5B0267,X011,asymmetric_stress,0.8,0.9,32,25.6,23.040000000000003,2.56,21,21,0.0,0.0,9,9,0.1,0.1,0.1,0.5,9,9,0.5,0.5,0.5,0.7,0.5,0.6,False,20,0.0,0.0,0.0,0.0,0.0,0.0,0.0,0.0,0.0,0.0,0.0,0.0,0.0,0.0,0.0,inconclusive,inconclusive,inconclusive,False,insufficient_post_threshold_offer_exposure,inactive
H5B0268,X012,asymmetric_stress,3.1,0.3,32,99.2,29.76,69.44,7,7,0.3,0.3,4,4,0.1,0.1,0.1,0.7,4,4,0.5,0.5,0.7,0.7,0.1,0.2,True,20,0.4869822298291212,0.4637549549080968,0.5102095047501456,-0.08981117636749687,-0.10166910000447972,-0.07795325273051402,-0.02201599073872811,-0.03296843022614853,-0.011063551251307686,0.06779518562876877,0.06521859169292968,0.07037177956460786,-0.0012266636202057702,-0.0032519540237267172,0.0007986267833151768,inconclusive,inconclusive,inconclusive,False,accepted_delay;selection_gap;served_rate,inconclusive
H5B0268,X012,asymmetric_stress,3.1,0.3,32,99.2,29.76,69.44,7,7,0.3,0.3,4,4,0.1,0.1,0.1,0.7,4,4,0.5,0.5,0.7,0.7,0.3,0.4,True,20,0.45730283811540967,0.44986485874219495,0.4647408174886244,-0.27404277443739716,-0.28971350173128435,-0.25837204714351,-0.0612755514510992,-0.07552369595034886,-0.047027406951849544,0.21276722298629802,0.20976257235972992,0.21577187361286612,-0.004031233543898343,-0.007212544870139872,-0.0008499222176568148,supported,inconclusive,inconclusive,False,selection_gap;served_rate,inconclusive
H5B0268,X012,asymmetric_stress,3.1,0.3,32,99.2,29.76,69.44,7,7,0.3,0.3,4,4,0.1,0.1,0.1,0.7,4,4,0.5,0.5,0.7,0.7,0.5,0.6,False,20,0.42870907319790347,0.4216668541398829,0.435751292255924,-0.47183689954840374,-0.4846791388805596,-0.4589946602162479,-0.09048299079082105,-0.10299697533454996,-0.07796900624709213,0.3813539087575826,0.37684997976119833,0.3858578377539669,-0.008342023440504043,-0.011186110258557033,-0.0054979366224510535,supported,supported,supported,True,,supported
H5B0269,X013,asymmetric_stress,0.8,0.5,32,25.6,12.8,12.8,14,21,0.3,0.3,9,9,0.1,0.1,0.1,0.1,4,4,0.5,0.5,0.7,0.7,0.1,0.2,True,20,0.0,0.0,0.0,0.0,0.0,0.0,0.0,0.0,0.0,0.0,0.0,0.0,0.0,0.0,0.0,inconclusive,inconclusive,inconclusive,False,insufficient_post_threshold_offer_exposure,inactive
H5B0269,X013,asymmetric_stress,0.8,0.5,32,25.6,12.8,12.8,14,21,0.3,0.3,9,9,0.1,0.1,0.1,0.1,4,4,0.5,0.5,0.7,0.7,0.3,0.4,True,20,0.0,0.0,0.0,0.0,0.0,0.0,0.0,0.0,0.0,0.0,0.0,0.0,0.0,0.0,0.0,inconclusive,inconclusive,inconclusive,False,insufficient_post_threshold_offer_exposure,inactive
H5B0269,X013,asymmetric_stress,0.8,0.5,32,25.6,12.8,12.8,14,21,0.3,0.3,9,9,0.1,0.1,0.1,0.1,4,4,0.5,0.5,0.7,0.7,0.5,0.6,False,20,0.0,0.0,0.0,0.0,0.0,0.0,0.0,0.0,0.0,0.0,0.0,0.0,0.0,0.0,0.0,inconclusive,inconclusive,inconclusive,False,insufficient_post_threshold_offer_exposure,inactive
H5B0270,X014,asymmetric_stress,2.0,0.7,16,32.0,22.4,9.6,21,28,0.1,0.1,6,9,0.0,0.0,0.0,0.0,12,12,0.5,0.5,0.7,0.7,0.1,0.1,True,20,0.6996268632035485,0.6881062152546938,0.7111475111524032,-0.6592912556257027,-0.7350559289330133,-0.583526582318392,-0.5246879998922813,-0.5993187306250142,-0.45005726915954847,0.1346032557334212,0.1311771251145588,0.13802938635228357,-0.002004649885263049,-0.005265166266802653,0.0012558664962765555,supported,inconclusive,inconclusive,False,selection_gap;served_rate,inconclusive
H5B0270,X014,asymmetric_stress,2.0,0.7,16,32.0,22.4,9.6,21,28,0.1,0.1,6,9,0.0,0.0,0.0,0.0,12,12,0.5,0.5,0.7,0.7,0.3,0.3,True,20,0.6912503387150808,0.6839526666572859,0.6985480107728756,-1.990354414470407,-2.0789024394594295,-1.9018063894813846,-1.6292522737928805,-1.7202644441244164,-1.5382401034613447,0.3611021406775261,0.3553947865142144,0.3668094948408378,-0.012449652458994123,-0.01562847575085428,-0.009270829167133964,supported,supported,supported,False,,supported
H5B0270,X014,asymmetric_stress,2.0,0.7,16,32.0,22.4,9.6,21,28,0.1,0.1,6,9,0.0,0.0,0.0,0.0,12,12,0.5,0.5,0.7,0.7,0.5,0.5,False,20,0.5839107759554979,0.5733981399924605,0.5944234119185353,-2.86299578590203,-2.936761749342458,-2.7892298224616017,-2.354182742537619,-2.4288103479507117,-2.2795551371245266,0.5088130433644109,0.50288128345355,0.5147448032752718,-0.01878792365819989,-0.022146363015472063,-0.015429484300927714,supported,supported,supported,False,,supported
H5B0271,X015,asymmetric_stress,1.25,0.5,16,20.0,10.0,10.0,14,14,0.5,0.5,9,9,0.3,0.3,0.3,0.7,12,12,0.3,0.5,0.5,0.5,0.1,0.4,True,20,0.0,0.0,0.0,0.0,0.0,0.0,0.0,0.0,0.0,0.0,0.0,0.0,0.0,0.0,0.0,inconclusive,inconclusive,inconclusive,False,insufficient_post_threshold_offer_exposure,inactive
H5B0271,X015,asymmetric_stress,1.25,0.5,16,20.0,10.0,10.0,14,14,0.5,0.5,9,9,0.3,0.3,0.3,0.7,12,12,0.3,0.5,0.5,0.5,0.3,0.6,True,20,0.0,0.0,0.0,0.0,0.0,0.0,0.0,0.0,0.0,0.0,0.0,0.0,0.0,0.0,0.0,inconclusive,inconclusive,inconclusive,False,insufficient_post_threshold_offer_exposure,inactive
H5B0272,X016,asymmetric_stress,1.25,0.3,16,20.0,6.0,14.0,28,28,0.3,0.3,6,4,0.0,0.0,0.0,0.0,4,6,0.5,0.5,0.7,0.7,0.1,0.1,True,20,0.0,0.0,0.0,0.0,0.0,0.0,0.0,0.0,0.0,0.0,0.0,0.0,0.0,0.0,0.0,inconclusive,inconclusive,inconclusive,False,insufficient_post_threshold_offer_exposure,inactive
H5B0272,X016,asymmetric_stress,1.25,0.3,16,20.0,6.0,14.0,28,28,0.3,0.3,6,4,0.0,0.0,0.0,0.0,4,6,0.5,0.5,0.7,0.7,0.3,0.3,True,20,0.0,0.0,0.0,0.0,0.0,0.0,0.0,0.0,0.0,0.0,0.0,0.0,0.0,0.0,0.0,inconclusive,inconclusive,inconclusive,False,insufficient_post_threshold_offer_exposure,inactive
H5B0272,X016,asymmetric_stress,1.25,0.3,16,20.0,6.0,14.0,28,28,0.3,0.3,6,4,0.0,0.0,0.0,0.0,4,6,0.5,0.5,0.7,0.7,0.5,0.5,False,20,0.0,0.0,0.0,0.0,0.0,0.0,0.0,0.0,0.0,0.0,0.0,0.0,0.0,0.0,0.0,inconclusive,inconclusive,inconclusive,False,insufficient_post_threshold_offer_exposure,inactive
H5B0273,X017,asymmetric_stress,2.0,0.5,32,64.0,32.0,32.0,14,14,0.1,0.1,9,12,0.0,0.3,0.0,0.5,6,6,0.0,0.0,0.3,0.3,0.1,0.1,True,20,0.007797666456050886,0.005081478984683566,0.010513853927418207,-0.04245020965620609,-0.08952525599178292,0.0046248366793707335,-0.039644792064090904,-0.08711987033911725,0.007830286210935448,0.002805417592115189,0.0018511846611415183,0.00375965052308886,0.0005474840133013553,-0.0020074227623460283,0.003102390788948739,inconclusive,inconclusive,inconclusive,False,insufficient_post_threshold_offer_exposure,inactive
H5B0273,X017,asymmetric_stress,2.0,0.5,32,64.0,32.0,32.0,14,14,0.1,0.1,9,12,0.0,0.3,0.0,0.5,6,6,0.0,0.0,0.3,0.3,0.3,0.3,True,20,0.006797696336132711,0.00365790358835764,0.00993748908390778,-0.04837359890785513,-0.09161914705064153,-0.005128050765068719,-0.041027028004403346,-0.0855918383451441,0.0035377823363374056,0.0073465709034517875,0.00401322259154515,0.010679919215358425,0.0011952000309613463,-0.0027136818932388,0.005104081955161493,inconclusive,inconclusive,inconclusive,False,insufficient_post_threshold_offer_exposure,inactive
H5B0273,X017,asymmetric_stress,2.0,0.5,32,64.0,32.0,32.0,14,14,0.1,0.1,9,12,0.0,0.3,0.0,0.5,6,6,0.0,0.0,0.3,0.3,0.5,0.5,False,20,0.005346530588129097,0.003418954265312465,0.007274106910945729,-0.060976208164969625,-0.10186305758598688,-0.020089358743952374,-0.05127617588811302,-0.09373716583438266,-0.008815185941843377,0.009700032276856608,0.00627625899447908,0.013123805559234137,0.0032390583045769942,0.0004059958329876508,0.006072120776166338,inconclusive,inconclusive,inconclusive,False,insufficient_post_threshold_offer_exposure,inactive
H5B0274,X018,asymmetric_stress,1.25,0.9,64,80.0,72.0,7.999999999999998,7,7,0.5,0.5,4,4,0.1,0.1,0.1,0.7,4,4,0.5,0.7,0.7,0.7,0.1,0.2,True,20,0.0,0.0,0.0,0.0,0.0,0.0,0.0,0.0,0.0,0.0,0.0,0.0,0.0,0.0,0.0,inconclusive,inconclusive,inconclusive,False,insufficient_post_threshold_offer_exposure,inactive
H5B0274,X018,asymmetric_stress,1.25,0.9,64,80.0,72.0,7.999999999999998,7,7,0.5,0.5,4,4,0.1,0.1,0.1,0.7,4,4,0.5,0.7,0.7,0.7,0.3,0.4,True,20,0.0,0.0,0.0,0.0,0.0,0.0,0.0,0.0,0.0,0.0,0.0,0.0,0.0,0.0,0.0,inconclusive,inconclusive,inconclusive,False,insufficient_post_threshold_offer_exposure,inactive
H5B0274,X018,asymmetric_stress,1.25,0.9,64,80.0,72.0,7.999999999999998,7,7,0.5,0.5,4,4,0.1,0.1,0.1,0.7,4,4,0.5,0.7,0.7,0.7,0.5,0.6,False,20,0.0,0.0,0.0,0.0,0.0,0.0,0.0,0.0,0.0,0.0,0.0,0.0,0.0,0.0,0.0,inconclusive,inconclusive,inconclusive,False,insufficient_post_threshold_offer_exposure,inactive
H5B0275,X019,asymmetric_stress,1.25,0.1,64,80.0,8.0,72.0,14,14,0.1,0.3,6,6,0.0,0.0,0.0,0.1,9,9,0.0,0.0,0.1,0.1,0.1,0.1,True,20,0.0,0.0,0.0,0.0,0.0,0.0,0.0,0.0,0.0,0.0,0.0,0.0,0.0,0.0,0.0,inconclusive,inconclusive,inconclusive,False,insufficient_post_threshold_offer_exposure,inactive
H5B0275,X019,asymmetric_stress,1.25,0.1,64,80.0,8.0,72.0,14,14,0.1,0.3,6,6,0.0,0.0,0.0,0.1,9,9,0.0,0.0,0.1,0.1,0.3,0.3,True,20,0.0,0.0,0.0,0.0,0.0,0.0,0.0,0.0,0.0,0.0,0.0,0.0,0.0,0.0,0.0,inconclusive,inconclusive,inconclusive,False,insufficient_post_threshold_offer_exposure,inactive
H5B0275,X019,asymmetric_stress,1.25,0.1,64,80.0,8.0,72.0,14,14,0.1,0.3,6,6,0.0,0.0,0.0,0.1,9,9,0.0,0.0,0.1,0.1,0.5,0.5,False,20,0.0,0.0,0.0,0.0,0.0,0.0,0.0,0.0,0.0,0.0,0.0,0.0,0.0,0.0,0.0,inconclusive,inconclusive,inconclusive,False,insufficient_post_threshold_offer_exposure,inactive
H5B0276,X020,asymmetric_stress,4.0,0.1,32,128.0,12.8,115.2,28,28,0.5,0.5,12,12,0.0,0.3,0.0,0.5,9,9,0.0,0.0,0.1,0.1,0.1,0.1,True,20,0.0,0.0,0.0,0.0,0.0,0.0,0.0,0.0,0.0,0.0,0.0,0.0,0.0,0.0,0.0,inconclusive,inconclusive,inconclusive,False,insufficient_post_threshold_offer_exposure,inactive
H5B0276,X020,asymmetric_stress,4.0,0.1,32,128.0,12.8,115.2,28,28,0.5,0.5,12,12,0.0,0.3,0.0,0.5,9,9,0.0,0.0,0.1,0.1,0.3,0.3,True,20,0.0,0.0,0.0,0.0,0.0,0.0,0.0,0.0,0.0,0.0,0.0,0.0,0.0,0.0,0.0,inconclusive,inconclusive,inconclusive,False,insufficient_post_threshold_offer_exposure,inactive
H5B0276,X020,asymmetric_stress,4.0,0.1,32,128.0,12.8,115.2,28,28,0.5,0.5,12,12,0.0,0.3,0.0,0.5,9,9,0.0,0.0,0.1,0.1,0.5,0.5,False,20,0.0,0.0,0.0,0.0,0.0,0.0,0.0,0.0,0.0,0.0,0.0,0.0,0.0,0.0,0.0,inconclusive,inconclusive,inconclusive,False,insufficient_post_threshold_offer_exposure,inactive
H5B0277,X021,asymmetric_stress,3.1,0.9,16,49.6,44.64,4.959999999999999,28,21,0.3,0.3,4,4,0.0,0.0,0.0,0.3,6,6,0.3,0.3,0.7,0.3,0.1,0.1,True,20,0.6017333167175786,0.5919709974514673,0.6114956359836898,-0.32782612547967216,-0.3637622345246732,-0.2918900164346711,-0.22488800198982295,-0.26063444325636825,-0.18914156072327765,0.10293812348984921,0.1010891120948178,0.10478713488488062,0.0013382388973819561,-0.0009557446078565497,0.003632222402620462,supported,inconclusive,inconclusive,False,selection_gap;served_rate,inconclusive
H5B0277,X021,asymmetric_stress,3.1,0.9,16,49.6,44.64,4.959999999999999,28,21,0.3,0.3,4,4,0.0,0.0,0.0,0.3,6,6,0.3,0.3,0.7,0.3,0.3,0.3,True,20,0.6078287962245711,0.6025203156284828,0.6131372768206593,-0.9853330941509277,-1.0115919190218627,-0.9590742692799927,-0.6896074586392091,-0.7166575000909226,-0.6625574171874957,0.2957256355117187,0.2932456848867553,0.29820558613668213,0.010411979623247334,0.008225072717704524,0.012598886528790144,supported,supported,reversed,False,served_rate,reversed
H5B0277,X021,asymmetric_stress,3.1,0.9,16,49.6,44.64,4.959999999999999,28,21,0.3,0.3,4,4,0.0,0.0,0.0,0.3,6,6,0.3,0.3,0.7,0.3,0.5,0.5,False,20,0.5892555667959891,0.5847582397255564,0.5937528938664218,-1.575479503594813,-1.5981476434894952,-1.5528113637001308,-1.1261642828161516,-1.1491904760559073,-1.1031380895763958,0.4493152207786616,0.4461551357921471,0.4524753057651761,0.010279168564918787,0.008374912131293296,0.012183424998544279,supported,supported,reversed,False,served_rate,reversed
H5B0278,X022,asymmetric_stress,0.8,0.5,32,25.6,12.8,12.8,7,7,0.1,0.1,4,4,0.3,0.5,0.3,0.5,4,4,0.0,0.0,0.0,0.7,0.1,0.4,True,20,0.0,0.0,0.0,0.0,0.0,0.0,0.0,0.0,0.0,0.0,0.0,0.0,0.0,0.0,0.0,inconclusive,inconclusive,inconclusive,False,insufficient_post_threshold_offer_exposure,inactive
H5B0278,X022,asymmetric_stress,0.8,0.5,32,25.6,12.8,12.8,7,7,0.1,0.1,4,4,0.3,0.5,0.3,0.5,4,4,0.0,0.0,0.0,0.7,0.3,0.6,True,20,0.0,0.0,0.0,0.0,0.0,0.0,0.0,0.0,0.0,0.0,0.0,0.0,0.0,0.0,0.0,inconclusive,inconclusive,inconclusive,False,insufficient_post_threshold_offer_exposure,inactive
H5B0279,X023,asymmetric_stress,3.1,0.9,32,99.2,89.28,9.919999999999998,21,21,0.1,0.1,4,6,0.3,0.3,0.3,0.5,9,9,0.5,0.5,0.7,0.7,0.1,0.4,True,20,0.8262443844027836,0.8039879284585347,0.8485008403470324,-1.4015221712196968,-1.4522533651522618,-1.3507909772871318,-1.239089006937037,-1.2883529200206258,-1.1898250938534483,0.1624331642826598,0.15506052646585416,0.16980580209946544,0.0059374635428111906,0.004538981689513897,0.0073359453961084845,supported,inconclusive,reversed,False,selection_gap;served_rate,reversed
H5B0279,X023,asymmetric_stress,3.1,0.9,32,99.2,89.28,9.919999999999998,21,21,0.1,0.1,4,6,0.3,0.3,0.3,0.5,9,9,0.5,0.5,0.7,0.7,0.3,0.6,True,20,0.8169251071053487,0.8082965446366467,0.8255536695740507,-4.206964843737774,-4.250952853295624,-4.162976834179924,-3.8760744779101044,-3.92008106373452,-3.8320678920856888,0.33089036582766945,0.32506881382488556,0.33671191783045334,0.017469222200283144,0.01632971910916645,0.018608725291399838,supported,supported,reversed,False,served_rate,reversed
H5B0280,X024,asymmetric_stress,0.8,0.5,32,25.6,12.8,12.8,14,14,0.1,0.1,9,9,0.5,0.5,0.5,0.7,12,12,0.5,0.5,0.7,0.5,0.1,0.6,True,20,0.0,0.0,0.0,0.0,0.0,0.0,0.0,0.0,0.0,0.0,0.0,0.0,0.0,0.0,0.0,inconclusive,inconclusive,inconclusive,False,insufficient_post_threshold_offer_exposure,inactive
H5B0281,X025,asymmetric_stress,1.25,0.1,32,40.0,4.0,36.0,14,21,0.0,0.0,4,6,0.0,0.0,0.0,0.7,12,12,0.5,0.3,0.5,0.5,0.1,0.1,True,20,0.9739685045014266,0.9586147515110197,0.9893222574918334,-0.021215396379212548,-0.03597728868118863,-0.006453504077236466,-0.023438761532252883,-0.038086282326014714,-0.008791240738491052,-0.0022233651530403353,-0.003804963305690694,-0.0006417670003899768,-0.054295969368123406,-0.0606175887651407,-0.04797434997110611,inconclusive,inconclusive,supported,False,accepted_delay;selection_gap,inconclusive
H5B0281,X025,asymmetric_stress,1.25,0.1,32,40.0,4.0,36.0,14,21,0.0,0.0,4,6,0.0,0.0,0.0,0.7,12,12,0.5,0.3,0.5,0.5,0.3,0.3,True,20,0.9805223968656966,0.9678131087510069,0.9932316849803864,-0.05762554077406765,-0.0682372049326113,-0.047013876615524,-0.0564594813987739,-0.0656406500004124,-0.0472783127971354,0.0011660593752937487,-0.002832930061362114,0.005165048811949612,-0.148909543967225,-0.15443616377968755,-0.14338292415476245,inconclusive,inconclusive,supported,False,accepted_delay;selection_gap,inconclusive
H5B0281,X025,asymmetric_stress,1.25,0.1,32,40.0,4.0,36.0,14,21,0.0,0.0,4,6,0.0,0.0,0.0,0.7,12,12,0.5,0.3,0.5,0.5,0.5,0.5,False,20,0.9771687698010071,0.9633989266408982,0.990938612961116,-0.0878776065994252,-0.1010075512369442,-0.0747476619619062,-0.08410935874302772,-0.09782522443005948,-0.07039349305599596,0.0037682478563974887,-0.0007959428327422315,0.008332438545537208,-0.2468577176664078,-0.25336952382681,-0.24034591150600557,inconclusive,inconclusive,supported,False,accepted_delay;selection_gap,inconclusive
H5B0282,X026,asymmetric_stress,3.1,0.7,32,99.2,69.44,29.760000000000005,28,14,0.0,0.0,6,6,0.5,0.5,0.5,0.7,6,6,0.0,0.0,0.1,0.1,0.1,0.6,True,20,1.0,1.0,1.0,-10.381000495393327,-10.649627653612129,-10.112373337174525,-10.377338153436904,-10.653366519647774,-10.101309787226034,0.003662341956423276,-0.00893869500031665,0.016263378913163203,-0.05539109765037518,-0.05704699333304936,-0.05373520196770099,supported,inconclusive,supported,False,selection_gap,inconclusive
H5B0283,X027,asymmetric_stress,4.0,0.7,32,128.0,89.6,38.400000000000006,21,7,0.1,0.1,4,4,0.0,0.0,0.0,0.3,4,4,0.3,0.3,0.7,0.7,0.1,0.1,True,20,0.917379934844624,0.9089781011264303,0.9257817685628177,-0.8341746087322047,-0.8855463726470905,-0.782802844817319,-0.7165127250248514,-0.7695777871246052,-0.6634476629250976,0.11766188370735327,0.11359082516917757,0.12173294224552897,-0.00019397773762243748,-0.0010726469112475477,0.0006846914360026728,supported,inconclusive,inconclusive,False,selection_gap;served_rate,inconclusive
H5B0283,X027,asymmetric_stress,4.0,0.7,32,128.0,89.6,38.400000000000006,21,7,0.1,0.1,4,4,0.0,0.0,0.0,0.3,4,4,0.3,0.3,0.7,0.7,0.3,0.3,True,20,0.9153613019362334,0.9097992644135974,0.9209233394588695,-3.7621254715750725,-3.810474509985341,-3.7137764331648038,-3.4378893741880616,-3.4851781885922746,-3.3906005597838487,0.3242360973870103,0.3197357003911731,0.3287364943828475,0.0002868526304663457,-0.0005286334573214127,0.0011023387182541042,supported,supported,inconclusive,False,served_rate,inconclusive
H5B0283,X027,asymmetric_stress,4.0,0.7,32,128.0,89.6,38.400000000000006,21,7,0.1,0.1,4,4,0.0,0.0,0.0,0.3,4,4,0.3,0.3,0.7,0.7,0.5,0.5,False,20,0.9163837598948069,0.9139732445605508,0.918794275229063,-6.923819547634034,-6.974432146950958,-6.87320694831711,-6.476530765314109,-6.528841333314874,-6.424220197313344,0.44728878231992475,0.4425769694692725,0.452000595170577,-0.0009339709761130493,-0.002030483980233413,0.00016254202800731457,supported,supported,inconclusive,False,served_rate,inconclusive
H5B0284,X028,asymmetric_stress,3.1,0.9,64,198.4,178.56,19.84,28,14,0.1,0.1,12,12,0.0,0.1,0.0,0.1,9,9,0.0,0.0,0.1,0.7,0.1,0.1,True,20,0.608166509880141,0.6043099400818314,0.6120230796784506,-0.9709196465387351,-1.0223617655687354,-0.9194775275087347,-0.6971924813363637,-0.7497704314741978,-0.6446145311985296,0.2737271652023713,0.271424933023013,0.27602939738172955,0.0003869054642827496,-0.0006969162262349386,0.0014707271548004379,supported,supported,inconclusive,False,served_rate,inconclusive
H5B0284,X028,asymmetric_stress,3.1,0.9,64,198.4,178.56,19.84,28,14,0.1,0.1,12,12,0.0,0.1,0.0,0.1,9,9,0.0,0.0,0.1,0.7,0.3,0.3,True,20,0.6090269723417958,0.6066416474266607,0.6114122972569309,-2.959694714996435,-2.9978579181332035,-2.921531511859667,-2.2355065090954467,-2.2740764190301976,-2.1969365991606957,0.724188205900988,0.721431945259456,0.72694446654252,0.000952664906519235,8.787984797323939e-05,0.0018174499650652305,supported,supported,inconclusive,False,served_rate,inconclusive
H5B0284,X028,asymmetric_stress,3.1,0.9,64,198.4,178.56,19.84,28,14,0.1,0.1,12,12,0.0,0.1,0.0,0.1,9,9,0.0,0.0,0.1,0.7,0.5,0.5,False,20,0.5979081994814486,0.5958115837563812,0.6000048152065159,-4.330272593763176,-4.367841063517936,-4.2927041240084165,-3.2148940371836745,-3.251989873906322,-3.177798200461027,1.1153785565795018,1.1119177386859802,1.1188393744730234,-0.0110945749400819,-0.011966570882104928,-0.010222578998058873,supported,supported,supported,False,,supported
H5B0285,X029,asymmetric_stress,3.1,0.3,32,99.2,29.76,69.44,7,7,0.0,0.0,4,4,0.3,0.0,0.3,0.3,4,4,0.5,0.5,0.7,0.7,0.1,0.4,True,20,0.9970898697292869,0.9926642998821016,1.0015154395764723,0.0,0.0,0.0,0.0,0.0,0.0,0.0,0.0,0.0,-0.011292899182141311,-0.012762914359743978,-0.009822884004538644,inconclusive,inconclusive,supported,False,accepted_delay;selection_gap,inconclusive
H5B0285,X029,asymmetric_stress,3.1,0.3,32,99.2,29.76,69.44,7,7,0.0,0.0,4,4,0.3,0.0,0.3,0.3,4,4,0.5,0.5,0.7,0.7,0.3,0.6,True,20,1.0,1.0,1.0,-4.3610989969478095e-05,-0.00013488984101215522,4.766786107319905e-05,-1.716148961730113e-05,-5.308090019579083e-05,1.8757920961188567e-05,2.6449500352176968e-05,-2.8909940112010463e-05,8.18089408163644e-05,-0.03350128058183118,-0.03493511327884731,-0.032067447884815053,inconclusive,inconclusive,supported,False,accepted_delay;selection_gap,inconclusive
H5B0286,X030,asymmetric_stress,4.0,0.9,64,256.0,230.4,25.599999999999994,14,14,0.1,0.1,9,9,0.0,0.0,0.0,0.5,6,6,0.3,0.0,0.3,0.3,0.1,0.1,True,20,0.643325125630964,0.6369238717060484,0.6497263795558796,-0.014487286660779386,-0.023019424323558677,-0.005955148998000094,0.17311587030640724,0.1641196093080038,0.1821121313048107,0.18760315696718663,0.18596872979574028,0.18923758413863298,-0.0006539277985486037,-0.0011816795751878324,-0.0001261760219093748,inconclusive,inconclusive,inconclusive,False,accepted_delay;selection_gap;served_rate,inconclusive
H5B0286,X030,asymmetric_stress,4.0,0.9,64,256.0,230.4,25.599999999999994,14,14,0.1,0.1,9,9,0.0,0.0,0.0,0.5,6,6,0.3,0.0,0.3,0.3,0.3,0.3,True,20,0.7513739604861556,0.7479787536576824,0.7547691673146287,-0.04401053979534124,-0.051439775462212255,-0.03658130412847022,0.5744256330128956,0.5668544735255995,0.5819967925001918,0.6184361728082368,0.6151988924194528,0.6216734531970208,-0.0012906835553767259,-0.0020332471310117424,-0.0005481199797417092,inconclusive,supported,inconclusive,False,accepted_delay;served_rate,inconclusive
H5B0286,X030,asymmetric_stress,4.0,0.9,64,256.0,230.4,25.599999999999994,14,14,0.1,0.1,9,9,0.0,0.0,0.0,0.5,6,6,0.3,0.0,0.3,0.3,0.5,0.5,False,20,0.9020133788060601,0.8995410156031584,0.9044857420089619,-0.10557323175771946,-0.11316301089479094,-0.09798345262064798,1.0433237265646258,1.0358202016726883,1.0508272514565633,1.1488969583223452,1.1449697301529351,1.1528241864917552,-0.0032623054402834335,-0.004110926485788027,-0.00241368439477884,inconclusive,supported,inconclusive,False,accepted_delay;served_rate,inconclusive
H5B0287,X031,asymmetric_stress,1.25,0.3,32,40.0,12.0,28.0,28,28,0.3,0.3,9,9,0.0,0.0,0.0,0.7,12,12,0.3,0.3,0.3,0.3,0.1,0.1,True,20,0.0,0.0,0.0,0.0,0.0,0.0,0.0,0.0,0.0,0.0,0.0,0.0,0.0,0.0,0.0,inconclusive,inconclusive,inconclusive,False,insufficient_post_threshold_offer_exposure,inactive
H5B0287,X031,asymmetric_stress,1.25,0.3,32,40.0,12.0,28.0,28,28,0.3,0.3,9,9,0.0,0.0,0.0,0.7,12,12,0.3,0.3,0.3,0.3,0.3,0.3,True,20,0.0,0.0,0.0,0.0,0.0,0.0,0.0,0.0,0.0,0.0,0.0,0.0,0.0,0.0,0.0,inconclusive,inconclusive,inconclusive,False,insufficient_post_threshold_offer_exposure,inactive
H5B0287,X031,asymmetric_stress,1.25,0.3,32,40.0,12.0,28.0,28,28,0.3,0.3,9,9,0.0,0.0,0.0,0.7,12,12,0.3,0.3,0.3,0.3,0.5,0.5,False,20,0.0,0.0,0.0,0.0,0.0,0.0,0.0,0.0,0.0,0.0,0.0,0.0,0.0,0.0,0.0,inconclusive,inconclusive,inconclusive,False,insufficient_post_threshold_offer_exposure,inactive
H5B0288,X032,asymmetric_stress,0.8,0.7,32,25.6,17.919999999999998,7.6800000000000015,14,14,0.5,0.5,12,12,0.0,0.0,0.0,0.3,12,12,0.5,0.5,0.5,0.7,0.1,0.1,True,20,0.0,0.0,0.0,0.0,0.0,0.0,0.0,0.0,0.0,0.0,0.0,0.0,0.0,0.0,0.0,inconclusive,inconclusive,inconclusive,False,insufficient_post_threshold_offer_exposure,inactive
H5B0288,X032,asymmetric_stress,0.8,0.7,32,25.6,17.919999999999998,7.6800000000000015,14,14,0.5,0.5,12,12,0.0,0.0,0.0,0.3,12,12,0.5,0.5,0.5,0.7,0.3,0.3,True,20,0.0,0.0,0.0,0.0,0.0,0.0,0.0,0.0,0.0,0.0,0.0,0.0,0.0,0.0,0.0,inconclusive,inconclusive,inconclusive,False,insufficient_post_threshold_offer_exposure,inactive
H5B0288,X032,asymmetric_stress,0.8,0.7,32,25.6,17.919999999999998,7.6800000000000015,14,14,0.5,0.5,12,12,0.0,0.0,0.0,0.3,12,12,0.5,0.5,0.5,0.7,0.5,0.5,False,20,0.0,0.0,0.0,0.0,0.0,0.0,0.0,0.0,0.0,0.0,0.0,0.0,0.0,0.0,0.0,inconclusive,inconclusive,inconclusive,False,insufficient_post_threshold_offer_exposure,inactive
H5B0289,X033,asymmetric_stress,1.25,0.3,64,80.0,24.0,56.0,14,14,0.1,0.1,12,12,0.0,0.0,0.0,0.0,6,6,0.3,0.3,0.7,0.3,0.1,0.1,True,20,0.0,0.0,0.0,0.0,0.0,0.0,0.0,0.0,0.0,0.0,0.0,0.0,0.0,0.0,0.0,inconclusive,inconclusive,inconclusive,False,insufficient_post_threshold_offer_exposure,inactive
H5B0289,X033,asymmetric_stress,1.25,0.3,64,80.0,24.0,56.0,14,14,0.1,0.1,12,12,0.0,0.0,0.0,0.0,6,6,0.3,0.3,0.7,0.3,0.3,0.3,True,20,0.0,0.0,0.0,0.0,0.0,0.0,0.0,0.0,0.0,0.0,0.0,0.0,0.0,0.0,0.0,inconclusive,inconclusive,inconclusive,False,insufficient_post_threshold_offer_exposure,inactive
H5B0289,X033,asymmetric_stress,1.25,0.3,64,80.0,24.0,56.0,14,14,0.1,0.1,12,12,0.0,0.0,0.0,0.0,6,6,0.3,0.3,0.7,0.3,0.5,0.5,False,20,0.0,0.0,0.0,0.0,0.0,0.0,0.0,0.0,0.0,0.0,0.0,0.0,0.0,0.0,0.0,inconclusive,inconclusive,inconclusive,False,insufficient_post_threshold_offer_exposure,inactive
H5B0290,X034,asymmetric_stress,1.25,0.9,16,20.0,18.0,2.0,28,28,0.0,0.0,4,4,0.0,0.0,0.0,0.3,6,9,0.0,0.5,0.5,0.5,0.1,0.1,True,20,0.9974718382847181,0.9927499387358044,1.0021937378336319,-3.484272328393345,-3.9850456469965776,-2.983499009790113,-3.4753791462490207,-3.976885030148866,-2.9738732623491755,0.008893182144325528,-0.0029232658000050513,0.02070963008865611,0.012366242111752,0.004359202709990033,0.020373281513513967,supported,inconclusive,reversed,False,selection_gap;served_rate,reversed
H5B0290,X034,asymmetric_stress,1.25,0.9,16,20.0,18.0,2.0,28,28,0.0,0.0,4,4,0.0,0.0,0.0,0.3,6,9,0.0,0.5,0.5,0.5,0.3,0.3,True,20,0.7283575459153698,0.7077703713266913,0.7489447205040484,-19.316909806641505,-19.504594211761813,-19.129225401521197,-19.230001464071666,-19.418133237467455,-19.041869690675878,0.0869083425698376,0.08526358355761333,0.08855310158206185,0.38050884498024046,0.3738692356042898,0.3871484543561911,supported,inconclusive,reversed,False,selection_gap;served_rate,reversed
H5B0290,X034,asymmetric_stress,1.25,0.9,16,20.0,18.0,2.0,28,28,0.0,0.0,4,4,0.0,0.0,0.0,0.3,6,9,0.0,0.5,0.5,0.5,0.5,0.5,False,20,0.45012939385155726,0.4399664225077278,0.46029236519538674,-19.70331237575748,-19.889386787793416,-19.517237963721545,-19.547003146822725,-19.733319529263404,-19.360686764382045,0.1563092289347571,0.1543379298596343,0.1582805280098799,0.37442373060130063,0.36817110375951556,0.3806763574430857,supported,inconclusive,reversed,False,selection_gap;served_rate,reversed
H5B0291,X035,asymmetric_stress,0.8,0.1,16,12.8,1.2800000000000002,11.52,28,28,0.5,0.5,4,4,0.0,0.0,0.0,0.3,6,12,0.3,0.3,0.7,0.7,0.1,0.1,True,20,0.0,0.0,0.0,0.0,0.0,0.0,0.0,0.0,0.0,0.0,0.0,0.0,0.0,0.0,0.0,inconclusive,inconclusive,inconclusive,False,insufficient_post_threshold_offer_exposure,inactive
H5B0291,X035,asymmetric_stress,0.8,0.1,16,12.8,1.2800000000000002,11.52,28,28,0.5,0.5,4,4,0.0,0.0,0.0,0.3,6,12,0.3,0.3,0.7,0.7,0.3,0.3,True,20,0.0,0.0,0.0,0.0,0.0,0.0,0.0,0.0,0.0,0.0,0.0,0.0,0.0,0.0,0.0,inconclusive,inconclusive,inconclusive,False,insufficient_post_threshold_offer_exposure,inactive
H5B0291,X035,asymmetric_stress,0.8,0.1,16,12.8,1.2800000000000002,11.52,28,28,0.5,0.5,4,4,0.0,0.0,0.0,0.3,6,12,0.3,0.3,0.7,0.7,0.5,0.5,False,20,0.0,0.0,0.0,0.0,0.0,0.0,0.0,0.0,0.0,0.0,0.0,0.0,0.0,0.0,0.0,inconclusive,inconclusive,inconclusive,False,insufficient_post_threshold_offer_exposure,inactive
H5B0292,X036,asymmetric_stress,4.0,0.9,64,256.0,230.4,25.599999999999994,14,14,0.1,0.1,9,9,0.0,0.0,0.0,0.7,6,6,0.0,0.0,0.3,0.3,0.1,0.1,True,20,0.6581848337327694,0.6525602905899189,0.6638093768756198,0.0014508960553223816,-0.006176113905740723,0.009077906016385487,0.19004238816644312,0.18252896558941537,0.19755581074347087,0.18859149211112075,0.18692426083784391,0.1902587233843976,-0.0007010311100626276,-0.0012146684007811274,-0.0001873938193441277,inconclusive,inconclusive,inconclusive,False,accepted_delay;selection_gap;served_rate,inconclusive
H5B0292,X036,asymmetric_stress,4.0,0.9,64,256.0,230.4,25.599999999999994,14,14,0.1,0.1,9,9,0.0,0.0,0.0,0.7,6,6,0.0,0.0,0.3,0.3,0.3,0.3,True,20,0.7626539152172966,0.7605602607066481,0.7647475697279452,-0.0241127068347069,-0.030508115714963542,-0.017717297954450255,0.5907297252236948,0.5840425524945612,0.5974168979528285,0.6148424320584017,0.6134762233897735,0.61620864072703,-0.00038603986258019946,-0.0010437147831574565,0.00027163505799705757,inconclusive,supported,inconclusive,False,accepted_delay;served_rate,inconclusive
H5B0292,X036,asymmetric_stress,4.0,0.9,64,256.0,230.4,25.599999999999994,14,14,0.1,0.1,9,9,0.0,0.0,0.0,0.7,6,6,0.0,0.0,0.3,0.3,0.5,0.5,False,20,0.913738680615128,0.9111959031547681,0.9162814580754879,-0.06353020244233684,-0.07130680493913291,-0.05575359994554078,1.0618667367406978,1.0549705017867403,1.0687629716946552,1.1253969391830345,1.122307476239542,1.128486402126527,-0.0019268075440188686,-0.0026614840023206185,-0.0011921310857171187,inconclusive,supported,inconclusive,False,accepted_delay;served_rate,inconclusive
H5B0293,X037,asymmetric_stress,3.1,0.1,64,198.4,19.840000000000003,178.56,14,14,0.3,0.3,12,12,0.5,0.5,0.5,0.7,4,4,0.5,0.5,0.7,0.5,0.1,0.6,True,20,0.0,0.0,0.0,0.0,0.0,0.0,0.0,0.0,0.0,0.0,0.0,0.0,0.0,0.0,0.0,inconclusive,inconclusive,inconclusive,False,insufficient_post_threshold_offer_exposure,inactive
H5B0294,X038,asymmetric_stress,0.8,0.1,64,51.2,5.120000000000001,46.080000000000005,28,28,0.1,0.5,6,12,0.0,0.0,0.0,0.1,12,12,0.0,0.0,0.1,0.1,0.1,0.1,True,20,0.0,0.0,0.0,0.0,0.0,0.0,0.0,0.0,0.0,0.0,0.0,0.0,0.0,0.0,0.0,inconclusive,inconclusive,inconclusive,False,insufficient_post_threshold_offer_exposure,inactive
H5B0294,X038,asymmetric_stress,0.8,0.1,64,51.2,5.120000000000001,46.080000000000005,28,28,0.1,0.5,6,12,0.0,0.0,0.0,0.1,12,12,0.0,0.0,0.1,0.1,0.3,0.3,True,20,0.0,0.0,0.0,0.0,0.0,0.0,0.0,0.0,0.0,0.0,0.0,0.0,0.0,0.0,0.0,inconclusive,inconclusive,inconclusive,False,insufficient_post_threshold_offer_exposure,inactive
H5B0294,X038,asymmetric_stress,0.8,0.1,64,51.2,5.120000000000001,46.080000000000005,28,28,0.1,0.5,6,12,0.0,0.0,0.0,0.1,12,12,0.0,0.0,0.1,0.1,0.5,0.5,False,20,0.0,0.0,0.0,0.0,0.0,0.0,0.0,0.0,0.0,0.0,0.0,0.0,0.0,0.0,0.0,inconclusive,inconclusive,inconclusive,False,insufficient_post_threshold_offer_exposure,inactive
H5B0295,X039,asymmetric_stress,1.25,0.3,32,40.0,12.0,28.0,28,28,0.3,0.3,9,9,0.0,0.1,0.0,0.1,12,12,0.3,0.3,0.3,0.3,0.1,0.1,True,20,0.0,0.0,0.0,0.0,0.0,0.0,0.0,0.0,0.0,0.0,0.0,0.0,0.0,0.0,0.0,inconclusive,inconclusive,inconclusive,False,insufficient_post_threshold_offer_exposure,inactive
H5B0295,X039,asymmetric_stress,1.25,0.3,32,40.0,12.0,28.0,28,28,0.3,0.3,9,9,0.0,0.1,0.0,0.1,12,12,0.3,0.3,0.3,0.3,0.3,0.3,True,20,0.0,0.0,0.0,0.0,0.0,0.0,0.0,0.0,0.0,0.0,0.0,0.0,0.0,0.0,0.0,inconclusive,inconclusive,inconclusive,False,insufficient_post_threshold_offer_exposure,inactive
H5B0295,X039,asymmetric_stress,1.25,0.3,32,40.0,12.0,28.0,28,28,0.3,0.3,9,9,0.0,0.1,0.0,0.1,12,12,0.3,0.3,0.3,0.3,0.5,0.5,False,20,0.0,0.0,0.0,0.0,0.0,0.0,0.0,0.0,0.0,0.0,0.0,0.0,0.0,0.0,0.0,inconclusive,inconclusive,inconclusive,False,insufficient_post_threshold_offer_exposure,inactive
H5B0296,X040,asymmetric_stress,3.1,0.5,32,99.2,49.6,49.6,14,21,0.1,0.1,12,12,0.3,0.3,0.3,0.3,6,6,0.5,0.5,0.5,0.5,0.1,0.4,True,20,0.22271047450934436,0.1922796515336645,0.25314129748502423,-0.1001077526106962,-0.13486723369218867,-0.06534827152920372,0.00981400533547161,-0.028533866406754746,0.048161877077697965,0.1099217579461678,0.09720248701580873,0.12264102887652688,-0.000489121412493014,-0.0022463905876197194,0.0012681477626336913,inconclusive,inconclusive,inconclusive,False,accepted_delay;selection_gap;served_rate,inconclusive
H5B0296,X040,asymmetric_stress,3.1,0.5,32,99.2,49.6,49.6,14,21,0.1,0.1,12,12,0.3,0.3,0.3,0.3,6,6,0.5,0.5,0.5,0.5,0.3,0.6,True,20,0.1573082287960847,0.1444899066616288,0.17012655093054058,-0.2687771884415729,-0.29135788509717925,-0.24619649178596653,-0.03250378479007816,-0.05606914584365779,-0.008938423736498537,0.2362734036514947,0.22161425458599582,0.2509325527169936,-0.002677344469045069,-0.004595642673893218,-0.0007590462641969206,supported,inconclusive,inconclusive,False,selection_gap;served_rate,inconclusive
H5B0297,X041,asymmetric_stress,0.8,0.9,64,51.2,46.080000000000005,5.119999999999999,28,28,0.0,0.0,4,4,0.0,0.0,0.0,0.3,4,12,0.3,0.3,0.3,0.5,0.1,0.1,True,20,0.0,0.0,0.0,0.0,0.0,0.0,0.0,0.0,0.0,0.0,0.0,0.0,0.0,0.0,0.0,inconclusive,inconclusive,inconclusive,False,insufficient_post_threshold_offer_exposure,inactive
H5B0297,X041,asymmetric_stress,0.8,0.9,64,51.2,46.080000000000005,5.119999999999999,28,28,0.0,0.0,4,4,0.0,0.0,0.0,0.3,4,12,0.3,0.3,0.3,0.5,0.3,0.3,True,20,0.0,0.0,0.0,0.0,0.0,0.0,0.0,0.0,0.0,0.0,0.0,0.0,0.0,0.0,0.0,inconclusive,inconclusive,inconclusive,False,insufficient_post_threshold_offer_exposure,inactive
H5B0297,X041,asymmetric_stress,0.8,0.9,64,51.2,46.080000000000005,5.119999999999999,28,28,0.0,0.0,4,4,0.0,0.0,0.0,0.3,4,12,0.3,0.3,0.3,0.5,0.5,0.5,False,20,0.0,0.0,0.0,0.0,0.0,0.0,0.0,0.0,0.0,0.0,0.0,0.0,0.0,0.0,0.0,inconclusive,inconclusive,inconclusive,False,insufficient_post_threshold_offer_exposure,inactive
H5B0298,X042,asymmetric_stress,0.8,0.5,16,12.8,6.4,6.4,21,21,0.3,0.3,4,9,0.3,0.3,0.3,0.7,9,6,0.7,0.7,0.7,0.7,0.1,0.4,True,20,0.0,0.0,0.0,0.0,0.0,0.0,0.0,0.0,0.0,0.0,0.0,0.0,0.0,0.0,0.0,inconclusive,inconclusive,inconclusive,False,insufficient_post_threshold_offer_exposure,inactive
H5B0298,X042,asymmetric_stress,0.8,0.5,16,12.8,6.4,6.4,21,21,0.3,0.3,4,9,0.3,0.3,0.3,0.7,9,6,0.7,0.7,0.7,0.7,0.3,0.6,True,20,0.0,0.0,0.0,0.0,0.0,0.0,0.0,0.0,0.0,0.0,0.0,0.0,0.0,0.0,0.0,inconclusive,inconclusive,inconclusive,False,insufficient_post_threshold_offer_exposure,inactive
H5B0299,X043,asymmetric_stress,0.8,0.7,32,25.6,17.919999999999998,7.6800000000000015,21,21,0.0,0.0,4,4,0.5,0.1,0.5,0.7,12,12,0.3,0.3,0.3,0.3,0.1,0.6,True,20,0.0,0.0,0.0,0.0,0.0,0.0,0.0,0.0,0.0,0.0,0.0,0.0,0.0,0.0,0.0,inconclusive,inconclusive,inconclusive,False,insufficient_post_threshold_offer_exposure,inactive
H5B0300,X044,asymmetric_stress,4.0,0.3,32,128.0,38.4,89.6,28,21,0.0,0.0,9,9,0.0,0.0,0.0,0.0,4,4,0.0,0.0,0.7,0.0,0.1,0.1,True,20,1.0,1.0,1.0,-0.37997757867896864,-0.42905536759174534,-0.33089978976619194,-0.3801256691043788,-0.4295621437958658,-0.33068919441289174,-0.00014809042541017448,-0.0011260304649460698,0.0008298496141257208,0.0010249679599618408,-0.0014862924310726686,0.0035362283509963502,supported,inconclusive,inconclusive,False,selection_gap;served_rate,inconclusive
H5B0300,X044,asymmetric_stress,4.0,0.3,32,128.0,38.4,89.6,28,21,0.0,0.0,9,9,0.0,0.0,0.0,0.0,4,4,0.0,0.0,0.7,0.0,0.3,0.3,True,20,1.0,1.0,1.0,-5.990921398971094,-6.008251562894593,-5.973591235047595,-5.990834605199834,-6.008011380188075,-5.973657830211593,8.679377126092902e-05,-0.0005463729853372021,0.00071996052785906,-0.038235247925471644,-0.04042841360502713,-0.03604208224591616,supported,inconclusive,supported,False,selection_gap,inconclusive
H5B0300,X044,asymmetric_stress,4.0,0.3,32,128.0,38.4,89.6,28,21,0.0,0.0,9,9,0.0,0.0,0.0,0.0,4,4,0.0,0.0,0.7,0.0,0.5,0.5,False,20,1.0,1.0,1.0,-6.089670142393089,-6.105828841131878,-6.073511443654301,-6.091497631224145,-6.1072816818292015,-6.075713580619089,-0.0018274888310550353,-0.0028900340380013465,-0.0007649436241087243,-0.09538548833684365,-0.09713868802805892,-0.09363228864562839,supported,inconclusive,supported,False,selection_gap,inconclusive
H5B0301,X045,asymmetric_stress,3.1,0.1,32,99.2,9.920000000000002,89.28,28,28,0.5,0.5,12,12,0.0,0.3,0.0,0.5,4,4,0.7,0.7,0.7,0.7,0.1,0.1,True,20,0.0,0.0,0.0,0.0,0.0,0.0,0.0,0.0,0.0,0.0,0.0,0.0,0.0,0.0,0.0,inconclusive,inconclusive,inconclusive,False,insufficient_post_threshold_offer_exposure,inactive
H5B0301,X045,asymmetric_stress,3.1,0.1,32,99.2,9.920000000000002,89.28,28,28,0.5,0.5,12,12,0.0,0.3,0.0,0.5,4,4,0.7,0.7,0.7,0.7,0.3,0.3,True,20,0.0,0.0,0.0,0.0,0.0,0.0,0.0,0.0,0.0,0.0,0.0,0.0,0.0,0.0,0.0,inconclusive,inconclusive,inconclusive,False,insufficient_post_threshold_offer_exposure,inactive
H5B0301,X045,asymmetric_stress,3.1,0.1,32,99.2,9.920000000000002,89.28,28,28,0.5,0.5,12,12,0.0,0.3,0.0,0.5,4,4,0.7,0.7,0.7,0.7,0.5,0.5,False,20,0.0,0.0,0.0,0.0,0.0,0.0,0.0,0.0,0.0,0.0,0.0,0.0,0.0,0.0,0.0,inconclusive,inconclusive,inconclusive,False,insufficient_post_threshold_offer_exposure,inactive
H5B0302,X046,asymmetric_stress,2.0,0.5,32,64.0,32.0,32.0,28,28,0.1,0.1,6,9,0.1,0.1,0.1,0.5,9,9,0.0,0.0,0.7,0.7,0.1,0.2,True,20,0.6589292350957012,0.635165572261199,0.6826928979302035,-0.4233410380582191,-0.47351562185699714,-0.37316645425944106,-0.3010073195674175,-0.35172541191007806,-0.25028922722475694,0.12233371849080155,0.11728848425797554,0.12737895272362756,-0.005942317679343323,-0.009916164613924914,-0.0019684707447617314,supported,inconclusive,supported,False,selection_gap,inconclusive
H5B0302,X046,asymmetric_stress,2.0,0.5,32,64.0,32.0,32.0,28,28,0.1,0.1,6,9,0.1,0.1,0.1,0.5,9,9,0.0,0.0,0.7,0.7,0.3,0.4,True,20,0.6074290990031754,0.5942242030532274,0.6206339949531234,-1.266085819902288,-1.301386427200303,-1.2307852126042729,-0.9263356852530352,-0.963957783837388,-0.8887135866686825,0.33975013464925286,0.33211877787743926,0.34738149142106645,-0.03663352370107945,-0.040273934392128424,-0.03299311301003048,supported,supported,supported,False,,supported
H5B0302,X046,asymmetric_stress,2.0,0.5,32,64.0,32.0,32.0,28,28,0.1,0.1,6,9,0.1,0.1,0.1,0.5,9,9,0.0,0.0,0.7,0.7,0.5,0.6,False,20,0.475199993100762,0.46280168341079825,0.48759830279072575,-1.7255206902470408,-1.7613198743772482,-1.6897215061168334,-1.2333342975221107,-1.268765394496264,-1.1979032005479573,0.49218639272493014,0.4830367211949984,0.5013360642548619,-0.05379025886253497,-0.057480316820595984,-0.05010020090447395,supported,supported,supported,False,,supported
H5B0303,X047,asymmetric_stress,1.25,0.3,16,20.0,6.0,14.0,28,21,0.1,0.1,12,12,0.0,0.1,0.0,0.3,4,4,0.5,0.5,0.5,0.5,0.1,0.1,True,20,0.0,0.0,0.0,0.0,0.0,0.0,0.0,0.0,0.0,0.0,0.0,0.0,0.0,0.0,0.0,inconclusive,inconclusive,inconclusive,False,insufficient_post_threshold_offer_exposure,inactive
H5B0303,X047,asymmetric_stress,1.25,0.3,16,20.0,6.0,14.0,28,21,0.1,0.1,12,12,0.0,0.1,0.0,0.3,4,4,0.5,0.5,0.5,0.5,0.3,0.3,True,20,0.0,0.0,0.0,0.0,0.0,0.0,0.0,0.0,0.0,0.0,0.0,0.0,0.0,0.0,0.0,inconclusive,inconclusive,inconclusive,False,insufficient_post_threshold_offer_exposure,inactive
H5B0303,X047,asymmetric_stress,1.25,0.3,16,20.0,6.0,14.0,28,21,0.1,0.1,12,12,0.0,0.1,0.0,0.3,4,4,0.5,0.5,0.5,0.5,0.5,0.5,False,20,0.0,0.0,0.0,0.0,0.0,0.0,0.0,0.0,0.0,0.0,0.0,0.0,0.0,0.0,0.0,inconclusive,inconclusive,inconclusive,False,insufficient_post_threshold_offer_exposure,inactive
H5B0304,X048,asymmetric_stress,4.0,0.3,32,128.0,38.4,89.6,14,14,0.0,0.5,6,6,0.3,0.7,0.3,0.7,4,4,0.7,0.7,0.7,0.7,0.1,0.4,True,20,0.03181498621571491,0.008230096648841508,0.05539987578258831,0.006426120256037615,-0.04049238093895993,0.05334462145103516,0.007889804221545482,-0.03859106635150779,0.054370674794598756,0.0014636839655078671,-0.002880186137884931,0.005807554068900666,0.00012365225392916567,-0.0015840707863458247,0.001831375294204156,inconclusive,inconclusive,inconclusive,False,accepted_delay;selection_gap;served_rate,inconclusive
H5B0304,X048,asymmetric_stress,4.0,0.3,32,128.0,38.4,89.6,14,14,0.0,0.5,6,6,0.3,0.7,0.3,0.7,4,4,0.7,0.7,0.7,0.7,0.3,0.6,True,20,0.006531907735418519,0.0016129798801228319,0.011450835590714206,-0.010910216514286208,-0.08154763581473184,0.05972720278615942,-0.005294964295731841,-0.07670557492166843,0.06611564633020475,0.005615252218554368,8.511654380198488e-05,0.011145387893306751,-0.0006874360475345856,-0.0027120753291339475,0.0013372032340647762,inconclusive,inconclusive,inconclusive,False,insufficient_post_threshold_offer_exposure,inactive
H5B0305,X049,asymmetric_stress,4.0,0.3,16,64.0,19.2,44.8,14,21,0.3,0.3,6,6,0.0,0.7,0.0,0.7,6,6,0.0,0.0,0.7,0.7,0.1,0.1,True,20,0.0006391004377974514,4.951792135229546e-05,0.0012286829542426073,-0.004081050856577994,-0.00929192151688676,0.0011298198037307727,-0.0038503435760081305,-0.008970981329685851,0.0012702941776695903,0.000230707280569864,1.7109287020391898e-05,0.0004443052741193361,0.0010380415066480603,-0.0005567897656708334,0.002632872778966954,inconclusive,inconclusive,inconclusive,False,insufficient_post_threshold_offer_exposure,inactive
H5B0305,X049,asymmetric_stress,4.0,0.3,16,64.0,19.2,44.8,14,21,0.3,0.3,6,6,0.0,0.7,0.0,0.7,6,6,0.0,0.0,0.7,0.7,0.3,0.3,True,20,0.0004482171718493327,7.334817357432108e-05,0.0008230861701243443,-0.0031484709333291947,-0.019967530469267122,0.013670588602608731,-0.002665636263420379,-0.019441141070895892,0.014109868544055135,0.00048283466990881594,7.910968277890666e-05,0.0008865596570387252,0.0011901428138151704,-0.0004943184613150195,0.00287460408894536,inconclusive,inconclusive,inconclusive,False,insufficient_post_threshold_offer_exposure,inactive
H5B0305,X049,asymmetric_stress,4.0,0.3,16,64.0,19.2,44.8,14,21,0.3,0.3,6,6,0.0,0.7,0.0,0.7,6,6,0.0,0.0,0.7,0.7,0.5,0.5,False,20,0.0003692283270845566,0.00014559266349078399,0.0005928639906783292,-0.010193451093723115,-0.031260657743095624,0.01087375555564939,-0.009526037405586196,-0.030592840052611738,0.011540765241439344,0.0006674136881369197,0.0002658295004401048,0.0010689978758337344,0.002036783917930779,-0.0007613309400063086,0.004834898775867867,inconclusive,inconclusive,inconclusive,False,insufficient_post_threshold_offer_exposure,inactive
H5B0306,X050,asymmetric_stress,3.1,0.9,16,49.6,44.64,4.959999999999999,21,28,0.5,0.5,9,9,0.5,0.5,0.5,0.5,4,12,0.5,0.5,0.7,0.5,0.1,0.6,True,20,0.0,0.0,0.0,0.0,0.0,0.0,0.0,0.0,0.0,0.0,0.0,0.0,0.0,0.0,0.0,inconclusive,inconclusive,inconclusive,False,insufficient_post_threshold_offer_exposure,inactive
H5B0307,X051,asymmetric_stress,1.25,0.1,16,20.0,2.0,18.0,14,21,0.5,0.0,12,12,0.1,0.1,0.1,0.1,9,9,0.3,0.3,0.5,0.3,0.1,0.2,True,20,0.04699630800042693,-0.000584800743744042,0.09457741674459791,0.0001184472188615171,-0.17033406405360507,0.17057095849132808,0.0163958260387179,-0.14976254470300807,0.18255419678044385,0.01627737881985638,0.0008413631112030983,0.03171339452850966,-0.00011873911051332001,-0.0003126099630326374,7.513174200599737e-05,inconclusive,inconclusive,inconclusive,False,accepted_delay;selection_gap;served_rate,inconclusive
H5B0307,X051,asymmetric_stress,1.25,0.1,16,20.0,2.0,18.0,14,21,0.5,0.0,12,12,0.1,0.1,0.1,0.1,9,9,0.3,0.3,0.5,0.3,0.3,0.4,True,20,0.03724738449111564,0.0033272153263140883,0.0711675536559172,-0.07483184870783348,-0.3466374607206453,0.1969737633049783,-0.029540598338858626,-0.30367375575000877,0.2445925590722915,0.045291250368974856,0.01441036806007025,0.07617213267787946,-0.00014581093801656046,-0.000529972255241088,0.0002383503792079671,inconclusive,inconclusive,inconclusive,False,accepted_delay;selection_gap;served_rate,inconclusive
H5B0307,X051,asymmetric_stress,1.25,0.1,16,20.0,2.0,18.0,14,21,0.5,0.0,12,12,0.1,0.1,0.1,0.1,9,9,0.3,0.3,0.5,0.3,0.5,0.6,False,20,0.03409457931301831,0.002881370496105859,0.06530778812993077,-0.11486939127434251,-0.38699786047992546,0.15725907793124047,-0.0263672037045116,-0.29475411271878527,0.24201970530976205,0.0885021875698309,0.021606119904965318,0.15539825523469647,0.0001741202119374898,-0.00024820039828719653,0.0005964408221621762,inconclusive,inconclusive,inconclusive,False,accepted_delay;selection_gap;served_rate,inconclusive
H5B0308,X052,asymmetric_stress,4.0,0.7,32,128.0,89.6,38.400000000000006,21,14,0.1,0.1,12,12,0.3,0.3,0.3,0.7,12,12,0.0,0.0,0.5,0.5,0.1,0.4,True,20,0.5582313703273459,0.5417171427347717,0.5747455979199202,-0.6855076703200835,-0.7296204115921019,-0.6413949290480652,-0.4164022635124557,-0.4585774022656049,-0.3742271247593065,0.26910540680762784,0.2573642494227319,0.2808465641925238,-0.00267138258431851,-0.003622591453464579,-0.0017201737151724416,supported,supported,inconclusive,False,served_rate,inconclusive
H5B0308,X052,asymmetric_stress,4.0,0.7,32,128.0,89.6,38.400000000000006,21,14,0.1,0.1,12,12,0.3,0.3,0.3,0.7,12,12,0.0,0.0,0.5,0.5,0.3,0.6,True,20,0.4747395076835185,0.4673149626666919,0.4821640527003451,-1.5594028005701102,-1.5976052242491372,-1.5212003768910831,-0.8129983051305466,-0.8485885382279914,-0.7774080720331018,0.7464044954395634,0.7353880039651576,0.7574209869139693,-0.0014131201061013746,-0.0026659367890484167,-0.00016030342315433263,supported,supported,inconclusive,False,served_rate,inconclusive
H5B0309,X053,asymmetric_stress,0.8,0.9,32,25.6,23.040000000000003,2.56,14,14,0.5,0.5,6,6,0.0,0.0,0.0,0.7,9,9,0.0,0.0,0.7,0.7,0.1,0.1,True,20,0.0,0.0,0.0,0.0,0.0,0.0,0.0,0.0,0.0,0.0,0.0,0.0,0.0,0.0,0.0,inconclusive,inconclusive,inconclusive,False,insufficient_post_threshold_offer_exposure,inactive
H5B0309,X053,asymmetric_stress,0.8,0.9,32,25.6,23.040000000000003,2.56,14,14,0.5,0.5,6,6,0.0,0.0,0.0,0.7,9,9,0.0,0.0,0.7,0.7,0.3,0.3,True,20,0.0,0.0,0.0,0.0,0.0,0.0,0.0,0.0,0.0,0.0,0.0,0.0,0.0,0.0,0.0,inconclusive,inconclusive,inconclusive,False,insufficient_post_threshold_offer_exposure,inactive
H5B0309,X053,asymmetric_stress,0.8,0.9,32,25.6,23.040000000000003,2.56,14,14,0.5,0.5,6,6,0.0,0.0,0.0,0.7,9,9,0.0,0.0,0.7,0.7,0.5,0.5,False,20,0.0,0.0,0.0,0.0,0.0,0.0,0.0,0.0,0.0,0.0,0.0,0.0,0.0,0.0,0.0,inconclusive,inconclusive,inconclusive,False,insufficient_post_threshold_offer_exposure,inactive
H5B0310,X054,asymmetric_stress,1.25,0.5,16,20.0,10.0,10.0,21,21,0.0,0.0,6,6,0.0,0.0,0.0,0.1,9,9,0.0,0.3,0.0,0.3,0.1,0.1,True,20,0.9930258692717198,0.9867690036017044,0.9992827349417351,-0.5314439749831443,-0.7473378699571771,-0.31555008000911156,-0.5279788536544047,-0.7466767093919907,-0.3092809979168186,0.003465121328739684,-0.0051308690355456234,0.012061111693024993,-0.044627122814657666,-0.0525174666621044,-0.036736778967210934,supported,inconclusive,supported,False,selection_gap,inconclusive
H5B0310,X054,asymmetric_stress,1.25,0.5,16,20.0,10.0,10.0,21,21,0.0,0.0,6,6,0.0,0.0,0.0,0.1,9,9,0.0,0.3,0.0,0.3,0.3,0.3,True,20,0.9977334133893725,0.9929893930919295,1.0024774336868154,-9.336784740669932,-10.113330982529472,-8.560238498810392,-9.305866276834548,-10.079590963743513,-8.532141589925583,0.030918463835383835,0.019257849390855376,0.042579078279912294,-0.14264548133920257,-0.15017749318856258,-0.13511346948984257,supported,inconclusive,supported,False,selection_gap,inconclusive
H5B0310,X054,asymmetric_stress,1.25,0.5,16,20.0,10.0,10.0,21,21,0.0,0.0,6,6,0.0,0.0,0.0,0.1,9,9,0.0,0.3,0.0,0.3,0.5,0.5,False,20,0.7020852561359521,0.6845692429231952,0.7196012693487089,-12.044446063645626,-12.175583815651551,-11.913308311639701,-11.87034441693047,-12.00026160460763,-11.74042722925331,0.17410164671515557,0.16992922332181956,0.17827407010849158,-0.17662097252408424,-0.18592051106576135,-0.16732143398240712,supported,inconclusive,supported,False,selection_gap,inconclusive
H5B0311,X055,asymmetric_stress,4.0,0.3,64,256.0,76.8,179.2,7,7,0.3,0.3,4,4,0.0,0.0,0.0,0.7,4,4,0.5,0.5,0.5,0.7,0.1,0.1,True,20,0.7037962318643127,0.694339503859742,0.7132529598688835,-0.061023380685152694,-0.06921290600269887,-0.052833855367606514,0.013542270861135953,0.005372407195123706,0.0217121345271482,0.07456565154628865,0.07349596227906428,0.07563534081351302,-0.0018154035922871652,-0.003329989096240782,-0.0003008180883335484,inconclusive,inconclusive,inconclusive,False,accepted_delay;selection_gap;served_rate,inconclusive
H5B0311,X055,asymmetric_stress,4.0,0.3,64,256.0,76.8,179.2,7,7,0.3,0.3,4,4,0.0,0.0,0.0,0.7,4,4,0.5,0.5,0.5,0.7,0.3,0.3,True,20,0.7207589963833259,0.7174449822908785,0.7240730104757732,-0.3473424057639959,-0.3568371172617421,-0.33784769426624967,-0.10950449465798373,-0.11896664909149765,-0.10004234022446981,0.23783791110601213,0.23672889490759982,0.23894692730442443,-0.007737936622821309,-0.009090578963583342,-0.0063852942820592775,supported,inconclusive,supported,False,selection_gap,inconclusive
H5B0311,X055,asymmetric_stress,4.0,0.3,64,256.0,76.8,179.2,7,7,0.3,0.3,4,4,0.0,0.0,0.0,0.7,4,4,0.5,0.5,0.5,0.7,0.5,0.5,False,20,0.7186190175278628,0.714999196598277,0.7222388384574486,-0.7966016010402215,-0.8047697457393502,-0.7884334563410927,-0.37609032489504185,-0.38405966354831655,-0.36812098624176715,0.42051127614517964,0.41874715489559267,0.4222753973947666,-0.016837460463563353,-0.01816662878776907,-0.015508292139357636,supported,supported,supported,False,,supported
H5B0313,X058,asymmetric_stress,3.1,0.9,64,198.4,178.56,19.84,28,28,0.1,0.1,12,12,0.0,0.0,0.0,0.1,9,6,0.0,0.0,0.7,0.7,0.1,0.1,True,20,0.6129983156131315,0.6095239563054103,0.6164726749208526,-0.9386403403121587,-0.9926057435328415,-0.8846749370914759,-0.6370608334259027,-0.6911208911862686,-0.5830007756655368,0.3015795068862559,0.2997881746167092,0.3033708391558026,-0.0012316456753471746,-0.0024734746612225726,1.0183310528223341e-05,supported,supported,inconclusive,False,served_rate,inconclusive
H5B0313,X058,asymmetric_stress,3.1,0.9,64,198.4,178.56,19.84,28,28,0.1,0.1,12,12,0.0,0.0,0.0,0.1,9,6,0.0,0.0,0.7,0.7,0.3,0.3,True,20,0.6132828275095019,0.6107011964788841,0.6158644585401197,-2.9385340911568645,-2.9827680349539993,-2.8943001473597296,-2.105075487074063,-2.149378963484507,-2.0607720106636194,0.8334586040828015,0.8300248789371873,0.8368923292284156,-0.0014414564807676473,-0.002372878507264821,-0.0005100344542704736,supported,supported,inconclusive,False,served_rate,inconclusive
H5B0313,X058,asymmetric_stress,3.1,0.9,64,198.4,178.56,19.84,28,28,0.1,0.1,12,12,0.0,0.0,0.0,0.1,9,6,0.0,0.0,0.7,0.7,0.5,0.5,False,20,0.6085473709312372,0.6058814189949694,0.6112133228675051,-4.900869804238647,-4.944038284481189,-4.857701323996106,-3.7377100531269876,-3.78157219272899,-3.6938479135249853,1.1631597511116607,1.1584851778861918,1.1678343243371296,-0.002892964427149744,-0.003906361593495582,-0.001879567260803906,supported,supported,inconclusive,False,served_rate,inconclusive
H5B0314,X059,asymmetric_stress,4.0,0.1,32,128.0,12.8,115.2,28,28,0.5,0.5,12,12,0.0,0.0,0.0,0.5,6,9,0.0,0.0,0.1,0.1,0.1,0.1,True,20,0.0,0.0,0.0,0.0,0.0,0.0,0.0,0.0,0.0,0.0,0.0,0.0,0.0,0.0,0.0,inconclusive,inconclusive,inconclusive,False,insufficient_post_threshold_offer_exposure,inactive
H5B0314,X059,asymmetric_stress,4.0,0.1,32,128.0,12.8,115.2,28,28,0.5,0.5,12,12,0.0,0.0,0.0,0.5,6,9,0.0,0.0,0.1,0.1,0.3,0.3,True,20,0.0,0.0,0.0,0.0,0.0,0.0,0.0,0.0,0.0,0.0,0.0,0.0,0.0,0.0,0.0,inconclusive,inconclusive,inconclusive,False,insufficient_post_threshold_offer_exposure,inactive
H5B0314,X059,asymmetric_stress,4.0,0.1,32,128.0,12.8,115.2,28,28,0.5,0.5,12,12,0.0,0.0,0.0,0.5,6,9,0.0,0.0,0.1,0.1,0.5,0.5,False,20,0.0,0.0,0.0,0.0,0.0,0.0,0.0,0.0,0.0,0.0,0.0,0.0,0.0,0.0,0.0,inconclusive,inconclusive,inconclusive,False,insufficient_post_threshold_offer_exposure,inactive
H5B0315,X060,asymmetric_stress,1.25,0.1,64,80.0,8.0,72.0,14,14,0.1,0.1,6,9,0.0,0.0,0.0,0.5,6,6,0.0,0.0,0.3,0.3,0.1,0.1,True,20,0.0,0.0,0.0,0.0,0.0,0.0,0.0,0.0,0.0,0.0,0.0,0.0,0.0,0.0,0.0,inconclusive,inconclusive,inconclusive,False,insufficient_post_threshold_offer_exposure,inactive
H5B0315,X060,asymmetric_stress,1.25,0.1,64,80.0,8.0,72.0,14,14,0.1,0.1,6,9,0.0,0.0,0.0,0.5,6,6,0.0,0.0,0.3,0.3,0.3,0.3,True,20,0.0,0.0,0.0,0.0,0.0,0.0,0.0,0.0,0.0,0.0,0.0,0.0,0.0,0.0,0.0,inconclusive,inconclusive,inconclusive,False,insufficient_post_threshold_offer_exposure,inactive
H5B0315,X060,asymmetric_stress,1.25,0.1,64,80.0,8.0,72.0,14,14,0.1,0.1,6,9,0.0,0.0,0.0,0.5,6,6,0.0,0.0,0.3,0.3,0.5,0.5,False,20,0.0,0.0,0.0,0.0,0.0,0.0,0.0,0.0,0.0,0.0,0.0,0.0,0.0,0.0,0.0,inconclusive,inconclusive,inconclusive,False,insufficient_post_threshold_offer_exposure,inactive
H5B0316,X061,asymmetric_stress,2.0,0.9,64,128.0,115.2,12.799999999999995,14,28,0.5,0.5,9,4,0.5,0.3,0.5,0.5,9,9,0.0,0.0,0.5,0.5,0.1,0.6,True,20,0.0,0.0,0.0,0.0,0.0,0.0,0.0,0.0,0.0,0.0,0.0,0.0,0.0,0.0,0.0,inconclusive,inconclusive,inconclusive,False,insufficient_post_threshold_offer_exposure,inactive
H5B0317,X062,asymmetric_stress,4.0,0.5,16,64.0,32.0,32.0,14,14,0.0,0.3,4,4,0.0,0.0,0.0,0.1,4,12,0.5,0.5,0.5,0.5,0.1,0.1,True,20,0.9787975826979716,0.9690340972341995,0.9885610681617436,-0.1724074543875548,-0.20281026397370985,-0.14200464480139977,-0.11317926762382999,-0.14311301612336072,-0.08324551912429926,0.05922818676372481,0.0535165463082094,0.06493982721924021,-0.002619224471123005,-0.004724397586751172,-0.0005140513554948382,inconclusive,inconclusive,inconclusive,False,accepted_delay;selection_gap;served_rate,inconclusive
H5B0317,X062,asymmetric_stress,4.0,0.5,16,64.0,32.0,32.0,14,14,0.0,0.3,4,4,0.0,0.0,0.0,0.1,4,12,0.5,0.5,0.5,0.5,0.3,0.3,True,20,1.0,1.0,1.0,-0.5769053512731731,-0.6038551321545409,-0.5499555703918053,-0.3433730514843849,-0.37009488043828226,-0.31665122253048755,0.23353229978878823,0.22446425282389273,0.24260034675368372,-0.008029359824652676,-0.010524111783547337,-0.005534607865758014,supported,inconclusive,supported,False,selection_gap,inconclusive
H5B0317,X062,asymmetric_stress,4.0,0.5,16,64.0,32.0,32.0,14,14,0.0,0.3,4,4,0.0,0.0,0.0,0.1,4,12,0.5,0.5,0.5,0.5,0.5,0.5,False,20,1.0,1.0,1.0,-1.2590857461544815,-1.296307683234951,-1.2218638090740122,-0.7089196767425888,-0.7347167775282477,-0.6831225759569299,0.5501660694118928,0.5357637025854409,0.5645684362383447,-0.01765214930648324,-0.02013190522208353,-0.015172393390882952,supported,supported,supported,False,,supported
H5B0318,X063,asymmetric_stress,0.8,0.3,64,51.2,15.36,35.84,21,21,0.0,0.3,12,6,0.1,0.1,0.1,0.1,4,4,0.0,0.0,0.7,0.7,0.1,0.2,True,20,0.0,0.0,0.0,0.0,0.0,0.0,0.0,0.0,0.0,0.0,0.0,0.0,0.0,0.0,0.0,inconclusive,inconclusive,inconclusive,False,insufficient_post_threshold_offer_exposure,inactive
H5B0318,X063,asymmetric_stress,0.8,0.3,64,51.2,15.36,35.84,21,21,0.0,0.3,12,6,0.1,0.1,0.1,0.1,4,4,0.0,0.0,0.7,0.7,0.3,0.4,True,20,0.0,0.0,0.0,0.0,0.0,0.0,0.0,0.0,0.0,0.0,0.0,0.0,0.0,0.0,0.0,inconclusive,inconclusive,inconclusive,False,insufficient_post_threshold_offer_exposure,inactive
H5B0318,X063,asymmetric_stress,0.8,0.3,64,51.2,15.36,35.84,21,21,0.0,0.3,12,6,0.1,0.1,0.1,0.1,4,4,0.0,0.0,0.7,0.7,0.5,0.6,False,20,0.0,0.0,0.0,0.0,0.0,0.0,0.0,0.0,0.0,0.0,0.0,0.0,0.0,0.0,0.0,inconclusive,inconclusive,inconclusive,False,insufficient_post_threshold_offer_exposure,inactive
H5B0319,X064,asymmetric_stress,4.0,0.7,16,64.0,44.8,19.200000000000003,7,7,0.3,0.5,4,4,0.3,0.3,0.3,0.5,4,4,0.7,0.3,0.7,0.7,0.1,0.4,True,20,0.5725650309344772,0.5443040003896612,0.6008260614792932,-0.15968474372680266,-0.17276964026539107,-0.14659984718821426,-0.049770163125469224,-0.06471158931660323,-0.034828736934335226,0.10991458060133344,0.10473225308337639,0.11509690811929049,-0.000640490947554049,-0.0017138659062041052,0.0004328840110960073,inconclusive,inconclusive,inconclusive,False,accepted_delay;selection_gap;served_rate,inconclusive
H5B0319,X064,asymmetric_stress,4.0,0.7,16,64.0,44.8,19.200000000000003,7,7,0.3,0.5,4,4,0.3,0.3,0.3,0.5,4,4,0.7,0.3,0.7,0.7,0.3,0.6,True,20,0.4803493833840907,0.46560573021103996,0.4950930365571415,-0.5702359702082781,-0.5798098752254901,-0.5606620651910661,-0.26137179730199833,-0.2730962546870624,-0.24964733991693427,0.30886417290627954,0.3026326163188524,0.3150957294937067,-0.0019154573888865844,-0.0029658422605469727,-0.0008650725172261958,supported,supported,inconclusive,False,served_rate,inconclusive
H5B0320,X065,asymmetric_stress,1.25,0.1,32,40.0,4.0,36.0,14,14,0.3,0.3,4,4,0.1,0.3,0.1,0.3,6,6,0.0,0.0,0.7,0.7,0.1,0.2,True,20,0.0,0.0,0.0,0.0,0.0,0.0,0.0,0.0,0.0,0.0,0.0,0.0,0.0,0.0,0.0,inconclusive,inconclusive,inconclusive,False,insufficient_post_threshold_offer_exposure,inactive
H5B0320,X065,asymmetric_stress,1.25,0.1,32,40.0,4.0,36.0,14,14,0.3,0.3,4,4,0.1,0.3,0.1,0.3,6,6,0.0,0.0,0.7,0.7,0.3,0.4,True,20,0.0,0.0,0.0,0.0,0.0,0.0,0.0,0.0,0.0,0.0,0.0,0.0,0.0,0.0,0.0,inconclusive,inconclusive,inconclusive,False,insufficient_post_threshold_offer_exposure,inactive
H5B0320,X065,asymmetric_stress,1.25,0.1,32,40.0,4.0,36.0,14,14,0.3,0.3,4,4,0.1,0.3,0.1,0.3,6,6,0.0,0.0,0.7,0.7,0.5,0.6,False,20,0.0,0.0,0.0,0.0,0.0,0.0,0.0,0.0,0.0,0.0,0.0,0.0,0.0,0.0,0.0,inconclusive,inconclusive,inconclusive,False,insufficient_post_threshold_offer_exposure,inactive
H5B0321,X066,asymmetric_stress,3.1,0.7,16,49.6,34.72,14.880000000000004,28,28,0.5,0.5,4,4,0.1,0.3,0.1,0.7,12,12,0.5,0.5,0.7,0.7,0.1,0.2,True,20,0.09970278690631611,0.08425728745179684,0.11514828636083538,-0.03113809126539744,-0.044576277614086175,-0.017699904916708704,-0.008447526929087346,-0.023053942889151,0.006158889030976309,0.022690564336310094,0.020531082200737297,0.02485004647188289,0.00024248848417912777,-0.0014000840247978751,0.0018850609931561305,inconclusive,inconclusive,inconclusive,False,accepted_delay;selection_gap;served_rate,inconclusive
H5B0321,X066,asymmetric_stress,3.1,0.7,16,49.6,34.72,14.880000000000004,28,28,0.5,0.5,4,4,0.1,0.3,0.1,0.7,12,12,0.5,0.5,0.7,0.7,0.3,0.4,True,20,0.10374013430016046,0.0973223720482372,0.11015789655208373,-0.09022374561846022,-0.10442229241122973,-0.07602519882569071,-0.017963441128814362,-0.03375251810876107,-0.0021743641488676524,0.07226030448964586,0.06816484038179196,0.07635576859749976,-0.000754627385429181,-0.0024753409722712526,0.0009660862014128905,inconclusive,inconclusive,inconclusive,False,accepted_delay;selection_gap;served_rate,inconclusive
H5B0321,X066,asymmetric_stress,3.1,0.7,16,49.6,34.72,14.880000000000004,28,28,0.5,0.5,4,4,0.1,0.3,0.1,0.7,12,12,0.5,0.5,0.7,0.7,0.5,0.6,False,20,0.09242832699793131,0.08605666842958593,0.0987999855662767,-0.13199856533124943,-0.1460909071517243,-0.11790622351077457,-0.01715651053883458,-0.032526200339287645,-0.0017868207383815136,0.11484205479241485,0.10903669913304928,0.12064741045178043,-0.0002851869527173825,-0.0022518574914407196,0.0016814835860059544,inconclusive,inconclusive,inconclusive,False,accepted_delay;selection_gap;served_rate,inconclusive
H5B0322,X067,asymmetric_stress,3.1,0.9,16,49.6,44.64,4.959999999999999,21,21,0.3,0.3,9,4,0.0,0.0,0.0,0.3,6,6,0.3,0.3,0.7,0.7,0.1,0.1,True,20,0.007008356669757447,0.005733062901338017,0.008283650438176877,0.031956295066977745,0.0031646880074807093,0.06074790212647478,0.035241457406575936,0.006244889519805192,0.06423802529334668,0.003285162339598191,0.0027009430254779044,0.0038693816537184776,-0.0012677798349278568,-0.0030177695787944533,0.00048220990893873997,inconclusive,inconclusive,inconclusive,False,insufficient_post_threshold_offer_exposure,inactive
H5B0322,X067,asymmetric_stress,3.1,0.9,16,49.6,44.64,4.959999999999999,21,21,0.3,0.3,9,4,0.0,0.0,0.0,0.3,6,6,0.3,0.3,0.7,0.7,0.3,0.3,True,20,0.0049108726276804555,0.0038542112472904934,0.005967534008070418,-0.012213950733312995,-0.04630299259168958,0.02187509112506359,-0.005228252350325402,-0.03977754865492477,0.029321043954273963,0.006985698382987593,0.005502329094748954,0.008469067671226233,4.4250647248737786e-05,-0.001891638145261369,0.0019801394397588445,inconclusive,inconclusive,inconclusive,False,insufficient_post_threshold_offer_exposure,inactive
H5B0322,X067,asymmetric_stress,3.1,0.9,16,49.6,44.64,4.959999999999999,21,21,0.3,0.3,9,4,0.0,0.0,0.0,0.3,6,6,0.3,0.3,0.7,0.7,0.5,0.5,False,20,0.004937623344811225,0.003856959130938226,0.0060182875586842245,-0.0012482474174039027,-0.029926062571563085,0.027429567736755277,0.010365290355449464,-0.02002781780060895,0.04075839851150788,0.011613537772853367,0.009125253131611695,0.014101822414095038,-0.0007370760575579671,-0.0026418533430694053,0.001167701227953471,inconclusive,inconclusive,inconclusive,False,insufficient_post_threshold_offer_exposure,inactive
H5B0323,X068,asymmetric_stress,2.0,0.9,64,128.0,115.2,12.799999999999995,28,21,0.5,0.5,9,9,0.5,0.5,0.5,0.5,9,9,0.0,0.0,0.5,0.5,0.1,0.6,True,20,0.0,0.0,0.0,0.0,0.0,0.0,0.0,0.0,0.0,0.0,0.0,0.0,0.0,0.0,0.0,inconclusive,inconclusive,inconclusive,False,insufficient_post_threshold_offer_exposure,inactive
H5B0324,X069,asymmetric_stress,0.8,0.9,16,12.8,11.52,1.2799999999999998,7,7,0.5,0.5,4,4,0.1,0.1,0.1,0.7,4,4,0.3,0.0,0.3,0.5,0.1,0.2,True,20,0.0,0.0,0.0,0.0,0.0,0.0,0.0,0.0,0.0,0.0,0.0,0.0,0.0,0.0,0.0,inconclusive,inconclusive,inconclusive,False,insufficient_post_threshold_offer_exposure,inactive
H5B0324,X069,asymmetric_stress,0.8,0.9,16,12.8,11.52,1.2799999999999998,7,7,0.5,0.5,4,4,0.1,0.1,0.1,0.7,4,4,0.3,0.0,0.3,0.5,0.3,0.4,True,20,0.0,0.0,0.0,0.0,0.0,0.0,0.0,0.0,0.0,0.0,0.0,0.0,0.0,0.0,0.0,inconclusive,inconclusive,inconclusive,False,insufficient_post_threshold_offer_exposure,inactive
H5B0324,X069,asymmetric_stress,0.8,0.9,16,12.8,11.52,1.2799999999999998,7,7,0.5,0.5,4,4,0.1,0.1,0.1,0.7,4,4,0.3,0.0,0.3,0.5,0.5,0.6,False,20,0.0,0.0,0.0,0.0,0.0,0.0,0.0,0.0,0.0,0.0,0.0,0.0,0.0,0.0,0.0,inconclusive,inconclusive,inconclusive,False,insufficient_post_threshold_offer_exposure,inactive
H5B0325,X070,asymmetric_stress,4.0,0.3,16,64.0,19.2,44.8,14,14,0.0,0.5,4,12,0.1,0.0,0.1,0.5,6,6,0.0,0.0,0.5,0.5,0.1,0.2,True,20,0.9874679630749569,0.974250156594968,1.0006857695549456,-0.3723980768654105,-0.4199906947694484,-0.3248054589613726,-0.2911353920215535,-0.3374731411478008,-0.24479764289530614,0.08126268484385699,0.06675819954896484,0.09576717013874914,0.0014203633749676036,-0.004649058258338008,0.007489785008273216,supported,inconclusive,inconclusive,False,selection_gap;served_rate,inconclusive
H5B0325,X070,asymmetric_stress,4.0,0.3,16,64.0,19.2,44.8,14,14,0.0,0.5,4,12,0.1,0.0,0.1,0.5,6,6,0.0,0.0,0.5,0.5,0.3,0.4,True,20,0.9701995317547555,0.9577744970289458,0.9826245664805652,-2.762449028886185,-2.8524075467772847,-2.6724905109950856,-2.3479016962713737,-2.4324660907040028,-2.2633373018387446,0.4145473326148119,0.4033427198142197,0.4257519454154041,0.0060279427981754395,0.000675442515193656,0.011380443081157224,supported,supported,reversed,False,served_rate,reversed
H5B0325,X070,asymmetric_stress,4.0,0.3,16,64.0,19.2,44.8,14,14,0.0,0.5,4,12,0.1,0.0,0.1,0.5,6,6,0.0,0.0,0.5,0.5,0.5,0.6,False,20,0.8284045778095409,0.8210400153826292,0.8357691402364527,-5.22983203198535,-5.2854701997581,-5.174193864212601,-4.368448885902497,-4.418159320822352,-4.318738450982642,0.8613831460828537,0.8487350812587896,0.8740312109069178,0.00278421811185271,-0.0019327248360164005,0.0075011610597218205,supported,supported,inconclusive,False,served_rate,inconclusive
H5B0326,X071,asymmetric_stress,1.25,0.3,16,20.0,6.0,14.0,21,21,0.0,0.0,6,6,0.1,0.3,0.1,0.3,6,6,0.7,0.5,0.7,0.5,0.1,0.2,True,20,0.0,0.0,0.0,0.0,0.0,0.0,0.0,0.0,0.0,0.0,0.0,0.0,0.0,0.0,0.0,inconclusive,inconclusive,inconclusive,False,insufficient_post_threshold_offer_exposure,inactive
H5B0326,X071,asymmetric_stress,1.25,0.3,16,20.0,6.0,14.0,21,21,0.0,0.0,6,6,0.1,0.3,0.1,0.3,6,6,0.7,0.5,0.7,0.5,0.3,0.4,True,20,0.0,0.0,0.0,0.0,0.0,0.0,0.0,0.0,0.0,0.0,0.0,0.0,0.0,0.0,0.0,inconclusive,inconclusive,inconclusive,False,insufficient_post_threshold_offer_exposure,inactive
H5B0326,X071,asymmetric_stress,1.25,0.3,16,20.0,6.0,14.0,21,21,0.0,0.0,6,6,0.1,0.3,0.1,0.3,6,6,0.7,0.5,0.7,0.5,0.5,0.6,False,20,0.0,0.0,0.0,0.0,0.0,0.0,0.0,0.0,0.0,0.0,0.0,0.0,0.0,0.0,0.0,inconclusive,inconclusive,inconclusive,False,insufficient_post_threshold_offer_exposure,inactive
H5B0327,X072,asymmetric_stress,4.0,0.1,32,128.0,12.8,115.2,28,28,0.5,0.5,12,12,0.3,0.0,0.3,0.5,9,9,0.0,0.0,0.1,0.1,0.1,0.4,True,20,0.0,0.0,0.0,0.0,0.0,0.0,0.0,0.0,0.0,0.0,0.0,0.0,0.0,0.0,0.0,inconclusive,inconclusive,inconclusive,False,insufficient_post_threshold_offer_exposure,inactive
H5B0327,X072,asymmetric_stress,4.0,0.1,32,128.0,12.8,115.2,28,28,0.5,0.5,12,12,0.3,0.0,0.3,0.5,9,9,0.0,0.0,0.1,0.1,0.3,0.6,True,20,0.0,0.0,0.0,0.0,0.0,0.0,0.0,0.0,0.0,0.0,0.0,0.0,0.0,0.0,0.0,inconclusive,inconclusive,inconclusive,False,insufficient_post_threshold_offer_exposure,inactive
H5B0328,X073,asymmetric_stress,4.0,0.7,32,128.0,89.6,38.400000000000006,28,7,0.1,0.1,4,4,0.0,0.0,0.0,0.3,4,4,0.3,0.3,0.7,0.7,0.1,0.1,True,20,0.9028615520421275,0.8944778044122883,0.9112452996719667,-1.3980269241608672,-1.4680579646130258,-1.3279958837087085,-1.2802972723101527,-1.3497105469791448,-1.2108839976411605,0.11772965185071449,0.11505613389214649,0.12040316980928249,-0.0008545134400124048,-0.0023802890995138935,0.0006712622194890839,supported,inconclusive,inconclusive,False,selection_gap;served_rate,inconclusive
H5B0328,X073,asymmetric_stress,4.0,0.7,32,128.0,89.6,38.400000000000006,28,7,0.1,0.1,4,4,0.0,0.0,0.0,0.3,4,4,0.3,0.3,0.7,0.7,0.3,0.3,True,20,0.8994874859790885,0.8941125722034651,0.9048623997547118,-4.304172329930351,-4.375076069695758,-4.233268590164944,-3.979936232543339,-4.04944630699544,-3.9104261580912376,0.3242360973870103,0.3197357003911731,0.3287364943828475,-0.0001648522597663439,-0.0013843771731172475,0.0010546726535845597,supported,supported,inconclusive,False,served_rate,inconclusive
H5B0328,X073,asymmetric_stress,4.0,0.7,32,128.0,89.6,38.400000000000006,28,7,0.1,0.1,4,4,0.0,0.0,0.0,0.3,4,4,0.3,0.3,0.7,0.7,0.5,0.5,False,20,0.9005197557592993,0.8979126088793917,0.9031269026392069,-7.4658664059893125,-7.522660324411672,-7.409072487566953,-7.018577623669389,-7.075902402244261,-6.961252845094516,0.44728878231992475,0.4425769694692725,0.452000595170577,-0.001385675866345739,-0.0027701188208511655,-1.2329118403123403e-06,supported,supported,inconclusive,False,served_rate,inconclusive
H5B0329,X074,asymmetric_stress,2.0,0.7,32,64.0,44.8,19.200000000000003,14,28,0.5,0.5,12,12,0.0,0.0,0.0,0.3,6,6,0.0,0.0,0.0,0.0,0.1,0.1,True,20,0.0,0.0,0.0,0.0,0.0,0.0,0.0,0.0,0.0,0.0,0.0,0.0,0.0,0.0,0.0,inconclusive,inconclusive,inconclusive,False,insufficient_post_threshold_offer_exposure,inactive
H5B0329,X074,asymmetric_stress,2.0,0.7,32,64.0,44.8,19.200000000000003,14,28,0.5,0.5,12,12,0.0,0.0,0.0,0.3,6,6,0.0,0.0,0.0,0.0,0.3,0.3,True,20,0.0,0.0,0.0,0.0,0.0,0.0,0.0,0.0,0.0,0.0,0.0,0.0,0.0,0.0,0.0,inconclusive,inconclusive,inconclusive,False,insufficient_post_threshold_offer_exposure,inactive
H5B0329,X074,asymmetric_stress,2.0,0.7,32,64.0,44.8,19.200000000000003,14,28,0.5,0.5,12,12,0.0,0.0,0.0,0.3,6,6,0.0,0.0,0.0,0.0,0.5,0.5,False,20,0.0,0.0,0.0,0.0,0.0,0.0,0.0,0.0,0.0,0.0,0.0,0.0,0.0,0.0,0.0,inconclusive,inconclusive,inconclusive,False,insufficient_post_threshold_offer_exposure,inactive
H5B0330,X075,asymmetric_stress,3.1,0.7,64,198.4,138.88,59.52000000000001,14,14,0.0,0.0,12,12,0.5,0.1,0.5,0.5,9,9,0.0,0.5,0.5,0.5,0.1,0.6,True,20,1.0,1.0,1.0,-0.0003022901143538093,-0.00042825853678939304,-0.0001763216919182255,-0.00023409187803320465,-0.0003273895151394224,-0.00014079424092698685,6.819823632060462e-05,2.53158405628981e-05,0.00011108063207831113,-0.010963788237766444,-0.01200752659302062,-0.009920049882512268,inconclusive,inconclusive,supported,False,accepted_delay;selection_gap,inconclusive
H5B0331,X076,asymmetric_stress,0.8,0.9,16,12.8,11.52,1.2799999999999998,7,14,0.1,0.1,4,4,0.1,0.0,0.1,0.1,4,4,0.0,0.0,0.0,0.0,0.1,0.2,True,20,0.0,0.0,0.0,0.0,0.0,0.0,0.0,0.0,0.0,0.0,0.0,0.0,0.0,0.0,0.0,inconclusive,inconclusive,inconclusive,False,insufficient_post_threshold_offer_exposure,inactive
H5B0331,X076,asymmetric_stress,0.8,0.9,16,12.8,11.52,1.2799999999999998,7,14,0.1,0.1,4,4,0.1,0.0,0.1,0.1,4,4,0.0,0.0,0.0,0.0,0.3,0.4,True,20,0.0,0.0,0.0,0.0,0.0,0.0,0.0,0.0,0.0,0.0,0.0,0.0,0.0,0.0,0.0,inconclusive,inconclusive,inconclusive,False,insufficient_post_threshold_offer_exposure,inactive
H5B0331,X076,asymmetric_stress,0.8,0.9,16,12.8,11.52,1.2799999999999998,7,14,0.1,0.1,4,4,0.1,0.0,0.1,0.1,4,4,0.0,0.0,0.0,0.0,0.5,0.6,False,20,0.0,0.0,0.0,0.0,0.0,0.0,0.0,0.0,0.0,0.0,0.0,0.0,0.0,0.0,0.0,inconclusive,inconclusive,inconclusive,False,insufficient_post_threshold_offer_exposure,inactive
H5B0332,X077,asymmetric_stress,4.0,0.5,16,64.0,32.0,32.0,7,7,0.5,0.0,4,4,0.3,0.3,0.3,0.3,4,4,0.0,0.0,0.3,0.7,0.1,0.4,True,20,0.7954658872346592,0.759883478158361,0.8310482963109573,0.01753015733143437,0.0031281257827817863,0.031932188880086955,0.11053908656655524,0.09519086864278885,0.12588730449032165,0.09300892923512087,0.0835874654594824,0.10243039301075935,-0.006106708422067441,-0.007059995323446756,-0.0051534215206881255,inconclusive,inconclusive,supported,False,accepted_delay;selection_gap,inconclusive
H5B0332,X077,asymmetric_stress,4.0,0.5,16,64.0,32.0,32.0,7,7,0.5,0.0,4,4,0.3,0.3,0.3,0.3,4,4,0.0,0.0,0.3,0.7,0.3,0.6,True,20,0.8763131894181833,0.8563967161250603,0.8962296627113062,0.05618014152874808,0.04129772400329453,0.07106255905420163,0.35306167115012566,0.3373310491296132,0.3687922931706381,0.2968815296213776,0.28801895164795827,0.3057441075947969,-0.018613777495468907,-0.019566695829348453,-0.01766085916158936,inconclusive,supported,supported,False,accepted_delay,inconclusive
H5B0333,X078,asymmetric_stress,0.8,0.1,16,12.8,1.2800000000000002,11.52,14,14,0.5,0.5,4,4,0.5,0.3,0.5,0.5,4,4,0.7,0.7,0.7,0.7,0.1,0.6,True,20,0.0,0.0,0.0,0.0,0.0,0.0,0.0,0.0,0.0,0.0,0.0,0.0,0.0,0.0,0.0,inconclusive,inconclusive,inconclusive,False,insufficient_post_threshold_offer_exposure,inactive
H5B0334,X079,asymmetric_stress,3.1,0.5,64,198.4,99.2,99.2,28,7,0.3,0.3,4,4,0.3,0.3,0.3,0.5,4,4,0.0,0.0,0.3,0.3,0.1,0.4,True,20,0.27980625854047075,0.2558378853742618,0.30377463170667973,-0.09883705482999697,-0.10999018967216559,-0.08768391998782835,-0.033443217855854065,-0.04451085520572992,-0.02237558050597821,0.06539383697414289,0.062236992644958807,0.06855068130332698,0.0002544791510280198,-0.0016893641166019352,0.0021983224186579746,inconclusive,inconclusive,inconclusive,False,accepted_delay;selection_gap;served_rate,inconclusive
H5B0334,X079,asymmetric_stress,3.1,0.5,64,198.4,99.2,99.2,28,7,0.3,0.3,4,4,0.3,0.3,0.3,0.5,4,4,0.0,0.0,0.3,0.3,0.3,0.6,True,20,0.23447916676302344,0.22822282414709522,0.24073550937895166,-0.2568738077142621,-0.26618232643682227,-0.24756528899170194,-0.08370902646830378,-0.09277827763443589,-0.07463977530217167,0.17316478124595824,0.16967095665791904,0.17665860583399745,-0.001469778583009232,-0.0030650044294806694,0.0001254472634622057,supported,inconclusive,inconclusive,False,selection_gap;served_rate,inconclusive
H5B0335,X080,asymmetric_stress,2.0,0.5,32,64.0,32.0,32.0,14,28,0.1,0.1,9,9,0.1,0.1,0.1,0.5,9,9,0.0,0.0,0.7,0.7,0.1,0.2,True,20,0.06593510969051228,0.04468836541576961,0.08718185396525495,-0.026709951578938317,-0.05944299025091958,0.006023087093042945,-0.006753127374789525,-0.039777553826961305,0.02627129907738226,0.019956824204148793,0.017478454765686605,0.02243519364261098,0.0025729130920228325,-0.0016294337829316288,0.006775259966977294,inconclusive,inconclusive,inconclusive,False,accepted_delay;selection_gap;served_rate,inconclusive
H5B0335,X080,asymmetric_stress,2.0,0.5,32,64.0,32.0,32.0,14,28,0.1,0.1,9,9,0.1,0.1,0.1,0.5,9,9,0.0,0.0,0.7,0.7,0.3,0.4,True,20,0.04000583399912345,0.030429963417344774,0.04958170458090212,-0.08777545532692921,-0.12819049073934988,-0.047360419914508546,-0.04142043303932197,-0.08399473697915316,0.001153870900509224,0.04635502228760724,0.03878166521204879,0.05392837936316569,0.0073289079012645334,0.003474472480332102,0.011183343322196965,inconclusive,inconclusive,reversed,False,accepted_delay;selection_gap;served_rate,reversed
H5B0335,X080,asymmetric_stress,2.0,0.5,32,64.0,32.0,32.0,14,28,0.1,0.1,9,9,0.1,0.1,0.1,0.5,9,9,0.0,0.0,0.7,0.7,0.5,0.6,False,20,0.036024940359311766,0.030326324885858118,0.041723555832765415,-0.11657530437964145,-0.1480431234406107,-0.08510748531867218,-0.04889989375517421,-0.08201138073025607,-0.015788406780092343,0.06767541062446725,0.06195919153149174,0.07339162971744274,0.005067276989167574,0.0015224219927805322,0.008612131985554616,inconclusive,inconclusive,reversed,False,accepted_delay;selection_gap;served_rate,reversed
H5B0336,X081,asymmetric_stress,1.25,0.9,16,20.0,18.0,2.0,21,21,0.1,0.1,9,9,0.5,0.1,0.5,0.5,12,12,0.0,0.0,0.5,0.5,0.1,0.6,True,20,0.0,0.0,0.0,0.0,0.0,0.0,0.0,0.0,0.0,0.0,0.0,0.0,0.0,0.0,0.0,inconclusive,inconclusive,inconclusive,False,insufficient_post_threshold_offer_exposure,inactive
H5B0337,X082,asymmetric_stress,4.0,0.3,32,128.0,38.4,89.6,28,21,0.3,0.3,12,12,0.3,0.3,0.3,0.7,4,4,0.0,0.0,0.7,0.7,0.1,0.4,True,20,0.0,0.0,0.0,0.0,0.0,0.0,0.0,0.0,0.0,0.0,0.0,0.0,0.0,0.0,0.0,inconclusive,inconclusive,inconclusive,False,insufficient_post_threshold_offer_exposure,inactive
H5B0337,X082,asymmetric_stress,4.0,0.3,32,128.0,38.4,89.6,28,21,0.3,0.3,12,12,0.3,0.3,0.3,0.7,4,4,0.0,0.0,0.7,0.7,0.3,0.6,True,20,0.0,0.0,0.0,0.0,0.0,0.0,0.0,0.0,0.0,0.0,0.0,0.0,0.0,0.0,0.0,inconclusive,inconclusive,inconclusive,False,insufficient_post_threshold_offer_exposure,inactive
H5B0338,X083,asymmetric_stress,0.8,0.5,32,25.6,12.8,12.8,7,7,0.1,0.1,4,4,0.0,0.3,0.0,0.5,4,4,0.0,0.0,0.0,0.0,0.1,0.1,True,20,0.0,0.0,0.0,0.0,0.0,0.0,0.0,0.0,0.0,0.0,0.0,0.0,0.0,0.0,0.0,inconclusive,inconclusive,inconclusive,False,insufficient_post_threshold_offer_exposure,inactive
H5B0338,X083,asymmetric_stress,0.8,0.5,32,25.6,12.8,12.8,7,7,0.1,0.1,4,4,0.0,0.3,0.0,0.5,4,4,0.0,0.0,0.0,0.0,0.3,0.3,True,20,0.0,0.0,0.0,0.0,0.0,0.0,0.0,0.0,0.0,0.0,0.0,0.0,0.0,0.0,0.0,inconclusive,inconclusive,inconclusive,False,insufficient_post_threshold_offer_exposure,inactive
H5B0338,X083,asymmetric_stress,0.8,0.5,32,25.6,12.8,12.8,7,7,0.1,0.1,4,4,0.0,0.3,0.0,0.5,4,4,0.0,0.0,0.0,0.0,0.5,0.5,False,20,0.0,0.0,0.0,0.0,0.0,0.0,0.0,0.0,0.0,0.0,0.0,0.0,0.0,0.0,0.0,inconclusive,inconclusive,inconclusive,False,insufficient_post_threshold_offer_exposure,inactive
H5B0339,X084,asymmetric_stress,2.0,0.7,16,32.0,22.4,9.6,28,28,0.5,0.5,12,12,0.3,0.3,0.3,0.3,12,12,0.3,0.0,0.3,0.3,0.1,0.4,True,20,0.0,0.0,0.0,0.0,0.0,0.0,0.0,0.0,0.0,0.0,0.0,0.0,0.0,0.0,0.0,inconclusive,inconclusive,inconclusive,False,insufficient_post_threshold_offer_exposure,inactive
H5B0339,X084,asymmetric_stress,2.0,0.7,16,32.0,22.4,9.6,28,28,0.5,0.5,12,12,0.3,0.3,0.3,0.3,12,12,0.3,0.0,0.3,0.3,0.3,0.6,True,20,0.0,0.0,0.0,0.0,0.0,0.0,0.0,0.0,0.0,0.0,0.0,0.0,0.0,0.0,0.0,inconclusive,inconclusive,inconclusive,False,insufficient_post_threshold_offer_exposure,inactive
H5B0340,X085,asymmetric_stress,2.0,0.3,16,32.0,9.6,22.4,14,21,0.1,0.1,4,9,0.0,0.0,0.0,0.5,6,6,0.0,0.0,0.3,0.3,0.1,0.1,True,20,0.800482838224626,0.7817324906453099,0.819233185803942,-0.2067485471055583,-0.23405673735962204,-0.17944035685149454,-0.10163834736602481,-0.12831832119215705,-0.07495837353989257,0.10511019973953348,0.10125326723131671,0.10896713224775025,-0.019182984734429392,-0.023432619096668227,-0.014933350372190558,inconclusive,inconclusive,supported,False,accepted_delay;selection_gap,inconclusive
H5B0340,X085,asymmetric_stress,2.0,0.3,16,32.0,9.6,22.4,14,21,0.1,0.1,4,9,0.0,0.0,0.0,0.5,6,6,0.0,0.0,0.3,0.3,0.3,0.3,True,20,0.7975007075172948,0.7856362103392068,0.8093652046953829,-0.679846003129455,-0.7153921706626611,-0.6442998355962488,-0.3133729451371758,-0.34311773829393066,-0.2836281519804209,0.3664730579922792,0.35535641029147536,0.37758970569308303,-0.06693228529334201,-0.07138566212571433,-0.06247890846096969,supported,supported,supported,False,,supported
H5B0340,X085,asymmetric_stress,2.0,0.3,16,32.0,9.6,22.4,14,21,0.1,0.1,4,9,0.0,0.0,0.0,0.5,6,6,0.0,0.0,0.3,0.3,0.5,0.5,False,20,0.7940617718370284,0.7862138020537648,0.801909741620292,-1.3666415606183713,-1.406222813191983,-1.3270603080447596,-0.6646189207199276,-0.6982415468598355,-0.6309962945800196,0.7020226398984434,0.6876368815561293,0.7164083982407574,-0.1188730581460897,-0.1242022883956175,-0.1135438278965619,supported,supported,supported,False,,supported
H5B0341,X086,asymmetric_stress,1.25,0.5,64,80.0,40.0,40.0,7,7,0.0,0.0,4,4,0.5,0.5,0.5,0.7,4,4,0.0,0.5,0.7,0.7,0.1,0.6,True,20,0.0,0.0,0.0,0.0,0.0,0.0,0.0,0.0,0.0,0.0,0.0,0.0,0.0,0.0,0.0,inconclusive,inconclusive,inconclusive,False,insufficient_post_threshold_offer_exposure,inactive
H5B0342,X087,asymmetric_stress,1.25,0.9,16,20.0,18.0,2.0,28,28,0.3,0.3,6,6,0.5,0.0,0.5,0.7,9,9,0.3,0.3,0.3,0.3,0.1,0.6,True,20,0.0,0.0,0.0,0.0,0.0,0.0,0.0,0.0,0.0,0.0,0.0,0.0,0.0,0.0,0.0,inconclusive,inconclusive,inconclusive,False,insufficient_post_threshold_offer_exposure,inactive
H5B0343,X088,asymmetric_stress,4.0,0.7,32,128.0,89.6,38.400000000000006,21,14,0.1,0.5,9,12,0.3,0.3,0.3,0.3,12,12,0.0,0.0,0.5,0.5,0.1,0.4,True,20,0.5311980683466161,0.5067609474498829,0.5556351892433493,-0.9229577779800309,-0.9739307821098284,-0.8719847738502333,-0.7023050523588086,-0.7563976718312398,-0.6482124328863773,0.22065272562122223,0.21271833044702015,0.22858712079542431,0.022237227057527065,0.019729156343370004,0.024745297771684126,supported,inconclusive,reversed,False,selection_gap;served_rate,reversed
H5B0343,X088,asymmetric_stress,4.0,0.7,32,128.0,89.6,38.400000000000006,21,14,0.1,0.5,9,12,0.3,0.3,0.3,0.3,12,12,0.0,0.0,0.5,0.5,0.3,0.6,True,20,0.3793926448161756,0.3708522700129571,0.387933019619394,-2.03038301067175,-2.0740709197235536,-1.9866951016199468,-1.5373538507315394,-1.5826590752443979,-1.492048626218681,0.4930291599402107,0.48356081944245116,0.5024975004379703,0.02343447930069705,0.020986369125658353,0.02588258947573575,supported,supported,reversed,False,served_rate,reversed
H5B0344,X089,asymmetric_stress,4.0,0.3,64,256.0,76.8,179.2,28,28,0.1,0.1,4,4,0.0,0.5,0.0,0.7,12,12,0.3,0.3,0.5,0.5,0.1,0.1,True,20,0.8526298009568742,0.845351382569413,0.8599082193443355,-0.6958409775602112,-0.7347252755874649,-0.6569566795329576,-0.5900315978481334,-0.6296426707998356,-0.5504205248964312,0.10580937971207786,0.10380182832224319,0.10781693110191254,-0.0005846352655234421,-0.00261226574800705,0.0014429952169601654,supported,inconclusive,inconclusive,False,selection_gap;served_rate,inconclusive
H5B0344,X089,asymmetric_stress,4.0,0.3,64,256.0,76.8,179.2,28,28,0.1,0.1,4,4,0.0,0.5,0.0,0.7,12,12,0.3,0.3,0.5,0.5,0.3,0.3,True,20,0.8449361671870236,0.8409108445283502,0.848961489845697,-2.0955555404613384,-2.141418016474672,-2.0496930644480047,-1.7846699359622886,-1.830314558701769,-1.7390253132228082,0.31088560449904956,0.3063100699333786,0.3154611390647205,-0.024508903145854945,-0.026678816606143952,-0.022338989685565937,supported,supported,supported,False,,supported
H5B0344,X089,asymmetric_stress,4.0,0.3,64,256.0,76.8,179.2,28,28,0.1,0.1,4,4,0.0,0.5,0.0,0.7,12,12,0.3,0.3,0.5,0.5,0.5,0.5,False,20,0.8463286329701113,0.8424389361509061,0.8502183297893164,-3.5871506909696214,-3.6267013710447493,-3.5476000108944934,-3.092921434075145,-3.132266716209796,-3.0535761519404945,0.4942292568944769,0.48978028642691646,0.4986782273620373,-0.05630377409074568,-0.0583941647230334,-0.05421338345845796,supported,supported,supported,False,,supported
H5B0345,X090,asymmetric_stress,1.25,0.9,32,40.0,36.0,3.999999999999999,14,14,0.5,0.5,6,6,0.0,0.0,0.0,0.5,4,4,0.0,0.3,0.7,0.7,0.1,0.1,True,20,0.0,0.0,0.0,0.0,0.0,0.0,0.0,0.0,0.0,0.0,0.0,0.0,0.0,0.0,0.0,inconclusive,inconclusive,inconclusive,False,insufficient_post_threshold_offer_exposure,inactive
H5B0345,X090,asymmetric_stress,1.25,0.9,32,40.0,36.0,3.999999999999999,14,14,0.5,0.5,6,6,0.0,0.0,0.0,0.5,4,4,0.0,0.3,0.7,0.7,0.3,0.3,True,20,0.0,0.0,0.0,0.0,0.0,0.0,0.0,0.0,0.0,0.0,0.0,0.0,0.0,0.0,0.0,inconclusive,inconclusive,inconclusive,False,insufficient_post_threshold_offer_exposure,inactive
H5B0345,X090,asymmetric_stress,1.25,0.9,32,40.0,36.0,3.999999999999999,14,14,0.5,0.5,6,6,0.0,0.0,0.0,0.5,4,4,0.0,0.3,0.7,0.7,0.5,0.5,False,20,0.0,0.0,0.0,0.0,0.0,0.0,0.0,0.0,0.0,0.0,0.0,0.0,0.0,0.0,0.0,inconclusive,inconclusive,inconclusive,False,insufficient_post_threshold_offer_exposure,inactive
H5B0346,X091,asymmetric_stress,2.0,0.3,64,128.0,38.4,89.6,14,14,0.5,0.1,4,4,0.5,0.5,0.5,0.5,9,4,0.0,0.0,0.0,0.3,0.1,0.6,True,20,0.0,0.0,0.0,0.0,0.0,0.0,0.0,0.0,0.0,0.0,0.0,0.0,0.0,0.0,0.0,inconclusive,inconclusive,inconclusive,False,insufficient_post_threshold_offer_exposure,inactive
H5B0347,X092,asymmetric_stress,1.25,0.5,32,40.0,20.0,20.0,14,28,0.5,0.5,12,12,0.3,0.3,0.3,0.3,9,9,0.0,0.0,0.5,0.5,0.1,0.4,True,20,0.0,0.0,0.0,0.0,0.0,0.0,0.0,0.0,0.0,0.0,0.0,0.0,0.0,0.0,0.0,inconclusive,inconclusive,inconclusive,False,insufficient_post_threshold_offer_exposure,inactive
H5B0347,X092,asymmetric_stress,1.25,0.5,32,40.0,20.0,20.0,14,28,0.5,0.5,12,12,0.3,0.3,0.3,0.3,9,9,0.0,0.0,0.5,0.5,0.3,0.6,True,20,0.0,0.0,0.0,0.0,0.0,0.0,0.0,0.0,0.0,0.0,0.0,0.0,0.0,0.0,0.0,inconclusive,inconclusive,inconclusive,False,insufficient_post_threshold_offer_exposure,inactive
H5B0348,X093,asymmetric_stress,1.25,0.9,16,20.0,18.0,2.0,14,14,0.3,0.3,6,9,0.1,0.1,0.1,0.5,6,6,0.0,0.0,0.1,0.1,0.1,0.2,True,20,0.0,0.0,0.0,0.0,0.0,0.0,0.0,0.0,0.0,0.0,0.0,0.0,0.0,0.0,0.0,inconclusive,inconclusive,inconclusive,False,insufficient_post_threshold_offer_exposure,inactive
H5B0348,X093,asymmetric_stress,1.25,0.9,16,20.0,18.0,2.0,14,14,0.3,0.3,6,9,0.1,0.1,0.1,0.5,6,6,0.0,0.0,0.1,0.1,0.3,0.4,True,20,0.0,0.0,0.0,0.0,0.0,0.0,0.0,0.0,0.0,0.0,0.0,0.0,0.0,0.0,0.0,inconclusive,inconclusive,inconclusive,False,insufficient_post_threshold_offer_exposure,inactive
H5B0348,X093,asymmetric_stress,1.25,0.9,16,20.0,18.0,2.0,14,14,0.3,0.3,6,9,0.1,0.1,0.1,0.5,6,6,0.0,0.0,0.1,0.1,0.5,0.6,False,20,0.0,0.0,0.0,0.0,0.0,0.0,0.0,0.0,0.0,0.0,0.0,0.0,0.0,0.0,0.0,inconclusive,inconclusive,inconclusive,False,insufficient_post_threshold_offer_exposure,inactive
H5B0349,X094,asymmetric_stress,0.8,0.9,16,12.8,11.52,1.2799999999999998,7,7,0.1,0.1,4,4,0.1,0.1,0.1,0.1,4,4,0.0,0.0,0.0,0.3,0.1,0.2,True,20,0.0,0.0,0.0,0.0,0.0,0.0,0.0,0.0,0.0,0.0,0.0,0.0,0.0,0.0,0.0,inconclusive,inconclusive,inconclusive,False,insufficient_post_threshold_offer_exposure,inactive
H5B0349,X094,asymmetric_stress,0.8,0.9,16,12.8,11.52,1.2799999999999998,7,7,0.1,0.1,4,4,0.1,0.1,0.1,0.1,4,4,0.0,0.0,0.0,0.3,0.3,0.4,True,20,0.0,0.0,0.0,0.0,0.0,0.0,0.0,0.0,0.0,0.0,0.0,0.0,0.0,0.0,0.0,inconclusive,inconclusive,inconclusive,False,insufficient_post_threshold_offer_exposure,inactive
H5B0349,X094,asymmetric_stress,0.8,0.9,16,12.8,11.52,1.2799999999999998,7,7,0.1,0.1,4,4,0.1,0.1,0.1,0.1,4,4,0.0,0.0,0.0,0.3,0.5,0.6,False,20,0.0,0.0,0.0,0.0,0.0,0.0,0.0,0.0,0.0,0.0,0.0,0.0,0.0,0.0,0.0,inconclusive,inconclusive,inconclusive,False,insufficient_post_threshold_offer_exposure,inactive
H5B0350,X095,asymmetric_stress,2.0,0.7,32,64.0,44.8,19.200000000000003,14,14,0.5,0.5,12,9,0.3,0.0,0.3,0.3,6,6,0.0,0.0,0.0,0.0,0.1,0.4,True,20,0.0,0.0,0.0,0.0,0.0,0.0,0.0,0.0,0.0,0.0,0.0,0.0,0.0,0.0,0.0,inconclusive,inconclusive,inconclusive,False,insufficient_post_threshold_offer_exposure,inactive
H5B0350,X095,asymmetric_stress,2.0,0.7,32,64.0,44.8,19.200000000000003,14,14,0.5,0.5,12,9,0.3,0.0,0.3,0.3,6,6,0.0,0.0,0.0,0.0,0.3,0.6,True,20,0.0,0.0,0.0,0.0,0.0,0.0,0.0,0.0,0.0,0.0,0.0,0.0,0.0,0.0,0.0,inconclusive,inconclusive,inconclusive,False,insufficient_post_threshold_offer_exposure,inactive
H5B0351,X096,asymmetric_stress,3.1,0.3,16,49.6,14.88,34.72,28,21,0.5,0.5,12,12,0.1,0.1,0.1,0.7,12,9,0.0,0.0,0.3,0.3,0.1,0.2,True,20,0.0,0.0,0.0,0.0,0.0,0.0,0.0,0.0,0.0,0.0,0.0,0.0,0.0,0.0,0.0,inconclusive,inconclusive,inconclusive,False,insufficient_post_threshold_offer_exposure,inactive
H5B0351,X096,asymmetric_stress,3.1,0.3,16,49.6,14.88,34.72,28,21,0.5,0.5,12,12,0.1,0.1,0.1,0.7,12,9,0.0,0.0,0.3,0.3,0.3,0.4,True,20,0.0,0.0,0.0,0.0,0.0,0.0,0.0,0.0,0.0,0.0,0.0,0.0,0.0,0.0,0.0,inconclusive,inconclusive,inconclusive,False,insufficient_post_threshold_offer_exposure,inactive
H5B0351,X096,asymmetric_stress,3.1,0.3,16,49.6,14.88,34.72,28,21,0.5,0.5,12,12,0.1,0.1,0.1,0.7,12,9,0.0,0.0,0.3,0.3,0.5,0.6,False,20,0.0,0.0,0.0,0.0,0.0,0.0,0.0,0.0,0.0,0.0,0.0,0.0,0.0,0.0,0.0,inconclusive,inconclusive,inconclusive,False,insufficient_post_threshold_offer_exposure,inactive
H5B0352,X097,asymmetric_stress,3.1,0.5,16,49.6,24.8,24.8,21,21,0.3,0.3,4,9,0.0,0.0,0.0,0.1,9,9,0.7,0.7,0.7,0.7,0.1,0.1,True,20,0.6184016901383655,0.6065644224280015,0.6302389578487296,-0.21309079285392932,-0.24630915376624907,-0.17987243194160957,-0.10006916929532798,-0.13330429967830618,-0.06683403891234979,0.11302162355860132,0.1101434826819448,0.11589976443525785,-0.0016051848250064338,-0.0035644485460796355,0.00035407889606676795,inconclusive,inconclusive,inconclusive,False,accepted_delay;selection_gap;served_rate,inconclusive
H5B0352,X097,asymmetric_stress,3.1,0.5,16,49.6,24.8,24.8,21,21,0.3,0.3,4,9,0.0,0.0,0.0,0.1,9,9,0.7,0.7,0.7,0.7,0.3,0.3,True,20,0.6112615922569501,0.6042116482745716,0.6183115362393286,-0.6833780663028118,-0.7193019661334222,-0.6474541664722014,-0.3348202574778845,-0.3709567327119275,-0.29868378224384157,0.3485578088249274,0.34354279837416163,0.3535728192756931,-0.004423336282186196,-0.006451361512793765,-0.002395311051578627,supported,supported,inconclusive,False,served_rate,inconclusive
H5B0352,X097,asymmetric_stress,3.1,0.5,16,49.6,24.8,24.8,21,21,0.3,0.3,4,9,0.0,0.0,0.0,0.1,9,9,0.7,0.7,0.7,0.7,0.5,0.5,False,20,0.6124305833791289,0.6076827707921372,0.6171783959661207,-1.2153061114568113,-1.2452893062507453,-1.1853229166628774,-0.5949483204423703,-0.6252316744699296,-0.5646649664148111,0.6203577910144408,0.614621891626921,0.6260936904019605,-0.007920658155234819,-0.009508156740389299,-0.006333159570080339,supported,supported,supported,False,,supported
H5B0353,X098,asymmetric_stress,0.8,0.5,16,12.8,6.4,6.4,28,14,0.0,0.0,12,12,0.0,0.0,0.0,0.5,4,4,0.5,0.5,0.7,0.7,0.1,0.1,True,20,0.0,0.0,0.0,0.0,0.0,0.0,0.0,0.0,0.0,0.0,0.0,0.0,0.0,0.0,0.0,inconclusive,inconclusive,inconclusive,False,insufficient_post_threshold_offer_exposure,inactive
H5B0353,X098,asymmetric_stress,0.8,0.5,16,12.8,6.4,6.4,28,14,0.0,0.0,12,12,0.0,0.0,0.0,0.5,4,4,0.5,0.5,0.7,0.7,0.3,0.3,True,20,0.0,0.0,0.0,0.0,0.0,0.0,0.0,0.0,0.0,0.0,0.0,0.0,0.0,0.0,0.0,inconclusive,inconclusive,inconclusive,False,insufficient_post_threshold_offer_exposure,inactive
H5B0353,X098,asymmetric_stress,0.8,0.5,16,12.8,6.4,6.4,28,14,0.0,0.0,12,12,0.0,0.0,0.0,0.5,4,4,0.5,0.5,0.7,0.7,0.5,0.5,False,20,0.0,0.0,0.0,0.0,0.0,0.0,0.0,0.0,0.0,0.0,0.0,0.0,0.0,0.0,0.0,inconclusive,inconclusive,inconclusive,False,insufficient_post_threshold_offer_exposure,inactive
H5B0354,X099,asymmetric_stress,2.0,0.5,32,64.0,32.0,32.0,14,14,0.1,0.1,6,9,0.1,0.0,0.1,0.5,6,6,0.0,0.0,0.3,0.3,0.1,0.2,True,20,0.6961579815483914,0.6654115716923809,0.7269043914044019,-0.30947119188740146,-0.345576272572462,-0.27336611120234094,-0.17363929767291686,-0.2101527126634976,-0.1371258826823361,0.13583189421448458,0.1304241385693571,0.14123964985961204,-0.015762765556656524,-0.019450797747130107,-0.012074733366182944,supported,inconclusive,supported,False,selection_gap,inconclusive
H5B0354,X099,asymmetric_stress,2.0,0.5,32,64.0,32.0,32.0,14,14,0.1,0.1,6,9,0.1,0.0,0.1,0.5,6,6,0.0,0.0,0.3,0.3,0.3,0.4,True,20,0.6804762870533372,0.6684828680712858,0.6924697060353886,-1.1362416272612879,-1.172961851426877,-1.0995214030956988,-0.7278004003770071,-0.7680736867172583,-0.6875271140367559,0.4084412268842808,0.39974424931697283,0.4171382044515888,-0.04579480398578151,-0.04861378670911233,-0.042975821262450684,supported,supported,supported,False,,supported
H5B0354,X099,asymmetric_stress,2.0,0.5,32,64.0,32.0,32.0,14,14,0.1,0.1,6,9,0.1,0.0,0.1,0.5,6,6,0.0,0.0,0.3,0.3,0.5,0.6,False,20,0.6068962381788146,0.5953256573084159,0.6184668190492132,-1.9568983273405807,-1.983869590988963,-1.9299270636921984,-1.3321286481415524,-1.3625911909900799,-1.301666105293025,0.6247696791990284,0.6147089343966436,0.6348304240014131,-0.05699089344793094,-0.06067870317547293,-0.05330308372038896,supported,supported,supported,False,,supported
H5B0355,X100,asymmetric_stress,3.1,0.5,32,99.2,49.6,49.6,21,21,0.0,0.1,12,12,0.1,0.3,0.1,0.3,6,6,0.5,0.5,0.5,0.5,0.1,0.2,True,20,0.9306739533326137,0.9095851852691272,0.9517627213961002,-0.25019599063152764,-0.27825718387871085,-0.22213479738434444,-0.04203527656808905,-0.06511218523757671,-0.01895836789860139,0.20816071406343858,0.1962009193894648,0.22012050873741237,-0.005602224857573027,-0.007349451092389739,-0.0038549986227563145,supported,inconclusive,supported,False,selection_gap,inconclusive
H5B0355,X100,asymmetric_stress,3.1,0.5,32,99.2,49.6,49.6,21,21,0.0,0.1,12,12,0.1,0.3,0.1,0.3,6,6,0.5,0.5,0.5,0.5,0.3,0.4,True,20,0.9993062632280317,0.9978542554768745,1.0007582709791891,-0.9770414427468908,-1.0027761924615617,-0.9513066930322198,-0.17973401839731765,-0.20162383357879252,-0.15784420321584278,0.797307424349573,0.786431409297461,0.808183439401685,-0.016553781097716873,-0.018419501604610495,-0.014688060590823252,supported,supported,supported,True,,supported
H5B0355,X100,asymmetric_stress,3.1,0.5,32,99.2,49.6,49.6,21,21,0.0,0.1,12,12,0.1,0.3,0.1,0.3,6,6,0.5,0.5,0.5,0.5,0.5,0.6,False,20,1.0,1.0,1.0,-2.580716610501545,-2.6433041504022716,-2.5181290706008186,-0.8640895904446634,-0.9227951616307907,-0.8053840192585361,1.716627020056882,1.7011313102264751,1.732122729887289,-0.03389498647105348,-0.035555401410152225,-0.03223457153195474,supported,supported,supported,False,,supported
H5B0356,X102,asymmetric_stress,4.0,0.3,32,128.0,38.4,89.6,28,14,0.1,0.5,4,6,0.0,0.0,0.0,0.3,12,12,0.3,0.3,0.7,0.7,0.1,0.1,True,20,0.7448901288456643,0.7348642905198474,0.7549159671714812,-0.5280720768344432,-0.5639512812490796,-0.49219287241980686,-0.4124743803391853,-0.4475841609169843,-0.37736459976138637,0.11559769649525795,0.1131499515156386,0.11804544147487729,-0.01119552057186167,-0.013087793557622303,-0.009303247586101036,supported,inconclusive,supported,False,selection_gap,inconclusive
H5B0356,X102,asymmetric_stress,4.0,0.3,32,128.0,38.4,89.6,28,14,0.1,0.5,4,6,0.0,0.0,0.0,0.3,12,12,0.3,0.3,0.7,0.7,0.3,0.3,True,20,0.7145618625529904,0.7086599870777167,0.720463738028264,-1.549466938067966,-1.581964347207486,-1.516969528928446,-1.1754999468020062,-1.2075806792867736,-1.1434192143172388,0.3739669912659599,0.36944038757191994,0.37849359495999985,-0.0357597846085553,-0.037784497846976205,-0.033735071370134394,supported,supported,supported,False,,supported
H5B0356,X102,asymmetric_stress,4.0,0.3,32,128.0,38.4,89.6,28,14,0.1,0.5,4,6,0.0,0.0,0.0,0.3,12,12,0.3,0.3,0.7,0.7,0.5,0.5,False,20,0.6738970189997912,0.6702079428683044,0.6775860951312779,-2.4590802521363884,-2.4898484044589506,-2.428312099813826,-1.7771487974985511,-1.8069291946181727,-1.7473684003789296,0.6819314546378376,0.6768460372098208,0.6870168720658543,-0.06388412092162418,-0.06568015298102503,-0.06208808886222333,supported,supported,supported,False,,supported
H5B0357,X103,asymmetric_stress,3.1,0.7,64,198.4,138.88,59.52000000000001,14,14,0.1,0.5,4,4,0.1,0.1,0.1,0.1,9,9,0.0,0.0,0.5,0.7,0.1,0.2,True,20,0.8067698043223501,0.7978200833406427,0.8157195253040576,-0.9697223182151978,-1.0058610607196485,-0.9335835757107472,-0.8380653706388437,-0.8749265385301789,-0.8012042027475085,0.1316569475763544,0.12840846163888722,0.1349054335138216,0.007709903176713673,0.006384177815628417,0.009035628537798929,supported,inconclusive,reversed,False,selection_gap;served_rate,reversed
H5B0357,X103,asymmetric_stress,3.1,0.7,64,198.4,138.88,59.52000000000001,14,14,0.1,0.5,4,4,0.1,0.1,0.1,0.1,9,9,0.0,0.0,0.5,0.7,0.3,0.4,True,20,0.7804268214065276,0.7761667977754104,0.7846868450376449,-3.09791504778616,-3.1185641656681042,-3.0772659299042155,-2.7373117205083224,-2.757982847395645,-2.716640593621,0.36060332727783717,0.35592768975163896,0.3652789648040354,0.06864515972258249,0.06718738734687088,0.0701029320982941,supported,supported,reversed,False,served_rate,reversed
H5B0357,X103,asymmetric_stress,3.1,0.7,64,198.4,138.88,59.52000000000001,14,14,0.1,0.5,4,4,0.1,0.1,0.1,0.1,9,9,0.0,0.0,0.5,0.7,0.5,0.6,False,20,0.706043336870481,0.7034459168512879,0.7086407568896742,-4.744823082215042,-4.76506588826995,-4.724580276160134,-4.20313896067297,-4.223243146401584,-4.183034774944355,0.541684121542071,0.5375473241518943,0.5458209189322477,0.05246642734317382,0.0511673261735373,0.053765528512810336,supported,supported,reversed,False,served_rate,reversed
H5B0358,X104,asymmetric_stress,3.1,0.5,32,99.2,49.6,49.6,28,21,0.5,0.5,6,12,0.0,0.0,0.0,0.3,12,6,0.0,0.0,0.3,0.3,0.1,0.1,True,20,0.0018476752289279905,0.0011701261518875287,0.0025252243059684524,-0.0008877094303049171,-0.011828969358590413,0.010053550497980578,-0.00023723821537566803,-0.011266425342826585,0.01079194891207525,0.0006504712149292491,0.00041238632018706923,0.000888556109671429,2.3046430678194675e-05,-0.0014235466731633787,0.0014696395345197679,inconclusive,inconclusive,inconclusive,False,insufficient_post_threshold_offer_exposure,inactive
H5B0358,X104,asymmetric_stress,3.1,0.5,32,99.2,49.6,49.6,28,21,0.5,0.5,6,12,0.0,0.0,0.0,0.3,12,6,0.0,0.0,0.3,0.3,0.3,0.3,True,20,0.0015427695695441556,0.0010860562940729955,0.0019994828450153154,-0.008817802126920248,-0.019193858743702892,0.001558254489862394,-0.007183330208689265,-0.017810894693388483,0.0034442342760099545,0.001634471918230984,0.0011528195946262077,0.0021161242418357602,0.0008333881844611285,-0.0010640355750898222,0.002730811944012079,inconclusive,inconclusive,inconclusive,False,insufficient_post_threshold_offer_exposure,inactive
H5B0358,X104,asymmetric_stress,3.1,0.5,32,99.2,49.6,49.6,28,21,0.5,0.5,6,12,0.0,0.0,0.0,0.3,12,6,0.0,0.0,0.3,0.3,0.5,0.5,False,20,0.0018301044736758133,0.0013531686837049695,0.0023070402636466572,-0.005671350298259692,-0.015895812506445867,0.004553111909926483,-0.0024381223467077493,-0.01288138295624391,0.008005138262828414,0.0032332279515519423,0.0023904686239097205,0.004075987279194164,0.0005562964803286774,-0.0013156871481481234,0.002428280108805478,inconclusive,inconclusive,inconclusive,False,insufficient_post_threshold_offer_exposure,inactive
H5B0359,X105,asymmetric_stress,4.0,0.1,16,64.0,6.4,57.6,14,21,0.1,0.1,4,4,0.0,0.0,0.0,0.7,4,12,0.0,0.3,0.3,0.3,0.1,0.1,True,20,0.9205593553258709,0.8958592410931455,0.9452594695585962,-0.3463490808123908,-0.4371195910666236,-0.25557857055815797,-0.2911383214453342,-0.38055169547953255,-0.20172494741113584,0.05521075936705659,0.05132264302354006,0.05909887571057312,-0.01904351130196421,-0.025773309390265352,-0.012313713213663067,supported,inconclusive,supported,False,selection_gap,inconclusive
H5B0359,X105,asymmetric_stress,4.0,0.1,16,64.0,6.4,57.6,14,21,0.1,0.1,4,4,0.0,0.0,0.0,0.7,4,12,0.0,0.3,0.3,0.3,0.3,0.3,True,20,0.8913587273437968,0.8752186078066978,0.9074988468808959,-0.9408989489237133,-1.017176091350853,-0.8646218064965735,-0.7717983907649324,-0.8451370201198746,-0.6984597614099902,0.16910055815878078,0.1590719496195646,0.17912916669799694,-0.06714304656684852,-0.07436385778551428,-0.059922235348182765,supported,inconclusive,supported,False,selection_gap,inconclusive
H5B0359,X105,asymmetric_stress,4.0,0.1,16,64.0,6.4,57.6,14,21,0.1,0.1,4,4,0.0,0.0,0.0,0.7,4,12,0.0,0.3,0.3,0.3,0.5,0.5,False,20,0.9024536635316732,0.8921235210565708,0.9127838060067757,-1.666281355359213,-1.728063290793086,-1.6044994199253402,-1.3470554593658524,-1.4118348096161402,-1.2822761091155646,0.3192258959933609,0.30703375362186175,0.33141803836486,-0.12828476747602743,-0.13493642383453763,-0.12163311111751723,supported,supported,supported,False,,supported
H5B0360,X106,asymmetric_stress,0.8,0.5,64,51.2,25.6,25.6,14,28,0.1,0.1,9,9,0.0,0.0,0.0,0.5,6,6,0.0,0.0,0.3,0.3,0.1,0.1,True,20,0.0,0.0,0.0,0.0,0.0,0.0,0.0,0.0,0.0,0.0,0.0,0.0,0.0,0.0,0.0,inconclusive,inconclusive,inconclusive,False,insufficient_post_threshold_offer_exposure,inactive
H5B0360,X106,asymmetric_stress,0.8,0.5,64,51.2,25.6,25.6,14,28,0.1,0.1,9,9,0.0,0.0,0.0,0.5,6,6,0.0,0.0,0.3,0.3,0.3,0.3,True,20,0.0,0.0,0.0,0.0,0.0,0.0,0.0,0.0,0.0,0.0,0.0,0.0,0.0,0.0,0.0,inconclusive,inconclusive,inconclusive,False,insufficient_post_threshold_offer_exposure,inactive
H5B0360,X106,asymmetric_stress,0.8,0.5,64,51.2,25.6,25.6,14,28,0.1,0.1,9,9,0.0,0.0,0.0,0.5,6,6,0.0,0.0,0.3,0.3,0.5,0.5,False,20,0.0,0.0,0.0,0.0,0.0,0.0,0.0,0.0,0.0,0.0,0.0,0.0,0.0,0.0,0.0,inconclusive,inconclusive,inconclusive,False,insufficient_post_threshold_offer_exposure,inactive
H5B0361,X107,asymmetric_stress,2.0,0.3,64,128.0,38.4,89.6,14,14,0.5,0.5,4,6,0.5,0.3,0.5,0.5,9,9,0.0,0.0,0.0,0.5,0.1,0.6,True,20,0.0,0.0,0.0,0.0,0.0,0.0,0.0,0.0,0.0,0.0,0.0,0.0,0.0,0.0,0.0,inconclusive,inconclusive,inconclusive,False,insufficient_post_threshold_offer_exposure,inactive
H5B0362,X108,asymmetric_stress,0.8,0.5,32,25.6,12.8,12.8,28,7,0.0,0.0,4,4,0.0,0.0,0.0,0.0,4,4,0.0,0.0,0.7,0.0,0.1,0.1,True,20,0.0,0.0,0.0,0.0,0.0,0.0,0.0,0.0,0.0,0.0,0.0,0.0,0.0,0.0,0.0,inconclusive,inconclusive,inconclusive,False,insufficient_post_threshold_offer_exposure,inactive
H5B0362,X108,asymmetric_stress,0.8,0.5,32,25.6,12.8,12.8,28,7,0.0,0.0,4,4,0.0,0.0,0.0,0.0,4,4,0.0,0.0,0.7,0.0,0.3,0.3,True,20,0.0,0.0,0.0,0.0,0.0,0.0,0.0,0.0,0.0,0.0,0.0,0.0,0.0,0.0,0.0,inconclusive,inconclusive,inconclusive,False,insufficient_post_threshold_offer_exposure,inactive
H5B0362,X108,asymmetric_stress,0.8,0.5,32,25.6,12.8,12.8,28,7,0.0,0.0,4,4,0.0,0.0,0.0,0.0,4,4,0.0,0.0,0.7,0.0,0.5,0.5,False,20,0.0,0.0,0.0,0.0,0.0,0.0,0.0,0.0,0.0,0.0,0.0,0.0,0.0,0.0,0.0,inconclusive,inconclusive,inconclusive,False,insufficient_post_threshold_offer_exposure,inactive
H5B0363,X109,asymmetric_stress,4.0,0.7,32,128.0,89.6,38.400000000000006,21,21,0.1,0.1,6,12,0.3,0.3,0.3,0.3,12,12,0.0,0.0,0.5,0.5,0.1,0.4,True,20,0.796130535616599,0.7698093683440235,0.8224517028891745,-1.2692189154044038,-1.3325868656569557,-1.2058509651518519,-0.9754096305560012,-1.0371941089209915,-0.9136251521910107,0.29380928484840263,0.27879875212664995,0.3088198175701553,-0.0037536280065249257,-0.004665827840040865,-0.0028414281730089865,supported,supported,inconclusive,False,served_rate,inconclusive
H5B0363,X109,asymmetric_stress,4.0,0.7,32,128.0,89.6,38.400000000000006,21,21,0.1,0.1,6,12,0.3,0.3,0.3,0.3,12,12,0.0,0.0,0.5,0.5,0.3,0.6,True,20,0.7914376890094786,0.7850277851046326,0.7978475929143247,-4.096508748994097,-4.140833407870698,-4.052184090117496,-3.243058210771614,-3.289857221099898,-3.19625920044333,0.8534505382224828,0.8383254237948548,0.8685756526501109,0.00046182952928113945,-0.0011867908824165151,0.002110449940978794,supported,supported,inconclusive,False,served_rate,inconclusive
H5B0364,X110,asymmetric_stress,2.0,0.1,16,32.0,3.2,28.8,21,21,0.3,0.3,6,6,0.5,0.5,0.5,0.7,12,12,0.0,0.0,0.0,0.0,0.1,0.6,True,20,0.0,0.0,0.0,0.0,0.0,0.0,0.0,0.0,0.0,0.0,0.0,0.0,0.0,0.0,0.0,inconclusive,inconclusive,inconclusive,False,insufficient_post_threshold_offer_exposure,inactive
H5B0365,X111,asymmetric_stress,4.0,0.5,32,128.0,64.0,64.0,14,14,0.3,0.3,4,6,0.0,0.7,0.0,0.7,6,12,0.7,0.7,0.7,0.7,0.1,0.1,True,20,0.536967673440779,0.5290990049110778,0.5448363419704803,-0.23888672175851183,-0.25892293775763253,-0.21885050575939116,-0.1523737012532051,-0.17259176974785087,-0.13215563275855932,0.08651302050530671,0.08530206203073291,0.0877239789798805,0.00046358482533631065,-0.0008275533212172757,0.001754722971889897,inconclusive,inconclusive,inconclusive,False,accepted_delay;selection_gap;served_rate,inconclusive
H5B0365,X111,asymmetric_stress,4.0,0.5,32,128.0,64.0,64.0,14,14,0.3,0.3,4,6,0.0,0.7,0.0,0.7,6,12,0.7,0.7,0.7,0.7,0.3,0.3,True,20,0.5235121116225416,0.5183909774359559,0.5286332458091274,-0.6635907437236737,-0.6862781908143268,-0.6409032966330205,-0.4188114579463657,-0.4420794014688183,-0.3955435144239131,0.24477928577730795,0.2427777193198719,0.246780852234744,-0.0013124551031017673,-0.002276657950719462,-0.00034825225548407266,supported,inconclusive,inconclusive,False,selection_gap;served_rate,inconclusive
H5B0365,X111,asymmetric_stress,4.0,0.5,32,128.0,64.0,64.0,14,14,0.3,0.3,4,6,0.0,0.7,0.0,0.7,6,12,0.7,0.7,0.7,0.7,0.5,0.5,False,20,0.469306873660167,0.46432523096406136,0.4742885163562726,-1.004368158780346,-1.0232251975843434,-0.9855111199763483,-0.6233109269852424,-0.6428382646787464,-0.6037835892917384,0.3810572317951036,0.37762189747928815,0.38449256611091903,-0.0025548732191773595,-0.0038171077380596,-0.0012926387002951188,supported,supported,inconclusive,False,served_rate,inconclusive
H5B0366,X112,asymmetric_stress,0.8,0.7,16,12.8,8.959999999999999,3.8400000000000007,28,14,0.3,0.3,12,12,0.1,0.1,0.1,0.3,9,9,0.0,0.0,0.7,0.7,0.1,0.2,True,20,0.0,0.0,0.0,0.0,0.0,0.0,0.0,0.0,0.0,0.0,0.0,0.0,0.0,0.0,0.0,inconclusive,inconclusive,inconclusive,False,insufficient_post_threshold_offer_exposure,inactive
H5B0366,X112,asymmetric_stress,0.8,0.7,16,12.8,8.959999999999999,3.8400000000000007,28,14,0.3,0.3,12,12,0.1,0.1,0.1,0.3,9,9,0.0,0.0,0.7,0.7,0.3,0.4,True,20,0.0,0.0,0.0,0.0,0.0,0.0,0.0,0.0,0.0,0.0,0.0,0.0,0.0,0.0,0.0,inconclusive,inconclusive,inconclusive,False,insufficient_post_threshold_offer_exposure,inactive
H5B0366,X112,asymmetric_stress,0.8,0.7,16,12.8,8.959999999999999,3.8400000000000007,28,14,0.3,0.3,12,12,0.1,0.1,0.1,0.3,9,9,0.0,0.0,0.7,0.7,0.5,0.6,False,20,0.0,0.0,0.0,0.0,0.0,0.0,0.0,0.0,0.0,0.0,0.0,0.0,0.0,0.0,0.0,inconclusive,inconclusive,inconclusive,False,insufficient_post_threshold_offer_exposure,inactive
H5B0367,X113,asymmetric_stress,2.0,0.7,16,32.0,22.4,9.6,21,21,0.5,0.0,6,6,0.0,0.0,0.0,0.0,4,9,0.0,0.0,0.5,0.3,0.1,0.1,True,20,0.0016442030632166146,0.00045998481857050444,0.0028284213078627247,-0.022919298667620436,-0.0488714289582782,0.0030328316230373298,-0.02233803199292599,-0.0481248505141151,0.003448786528263123,0.0005812666746944472,0.00016436070057678035,0.0009981726488121141,0.0019546243914505823,-0.0003530685833286907,0.004262317366229855,inconclusive,inconclusive,inconclusive,False,insufficient_post_threshold_offer_exposure,inactive
H5B0367,X113,asymmetric_stress,2.0,0.7,16,32.0,22.4,9.6,21,21,0.5,0.0,6,6,0.0,0.0,0.0,0.0,4,9,0.0,0.0,0.5,0.3,0.3,0.3,True,20,0.0013071270535911677,0.0004721506005928663,0.002142103506589469,-0.001859205828199384,-0.0221878329308525,0.018469421274453734,-0.00048409310509685,-0.020824557547374483,0.019856371337180784,0.001375112723102534,0.0005015551068517902,0.0022486703393532776,-0.00024853058206243396,-0.0026633281053679413,0.002166266941243073,inconclusive,inconclusive,inconclusive,False,insufficient_post_threshold_offer_exposure,inactive
H5B0367,X113,asymmetric_stress,2.0,0.7,16,32.0,22.4,9.6,21,21,0.5,0.0,6,6,0.0,0.0,0.0,0.0,4,9,0.0,0.0,0.5,0.3,0.5,0.5,False,20,0.0009890798978903813,0.0004227178058878449,0.0015554419898929177,-0.004588602311224532,-0.027005084956797275,0.01782788033434821,-0.002857486301470069,-0.025248504909096556,0.019533532306156415,0.001731116009754463,0.0007508192033169987,0.0027114128161919273,-0.0008485325980433778,-0.00341383731614305,0.0017167721200562944,inconclusive,inconclusive,inconclusive,False,insufficient_post_threshold_offer_exposure,inactive
H5B0368,X114,asymmetric_stress,0.8,0.1,64,51.2,5.120000000000001,46.080000000000005,21,21,0.3,0.3,9,9,0.3,0.3,0.3,0.5,4,4,0.3,0.0,0.5,0.5,0.1,0.4,True,20,0.0,0.0,0.0,0.0,0.0,0.0,0.0,0.0,0.0,0.0,0.0,0.0,0.0,0.0,0.0,inconclusive,inconclusive,inconclusive,False,insufficient_post_threshold_offer_exposure,inactive
H5B0368,X114,asymmetric_stress,0.8,0.1,64,51.2,5.120000000000001,46.080000000000005,21,21,0.3,0.3,9,9,0.3,0.3,0.3,0.5,4,4,0.3,0.0,0.5,0.5,0.3,0.6,True,20,0.0,0.0,0.0,0.0,0.0,0.0,0.0,0.0,0.0,0.0,0.0,0.0,0.0,0.0,0.0,inconclusive,inconclusive,inconclusive,False,insufficient_post_threshold_offer_exposure,inactive
H5B0369,X115,asymmetric_stress,2.0,0.9,32,64.0,57.6,6.399999999999999,14,7,0.3,0.3,4,4,0.3,0.5,0.3,0.5,4,4,0.0,0.0,0.5,0.5,0.1,0.4,True,20,0.0,0.0,0.0,0.0,0.0,0.0,0.0,0.0,0.0,0.0,0.0,0.0,0.0,0.0,0.0,inconclusive,inconclusive,inconclusive,False,insufficient_post_threshold_offer_exposure,inactive
H5B0369,X115,asymmetric_stress,2.0,0.9,32,64.0,57.6,6.399999999999999,14,7,0.3,0.3,4,4,0.3,0.5,0.3,0.5,4,4,0.0,0.0,0.5,0.5,0.3,0.6,True,20,0.0,0.0,0.0,0.0,0.0,0.0,0.0,0.0,0.0,0.0,0.0,0.0,0.0,0.0,0.0,inconclusive,inconclusive,inconclusive,False,insufficient_post_threshold_offer_exposure,inactive
H5B0370,X116,asymmetric_stress,2.0,0.3,16,32.0,9.6,22.4,28,28,0.5,0.3,9,9,0.1,0.1,0.1,0.1,4,4,0.7,0.7,0.7,0.7,0.1,0.2,True,20,0.0,0.0,0.0,0.0,0.0,0.0,0.0,0.0,0.0,0.0,0.0,0.0,0.0,0.0,0.0,inconclusive,inconclusive,inconclusive,False,insufficient_post_threshold_offer_exposure,inactive
H5B0370,X116,asymmetric_stress,2.0,0.3,16,32.0,9.6,22.4,28,28,0.5,0.3,9,9,0.1,0.1,0.1,0.1,4,4,0.7,0.7,0.7,0.7,0.3,0.4,True,20,0.0,0.0,0.0,0.0,0.0,0.0,0.0,0.0,0.0,0.0,0.0,0.0,0.0,0.0,0.0,inconclusive,inconclusive,inconclusive,False,insufficient_post_threshold_offer_exposure,inactive
H5B0370,X116,asymmetric_stress,2.0,0.3,16,32.0,9.6,22.4,28,28,0.5,0.3,9,9,0.1,0.1,0.1,0.1,4,4,0.7,0.7,0.7,0.7,0.5,0.6,False,20,0.0,0.0,0.0,0.0,0.0,0.0,0.0,0.0,0.0,0.0,0.0,0.0,0.0,0.0,0.0,inconclusive,inconclusive,inconclusive,False,insufficient_post_threshold_offer_exposure,inactive
H5B0371,X118,asymmetric_stress,4.0,0.5,16,64.0,32.0,32.0,14,14,0.0,0.0,6,6,0.5,0.5,0.5,0.7,12,12,0.7,0.3,0.7,0.7,0.1,0.6,True,20,1.0,1.0,1.0,-0.009694322251886956,-0.011086588489418967,-0.008302056014354945,-0.009929062550911017,-0.01133498995713084,-0.008523135144691194,-0.000234740299024061,-0.000983146990123426,0.000513666392075304,-0.0076740072863194925,-0.00935050560608228,-0.005997508966556704,inconclusive,inconclusive,supported,False,accepted_delay;selection_gap,inconclusive
H5B0372,X119,asymmetric_stress,4.0,0.7,32,128.0,89.6,38.400000000000006,7,7,0.1,0.3,4,4,0.1,0.0,0.1,0.3,4,4,0.3,0.3,0.7,0.7,0.1,0.2,True,20,0.8215096236941763,0.8040166889572238,0.8390025584311289,-0.03006506811465006,-0.03897478561795964,-0.02115535061134048,0.05202806014158541,0.0435601094063532,0.06049601087681762,0.08209312825623546,0.07793386033524978,0.08625239617722115,-0.00017327127089683954,-0.0011934461190734817,0.0008469035772798027,inconclusive,inconclusive,inconclusive,False,accepted_delay;selection_gap;served_rate,inconclusive
H5B0372,X119,asymmetric_stress,4.0,0.7,32,128.0,89.6,38.400000000000006,7,7,0.1,0.3,4,4,0.1,0.0,0.1,0.3,4,4,0.3,0.3,0.7,0.7,0.3,0.4,True,20,0.9124510093403597,0.9052530042905448,0.9196490143901747,-0.12746638432429078,-0.13383084296422673,-0.12110192568435482,0.1553726187631345,0.14879124044923617,0.1619539970770328,0.28283900308742527,0.27973780502212536,0.28594020115272517,0.0005636799273931556,-0.0004890711986355652,0.0016164310534218765,inconclusive,supported,inconclusive,False,accepted_delay;served_rate,inconclusive
H5B0372,X119,asymmetric_stress,4.0,0.7,32,128.0,89.6,38.400000000000006,7,7,0.1,0.3,4,4,0.1,0.0,0.1,0.3,4,4,0.3,0.3,0.7,0.7,0.5,0.6,False,20,1.0,1.0,1.0,-0.298482896369032,-0.30749755113413646,-0.2894682416039276,0.2556940371647134,0.24860901620802117,0.2627790581214056,0.5541769335337454,0.5495086577860606,0.5588452092814302,0.001150948914416909,0.00028067500588457525,0.002021222822949243,supported,supported,inconclusive,False,served_rate,inconclusive
H5B0373,X120,asymmetric_stress,3.1,0.5,32,99.2,49.6,49.6,14,21,0.0,0.0,4,4,0.5,0.5,0.5,0.7,4,4,0.3,0.5,0.5,0.5,0.1,0.6,True,20,1.0,1.0,1.0,-0.752976030991524,-0.8682975964779882,-0.6376544655050598,-0.7534508483799304,-0.8691346591589764,-0.6377670376008844,-0.0004748173884063789,-0.008865243608544305,0.007915608831731548,0.004083120052847595,0.0022638928717445836,0.005902347233950607,supported,inconclusive,inconclusive,False,selection_gap;served_rate,inconclusive
H5B0374,X121,asymmetric_stress,0.8,0.3,32,25.6,7.68,17.919999999999998,28,14,0.1,0.1,9,9,0.0,0.0,0.0,0.5,6,4,0.3,0.0,0.3,0.3,0.1,0.1,True,20,0.0,0.0,0.0,0.0,0.0,0.0,0.0,0.0,0.0,0.0,0.0,0.0,0.0,0.0,0.0,inconclusive,inconclusive,inconclusive,False,insufficient_post_threshold_offer_exposure,inactive
H5B0374,X121,asymmetric_stress,0.8,0.3,32,25.6,7.68,17.919999999999998,28,14,0.1,0.1,9,9,0.0,0.0,0.0,0.5,6,4,0.3,0.0,0.3,0.3,0.3,0.3,True,20,0.0,0.0,0.0,0.0,0.0,0.0,0.0,0.0,0.0,0.0,0.0,0.0,0.0,0.0,0.0,inconclusive,inconclusive,inconclusive,False,insufficient_post_threshold_offer_exposure,inactive
H5B0374,X121,asymmetric_stress,0.8,0.3,32,25.6,7.68,17.919999999999998,28,14,0.1,0.1,9,9,0.0,0.0,0.0,0.5,6,4,0.3,0.0,0.3,0.3,0.5,0.5,False,20,0.0,0.0,0.0,0.0,0.0,0.0,0.0,0.0,0.0,0.0,0.0,0.0,0.0,0.0,0.0,inconclusive,inconclusive,inconclusive,False,insufficient_post_threshold_offer_exposure,inactive
H5B0375,X122,asymmetric_stress,2.0,0.7,64,128.0,89.6,38.400000000000006,28,28,0.1,0.0,9,9,0.0,0.0,0.0,0.5,9,12,0.7,0.7,0.7,0.7,0.1,0.1,True,20,0.6821556471432971,0.675238482030393,0.6890728122562012,-0.8098589755737787,-0.8649423426514833,-0.7547756084960742,-0.6800073945283713,-0.7358163860051051,-0.6241984030516375,0.12985158104540745,0.12829968204381212,0.13140348004700278,0.0001807005658455832,-0.0010786687386773806,0.0014400698703685472,supported,inconclusive,inconclusive,False,selection_gap;served_rate,inconclusive
H5B0375,X122,asymmetric_stress,2.0,0.7,64,128.0,89.6,38.400000000000006,28,28,0.1,0.0,9,9,0.0,0.0,0.0,0.5,9,12,0.7,0.7,0.7,0.7,0.3,0.3,True,20,0.5720789535228801,0.5663525442131788,0.5778053628325813,-1.5781387204283477,-1.6193808249641968,-1.5368966158924986,-1.250712608770217,-1.292191705178867,-1.209233512361567,0.32742611165813057,0.3249213883541348,0.32993083496212633,-0.0060866201714009915,-0.007175799673387058,-0.004997440669414925,supported,supported,supported,False,,supported
H5B0375,X122,asymmetric_stress,2.0,0.7,64,128.0,89.6,38.400000000000006,28,28,0.1,0.0,9,9,0.0,0.0,0.0,0.5,9,12,0.7,0.7,0.7,0.7,0.5,0.5,False,20,0.4701670305192696,0.466028584475568,0.47430547656297123,-1.7821271948342126,-1.8219055123360384,-1.7423488773323867,-1.2882526010825814,-1.3280918839161129,-1.24841331824905,0.49387459375163106,0.4909114146370637,0.4968377728661984,-0.013399033955402173,-0.01445970545936624,-0.012338362451438108,supported,supported,supported,False,,supported
H5B0376,X123,asymmetric_stress,3.1,0.3,32,99.2,29.76,69.44,14,14,0.5,0.0,9,9,0.0,0.0,0.0,0.5,6,6,0.0,0.0,0.0,0.0,0.1,0.1,True,20,0.9263157607972623,0.9107303368624671,0.9419011847320575,0.03531992245142153,0.020750068059224445,0.049889776843618616,0.08005224900849557,0.06551990455533643,0.09458459346165471,0.04473232655707404,0.04271381308625328,0.046750840027894806,-0.00039425062185437996,-0.0007136571179399294,-7.484412576883053e-05,inconclusive,inconclusive,inconclusive,False,accepted_delay;selection_gap;served_rate,inconclusive
H5B0376,X123,asymmetric_stress,3.1,0.3,32,99.2,29.76,69.44,14,14,0.5,0.0,9,9,0.0,0.0,0.0,0.5,6,6,0.0,0.0,0.0,0.0,0.3,0.3,True,20,0.950559307106061,0.94327729576783,0.9578413184442919,0.11902794123269737,0.10015951698561248,0.13789636547978226,0.24667353905457112,0.2301362128932154,0.26321086521592685,0.12764559782187374,0.12347359363665633,0.13181760200709114,-0.0012665282040543902,-0.0016431925370658568,-0.0008898638710429236,inconclusive,inconclusive,inconclusive,False,accepted_delay;selection_gap;served_rate,inconclusive
H5B0376,X123,asymmetric_stress,3.1,0.3,32,99.2,29.76,69.44,14,14,0.5,0.0,9,9,0.0,0.0,0.0,0.5,6,6,0.0,0.0,0.0,0.0,0.5,0.5,False,20,0.9876478044438775,0.9834474356791513,0.9918481732086036,0.2356672575396906,0.22010301551202605,0.25123149956735513,0.4393211019354332,0.42604505637536827,0.4525971474954982,0.20365384439574266,0.1966409952229036,0.21066669356858173,-0.0021194628940526547,-0.0023371778015465476,-0.001901747986558762,inconclusive,inconclusive,inconclusive,False,accepted_delay;selection_gap;served_rate,inconclusive
H5B0377,X124,asymmetric_stress,3.1,0.9,64,198.4,178.56,19.84,14,28,0.1,0.1,12,12,0.0,0.1,0.0,0.1,9,9,0.0,0.0,0.7,0.7,0.1,0.1,True,20,0.471315120358576,0.4654757650334443,0.47715447568370767,0.00405932455615785,-0.005449378346629296,0.013568027458944996,0.17329500249757102,0.1631515031425714,0.18343850185257063,0.16923567794141317,0.16720030369255734,0.171271052190269,-0.00038702792651186535,-0.001488813655649393,0.0007147578026256622,inconclusive,inconclusive,inconclusive,False,accepted_delay;selection_gap;served_rate,inconclusive
H5B0377,X124,asymmetric_stress,3.1,0.9,64,198.4,178.56,19.84,14,28,0.1,0.1,12,12,0.0,0.1,0.0,0.1,9,9,0.0,0.0,0.7,0.7,0.3,0.3,True,20,0.5645504691910069,0.5617963063015965,0.5673046320804174,-0.002600211377965156,-0.010813656465384791,0.00561323370945448,0.5726639126582682,0.5641460102119751,0.5811818151045614,0.5752641240362334,0.5728599267411786,0.5776683213312882,-0.0001920480330752594,-0.0007815812900105515,0.00039748522386003266,inconclusive,supported,inconclusive,False,accepted_delay;served_rate,inconclusive
H5B0377,X124,asymmetric_stress,3.1,0.9,64,198.4,178.56,19.84,14,28,0.1,0.1,12,12,0.0,0.1,0.0,0.1,9,9,0.0,0.0,0.7,0.7,0.5,0.5,False,20,0.664028336484395,0.6608340423956279,0.667222630573162,-0.055158753783692574,-0.06314930906603472,-0.04716819850135043,1.0107720688097985,1.0045152514460667,1.0170288861735304,1.0659308225934911,1.0613245458432434,1.0705370993437389,-0.0004543618938577604,-0.0014513972157320504,0.0005426734280165297,inconclusive,supported,inconclusive,False,accepted_delay;served_rate,inconclusive
H5B0378,X125,asymmetric_stress,1.25,0.7,16,20.0,14.0,6.000000000000001,14,28,0.1,0.1,9,9,0.0,0.0,0.0,0.5,6,6,0.0,0.0,0.3,0.3,0.1,0.1,True,20,0.0,0.0,0.0,0.0,0.0,0.0,0.0,0.0,0.0,0.0,0.0,0.0,0.0,0.0,0.0,inconclusive,inconclusive,inconclusive,False,insufficient_post_threshold_offer_exposure,inactive
H5B0378,X125,asymmetric_stress,1.25,0.7,16,20.0,14.0,6.000000000000001,14,28,0.1,0.1,9,9,0.0,0.0,0.0,0.5,6,6,0.0,0.0,0.3,0.3,0.3,0.3,True,20,0.0,0.0,0.0,0.0,0.0,0.0,0.0,0.0,0.0,0.0,0.0,0.0,0.0,0.0,0.0,inconclusive,inconclusive,inconclusive,False,insufficient_post_threshold_offer_exposure,inactive
H5B0378,X125,asymmetric_stress,1.25,0.7,16,20.0,14.0,6.000000000000001,14,28,0.1,0.1,9,9,0.0,0.0,0.0,0.5,6,6,0.0,0.0,0.3,0.3,0.5,0.5,False,20,0.0,0.0,0.0,0.0,0.0,0.0,0.0,0.0,0.0,0.0,0.0,0.0,0.0,0.0,0.0,inconclusive,inconclusive,inconclusive,False,insufficient_post_threshold_offer_exposure,inactive
H5B0380,X127,asymmetric_stress,0.8,0.1,32,25.6,2.5600000000000005,23.040000000000003,28,28,0.3,0.3,4,4,0.0,0.0,0.0,0.7,9,9,0.0,0.0,0.5,0.3,0.1,0.1,True,20,0.0,0.0,0.0,0.0,0.0,0.0,0.0,0.0,0.0,0.0,0.0,0.0,0.0,0.0,0.0,inconclusive,inconclusive,inconclusive,False,insufficient_post_threshold_offer_exposure,inactive
H5B0380,X127,asymmetric_stress,0.8,0.1,32,25.6,2.5600000000000005,23.040000000000003,28,28,0.3,0.3,4,4,0.0,0.0,0.0,0.7,9,9,0.0,0.0,0.5,0.3,0.3,0.3,True,20,0.0,0.0,0.0,0.0,0.0,0.0,0.0,0.0,0.0,0.0,0.0,0.0,0.0,0.0,0.0,inconclusive,inconclusive,inconclusive,False,insufficient_post_threshold_offer_exposure,inactive
H5B0380,X127,asymmetric_stress,0.8,0.1,32,25.6,2.5600000000000005,23.040000000000003,28,28,0.3,0.3,4,4,0.0,0.0,0.0,0.7,9,9,0.0,0.0,0.5,0.3,0.5,0.5,False,20,0.0,0.0,0.0,0.0,0.0,0.0,0.0,0.0,0.0,0.0,0.0,0.0,0.0,0.0,0.0,inconclusive,inconclusive,inconclusive,False,insufficient_post_threshold_offer_exposure,inactive
H5B0381,X128,asymmetric_stress,0.8,0.7,32,25.6,17.919999999999998,7.6800000000000015,28,21,0.0,0.0,4,4,0.1,0.1,0.1,0.7,12,12,0.3,0.3,0.3,0.3,0.1,0.2,True,20,0.0,0.0,0.0,0.0,0.0,0.0,0.0,0.0,0.0,0.0,0.0,0.0,0.0,0.0,0.0,inconclusive,inconclusive,inconclusive,False,insufficient_post_threshold_offer_exposure,inactive
H5B0381,X128,asymmetric_stress,0.8,0.7,32,25.6,17.919999999999998,7.6800000000000015,28,21,0.0,0.0,4,4,0.1,0.1,0.1,0.7,12,12,0.3,0.3,0.3,0.3,0.3,0.4,True,20,0.0,0.0,0.0,0.0,0.0,0.0,0.0,0.0,0.0,0.0,0.0,0.0,0.0,0.0,0.0,inconclusive,inconclusive,inconclusive,False,insufficient_post_threshold_offer_exposure,inactive
H5B0381,X128,asymmetric_stress,0.8,0.7,32,25.6,17.919999999999998,7.6800000000000015,28,21,0.0,0.0,4,4,0.1,0.1,0.1,0.7,12,12,0.3,0.3,0.3,0.3,0.5,0.6,False,20,0.0,0.0,0.0,0.0,0.0,0.0,0.0,0.0,0.0,0.0,0.0,0.0,0.0,0.0,0.0,inconclusive,inconclusive,inconclusive,False,insufficient_post_threshold_offer_exposure,inactive
