comparison,n_paired_seeds,delta_average_utilization,delta_average_utilization_ci_low,delta_average_utilization_ci_high,average_utilization_status,delta_weighted_utilization,delta_weighted_utilization_ci_low,delta_weighted_utilization_ci_high,weighted_utilization_status,background_id,variant,optimization_objective
horizon_only_vs_baseline,10,0.0,0.0,0.0,inconclusive,0.0,0.0,0.0,inconclusive,BG00001,release,average_utilization
reservation_only_vs_baseline,10,0.0012511415525114033,-0.0013607305936072735,0.004201141552511291,inconclusive,-0.0016825271408150155,-0.005003595582231629,0.0014143327649099703,inconclusive,BG00001,release,average_utilization
both_flexible_vs_baseline,10,0.0020913242009132694,-0.00025593607305937426,0.005187671232876594,inconclusive,-0.0012037207454880573,-0.00263815185347958,-5.453108153367773e-05,inconclusive,BG00001,release,average_utilization
both_flexible_vs_horizon_only,10,0.0020913242009132694,-0.00028310502283094283,0.005178082191780653,inconclusive,-0.0012037207454880573,-0.0026537528235833553,-4.002041943759898e-05,inconclusive,BG00001,release,average_utilization
both_flexible_vs_reservation_only,10,0.0008401826484018659,-0.0016260273972603992,0.0030958904109589804,inconclusive,0.00047880639532695837,-0.002122920581267795,0.0031743951748031095,inconclusive,BG00001,release,average_utilization
reservation_only_vs_horizon_only,10,0.0012511415525114033,-0.0014429223744291898,0.004265525114155162,inconclusive,-0.0016825271408150155,-0.004908002800555908,0.0014662590135243946,inconclusive,BG00001,release,average_utilization
horizon_only_vs_baseline,10,0.0,0.0,0.0,inconclusive,0.0,0.0,0.0,inconclusive,BG00002,release,average_utilization
reservation_only_vs_baseline,10,0.0009497716894977471,-1.826484018265795e-05,0.0023287671232877782,inconclusive,-7.790553897828456e-05,-0.00036171706617727303,0.00014371099541989895,inconclusive,BG00002,release,average_utilization
both_flexible_vs_baseline,10,0.0009497716894977471,-1.826484018265795e-05,0.002319634703196449,inconclusive,-7.790553897828456e-05,-0.00036947290542944656,0.00014371099541989895,inconclusive,BG00002,release,average_utilization
both_flexible_vs_horizon_only,10,0.0009497716894977471,-1.826484018265795e-05,0.0021917808219179546,inconclusive,-7.790553897828456e-05,-0.00036947290542944656,0.00014371099541989895,inconclusive,BG00002,release,average_utilization
both_flexible_vs_reservation_only,10,0.0,0.0,0.0,inconclusive,0.0,0.0,0.0,inconclusive,BG00002,release,average_utilization
reservation_only_vs_horizon_only,10,0.0009497716894977471,-1.826484018265795e-05,0.0023287671232877782,inconclusive,-7.790553897828456e-05,-0.00036947290542944656,0.00014371099541989895,inconclusive,BG00002,release,average_utilization
horizon_only_vs_baseline,10,0.0,0.0,0.0,inconclusive,0.0,0.0,0.0,inconclusive,BG00003,release,average_utilization
reservation_only_vs_baseline,10,0.0,0.0,0.0,inconclusive,0.0,0.0,0.0,inconclusive,BG00003,release,average_utilization
both_flexible_vs_baseline,10,0.0,0.0,0.0,inconclusive,0.0,0.0,0.0,inconclusive,BG00003,release,average_utilization
both_flexible_vs_horizon_only,10,0.0,0.0,0.0,inconclusive,0.0,0.0,0.0,inconclusive,BG00003,release,average_utilization
both_flexible_vs_reservation_only,10,0.0,0.0,0.0,inconclusive,0.0,0.0,0.0,inconclusive,BG00003,release,average_utilization
reservation_only_vs_horizon_only,10,0.0,0.0,0.0,inconclusive,0.0,0.0,0.0,inconclusive,BG00003,release,average_utilization
horizon_only_vs_baseline,10,0.0,0.0,0.0,inconclusive,0.0,0.0,0.0,inconclusive,BG00004,release,average_utilization
reservation_only_vs_baseline,10,0.0013333333333332865,-6.392694063940634e-05,0.0029315068493151034,inconclusive,0.287347909540615,0.28365423422859254,0.29100497017130916,supported,BG00004,release,average_utilization
both_flexible_vs_baseline,10,0.0013333333333332865,-5.479452054820894e-05,0.0029132420091325484,inconclusive,0.287347909540615,0.2835904343039214,0.29099412244431905,supported,BG00004,release,average_utilization
both_flexible_vs_horizon_only,10,0.0013333333333332865,-1.8493150685224478e-05,0.002931506849315191,inconclusive,0.287347909540615,0.2838626507461576,0.29098583810504136,supported,BG00004,release,average_utilization
both_flexible_vs_reservation_only,10,0.0,0.0,0.0,inconclusive,0.0,0.0,0.0,inconclusive,BG00004,release,average_utilization
reservation_only_vs_horizon_only,10,0.0013333333333332865,-0.00013698630137002455,0.00284954337899571,inconclusive,0.287347909540615,0.28362414586826173,0.29083033596944496,supported,BG00004,release,average_utilization
horizon_only_vs_baseline,10,0.0,0.0,0.0,inconclusive,0.0,0.0,0.0,inconclusive,BG00005,release,average_utilization
reservation_only_vs_baseline,10,0.00021004566210056642,-0.0004292237442921182,0.0008036529680366056,inconclusive,0.07709612297876194,0.07554665769246338,0.07852927077866785,supported,BG00005,release,average_utilization
both_flexible_vs_baseline,10,0.00021004566210056642,-0.00040182648401816456,0.0007764840182650113,inconclusive,0.07709612297876194,0.07557196727869875,0.07848285781896686,supported,BG00005,release,average_utilization
both_flexible_vs_horizon_only,10,0.00021004566210056642,-0.0004200913242007786,0.0008036529680366499,inconclusive,0.07709612297876194,0.075575943866816,0.07854630478746764,supported,BG00005,release,average_utilization
both_flexible_vs_reservation_only,10,0.0,0.0,0.0,inconclusive,0.0,0.0,0.0,inconclusive,BG00005,release,average_utilization
reservation_only_vs_horizon_only,10,0.00021004566210056642,-0.0004109589041094933,0.0008127853881279466,inconclusive,0.07709612297876194,0.07559123359283554,0.0785479340927356,supported,BG00005,release,average_utilization
horizon_only_vs_baseline,10,0.0,0.0,0.0,inconclusive,0.0,0.0,0.0,inconclusive,BG00006,release,average_utilization
reservation_only_vs_baseline,10,0.0,0.0,0.0,inconclusive,0.0,0.0,0.0,inconclusive,BG00006,release,average_utilization
both_flexible_vs_baseline,10,0.0,0.0,0.0,inconclusive,0.0,0.0,0.0,inconclusive,BG00006,release,average_utilization
both_flexible_vs_horizon_only,10,0.0,0.0,0.0,inconclusive,0.0,0.0,0.0,inconclusive,BG00006,release,average_utilization
both_flexible_vs_reservation_only,10,0.0,0.0,0.0,inconclusive,0.0,0.0,0.0,inconclusive,BG00006,release,average_utilization
reservation_only_vs_horizon_only,10,0.0,0.0,0.0,inconclusive,0.0,0.0,0.0,inconclusive,BG00006,release,average_utilization
horizon_only_vs_baseline,10,0.0,0.0,0.0,inconclusive,0.0,0.0,0.0,inconclusive,BG00007,release,average_utilization
reservation_only_vs_baseline,10,0.0017397260273972481,-0.001671232876712282,0.00487705479452055,inconclusive,0.0033365591022531003,-0.003104018492053621,0.00993223355513491,inconclusive,BG00007,release,average_utilization
both_flexible_vs_baseline,10,0.004301369863013859,-0.001164383561643418,0.010178424657534544,inconclusive,0.006286781185227408,-0.003180815895999706,0.01594806378616394,inconclusive,BG00007,release,average_utilization
both_flexible_vs_horizon_only,10,0.004301369863013859,-0.0011650684931505994,0.01035787671232893,inconclusive,0.006286781185227408,-0.0032134914151091105,0.015585214070106946,inconclusive,BG00007,release,average_utilization
both_flexible_vs_reservation_only,10,0.0025616438356166117,-0.004068835616438138,0.00972671232876733,inconclusive,0.0029502220829743077,-0.007643834606155709,0.01284961006364029,inconclusive,BG00007,release,average_utilization
reservation_only_vs_horizon_only,10,0.0017397260273972481,-0.0016849315068492865,0.004821917808219134,inconclusive,0.0033365591022531003,-0.003130464181254556,0.009881394099718133,inconclusive,BG00007,release,average_utilization
horizon_only_vs_baseline,10,0.0,0.0,0.0,inconclusive,0.0,0.0,0.0,inconclusive,BG00008,release,average_utilization
reservation_only_vs_baseline,10,0.0,0.0,0.0,inconclusive,0.0,0.0,0.0,inconclusive,BG00008,release,average_utilization
both_flexible_vs_baseline,10,0.0,0.0,0.0,inconclusive,0.0,0.0,0.0,inconclusive,BG00008,release,average_utilization
both_flexible_vs_horizon_only,10,0.0,0.0,0.0,inconclusive,0.0,0.0,0.0,inconclusive,BG00008,release,average_utilization
both_flexible_vs_reservation_only,10,0.0,0.0,0.0,inconclusive,0.0,0.0,0.0,inconclusive,BG00008,release,average_utilization
reservation_only_vs_horizon_only,10,0.0,0.0,0.0,inconclusive,0.0,0.0,0.0,inconclusive,BG00008,release,average_utilization
horizon_only_vs_baseline,10,0.0,0.0,0.0,inconclusive,0.0,0.0,0.0,inconclusive,BG00009,release,average_utilization
reservation_only_vs_baseline,10,0.0017643835616436344,0.0006301369863014411,0.0030027397260269824,inconclusive,-0.0003682387581617763,-0.0016637678235151788,0.0008317437084180201,inconclusive,BG00009,release,average_utilization
both_flexible_vs_baseline,10,0.0017643835616436344,0.0005806849315067111,0.00295356164383517,inconclusive,-0.0003682387581617763,-0.0016536915526796415,0.0008506332496057348,inconclusive,BG00009,release,average_utilization
both_flexible_vs_horizon_only,10,0.0017643835616436344,0.0005587671232876565,0.0029701369863011405,inconclusive,-0.0003682387581617763,-0.0016576040140385384,0.000842265150543609,inconclusive,BG00009,release,average_utilization
both_flexible_vs_reservation_only,10,0.0,0.0,0.0,inconclusive,0.0,0.0,0.0,inconclusive,BG00009,release,average_utilization
reservation_only_vs_horizon_only,10,0.0017643835616436344,0.0005642465753423385,0.002942465753424341,inconclusive,-0.0003682387581617763,-0.0016708416488002322,0.0008082123642063072,inconclusive,BG00009,release,average_utilization
horizon_only_vs_baseline,10,0.0,0.0,0.0,inconclusive,0.0,0.0,0.0,inconclusive,BG00010,release,average_utilization
reservation_only_vs_baseline,10,0.0014410958904109926,-0.0010468493150684007,0.003594657534246592,inconclusive,-0.002014725373847759,-0.003604723847239881,-0.00044312560292665223,inconclusive,BG00010,release,average_utilization
both_flexible_vs_baseline,10,0.002893150684931545,0.0002465753424658465,0.006241095890410976,inconclusive,-0.0004438394404464696,-0.004496274498120468,0.003054004073308773,inconclusive,BG00010,release,average_utilization
both_flexible_vs_horizon_only,10,0.002893150684931545,0.0001534246575343179,0.006104109589041207,inconclusive,-0.0004438394404464696,-0.0045397681252296995,0.0029389268020386587,inconclusive,BG00010,release,average_utilization
both_flexible_vs_reservation_only,10,0.001452054794520552,-0.0015730136986301898,0.004230136986301375,inconclusive,0.0015708859334012891,-0.0022472110107810386,0.00499887736247819,inconclusive,BG00010,release,average_utilization
reservation_only_vs_horizon_only,10,0.0014410958904109926,-0.0011124657534246282,0.003643835616438386,inconclusive,-0.002014725373847759,-0.0035730585156022285,-0.0004128409715544899,inconclusive,BG00010,release,average_utilization
horizon_only_vs_baseline,10,0.0008698630136984686,-0.00019195205479474698,0.002280993150684801,inconclusive,0.003405004589301097,-0.001203286354589238,0.00828381770739336,inconclusive,BG00011,release,average_utilization
reservation_only_vs_baseline,10,0.0011027397260275572,-0.00018510273972590244,0.002472602739726139,inconclusive,0.0036225508931279626,-0.0030266307606076335,0.010201819146233707,inconclusive,BG00011,release,average_utilization
both_flexible_vs_baseline,10,0.0011027397260275572,-0.00019863013698582233,0.0025205479452054358,inconclusive,0.0036225508931279626,-0.0029565109502386667,0.010284000483337354,inconclusive,BG00011,release,average_utilization
both_flexible_vs_horizon_only,10,0.0002328767123290887,-0.001507020547945125,0.001986301369863345,inconclusive,0.00021754630382686546,-0.005902006360301276,0.0065131130097620315,inconclusive,BG00011,release,average_utilization
both_flexible_vs_reservation_only,10,0.0,0.0,0.0,inconclusive,0.0,0.0,0.0,inconclusive,BG00011,release,average_utilization
reservation_only_vs_horizon_only,10,0.0002328767123290887,-0.0014796232876709144,0.001979452054794791,inconclusive,0.00021754630382686546,-0.006029607524002259,0.006646514542807703,inconclusive,BG00011,release,average_utilization
horizon_only_vs_baseline,10,0.0,0.0,0.0,inconclusive,0.0,0.0,0.0,inconclusive,BG00012,release,average_utilization
reservation_only_vs_baseline,10,0.0030616438356167786,0.001342294520548539,0.004650856164383812,inconclusive,0.12317113544005032,0.11855660116836034,0.12753939835385342,supported,BG00012,release,average_utilization
both_flexible_vs_baseline,10,0.004157534246575556,0.0024655821917811205,0.005616438356164523,inconclusive,0.1640268448328551,0.15772508578380626,0.16903797813590854,supported,BG00012,release,average_utilization
both_flexible_vs_horizon_only,10,0.004157534246575556,0.00241078767123321,0.005568493150684885,inconclusive,0.1640268448328551,0.1577294241617129,0.16903499676318276,supported,BG00012,release,average_utilization
both_flexible_vs_reservation_only,10,0.0010958904109587774,-0.0005068493150684408,0.0026438356164380276,inconclusive,0.04085570939280477,0.03664091496947512,0.04539610944757234,supported,BG00012,release,average_utilization
reservation_only_vs_horizon_only,10,0.0030616438356167786,0.0013765410958910128,0.004657705479452204,inconclusive,0.12317113544005032,0.11842381454713151,0.12753233476310954,supported,BG00012,release,average_utilization
horizon_only_vs_baseline,10,0.0,0.0,0.0,inconclusive,0.0,0.0,0.0,inconclusive,BG00013,release,average_utilization
reservation_only_vs_baseline,10,0.0008383561643838689,-0.00033986301369832544,0.002016438356164553,inconclusive,0.058425633710344926,0.056410853095602315,0.06042573888604426,supported,BG00013,release,average_utilization
both_flexible_vs_baseline,10,0.000904109589041291,-0.0007836986301369391,0.002635890410959038,inconclusive,0.06191976373596292,0.05883951191105328,0.0646515354027709,supported,BG00013,release,average_utilization
both_flexible_vs_horizon_only,10,0.000904109589041291,-0.0009095890410956429,0.0026684931506848492,inconclusive,0.06191976373596292,0.05881056095603177,0.06463749743244031,supported,BG00013,release,average_utilization
both_flexible_vs_reservation_only,10,6.575342465742207e-05,-0.0016549315068489809,0.0017261643835616604,inconclusive,0.003494130025617992,0.001075214265495035,0.005626909461223452,inconclusive,BG00013,release,average_utilization
reservation_only_vs_horizon_only,10,0.0008383561643838689,-0.00035630136986263407,0.002021917808219289,inconclusive,0.058425633710344926,0.05641680713698485,0.06053489556580838,supported,BG00013,release,average_utilization
horizon_only_vs_baseline,10,0.0,0.0,0.0,inconclusive,0.0,0.0,0.0,inconclusive,BG00014,release,average_utilization
reservation_only_vs_baseline,10,0.0033904109589039666,0.0007808219178081389,0.006623287671232641,inconclusive,-0.0012853516879868909,-0.005544365611402899,0.003178401811298351,inconclusive,BG00014,release,average_utilization
both_flexible_vs_baseline,10,0.0033904109589039666,0.0006917808219176832,0.006657705479451979,inconclusive,-0.0012853516879868909,-0.0055342322240238126,0.003195059621392067,inconclusive,BG00014,release,average_utilization
both_flexible_vs_horizon_only,10,0.0033904109589039666,0.0006575342465751447,0.006452397260273548,inconclusive,-0.0012853516879868909,-0.005667190395806062,0.003251069940279332,inconclusive,BG00014,release,average_utilization
both_flexible_vs_reservation_only,10,0.0,0.0,0.0,inconclusive,0.0,0.0,0.0,inconclusive,BG00014,release,average_utilization
reservation_only_vs_horizon_only,10,0.0033904109589039666,0.0007328767123284896,0.006568835616438267,inconclusive,-0.0012853516879868909,-0.005346031687541876,0.0034527252914445697,inconclusive,BG00014,release,average_utilization
horizon_only_vs_baseline,10,0.001008219178082359,-0.0007561643835616638,0.003134246575342925,inconclusive,-0.0007938240954768027,-0.002260935668207742,0.00044027938289606936,inconclusive,BG00015,release,average_utilization
reservation_only_vs_baseline,10,0.002246575342465973,0.0003341095890413243,0.0041098630136989795,inconclusive,-0.0024425854946625637,-0.004885901770367231,-0.00038789529311932707,inconclusive,BG00015,release,average_utilization
both_flexible_vs_baseline,10,0.002246575342465973,0.0003341095890412752,0.004115342465753815,inconclusive,-0.0024425854946625637,-0.0049142320377621885,-0.0003309216734231796,inconclusive,BG00015,release,average_utilization
both_flexible_vs_horizon_only,10,0.0012383561643836138,-0.0008823287671232521,0.0033589041095891093,inconclusive,-0.0016487613991857607,-0.004114793931305186,0.0011092057763501058,inconclusive,BG00015,release,average_utilization
both_flexible_vs_reservation_only,10,0.0,0.0,0.0,inconclusive,0.0,0.0,0.0,inconclusive,BG00015,release,average_utilization
reservation_only_vs_horizon_only,10,0.0012383561643836138,-0.0007946575342468958,0.003266027397260465,inconclusive,-0.0016487613991857607,-0.004166317863111905,0.0011146923756805932,inconclusive,BG00015,release,average_utilization
horizon_only_vs_baseline,10,0.0005296803652967031,-0.0013607305936072427,0.0023837899543376877,inconclusive,-0.0004522204119693507,-0.0029292052966219105,0.002045511510002971,inconclusive,BG00016,release,average_utilization
reservation_only_vs_baseline,10,0.008739726027396987,0.0067303652968035204,0.010611872146118452,supported,-0.05793126629943107,-0.06007190521080571,-0.05572771376209946,contradicted,BG00016,release,average_utilization
both_flexible_vs_baseline,10,0.008739726027396987,0.006775799086757784,0.010630136986300878,supported,-0.05793126629943107,-0.060033055737035504,-0.05580525864553141,contradicted,BG00016,release,average_utilization
both_flexible_vs_horizon_only,10,0.008210045662100285,0.00576255707762555,0.010739726027396979,supported,-0.05747904588746171,-0.05925843937740984,-0.05580602315547655,contradicted,BG00016,release,average_utilization
both_flexible_vs_reservation_only,10,0.0,0.0,0.0,inconclusive,0.0,0.0,0.0,inconclusive,BG00016,release,average_utilization
reservation_only_vs_horizon_only,10,0.008210045662100285,0.0059360730593606345,0.010684931506848976,supported,-0.05747904588746171,-0.05929618929533471,-0.05584015903579194,contradicted,BG00016,release,average_utilization
horizon_only_vs_baseline,10,0.0,0.0,0.0,inconclusive,0.0,0.0,0.0,inconclusive,BG00017,release,average_utilization
reservation_only_vs_baseline,10,0.002228310502283115,0.0,0.005296803652968052,inconclusive,-0.0005826866943521858,-0.0018329385778992457,8.487849484268839e-05,inconclusive,BG00017,release,average_utilization
both_flexible_vs_baseline,10,0.003936073059360834,-0.0024383561643836057,0.011343378995434089,inconclusive,0.0012038104657986937,-0.0028284183508059265,0.005094096262404287,inconclusive,BG00017,release,average_utilization
both_flexible_vs_horizon_only,10,0.003936073059360834,-0.002438584474885809,0.011114383561643843,inconclusive,0.0012038104657986937,-0.00293316924107075,0.005167023883945786,inconclusive,BG00017,release,average_utilization
both_flexible_vs_reservation_only,10,0.0017077625570777188,-0.003379223744292378,0.007150684931506871,inconclusive,0.0017864971601508795,-0.0026451170027992268,0.0056665263432981346,inconclusive,BG00017,release,average_utilization
reservation_only_vs_horizon_only,10,0.002228310502283115,0.0,0.005296803652968052,inconclusive,-0.0005826866943521858,-0.0018329385778992457,8.487849484268839e-05,inconclusive,BG00017,release,average_utilization
horizon_only_vs_baseline,10,0.0,0.0,0.0,inconclusive,0.0,0.0,0.0,inconclusive,BG00018,release,average_utilization
reservation_only_vs_baseline,10,0.0017534246575342527,-0.0009041095890411132,0.0045484018264840215,inconclusive,0.0013004927541639066,-7.943247696336139e-05,0.0025267811282200067,inconclusive,BG00018,release,average_utilization
both_flexible_vs_baseline,10,0.003433789954337807,0.0005844748858447917,0.007251141552511212,inconclusive,0.002947446406793597,0.00034394716246790235,0.00557627099703808,inconclusive,BG00018,release,average_utilization
both_flexible_vs_horizon_only,10,0.003433789954337807,0.0005479452054795367,0.007297031963470496,inconclusive,0.002947446406793597,0.00045078014805345347,0.005690380397165653,inconclusive,BG00018,release,average_utilization
both_flexible_vs_reservation_only,10,0.0016803652968035542,-0.001972602739726119,0.005050228310502273,inconclusive,0.0016469536526296901,-0.001103619580638696,0.004520166201234076,inconclusive,BG00018,release,average_utilization
reservation_only_vs_horizon_only,10,0.0017534246575342527,-0.0009041095890411132,0.004639269406392688,inconclusive,0.0013004927541639066,-0.00014781634158146374,0.0025401749140626507,inconclusive,BG00018,release,average_utilization
horizon_only_vs_baseline,10,0.0,0.0,0.0,inconclusive,0.0,0.0,0.0,inconclusive,BG00019,release,average_utilization
reservation_only_vs_baseline,10,0.004312328767123064,0.0021698630136983647,0.006361780821917714,inconclusive,0.0016413061881133228,-0.0023787591831208963,0.005827056952600628,inconclusive,BG00019,release,average_utilization
both_flexible_vs_baseline,10,0.005391780821917769,0.0034739726027398165,0.007490547945205368,supported,0.0031144478719763004,-0.0022387291932160413,0.008495652290707822,inconclusive,BG00019,release,average_utilization
both_flexible_vs_horizon_only,10,0.005391780821917769,0.003490410958904282,0.007512328767122845,supported,0.0031144478719763004,-0.002254268038529231,0.008181163714961201,inconclusive,BG00019,release,average_utilization
both_flexible_vs_reservation_only,10,0.001079452054794705,-0.0007891780821916549,0.002832876712328936,inconclusive,0.0014731416838629774,-0.0029561832633610203,0.0053447961888018845,inconclusive,BG00019,release,average_utilization
reservation_only_vs_horizon_only,10,0.004312328767123064,0.0021694520547942656,0.006427671232876535,inconclusive,0.0016413061881133228,-0.0022467693541432664,0.005739212430712094,inconclusive,BG00019,release,average_utilization
horizon_only_vs_baseline,10,0.0,0.0,0.0,inconclusive,0.0,0.0,0.0,inconclusive,BG00020,release,average_utilization
reservation_only_vs_baseline,10,0.0,0.0,0.0,inconclusive,0.0,0.0,0.0,inconclusive,BG00020,release,average_utilization
both_flexible_vs_baseline,10,0.0,0.0,0.0,inconclusive,0.0,0.0,0.0,inconclusive,BG00020,release,average_utilization
both_flexible_vs_horizon_only,10,0.0,0.0,0.0,inconclusive,0.0,0.0,0.0,inconclusive,BG00020,release,average_utilization
both_flexible_vs_reservation_only,10,0.0,0.0,0.0,inconclusive,0.0,0.0,0.0,inconclusive,BG00020,release,average_utilization
reservation_only_vs_horizon_only,10,0.0,0.0,0.0,inconclusive,0.0,0.0,0.0,inconclusive,BG00020,release,average_utilization
horizon_only_vs_baseline,10,0.0009223744292236269,-0.00028310502283100084,0.0022650684931505892,inconclusive,0.005010793071047415,0.0002180175365380269,0.009910996630827153,supported,BG00021,release,average_utilization
reservation_only_vs_baseline,10,0.0053881278538807755,0.0023924657534243614,0.00795456621004485,supported,-0.035308337613957394,-0.041483611288187415,-0.028837937659384145,contradicted,BG00021,release,average_utilization
both_flexible_vs_baseline,10,0.005799086757990313,0.0030408675799083896,0.008136986301369036,supported,-0.035507280855781566,-0.04105961005262271,-0.029681281415125983,contradicted,BG00021,release,average_utilization
both_flexible_vs_horizon_only,10,0.004876712328766686,0.0018810502283102852,0.0074611872146113385,inconclusive,-0.040518073926828976,-0.04641948328147984,-0.03363701758554034,contradicted,BG00021,release,average_utilization
both_flexible_vs_reservation_only,10,0.0004109589041095374,-7.30593607306318e-05,0.0011598173515981135,inconclusive,-0.00019894324182416766,-0.00174121616757303,0.001204103923298394,inconclusive,BG00021,release,average_utilization
reservation_only_vs_horizon_only,10,0.004465753424657148,0.0013333333333329749,0.0073792237442918615,inconclusive,-0.04031913068500481,-0.046128241955800016,-0.033792658653349336,contradicted,BG00021,release,average_utilization
horizon_only_vs_baseline,10,0.0,0.0,0.0,inconclusive,0.0,0.0,0.0,inconclusive,BG00022,release,average_utilization
reservation_only_vs_baseline,10,0.001872146118721496,-0.000127853881278418,0.0037808219178081656,inconclusive,-0.0010024148440805568,-0.005306378316190121,0.0046611960878415295,inconclusive,BG00022,release,average_utilization
both_flexible_vs_baseline,10,0.004237442922374479,0.0014883561643836173,0.006612100456621085,inconclusive,0.003777097189712897,-0.0014154165791356145,0.009171363049281784,inconclusive,BG00022,release,average_utilization
both_flexible_vs_horizon_only,10,0.004237442922374479,0.0015342465753425125,0.006612557077625696,inconclusive,0.003777097189712897,-0.0014366132236488225,0.009262016841664507,inconclusive,BG00022,release,average_utilization
both_flexible_vs_reservation_only,10,0.002365296803652983,-0.0003107305936073131,0.004894977168949833,inconclusive,0.004779512033793454,-0.001348021802362826,0.011805558705301,inconclusive,BG00022,release,average_utilization
reservation_only_vs_horizon_only,10,0.001872146118721496,-0.00010958904109580392,0.0038175799086758617,inconclusive,-0.0010024148440805568,-0.005344776640243014,0.004617197198028739,inconclusive,BG00022,release,average_utilization
horizon_only_vs_baseline,10,0.0,0.0,0.0,inconclusive,0.0,0.0,0.0,inconclusive,BG00023,release,average_utilization
reservation_only_vs_baseline,10,0.0,0.0,0.0,inconclusive,0.0,0.0,0.0,inconclusive,BG00023,release,average_utilization
both_flexible_vs_baseline,10,0.0,0.0,0.0,inconclusive,0.0,0.0,0.0,inconclusive,BG00023,release,average_utilization
both_flexible_vs_horizon_only,10,0.0,0.0,0.0,inconclusive,0.0,0.0,0.0,inconclusive,BG00023,release,average_utilization
both_flexible_vs_reservation_only,10,0.0,0.0,0.0,inconclusive,0.0,0.0,0.0,inconclusive,BG00023,release,average_utilization
reservation_only_vs_horizon_only,10,0.0,0.0,0.0,inconclusive,0.0,0.0,0.0,inconclusive,BG00023,release,average_utilization
horizon_only_vs_baseline,10,0.0,0.0,0.0,inconclusive,0.0,0.0,0.0,inconclusive,BG00024,release,average_utilization
reservation_only_vs_baseline,10,0.007958904109589049,0.005486301369863074,0.010219178082191806,supported,0.054853785672805654,0.04993614671330552,0.05969270198801137,supported,BG00024,release,average_utilization
both_flexible_vs_baseline,10,0.009753424657534437,0.007952054794520444,0.0117330479452057,supported,0.04571459748179344,0.04204301017973692,0.049243904895860155,supported,BG00024,release,average_utilization
both_flexible_vs_horizon_only,10,0.009753424657534437,0.007897260273972981,0.01164417808219211,supported,0.04571459748179344,0.04218330172660231,0.049175926908701664,supported,BG00024,release,average_utilization
both_flexible_vs_reservation_only,10,0.0017945205479453885,-0.0012261986301366642,0.004589212328767278,inconclusive,-0.009139188191012216,-0.01219216737304643,-0.006292792446244828,contradicted,BG00024,release,average_utilization
reservation_only_vs_horizon_only,10,0.007958904109589049,0.005493150684931582,0.010212499999999944,supported,0.054853785672805654,0.049907361348454686,0.059767087661138786,supported,BG00024,release,average_utilization
horizon_only_vs_baseline,10,0.0,0.0,0.0,inconclusive,0.0,0.0,0.0,inconclusive,BG00025,release,average_utilization
reservation_only_vs_baseline,10,0.000136986301369868,-0.0006027397260273907,0.000972602739726125,inconclusive,0.0004149869364798442,-0.00022871077175599608,0.0012256710053422104,inconclusive,BG00025,release,average_utilization
both_flexible_vs_baseline,10,0.000136986301369868,-0.0005753424657534373,0.000986301369863031,inconclusive,0.0004149869364798442,-0.00020228093264605259,0.0012420235392770578,inconclusive,BG00025,release,average_utilization
both_flexible_vs_horizon_only,10,0.000136986301369868,-0.0005753424657534483,0.0009726027397261028,inconclusive,0.0004149869364798442,-0.00021360610348201137,0.0012234018518733057,inconclusive,BG00025,release,average_utilization
both_flexible_vs_reservation_only,10,0.0,0.0,0.0,inconclusive,0.0,0.0,0.0,inconclusive,BG00025,release,average_utilization
reservation_only_vs_horizon_only,10,0.000136986301369868,-0.0006027397260274237,0.0010136986301369844,inconclusive,0.0004149869364798442,-0.00022509468233530087,0.0012263673612510201,inconclusive,BG00025,release,average_utilization
horizon_only_vs_baseline,10,0.0,0.0,0.0,inconclusive,0.0,0.0,0.0,inconclusive,BG00026,release,average_utilization
reservation_only_vs_baseline,10,0.036328767123288995,0.032593378995435,0.03993607305936205,supported,0.16844490214581548,0.16688339722086967,0.17020299297899114,supported,BG00026,release,average_utilization
both_flexible_vs_baseline,10,0.03788127853881403,0.034694063926941854,0.04140639269406524,supported,0.16773818051266226,0.16582593721987707,0.16986783709943137,supported,BG00026,release,average_utilization
both_flexible_vs_horizon_only,10,0.03788127853881403,0.03462077625570875,0.04142488584475013,supported,0.16773818051266226,0.1656803287791363,0.1698983918856285,supported,BG00026,release,average_utilization
both_flexible_vs_reservation_only,10,0.0015525114155250375,-0.0026029680365298766,0.005671917808219202,inconclusive,-0.0007067216331531956,-0.0025996453150242513,0.0014455127396739115,inconclusive,BG00026,release,average_utilization
reservation_only_vs_horizon_only,10,0.036328767123288995,0.0326299086758002,0.03979931506849482,supported,0.16844490214581548,0.16683735579274672,0.1702026790408117,supported,BG00026,release,average_utilization
horizon_only_vs_baseline,10,0.0,0.0,0.0,inconclusive,0.0,0.0,0.0,inconclusive,BG00027,release,average_utilization
reservation_only_vs_baseline,10,0.0011986301369861009,-0.00010958904109594824,0.002417808219177525,inconclusive,0.09026625715588546,0.08919690550778134,0.09142682857347376,supported,BG00027,release,average_utilization
both_flexible_vs_baseline,10,0.0011986301369861009,-8.219178082186196e-05,0.002417808219177564,inconclusive,0.09026625715588546,0.0891776265940036,0.09145774013873066,supported,BG00027,release,average_utilization
both_flexible_vs_horizon_only,10,0.0011986301369861009,-4.1267123287966556e-05,0.0024657534246570845,inconclusive,0.09026625715588546,0.08921365362040404,0.09147660241677888,supported,BG00027,release,average_utilization
both_flexible_vs_reservation_only,10,0.0,0.0,0.0,inconclusive,0.0,0.0,0.0,inconclusive,BG00027,release,average_utilization
reservation_only_vs_horizon_only,10,0.0011986301369861009,-6.849315068486877e-05,0.0024246575342460486,inconclusive,0.09026625715588546,0.08919437325100966,0.09138330556810834,supported,BG00027,release,average_utilization
horizon_only_vs_baseline,10,0.0,0.0,0.0,inconclusive,0.0,0.0,0.0,inconclusive,BG00028,release,average_utilization
reservation_only_vs_baseline,10,0.0005958904109589436,-0.0005342465753424453,0.002260273972602722,inconclusive,0.0007519725818472933,-0.0002010335269534927,0.0018460697329422684,inconclusive,BG00028,release,average_utilization
both_flexible_vs_baseline,10,0.0011095890410959598,-0.00045222602739722887,0.003198801369863126,inconclusive,0.00012686933196056626,-0.00047220561783170296,0.0009209142180091832,inconclusive,BG00028,release,average_utilization
both_flexible_vs_horizon_only,10,0.0011095890410959598,-0.0004383561643835243,0.003157705479452212,inconclusive,0.00012686933196056626,-0.00047618627983694287,0.0009489654944033861,inconclusive,BG00028,release,average_utilization
both_flexible_vs_reservation_only,10,0.0005136986301370161,-0.0006164383561643508,0.0018015410958904252,inconclusive,-0.0006251032498867271,-0.002000158715068864,0.0005788225645631396,inconclusive,BG00028,release,average_utilization
reservation_only_vs_horizon_only,10,0.0005958904109589436,-0.0005553082191780655,0.0022397260273972824,inconclusive,0.0007519725818472933,-0.0002113313352351226,0.001844854956807962,inconclusive,BG00028,release,average_utilization
horizon_only_vs_baseline,10,0.0,0.0,0.0,inconclusive,0.0,0.0,0.0,inconclusive,BG00029,release,average_utilization
reservation_only_vs_baseline,10,0.00019178082191778634,-0.005525114155251334,0.005196575342465991,inconclusive,-0.0012205260977182554,-0.004687231699323464,0.0019963536273947635,inconclusive,BG00029,release,average_utilization
both_flexible_vs_baseline,10,0.00047488584474888464,-0.003297260273972784,0.004319634703196203,inconclusive,0.0011405149188805307,-0.0010260468339246254,0.0034589460695064254,inconclusive,BG00029,release,average_utilization
both_flexible_vs_horizon_only,10,0.00047488584474888464,-0.0033157534246575217,0.004201141552511526,inconclusive,0.0011405149188805307,-0.0010055620304964456,0.0035556716251344675,inconclusive,BG00029,release,average_utilization
both_flexible_vs_reservation_only,10,0.0002831050228310983,-0.005736301369863018,0.005552739726027697,inconclusive,0.002361041016598786,0.0003901691443693154,0.004560651322732543,inconclusive,BG00029,release,average_utilization
reservation_only_vs_horizon_only,10,0.00019178082191778634,-0.005424885844749083,0.00509634703196367,inconclusive,-0.0012205260977182554,-0.0046655801093737105,0.0020380427351439747,inconclusive,BG00029,release,average_utilization
horizon_only_vs_baseline,10,0.0,0.0,0.0,inconclusive,0.0,0.0,0.0,inconclusive,BG00030,release,average_utilization
reservation_only_vs_baseline,10,0.0010136986301369944,-0.004054794520547769,0.006201369863013681,inconclusive,-0.002095662438117796,-0.004028161474380669,8.58202936943114e-05,inconclusive,BG00030,release,average_utilization
both_flexible_vs_baseline,10,0.0010136986301369944,-0.003991324200913399,0.006265068493150796,inconclusive,-0.002095662438117796,-0.004095520484790925,6.788988821699828e-05,inconclusive,BG00030,release,average_utilization
both_flexible_vs_horizon_only,10,0.0010136986301369944,-0.003990867579908678,0.006256392694063947,inconclusive,-0.002095662438117796,-0.004167682637530274,-2.3989157766857257e-05,inconclusive,BG00030,release,average_utilization
both_flexible_vs_reservation_only,10,0.0,0.0,0.0,inconclusive,0.0,0.0,0.0,inconclusive,BG00030,release,average_utilization
reservation_only_vs_horizon_only,10,0.0010136986301369944,-0.004054794520547879,0.006200913242009033,inconclusive,-0.002095662438117796,-0.004073145942649739,6.380044813632794e-05,inconclusive,BG00030,release,average_utilization
horizon_only_vs_baseline,10,0.0,0.0,0.0,inconclusive,0.0,0.0,0.0,inconclusive,BG00031,release,average_utilization
reservation_only_vs_baseline,10,0.004493150684931391,0.002602739726027424,0.005959246575342512,inconclusive,0.10625934419185819,0.10266885481747097,0.10988295622777206,supported,BG00031,release,average_utilization
both_flexible_vs_baseline,10,0.004493150684931391,0.002602739726027498,0.005958904109589047,inconclusive,0.10625934419185819,0.10274080425126877,0.10995513208356684,supported,BG00031,release,average_utilization
both_flexible_vs_horizon_only,10,0.004493150684931391,0.002671232876712345,0.0059315068493149,inconclusive,0.10625934419185819,0.10279866391565558,0.10988264404927216,supported,BG00031,release,average_utilization
both_flexible_vs_reservation_only,10,0.0,0.0,0.0,inconclusive,0.0,0.0,0.0,inconclusive,BG00031,release,average_utilization
reservation_only_vs_horizon_only,10,0.004493150684931391,0.002643835616438405,0.005931506849314983,inconclusive,0.10625934419185819,0.10269809484224135,0.1099629289877935,supported,BG00031,release,average_utilization
horizon_only_vs_baseline,10,0.0,0.0,0.0,inconclusive,0.0,0.0,0.0,inconclusive,BG00032,release,average_utilization
reservation_only_vs_baseline,10,0.00014794520547934954,-2.1917808219185097e-05,0.00046027397260243184,inconclusive,0.00020963496023559402,-0.00041334911883719847,0.0013212064455150809,inconclusive,BG00032,release,average_utilization
both_flexible_vs_baseline,10,0.00014794520547934954,-2.1917808219207303e-05,0.0004547945205476744,inconclusive,0.00020963496023559402,-0.0004097176919833666,0.0013238251784112515,inconclusive,BG00032,release,average_utilization
both_flexible_vs_horizon_only,10,0.00014794520547934954,-2.7397260273942513e-05,0.0004547945205476744,inconclusive,0.00020963496023559402,-0.00041225816599463946,0.0013180437352550047,inconclusive,BG00032,release,average_utilization
both_flexible_vs_reservation_only,10,0.0,0.0,0.0,inconclusive,0.0,0.0,0.0,inconclusive,BG00032,release,average_utilization
reservation_only_vs_horizon_only,10,0.00014794520547934954,-2.1917808219207303e-05,0.0004547945205476744,inconclusive,0.00020963496023559402,-0.00041330082437948055,0.0013053456845570556,inconclusive,BG00032,release,average_utilization
horizon_only_vs_baseline,10,0.0,0.0,0.0,inconclusive,0.0,0.0,0.0,inconclusive,BG00033,release,average_utilization
reservation_only_vs_baseline,10,0.0012465753424657944,-0.0005547945205477977,0.0030960616438361673,inconclusive,-0.05146087478642218,-0.057654218113229704,-0.04484769986171872,contradicted,BG00033,release,average_utilization
both_flexible_vs_baseline,10,0.0012602739726026656,-0.00017123287671255927,0.002753424657534203,inconclusive,-0.020049174633894874,-0.024811039095403463,-0.014947923740063542,contradicted,BG00033,release,average_utilization
both_flexible_vs_horizon_only,10,0.0012602739726026656,-0.0001782534246578151,0.002746575342465774,inconclusive,-0.020049174633894874,-0.02462265402176096,-0.014730980169366309,contradicted,BG00033,release,average_utilization
both_flexible_vs_reservation_only,10,1.3698630136871337e-05,-0.0016849315068492552,0.001568835616438377,inconclusive,0.03141170015252731,0.02346696846188917,0.03861021576168709,supported,BG00033,release,average_utilization
reservation_only_vs_horizon_only,10,0.0012465753424657944,-0.000513869863013642,0.003116438356164001,inconclusive,-0.05146087478642218,-0.05759579802092548,-0.04516634381352698,contradicted,BG00033,release,average_utilization
horizon_only_vs_baseline,10,0.0,0.0,0.0,inconclusive,0.0,0.0,0.0,inconclusive,BG00034,release,average_utilization
reservation_only_vs_baseline,10,0.0,0.0,0.0,inconclusive,0.0,0.0,0.0,inconclusive,BG00034,release,average_utilization
both_flexible_vs_baseline,10,4.566210045648944e-05,-0.001516210045662473,0.0017168949771687715,inconclusive,0.00679848060937539,0.002805882474286437,0.011420651505554606,supported,BG00034,release,average_utilization
both_flexible_vs_horizon_only,10,4.566210045648944e-05,-0.0015525114155253378,0.0017534246575340868,inconclusive,0.00679848060937539,0.002818647293697074,0.010929638114374541,supported,BG00034,release,average_utilization
both_flexible_vs_reservation_only,10,4.566210045648944e-05,-0.0014981735159820017,0.0016894977168946882,inconclusive,0.00679848060937539,0.0028506414449696454,0.011262742349784277,supported,BG00034,release,average_utilization
reservation_only_vs_horizon_only,10,0.0,0.0,0.0,inconclusive,0.0,0.0,0.0,inconclusive,BG00034,release,average_utilization
horizon_only_vs_baseline,10,0.0,0.0,0.0,inconclusive,0.0,0.0,0.0,inconclusive,BG00035,release,average_utilization
reservation_only_vs_baseline,10,0.0005479452054794609,0.0,0.0016438356164383827,inconclusive,-0.00014001963626615322,-0.0004200589087984596,0.0,inconclusive,BG00035,release,average_utilization
both_flexible_vs_baseline,10,0.001762557077625626,-0.004858904109589092,0.007845205479452073,inconclusive,-0.0031879976570300616,-0.01238326490692477,0.006815647214071523,inconclusive,BG00035,release,average_utilization
both_flexible_vs_horizon_only,10,0.001762557077625626,-0.004894977168949743,0.0077990867579911536,inconclusive,-0.0031879976570300616,-0.012712301510774168,0.006564251494859113,inconclusive,BG00035,release,average_utilization
both_flexible_vs_reservation_only,10,0.0012146118721461652,-0.005369863013698795,0.006958904109589022,inconclusive,-0.0030479780207639086,-0.012833616698700024,0.00677495387496888,inconclusive,BG00035,release,average_utilization
reservation_only_vs_horizon_only,10,0.0005479452054794609,0.0,0.0016438356164383827,inconclusive,-0.00014001963626615322,-0.0004200589087984596,0.0,inconclusive,BG00035,release,average_utilization
horizon_only_vs_baseline,10,0.0,0.0,0.0,inconclusive,0.0,0.0,0.0,inconclusive,BG00036,release,average_utilization
reservation_only_vs_baseline,10,0.009520547945205604,0.00850000000000034,0.010534246575342247,supported,0.2959272000011466,0.2942326205433939,0.29764501750114253,supported,BG00036,release,average_utilization
both_flexible_vs_baseline,10,0.009520547945205604,0.008534246575342937,0.010561815068493196,supported,0.2959272000011466,0.2941766747073368,0.2976542918658561,supported,BG00036,release,average_utilization
both_flexible_vs_horizon_only,10,0.009520547945205604,0.008513698630137442,0.010568664383561724,supported,0.2959272000011466,0.2941985259168842,0.2976867561853154,supported,BG00036,release,average_utilization
both_flexible_vs_reservation_only,10,0.0,0.0,0.0,inconclusive,0.0,0.0,0.0,inconclusive,BG00036,release,average_utilization
reservation_only_vs_horizon_only,10,0.009520547945205604,0.0085136986301375,0.010568493150684394,supported,0.2959272000011466,0.2942142942206359,0.29757245798916354,supported,BG00036,release,average_utilization
horizon_only_vs_baseline,10,0.0,0.0,0.0,inconclusive,0.0,0.0,0.0,inconclusive,BG00037,release,average_utilization
reservation_only_vs_baseline,10,0.0,0.0,0.0,inconclusive,0.0,0.0,0.0,inconclusive,BG00037,release,average_utilization
both_flexible_vs_baseline,10,0.004698630136986126,-0.0019188356164388115,0.01145239726027402,inconclusive,-0.005363831357984206,-0.009165776860295443,-0.0020556879246342507,contradicted,BG00037,release,average_utilization
both_flexible_vs_horizon_only,10,0.004698630136986126,-0.0018222602739730112,0.011452739726027368,inconclusive,-0.005363831357984206,-0.009089768943320435,-0.0021293577333207836,contradicted,BG00037,release,average_utilization
both_flexible_vs_reservation_only,10,0.004698630136986126,-0.002054794520548321,0.011219520547945144,inconclusive,-0.005363831357984206,-0.009149972503358686,-0.0020231602680113882,contradicted,BG00037,release,average_utilization
reservation_only_vs_horizon_only,10,0.0,0.0,0.0,inconclusive,0.0,0.0,0.0,inconclusive,BG00037,release,average_utilization
horizon_only_vs_baseline,10,0.0,0.0,0.0,inconclusive,0.0,0.0,0.0,inconclusive,BG00038,release,average_utilization
reservation_only_vs_baseline,10,0.0037876712328762997,0.0022260273972596538,0.005198630136986228,inconclusive,-0.05637995588684501,-0.058109161531148305,-0.05474939871718494,contradicted,BG00038,release,average_utilization
both_flexible_vs_baseline,10,0.0037876712328762997,0.002198630136985712,0.005198630136986116,inconclusive,-0.05637995588684501,-0.058213484868585255,-0.05474685769413384,contradicted,BG00038,release,average_utilization
both_flexible_vs_horizon_only,10,0.0037876712328762997,0.0021436643835607457,0.005198630136986017,inconclusive,-0.05637995588684501,-0.05817228745160269,-0.05473793718907488,contradicted,BG00038,release,average_utilization
both_flexible_vs_reservation_only,10,0.0,0.0,0.0,inconclusive,0.0,0.0,0.0,inconclusive,BG00038,release,average_utilization
reservation_only_vs_horizon_only,10,0.0037876712328762997,0.0021916095890401758,0.005219178082191733,inconclusive,-0.05637995588684501,-0.058059843906373775,-0.05475135440297063,contradicted,BG00038,release,average_utilization
horizon_only_vs_baseline,10,0.0,0.0,0.0,inconclusive,0.0,0.0,0.0,inconclusive,BG00039,release,average_utilization
reservation_only_vs_baseline,10,0.04472602739725924,0.04260273972602607,0.04657534246575255,supported,0.012741468080964491,0.01039863433254191,0.014647561402927637,supported,BG00039,release,average_utilization
both_flexible_vs_baseline,10,0.046602739726026375,0.044054794520547017,0.049246917808218035,supported,0.012615682591389576,0.009898838472285822,0.01519250334088373,supported,BG00039,release,average_utilization
both_flexible_vs_horizon_only,10,0.046602739726026375,0.04408219178082085,0.04923287671232748,supported,0.012615682591389576,0.009938191519002772,0.015194491358768335,supported,BG00039,release,average_utilization
both_flexible_vs_reservation_only,10,0.0018767123287671383,-0.0007260273972601671,0.004589041095890267,inconclusive,-0.0001257854895749144,-0.0037410026686714335,0.0037918765362581625,inconclusive,BG00039,release,average_utilization
reservation_only_vs_horizon_only,10,0.04472602739725924,0.042520205479450505,0.04664417808219118,supported,0.012741468080964491,0.010387382216294806,0.014726816673105447,supported,BG00039,release,average_utilization
horizon_only_vs_baseline,10,0.0,0.0,0.0,inconclusive,0.0,0.0,0.0,inconclusive,BG00040,release,average_utilization
reservation_only_vs_baseline,10,0.0,0.0,0.0,inconclusive,0.0,0.0,0.0,inconclusive,BG00040,release,average_utilization
both_flexible_vs_baseline,10,0.0,0.0,0.0,inconclusive,0.0,0.0,0.0,inconclusive,BG00040,release,average_utilization
both_flexible_vs_horizon_only,10,0.0,0.0,0.0,inconclusive,0.0,0.0,0.0,inconclusive,BG00040,release,average_utilization
both_flexible_vs_reservation_only,10,0.0,0.0,0.0,inconclusive,0.0,0.0,0.0,inconclusive,BG00040,release,average_utilization
reservation_only_vs_horizon_only,10,0.0,0.0,0.0,inconclusive,0.0,0.0,0.0,inconclusive,BG00040,release,average_utilization
horizon_only_vs_baseline,10,0.0,0.0,0.0,inconclusive,0.0,0.0,0.0,inconclusive,BG00041,release,average_utilization
reservation_only_vs_baseline,10,0.0028657534246575023,-0.0001539726027398573,0.006093287671232669,inconclusive,0.004420623375635336,0.00045393290550538594,0.008617335281588446,inconclusive,BG00041,release,average_utilization
both_flexible_vs_baseline,10,0.0028657534246575023,-0.00015356164383570564,0.006038630136986186,inconclusive,0.004420623375635336,0.0004901275562286768,0.008458930751199198,inconclusive,BG00041,release,average_utilization
both_flexible_vs_horizon_only,10,0.0028657534246575023,-0.00015904109589039812,0.006224931506849459,inconclusive,0.004420623375635336,0.000490757492472471,0.008654852413973114,inconclusive,BG00041,release,average_utilization
both_flexible_vs_reservation_only,10,0.0,0.0,0.0,inconclusive,0.0,0.0,0.0,inconclusive,BG00041,release,average_utilization
reservation_only_vs_horizon_only,10,0.0028657534246575023,-0.0002960273972602581,0.006268630136986155,inconclusive,0.004420623375635336,0.00039466602196992935,0.00853916011668469,inconclusive,BG00041,release,average_utilization
horizon_only_vs_baseline,10,0.0,0.0,0.0,inconclusive,0.0,0.0,0.0,inconclusive,BG00042,release,average_utilization
reservation_only_vs_baseline,10,0.0,0.0,0.0,inconclusive,0.0,0.0,0.0,inconclusive,BG00042,release,average_utilization
both_flexible_vs_baseline,10,0.0019269406392694033,-0.0030963470319635305,0.007589497716895056,inconclusive,0.00035791421847243267,-0.0026955706667400963,0.0034076826573894497,inconclusive,BG00042,release,average_utilization
both_flexible_vs_horizon_only,10,0.0019269406392694033,-0.003232876712328481,0.0075799086757992185,inconclusive,0.00035791421847243267,-0.002769033953786208,0.00336400576384842,inconclusive,BG00042,release,average_utilization
both_flexible_vs_reservation_only,10,0.0019269406392694033,-0.0033063926940638906,0.007525799086758238,inconclusive,0.00035791421847243267,-0.002730348987125619,0.003281767606257518,inconclusive,BG00042,release,average_utilization
reservation_only_vs_horizon_only,10,0.0,0.0,0.0,inconclusive,0.0,0.0,0.0,inconclusive,BG00042,release,average_utilization
horizon_only_vs_baseline,10,0.0003835616438357503,-0.0022196347031962237,0.0027034246575346004,inconclusive,0.005607786327967523,0.0017405943094018772,0.00984422632262399,supported,BG00043,release,average_utilization
reservation_only_vs_baseline,10,0.0004566210045663488,-0.0014977168949769767,0.0025390410958907395,inconclusive,0.006574505544009101,0.00218343893501196,0.010710159749618612,supported,BG00043,release,average_utilization
both_flexible_vs_baseline,10,0.0009954337899544473,-0.0019271689497714773,0.003908904109589018,inconclusive,0.009200751620209346,0.003919558310034667,0.014234512606490408,supported,BG00043,release,average_utilization
both_flexible_vs_horizon_only,10,0.0006118721461186971,-0.0014066210045658954,0.002575570776255452,inconclusive,0.0035929652922418232,-0.0013437511544938708,0.008854758397850373,inconclusive,BG00043,release,average_utilization
both_flexible_vs_reservation_only,10,0.0005388127853880986,-0.0013333333333330976,0.0025662100456620767,inconclusive,0.002626246076200245,-0.0024890013883041634,0.007093402213330154,inconclusive,BG00043,release,average_utilization
reservation_only_vs_horizon_only,10,7.305936073059849e-05,-0.0016803652968036215,0.002027397260273591,inconclusive,0.0009667192160415783,-0.004551879661160716,0.006351332204804449,inconclusive,BG00043,release,average_utilization
horizon_only_vs_baseline,10,0.0,0.0,0.0,inconclusive,0.0,0.0,0.0,inconclusive,BG00044,release,average_utilization
reservation_only_vs_baseline,10,0.0012945205479449108,4.7773972602021874e-05,0.002685102739725763,inconclusive,0.0019527428051860363,-0.0006029026601802151,0.004743521015005465,inconclusive,BG00044,release,average_utilization
both_flexible_vs_baseline,10,0.0012945205479449108,2.739726027363887e-05,0.002664383561643494,inconclusive,0.0019527428051860363,-0.0006512430581948808,0.0047032647093978065,inconclusive,BG00044,release,average_utilization
both_flexible_vs_horizon_only,10,0.0012945205479449108,3.42465753420984e-05,0.0027054794520543998,inconclusive,0.0019527428051860363,-0.0006217280676848592,0.004727800296491239,inconclusive,BG00044,release,average_utilization
both_flexible_vs_reservation_only,10,0.0,0.0,0.0,inconclusive,0.0,0.0,0.0,inconclusive,BG00044,release,average_utilization
reservation_only_vs_horizon_only,10,0.0012945205479449108,4.794520547918235e-05,0.0026917808219175227,inconclusive,0.0019527428051860363,-0.0007360183629088618,0.0047926093527999305,inconclusive,BG00044,release,average_utilization
horizon_only_vs_baseline,10,0.0,0.0,0.0,inconclusive,0.0,0.0,0.0,inconclusive,BG00045,release,average_utilization
reservation_only_vs_baseline,10,0.0002054794520547576,0.0,0.0006164383561642727,inconclusive,0.00011179970525838634,0.0,0.0003155812754667142,inconclusive,BG00045,release,average_utilization
both_flexible_vs_baseline,10,0.0005821917808220723,-0.00024657534246559393,0.0014042808219178874,inconclusive,0.04136791266728398,0.037653594157263715,0.0457464935850524,supported,BG00045,release,average_utilization
both_flexible_vs_horizon_only,10,0.0005821917808220723,-0.00024657534246543103,0.0014383561643835062,inconclusive,0.04136791266728398,0.03760836784002796,0.04586281163414132,supported,BG00045,release,average_utilization
both_flexible_vs_reservation_only,10,0.00037671232876731466,-0.0003837328767122877,0.001198630136986702,inconclusive,0.041256112962025596,0.0375443149876337,0.0456334345361876,supported,BG00045,release,average_utilization
reservation_only_vs_horizon_only,10,0.0002054794520547576,0.0,0.0006164383561642727,inconclusive,0.00011179970525838634,0.0,0.0003155812754667142,inconclusive,BG00045,release,average_utilization
horizon_only_vs_baseline,10,0.0,0.0,0.0,inconclusive,0.0,0.0,0.0,inconclusive,BG00046,release,average_utilization
reservation_only_vs_baseline,10,0.00010410958904111256,-0.0004931506849314649,0.0008054794520548026,inconclusive,-0.00022863269421283806,-0.0005756166864730016,0.0,inconclusive,BG00046,release,average_utilization
both_flexible_vs_baseline,10,0.00010410958904111256,-0.0004931506849314649,0.0008054794520548026,inconclusive,-0.00022863269421283806,-0.0005756166864730016,0.0,inconclusive,BG00046,release,average_utilization
both_flexible_vs_horizon_only,10,0.00010410958904111256,-0.0004931506849314649,0.0008054794520548026,inconclusive,-0.00022863269421283806,-0.0006307573845557579,0.0,inconclusive,BG00046,release,average_utilization
both_flexible_vs_reservation_only,10,0.0,0.0,0.0,inconclusive,0.0,0.0,0.0,inconclusive,BG00046,release,average_utilization
reservation_only_vs_horizon_only,10,0.00010410958904111256,-0.0004931506849314649,0.0008054794520548026,inconclusive,-0.00022863269421283806,-0.0005756166864730016,0.0,inconclusive,BG00046,release,average_utilization
horizon_only_vs_baseline,10,0.0,0.0,0.0,inconclusive,0.0,0.0,0.0,inconclusive,BG00047,release,average_utilization
reservation_only_vs_baseline,10,0.000999999999999801,-0.000739726027397693,0.002945547945205444,inconclusive,-0.03453020874156154,-0.037157519651594625,-0.03197522076235355,contradicted,BG00047,release,average_utilization
both_flexible_vs_baseline,10,0.000999999999999801,-0.0006712328767127138,0.002835958904109734,inconclusive,-0.03453020874156154,-0.03707820010799076,-0.03203114134959352,contradicted,BG00047,release,average_utilization
both_flexible_vs_horizon_only,10,0.000999999999999801,-0.0007260273972605005,0.002835616438356216,inconclusive,-0.03453020874156154,-0.037140865453953946,-0.03198800860923117,contradicted,BG00047,release,average_utilization
both_flexible_vs_reservation_only,10,0.0,0.0,0.0,inconclusive,0.0,0.0,0.0,inconclusive,BG00047,release,average_utilization
reservation_only_vs_horizon_only,10,0.000999999999999801,-0.0006715753424662772,0.0028359589041096257,inconclusive,-0.03453020874156154,-0.03712151568339711,-0.03198368801210699,contradicted,BG00047,release,average_utilization
horizon_only_vs_baseline,10,0.0,0.0,0.0,inconclusive,0.0,0.0,0.0,inconclusive,BG00048,release,average_utilization
reservation_only_vs_baseline,10,0.0009999999999999898,-0.0011510273972601107,0.0030547945205478544,inconclusive,0.0005499524618454044,-0.0002929445230509997,0.0014027382145492596,inconclusive,BG00048,release,average_utilization
both_flexible_vs_baseline,10,0.0014863013698629857,-0.0008904109589040643,0.004205993150684776,inconclusive,0.00039131101551441726,-0.00021034825719932064,0.0010339349792249574,inconclusive,BG00048,release,average_utilization
both_flexible_vs_horizon_only,10,0.0014863013698629857,-0.0008013698630135826,0.004260616438355993,inconclusive,0.00039131101551441726,-0.00023123243353129541,0.0010391025038121227,inconclusive,BG00048,release,average_utilization
both_flexible_vs_reservation_only,10,0.0004863013698629959,-0.001212499999999863,0.002507191780821884,inconclusive,-0.0001586414463309871,-0.0009076976913886266,0.0006441965248122129,inconclusive,BG00048,release,average_utilization
reservation_only_vs_horizon_only,10,0.0009999999999999898,-0.0011303082191781192,0.003020547945205248,inconclusive,0.0005499524618454044,-0.00024018450804317164,0.0013495479427380935,inconclusive,BG00048,release,average_utilization
horizon_only_vs_baseline,10,0.0,0.0,0.0,inconclusive,0.0,0.0,0.0,inconclusive,BG00049,release,average_utilization
reservation_only_vs_baseline,10,0.0012547945205480416,-0.0012878082191779096,0.003978082191780811,inconclusive,0.0009842733476876698,-0.0006283146822728277,0.0026512737357157895,inconclusive,BG00049,release,average_utilization
both_flexible_vs_baseline,10,0.0012547945205480416,-0.0013205479452053435,0.003978082191780896,inconclusive,0.0009842733476876698,-0.0007240793646375661,0.0026470145841002374,inconclusive,BG00049,release,average_utilization
both_flexible_vs_horizon_only,10,0.0012547945205480416,-0.001353698630136956,0.0038578082191781473,inconclusive,0.0009842733476876698,-0.0006065956644845629,0.002652807375562682,inconclusive,BG00049,release,average_utilization
both_flexible_vs_reservation_only,10,0.0,0.0,0.0,inconclusive,0.0,0.0,0.0,inconclusive,BG00049,release,average_utilization
reservation_only_vs_horizon_only,10,0.0012547945205480416,-0.0012391780821917,0.003978630136986215,inconclusive,0.0009842733476876698,-0.0006463885841411787,0.0026818343963252583,inconclusive,BG00049,release,average_utilization
horizon_only_vs_baseline,10,0.0,0.0,0.0,inconclusive,0.0,0.0,0.0,inconclusive,BG00050,release,average_utilization
reservation_only_vs_baseline,10,0.00039041095890396393,-0.0004383561643836187,0.0012672945205482024,inconclusive,0.01701794693614859,0.01270276115870507,0.02181904997176986,supported,BG00050,release,average_utilization
both_flexible_vs_baseline,10,0.001465753424657845,0.00033561643835692764,0.002568493150684662,inconclusive,-0.0030172758325382352,-0.008762603477482448,0.0029293186751986524,inconclusive,BG00050,release,average_utilization
both_flexible_vs_horizon_only,10,0.001465753424657845,0.0003698630136991177,0.002575342465753399,inconclusive,-0.0030172758325382352,-0.008649948424656835,0.0030400677958294306,inconclusive,BG00050,release,average_utilization
both_flexible_vs_reservation_only,10,0.0010753424657538812,-0.00016438356164362206,0.0024452054794522424,inconclusive,-0.02003522276868682,-0.025525383318673017,-0.013382547267957795,contradicted,BG00050,release,average_utilization
reservation_only_vs_horizon_only,10,0.00039041095890396393,-0.0004589041095890217,0.0012671232876708255,inconclusive,0.01701794693614859,0.012699081488027245,0.021962490193682613,supported,BG00050,release,average_utilization
horizon_only_vs_baseline,10,0.0,0.0,0.0,inconclusive,0.0,0.0,0.0,inconclusive,BG00051,release,average_utilization
reservation_only_vs_baseline,10,0.0014429223744292785,-0.0009136986301370599,0.003497716894977266,inconclusive,-0.0123929036442737,-0.017565221610918457,-0.0071314264419187375,contradicted,BG00051,release,average_utilization
both_flexible_vs_baseline,10,0.0019452054794517836,-0.0019089041095895214,0.00558904109589007,inconclusive,-0.026135339864732966,-0.03176506477363851,-0.01973708109315224,contradicted,BG00051,release,average_utilization
both_flexible_vs_horizon_only,10,0.0019452054794517836,-0.001854109589041409,0.00567123287671215,inconclusive,-0.026135339864732966,-0.03199996275898536,-0.019715529563636938,contradicted,BG00051,release,average_utilization
both_flexible_vs_reservation_only,10,0.0005022831050225052,-0.0026212328767129065,0.003488812785387436,inconclusive,-0.013742436220459264,-0.01876508379934359,-0.008117158598478589,contradicted,BG00051,release,average_utilization
reservation_only_vs_horizon_only,10,0.0014429223744292785,-0.0010228310502280052,0.003425114155251356,inconclusive,-0.0123929036442737,-0.017596094246499085,-0.007290333414129232,contradicted,BG00051,release,average_utilization
horizon_only_vs_baseline,10,0.0,0.0,0.0,inconclusive,0.0,0.0,0.0,inconclusive,BG00052,release,average_utilization
reservation_only_vs_baseline,10,0.0,0.0,0.0,inconclusive,0.0,0.0,0.0,inconclusive,BG00052,release,average_utilization
both_flexible_vs_baseline,10,0.0016849315068492299,-0.0018630136986300247,0.004822260273972396,inconclusive,0.00014084739601596396,-0.00259338894612076,0.002879642185570186,inconclusive,BG00052,release,average_utilization
both_flexible_vs_horizon_only,10,0.0016849315068492299,-0.0019453767123288365,0.004808219178082264,inconclusive,0.00014084739601596396,-0.002657481994470707,0.00291783129108248,inconclusive,BG00052,release,average_utilization
both_flexible_vs_reservation_only,10,0.0016849315068492299,-0.0020000000000000915,0.004897260273972373,inconclusive,0.00014084739601596396,-0.002546773108811565,0.0028935719352832534,inconclusive,BG00052,release,average_utilization
reservation_only_vs_horizon_only,10,0.0,0.0,0.0,inconclusive,0.0,0.0,0.0,inconclusive,BG00052,release,average_utilization
horizon_only_vs_baseline,10,0.0,0.0,0.0,inconclusive,0.0,0.0,0.0,inconclusive,BG00053,release,average_utilization
reservation_only_vs_baseline,10,0.001634703196347187,0.00015525114155260118,0.003287671232876833,inconclusive,-0.0022443579994347097,-0.005496106338063217,0.001572274224102786,inconclusive,BG00053,release,average_utilization
both_flexible_vs_baseline,10,0.001634703196347187,0.0002009132420094098,0.0032968036529680963,inconclusive,-0.0022443579994347097,-0.00562002432002731,0.001409372093464335,inconclusive,BG00053,release,average_utilization
both_flexible_vs_horizon_only,10,0.001634703196347187,0.0001824200913244093,0.0033518264840184937,inconclusive,-0.0022443579994347097,-0.005686657429601615,0.0014515801429059616,inconclusive,BG00053,release,average_utilization
both_flexible_vs_reservation_only,10,0.0,0.0,0.0,inconclusive,0.0,0.0,0.0,inconclusive,BG00053,release,average_utilization
reservation_only_vs_horizon_only,10,0.001634703196347187,0.0001643835616439873,0.0032876712328767993,inconclusive,-0.0022443579994347097,-0.005556680875066261,0.0014918066555411082,inconclusive,BG00053,release,average_utilization
horizon_only_vs_baseline,10,0.011731506849314944,0.009616438356164174,0.014191917808219318,supported,0.010925667652505822,0.008908207317896242,0.013125872592362564,supported,BG00054,release,average_utilization
reservation_only_vs_baseline,10,0.0009424657534246372,-0.0009261643835615315,0.002860273972602825,inconclusive,0.00020504739711269538,-0.0013804691691983693,0.0016245038994085594,inconclusive,BG00054,release,average_utilization
both_flexible_vs_baseline,10,0.013895890410958789,0.012257397260273846,0.015364520547945078,supported,0.011977185447730914,0.00992050615089134,0.013847381397597421,supported,BG00054,release,average_utilization
both_flexible_vs_horizon_only,10,0.0021643835616438458,-0.0001424657534244489,0.00430684931506829,inconclusive,0.001051517795225093,-0.0015310068276938,0.0036719776846555084,inconclusive,BG00054,release,average_utilization
both_flexible_vs_reservation_only,10,0.012953424657534152,0.011221917808219024,0.014520547945205353,supported,0.01177213805061822,0.009534683734694934,0.014138160844607289,supported,BG00054,release,average_utilization
reservation_only_vs_horizon_only,10,-0.010789041095890305,-0.012361780821917735,-0.009051917808218955,contradicted,-0.010720620255393127,-0.013224934337270807,-0.008251353335694949,contradicted,BG00054,release,average_utilization
horizon_only_vs_baseline,10,0.0,0.0,0.0,inconclusive,0.0,0.0,0.0,inconclusive,BG00055,release,average_utilization
reservation_only_vs_baseline,10,0.0,0.0,0.0,inconclusive,0.0,0.0,0.0,inconclusive,BG00055,release,average_utilization
both_flexible_vs_baseline,10,0.0,0.0,0.0,inconclusive,0.0,0.0,0.0,inconclusive,BG00055,release,average_utilization
both_flexible_vs_horizon_only,10,0.0,0.0,0.0,inconclusive,0.0,0.0,0.0,inconclusive,BG00055,release,average_utilization
both_flexible_vs_reservation_only,10,0.0,0.0,0.0,inconclusive,0.0,0.0,0.0,inconclusive,BG00055,release,average_utilization
reservation_only_vs_horizon_only,10,0.0,0.0,0.0,inconclusive,0.0,0.0,0.0,inconclusive,BG00055,release,average_utilization
horizon_only_vs_baseline,10,0.0,0.0,0.0,inconclusive,0.0,0.0,0.0,inconclusive,BG00056,release,average_utilization
reservation_only_vs_baseline,10,0.0,0.0,0.0,inconclusive,0.0,0.0,0.0,inconclusive,BG00056,release,average_utilization
both_flexible_vs_baseline,10,0.0009178082191780401,-0.0015075342465753361,0.003493150684930981,inconclusive,0.01880209635468334,0.012733898043612416,0.02467756107622788,supported,BG00056,release,average_utilization
both_flexible_vs_horizon_only,10,0.0009178082191780401,-0.0015208904109587083,0.003520890410958553,inconclusive,0.01880209635468334,0.012695915701889403,0.024680064614900705,supported,BG00056,release,average_utilization
both_flexible_vs_reservation_only,10,0.0009178082191780401,-0.0015479452054793065,0.003547945205479065,inconclusive,0.01880209635468334,0.012389303409134458,0.02456694471105389,supported,BG00056,release,average_utilization
reservation_only_vs_horizon_only,10,0.0,0.0,0.0,inconclusive,0.0,0.0,0.0,inconclusive,BG00056,release,average_utilization
horizon_only_vs_baseline,10,0.005835616438356073,0.00360273972602768,0.00791780821917777,supported,-0.030424769285490365,-0.03561904191325051,-0.025446582251697644,contradicted,BG00057,release,average_utilization
reservation_only_vs_baseline,10,8.219178082199407e-05,-0.00017808219178058193,0.00042499999999992284,inconclusive,0.0005489870519356565,6.65173109962447e-05,0.0012046938417560312,inconclusive,BG00057,release,average_utilization
both_flexible_vs_baseline,10,0.005986301369862746,0.003424315068492899,0.00891780821917754,supported,-0.031870965292421075,-0.03532832597317645,-0.028501471941020297,contradicted,BG00057,release,average_utilization
both_flexible_vs_horizon_only,10,0.00015068493150667274,-0.0026027397260273708,0.00265753424657498,inconclusive,-0.001446196006930711,-0.004853601669373371,0.0018369155945876286,inconclusive,BG00057,release,average_utilization
both_flexible_vs_reservation_only,10,0.005904109589040751,0.003356164383561801,0.008671232876711765,supported,-0.03241995234435673,-0.03577306072159653,-0.02921825366354417,contradicted,BG00057,release,average_utilization
reservation_only_vs_horizon_only,10,-0.0057534246575340784,-0.00791780821917753,-0.0034520547945203974,contradicted,0.030973756337426023,0.025856410212189762,0.03604736381679252,supported,BG00057,release,average_utilization
horizon_only_vs_baseline,10,0.0005808219178083607,-0.0007454794520546932,0.0018960273972603728,inconclusive,0.0015808011477291106,-0.001686916066536194,0.0053273461644491,inconclusive,BG00058,release,average_utilization
reservation_only_vs_baseline,10,0.006849315068493389,0.005183424657534443,0.00824136986301375,supported,0.21936664683240564,0.21552518856387692,0.22286499751580344,supported,BG00058,release,average_utilization
both_flexible_vs_baseline,10,0.0074082191780821425,0.005627260273972503,0.008915205479452064,supported,0.23268608502246915,0.22916773194145235,0.23607489527051137,supported,BG00058,release,average_utilization
both_flexible_vs_horizon_only,10,0.006827397260273782,0.00554520547945193,0.008235890410958676,supported,0.23110528387474005,0.22853214465744992,0.23357578775950089,supported,BG00058,release,average_utilization
both_flexible_vs_reservation_only,10,0.0005589041095887537,-0.0003561643835618428,0.0014083561643832353,inconclusive,0.013319438190063504,0.010602441295253102,0.016598329858597344,supported,BG00058,release,average_utilization
reservation_only_vs_horizon_only,10,0.006268493150685029,0.0051067123287669115,0.007758904109589229,supported,0.21778584568467654,0.2139524370171865,0.221570064580148,supported,BG00058,release,average_utilization
horizon_only_vs_baseline,10,0.0,0.0,0.0,inconclusive,0.0,0.0,0.0,inconclusive,BG00059,release,average_utilization
reservation_only_vs_baseline,10,0.05122739726027394,0.048783424657534095,0.053616575342465625,supported,0.18003063069076497,0.17657146416870637,0.18303741623512246,supported,BG00059,release,average_utilization
both_flexible_vs_baseline,10,0.05134246575342456,0.049287671232876896,0.053435890410958704,supported,0.18261855630166357,0.17918899515123343,0.18565398849488263,supported,BG00059,release,average_utilization
both_flexible_vs_horizon_only,10,0.05134246575342456,0.049326027397260275,0.053386438356164384,supported,0.18261855630166357,0.17926347477761834,0.18557244790087157,supported,BG00059,release,average_utilization
both_flexible_vs_reservation_only,10,0.0001150684931506163,-0.0027894520547946623,0.0028878082191781005,inconclusive,0.0025879256108985783,0.00011063486367296428,0.004782612850463151,inconclusive,BG00059,release,average_utilization
reservation_only_vs_horizon_only,10,0.05122739726027394,0.04883821917808213,0.05366041095890405,supported,0.18003063069076497,0.17659682467297447,0.18319104252305185,supported,BG00059,release,average_utilization
horizon_only_vs_baseline,10,0.0,0.0,0.0,inconclusive,0.0,0.0,0.0,inconclusive,BG00060,release,average_utilization
reservation_only_vs_baseline,10,0.0012534246575342412,-0.0012678082191780802,0.004185102739726015,inconclusive,-0.0009764092634456878,-0.003573798593981388,0.0019420758785864405,inconclusive,BG00060,release,average_utilization
both_flexible_vs_baseline,10,0.002342465753424605,-0.0018015410958904167,0.007863184931506397,inconclusive,-0.001736776865369416,-0.0059055511460387785,0.002558616859351681,inconclusive,BG00060,release,average_utilization
both_flexible_vs_horizon_only,10,0.002342465753424605,-0.0017056506849315342,0.007746746575341999,inconclusive,-0.001736776865369416,-0.005791465622111451,0.0024470536623103652,inconclusive,BG00060,release,average_utilization
both_flexible_vs_reservation_only,10,0.001089041095890364,-0.002651369863013741,0.00489743150684936,inconclusive,-0.0007603676019237282,-0.005219400469178911,0.003952925898582936,inconclusive,BG00060,release,average_utilization
reservation_only_vs_horizon_only,10,0.0012534246575342412,-0.0013219178082188377,0.004281335616438427,inconclusive,-0.0009764092634456878,-0.003680783787943784,0.001934910471332063,inconclusive,BG00060,release,average_utilization
horizon_only_vs_baseline,10,0.0,0.0,0.0,inconclusive,0.0,0.0,0.0,inconclusive,BG00061,release,average_utilization
reservation_only_vs_baseline,10,0.0030136986301370515,-0.00020547945205464684,0.006192123287671351,inconclusive,-0.0032965137341013835,-0.004944065927212052,-0.0014898260789991697,inconclusive,BG00061,release,average_utilization
both_flexible_vs_baseline,10,0.0030136986301370515,-0.0001506849315067843,0.006219178082191747,inconclusive,-0.0032965137341013835,-0.004942803147145623,-0.0015211946562121814,inconclusive,BG00061,release,average_utilization
both_flexible_vs_horizon_only,10,0.0030136986301370515,-5.5479452054688396e-05,0.006246917808219201,inconclusive,-0.0032965137341013835,-0.0049761277273865,-0.00153185895961048,inconclusive,BG00061,release,average_utilization
both_flexible_vs_reservation_only,10,0.0,0.0,0.0,inconclusive,0.0,0.0,0.0,inconclusive,BG00061,release,average_utilization
reservation_only_vs_horizon_only,10,0.0030136986301370515,-1.3698630136827761e-05,0.0061780821917808235,inconclusive,-0.0032965137341013835,-0.0049192002436065155,-0.0015131018615406541,inconclusive,BG00061,release,average_utilization
horizon_only_vs_baseline,10,0.0,0.0,0.0,inconclusive,0.0,0.0,0.0,inconclusive,BG00062,release,average_utilization
reservation_only_vs_baseline,10,0.0,0.0,0.0,inconclusive,0.0,0.0,0.0,inconclusive,BG00062,release,average_utilization
both_flexible_vs_baseline,10,0.0,0.0,0.0,inconclusive,0.0,0.0,0.0,inconclusive,BG00062,release,average_utilization
both_flexible_vs_horizon_only,10,0.0,0.0,0.0,inconclusive,0.0,0.0,0.0,inconclusive,BG00062,release,average_utilization
both_flexible_vs_reservation_only,10,0.0,0.0,0.0,inconclusive,0.0,0.0,0.0,inconclusive,BG00062,release,average_utilization
reservation_only_vs_horizon_only,10,0.0,0.0,0.0,inconclusive,0.0,0.0,0.0,inconclusive,BG00062,release,average_utilization
horizon_only_vs_baseline,10,0.0,0.0,0.0,inconclusive,0.0,0.0,0.0,inconclusive,BG00063,release,average_utilization
reservation_only_vs_baseline,10,0.013424657534246131,0.0091914383561639,0.01824726027397213,supported,0.05405357007201954,0.0467740076950658,0.06122759960980435,supported,BG00063,release,average_utilization
both_flexible_vs_baseline,10,0.013424657534246131,0.009109589041095711,0.01832876712328705,supported,0.05405357007201954,0.04696375803114901,0.06150184291705076,supported,BG00063,release,average_utilization
both_flexible_vs_horizon_only,10,0.013424657534246131,0.009150684931506343,0.01827499999999958,supported,0.05405357007201954,0.04726587624447177,0.06151998290521183,supported,BG00063,release,average_utilization
both_flexible_vs_reservation_only,10,0.0,0.0,0.0,inconclusive,0.0,0.0,0.0,inconclusive,BG00063,release,average_utilization
reservation_only_vs_horizon_only,10,0.013424657534246131,0.009136643835616194,0.018233219178081666,supported,0.05405357007201954,0.04725447666326861,0.061659915536189866,supported,BG00063,release,average_utilization
horizon_only_vs_baseline,10,0.0,0.0,0.0,inconclusive,0.0,0.0,0.0,inconclusive,BG00064,release,average_utilization
reservation_only_vs_baseline,10,0.0,0.0,0.0,inconclusive,0.0,0.0,0.0,inconclusive,BG00064,release,average_utilization
both_flexible_vs_baseline,10,0.0,0.0,0.0,inconclusive,0.0,0.0,0.0,inconclusive,BG00064,release,average_utilization
both_flexible_vs_horizon_only,10,0.0,0.0,0.0,inconclusive,0.0,0.0,0.0,inconclusive,BG00064,release,average_utilization
both_flexible_vs_reservation_only,10,0.0,0.0,0.0,inconclusive,0.0,0.0,0.0,inconclusive,BG00064,release,average_utilization
reservation_only_vs_horizon_only,10,0.0,0.0,0.0,inconclusive,0.0,0.0,0.0,inconclusive,BG00064,release,average_utilization
horizon_only_vs_baseline,10,0.00017808219178080397,-0.0020273972602738227,0.002123630136986365,inconclusive,-0.0024855045738746417,-0.00561977789346197,0.0010355713595582893,inconclusive,BG00065,release,average_utilization
reservation_only_vs_baseline,10,0.0005753424657533923,-0.000547945205479472,0.002109589041095808,inconclusive,0.00037778859518716734,-0.0007332172638116466,0.001514726185577565,inconclusive,BG00065,release,average_utilization
both_flexible_vs_baseline,10,0.0013561643835617644,-0.0005753424657533599,0.00313698630136995,inconclusive,-0.00041515826547321443,-0.003151794634044548,0.001899588607941562,inconclusive,BG00065,release,average_utilization
both_flexible_vs_horizon_only,10,0.0011780821917809603,-0.00099999999999998,0.0033013698630139157,inconclusive,0.0020703463084014275,-0.0016430173470741113,0.005301675700193377,inconclusive,BG00065,release,average_utilization
both_flexible_vs_reservation_only,10,0.000780821917808372,-0.0009044520547942923,0.0023698630136989255,inconclusive,-0.0007929468606603818,-0.0036072709518596697,0.0017923717434731987,inconclusive,BG00065,release,average_utilization
reservation_only_vs_horizon_only,10,0.00039726027397258835,-0.0018640410958901987,0.0026989726027398593,inconclusive,0.002863293169061809,-0.0007787645597757298,0.006314953265795093,inconclusive,BG00065,release,average_utilization
horizon_only_vs_baseline,10,0.0,0.0,0.0,inconclusive,0.0,0.0,0.0,inconclusive,BG00066,release,average_utilization
reservation_only_vs_baseline,10,0.0,0.0,0.0,inconclusive,0.0,0.0,0.0,inconclusive,BG00066,release,average_utilization
both_flexible_vs_baseline,10,0.0032739726027398164,-0.0016578767123285713,0.008082191780821863,inconclusive,-0.0023247927653638365,-0.005872862156490127,0.0006883480009425287,inconclusive,BG00066,release,average_utilization
both_flexible_vs_horizon_only,10,0.0032739726027398164,-0.0014113013698630274,0.008219178082191697,inconclusive,-0.0023247927653638365,-0.005948165609189996,0.000760981764402167,inconclusive,BG00066,release,average_utilization
both_flexible_vs_reservation_only,10,0.0032739726027398164,-0.0017678082191780007,0.00801404109589067,inconclusive,-0.0023247927653638365,-0.005789170520112843,0.0007660304991858037,inconclusive,BG00066,release,average_utilization
reservation_only_vs_horizon_only,10,0.0,0.0,0.0,inconclusive,0.0,0.0,0.0,inconclusive,BG00066,release,average_utilization
horizon_only_vs_baseline,10,0.0,0.0,0.0,inconclusive,0.0,0.0,0.0,inconclusive,BG00067,release,average_utilization
reservation_only_vs_baseline,10,0.0022054794520547927,-0.0006578767123293013,0.005034417808219461,inconclusive,4.668550870093879e-05,-0.0039973146126614885,0.004131202056492137,inconclusive,BG00067,release,average_utilization
both_flexible_vs_baseline,10,0.0022054794520547927,-0.0006780821917808932,0.0049522260273977235,inconclusive,4.668550870093879e-05,-0.0040252898506486345,0.004169904710697682,inconclusive,BG00067,release,average_utilization
both_flexible_vs_horizon_only,10,0.0022054794520547927,-0.0005136986301368929,0.005205479452054964,inconclusive,4.668550870093879e-05,-0.003934362853723476,0.0042247928987263015,inconclusive,BG00067,release,average_utilization
both_flexible_vs_reservation_only,10,0.0,0.0,0.0,inconclusive,0.0,0.0,0.0,inconclusive,BG00067,release,average_utilization
reservation_only_vs_horizon_only,10,0.0022054794520547927,-0.0006166095890413451,0.005013698630137172,inconclusive,4.668550870093879e-05,-0.0038740234220668514,0.004176977883419427,inconclusive,BG00067,release,average_utilization
horizon_only_vs_baseline,10,0.005506849315068463,0.003082191780822124,0.008123630136986356,supported,0.05551227331417201,0.050754297750463265,0.06090609781903854,supported,BG00068,release,average_utilization
reservation_only_vs_baseline,10,0.011835616438356057,0.00710924657534256,0.015630136986301228,supported,0.14712264908411335,0.14085291859359006,0.15322536970797207,supported,BG00068,release,average_utilization
both_flexible_vs_baseline,10,0.01382191780821913,0.010726027397260274,0.01745205479452006,supported,0.14540644012798706,0.13953412844544033,0.15121739437065373,supported,BG00068,release,average_utilization
both_flexible_vs_horizon_only,10,0.008315068493150668,0.005904109589040882,0.010616438356164692,supported,0.08989416681381504,0.08249423600925994,0.09616803943823687,supported,BG00068,release,average_utilization
both_flexible_vs_reservation_only,10,0.001986301369863075,-0.0014386986301371503,0.005288013698630398,inconclusive,-0.001716208956126286,-0.009865833784364134,0.007673836034301488,inconclusive,BG00068,release,average_utilization
reservation_only_vs_horizon_only,10,0.006328767123287593,0.0029445205479450894,0.009589041095890323,supported,0.09161037576994133,0.08498649426277996,0.0976648878675281,supported,BG00068,release,average_utilization
horizon_only_vs_baseline,10,0.0,0.0,0.0,inconclusive,0.0,0.0,0.0,inconclusive,BG00069,release,average_utilization
reservation_only_vs_baseline,10,0.00046027397260280936,-0.0009097260273972468,0.002306849315068617,inconclusive,-0.0003867824233314221,-0.0010783218169073683,0.0003102496985255507,inconclusive,BG00069,release,average_utilization
both_flexible_vs_baseline,10,0.0017698630136988136,-0.0005919178082185677,0.0040987671232875075,inconclusive,-0.0004298921661506916,-0.0024627863701611307,0.0017905884191677921,inconclusive,BG00069,release,average_utilization
both_flexible_vs_horizon_only,10,0.0017698630136988136,-0.0005424657534244831,0.004170136986301565,inconclusive,-0.0004298921661506916,-0.002490968309462672,0.0017257819673925437,inconclusive,BG00069,release,average_utilization
both_flexible_vs_reservation_only,10,0.0013095890410960043,-0.00040547945205459177,0.003112328767123221,inconclusive,-4.310974281926949e-05,-0.002362986943948026,0.0022174012335113564,inconclusive,BG00069,release,average_utilization
reservation_only_vs_horizon_only,10,0.00046027397260280936,-0.0009150684931504028,0.002186438356164499,inconclusive,-0.0003867824233314221,-0.0010626720545053624,0.0002668286273764016,inconclusive,BG00069,release,average_utilization
horizon_only_vs_baseline,10,0.0015479452054795507,-0.0009999999999995251,0.004506849315068076,inconclusive,0.012251571282473528,0.007817819708318817,0.016449412619373983,supported,BG00070,release,average_utilization
reservation_only_vs_baseline,10,0.0011643835616438226,-0.0016030821917809475,0.0039044520547945366,inconclusive,-0.11269303194633513,-0.11801890832565168,-0.10730317978980952,contradicted,BG00070,release,average_utilization
both_flexible_vs_baseline,10,0.002876712328766995,0.00021917808219188345,0.005397260273972404,inconclusive,0.011848192030093508,0.006615430615228421,0.01657075909865667,supported,BG00070,release,average_utilization
both_flexible_vs_horizon_only,10,0.0013287671232874443,-0.000328767123287699,0.003095890410958326,inconclusive,-0.00040337925238002057,-0.0045129184117169265,0.0037403783231398716,inconclusive,BG00070,release,average_utilization
both_flexible_vs_reservation_only,10,0.0017123287671231724,-0.0008493150684930521,0.004493835616438012,inconclusive,0.12454122397642864,0.11662179565924634,0.13167024068336583,supported,BG00070,release,average_utilization
reservation_only_vs_horizon_only,10,-0.0003835616438357281,-0.0030958904109590147,0.001904109589040872,inconclusive,-0.12494460322880865,-0.13188915821421052,-0.1180023434071991,contradicted,BG00070,release,average_utilization
horizon_only_vs_baseline,10,0.0,0.0,0.0,inconclusive,0.0,0.0,0.0,inconclusive,BG00071,release,average_utilization
reservation_only_vs_baseline,10,0.0007534246575342518,-0.0006712328767123032,0.0021780821917808746,inconclusive,-0.00040109419080950335,-0.0019473441687233861,0.000925995460315757,inconclusive,BG00071,release,average_utilization
both_flexible_vs_baseline,10,0.0007534246575342518,-0.0006575342465754086,0.002191780821917801,inconclusive,-0.00040109419080950335,-0.0019166472661350067,0.0009368838668483814,inconclusive,BG00071,release,average_utilization
both_flexible_vs_horizon_only,10,0.0007534246575342518,-0.0006441780821919015,0.002219178082191687,inconclusive,-0.00040109419080950335,-0.0019892417070287182,0.0009240730548531068,inconclusive,BG00071,release,average_utilization
both_flexible_vs_reservation_only,10,0.0,0.0,0.0,inconclusive,0.0,0.0,0.0,inconclusive,BG00071,release,average_utilization
reservation_only_vs_horizon_only,10,0.0007534246575342518,-0.0006849315068492631,0.0022054794520548074,inconclusive,-0.00040109419080950335,-0.0020019131992644397,0.0009372433212774837,inconclusive,BG00071,release,average_utilization
horizon_only_vs_baseline,10,0.0006301369863013328,-0.0016506849315068761,0.0028424657534246215,inconclusive,-0.0016378985713048188,-0.005150467268119834,0.0020927357562096067,inconclusive,BG00072,release,average_utilization
reservation_only_vs_baseline,10,0.0021095890410957165,0.00047928082191751214,0.0036712328767123247,inconclusive,0.026240719709854955,0.02154255684113354,0.0308376487825735,supported,BG00072,release,average_utilization
both_flexible_vs_baseline,10,0.0021095890410957165,0.00047945205479420216,0.003746575342465554,inconclusive,0.026240719709854955,0.021646115116549333,0.03088214607504585,supported,BG00072,release,average_utilization
both_flexible_vs_horizon_only,10,0.0014794520547943835,-0.0005138698630140994,0.0034657534246574483,inconclusive,0.027878618281159773,0.023645711113565972,0.0320081786930235,supported,BG00072,release,average_utilization
both_flexible_vs_reservation_only,10,0.0,0.0,0.0,inconclusive,0.0,0.0,0.0,inconclusive,BG00072,release,average_utilization
reservation_only_vs_horizon_only,10,0.0014794520547943835,-0.0005755136986304429,0.0034042808219178844,inconclusive,0.027878618281159773,0.023677155823384134,0.03213845084179822,supported,BG00072,release,average_utilization
horizon_only_vs_baseline,10,0.0,0.0,0.0,inconclusive,0.0,0.0,0.0,inconclusive,BG00073,release,average_utilization
reservation_only_vs_baseline,10,0.0018356164383562911,0.0006301369863016304,0.0029863013698633104,inconclusive,0.0020590607326477993,-0.001738563251567493,0.005886940508905422,inconclusive,BG00073,release,average_utilization
both_flexible_vs_baseline,10,0.0018356164383562911,0.0006232876712330637,0.002958904109588984,inconclusive,0.0020590607326477993,-0.0017636329028813801,0.0058794471618655985,inconclusive,BG00073,release,average_utilization
both_flexible_vs_horizon_only,10,0.0018356164383562911,0.0006299657534250297,0.002965924657534536,inconclusive,0.0020590607326477993,-0.0018204378469351664,0.005880537762480692,inconclusive,BG00073,release,average_utilization
both_flexible_vs_reservation_only,10,0.0,0.0,0.0,inconclusive,0.0,0.0,0.0,inconclusive,BG00073,release,average_utilization
reservation_only_vs_horizon_only,10,0.0018356164383562911,0.0006642123287672367,0.002965924657534651,inconclusive,0.0020590607326477993,-0.001741031740710864,0.005840028509021731,inconclusive,BG00073,release,average_utilization
horizon_only_vs_baseline,10,0.0,0.0,0.0,inconclusive,0.0,0.0,0.0,inconclusive,BG00074,release,average_utilization
reservation_only_vs_baseline,10,0.0010136986301373051,-0.00018630136986265923,0.002328904109589524,inconclusive,0.018124330782318336,0.01665401954591215,0.01991508221983143,supported,BG00074,release,average_utilization
both_flexible_vs_baseline,10,0.0011726027397264583,3.2876712329149295e-05,0.002317945205480158,inconclusive,0.10968896277595838,0.10793691672559971,0.11187601649786402,supported,BG00074,release,average_utilization
both_flexible_vs_horizon_only,10,0.0011726027397264583,8.219178082219309e-05,0.002312328767123652,inconclusive,0.10968896277595838,0.10790171298717685,0.11180714436565187,supported,BG00074,release,average_utilization
both_flexible_vs_reservation_only,10,0.00015890410958915301,-0.0007726027397258937,0.001156164383561867,inconclusive,0.09156463199364005,0.0887779355269453,0.0940790274519942,supported,BG00074,release,average_utilization
reservation_only_vs_horizon_only,10,0.0010136986301373051,-0.00019739726027402033,0.0022794520547950396,inconclusive,0.018124330782318336,0.016613439474762657,0.01991666814980126,supported,BG00074,release,average_utilization
horizon_only_vs_baseline,10,0.0010246575342469533,-0.0007726027397251955,0.0024550684931510343,inconclusive,-0.001106422323527323,-0.004348169640094978,0.002043833547212004,inconclusive,BG00075,release,average_utilization
reservation_only_vs_baseline,10,0.012000000000000056,0.009819178082192355,0.01387410958904124,supported,8.27456322849085e-05,-0.0019767125280490965,0.0020251120938297304,inconclusive,BG00075,release,average_utilization
both_flexible_vs_baseline,10,0.013150684931506673,0.010936849315068567,0.0150136986301368,supported,0.0010153497969334513,-0.0018117199602564172,0.004577722027524262,inconclusive,BG00075,release,average_utilization
both_flexible_vs_horizon_only,10,0.01212602739725972,0.01075602739725991,0.013369999999999405,supported,0.0021217721204607742,-0.0007314391817491083,0.004976815854526549,inconclusive,BG00075,release,average_utilization
both_flexible_vs_reservation_only,10,0.001150684931506618,0.00027945205479458057,0.0020383561643833596,inconclusive,0.0009326041646485428,-0.001746566473424191,0.0037496268302395575,inconclusive,BG00075,release,average_utilization
reservation_only_vs_horizon_only,10,0.010975342465753102,0.009967123287670996,0.012010958904109038,supported,0.0011891679558122315,-0.0010146599700672331,0.0035651917549819265,inconclusive,BG00075,release,average_utilization
horizon_only_vs_baseline,10,0.0,0.0,0.0,inconclusive,0.0,0.0,0.0,inconclusive,BG00076,release,average_utilization
reservation_only_vs_baseline,10,0.0,0.0,0.0,inconclusive,0.0,0.0,0.0,inconclusive,BG00076,release,average_utilization
both_flexible_vs_baseline,10,0.002474885844749186,-0.0020276255707756766,0.0063657534246577534,inconclusive,-0.014405151636544456,-0.018939266581789675,-0.010581998382725236,contradicted,BG00076,release,average_utilization
both_flexible_vs_horizon_only,10,0.002474885844749186,-0.0018904109589035012,0.006411415525114263,inconclusive,-0.014405151636544456,-0.018997536146879723,-0.010652143281344381,contradicted,BG00076,release,average_utilization
both_flexible_vs_reservation_only,10,0.002474885844749186,-0.001908904109588552,0.0064566210045664055,inconclusive,-0.014405151636544456,-0.018878521016887737,-0.010541036596229052,contradicted,BG00076,release,average_utilization
reservation_only_vs_horizon_only,10,0.0,0.0,0.0,inconclusive,0.0,0.0,0.0,inconclusive,BG00076,release,average_utilization
horizon_only_vs_baseline,10,0.0,0.0,0.0,inconclusive,0.0,0.0,0.0,inconclusive,BG00077,release,average_utilization
reservation_only_vs_baseline,10,0.0020000000000000573,-0.0008222602739723643,0.004178424657534417,inconclusive,0.06280067357625231,0.056419540283492386,0.06896295965431436,supported,BG00077,release,average_utilization
both_flexible_vs_baseline,10,0.004630136986301514,0.0015065068493153547,0.008150684931506847,inconclusive,0.0582485206722679,0.05164991368125531,0.0647362863983462,supported,BG00077,release,average_utilization
both_flexible_vs_horizon_only,10,0.004630136986301514,0.0014931506849313965,0.00812328767123285,inconclusive,0.0582485206722679,0.051541992323696724,0.0651003422664554,supported,BG00077,release,average_utilization
both_flexible_vs_reservation_only,10,0.0026301369863014567,-0.0003698630136986247,0.005986643835616667,inconclusive,-0.004552152903984408,-0.01200933391114289,0.0024620318977341244,inconclusive,BG00077,release,average_utilization
reservation_only_vs_horizon_only,10,0.0020000000000000573,-0.0008904109589039345,0.004205479452054791,inconclusive,0.06280067357625231,0.05613846169575195,0.06883813783055516,supported,BG00077,release,average_utilization
horizon_only_vs_baseline,10,0.00024657534246609326,-0.0020003424657531635,0.002363184931507452,inconclusive,-0.00032543176346502833,-0.0018322852808266225,0.0013958566636166343,inconclusive,BG00078,release,average_utilization
reservation_only_vs_baseline,10,0.0021027397260273695,0.0008422945205479318,0.003013869863013611,inconclusive,0.029655955989728144,0.02823250801618811,0.031202544115085364,supported,BG00078,release,average_utilization
both_flexible_vs_baseline,10,0.0021027397260273695,0.0008219178082194226,0.00302054794520531,inconclusive,0.029655955989728144,0.02829577140081231,0.031246542752969723,supported,BG00078,release,average_utilization
both_flexible_vs_horizon_only,10,0.0018561643835612763,-0.0003493150684932647,0.00436986301369805,inconclusive,0.029981387753193173,0.028020350507692107,0.03197895229798379,supported,BG00078,release,average_utilization
both_flexible_vs_reservation_only,10,0.0,0.0,0.0,inconclusive,0.0,0.0,0.0,inconclusive,BG00078,release,average_utilization
reservation_only_vs_horizon_only,10,0.0018561643835612763,-0.00041113013698679837,0.004356164383560894,inconclusive,0.029981387753193173,0.027921791311391764,0.03198812886436852,supported,BG00078,release,average_utilization
horizon_only_vs_baseline,10,0.0007506849315067399,-0.00061369863013705,0.002296164383561247,inconclusive,0.0165940860877979,0.01413624470482433,0.018882418868969228,supported,BG00079,release,average_utilization
reservation_only_vs_baseline,10,0.0,0.0,0.0,inconclusive,0.0,0.0,0.0,inconclusive,BG00079,release,average_utilization
both_flexible_vs_baseline,10,0.001528767123287822,0.00026287671232920674,0.002882191780822001,inconclusive,0.017473998780339995,0.014239153026385608,0.02068067227849197,supported,BG00079,release,average_utilization
both_flexible_vs_horizon_only,10,0.000778082191781082,-0.0009754794520541008,0.002306986301370118,inconclusive,0.0008799126925420952,-0.0020739504859366904,0.0038668074586191946,inconclusive,BG00079,release,average_utilization
both_flexible_vs_reservation_only,10,0.001528767123287822,0.00027383561643833717,0.002865890410959201,inconclusive,0.017473998780339995,0.014143914388611649,0.020643260371120943,supported,BG00079,release,average_utilization
reservation_only_vs_horizon_only,10,-0.0007506849315067399,-0.0023398630136987324,0.000570000000000266,inconclusive,-0.0165940860877979,-0.018994101414383485,-0.014188776854672108,contradicted,BG00079,release,average_utilization
horizon_only_vs_baseline,10,0.0018356164383562467,0.0004794520547945136,0.003150684931507153,inconclusive,-0.008862915916896873,-0.017932914093306707,0.0001049234207774411,inconclusive,BG00080,release,average_utilization
reservation_only_vs_baseline,10,0.0,0.0,0.0,inconclusive,0.0,0.0,0.0,inconclusive,BG00080,release,average_utilization
both_flexible_vs_baseline,10,0.0018356164383562467,0.0004109589041094325,0.0031643835616439802,inconclusive,-0.008862915916896873,-0.0174876686606774,7.330548975333143e-05,inconclusive,BG00080,release,average_utilization
both_flexible_vs_horizon_only,10,0.0,0.0,0.0,inconclusive,0.0,0.0,0.0,inconclusive,BG00080,release,average_utilization
both_flexible_vs_reservation_only,10,0.0018356164383562467,0.00042465753424640595,0.0031232876712331123,inconclusive,-0.008862915916896873,-0.017569200677598238,1.7451793543817777e-05,inconclusive,BG00080,release,average_utilization
reservation_only_vs_horizon_only,10,-0.0018356164383562467,-0.003068493150685226,-0.00042431506849274477,inconclusive,0.008862915916896873,-0.00014406980945129498,0.017529531468150367,inconclusive,BG00080,release,average_utilization
horizon_only_vs_baseline,10,0.0,0.0,0.0,inconclusive,0.0,0.0,0.0,inconclusive,BG00081,release,average_utilization
reservation_only_vs_baseline,10,0.0022465753424657396,0.00017808219178089196,0.004534246575342327,inconclusive,0.000938242966967473,-0.001017838228962459,0.0029154334902307057,inconclusive,BG00081,release,average_utilization
both_flexible_vs_baseline,10,0.0022465753424657396,0.00024623287671233824,0.004602739726027284,inconclusive,0.000938242966967473,-0.0009973506421621875,0.002928666226574553,inconclusive,BG00081,release,average_utilization
both_flexible_vs_horizon_only,10,0.0022465753424657396,0.0002054794520548686,0.004630136986301248,inconclusive,0.000938242966967473,-0.0010436828479971699,0.002929264835116844,inconclusive,BG00081,release,average_utilization
both_flexible_vs_reservation_only,10,0.0,0.0,0.0,inconclusive,0.0,0.0,0.0,inconclusive,BG00081,release,average_utilization
reservation_only_vs_horizon_only,10,0.0022465753424657396,0.00023287671232884277,0.004493150684931359,inconclusive,0.000938242966967473,-0.0010206845968669734,0.002883093087208887,inconclusive,BG00081,release,average_utilization
horizon_only_vs_baseline,10,0.002175342465753738,0.0013972602739728557,0.0030027397260278164,inconclusive,0.012673258281093846,0.008191800365071415,0.017446641002172244,supported,BG00082,release,average_utilization
reservation_only_vs_baseline,10,0.009254794520547805,0.007841095890410776,0.010619178082191807,supported,0.055452253625845896,0.05052200506311089,0.060763625138750825,supported,BG00082,release,average_utilization
both_flexible_vs_baseline,10,0.009254794520547805,0.007846301369862592,0.010695890410958845,supported,0.055452253625845896,0.05058798419767924,0.06085075869034941,supported,BG00082,release,average_utilization
both_flexible_vs_horizon_only,10,0.007079452054794067,0.00596164383561573,0.008104109589040554,supported,0.04277899534475205,0.040104230517257804,0.044932256929521186,supported,BG00082,release,average_utilization
both_flexible_vs_reservation_only,10,0.0,0.0,0.0,inconclusive,0.0,0.0,0.0,inconclusive,BG00082,release,average_utilization
reservation_only_vs_horizon_only,10,0.007079452054794067,0.0059449315068484596,0.008060410958903905,supported,0.04277899534475205,0.04007559808779619,0.04490204023268648,supported,BG00082,release,average_utilization
horizon_only_vs_baseline,10,0.0,0.0,0.0,inconclusive,0.0,0.0,0.0,inconclusive,BG00083,release,average_utilization
reservation_only_vs_baseline,10,0.0017442922374429459,9.132420091327864e-05,0.004401826484018312,inconclusive,-0.00028107860711570345,-0.000769233336942241,0.00015016195202122162,inconclusive,BG00083,release,average_utilization
both_flexible_vs_baseline,10,0.0017442922374429459,9.132420091330084e-05,0.004365296803652996,inconclusive,-0.00028107860711570345,-0.0007885062747142957,0.00015016195202122162,inconclusive,BG00083,release,average_utilization
both_flexible_vs_horizon_only,10,0.0017442922374429459,0.00015525114155250374,0.004401826484018312,inconclusive,-0.00028107860711570345,-0.0007627506418618535,0.0001514289679607761,inconclusive,BG00083,release,average_utilization
both_flexible_vs_reservation_only,10,0.0,0.0,0.0,inconclusive,0.0,0.0,0.0,inconclusive,BG00083,release,average_utilization
reservation_only_vs_horizon_only,10,0.0017442922374429459,9.132420091327809e-05,0.004228767123287684,inconclusive,-0.00028107860711570345,-0.0007885062747142957,0.0001583365385551513,inconclusive,BG00083,release,average_utilization
horizon_only_vs_baseline,10,0.0,0.0,0.0,inconclusive,0.0,0.0,0.0,inconclusive,BG00084,release,average_utilization
reservation_only_vs_baseline,10,0.010369863013698199,0.008410616438355703,0.012260273972602178,supported,-0.012068115850976552,-0.015761762124354987,-0.008125055385998555,contradicted,BG00084,release,average_utilization
both_flexible_vs_baseline,10,0.010671232876712133,0.009397260273972583,0.012027397260273444,supported,-0.013244900442671926,-0.018381768255863944,-0.008155162812355607,contradicted,BG00084,release,average_utilization
both_flexible_vs_horizon_only,10,0.010671232876712133,0.009410958904109501,0.011959246575342258,supported,-0.013244900442671926,-0.018513221709844103,-0.008080284405328493,contradicted,BG00084,release,average_utilization
both_flexible_vs_reservation_only,10,0.00030136986301393387,-0.001164726027397064,0.0018493150684933523,inconclusive,-0.0011767845916953734,-0.0042127175985063195,0.002021949897949957,inconclusive,BG00084,release,average_utilization
reservation_only_vs_horizon_only,10,0.010369863013698199,0.00845205479452024,0.012232876712328315,supported,-0.012068115850976552,-0.015789259207239434,-0.008110732176363003,contradicted,BG00084,release,average_utilization
horizon_only_vs_baseline,10,0.0,0.0,0.0,inconclusive,0.0,0.0,0.0,inconclusive,BG00085,release,average_utilization
reservation_only_vs_baseline,10,0.0,0.0,0.0,inconclusive,0.0,0.0,0.0,inconclusive,BG00085,release,average_utilization
both_flexible_vs_baseline,10,0.003972602739726039,-0.0008636986301368979,0.008972945205479348,inconclusive,-0.0004584317812260985,-0.0018583413866055441,0.0008683393409885868,inconclusive,BG00085,release,average_utilization
both_flexible_vs_horizon_only,10,0.003972602739726039,-0.0009589041095889317,0.009013698630136777,inconclusive,-0.0004584317812260985,-0.0018280870011686517,0.0009598228183419551,inconclusive,BG00085,release,average_utilization
both_flexible_vs_reservation_only,10,0.003972602739726039,-0.0006986301369863784,0.00880821917808211,inconclusive,-0.0004584317812260985,-0.001866455639272906,0.000863082304211146,inconclusive,BG00085,release,average_utilization
reservation_only_vs_horizon_only,10,0.0,0.0,0.0,inconclusive,0.0,0.0,0.0,inconclusive,BG00085,release,average_utilization
horizon_only_vs_baseline,10,0.0009315068493151668,-0.00042205479452043056,0.0022191780821917,inconclusive,0.0010364228719769275,-0.004018351455579397,0.00632592910356409,inconclusive,BG00086,release,average_utilization
reservation_only_vs_baseline,10,0.00019726027397257707,-0.0014905479452053906,0.001978219178082127,inconclusive,0.002711771175631916,-0.0037491071385812413,0.009427680725429313,inconclusive,BG00086,release,average_utilization
both_flexible_vs_baseline,10,0.0009315068493151668,-0.0004713698630135235,0.002235616438356192,inconclusive,0.0010364228719769275,-0.00401353482143235,0.006308062134483002,inconclusive,BG00086,release,average_utilization
both_flexible_vs_horizon_only,10,0.0,0.0,0.0,inconclusive,0.0,0.0,0.0,inconclusive,BG00086,release,average_utilization
both_flexible_vs_reservation_only,10,0.0007342465753425898,-0.0007506849315065747,0.0023835616438360316,inconclusive,-0.0016753483036549889,-0.007758917235206358,0.003127942681501963,inconclusive,BG00086,release,average_utilization
reservation_only_vs_horizon_only,10,-0.0007342465753425898,-0.0024054794520548197,0.0007342465753421246,inconclusive,0.0016753483036549889,-0.003048473702505851,0.007350098653920116,inconclusive,BG00086,release,average_utilization
horizon_only_vs_baseline,10,0.0,0.0,0.0,inconclusive,0.0,0.0,0.0,inconclusive,BG00087,release,average_utilization
reservation_only_vs_baseline,10,0.0,0.0,0.0,inconclusive,0.0,0.0,0.0,inconclusive,BG00087,release,average_utilization
both_flexible_vs_baseline,10,0.0,0.0,0.0,inconclusive,0.0,0.0,0.0,inconclusive,BG00087,release,average_utilization
both_flexible_vs_horizon_only,10,0.0,0.0,0.0,inconclusive,0.0,0.0,0.0,inconclusive,BG00087,release,average_utilization
both_flexible_vs_reservation_only,10,0.0,0.0,0.0,inconclusive,0.0,0.0,0.0,inconclusive,BG00087,release,average_utilization
reservation_only_vs_horizon_only,10,0.0,0.0,0.0,inconclusive,0.0,0.0,0.0,inconclusive,BG00087,release,average_utilization
horizon_only_vs_baseline,10,0.0,0.0,0.0,inconclusive,0.0,0.0,0.0,inconclusive,BG00088,release,average_utilization
reservation_only_vs_baseline,10,0.0024200913242011456,-0.0014796803652968444,0.006502511415525587,inconclusive,0.043329336702672853,0.040022270849290165,0.04655333716151133,supported,BG00088,release,average_utilization
both_flexible_vs_baseline,10,0.0024200913242011456,-0.0013700913242010572,0.006292465753425164,inconclusive,0.043329336702672853,0.040023375657030784,0.04651389435864621,supported,BG00088,release,average_utilization
both_flexible_vs_horizon_only,10,0.0024200913242011456,-0.0014337899543376941,0.006429452054794985,inconclusive,0.043329336702672853,0.03992294040457107,0.04657389479657671,supported,BG00088,release,average_utilization
both_flexible_vs_reservation_only,10,0.0,0.0,0.0,inconclusive,0.0,0.0,0.0,inconclusive,BG00088,release,average_utilization
reservation_only_vs_horizon_only,10,0.0024200913242011456,-0.00141621004566206,0.006429680365297137,inconclusive,0.043329336702672853,0.04001932481018829,0.04664250529962363,supported,BG00088,release,average_utilization
horizon_only_vs_baseline,10,0.0002082191780821252,-0.00013150684931511057,0.000613698630136883,inconclusive,0.0003843225512674575,-0.0003677588030744472,0.001376444899697804,inconclusive,BG00089,release,average_utilization
reservation_only_vs_baseline,10,0.0,0.0,0.0,inconclusive,0.0,0.0,0.0,inconclusive,BG00089,release,average_utilization
both_flexible_vs_baseline,10,0.0002082191780821252,-0.00013150684931511057,0.000613698630136883,inconclusive,0.0003843225512674575,-0.0003413602401689753,0.001376444899697804,inconclusive,BG00089,release,average_utilization
both_flexible_vs_horizon_only,10,0.0,0.0,0.0,inconclusive,0.0,0.0,0.0,inconclusive,BG00089,release,average_utilization
both_flexible_vs_reservation_only,10,0.0002082191780821252,-0.00013150684931511057,0.000613698630136883,inconclusive,0.0003843225512674575,-0.0003677588030744472,0.001376444899697804,inconclusive,BG00089,release,average_utilization
reservation_only_vs_horizon_only,10,-0.0002082191780821252,-0.0006520547945204069,0.00013150684931511057,inconclusive,-0.0003843225512674575,-0.001376444899697804,0.0003677588030744472,inconclusive,BG00089,release,average_utilization
horizon_only_vs_baseline,10,0.0,0.0,0.0,inconclusive,0.0,0.0,0.0,inconclusive,BG00090,release,average_utilization
reservation_only_vs_baseline,10,0.002027397260273911,-0.0034979452054797917,0.0070230593607306145,inconclusive,-0.000838069078252357,-0.0034393934956956406,0.001814890125001096,inconclusive,BG00090,release,average_utilization
both_flexible_vs_baseline,10,0.002100456621004676,-0.0006575342465753869,0.005296803652968409,inconclusive,-0.001111492212443843,-0.00242272343696394,3.194904880895489e-06,inconclusive,BG00090,release,average_utilization
both_flexible_vs_horizon_only,10,0.002100456621004676,-0.0006212328767123328,0.0053061643835621225,inconclusive,-0.001111492212443843,-0.0025070617906544795,4.2384012550488595e-05,inconclusive,BG00090,release,average_utilization
both_flexible_vs_reservation_only,10,7.305936073076502e-05,-0.006137214611872146,0.0054618721461191875,inconclusive,-0.0002734231341914861,-0.003279160803292702,0.0025592232908422715,inconclusive,BG00090,release,average_utilization
reservation_only_vs_horizon_only,10,0.002027397260273911,-0.003698630136986294,0.007050228310502438,inconclusive,-0.000838069078252357,-0.0035700170444479787,0.0018096559831070134,inconclusive,BG00090,release,average_utilization
horizon_only_vs_baseline,10,0.0,0.0,0.0,inconclusive,0.0,0.0,0.0,inconclusive,BG00091,release,average_utilization
reservation_only_vs_baseline,10,0.00111415525114148,-0.0006027397260274353,0.003105022831050119,inconclusive,-0.00038693252826120793,-0.0010686354568486,0.00038670755437237615,inconclusive,BG00091,release,average_utilization
both_flexible_vs_baseline,10,0.00111415525114148,-0.0006301369863013889,0.0032059360730592053,inconclusive,-0.00038693252826120793,-0.0010764724915764627,0.00034879706164070765,inconclusive,BG00091,release,average_utilization
both_flexible_vs_horizon_only,10,0.00111415525114148,-0.0006210045662100927,0.0031415525114153035,inconclusive,-0.00038693252826120793,-0.0010430834707295955,0.00040105384980009716,inconclusive,BG00091,release,average_utilization
both_flexible_vs_reservation_only,10,0.0,0.0,0.0,inconclusive,0.0,0.0,0.0,inconclusive,BG00091,release,average_utilization
reservation_only_vs_horizon_only,10,0.00111415525114148,-0.0006851598173516764,0.003132420091324073,inconclusive,-0.00038693252826120793,-0.001075188008360792,0.000364241520955932,inconclusive,BG00091,release,average_utilization
horizon_only_vs_baseline,10,0.0,0.0,0.0,inconclusive,0.0,0.0,0.0,inconclusive,BG00092,release,average_utilization
reservation_only_vs_baseline,10,0.0,0.0,0.0,inconclusive,0.0,0.0,0.0,inconclusive,BG00092,release,average_utilization
both_flexible_vs_baseline,10,0.002328767123287434,-0.0004383561643835074,0.004945205479451665,inconclusive,-0.0656474934691865,-0.06863250723880288,-0.06294958804692198,contradicted,BG00092,release,average_utilization
both_flexible_vs_horizon_only,10,0.002328767123287434,-0.0004660958904113381,0.00502739726027364,inconclusive,-0.0656474934691865,-0.06845521401277178,-0.06299131429732979,contradicted,BG00092,release,average_utilization
both_flexible_vs_reservation_only,10,0.002328767123287434,-0.00032910958904131747,0.005013698630136513,inconclusive,-0.0656474934691865,-0.06862986185716466,-0.06303190211962116,contradicted,BG00092,release,average_utilization
reservation_only_vs_horizon_only,10,0.0,0.0,0.0,inconclusive,0.0,0.0,0.0,inconclusive,BG00092,release,average_utilization
horizon_only_vs_baseline,10,0.0,0.0,0.0,inconclusive,0.0,0.0,0.0,inconclusive,BG00093,release,average_utilization
reservation_only_vs_baseline,10,0.001575342465753371,-0.002205479452054872,0.004972602739726008,inconclusive,0.0010764448702261676,-0.00302230855671399,0.006434202685172227,inconclusive,BG00093,release,average_utilization
both_flexible_vs_baseline,10,0.001575342465753371,-0.002192123287671473,0.004890753424657656,inconclusive,0.0010764448702261676,-0.003097217006766195,0.00652060588708921,inconclusive,BG00093,release,average_utilization
both_flexible_vs_horizon_only,10,0.001575342465753371,-0.0021784246575344145,0.004945205479451999,inconclusive,0.0010764448702261676,-0.0031040943964798463,0.006570254488509189,inconclusive,BG00093,release,average_utilization
both_flexible_vs_reservation_only,10,0.0,0.0,0.0,inconclusive,0.0,0.0,0.0,inconclusive,BG00093,release,average_utilization
reservation_only_vs_horizon_only,10,0.001575342465753371,-0.0020821917808219736,0.004945205479452109,inconclusive,0.0010764448702261676,-0.003075443001341508,0.0065994029954316285,inconclusive,BG00093,release,average_utilization
horizon_only_vs_baseline,10,0.0,0.0,0.0,inconclusive,0.0,0.0,0.0,inconclusive,BG00094,release,average_utilization
reservation_only_vs_baseline,10,0.0012657534246576895,0.0001260273972604284,0.002723287671232858,inconclusive,0.043206659244041504,0.03957538801798834,0.046686555307472885,supported,BG00094,release,average_utilization
both_flexible_vs_baseline,10,0.0012657534246576895,8.767123287712592e-05,0.002673972602739732,inconclusive,0.043206659244041504,0.03964301643954797,0.046699683034020126,supported,BG00094,release,average_utilization
both_flexible_vs_horizon_only,10,0.0012657534246576895,6.575342465775486e-05,0.0027178082191780754,inconclusive,0.043206659244041504,0.03962495667815681,0.046838144177327776,supported,BG00094,release,average_utilization
both_flexible_vs_reservation_only,10,0.0,0.0,0.0,inconclusive,0.0,0.0,0.0,inconclusive,BG00094,release,average_utilization
reservation_only_vs_horizon_only,10,0.0012657534246576895,0.00010958904109599043,0.0027013698630139046,inconclusive,0.043206659244041504,0.03971181594048884,0.0467328834625506,supported,BG00094,release,average_utilization
horizon_only_vs_baseline,10,0.0007328767123286229,-0.001274143835616193,0.002486301369862987,inconclusive,-0.015497026805202152,-0.018523203759297228,-0.012733264944061316,contradicted,BG00095,release,average_utilization
reservation_only_vs_baseline,10,0.00035616438356165234,-0.0002739726027395592,0.0010138698630138918,inconclusive,-0.001934611628634586,-0.0038621868712198503,-0.00023396309528027784,inconclusive,BG00095,release,average_utilization
both_flexible_vs_baseline,10,0.0011917808219180314,-0.0010753424657528833,0.0033013698630133094,inconclusive,-0.021315904703109234,-0.02707327082926121,-0.015100784430719537,contradicted,BG00095,release,average_utilization
both_flexible_vs_horizon_only,10,0.0004589041095894086,-0.0004383561643831624,0.0013426369863019471,inconclusive,-0.005818877897907082,-0.013227012505531297,0.001584946671567473,inconclusive,BG00095,release,average_utilization
both_flexible_vs_reservation_only,10,0.0008356164383563792,-0.0010549657534243344,0.002691952054794748,inconclusive,-0.01938129307447465,-0.024850628629049975,-0.013359533267746432,contradicted,BG00095,release,average_utilization
reservation_only_vs_horizon_only,10,-0.0003767123287669705,-0.0018767123287666625,0.0012876712328767305,inconclusive,0.013562415176567566,0.009719836251017779,0.017598747016522396,supported,BG00095,release,average_utilization
horizon_only_vs_baseline,10,0.0,0.0,0.0,inconclusive,0.0,0.0,0.0,inconclusive,BG00096,release,average_utilization
reservation_only_vs_baseline,10,0.0002054794520548353,-0.0015755136986304772,0.0022123287671234515,inconclusive,-0.008508066940600707,-0.009747154863188131,-0.007330417978024662,contradicted,BG00096,release,average_utilization
both_flexible_vs_baseline,10,0.0002054794520548353,-0.0017123287671236183,0.0021782534246577,inconclusive,-0.008508066940600707,-0.009764204683943149,-0.007275071304953643,contradicted,BG00096,release,average_utilization
both_flexible_vs_horizon_only,10,0.0002054794520548353,-0.0016232876712329023,0.0021712328767124266,inconclusive,-0.008508066940600707,-0.009722904380998439,-0.007355321902120898,contradicted,BG00096,release,average_utilization
both_flexible_vs_reservation_only,10,0.0,0.0,0.0,inconclusive,0.0,0.0,0.0,inconclusive,BG00096,release,average_utilization
reservation_only_vs_horizon_only,10,0.0002054794520548353,-0.0016369863013701359,0.0021851027397261974,inconclusive,-0.008508066940600707,-0.009731815944722522,-0.007247836187997772,contradicted,BG00096,release,average_utilization
horizon_only_vs_baseline,10,0.0,0.0,0.0,inconclusive,0.0,0.0,0.0,inconclusive,BG00097,release,average_utilization
reservation_only_vs_baseline,10,0.0,0.0,0.0,inconclusive,0.0,0.0,0.0,inconclusive,BG00097,release,average_utilization
both_flexible_vs_baseline,10,0.003184931506849331,1.5265566588595996e-16,0.006678082191780713,inconclusive,0.0010883366959755115,-0.0007078580690598348,0.0030534712708268443,inconclusive,BG00097,release,average_utilization
both_flexible_vs_horizon_only,10,0.003184931506849331,6.849315068514216e-05,0.006767979452054888,inconclusive,0.0010883366959755115,-0.0007476319124975697,0.003019923642497372,inconclusive,BG00097,release,average_utilization
both_flexible_vs_reservation_only,10,0.003184931506849331,8.869863013705748e-05,0.006780993150684724,inconclusive,0.0010883366959755115,-0.000699998700847661,0.003047204100196138,inconclusive,BG00097,release,average_utilization
reservation_only_vs_horizon_only,10,0.0,0.0,0.0,inconclusive,0.0,0.0,0.0,inconclusive,BG00097,release,average_utilization
horizon_only_vs_baseline,10,0.0,0.0,0.0,inconclusive,0.0,0.0,0.0,inconclusive,BG00098,release,average_utilization
reservation_only_vs_baseline,10,0.020465753424657018,0.018805479452054446,0.022323287671232508,supported,0.1389901583031034,0.13634542898740556,0.14209131633748773,supported,BG00098,release,average_utilization
both_flexible_vs_baseline,10,0.021419178082191515,0.01906835616438325,0.023890410958904297,supported,0.1403581472422284,0.13604529632113496,0.14437744579604392,supported,BG00098,release,average_utilization
both_flexible_vs_horizon_only,10,0.021419178082191515,0.019024657534246522,0.023978219178082464,supported,0.1403581472422284,0.13614251393075052,0.1442724641830561,supported,BG00098,release,average_utilization
both_flexible_vs_reservation_only,10,0.0009534246575344963,-0.0004330136986299687,0.00239465753424665,inconclusive,0.0013679889391249645,-0.0013646755783772323,0.0037674772081587714,inconclusive,BG00098,release,average_utilization
reservation_only_vs_horizon_only,10,0.020465753424657018,0.018794520547944633,0.02231232876712298,supported,0.1389901583031034,0.13631689732663307,0.14216493345412062,supported,BG00098,release,average_utilization
horizon_only_vs_baseline,10,0.0,0.0,0.0,inconclusive,0.0,0.0,0.0,inconclusive,BG00099,release,average_utilization
reservation_only_vs_baseline,10,0.0033561643835617106,-0.001835958904109709,0.009946575342465748,inconclusive,0.004895702696060234,-0.0029452109311379356,0.01199112216767081,inconclusive,BG00099,release,average_utilization
both_flexible_vs_baseline,10,0.0033561643835617106,-0.001959246575342645,0.010343150684931563,inconclusive,0.004895702696060234,-0.0034657618955299626,0.011809521498794676,inconclusive,BG00099,release,average_utilization
both_flexible_vs_horizon_only,10,0.0033561643835617106,-0.0017811643835615298,0.0102606164383566,inconclusive,0.004895702696060234,-0.0035704861953245737,0.012142648167296117,inconclusive,BG00099,release,average_utilization
both_flexible_vs_reservation_only,10,0.0,0.0,0.0,inconclusive,0.0,0.0,0.0,inconclusive,BG00099,release,average_utilization
reservation_only_vs_horizon_only,10,0.0033561643835617106,-0.0018499999999999764,0.010068493150684844,inconclusive,0.004895702696060234,-0.003151561423568786,0.011826704153993395,inconclusive,BG00099,release,average_utilization
horizon_only_vs_baseline,10,0.0,0.0,0.0,inconclusive,0.0,0.0,0.0,inconclusive,BG00100,release,average_utilization
reservation_only_vs_baseline,10,0.0003232876712324972,-0.0011672602739731003,0.001742465753424188,inconclusive,0.05747079908804471,0.0526585552033062,0.06253076375213511,supported,BG00100,release,average_utilization
both_flexible_vs_baseline,10,0.0010027397260272686,-0.0006850684931509281,0.0029699999999994904,inconclusive,0.07378631282288971,0.06907820146563477,0.07821500231750803,supported,BG00100,release,average_utilization
both_flexible_vs_horizon_only,10,0.0010027397260272686,-0.000706849315068386,0.0029041095890406958,inconclusive,0.07378631282288971,0.06906240747008349,0.07814815482922345,supported,BG00100,release,average_utilization
both_flexible_vs_reservation_only,10,0.0006794520547947714,-0.0007069863013697863,0.0019835616438357074,inconclusive,0.016315513734845,0.011945370154528675,0.020316123397629633,supported,BG00100,release,average_utilization
reservation_only_vs_horizon_only,10,0.0003232876712324972,-0.0011287671232880223,0.001698767123287376,inconclusive,0.05747079908804471,0.052698589750558265,0.06256047079530279,supported,BG00100,release,average_utilization
horizon_only_vs_baseline,10,0.0,0.0,0.0,inconclusive,0.0,0.0,0.0,inconclusive,BG00101,release,average_utilization
reservation_only_vs_baseline,10,0.0,0.0,0.0,inconclusive,0.0,0.0,0.0,inconclusive,BG00101,release,average_utilization
both_flexible_vs_baseline,10,0.0,0.0,0.0,inconclusive,0.0,0.0,0.0,inconclusive,BG00101,release,average_utilization
both_flexible_vs_horizon_only,10,0.0,0.0,0.0,inconclusive,0.0,0.0,0.0,inconclusive,BG00101,release,average_utilization
both_flexible_vs_reservation_only,10,0.0,0.0,0.0,inconclusive,0.0,0.0,0.0,inconclusive,BG00101,release,average_utilization
reservation_only_vs_horizon_only,10,0.0,0.0,0.0,inconclusive,0.0,0.0,0.0,inconclusive,BG00101,release,average_utilization
horizon_only_vs_baseline,10,0.0,0.0,0.0,inconclusive,0.0,0.0,0.0,inconclusive,BG00102,release,average_utilization
reservation_only_vs_baseline,10,0.0022054794520547706,-0.0017534246575341206,0.0059659246575343,inconclusive,0.00015268548775250191,-0.0018275278425511157,0.0021834038538146106,inconclusive,BG00102,release,average_utilization
both_flexible_vs_baseline,10,0.003000000000000014,-0.001959075342465853,0.007520547945205351,inconclusive,0.0008993038532700947,-0.0001744736713622616,0.0019834544408117065,inconclusive,BG00102,release,average_utilization
both_flexible_vs_horizon_only,10,0.003000000000000014,-0.0019179794520549592,0.007590239726027513,inconclusive,0.0008993038532700947,-0.00015871387421076188,0.0019792338786159573,inconclusive,BG00102,release,average_utilization
both_flexible_vs_reservation_only,10,0.0007945205479452433,-0.003602739726027317,0.0050273972602739355,inconclusive,0.0007466183655175929,-0.0010841052164896631,0.002646526616609028,inconclusive,BG00102,release,average_utilization
reservation_only_vs_horizon_only,10,0.0022054794520547706,-0.0018015410958904458,0.0060621575342466386,inconclusive,0.00015268548775250191,-0.0018900686575755825,0.0021726089278599463,inconclusive,BG00102,release,average_utilization
horizon_only_vs_baseline,10,0.0,0.0,0.0,inconclusive,0.0,0.0,0.0,inconclusive,BG00103,release,average_utilization
reservation_only_vs_baseline,10,0.00023287671232878892,-0.0002741438356164488,0.0010821917808219172,inconclusive,0.0009957509954763965,-1.1353862316343388e-05,0.002521900371772212,inconclusive,BG00103,release,average_utilization
both_flexible_vs_baseline,10,0.00023287671232878892,-0.0003698630136985237,0.0010821917808219172,inconclusive,0.0009957509954763965,-1.1353862316343388e-05,0.002522562214743529,inconclusive,BG00103,release,average_utilization
both_flexible_vs_horizon_only,10,0.00023287671232878892,-0.0003698630136985237,0.0010821917808219172,inconclusive,0.0009957509954763965,-1.1353862316343388e-05,0.002522562214743529,inconclusive,BG00103,release,average_utilization
both_flexible_vs_reservation_only,10,0.0,0.0,0.0,inconclusive,0.0,0.0,0.0,inconclusive,BG00103,release,average_utilization
reservation_only_vs_horizon_only,10,0.00023287671232878892,-0.0003698630136985237,0.0010821917808219172,inconclusive,0.0009957509954763965,-1.1353862316343388e-05,0.0027579280729825573,inconclusive,BG00103,release,average_utilization
horizon_only_vs_baseline,10,0.0006118721461188858,-0.002018264840182349,0.003278538812785072,inconclusive,0.000958443712571222,-0.0017472984695210277,0.003665059783111111,inconclusive,BG00104,release,average_utilization
reservation_only_vs_baseline,10,0.003013698630137074,0.00022808219178103504,0.005771689497716683,inconclusive,0.00019439027343741698,-0.005261096426211052,0.006335169842384436,inconclusive,BG00104,release,average_utilization
both_flexible_vs_baseline,10,0.003013698630137074,0.0002463470319635295,0.005762785388128133,inconclusive,0.00019439027343741698,-0.005153091349219904,0.006413618345556095,inconclusive,BG00104,release,average_utilization
both_flexible_vs_horizon_only,10,0.002401826484018188,-0.00031073059360770254,0.005068493150684685,inconclusive,-0.000764053439133805,-0.006786928032989525,0.005302629056413683,inconclusive,BG00104,release,average_utilization
both_flexible_vs_reservation_only,10,0.0,0.0,0.0,inconclusive,0.0,0.0,0.0,inconclusive,BG00104,release,average_utilization
reservation_only_vs_horizon_only,10,0.002401826484018188,-0.00045662100456657085,0.00505936073059369,inconclusive,-0.000764053439133805,-0.006512837862338259,0.005200665829558146,inconclusive,BG00104,release,average_utilization
horizon_only_vs_baseline,10,0.0,0.0,0.0,inconclusive,0.0,0.0,0.0,inconclusive,BG00105,release,average_utilization
reservation_only_vs_baseline,10,0.0002191780821915623,-0.0014520547945207638,0.0018767123287668718,inconclusive,-0.0925651318444332,-0.09836123648841559,-0.08692840279903402,contradicted,BG00105,release,average_utilization
both_flexible_vs_baseline,10,0.0009041095890407802,-0.0018496575342469863,0.003849315068492781,inconclusive,-0.013613968721863235,-0.01886454998451935,-0.009125728299725907,contradicted,BG00105,release,average_utilization
both_flexible_vs_horizon_only,10,0.0009041095890407802,-0.002027397260274333,0.003753767123287468,inconclusive,-0.013613968721863235,-0.01885769202063313,-0.00895582834880374,contradicted,BG00105,release,average_utilization
both_flexible_vs_reservation_only,10,0.0006849315068492179,-0.0014794520547945407,0.0027537671232876772,inconclusive,0.07895116312256997,0.072697147728654,0.08518492356137779,supported,BG00105,release,average_utilization
reservation_only_vs_horizon_only,10,0.0002191780821915623,-0.0014109589041097395,0.0019178082191778079,inconclusive,-0.0925651318444332,-0.09811629634741663,-0.08702697811924823,contradicted,BG00105,release,average_utilization
horizon_only_vs_baseline,10,0.0,0.0,0.0,inconclusive,0.0,0.0,0.0,inconclusive,BG00106,release,average_utilization
reservation_only_vs_baseline,10,0.0,0.0,0.0,inconclusive,0.0,0.0,0.0,inconclusive,BG00106,release,average_utilization
both_flexible_vs_baseline,10,0.00047945205479420493,-0.0012328767123289692,0.0020410958904105675,inconclusive,-0.007701288735204465,-0.009153505581886523,-0.0061137859287832995,contradicted,BG00106,release,average_utilization
both_flexible_vs_horizon_only,10,0.00047945205479420493,-0.0011369863013701111,0.00212328767123258,inconclusive,-0.007701288735204465,-0.00916579089165938,-0.006073457598687581,contradicted,BG00106,release,average_utilization
both_flexible_vs_reservation_only,10,0.00047945205479420493,-0.0011506849315070873,0.0021232876712324457,inconclusive,-0.007701288735204465,-0.009174284739966154,-0.006004448399417004,contradicted,BG00106,release,average_utilization
reservation_only_vs_horizon_only,10,0.0,0.0,0.0,inconclusive,0.0,0.0,0.0,inconclusive,BG00106,release,average_utilization
horizon_only_vs_baseline,10,0.003109589041095595,0.0003832191780815756,0.005698630136986284,inconclusive,-0.0059846595487138,-0.011561845411341783,-0.0010848618464080779,contradicted,BG00107,release,average_utilization
reservation_only_vs_baseline,10,0.0011643835616436892,-0.0018082191780820608,0.004041095890410698,inconclusive,0.0025470934057553185,-0.0024689273245557045,0.0074990723568565155,inconclusive,BG00107,release,average_utilization
both_flexible_vs_baseline,10,0.0031917808219177448,0.00042465753424626333,0.006095890410959049,inconclusive,0.004026383412931089,-0.003711996705495611,0.011011963105646979,inconclusive,BG00107,release,average_utilization
both_flexible_vs_horizon_only,10,8.21917808221495e-05,-0.0016164383561641416,0.0017260273972605224,inconclusive,0.01001104296164489,0.0047843810914745604,0.01491301277656861,supported,BG00107,release,average_utilization
both_flexible_vs_reservation_only,10,0.002027397260274055,0.00036986301369891977,0.0036575342465749706,inconclusive,0.001479290007175771,-0.004081151052275267,0.007044773091927597,inconclusive,BG00107,release,average_utilization
reservation_only_vs_horizon_only,10,-0.001945205479451906,-0.003164383561643303,-0.0006164383561642946,inconclusive,0.008531752954469118,0.0034016899095829713,0.014693045165968716,supported,BG00107,release,average_utilization
horizon_only_vs_baseline,10,0.00010958904109575895,-0.002740068493150969,0.0030277397260274866,inconclusive,0.0076902273147363975,-0.0012925244897601074,0.01687469234617749,inconclusive,BG00108,release,average_utilization
reservation_only_vs_baseline,10,0.0,0.0,0.0,inconclusive,0.0,0.0,0.0,inconclusive,BG00108,release,average_utilization
both_flexible_vs_baseline,10,0.002273972602739782,-0.0007260273972603982,0.0053428082191783076,inconclusive,0.017480281556372622,0.005297382009292292,0.02993892525303005,supported,BG00108,release,average_utilization
both_flexible_vs_horizon_only,10,0.002164383561644023,-0.0004931506849314108,0.004547945205479534,inconclusive,0.009790054241636226,-0.00027369576269877796,0.01963339975706877,inconclusive,BG00108,release,average_utilization
both_flexible_vs_reservation_only,10,0.002273972602739782,-0.0007263698630137099,0.005205821917808538,inconclusive,0.017480281556372622,0.005248606972457688,0.02925588380805072,supported,BG00108,release,average_utilization
reservation_only_vs_horizon_only,10,-0.00010958904109575895,-0.0029452054794521067,0.002671232876712416,inconclusive,-0.0076902273147363975,-0.016410831111269217,0.0010070375785428414,inconclusive,BG00108,release,average_utilization
horizon_only_vs_baseline,10,0.0,0.0,0.0,inconclusive,0.0,0.0,0.0,inconclusive,BG00109,release,average_utilization
reservation_only_vs_baseline,10,0.0,0.0,0.0,inconclusive,0.0,0.0,0.0,inconclusive,BG00109,release,average_utilization
both_flexible_vs_baseline,10,0.0,0.0,0.0,inconclusive,0.0,0.0,0.0,inconclusive,BG00109,release,average_utilization
both_flexible_vs_horizon_only,10,0.0,0.0,0.0,inconclusive,0.0,0.0,0.0,inconclusive,BG00109,release,average_utilization
both_flexible_vs_reservation_only,10,0.0,0.0,0.0,inconclusive,0.0,0.0,0.0,inconclusive,BG00109,release,average_utilization
reservation_only_vs_horizon_only,10,0.0,0.0,0.0,inconclusive,0.0,0.0,0.0,inconclusive,BG00109,release,average_utilization
horizon_only_vs_baseline,10,0.0,0.0,0.0,inconclusive,0.0,0.0,0.0,inconclusive,BG00110,release,average_utilization
reservation_only_vs_baseline,10,0.0005342465753424786,-0.0018770547945206498,0.0027260273972601386,inconclusive,0.004674263909684495,-1.9868630763323558e-05,0.008871362741446858,inconclusive,BG00110,release,average_utilization
both_flexible_vs_baseline,10,0.0005342465753424786,-0.001835616438356169,0.002684931506849543,inconclusive,0.004674263909684495,0.0002193241839877458,0.008971642623521542,inconclusive,BG00110,release,average_utilization
both_flexible_vs_horizon_only,10,0.0005342465753424786,-0.001821917808218924,0.002698972602739899,inconclusive,0.004674263909684495,0.00012002413480298156,0.008839430358170582,inconclusive,BG00110,release,average_utilization
both_flexible_vs_reservation_only,10,0.0,0.0,0.0,inconclusive,0.0,0.0,0.0,inconclusive,BG00110,release,average_utilization
reservation_only_vs_horizon_only,10,0.0005342465753424786,-0.0018356164383562174,0.002684931506849364,inconclusive,0.004674263909684495,0.00017943022605328515,0.008873381019517292,inconclusive,BG00110,release,average_utilization
horizon_only_vs_baseline,10,0.0011050228310501065,-0.002657762557077767,0.0051691780821915695,inconclusive,0.00020791137226884305,-0.004700128740657321,0.0047228553265568655,inconclusive,BG00111,release,average_utilization
reservation_only_vs_baseline,10,0.0,0.0,0.0,inconclusive,0.0,0.0,0.0,inconclusive,BG00111,release,average_utilization
both_flexible_vs_baseline,10,0.0011050228310501065,-0.0026858447488585175,0.0050684931506845545,inconclusive,0.00020791137226884305,-0.004265622244927724,0.004887967535139796,inconclusive,BG00111,release,average_utilization
both_flexible_vs_horizon_only,10,0.0,0.0,0.0,inconclusive,0.0,0.0,0.0,inconclusive,BG00111,release,average_utilization
both_flexible_vs_reservation_only,10,0.0011050228310501065,-0.0029317351598171664,0.005196575342465417,inconclusive,0.00020791137226884305,-0.0045189844091168,0.0048132683785868735,inconclusive,BG00111,release,average_utilization
reservation_only_vs_horizon_only,10,-0.0011050228310501065,-0.005196347031963203,0.002850000000000255,inconclusive,-0.00020791137226884305,-0.005039022377705449,0.0043576442124939226,inconclusive,BG00111,release,average_utilization
horizon_only_vs_baseline,10,0.002205479452055048,-0.001280821917808218,0.005637157534246818,inconclusive,0.04498709511905746,0.042814301330385864,0.047000741655553555,supported,BG00112,release,average_utilization
reservation_only_vs_baseline,10,0.018184931506849543,0.016047773972602725,0.02034931506849329,supported,0.24884463860539302,0.24565543531830128,0.25166937796489314,supported,BG00112,release,average_utilization
both_flexible_vs_baseline,10,0.01892465753424666,0.016739554794520682,0.02128082191780806,supported,0.24624989691626134,0.24284840516672535,0.24974643430249438,supported,BG00112,release,average_utilization
both_flexible_vs_horizon_only,10,0.01671917808219161,0.014595890410958766,0.018828767123287387,supported,0.20126280179720388,0.19862149996979728,0.20390976919792475,supported,BG00112,release,average_utilization
both_flexible_vs_reservation_only,10,0.000739726027397114,-0.001144006849315321,0.002739726027397052,inconclusive,-0.0025947416891317077,-0.006364221874435705,0.0011457078843767929,inconclusive,BG00112,release,average_utilization
reservation_only_vs_horizon_only,10,0.015979452054794497,0.013417636986301235,0.01834931506849307,supported,0.20385754348633559,0.20081929216574806,0.20622970632392806,supported,BG00112,release,average_utilization
horizon_only_vs_baseline,10,0.0022374429223745995,-0.0011600456621002765,0.00590890410958957,inconclusive,0.004742437903695662,-4.553378055349888e-05,0.00926992834724515,inconclusive,BG00113,release,average_utilization
reservation_only_vs_baseline,10,0.002273972602740071,-9.132420091301274e-05,0.004502283105023455,inconclusive,0.003930203629831708,0.0001524323749379561,0.007958526994777166,inconclusive,BG00113,release,average_utilization
both_flexible_vs_baseline,10,0.002273972602740071,5.384581669432066e-17,0.004529680365297509,inconclusive,0.003930203629831708,0.00017033366783235915,0.007806619946130149,inconclusive,BG00113,release,average_utilization
both_flexible_vs_horizon_only,10,3.652968036547133e-05,-0.0021095890410957174,0.002447488584475236,inconclusive,-0.0008122342738639543,-0.004595097688550149,0.002902378495862791,inconclusive,BG00113,release,average_utilization
both_flexible_vs_reservation_only,10,0.0,0.0,0.0,inconclusive,0.0,0.0,0.0,inconclusive,BG00113,release,average_utilization
reservation_only_vs_horizon_only,10,3.652968036547133e-05,-0.0021278538812782005,0.002484018264840393,inconclusive,-0.0008122342738639543,-0.004664572174857926,0.0030163777508243174,inconclusive,BG00113,release,average_utilization
horizon_only_vs_baseline,10,0.0,0.0,0.0,inconclusive,0.0,0.0,0.0,inconclusive,BG00114,release,average_utilization
reservation_only_vs_baseline,10,0.0011438356164384044,-0.0007191780821917748,0.002589212328767465,inconclusive,0.000885666204169655,-0.0015508819084801945,0.003564354140311591,inconclusive,BG00114,release,average_utilization
both_flexible_vs_baseline,10,0.0019383561643840808,0.0004381849315074405,0.0035136986301372766,inconclusive,-0.002493846782756759,-0.007998431977899848,0.0023977086250348842,inconclusive,BG00114,release,average_utilization
both_flexible_vs_horizon_only,10,0.0019383561643840808,0.00042465753424706846,0.003541267123288417,inconclusive,-0.002493846782756759,-0.007890282453080925,0.0023605786479935138,inconclusive,BG00114,release,average_utilization
both_flexible_vs_reservation_only,10,0.0007945205479456763,-0.000726198630136873,0.002561643835616935,inconclusive,-0.003379512986926414,-0.007458836709854224,0.0006942719205076545,inconclusive,BG00114,release,average_utilization
reservation_only_vs_horizon_only,10,0.0011438356164384044,-0.0006371575342468185,0.0026164383561644144,inconclusive,0.000885666204169655,-0.001632206691252497,0.0036609070189894274,inconclusive,BG00114,release,average_utilization
horizon_only_vs_baseline,10,0.002502283105022629,0.00046575342465748903,0.0043378995433788325,inconclusive,0.005315565738275641,0.001663814976401777,0.008915898226659717,supported,BG00115,release,average_utilization
reservation_only_vs_baseline,10,0.014292237442922406,0.012310502283104784,0.01626484018264849,supported,0.03169344657686981,0.027856246968280315,0.03557229462215036,supported,BG00115,release,average_utilization
both_flexible_vs_baseline,10,0.014292237442922406,0.01237397260273944,0.016356164383561845,supported,0.03169344657686981,0.027824775912723674,0.035534844018731415,supported,BG00115,release,average_utilization
both_flexible_vs_horizon_only,10,0.011789954337899778,0.0091415525114158,0.014073287671233411,supported,0.02637788083859417,0.022847762630587888,0.030602388349538316,supported,BG00115,release,average_utilization
both_flexible_vs_reservation_only,10,0.0,0.0,0.0,inconclusive,0.0,0.0,0.0,inconclusive,BG00115,release,average_utilization
reservation_only_vs_horizon_only,10,0.011789954337899778,0.009369406392694176,0.0141278538812789,supported,0.02637788083859417,0.022909532375676916,0.030587571343337748,supported,BG00115,release,average_utilization
horizon_only_vs_baseline,10,0.0,0.0,0.0,inconclusive,0.0,0.0,0.0,inconclusive,BG00116,release,average_utilization
reservation_only_vs_baseline,10,0.03576027397260282,0.03375993150684956,0.037732876712328715,supported,0.1011775037937285,0.09953698881474145,0.10280550836706741,supported,BG00116,release,average_utilization
both_flexible_vs_baseline,10,0.03576027397260282,0.03371215753424659,0.03774657534246575,supported,0.1011775037937285,0.09960766780168154,0.10280964066758849,supported,BG00116,release,average_utilization
both_flexible_vs_horizon_only,10,0.03576027397260282,0.03367123287671246,0.03780839041095897,supported,0.1011775037937285,0.099576571062894,0.10277869071610468,supported,BG00116,release,average_utilization
both_flexible_vs_reservation_only,10,0.0,0.0,0.0,inconclusive,0.0,0.0,0.0,inconclusive,BG00116,release,average_utilization
reservation_only_vs_horizon_only,10,0.03576027397260282,0.03365034246575368,0.037705479452054866,supported,0.1011775037937285,0.09950457363952563,0.10276602670424471,supported,BG00116,release,average_utilization
horizon_only_vs_baseline,10,0.0,0.0,0.0,inconclusive,0.0,0.0,0.0,inconclusive,BG00117,release,average_utilization
reservation_only_vs_baseline,10,0.0,0.0,0.0,inconclusive,0.0,0.0,0.0,inconclusive,BG00117,release,average_utilization
both_flexible_vs_baseline,10,0.0,0.0,0.0,inconclusive,0.0,0.0,0.0,inconclusive,BG00117,release,average_utilization
both_flexible_vs_horizon_only,10,0.0,0.0,0.0,inconclusive,0.0,0.0,0.0,inconclusive,BG00117,release,average_utilization
both_flexible_vs_reservation_only,10,0.0,0.0,0.0,inconclusive,0.0,0.0,0.0,inconclusive,BG00117,release,average_utilization
reservation_only_vs_horizon_only,10,0.0,0.0,0.0,inconclusive,0.0,0.0,0.0,inconclusive,BG00117,release,average_utilization
horizon_only_vs_baseline,10,0.0,0.0,0.0,inconclusive,0.0,0.0,0.0,inconclusive,BG00118,release,average_utilization
reservation_only_vs_baseline,10,0.00235068493150693,0.0005315068493151321,0.004696164383561766,inconclusive,-0.00055414834425771,-0.002020561475484862,0.0010361585556182993,inconclusive,BG00118,release,average_utilization
both_flexible_vs_baseline,10,0.00235068493150693,0.00047109589041096495,0.004559178082191942,inconclusive,-0.00055414834425771,-0.002043752770292561,0.0010349565015488717,inconclusive,BG00118,release,average_utilization
both_flexible_vs_horizon_only,10,0.00235068493150693,0.00048767123287676297,0.0046027397260275495,inconclusive,-0.00055414834425771,-0.002074261694648786,0.0010045825365947389,inconclusive,BG00118,release,average_utilization
both_flexible_vs_reservation_only,10,0.0,0.0,0.0,inconclusive,0.0,0.0,0.0,inconclusive,BG00118,release,average_utilization
reservation_only_vs_horizon_only,10,0.00235068493150693,0.000498630136986343,0.004526027397260413,inconclusive,-0.00055414834425771,-0.0020473684081437327,0.0010310711261949036,inconclusive,BG00118,release,average_utilization
horizon_only_vs_baseline,10,0.0,0.0,0.0,inconclusive,0.0,0.0,0.0,inconclusive,BG00119,release,average_utilization
reservation_only_vs_baseline,10,0.0018356164383560025,0.00046575342465711965,0.0032261986301375905,inconclusive,0.005594698439435009,0.002742708524435213,0.008605853877658923,supported,BG00119,release,average_utilization
both_flexible_vs_baseline,10,0.0018356164383560025,0.0004452054794515939,0.0033013698630138272,inconclusive,0.005594698439435009,0.0028311572939587106,0.008677184284299151,supported,BG00119,release,average_utilization
both_flexible_vs_horizon_only,10,0.0018356164383560025,0.0004315068493147753,0.0032741438356164933,inconclusive,0.005594698439435009,0.0027939531502152617,0.008572806361633914,supported,BG00119,release,average_utilization
both_flexible_vs_reservation_only,10,0.0,0.0,0.0,inconclusive,0.0,0.0,0.0,inconclusive,BG00119,release,average_utilization
reservation_only_vs_horizon_only,10,0.0018356164383560025,0.0004657534246571213,0.003226369863014108,inconclusive,0.005594698439435009,0.0027393492587839165,0.008684992968571958,supported,BG00119,release,average_utilization
horizon_only_vs_baseline,10,0.0,0.0,0.0,inconclusive,0.0,0.0,0.0,inconclusive,BG00120,release,average_utilization
reservation_only_vs_baseline,10,0.0,0.0,0.0,inconclusive,0.0,0.0,0.0,inconclusive,BG00120,release,average_utilization
both_flexible_vs_baseline,10,0.0,0.0,0.0,inconclusive,0.0,0.0,0.0,inconclusive,BG00120,release,average_utilization
both_flexible_vs_horizon_only,10,0.0,0.0,0.0,inconclusive,0.0,0.0,0.0,inconclusive,BG00120,release,average_utilization
both_flexible_vs_reservation_only,10,0.0,0.0,0.0,inconclusive,0.0,0.0,0.0,inconclusive,BG00120,release,average_utilization
reservation_only_vs_horizon_only,10,0.0,0.0,0.0,inconclusive,0.0,0.0,0.0,inconclusive,BG00120,release,average_utilization
horizon_only_vs_baseline,10,0.0,0.0,0.0,inconclusive,0.0,0.0,0.0,inconclusive,BG00121,release,average_utilization
reservation_only_vs_baseline,10,0.0020913242009132694,-0.00023744292237436458,0.005168949771689392,inconclusive,-0.0012037207454880573,-0.002550000929991473,-2.0801183475271935e-05,inconclusive,BG00121,release,average_utilization
both_flexible_vs_baseline,10,0.0020913242009132694,-0.0002648401826483182,0.005077853881278515,inconclusive,-0.0012037207454880573,-0.0026085769956336936,-5.9397515497056073e-05,inconclusive,BG00121,release,average_utilization
both_flexible_vs_horizon_only,10,0.0020913242009132694,-0.0002831050228307805,0.005160045662100446,inconclusive,-0.0012037207454880573,-0.0026346544643634983,-4.988537816875371e-05,inconclusive,BG00121,release,average_utilization
both_flexible_vs_reservation_only,10,0.0,0.0,0.0,inconclusive,0.0,0.0,0.0,inconclusive,BG00121,release,average_utilization
reservation_only_vs_horizon_only,10,0.0020913242009132694,-0.00022831050228287104,0.005069178082191766,inconclusive,-0.0012037207454880573,-0.002674555753544106,-5.777414638552215e-05,inconclusive,BG00121,release,average_utilization
horizon_only_vs_baseline,10,0.0,0.0,0.0,inconclusive,0.0,0.0,0.0,inconclusive,BG00122,release,average_utilization
reservation_only_vs_baseline,10,0.0007305936073059627,0.0,0.002191780821917888,inconclusive,-4.897319558223589e-05,-0.0001469195867467077,0.0,inconclusive,BG00122,release,average_utilization
both_flexible_vs_baseline,10,0.0009497716894977471,-1.826484018265795e-05,0.002319634703196449,inconclusive,-7.790553897828456e-05,-0.00036947290542944656,0.00013575628849459286,inconclusive,BG00122,release,average_utilization
both_flexible_vs_horizon_only,10,0.0009497716894977471,-1.826484018265795e-05,0.002319634703196449,inconclusive,-7.790553897828456e-05,-0.00036947290542944656,0.00014371099541989895,inconclusive,BG00122,release,average_utilization
both_flexible_vs_reservation_only,10,0.00021917808219178435,-0.0005479452054795386,0.0012237442922375496,inconclusive,-2.8932343396048664e-05,-0.00036947290542944656,0.00029063058216660664,inconclusive,BG00122,release,average_utilization
reservation_only_vs_horizon_only,10,0.0007305936073059627,0.0,0.002191780821917888,inconclusive,-4.897319558223589e-05,-0.0001469195867467077,0.0,inconclusive,BG00122,release,average_utilization
horizon_only_vs_baseline,10,0.0,0.0,0.0,inconclusive,0.0,0.0,0.0,inconclusive,BG00123,release,average_utilization
reservation_only_vs_baseline,10,0.0,0.0,0.0,inconclusive,0.0,0.0,0.0,inconclusive,BG00123,release,average_utilization
both_flexible_vs_baseline,10,0.0,0.0,0.0,inconclusive,0.0,0.0,0.0,inconclusive,BG00123,release,average_utilization
both_flexible_vs_horizon_only,10,0.0,0.0,0.0,inconclusive,0.0,0.0,0.0,inconclusive,BG00123,release,average_utilization
both_flexible_vs_reservation_only,10,0.0,0.0,0.0,inconclusive,0.0,0.0,0.0,inconclusive,BG00123,release,average_utilization
reservation_only_vs_horizon_only,10,0.0,0.0,0.0,inconclusive,0.0,0.0,0.0,inconclusive,BG00123,release,average_utilization
horizon_only_vs_baseline,10,0.029963470319633766,0.027990639269405433,0.03187237442922317,supported,0.010005022358340087,0.00477490617026903,0.01622631200409168,supported,BG00124,release,average_utilization
reservation_only_vs_baseline,10,0.03064840182648315,0.029780821917807253,0.031452054794519645,supported,0.33626123855029705,0.33164176734856543,0.3409578818419401,supported,BG00124,release,average_utilization
both_flexible_vs_baseline,10,0.03129680365296705,0.030127625570774984,0.032356164383560725,supported,0.29735293189895506,0.29138224048164785,0.3039853728517585,supported,BG00124,release,average_utilization
both_flexible_vs_horizon_only,10,0.0013333333333332865,-9.132420091696457e-06,0.0029954337899543407,inconclusive,0.287347909540615,0.2835740319203677,0.2909340853302329,supported,BG00124,release,average_utilization
both_flexible_vs_reservation_only,10,0.000648401826483902,-0.00031963470319643913,0.0016438356164382717,inconclusive,-0.03890830665134194,-0.04437820476592441,-0.033465499004122545,contradicted,BG00124,release,average_utilization
reservation_only_vs_horizon_only,10,0.0006849315068493845,-0.001050228310502205,0.002566210045662234,inconclusive,0.326256216191957,0.3211700800541961,0.3318601535113018,supported,BG00124,release,average_utilization
horizon_only_vs_baseline,10,0.029232876712327726,0.026382648401825855,0.03192694063926801,supported,0.008547890577158823,0.006225308107006314,0.010844785793267447,supported,BG00125,release,average_utilization
reservation_only_vs_baseline,10,0.0131415525114151,0.010145890410958728,0.016283333333332792,supported,0.09707789455750926,0.09507535029341657,0.09901984860847943,supported,BG00125,release,average_utilization
both_flexible_vs_baseline,10,0.029442922374428294,0.0265933789954331,0.03223767123287565,supported,0.08564401355592077,0.08424190531653408,0.08708761206763507,supported,BG00125,release,average_utilization
both_flexible_vs_horizon_only,10,0.00021004566210056642,-0.000438356164383403,0.0008038812785390193,inconclusive,0.07709612297876194,0.07563078905967793,0.07856245667222633,supported,BG00125,release,average_utilization
both_flexible_vs_reservation_only,10,0.016301369863013192,0.01488584474885802,0.017488812785387605,supported,-0.011433881001588481,-0.013392333889230734,-0.009027355097665762,contradicted,BG00125,release,average_utilization
reservation_only_vs_horizon_only,10,-0.016091324200912627,-0.017342465753423887,-0.014904109589040513,contradicted,0.08853000398035042,0.08595305057592392,0.09074822893936678,supported,BG00125,release,average_utilization
horizon_only_vs_baseline,10,0.03021917808219048,0.028209817351596833,0.0323566210045647,supported,0.009260032406308022,0.007702810324833261,0.011118964103562584,supported,BG00126,release,average_utilization
reservation_only_vs_baseline,10,0.0,0.0,0.0,inconclusive,0.0,0.0,0.0,inconclusive,BG00126,release,average_utilization
both_flexible_vs_baseline,10,0.03021917808219048,0.028191780821916722,0.032283105022829606,supported,0.009260032406308022,0.007746286062932993,0.011053713652664122,supported,BG00126,release,average_utilization
both_flexible_vs_horizon_only,10,0.0,0.0,0.0,inconclusive,0.0,0.0,0.0,inconclusive,BG00126,release,average_utilization
both_flexible_vs_reservation_only,10,0.03021917808219048,0.02824657534246455,0.03234703196346903,supported,0.009260032406308022,0.007705408440308255,0.011010745761846427,supported,BG00126,release,average_utilization
reservation_only_vs_horizon_only,10,-0.03021917808219048,-0.032392694063925365,-0.028164155251140414,contradicted,-0.009260032406308022,-0.011053024240762951,-0.007731076034831593,contradicted,BG00126,release,average_utilization
horizon_only_vs_baseline,10,0.0053333333333335006,0.0025205479452056288,0.008730821917808206,supported,0.016650039729982878,0.013545670211484617,0.019586172643400106,supported,BG00127,release,average_utilization
reservation_only_vs_baseline,10,0.030502283105023342,0.027369634703196866,0.03415547945205551,supported,0.1342634702799546,0.13267780501180304,0.13592388014080486,supported,BG00127,release,average_utilization
both_flexible_vs_baseline,10,0.032438356164384376,0.029853652968037426,0.03548013698630217,supported,0.14103546413848872,0.13891186000191422,0.14322093842716602,supported,BG00127,release,average_utilization
both_flexible_vs_horizon_only,10,0.027105022831050873,0.023652054794521288,0.029981735159818113,supported,0.12438542440850586,0.12096339015475555,0.1280143641397305,supported,BG00127,release,average_utilization
both_flexible_vs_reservation_only,10,0.0019360730593610321,-0.002420547945205179,0.0057260273972607025,inconclusive,0.00677199385853412,0.004816522670107677,0.008682765543706986,supported,BG00127,release,average_utilization
reservation_only_vs_horizon_only,10,0.02516894977168984,0.02314155251141604,0.027406849315068767,supported,0.11761343054997173,0.11412888606555374,0.12157363403966245,supported,BG00127,release,average_utilization
horizon_only_vs_baseline,10,0.0,0.0,0.0,inconclusive,0.0,0.0,0.0,inconclusive,BG00128,release,average_utilization
reservation_only_vs_baseline,10,0.001726027397259966,0.0004589041095889065,0.0034590753424651997,inconclusive,-0.0010839791936345378,-0.002973294559587603,0.0010879160978357414,inconclusive,BG00128,release,average_utilization
both_flexible_vs_baseline,10,0.001726027397259966,0.000404109589041054,0.00339726027397206,inconclusive,-0.0010839791936345378,-0.002971637748117453,0.0011230533224877587,inconclusive,BG00128,release,average_utilization
both_flexible_vs_horizon_only,10,0.001726027397259966,0.00042448630136965624,0.0034383561643829513,inconclusive,-0.0010839791936345378,-0.0030373685071302093,0.0010985039135770936,inconclusive,BG00128,release,average_utilization
both_flexible_vs_reservation_only,10,0.0,0.0,0.0,inconclusive,0.0,0.0,0.0,inconclusive,BG00128,release,average_utilization
reservation_only_vs_horizon_only,10,0.001726027397259966,0.00041078767123258977,0.00345205479452008,inconclusive,-0.0010839791936345378,-0.0030012168868759964,0.0010509772821344467,inconclusive,BG00128,release,average_utilization
horizon_only_vs_baseline,10,0.0,0.0,0.0,inconclusive,0.0,0.0,0.0,inconclusive,BG00129,release,average_utilization
reservation_only_vs_baseline,10,0.0022260273972603884,-0.001739897260274076,0.006554794520548124,inconclusive,0.001041619335518118,-0.0007035660782937808,0.002741542144488922,inconclusive,BG00129,release,average_utilization
both_flexible_vs_baseline,10,0.0022260273972603884,-0.001760273972602591,0.006568664383561843,inconclusive,0.001041619335518118,-0.000644291044464183,0.0028000886535870257,inconclusive,BG00129,release,average_utilization
both_flexible_vs_horizon_only,10,0.0022260273972603884,-0.0017267123287672242,0.006376883561644206,inconclusive,0.001041619335518118,-0.0006380475434793406,0.00276485197426235,inconclusive,BG00129,release,average_utilization
both_flexible_vs_reservation_only,10,0.0,0.0,0.0,inconclusive,0.0,0.0,0.0,inconclusive,BG00129,release,average_utilization
reservation_only_vs_horizon_only,10,0.0022260273972603884,-0.001733047945205429,0.006623458904109825,inconclusive,0.001041619335518118,-0.0005721050742464492,0.0027363947204211317,inconclusive,BG00129,release,average_utilization
horizon_only_vs_baseline,10,0.0,0.0,0.0,inconclusive,0.0,0.0,0.0,inconclusive,BG00130,release,average_utilization
reservation_only_vs_baseline,10,0.002257534246575188,0.0008821917808217364,0.0035891780821918147,inconclusive,0.0013886661444106108,-0.002356037428642577,0.005381726688950956,inconclusive,BG00130,release,average_utilization
both_flexible_vs_baseline,10,0.002257534246575188,0.0008219178082189385,0.003605479452054955,inconclusive,0.0013886661444106108,-0.0024367832666248226,0.005291345350750912,inconclusive,BG00130,release,average_utilization
both_flexible_vs_horizon_only,10,0.002257534246575188,0.000898630136986111,0.003610958904109569,inconclusive,0.0013886661444106108,-0.002466547480610705,0.005457796342938045,inconclusive,BG00130,release,average_utilization
both_flexible_vs_reservation_only,10,0.0,0.0,0.0,inconclusive,0.0,0.0,0.0,inconclusive,BG00130,release,average_utilization
reservation_only_vs_horizon_only,10,0.002257534246575188,0.0008383561643834688,0.0036547945205475194,inconclusive,0.0013886661444106108,-0.0024730915555147893,0.005551558495111105,inconclusive,BG00130,release,average_utilization
horizon_only_vs_baseline,10,0.004876712328767341,0.0017897260273975763,0.008401826484018464,inconclusive,0.0024561329944262746,-0.000723052462821154,0.005139128454116086,inconclusive,BG00131,release,average_utilization
reservation_only_vs_baseline,10,0.004986301369863122,0.002228082191781016,0.007634931506849221,inconclusive,0.0659425859258393,0.06264004754416225,0.06926559874594952,supported,BG00131,release,average_utilization
both_flexible_vs_baseline,10,0.0059543378995432165,0.0022463470319631185,0.009689726027397172,supported,0.04189786074246875,0.038691043422774095,0.04498317509030963,supported,BG00131,release,average_utilization
both_flexible_vs_horizon_only,10,0.0010776255707758754,-0.0011235159817356768,0.00296803652968017,inconclusive,0.03944172774804247,0.03698848910832875,0.04171063946711387,supported,BG00131,release,average_utilization
both_flexible_vs_reservation_only,10,0.0009680365296800941,-0.0017079908675804618,0.0038264840182646114,inconclusive,-0.024044725183370547,-0.02655202779942815,-0.021187923195065912,contradicted,BG00131,release,average_utilization
reservation_only_vs_horizon_only,10,0.00010958904109578115,-0.003315525114155694,0.003442922374429282,inconclusive,0.06348645293141301,0.061163226282658585,0.0657237406022951,supported,BG00131,release,average_utilization
horizon_only_vs_baseline,10,0.0010684931506847795,7.657534246564322e-05,0.0020821917808219537,inconclusive,0.00040312585020685907,-0.00042211471945077263,0.001225439385513757,inconclusive,BG00132,release,average_utilization
reservation_only_vs_baseline,10,0.0011287671232877439,-0.00025219178082135996,0.0024767123287667216,inconclusive,-0.00532849478927272,-0.006096259981744603,-0.00454161735201185,contradicted,BG00132,release,average_utilization
both_flexible_vs_baseline,10,0.002076712328767194,0.0008438356164387854,0.0032383561643837613,inconclusive,0.0007609757589770782,-0.00013378658072436115,0.0015678455320825423,inconclusive,BG00132,release,average_utilization
both_flexible_vs_horizon_only,10,0.0010082191780824146,-0.00045493150684911357,0.0020821917808221853,inconclusive,0.00035784990877021916,-0.0006322950372300579,0.0013197487869153898,inconclusive,BG00132,release,average_utilization
both_flexible_vs_reservation_only,10,0.0009479452054794501,-0.000674246575342476,0.0025973972602738224,inconclusive,0.006089470548249798,0.005270728261470352,0.006924457554214222,supported,BG00132,release,average_utilization
reservation_only_vs_horizon_only,10,6.027397260296441e-05,-0.0013480821917807471,0.0013864383561645543,inconclusive,-0.0057316206394795784,-0.0069412680197001525,-0.004432490802027824,contradicted,BG00132,release,average_utilization
horizon_only_vs_baseline,10,0.0,0.0,0.0,inconclusive,0.0,0.0,0.0,inconclusive,BG00133,release,average_utilization
reservation_only_vs_baseline,10,0.0,0.0,0.0,inconclusive,0.0,0.0,0.0,inconclusive,BG00133,release,average_utilization
both_flexible_vs_baseline,10,0.00018264840182649066,0.0,0.000547945205479472,inconclusive,-0.00025970477640021585,-0.0007791143292006474,0.0,inconclusive,BG00133,release,average_utilization
both_flexible_vs_horizon_only,10,0.00018264840182649066,0.0,0.000547945205479472,inconclusive,-0.00025970477640021585,-0.0007791143292006474,0.0,inconclusive,BG00133,release,average_utilization
both_flexible_vs_reservation_only,10,0.00018264840182649066,0.0,0.000547945205479472,inconclusive,-0.00025970477640021585,-0.0007791143292006474,0.0,inconclusive,BG00133,release,average_utilization
reservation_only_vs_horizon_only,10,0.0,0.0,0.0,inconclusive,0.0,0.0,0.0,inconclusive,BG00133,release,average_utilization
horizon_only_vs_baseline,10,0.0006849315068488071,-0.0014931506849318581,0.002753424657533732,inconclusive,-0.0001398309751639626,-0.0039564594799263485,0.0037748359795154803,inconclusive,BG00134,release,average_utilization
reservation_only_vs_baseline,10,0.011657534246574919,0.00938356164383517,0.01393150684931458,supported,-0.013452292312273262,-0.018096827978526735,-0.009036263466472074,contradicted,BG00134,release,average_utilization
both_flexible_vs_baseline,10,0.011876712328766536,0.009630136986300707,0.014219178082190847,supported,-0.014113502532910122,-0.01868294248770774,-0.009824504596849548,contradicted,BG00134,release,average_utilization
both_flexible_vs_horizon_only,10,0.01119178082191773,0.009602397260273952,0.012575342465753514,supported,-0.013973671557746158,-0.018672220258201064,-0.009048391145449827,contradicted,BG00134,release,average_utilization
both_flexible_vs_reservation_only,10,0.00021917808219161782,0.0,0.0005479452054790723,inconclusive,-0.0006612102206368598,-0.0019494655711074615,0.0,inconclusive,BG00134,release,average_utilization
reservation_only_vs_horizon_only,10,0.010972602739726112,0.00942431506849313,0.012425000000000295,supported,-0.0133124613371093,-0.017590715902606066,-0.008548133514396827,contradicted,BG00134,release,average_utilization
horizon_only_vs_baseline,10,0.0009479452054794391,-0.0012330136986303196,0.002947945205479286,inconclusive,-0.0012067883500014754,-0.00445970931258881,0.0031093085598503955,inconclusive,BG00135,release,average_utilization
reservation_only_vs_baseline,10,0.008893150684931118,0.007008082191780312,0.01090958904109545,supported,0.03096099162304309,0.027795634510943745,0.03424863051786062,supported,BG00135,release,average_utilization
both_flexible_vs_baseline,10,0.008893150684931118,0.006986301369862422,0.010931643835616114,supported,0.03096099162304309,0.027825351189458603,0.03430475335409055,supported,BG00135,release,average_utilization
both_flexible_vs_horizon_only,10,0.007945205479451678,0.005709452054794206,0.009802739726027155,supported,0.03216777997304456,0.029236007544830626,0.03478399721823116,supported,BG00135,release,average_utilization
both_flexible_vs_reservation_only,10,0.0,0.0,0.0,inconclusive,0.0,0.0,0.0,inconclusive,BG00135,release,average_utilization
reservation_only_vs_horizon_only,10,0.007945205479451678,0.005764246575342137,0.009846712328766912,supported,0.03216777997304456,0.029339834195408088,0.03483990261139619,supported,BG00135,release,average_utilization
horizon_only_vs_baseline,10,0.0003972602739726105,0.0,0.0009452054794520937,inconclusive,-2.9867954752327285e-05,-0.00010932965932322069,1.9725795066238837e-05,inconclusive,BG00136,release,average_utilization
reservation_only_vs_baseline,10,0.0033424657534245504,-0.0005482876712329614,0.009151027397260106,inconclusive,0.0005903812884953564,-0.003213468513433796,0.003854624811237208,inconclusive,BG00136,release,average_utilization
both_flexible_vs_baseline,10,0.0033424657534245504,-0.0005479452054793312,0.008986643835616443,inconclusive,0.0005903812884953564,-0.003007937450026754,0.0037881379080212255,inconclusive,BG00136,release,average_utilization
both_flexible_vs_horizon_only,10,0.00294520547945194,-0.0010965753424658823,0.008794863013698414,inconclusive,0.0006202492432476836,-0.0030404710101950842,0.0037706400111694165,inconclusive,BG00136,release,average_utilization
both_flexible_vs_reservation_only,10,0.0,0.0,0.0,inconclusive,0.0,0.0,0.0,inconclusive,BG00136,release,average_utilization
reservation_only_vs_horizon_only,10,0.00294520547945194,-0.0010273972602742895,0.009055479452054862,inconclusive,0.0006202492432476836,-0.0032343596032596597,0.003918692376521254,inconclusive,BG00136,release,average_utilization
horizon_only_vs_baseline,10,0.06092465753424649,0.05829452054794512,0.0638219178082191,supported,0.05207392155273689,0.048528408886893144,0.055428191091842466,supported,BG00137,release,average_utilization
reservation_only_vs_baseline,10,0.09742465753424655,0.09411609589041095,0.10120547945205476,supported,0.3616564356569,0.3580288878892919,0.3650805516601116,supported,BG00137,release,average_utilization
both_flexible_vs_baseline,10,0.09938356164383558,0.09580119863013693,0.10286986301369869,supported,0.3479505910820072,0.3445398466036002,0.3507396493026891,supported,BG00137,release,average_utilization
both_flexible_vs_horizon_only,10,0.0384589041095891,0.03570513698630114,0.040869863013698784,supported,0.2958766695292704,0.2926269708823945,0.2992968411238485,supported,BG00137,release,average_utilization
both_flexible_vs_reservation_only,10,0.0019589041095890323,-0.00042465753424653557,0.004144349315068802,inconclusive,-0.013705844574892767,-0.01609896580070685,-0.011110708658905646,contradicted,BG00137,release,average_utilization
reservation_only_vs_horizon_only,10,0.03650000000000007,0.03428732876712298,0.0389113013698632,supported,0.30958251410416315,0.30749132934387186,0.31255959634646296,supported,BG00137,release,average_utilization
horizon_only_vs_baseline,10,0.0006392694063928062,-0.0018632420091325942,0.0029315068493151243,inconclusive,0.015694778761991157,0.0076790332037061275,0.022917031674898305,supported,BG00138,release,average_utilization
reservation_only_vs_baseline,10,0.0008127853881278902,-0.0006577625570769104,0.002136986301369759,inconclusive,0.024740989681756198,0.017303993178338438,0.03108706188524007,supported,BG00138,release,average_utilization
both_flexible_vs_baseline,10,0.0008127853881278902,-0.0005847031963465306,0.0021369863013697816,inconclusive,0.024740989681756198,0.017564624804769557,0.03092970940424687,supported,BG00138,release,average_utilization
both_flexible_vs_horizon_only,10,0.00017351598173508397,-0.0014794520547945077,0.002337899543378724,inconclusive,0.009046210919765041,0.004684399746421805,0.013342299403053523,supported,BG00138,release,average_utilization
both_flexible_vs_reservation_only,10,0.0,0.0,0.0,inconclusive,0.0,0.0,0.0,inconclusive,BG00138,release,average_utilization
reservation_only_vs_horizon_only,10,0.00017351598173508397,-0.0014703196347031894,0.0024109589041096625,inconclusive,0.009046210919765041,0.004796596356331843,0.013374977072752203,supported,BG00138,release,average_utilization
horizon_only_vs_baseline,10,0.006493150684931637,0.005369863013698516,0.007623287671233074,supported,0.0032805676664835136,0.0019406455203715613,0.004608544403548714,inconclusive,BG00139,release,average_utilization
reservation_only_vs_baseline,10,0.0068904109589040695,0.0053696917808214095,0.008363013698629681,supported,-0.004798868940393264,-0.006504219955495136,-0.0029905930456746574,inconclusive,BG00139,release,average_utilization
both_flexible_vs_baseline,10,0.006972602739726041,0.005616438356164397,0.00823304794520603,supported,0.00450629038515527,0.002704544659997386,0.006341201454151408,inconclusive,BG00139,release,average_utilization
both_flexible_vs_horizon_only,10,0.0004794520547944048,-0.0009315068493149789,0.002047945205479064,inconclusive,0.0012257227186717567,-0.00019173727264529033,0.0025123091679836074,inconclusive,BG00139,release,average_utilization
both_flexible_vs_reservation_only,10,8.219178082197187e-05,-0.001842465753424574,0.0019248287671236155,inconclusive,0.009305159325548535,0.0079743321237626,0.010642831655990743,supported,BG00139,release,average_utilization
reservation_only_vs_horizon_only,10,0.00039726027397243293,-0.001123287671232691,0.0018015410958903031,inconclusive,-0.008079436606876777,-0.008936454804873772,-0.0072411570028883855,contradicted,BG00139,release,average_utilization
horizon_only_vs_baseline,10,0.000127853881278428,-0.001470319634703368,0.0016712328767119538,inconclusive,0.00435073235395308,-0.0002874929208136437,0.008743425815823396,inconclusive,BG00140,release,average_utilization
reservation_only_vs_baseline,10,0.0016438356164381828,0.00023744292237409814,0.003041324200912966,inconclusive,-0.020110958101007593,-0.023844385533774395,-0.015948810568830178,contradicted,BG00140,release,average_utilization
both_flexible_vs_baseline,10,0.0016438356164381828,0.0003013698630136105,0.003022831050228216,inconclusive,-0.020110958101007593,-0.023878825544161087,-0.016252084170432585,contradicted,BG00140,release,average_utilization
both_flexible_vs_horizon_only,10,0.001515981735159755,3.63013698629864e-05,0.003607305936072743,inconclusive,-0.02446169045496067,-0.030559127084566314,-0.017958547669987685,contradicted,BG00140,release,average_utilization
both_flexible_vs_reservation_only,10,0.0,0.0,0.0,inconclusive,0.0,0.0,0.0,inconclusive,BG00140,release,average_utilization
reservation_only_vs_horizon_only,10,0.001515981735159755,-1.8493150685075153e-05,0.003744520547944919,inconclusive,-0.02446169045496067,-0.030272525492347272,-0.018252416773456234,contradicted,BG00140,release,average_utilization
horizon_only_vs_baseline,10,0.0,0.0,0.0,inconclusive,0.0,0.0,0.0,inconclusive,BG00141,release,average_utilization
reservation_only_vs_baseline,10,0.0008949771689497843,-0.0034979452054793962,0.005260273972602858,inconclusive,-0.0006392074901859224,-0.003160289535962684,0.0019365937545045772,inconclusive,BG00141,release,average_utilization
both_flexible_vs_baseline,10,0.0021643835616437677,-0.0029136986301374302,0.007141780821918164,inconclusive,-0.0008787258330635428,-0.0028336761874566173,0.001165501040514307,inconclusive,BG00141,release,average_utilization
both_flexible_vs_horizon_only,10,0.0021643835616437677,-0.0028221461187217718,0.007160502283105311,inconclusive,-0.0008787258330635428,-0.002786742581157279,0.0011295841501307406,inconclusive,BG00141,release,average_utilization
both_flexible_vs_reservation_only,10,0.0012694063926939835,-0.0023289954337902116,0.005160502283105145,inconclusive,-0.00023951834287762043,-0.0011402957027534138,0.0007745621744528448,inconclusive,BG00141,release,average_utilization
reservation_only_vs_horizon_only,10,0.0008949771689497843,-0.0033061643835619044,0.005160502283105156,inconclusive,-0.0006392074901859224,-0.0031368067562182024,0.001963316393802738,inconclusive,BG00141,release,average_utilization
horizon_only_vs_baseline,10,0.005643835616438697,0.0019178082191787093,0.009397260273972892,supported,0.031601544880615014,0.02959767019711924,0.033982067782082646,supported,BG00142,release,average_utilization
reservation_only_vs_baseline,10,0.001652968036529956,-0.0011052511415526704,0.004328767123287724,inconclusive,-0.0013005894464592437,-0.003560101484796574,0.0014135032682665836,inconclusive,BG00142,release,average_utilization
both_flexible_vs_baseline,10,0.00589041095890438,0.0019084474885846987,0.009442922374429579,supported,0.030286038929547187,0.02919406936812319,0.03155954556102196,supported,BG00142,release,average_utilization
both_flexible_vs_horizon_only,10,0.00024657534246568246,-0.000821917808219233,0.0013607305936073086,inconclusive,-0.0013155059510678246,-0.0034328899783985355,0.0008384307435366265,inconclusive,BG00142,release,average_utilization
both_flexible_vs_reservation_only,10,0.0042374429223744235,0.0009952054794517599,0.007379452054795101,inconclusive,0.03158662837600643,0.029716485231735885,0.03330385489678951,supported,BG00142,release,average_utilization
reservation_only_vs_horizon_only,10,-0.003990867579908741,-0.007169863013699011,-0.0007851598173516405,inconclusive,-0.032902134327074256,-0.03494818587801851,-0.03098763152233369,contradicted,BG00142,release,average_utilization
horizon_only_vs_baseline,10,0.00010410958904072398,-0.0010027397260275598,0.0014302739726021487,inconclusive,0.0022495494154751937,-0.0028048174298055894,0.006774167456086171,inconclusive,BG00143,release,average_utilization
reservation_only_vs_baseline,10,0.006449315068492634,0.0052986301369859126,0.0077316438356159764,supported,0.22376988907510548,0.21985760726825898,0.2280445491893524,supported,BG00143,release,average_utilization
both_flexible_vs_baseline,10,0.006449315068492634,0.005271232876711951,0.0077206849315064816,supported,0.22376988907510548,0.21981587499882038,0.2279852013681529,supported,BG00143,release,average_utilization
both_flexible_vs_horizon_only,10,0.00634520547945191,0.005002602739726235,0.007583561643835228,supported,0.22152033965963028,0.21841761712493227,0.22454705871216657,supported,BG00143,release,average_utilization
both_flexible_vs_reservation_only,10,0.0,0.0,0.0,inconclusive,0.0,0.0,0.0,inconclusive,BG00143,release,average_utilization
reservation_only_vs_horizon_only,10,0.00634520547945191,0.005095890410958401,0.007599999999999647,supported,0.22152033965963028,0.21851690728124976,0.2245342636848168,supported,BG00143,release,average_utilization
horizon_only_vs_baseline,10,0.0,0.0,0.0,inconclusive,0.0,0.0,0.0,inconclusive,BG00144,release,average_utilization
reservation_only_vs_baseline,10,0.004646575342465898,0.0026464383561646096,0.006597397260274115,inconclusive,0.001180556291245849,-0.0018693548390302185,0.004080039328527834,inconclusive,BG00144,release,average_utilization
both_flexible_vs_baseline,10,0.004646575342465898,0.0026027397260277945,0.006613698630136859,inconclusive,0.001180556291245849,-0.002001431501619253,0.004157620450904486,inconclusive,BG00144,release,average_utilization
both_flexible_vs_horizon_only,10,0.004646575342465898,0.002536849315068924,0.006570136986301492,inconclusive,0.001180556291245849,-0.0018090539590705393,0.004191935780099732,inconclusive,BG00144,release,average_utilization
both_flexible_vs_reservation_only,10,0.0,0.0,0.0,inconclusive,0.0,0.0,0.0,inconclusive,BG00144,release,average_utilization
reservation_only_vs_horizon_only,10,0.004646575342465898,0.002460136986301572,0.006542602739726351,inconclusive,0.001180556291245849,-0.0019674480336293702,0.004150889775752296,inconclusive,BG00144,release,average_utilization
horizon_only_vs_baseline,10,0.003493150684931612,-0.0016304794520551745,0.008192123287671221,inconclusive,0.011993129399707475,0.0024093355209717283,0.0205384937025869,supported,BG00145,release,average_utilization
reservation_only_vs_baseline,10,0.0046986301369865814,0.0012191780821921672,0.008219178082192103,inconclusive,0.07975016087558152,0.07092409221690232,0.08929848129072791,supported,BG00145,release,average_utilization
both_flexible_vs_baseline,10,0.0046986301369865814,0.0012736301369864734,0.008370205479452367,inconclusive,0.07975016087558152,0.07046997653072819,0.08897473934222225,supported,BG00145,release,average_utilization
both_flexible_vs_horizon_only,10,0.0012054794520549694,-0.002698630136985993,0.004370205479452545,inconclusive,0.06775703147587406,0.05747948728550638,0.07895819024638025,supported,BG00145,release,average_utilization
both_flexible_vs_reservation_only,10,0.0,0.0,0.0,inconclusive,0.0,0.0,0.0,inconclusive,BG00145,release,average_utilization
reservation_only_vs_horizon_only,10,0.0012054794520549694,-0.0027400684931507,0.004383904109589326,inconclusive,0.06775703147587406,0.05761503025321594,0.07863941235314802,supported,BG00145,release,average_utilization
horizon_only_vs_baseline,10,0.0,0.0,0.0,inconclusive,0.0,0.0,0.0,inconclusive,BG00146,release,average_utilization
reservation_only_vs_baseline,10,0.0015684931506849576,0.00017808219178078706,0.002773972602739843,inconclusive,0.03201013939485089,0.030072815292522436,0.03364644125927687,supported,BG00146,release,average_utilization
both_flexible_vs_baseline,10,0.0019726027397257593,0.00016421232876679605,0.003938527397260221,inconclusive,0.07682030522268879,0.07440128644917265,0.07918471626790062,supported,BG00146,release,average_utilization
both_flexible_vs_horizon_only,10,0.0019726027397257593,4.109589041080525e-05,0.003931506849314511,inconclusive,0.07682030522268879,0.07444778912328241,0.07923690761226428,supported,BG00146,release,average_utilization
both_flexible_vs_reservation_only,10,0.00040410958904080196,-0.002116780821918256,0.0032398972602737364,inconclusive,0.044810165827837915,0.042556135112824356,0.046878854363126825,supported,BG00146,release,average_utilization
reservation_only_vs_horizon_only,10,0.0015684931506849576,0.0001232876712330358,0.002753595890411387,inconclusive,0.03201013939485089,0.02999360579971613,0.03372496747717351,supported,BG00146,release,average_utilization
horizon_only_vs_baseline,10,0.0,0.0,0.0,inconclusive,0.0,0.0,0.0,inconclusive,BG00147,release,average_utilization
reservation_only_vs_baseline,10,0.0008356164383561792,0.0,0.002020547945205542,inconclusive,4.9405662294388364e-05,-0.00014762346318635266,0.00026512461279435486,inconclusive,BG00147,release,average_utilization
both_flexible_vs_baseline,10,0.0008356164383561792,0.0,0.002020547945205542,inconclusive,4.9405662294388364e-05,-0.00013524687810182457,0.0002619293859993599,inconclusive,BG00147,release,average_utilization
both_flexible_vs_horizon_only,10,0.0008356164383561792,4.794520547946046e-05,0.002020547945205542,inconclusive,4.9405662294388364e-05,-0.00014762346318635266,0.00025569162286347423,inconclusive,BG00147,release,average_utilization
both_flexible_vs_reservation_only,10,0.0,0.0,0.0,inconclusive,0.0,0.0,0.0,inconclusive,BG00147,release,average_utilization
reservation_only_vs_horizon_only,10,0.0008356164383561792,0.0,0.0020342465753425245,inconclusive,4.9405662294388364e-05,-0.00014460439123389345,0.00026806820794800235,inconclusive,BG00147,release,average_utilization
horizon_only_vs_baseline,10,0.014027397260274277,0.010438356164383787,0.01790410958904133,supported,0.003075269250495949,-0.0013902343253313241,0.0071991701368202335,inconclusive,BG00148,release,average_utilization
reservation_only_vs_baseline,10,0.022780821917808124,0.01978082191780846,0.026191780821917157,supported,0.0993267182576652,0.0952236819521884,0.10352020071582181,supported,BG00148,release,average_utilization
both_flexible_vs_baseline,10,0.024821917808218998,0.02080787671232815,0.029027397260274083,supported,0.08995083453761857,0.0846758311669159,0.09534680514041581,supported,BG00148,release,average_utilization
both_flexible_vs_horizon_only,10,0.01079452054794472,0.007520547945204836,0.014767123287671248,supported,0.08687556528712262,0.08198934881426771,0.09192933912364608,supported,BG00148,release,average_utilization
both_flexible_vs_reservation_only,10,0.002041095890410871,-0.0021099315068494095,0.006329109589040918,inconclusive,-0.00937588372004663,-0.0131881552644773,-0.005487343880800179,contradicted,BG00148,release,average_utilization
reservation_only_vs_horizon_only,10,0.008753424657533848,0.004383219178082266,0.01258938356164301,supported,0.09625144900716925,0.0920474969803622,0.10045068288493827,supported,BG00148,release,average_utilization
horizon_only_vs_baseline,10,0.002999999999999925,-0.0011095890410959828,0.0072743150684931425,inconclusive,-0.05504594044683475,-0.06135900293304219,-0.04822189178364661,contradicted,BG00149,release,average_utilization
reservation_only_vs_baseline,10,0.018890410958904112,0.013657191780821894,0.023904794520547952,supported,0.1429845877785488,0.1386113379989002,0.14828093542637366,supported,BG00149,release,average_utilization
both_flexible_vs_baseline,10,0.020109589041095943,0.015424657534246645,0.024890410958904177,supported,0.1385226830966308,0.1326260033442519,0.1444829448958014,supported,BG00149,release,average_utilization
both_flexible_vs_horizon_only,10,0.017109589041096017,0.012246232876712096,0.0215756849315071,supported,0.19356862354346555,0.1890764749507151,0.1986115943740313,supported,BG00149,release,average_utilization
both_flexible_vs_reservation_only,10,0.0012191780821918297,-0.0028359589041094665,0.005136986301370021,inconclusive,-0.004461904681918022,-0.00962315375600637,0.0003910368489357186,inconclusive,BG00149,release,average_utilization
reservation_only_vs_horizon_only,10,0.01589041095890419,0.012630136986301598,0.01939726027397262,supported,0.19803052822538356,0.19384991208835362,0.20215179203098949,supported,BG00149,release,average_utilization
horizon_only_vs_baseline,10,0.0003150684931506609,0.0,0.0009452054794519826,inconclusive,0.0005968610800699548,0.0,0.0017905832402098643,inconclusive,BG00150,release,average_utilization
reservation_only_vs_baseline,10,0.002123287671232832,-0.0012876712328769302,0.005397260273972737,inconclusive,-0.001880062040047803,-0.0035793753943584704,-0.0002933126743461298,inconclusive,BG00150,release,average_utilization
both_flexible_vs_baseline,10,0.002123287671232832,-0.0012191780821920314,0.00541130136986325,inconclusive,-0.001880062040047803,-0.003687835683646453,-0.0003404003538645843,inconclusive,BG00150,release,average_utilization
both_flexible_vs_horizon_only,10,0.001808219178082171,-0.0014246575342467317,0.005041095890411018,inconclusive,-0.0024769231201177576,-0.0040164276465681804,-0.0010285991976643522,inconclusive,BG00150,release,average_utilization
both_flexible_vs_reservation_only,10,0.0,0.0,0.0,inconclusive,0.0,0.0,0.0,inconclusive,BG00150,release,average_utilization
reservation_only_vs_horizon_only,10,0.001808219178082171,-0.001561643835616766,0.005137328767123498,inconclusive,-0.0024769231201177576,-0.004033727195240798,-0.0009905441608498411,inconclusive,BG00150,release,average_utilization
horizon_only_vs_baseline,10,0.0,0.0,0.0,inconclusive,0.0,0.0,0.0,inconclusive,BG00151,release,average_utilization
reservation_only_vs_baseline,10,0.004712328767123486,0.0006023972602740669,0.00921952054794556,inconclusive,-0.00035050054733173355,-0.0021460614826194283,0.0012606001140159577,inconclusive,BG00151,release,average_utilization
both_flexible_vs_baseline,10,0.004712328767123486,0.0005339041095891998,0.009287671232876871,inconclusive,-0.00035050054733173355,-0.0022140519407010256,0.0012649989579192967,inconclusive,BG00151,release,average_utilization
both_flexible_vs_horizon_only,10,0.004712328767123486,0.0006297945205480219,0.009027739726027684,inconclusive,-0.00035050054733173355,-0.0021510310410467423,0.0012826936965182965,inconclusive,BG00151,release,average_utilization
both_flexible_vs_reservation_only,10,0.0,0.0,0.0,inconclusive,0.0,0.0,0.0,inconclusive,BG00151,release,average_utilization
reservation_only_vs_horizon_only,10,0.004712328767123486,0.0006027397260275669,0.00923287671232899,inconclusive,-0.00035050054733173355,-0.002147263937170353,0.0012862953563789507,inconclusive,BG00151,release,average_utilization
horizon_only_vs_baseline,10,0.0,0.0,0.0,inconclusive,0.0,0.0,0.0,inconclusive,BG00152,release,average_utilization
reservation_only_vs_baseline,10,0.005280821917808221,-0.0006919520547943649,0.010938869863013914,inconclusive,-0.004879008607361746,-0.008084362571730227,-0.00157292445938544,inconclusive,BG00152,release,average_utilization
both_flexible_vs_baseline,10,0.005280821917808221,-0.0007261986301370606,0.010918150684931467,inconclusive,-0.004879008607361746,-0.008135654038983527,-0.0015136563103325391,inconclusive,BG00152,release,average_utilization
both_flexible_vs_horizon_only,10,0.005280821917808221,-0.0005294520547944141,0.010712328767123325,inconclusive,-0.004879008607361746,-0.008155539369606885,-0.0015634854791696574,inconclusive,BG00152,release,average_utilization
both_flexible_vs_reservation_only,10,0.0,0.0,0.0,inconclusive,0.0,0.0,0.0,inconclusive,BG00152,release,average_utilization
reservation_only_vs_horizon_only,10,0.005280821917808221,-0.00043869863013670037,0.010966267123287582,inconclusive,-0.004879008607361746,-0.008067454426584688,-0.001552590252949604,inconclusive,BG00152,release,average_utilization
horizon_only_vs_baseline,10,0.0,0.0,0.0,inconclusive,0.0,0.0,0.0,inconclusive,BG00153,release,average_utilization
reservation_only_vs_baseline,10,0.0007808219178082499,-0.0008082191780821706,0.002780821917808263,inconclusive,-0.00018801346809641518,-0.00047349630531847537,5.2519609956069854e-05,inconclusive,BG00153,release,average_utilization
both_flexible_vs_baseline,10,0.0007808219178082499,-0.0007945205479451767,0.0027123287671233297,inconclusive,-0.00018801346809641518,-0.000472608859201662,5.117441274219425e-05,inconclusive,BG00153,release,average_utilization
both_flexible_vs_horizon_only,10,0.0007808219178082499,-0.0007945205479451989,0.002726027397260322,inconclusive,-0.00018801346809641518,-0.0004723521424041696,5.2519609956069854e-05,inconclusive,BG00153,release,average_utilization
both_flexible_vs_reservation_only,10,0.0,0.0,0.0,inconclusive,0.0,0.0,0.0,inconclusive,BG00153,release,average_utilization
reservation_only_vs_horizon_only,10,0.0007808219178082499,-0.0007945205479451767,0.002712328767123329,inconclusive,-0.00018801346809641518,-0.00047310727939689566,6.776480326057266e-05,inconclusive,BG00153,release,average_utilization
horizon_only_vs_baseline,10,0.0,0.0,0.0,inconclusive,0.0,0.0,0.0,inconclusive,BG00154,release,average_utilization
reservation_only_vs_baseline,10,0.017742465753424343,0.015698630136986077,0.01990712328767089,supported,0.05783973599666241,0.056396774572794434,0.05945631986580576,supported,BG00154,release,average_utilization
both_flexible_vs_baseline,10,0.017742465753424343,0.015736986301369275,0.01987972602739709,supported,0.05783973599666241,0.056367396611633015,0.059416881220734484,supported,BG00154,release,average_utilization
both_flexible_vs_horizon_only,10,0.017742465753424343,0.0156876712328766,0.019873972602739466,supported,0.05783973599666241,0.056402329639151635,0.05947008725030977,supported,BG00154,release,average_utilization
both_flexible_vs_reservation_only,10,0.0,0.0,0.0,inconclusive,0.0,0.0,0.0,inconclusive,BG00154,release,average_utilization
reservation_only_vs_horizon_only,10,0.017742465753424343,0.01570958904109589,0.019836027397259925,supported,0.05783973599666241,0.05643388461907653,0.05945693591001037,supported,BG00154,release,average_utilization
horizon_only_vs_baseline,10,0.046260273972600865,0.04379417808218984,0.04890445205479301,supported,0.01820483271969952,0.016486547213210995,0.01996422783783376,supported,BG00155,release,average_utilization
reservation_only_vs_baseline,10,0.031287671232875694,0.028821917808218012,0.03387671232876576,supported,-4.650488840196587e-05,-0.0014152030045416876,0.0013601462782107713,inconclusive,BG00155,release,average_utilization
both_flexible_vs_baseline,10,0.046260273972600865,0.04375308219177897,0.04882226027397107,supported,0.01820483271969952,0.016466714516022142,0.019928677451684387,supported,BG00155,release,average_utilization
both_flexible_vs_horizon_only,10,0.0,0.0,0.0,inconclusive,0.0,0.0,0.0,inconclusive,BG00155,release,average_utilization
both_flexible_vs_reservation_only,10,0.014972602739725172,0.012342465753423756,0.017123630136985594,supported,0.018251337608101485,0.016760378152308304,0.019677378427119575,supported,BG00155,release,average_utilization
reservation_only_vs_horizon_only,10,-0.014972602739725172,-0.017136986301368895,-0.01235616438356085,contradicted,-0.018251337608101485,-0.019659847055443026,-0.016810223956714606,contradicted,BG00155,release,average_utilization
horizon_only_vs_baseline,10,0.0,0.0,0.0,inconclusive,0.0,0.0,0.0,inconclusive,BG00156,release,average_utilization
reservation_only_vs_baseline,10,0.0009452054794521714,-0.003836301369862744,0.006116609589041057,inconclusive,0.0021430359902635866,-0.0036025133588049275,0.009143108158310077,inconclusive,BG00156,release,average_utilization
both_flexible_vs_baseline,10,0.0009452054794521714,-0.00402054794520505,0.006171404109589039,inconclusive,0.0021430359902635866,-0.0037873326114563747,0.009063870778019052,inconclusive,BG00156,release,average_utilization
both_flexible_vs_horizon_only,10,0.0009452054794521714,-0.003883904109588997,0.006130650684931399,inconclusive,0.0021430359902635866,-0.0037816021234853567,0.009374930100624432,inconclusive,BG00156,release,average_utilization
both_flexible_vs_reservation_only,10,0.0,0.0,0.0,inconclusive,0.0,0.0,0.0,inconclusive,BG00156,release,average_utilization
reservation_only_vs_horizon_only,10,0.0009452054794521714,-0.0040551369863011675,0.006157876712328856,inconclusive,0.0021430359902635866,-0.003688868088490859,0.009410123266763545,inconclusive,BG00156,release,average_utilization
horizon_only_vs_baseline,10,0.004164383561643714,0.0021366438356162244,0.005904452054794632,inconclusive,0.07076649700625934,0.06487183231999025,0.07732237667271824,supported,BG00157,release,average_utilization
reservation_only_vs_baseline,10,0.003958904109588768,0.0014246575342463533,0.006205821917807953,inconclusive,0.04184678735811787,0.038572837838227805,0.045230742547067354,supported,BG00157,release,average_utilization
both_flexible_vs_baseline,10,0.004917808219178111,0.0033832191780820797,0.006410958904109746,inconclusive,0.16915503905709442,0.16403856495590347,0.17544714766236907,supported,BG00157,release,average_utilization
both_flexible_vs_horizon_only,10,0.0007534246575343961,-0.0009452054794519065,0.0024794520547946424,inconclusive,0.09838854205083507,0.0938940020538737,0.10323312981861407,supported,BG00157,release,average_utilization
both_flexible_vs_reservation_only,10,0.0009589041095893425,-0.0013424657534242507,0.0033424657534249736,inconclusive,0.12730825169897655,0.12084224632351996,0.13483933283807237,supported,BG00157,release,average_utilization
reservation_only_vs_horizon_only,10,-0.00020547945205494632,-0.0019863013698629504,0.0016852739726025939,inconclusive,-0.028919709648141473,-0.035422853574053656,-0.02332731740754399,contradicted,BG00157,release,average_utilization
horizon_only_vs_baseline,10,0.0,0.0,0.0,inconclusive,0.0,0.0,0.0,inconclusive,BG00158,release,average_utilization
reservation_only_vs_baseline,10,0.005950684931506911,0.0018080821917809038,0.011216575342465675,supported,0.001165169672563926,-0.00040094030358797493,0.0024174115316215163,inconclusive,BG00158,release,average_utilization
both_flexible_vs_baseline,10,0.005950684931506911,0.0017532876712329747,0.011315479452054722,supported,0.001165169672563926,-0.00041023761026354297,0.00243602305338817,inconclusive,BG00158,release,average_utilization
both_flexible_vs_horizon_only,10,0.005950684931506911,0.0018245205479451554,0.01129328767123279,supported,0.001165169672563926,-0.00037635241880670215,0.002409504514172381,inconclusive,BG00158,release,average_utilization
both_flexible_vs_reservation_only,10,0.0,0.0,0.0,inconclusive,0.0,0.0,0.0,inconclusive,BG00158,release,average_utilization
reservation_only_vs_horizon_only,10,0.005950684931506911,0.0018849315068494258,0.011391917808218957,supported,0.001165169672563926,-0.0004076690573769842,0.0024048008461842662,inconclusive,BG00158,release,average_utilization
horizon_only_vs_baseline,10,0.009715068493150703,0.007161095890410924,0.012071232876712601,supported,0.006167822859273841,0.0038386745087051,0.008497556325091382,supported,BG00159,release,average_utilization
reservation_only_vs_baseline,10,0.012328767123287687,0.010619178082191583,0.014038356164383581,supported,0.0643263995974304,0.06213314517103773,0.06654424746543726,supported,BG00159,release,average_utilization
both_flexible_vs_baseline,10,0.012328767123287687,0.010613698630136911,0.01404410958904137,supported,0.0643263995974304,0.062080298894319395,0.06635607497944403,supported,BG00159,release,average_utilization
both_flexible_vs_horizon_only,10,0.0026136986301369845,0.0007835616438357462,0.004547945205479213,inconclusive,0.05815857673815657,0.055881330267545826,0.06048284975978908,supported,BG00159,release,average_utilization
both_flexible_vs_reservation_only,10,0.0,0.0,0.0,inconclusive,0.0,0.0,0.0,inconclusive,BG00159,release,average_utilization
reservation_only_vs_horizon_only,10,0.0026136986301369845,0.0008164383561647123,0.00456438356164374,inconclusive,0.05815857673815657,0.05589317587477751,0.06053843308741969,supported,BG00159,release,average_utilization
horizon_only_vs_baseline,10,0.0,0.0,0.0,inconclusive,0.0,0.0,0.0,inconclusive,BG00160,release,average_utilization
reservation_only_vs_baseline,10,0.00843835616438352,0.003438013698630223,0.012904109589041137,supported,-0.0002481196754173909,-0.0015833811239976182,0.001462637645931009,inconclusive,BG00160,release,average_utilization
both_flexible_vs_baseline,10,0.00843835616438352,0.003382876712328552,0.012740068493150646,supported,-0.0002481196754173909,-0.0015829559788616324,0.0016131446056669857,inconclusive,BG00160,release,average_utilization
both_flexible_vs_horizon_only,10,0.00843835616438352,0.0034931506849316084,0.012890410958904076,supported,-0.0002481196754173909,-0.0015587531025251845,0.0015358817320226808,inconclusive,BG00160,release,average_utilization
both_flexible_vs_reservation_only,10,0.0,0.0,0.0,inconclusive,0.0,0.0,0.0,inconclusive,BG00160,release,average_utilization
reservation_only_vs_horizon_only,10,0.00843835616438352,0.003396575342465644,0.01276746575342457,supported,-0.0002481196754173909,-0.0015882397647132476,0.0015073896057053607,inconclusive,BG00160,release,average_utilization
horizon_only_vs_baseline,10,0.0,0.0,0.0,inconclusive,0.0,0.0,0.0,inconclusive,BG00161,release,average_utilization
reservation_only_vs_baseline,10,0.0007534246575343961,-0.001603082191780723,0.0028907534246579015,inconclusive,0.17561228130238396,0.17005759167774234,0.18144522113966072,supported,BG00161,release,average_utilization
both_flexible_vs_baseline,10,0.0009589041095888872,-0.0015068493150684926,0.003493493150684874,inconclusive,0.1873998896091159,0.18038677271704648,0.1932321062045727,supported,BG00161,release,average_utilization
both_flexible_vs_horizon_only,10,0.0009589041095888872,-0.0015071917808221333,0.00347945205479418,inconclusive,0.1873998896091159,0.18028512784594167,0.1931401523391882,supported,BG00161,release,average_utilization
both_flexible_vs_reservation_only,10,0.00020547945205449115,-0.0022054794520551826,0.0027808219178078416,inconclusive,0.011787608306731956,0.00772111110440389,0.015748719905318984,supported,BG00161,release,average_utilization
reservation_only_vs_horizon_only,10,0.0007534246575343961,-0.0016164383561641656,0.0028904109589041383,inconclusive,0.17561228130238396,0.16991043572943734,0.18155420565688787,supported,BG00161,release,average_utilization
horizon_only_vs_baseline,10,0.002904109589041093,-0.00013030821917821533,0.005828938356164397,inconclusive,0.0012715626340901454,-0.0007280825477693157,0.003161542141214915,inconclusive,BG00162,release,average_utilization
reservation_only_vs_baseline,10,0.002308219178082349,-0.0007128424657533116,0.004958904109589081,inconclusive,0.0016047436206128086,0.0005293853389059084,0.002621937282231089,inconclusive,BG00162,release,average_utilization
both_flexible_vs_baseline,10,0.003698630136986303,0.0005613013698627077,0.006534246575342674,inconclusive,0.00190200471782338,0.000717967604674123,0.0030717625574666492,inconclusive,BG00162,release,average_utilization
both_flexible_vs_horizon_only,10,0.00079452054794521,-0.0013493150684931122,0.002760445205479336,inconclusive,0.0006304420837332347,-0.0013472538639191186,0.0025199871612474863,inconclusive,BG00162,release,average_utilization
both_flexible_vs_reservation_only,10,0.0013904109589039538,-0.0019863013698631976,0.004842808219178093,inconclusive,0.00029726109721057157,-0.0014702154200277673,0.0018909927079248624,inconclusive,BG00162,release,average_utilization
reservation_only_vs_horizon_only,10,-0.0005958904109587438,-0.0043087328767121786,0.003157705479452189,inconclusive,0.0003331809865226631,-0.001742332255739767,0.0025171663278013207,inconclusive,BG00162,release,average_utilization
horizon_only_vs_baseline,10,0.00021917808219185098,0.0,0.0006027397260276679,inconclusive,-0.0006224051473834979,-0.0016247229787537342,0.0,inconclusive,BG00163,release,average_utilization
reservation_only_vs_baseline,10,0.0033808219178081966,0.0018465753424656264,0.004898767123287472,inconclusive,0.00033126067263454794,-0.0029208245560788117,0.0035681302907804922,inconclusive,BG00163,release,average_utilization
both_flexible_vs_baseline,10,0.0033808219178081966,0.0019068493150685329,0.00496438356164365,inconclusive,0.00033126067263454794,-0.00302602654266609,0.003663712256436126,inconclusive,BG00163,release,average_utilization
both_flexible_vs_horizon_only,10,0.0031616438356163457,0.0016219178082190267,0.0047561643835614936,inconclusive,0.0009536658200180459,-0.0027231662982494663,0.004528347949780948,inconclusive,BG00163,release,average_utilization
both_flexible_vs_reservation_only,10,0.0,0.0,0.0,inconclusive,0.0,0.0,0.0,inconclusive,BG00163,release,average_utilization
reservation_only_vs_horizon_only,10,0.0031616438356163457,0.0016602739726028581,0.004789178082191711,inconclusive,0.0009536658200180459,-0.002609340900771976,0.004769556656214403,inconclusive,BG00163,release,average_utilization
horizon_only_vs_baseline,10,0.0005917808219182197,-0.0003342465753421914,0.0014465753424662412,inconclusive,-0.002288174771499085,-0.005372165259763341,0.0005220184281923126,inconclusive,BG00164,release,average_utilization
reservation_only_vs_baseline,10,0.0013643835616439892,0.00022438356164335157,0.002624657534246802,inconclusive,0.011429416251900183,0.009097512337071232,0.013650095627689953,supported,BG00164,release,average_utilization
both_flexible_vs_baseline,10,0.0013643835616439892,0.00019726027397251044,0.002652054794520784,inconclusive,0.011429416251900183,0.00899538768896747,0.013686690524310471,supported,BG00164,release,average_utilization
both_flexible_vs_horizon_only,10,0.0007726027397257695,9.863013698626076e-05,0.001561643835616428,inconclusive,0.013717591023399266,0.01150924340288321,0.015953442161960655,supported,BG00164,release,average_utilization
both_flexible_vs_reservation_only,10,0.0,0.0,0.0,inconclusive,0.0,0.0,0.0,inconclusive,BG00164,release,average_utilization
reservation_only_vs_horizon_only,10,0.0007726027397257695,0.00012054794520528184,0.0015835616438351111,inconclusive,0.013717591023399266,0.011660814877891333,0.01599775546396006,supported,BG00164,release,average_utilization
horizon_only_vs_baseline,10,0.0008493150684933837,-0.0011369863013693834,0.002719178082191723,inconclusive,0.010395334723868188,0.0087159135803391,0.012018793543112203,supported,BG00165,release,average_utilization
reservation_only_vs_baseline,10,0.001821917808219131,-0.0006097602739725683,0.004534589041095895,inconclusive,0.02975331422420522,0.028385906995497676,0.031080580997580497,supported,BG00165,release,average_utilization
both_flexible_vs_baseline,10,0.002013698630137084,-0.00016438356164372335,0.004349315068493342,inconclusive,0.017515422308587197,0.016699344113407514,0.018533302503532634,supported,BG00165,release,average_utilization
both_flexible_vs_horizon_only,10,0.0011643835616437005,-0.0012123287671236488,0.0031303082191779575,inconclusive,0.007120087584719009,0.005548992863143505,0.008825721747797546,supported,BG00165,release,average_utilization
both_flexible_vs_reservation_only,10,0.00019178082191795287,-0.002342465753424551,0.0024864726027400575,inconclusive,-0.012237891915618021,-0.013410086978301069,-0.011027594031924791,contradicted,BG00165,release,average_utilization
reservation_only_vs_horizon_only,10,0.0009726027397257475,-0.0011988013698631566,0.0034657534246571742,inconclusive,0.01935797950033703,0.018178468821105135,0.020639876637713443,supported,BG00165,release,average_utilization
horizon_only_vs_baseline,10,0.0,0.0,0.0,inconclusive,0.0,0.0,0.0,inconclusive,BG00166,release,average_utilization
reservation_only_vs_baseline,10,0.004063926940639162,0.0022374429223743775,0.006182876712328639,inconclusive,0.004770555947430843,0.0016265011793012867,0.008588410906741409,inconclusive,BG00166,release,average_utilization
both_flexible_vs_baseline,10,0.004063926940639162,0.0022372146118720872,0.006173515981734878,inconclusive,0.004770555947430843,0.0015642290094754375,0.008734948921479345,inconclusive,BG00166,release,average_utilization
both_flexible_vs_horizon_only,10,0.004063926940639162,0.0021643835616438666,0.006264840182648015,inconclusive,0.004770555947430843,0.0015866593913111164,0.00863136786529677,inconclusive,BG00166,release,average_utilization
both_flexible_vs_reservation_only,10,0.0,0.0,0.0,inconclusive,0.0,0.0,0.0,inconclusive,BG00166,release,average_utilization
reservation_only_vs_horizon_only,10,0.004063926940639162,0.002155251141552514,0.006219178082191558,inconclusive,0.004770555947430843,0.0016192206716446548,0.00869696515617743,inconclusive,BG00166,release,average_utilization
horizon_only_vs_baseline,10,0.0,0.0,0.0,inconclusive,0.0,0.0,0.0,inconclusive,BG00167,release,average_utilization
reservation_only_vs_baseline,10,0.0018424657534245603,-0.0023219178082192204,0.00687688356164384,inconclusive,-0.00036087807797856585,-0.003346143661172657,0.0031440734035806384,inconclusive,BG00167,release,average_utilization
both_flexible_vs_baseline,10,0.0018424657534245603,-0.002582363013698728,0.006692123287671331,inconclusive,-0.00036087807797856585,-0.0034775242459185287,0.0029853106562975195,inconclusive,BG00167,release,average_utilization
both_flexible_vs_horizon_only,10,0.0018424657534245603,-0.0024934931506849453,0.006609760273972389,inconclusive,-0.00036087807797856585,-0.0034297705577187696,0.0030146092876134514,inconclusive,BG00167,release,average_utilization
both_flexible_vs_reservation_only,10,0.0,0.0,0.0,inconclusive,0.0,0.0,0.0,inconclusive,BG00167,release,average_utilization
reservation_only_vs_horizon_only,10,0.0018424657534245603,-0.002562500000000074,0.006671232876712142,inconclusive,-0.00036087807797856585,-0.003537622455092209,0.0028726810973806124,inconclusive,BG00167,release,average_utilization
horizon_only_vs_baseline,10,0.0006849315068492179,-0.0007123287671234627,0.0022054794520546704,inconclusive,-0.002114393758521527,-0.0074876467974428615,0.0034132950464555384,inconclusive,BG00168,release,average_utilization
reservation_only_vs_baseline,10,0.0012465753424659054,-1.3698630136655676e-05,0.002438356164383571,inconclusive,-0.0029308651233070026,-0.008601424263743837,0.0025328823117618075,inconclusive,BG00168,release,average_utilization
both_flexible_vs_baseline,10,0.0017397260273972147,-0.0002876712328767192,0.004356849315068251,inconclusive,-0.014415050688686393,-0.01804262286199617,-0.01067289302313377,contradicted,BG00168,release,average_utilization
both_flexible_vs_horizon_only,10,0.001054794520547997,-0.0007945205479452891,0.0030410958904109066,inconclusive,-0.012300656930164865,-0.016289823929305672,-0.008545162430059197,contradicted,BG00168,release,average_utilization
both_flexible_vs_reservation_only,10,0.0004931506849313094,-0.001671232876712551,0.002794520547945127,inconclusive,-0.01148418556537939,-0.015924842450395004,-0.006312207598825935,contradicted,BG00168,release,average_utilization
reservation_only_vs_horizon_only,10,0.0005616438356166875,-0.0005342465753422676,0.001671232876712593,inconclusive,-0.000816471364785476,-0.00553666477231379,0.0038179234941073084,inconclusive,BG00168,release,average_utilization
horizon_only_vs_baseline,10,0.0,0.0,0.0,inconclusive,0.0,0.0,0.0,inconclusive,BG00169,release,average_utilization
reservation_only_vs_baseline,10,0.016186301369863078,0.013643698630136978,0.018843835616438608,supported,0.07606059927760137,0.07111702828202987,0.08094587420571937,supported,BG00169,release,average_utilization
both_flexible_vs_baseline,10,0.016186301369863078,0.013610958904109238,0.018739863013699055,supported,0.07606059927760137,0.07103505896459959,0.08093617682685528,supported,BG00169,release,average_utilization
both_flexible_vs_horizon_only,10,0.016186301369863078,0.01374232876712321,0.018882465753425157,supported,0.07606059927760137,0.07104852304065079,0.08080484374818614,supported,BG00169,release,average_utilization
both_flexible_vs_reservation_only,10,0.0,0.0,0.0,inconclusive,0.0,0.0,0.0,inconclusive,BG00169,release,average_utilization
reservation_only_vs_horizon_only,10,0.016186301369863078,0.013703835616438313,0.018827397260273944,supported,0.07606059927760137,0.07108155374044949,0.0809903044327063,supported,BG00169,release,average_utilization
horizon_only_vs_baseline,10,0.0,0.0,0.0,inconclusive,0.0,0.0,0.0,inconclusive,BG00170,release,average_utilization
reservation_only_vs_baseline,10,0.0,0.0,0.0,inconclusive,0.0,0.0,0.0,inconclusive,BG00170,release,average_utilization
both_flexible_vs_baseline,10,0.0004931506849317202,-0.002150684931506291,0.0029181506849316396,inconclusive,-0.00221335140627551,-0.005616074682580408,0.0009668422654497788,inconclusive,BG00170,release,average_utilization
both_flexible_vs_horizon_only,10,0.0004931506849317202,-0.002095890410958517,0.0029452054794519085,inconclusive,-0.00221335140627551,-0.005655948080750015,0.0009174233181604438,inconclusive,BG00170,release,average_utilization
both_flexible_vs_reservation_only,10,0.0004931506849317202,-0.0022191780821913133,0.002931506849314948,inconclusive,-0.00221335140627551,-0.005601818803872778,0.0009561063247124357,inconclusive,BG00170,release,average_utilization
reservation_only_vs_horizon_only,10,0.0,0.0,0.0,inconclusive,0.0,0.0,0.0,inconclusive,BG00170,release,average_utilization
horizon_only_vs_baseline,10,0.0,0.0,0.0,inconclusive,0.0,0.0,0.0,inconclusive,BG00171,release,average_utilization
reservation_only_vs_baseline,10,0.002447488584474855,-0.002082648401826478,0.008118949771689372,inconclusive,0.0068736190613863934,0.0008160724743834695,0.01379319817968568,supported,BG00171,release,average_utilization
both_flexible_vs_baseline,10,0.002447488584474855,-0.0022194063926941794,0.007863470319634617,inconclusive,0.0068736190613863934,0.0005642045439551605,0.014452503308671637,supported,BG00171,release,average_utilization
both_flexible_vs_horizon_only,10,0.002447488584474855,-0.002255707762557026,0.007607534246575208,inconclusive,0.0068736190613863934,0.0007789772320469106,0.01402464274109819,supported,BG00171,release,average_utilization
both_flexible_vs_reservation_only,10,0.0,0.0,0.0,inconclusive,0.0,0.0,0.0,inconclusive,BG00171,release,average_utilization
reservation_only_vs_horizon_only,10,0.002447488584474855,-0.002146347031963681,0.007726255707762539,inconclusive,0.0068736190613863934,0.0008055864828559402,0.014177194317846961,supported,BG00171,release,average_utilization
horizon_only_vs_baseline,10,0.0011324200913238268,-0.000840182648402134,0.0028858447488579525,inconclusive,0.00291323997956191,-0.0005515347498455148,0.005951080274274951,inconclusive,BG00172,release,average_utilization
reservation_only_vs_baseline,10,0.010867579908674995,0.009415525114154985,0.012319634703195128,supported,-0.003138843669018454,-0.005666137649665023,-0.0005916772104343147,inconclusive,BG00172,release,average_utilization
both_flexible_vs_baseline,10,0.01095890410958834,0.00915045662100375,0.012484018264839292,supported,-0.0038493761854719254,-0.007864879098336986,-3.2395617166055414e-05,inconclusive,BG00172,release,average_utilization
both_flexible_vs_horizon_only,10,0.009826484018264515,0.008301369863013329,0.011342465753424359,supported,-0.0067626161650338355,-0.01088430014614607,-0.0033856461462824713,contradicted,BG00172,release,average_utilization
both_flexible_vs_reservation_only,10,9.132420091334525e-05,-0.001918036529680284,0.0023013698630137596,inconclusive,-0.0007105325164534715,-0.005211099235260501,0.003150822395077621,inconclusive,BG00172,release,average_utilization
reservation_only_vs_horizon_only,10,0.00973515981735117,0.007424429223743733,0.012200913242008837,supported,-0.0060520836485803645,-0.009270635697034582,-0.003081229672248825,contradicted,BG00172,release,average_utilization
horizon_only_vs_baseline,10,0.0,0.0,0.0,inconclusive,0.0,0.0,0.0,inconclusive,BG00173,release,average_utilization
reservation_only_vs_baseline,10,0.0008219178082192524,-4.109589041091377e-05,0.002109589041095941,inconclusive,0.00011862477941139149,-0.002952191796237777,0.0034478985802054705,inconclusive,BG00173,release,average_utilization
both_flexible_vs_baseline,10,0.0008219178082192524,-4.109589041091377e-05,0.0020684931506850246,inconclusive,0.00011862477941139149,-0.0028780549876549323,0.0037119060164188867,inconclusive,BG00173,release,average_utilization
both_flexible_vs_horizon_only,10,0.0008219178082192524,-4.109589041081635e-05,0.0021095890410959385,inconclusive,0.00011862477941139149,-0.002947156193219602,0.003670954349859486,inconclusive,BG00173,release,average_utilization
both_flexible_vs_reservation_only,10,0.0,0.0,0.0,inconclusive,0.0,0.0,0.0,inconclusive,BG00173,release,average_utilization
reservation_only_vs_horizon_only,10,0.0008219178082192524,-4.109589041091377e-05,0.0021095890410959385,inconclusive,0.00011862477941139149,-0.0031348511754600585,0.003547438115276075,inconclusive,BG00173,release,average_utilization
horizon_only_vs_baseline,10,0.0,0.0,0.0,inconclusive,0.0,0.0,0.0,inconclusive,BG00174,release,average_utilization
reservation_only_vs_baseline,10,0.002719178082191809,0.00017123287671242383,0.005609589041095945,inconclusive,0.006756397761586841,0.00150644425047167,0.011353940409810161,supported,BG00174,release,average_utilization
both_flexible_vs_baseline,10,0.002719178082191809,0.00021917808219175798,0.0056508561643837515,inconclusive,0.006756397761586841,0.001691279311944576,0.01152065218210016,supported,BG00174,release,average_utilization
both_flexible_vs_horizon_only,10,0.002719178082191809,0.00015068493150702467,0.00565085616438374,inconclusive,0.006756397761586841,0.0016412598102156035,0.011389916764138145,supported,BG00174,release,average_utilization
both_flexible_vs_reservation_only,10,0.0,0.0,0.0,inconclusive,0.0,0.0,0.0,inconclusive,BG00174,release,average_utilization
reservation_only_vs_horizon_only,10,0.002719178082191809,0.00015719178082199703,0.005602739726027539,inconclusive,0.006756397761586841,0.001839456702117797,0.01147552439676296,supported,BG00174,release,average_utilization
horizon_only_vs_baseline,10,0.0,0.0,0.0,inconclusive,0.0,0.0,0.0,inconclusive,BG00175,release,average_utilization
reservation_only_vs_baseline,10,0.0008328767123288339,-0.00398356164383558,0.005600000000000185,inconclusive,-0.0010450765299740872,-0.0018640499189942034,-0.0001751084215209495,inconclusive,BG00175,release,average_utilization
both_flexible_vs_baseline,10,0.0030575342465754773,0.0003616438356164095,0.006246575342465988,inconclusive,-1.3730808128409322e-05,-0.0015386848753190976,0.0015141684320501864,inconclusive,BG00175,release,average_utilization
both_flexible_vs_horizon_only,10,0.0030575342465754773,0.00041082191780810384,0.006268493150685185,inconclusive,-1.3730808128409322e-05,-0.001502706253651455,0.001460598700559451,inconclusive,BG00175,release,average_utilization
both_flexible_vs_reservation_only,10,0.0022246575342466436,-0.0032110958904109387,0.007573972602739892,inconclusive,0.0010313457218456778,-0.00044567462963787354,0.0023829131847944575,inconclusive,BG00175,release,average_utilization
reservation_only_vs_horizon_only,10,0.0008328767123288339,-0.004186438356164129,0.005463013698630305,inconclusive,-0.0010450765299740872,-0.001859690580276724,-0.00019444246978462832,inconclusive,BG00175,release,average_utilization
horizon_only_vs_baseline,10,0.0,0.0,0.0,inconclusive,0.0,0.0,0.0,inconclusive,BG00176,release,average_utilization
reservation_only_vs_baseline,10,0.0009589041095890316,-0.0007671232876712453,0.002794748858447452,inconclusive,1.587226347801174e-05,-0.0009000875360380826,0.0012931849384616198,inconclusive,BG00176,release,average_utilization
both_flexible_vs_baseline,10,0.0009589041095890316,-0.0007853881278538699,0.0028310502283104945,inconclusive,1.587226347801174e-05,-0.0008619030224469926,0.0013064488149248826,inconclusive,BG00176,release,average_utilization
both_flexible_vs_horizon_only,10,0.0009589041095890316,-0.0007762557077625523,0.0028127853881278254,inconclusive,1.587226347801174e-05,-0.0008878834798429769,0.0012708578241797208,inconclusive,BG00176,release,average_utilization
both_flexible_vs_reservation_only,10,0.0,0.0,0.0,inconclusive,0.0,0.0,0.0,inconclusive,BG00176,release,average_utilization
reservation_only_vs_horizon_only,10,0.0009589041095890316,-0.0007762557077625632,0.0028404109589040974,inconclusive,1.587226347801174e-05,-0.0008816938628679147,0.0012840397970432492,inconclusive,BG00176,release,average_utilization
horizon_only_vs_baseline,10,0.0,0.0,0.0,inconclusive,0.0,0.0,0.0,inconclusive,BG00177,release,average_utilization
reservation_only_vs_baseline,10,0.0009643835616437891,-0.0005479452054797204,0.00240547945205506,inconclusive,0.015082302103009293,0.009626419698260332,0.020212054312372017,supported,BG00177,release,average_utilization
both_flexible_vs_baseline,10,0.0009643835616437891,-0.0005427397260276256,0.002410958904109192,inconclusive,0.015082302103009293,0.009781561042800768,0.020501377275105457,supported,BG00177,release,average_utilization
both_flexible_vs_horizon_only,10,0.0009643835616437891,-0.0004931506849312317,0.0024001369863014526,inconclusive,0.015082302103009293,0.009650891447361403,0.020430461127047606,supported,BG00177,release,average_utilization
both_flexible_vs_reservation_only,10,0.0,0.0,0.0,inconclusive,0.0,0.0,0.0,inconclusive,BG00177,release,average_utilization
reservation_only_vs_horizon_only,10,0.0009643835616437891,-0.0004821917808214318,0.00236726027397235,inconclusive,0.015082302103009293,0.009940713085692124,0.02023810405656729,supported,BG00177,release,average_utilization
horizon_only_vs_baseline,10,0.0,0.0,0.0,inconclusive,0.0,0.0,0.0,inconclusive,BG00178,release,average_utilization
reservation_only_vs_baseline,10,3.42465753424559e-05,6.84931506849118e-06,6.164383561645393e-05,inconclusive,1.9319927787941894e-05,-5.120304010031162e-06,4.546595266201603e-05,inconclusive,BG00178,release,average_utilization
both_flexible_vs_baseline,10,0.001547945205479695,0.00019178082191806113,0.002917808219178369,inconclusive,0.0020458931492093324,-0.00019223097456394606,0.004510127583779616,inconclusive,BG00178,release,average_utilization
both_flexible_vs_horizon_only,10,0.001547945205479695,0.00019160958904091118,0.0029248287671239524,inconclusive,0.0020458931492093324,-0.0002760874897901111,0.004362845291623579,inconclusive,BG00178,release,average_utilization
both_flexible_vs_reservation_only,10,0.001513698630137239,0.00013013698630195302,0.0028972602739727586,inconclusive,0.0020265732214213906,-0.0003123855809838341,0.0043485802831353775,inconclusive,BG00178,release,average_utilization
reservation_only_vs_horizon_only,10,3.42465753424559e-05,6.84931506849118e-06,6.164383561644283e-05,inconclusive,1.9319927787941894e-05,-6.857671635984719e-06,4.6567733355658836e-05,inconclusive,BG00178,release,average_utilization
horizon_only_vs_baseline,10,0.0,0.0,0.0,inconclusive,0.0,0.0,0.0,inconclusive,BG00179,release,average_utilization
reservation_only_vs_baseline,10,0.0009520547945205182,-0.0024248287671233115,0.004876712328767041,inconclusive,0.0010632801013565562,-0.000912736495497241,0.002759299922124652,inconclusive,BG00179,release,average_utilization
both_flexible_vs_baseline,10,0.0009520547945205182,-0.0026510273972602545,0.004664554794520463,inconclusive,0.0010632801013565562,-0.001045883458478167,0.0027097806673090155,inconclusive,BG00179,release,average_utilization
both_flexible_vs_horizon_only,10,0.0009520547945205182,-0.0025279109589041037,0.004664383561643727,inconclusive,0.0010632801013565562,-0.001024432996203081,0.002747211098963826,inconclusive,BG00179,release,average_utilization
both_flexible_vs_reservation_only,10,0.0,0.0,0.0,inconclusive,0.0,0.0,0.0,inconclusive,BG00179,release,average_utilization
reservation_only_vs_horizon_only,10,0.0009520547945205182,-0.0026095890410958943,0.004616609589041045,inconclusive,0.0010632801013565562,-0.000954295409727904,0.002735425271576658,inconclusive,BG00179,release,average_utilization
horizon_only_vs_baseline,10,0.0010547945205478416,-0.002931849315068867,0.00487705479452062,inconclusive,-0.018461692204119064,-0.025162711927489194,-0.011806884182327679,contradicted,BG00180,release,average_utilization
reservation_only_vs_baseline,10,0.002273972602739893,-0.0006030821917811761,0.004753767123288022,inconclusive,0.02796375099402576,0.020429598340618294,0.03559915587365783,supported,BG00180,release,average_utilization
both_flexible_vs_baseline,10,0.0031780821917808287,-0.001809246575342601,0.007973630136986546,inconclusive,0.030225210332461772,0.02358400288742722,0.03805836880488781,supported,BG00180,release,average_utilization
both_flexible_vs_horizon_only,10,0.0021232876712329873,-0.001643835616438351,0.0059184931506850785,inconclusive,0.04868690253658083,0.042446883035363626,0.054999889992364305,supported,BG00180,release,average_utilization
both_flexible_vs_reservation_only,10,0.0009041095890409357,-0.00301369863013723,0.0043568493150682825,inconclusive,0.0022614593384360114,-0.0050357050062527,0.009156347772327031,inconclusive,BG00180,release,average_utilization
reservation_only_vs_horizon_only,10,0.0012191780821920518,-0.0014794520547941393,0.003986301369863188,inconclusive,0.046425443198144824,0.041781488658346834,0.051380364056165306,supported,BG00180,release,average_utilization
horizon_only_vs_baseline,10,0.0,0.0,0.0,inconclusive,0.0,0.0,0.0,inconclusive,BG00181,release,average_utilization
reservation_only_vs_baseline,10,0.003849315068493275,0.0006712328767122789,0.007178082191780901,inconclusive,0.011587286773609573,0.004177116888627263,0.018640928619598398,supported,BG00181,release,average_utilization
both_flexible_vs_baseline,10,0.003849315068493275,0.0008082191780822464,0.007095890410958919,inconclusive,0.011587286773609573,0.004123549843800247,0.018823686677404035,supported,BG00181,release,average_utilization
both_flexible_vs_horizon_only,10,0.003849315068493275,0.0007808219178083703,0.00712363013698659,inconclusive,0.011587286773609573,0.004495353714624187,0.018612726730107113,supported,BG00181,release,average_utilization
both_flexible_vs_reservation_only,10,0.0,0.0,0.0,inconclusive,0.0,0.0,0.0,inconclusive,BG00181,release,average_utilization
reservation_only_vs_horizon_only,10,0.003849315068493275,0.0008078767123287717,0.00712363013698617,inconclusive,0.011587286773609573,0.004125457987745075,0.018919145247707138,supported,BG00181,release,average_utilization
horizon_only_vs_baseline,10,0.017775342465753286,0.015654794520547983,0.020038904109588966,supported,0.017324388111359012,0.01642394632818859,0.018192887566624478,supported,BG00182,release,average_utilization
reservation_only_vs_baseline,10,0.018975342465753463,0.016947945205479795,0.020997808219178026,supported,0.07402743875333666,0.07267425760340641,0.07524168064525025,supported,BG00182,release,average_utilization
both_flexible_vs_baseline,10,0.02094794520547951,0.01897534246575375,0.0230356164383561,supported,0.07430027470626727,0.07291845436492889,0.07569627287379911,supported,BG00182,release,average_utilization
both_flexible_vs_horizon_only,10,0.003172602739726227,0.000427260273972977,0.006224657534246538,inconclusive,0.05697588659490825,0.055333903991420984,0.05857702157895945,supported,BG00182,release,average_utilization
both_flexible_vs_reservation_only,10,0.001972602739726048,-0.0008602739726026345,0.005101506849314888,inconclusive,0.00027283595293061124,-0.0012984126358729583,0.0017684077373241885,inconclusive,BG00182,release,average_utilization
reservation_only_vs_horizon_only,10,0.0012000000000001788,-0.00135904109589038,0.003594520547945435,inconclusive,0.056703050641977636,0.055122742664025295,0.05812439337106792,supported,BG00182,release,average_utilization
horizon_only_vs_baseline,10,0.0,0.0,0.0,inconclusive,0.0,0.0,0.0,inconclusive,BG00183,release,average_utilization
reservation_only_vs_baseline,10,0.0011415525114154667,0.00029200913241964093,0.0021461187214609767,inconclusive,0.07442775709286255,0.07036469669923301,0.07876279431911022,supported,BG00183,release,average_utilization
both_flexible_vs_baseline,10,0.002456621004566084,0.0009315068493146763,0.0040091324200913665,inconclusive,0.08570942939369149,0.08123159689184084,0.0899419085045113,supported,BG00183,release,average_utilization
both_flexible_vs_horizon_only,10,0.002456621004566084,0.000922374429223581,0.003981735159817315,inconclusive,0.08570942939369149,0.08133839804516048,0.09000646641022333,supported,BG00183,release,average_utilization
both_flexible_vs_reservation_only,10,0.0013150684931506173,-0.00015547945205442637,0.002876940639269184,inconclusive,0.011281672300828938,0.008059492268155711,0.014738653214791562,supported,BG00183,release,average_utilization
reservation_only_vs_horizon_only,10,0.0011415525114154667,0.00029223744292259296,0.002210045662100196,inconclusive,0.07442775709286255,0.07042157763101478,0.07856513299930173,supported,BG00183,release,average_utilization
horizon_only_vs_baseline,10,0.0001643835616436773,-0.002913698630137447,0.002694292237443082,inconclusive,-0.006497318927565121,-0.010908652147160233,-0.002059607308300276,contradicted,BG00184,release,average_utilization
reservation_only_vs_baseline,10,0.007607305936073438,0.004337899543379194,0.010794748858448439,supported,0.026023774580228254,0.0217960011230421,0.030978570416541697,supported,BG00184,release,average_utilization
both_flexible_vs_baseline,10,0.007607305936073438,0.004502283105023006,0.010831278538813558,supported,0.026023774580228254,0.021817974905474935,0.030756814964896743,supported,BG00184,release,average_utilization
both_flexible_vs_horizon_only,10,0.007442922374429761,0.004639269406393292,0.010575570776256479,supported,0.03252109350779338,0.029571109902181564,0.03529789531796215,supported,BG00184,release,average_utilization
both_flexible_vs_reservation_only,10,0.0,0.0,0.0,inconclusive,0.0,0.0,0.0,inconclusive,BG00184,release,average_utilization
reservation_only_vs_horizon_only,10,0.007442922374429761,0.0047394977168955,0.010630136986301974,supported,0.03252109350779338,0.029675959231804817,0.03544622917201869,supported,BG00184,release,average_utilization
horizon_only_vs_baseline,10,0.0,0.0,0.0,inconclusive,0.0,0.0,0.0,inconclusive,BG00185,release,average_utilization
reservation_only_vs_baseline,10,0.0013589041095892983,-0.0019946575342462544,0.004898767123287524,inconclusive,0.002090423958370613,0.0004875633827919707,0.003685165438762301,inconclusive,BG00185,release,average_utilization
both_flexible_vs_baseline,10,0.002547945205479507,2.7397260273998025e-05,0.005358904109589146,inconclusive,-0.0003608715215933422,-0.0018717054745519054,0.000863838063951805,inconclusive,BG00185,release,average_utilization
both_flexible_vs_horizon_only,10,0.002547945205479507,-6.027397260266465e-05,0.005238493150685283,inconclusive,-0.0003608715215933422,-0.0018612644265994904,0.0008176089796811284,inconclusive,BG00185,release,average_utilization
both_flexible_vs_reservation_only,10,0.0011890410958902086,-0.000937260273972511,0.003315068493149823,inconclusive,-0.0024512954799639553,-0.003985107181222644,-0.0008685076642999291,inconclusive,BG00185,release,average_utilization
reservation_only_vs_horizon_only,10,0.0013589041095892983,-0.0019671232876705418,0.004947945205479466,inconclusive,0.002090423958370613,0.00048309604029563556,0.003752993954450609,inconclusive,BG00185,release,average_utilization
horizon_only_vs_baseline,10,0.0,0.0,0.0,inconclusive,0.0,0.0,0.0,inconclusive,BG00186,release,average_utilization
reservation_only_vs_baseline,10,0.004999999999999882,0.0029931506849313555,0.007171404109589093,inconclusive,0.0006988900614929627,-0.0016357405487166133,0.0029140601594794613,inconclusive,BG00186,release,average_utilization
both_flexible_vs_baseline,10,0.004999999999999882,0.00299982876712295,0.007136986301369942,inconclusive,0.0006988900614929627,-0.0016509676633096864,0.0029260817568892766,inconclusive,BG00186,release,average_utilization
both_flexible_vs_horizon_only,10,0.004999999999999882,0.0029520547945201974,0.007212328767123189,inconclusive,0.0006988900614929627,-0.0016221002455790961,0.0030167544073407032,inconclusive,BG00186,release,average_utilization
both_flexible_vs_reservation_only,10,0.0,0.0,0.0,inconclusive,0.0,0.0,0.0,inconclusive,BG00186,release,average_utilization
reservation_only_vs_horizon_only,10,0.004999999999999882,0.0028902397260270572,0.007130479452054807,inconclusive,0.0006988900614929627,-0.0016270981003489713,0.002974823838737067,inconclusive,BG00186,release,average_utilization
horizon_only_vs_baseline,10,0.0005479452054794165,-0.0008584474885844351,0.002201369863013529,inconclusive,-0.0008803270836032717,-0.002571153950396679,0.0007396748656226526,inconclusive,BG00187,release,average_utilization
reservation_only_vs_baseline,10,0.0040365296803654745,0.0005662100456623681,0.007324429223744412,inconclusive,0.002199038567474354,-0.0033831705924008905,0.007380646869210621,inconclusive,BG00187,release,average_utilization
both_flexible_vs_baseline,10,0.0040365296803654745,0.00046575342465794814,0.0074159817351599384,inconclusive,0.002199038567474354,-0.003226471856292543,0.007522893769382673,inconclusive,BG00187,release,average_utilization
both_flexible_vs_horizon_only,10,0.0034885844748860583,0.0006666666666669357,0.006100684931507031,inconclusive,0.0030793656510776255,-0.002029763330378422,0.007789343898459753,inconclusive,BG00187,release,average_utilization
both_flexible_vs_reservation_only,10,0.0,0.0,0.0,inconclusive,0.0,0.0,0.0,inconclusive,BG00187,release,average_utilization
reservation_only_vs_horizon_only,10,0.0034885844748860583,0.0005936073059363164,0.006164383561643913,inconclusive,0.0030793656510776255,-0.001791696610550621,0.007836742966197983,inconclusive,BG00187,release,average_utilization
horizon_only_vs_baseline,10,0.0008219178082190526,-0.002150684931506735,0.003520890410958879,inconclusive,-0.0022419670639254874,-0.006734111941466193,0.0025045932708202593,inconclusive,BG00188,release,average_utilization
reservation_only_vs_baseline,10,0.018958904109588327,0.016259931506848693,0.02156198630136928,supported,-0.0029447641329782837,-0.00874625203656543,0.0024231101676197623,inconclusive,BG00188,release,average_utilization
both_flexible_vs_baseline,10,0.019246575342464843,0.015945205479451326,0.022301712328766213,supported,-0.0037415430692073646,-0.008542152606179658,0.0007621662968361937,inconclusive,BG00188,release,average_utilization
both_flexible_vs_horizon_only,10,0.01842465753424579,0.016397260273971963,0.02065787671232791,supported,-0.0014995760052818774,-0.006299658275321518,0.0028565629802948522,inconclusive,BG00188,release,average_utilization
both_flexible_vs_reservation_only,10,0.0002876712328765185,-0.0009589041095894651,0.0015753424657532172,inconclusive,-0.0007967789362290812,-0.0030698233083744524,0.0017871964687016068,inconclusive,BG00188,release,average_utilization
reservation_only_vs_horizon_only,10,0.018136986301369274,0.016493150684930825,0.02005513698630105,supported,-0.0007027970690527963,-0.005113014646097778,0.0034015171753759357,inconclusive,BG00188,release,average_utilization
horizon_only_vs_baseline,10,0.0,0.0,0.0,inconclusive,0.0,0.0,0.0,inconclusive,BG00189,release,average_utilization
reservation_only_vs_baseline,10,0.0007068493150682254,-0.0010247945205487372,0.00245506849315113,inconclusive,0.06814884384745395,0.06426330512440061,0.07207176906723858,supported,BG00189,release,average_utilization
both_flexible_vs_baseline,10,0.0010520547945206738,-0.0009315068493147116,0.0027561643835618582,inconclusive,0.07145900928382354,0.06901161504595456,0.07413033778934591,supported,BG00189,release,average_utilization
both_flexible_vs_horizon_only,10,0.0010520547945206738,-0.0009424657534241349,0.002767260273972381,inconclusive,0.07145900928382354,0.06905127660253242,0.0741194706740606,supported,BG00189,release,average_utilization
both_flexible_vs_reservation_only,10,0.0003452054794524484,-0.001391917808219037,0.002093150684931894,inconclusive,0.003310165436369583,0.001370341985089754,0.005331651475616292,inconclusive,BG00189,release,average_utilization
reservation_only_vs_horizon_only,10,0.0007068493150682254,-0.0009480821917813759,0.002504109589040829,inconclusive,0.06814884384745395,0.06420038944504655,0.07194033831465325,supported,BG00189,release,average_utilization
horizon_only_vs_baseline,10,0.008361643835616583,0.006093013698630212,0.01069054794520574,supported,0.008119158893248341,0.006515640536786043,0.009571010481106751,supported,BG00190,release,average_utilization
reservation_only_vs_baseline,10,0.0007726027397261581,-0.001052054794520456,0.0025754794520549784,inconclusive,-0.000126520486901216,-0.0013261688519125199,0.0010422477389745593,inconclusive,BG00190,release,average_utilization
both_flexible_vs_baseline,10,0.008361643835616583,0.006213424657534261,0.010641369863014003,supported,0.008119158893248341,0.006518541717239252,0.009589890636309033,supported,BG00190,release,average_utilization
both_flexible_vs_horizon_only,10,0.0,0.0,0.0,inconclusive,0.0,0.0,0.0,inconclusive,BG00190,release,average_utilization
both_flexible_vs_reservation_only,10,0.007589041095890425,0.004378082191780902,0.011079863013698702,supported,0.008245679380149556,0.006654846776028546,0.009946752418501428,supported,BG00190,release,average_utilization
reservation_only_vs_horizon_only,10,-0.007589041095890425,-0.011063013698630199,-0.004339452054794721,contradicted,-0.008245679380149556,-0.010068138610669953,-0.006688640237426727,contradicted,BG00190,release,average_utilization
horizon_only_vs_baseline,10,0.0006506849315067398,-0.0007535958904114055,0.002075342465753233,inconclusive,-0.0002932897620741892,-0.005405988397582273,0.00532764566507407,inconclusive,BG00191,release,average_utilization
reservation_only_vs_baseline,10,0.0011575342465751648,-8.938356164386779e-05,0.002335616438355661,inconclusive,0.09258498833182796,0.08989427978801068,0.0957516146803708,supported,BG00191,release,average_utilization
both_flexible_vs_baseline,10,0.0011575342465751648,-6.866438356172393e-05,0.0023904109589037233,inconclusive,0.09258498833182796,0.08982783213493442,0.09580337566254317,supported,BG00191,release,average_utilization
both_flexible_vs_horizon_only,10,0.000506849315068425,-0.0006303082191786879,0.0016780821917805533,inconclusive,0.09287827809390214,0.0887619453021211,0.09670605226752016,supported,BG00191,release,average_utilization
both_flexible_vs_reservation_only,10,0.0,0.0,0.0,inconclusive,0.0,0.0,0.0,inconclusive,BG00191,release,average_utilization
reservation_only_vs_horizon_only,10,0.000506849315068425,-0.0006234589041097598,0.0017191780821914416,inconclusive,0.09287827809390214,0.08878147818030253,0.09658205886644779,supported,BG00191,release,average_utilization
horizon_only_vs_baseline,10,0.0,0.0,0.0,inconclusive,-5.346619721535717e-06,-1.603985916460715e-05,0.0,inconclusive,BG00192,release,average_utilization
reservation_only_vs_baseline,10,9.132420091328975e-06,0.0,2.7397260273986922e-05,inconclusive,1.0162601626007017e-05,0.0,3.0487804878021052e-05,inconclusive,BG00192,release,average_utilization
both_flexible_vs_baseline,10,0.000273972602739736,0.0,0.000812785388127879,inconclusive,4.939760318082298e-05,-1.1050586101701842e-05,0.00015425412258126547,inconclusive,BG00192,release,average_utilization
both_flexible_vs_horizon_only,10,0.000273972602739736,0.0,0.0008036529680365501,inconclusive,5.47442229023587e-05,0.0,0.00015425412258126547,inconclusive,BG00192,release,average_utilization
both_flexible_vs_reservation_only,10,0.00026484018264840705,0.0,0.000794520547945221,inconclusive,3.923500155481596e-05,-2.121318772770886e-05,0.00014409152095525845,inconclusive,BG00192,release,average_utilization
reservation_only_vs_horizon_only,10,9.132420091328975e-06,0.0,2.7397260273986922e-05,inconclusive,1.5509221347542736e-05,0.0,4.065040650402807e-05,inconclusive,BG00192,release,average_utilization
horizon_only_vs_baseline,10,0.0007452054794517493,-0.0005864383561642785,0.0017316438356160871,inconclusive,-0.005751287339407707,-0.007329680241444034,-0.004047835494455178,contradicted,BG00193,release,average_utilization
reservation_only_vs_baseline,10,0.0037095890410961062,0.002032739726027858,0.004843972602740082,inconclusive,-0.08871505095994195,-0.09185067766323114,-0.08574568627921875,contradicted,BG00193,release,average_utilization
both_flexible_vs_baseline,10,0.003846575342465819,0.002750684931507058,0.004750684931507069,inconclusive,-0.0866332009133031,-0.09053497642462136,-0.08265242044401343,contradicted,BG00193,release,average_utilization
both_flexible_vs_horizon_only,10,0.0031013698630140696,0.0014628767123289015,0.0049864383561651375,inconclusive,-0.08088191357389538,-0.08559436859620116,-0.0760650464597956,contradicted,BG00193,release,average_utilization
both_flexible_vs_reservation_only,10,0.00013698630136971257,-0.001211095890411454,0.0020712328767121643,inconclusive,0.0020818500466388556,-0.0024358025033788533,0.006258040669144768,inconclusive,BG00193,release,average_utilization
reservation_only_vs_horizon_only,10,0.002964383561644357,0.002109589041096603,0.0036768493150691212,inconclusive,-0.08296376362053423,-0.08625203912488004,-0.08001537132025735,contradicted,BG00193,release,average_utilization
horizon_only_vs_baseline,10,0.0,0.0,0.0,inconclusive,0.0,0.0,0.0,inconclusive,BG00194,release,average_utilization
reservation_only_vs_baseline,10,0.0009497716894977026,-0.0002009132420091042,0.002547945205479474,inconclusive,-6.112711286870853e-05,-0.00031258334764700245,0.0001412616624077656,inconclusive,BG00194,release,average_utilization
both_flexible_vs_baseline,10,0.0009497716894977026,-0.0002009132420091042,0.0025296803652968157,inconclusive,-6.112711286870853e-05,-0.00032153633232307437,0.00014190784212896797,inconclusive,BG00194,release,average_utilization
both_flexible_vs_horizon_only,10,0.0009497716894977026,-0.0001369863013699235,0.0025296803652968157,inconclusive,-6.112711286870853e-05,-0.00032505854098606733,0.0001412616624077656,inconclusive,BG00194,release,average_utilization
both_flexible_vs_reservation_only,10,0.0,0.0,0.0,inconclusive,0.0,0.0,0.0,inconclusive,BG00194,release,average_utilization
reservation_only_vs_horizon_only,10,0.0009497716894977026,-0.0002009132420091042,0.0025296803652968157,inconclusive,-6.112711286870853e-05,-0.0003126659368057927,0.00014205471200411378,inconclusive,BG00194,release,average_utilization
horizon_only_vs_baseline,10,0.0010958904109587219,-0.00031050228310495196,0.0024109589041094743,inconclusive,0.03445497696240154,0.028312777496283244,0.040778051495679896,supported,BG00195,release,average_utilization
reservation_only_vs_baseline,10,0.0014063926940638405,-0.0002831050228310872,0.0030321917808216244,inconclusive,0.024099299414760335,0.017798492451191396,0.030205692426574393,supported,BG00195,release,average_utilization
both_flexible_vs_baseline,10,0.0014063926940638405,-0.00023744292237408787,0.003068493150684653,inconclusive,0.024099299414760335,0.0177269023190596,0.030425702633224087,supported,BG00195,release,average_utilization
both_flexible_vs_horizon_only,10,0.0003105022831051185,-0.000940639269406196,0.0015525114155249388,inconclusive,-0.010355677547641207,-0.017008070301771663,-0.003933056832885853,contradicted,BG00195,release,average_utilization
both_flexible_vs_reservation_only,10,0.0,0.0,0.0,inconclusive,0.0,0.0,0.0,inconclusive,BG00195,release,average_utilization
reservation_only_vs_horizon_only,10,0.0003105022831051185,-0.0009680365296801613,0.00151598173515969,inconclusive,-0.010355677547641207,-0.01712121599555706,-0.004194769956062881,contradicted,BG00195,release,average_utilization
horizon_only_vs_baseline,10,0.0,0.0,0.0,inconclusive,0.0,0.0,0.0,inconclusive,BG00196,release,average_utilization
reservation_only_vs_baseline,10,0.007547945205479545,0.003246575342465784,0.012726027397260293,supported,0.0021485144020127024,-0.000710094709402357,0.004877350670203664,inconclusive,BG00196,release,average_utilization
both_flexible_vs_baseline,10,0.007547945205479545,0.0032051369863012173,0.01265821917808237,supported,0.0021485144020127024,-0.000728585839524126,0.00493825843823518,inconclusive,BG00196,release,average_utilization
both_flexible_vs_horizon_only,10,0.007547945205479545,0.003205479452054701,0.012397260273972865,supported,0.0021485144020127024,-0.0007698170406661209,0.004781932755448939,inconclusive,BG00196,release,average_utilization
both_flexible_vs_reservation_only,10,0.0,0.0,0.0,inconclusive,0.0,0.0,0.0,inconclusive,BG00196,release,average_utilization
reservation_only_vs_horizon_only,10,0.007547945205479545,0.0031780821917807922,0.012684931506849717,supported,0.0021485144020127024,-0.0006732925177567356,0.004815703448691611,inconclusive,BG00196,release,average_utilization
horizon_only_vs_baseline,10,0.0017945205479450222,-0.00017808219178092944,0.0037261986301370354,inconclusive,0.0016646659841449752,-0.0004288856242345276,0.003996633251658981,inconclusive,BG00197,release,average_utilization
reservation_only_vs_baseline,10,0.0004178082191777843,-0.0010414383561648797,0.0020958904109586733,inconclusive,0.0832196900546794,0.08005630955265645,0.08636560582808059,supported,BG00197,release,average_utilization
both_flexible_vs_baseline,10,0.002075342465753327,0.0010888698630134484,0.003068493150684917,inconclusive,0.08662227200675024,0.08384478647792369,0.08923817556273728,supported,BG00197,release,average_utilization
both_flexible_vs_horizon_only,10,0.0002808219178083049,-0.0016301369863013138,0.0023493150684934187,inconclusive,0.08495760602260526,0.08295695548904598,0.08707436106317719,supported,BG00197,release,average_utilization
both_flexible_vs_reservation_only,10,0.0016575342465755428,-0.00017123287671236831,0.003500000000000427,inconclusive,0.0034025819520708267,0.0005830472990313132,0.006174283351871751,inconclusive,BG00197,release,average_utilization
reservation_only_vs_horizon_only,10,-0.0013767123287672378,-0.002636986301370159,-0.00011643835616448217,inconclusive,0.08155502407053443,0.07866687905742667,0.08447923094035469,supported,BG00197,release,average_utilization
horizon_only_vs_baseline,10,0.017931506849314872,0.016609417808218927,0.019315239726027156,supported,0.00030982222480849253,-0.0007822746190640969,0.001378164201238427,inconclusive,BG00198,release,average_utilization
reservation_only_vs_baseline,10,0.018993150684931192,0.017541095890410738,0.020308219178081854,supported,-0.010704688257804929,-0.011639903532813484,-0.009904973235205016,contradicted,BG00198,release,average_utilization
both_flexible_vs_baseline,10,0.019130136986301127,0.017479452054794443,0.02096575342465701,supported,0.0010053844696476522,7.720219715372168e-05,0.0020813505474957888,inconclusive,BG00198,release,average_utilization
both_flexible_vs_horizon_only,10,0.0011986301369862561,0.0002739726027396655,0.0021438356164384057,inconclusive,0.0006955622448391596,-0.00046423609192284984,0.001887034654657966,inconclusive,BG00198,release,average_utilization
both_flexible_vs_reservation_only,10,0.00013698630136993462,-0.0013630136986301806,0.0016714041095894033,inconclusive,0.011710072727452581,0.010571707062545347,0.012889438583437125,supported,BG00198,release,average_utilization
reservation_only_vs_horizon_only,10,0.0010616438356163215,-4.7945205479680846e-05,0.002267123287670989,inconclusive,-0.011014510482613421,-0.01187695712890364,-0.010095791326393344,contradicted,BG00198,release,average_utilization
horizon_only_vs_baseline,10,0.0,0.0,0.0,inconclusive,0.0,0.0,0.0,inconclusive,BG00199,release,average_utilization
reservation_only_vs_baseline,10,0.036593607305935236,0.0338168949771681,0.03917808219177995,supported,0.004973018796959883,0.0006669839310046258,0.009372483073976355,inconclusive,BG00199,release,average_utilization
both_flexible_vs_baseline,10,0.036904109589040425,0.03459337899543346,0.03920570776255639,supported,0.006053811863567515,0.003048619916625494,0.009101077191477295,supported,BG00199,release,average_utilization
both_flexible_vs_horizon_only,10,0.036904109589040425,0.034611872146118376,0.03922397260273899,supported,0.006053811863567515,0.002999831655415981,0.009009047677446334,supported,BG00199,release,average_utilization
both_flexible_vs_reservation_only,10,0.0003105022831051851,-0.0016438356164380854,0.0020456621004565577,inconclusive,0.0010807930666076326,-0.002550702661586151,0.004773667397651315,inconclusive,BG00199,release,average_utilization
reservation_only_vs_horizon_only,10,0.036593607305935236,0.033771232876711174,0.0392148401826475,supported,0.004973018796959883,0.0006050782487427345,0.009528969437422171,inconclusive,BG00199,release,average_utilization
horizon_only_vs_baseline,10,0.001689497716894861,-0.00027397260273950787,0.0036894977168948867,inconclusive,0.005834190327062649,0.0016388658356821131,0.009540686509564019,supported,BG00200,release,average_utilization
reservation_only_vs_baseline,10,0.0,0.0,0.0,inconclusive,0.0,0.0,0.0,inconclusive,BG00200,release,average_utilization
both_flexible_vs_baseline,10,0.001735159817351528,-0.00018264840182638547,0.0038630136986294453,inconclusive,0.006406892302362133,0.001856643393280458,0.011382369212294274,supported,BG00200,release,average_utilization
both_flexible_vs_horizon_only,10,4.566210045666708e-05,-2.7397260273887002e-05,0.00016438356164388823,inconclusive,0.0005727019752994833,-5.445067358490485e-05,0.0017744189001904997,inconclusive,BG00200,release,average_utilization
both_flexible_vs_reservation_only,10,0.001735159817351528,-0.0002648401826483085,0.003789954337899221,inconclusive,0.006406892302362133,0.0017306513112625049,0.011348587416394506,supported,BG00200,release,average_utilization
reservation_only_vs_horizon_only,10,-0.001689497716894861,-0.0037901826484016427,0.00021004566210036822,inconclusive,-0.005834190327062649,-0.009669287628341284,-0.001689831878152551,contradicted,BG00200,release,average_utilization
horizon_only_vs_baseline,10,0.0,0.0,0.0,inconclusive,0.0,0.0,0.0,inconclusive,BG00201,release,average_utilization
reservation_only_vs_baseline,10,0.0017671232876713572,-0.00035650684931487584,0.003959246575342549,inconclusive,0.019856110073602728,0.01664656516178095,0.022974718395973998,supported,BG00201,release,average_utilization
both_flexible_vs_baseline,10,0.0017671232876713572,-0.0004109589041093941,0.003931849315068539,inconclusive,0.019856110073602728,0.01661022068432982,0.023087815190054973,supported,BG00201,release,average_utilization
both_flexible_vs_horizon_only,10,0.0017671232876713572,-0.0003013698630135342,0.003931849315068593,inconclusive,0.019856110073602728,0.016724650066094675,0.023099788578463946,supported,BG00201,release,average_utilization
both_flexible_vs_reservation_only,10,0.0,0.0,0.0,inconclusive,0.0,0.0,0.0,inconclusive,BG00201,release,average_utilization
reservation_only_vs_horizon_only,10,0.0017671232876713572,-0.0003154109589040575,0.003917808219178223,inconclusive,0.019856110073602728,0.016730204961067814,0.02307813800830109,supported,BG00201,release,average_utilization
horizon_only_vs_baseline,10,0.006169863013698607,0.0044712328767122795,0.007896027397260462,supported,0.052295528486685075,0.04953241192884347,0.05491390350014526,supported,BG00202,release,average_utilization
reservation_only_vs_baseline,10,0.01494246575342445,0.0136164383561643,0.01661931506849296,supported,0.35371595215368085,0.3506378839154785,0.35641632229100206,supported,BG00202,release,average_utilization
both_flexible_vs_baseline,10,0.015309589041095717,0.014630136986301213,0.016043972602739372,supported,0.35955230219500234,0.3558207495138069,0.3629097771132762,supported,BG00202,release,average_utilization
both_flexible_vs_horizon_only,10,0.00913972602739711,0.0075506849315066,0.010679726027397111,supported,0.3072567737083173,0.30366226841099386,0.3111987526660989,supported,BG00202,release,average_utilization
both_flexible_vs_reservation_only,10,0.00036712328767126714,-0.0014356164383559488,0.0017863013698627317,inconclusive,0.005836350041321481,0.0037097316144854803,0.008217018510905323,supported,BG00202,release,average_utilization
reservation_only_vs_horizon_only,10,0.008772602739725844,0.006843561643835149,0.01082739726027339,supported,0.3014204236669958,0.29872601474112,0.30500860145387,supported,BG00202,release,average_utilization
horizon_only_vs_baseline,10,0.0,0.0,0.0,inconclusive,0.0,0.0,0.0,inconclusive,BG00203,release,average_utilization
reservation_only_vs_baseline,10,0.0007762557077625853,0.0,0.002328767123287756,inconclusive,-6.189260503915994e-05,-0.00018567781511747984,0.0,inconclusive,BG00203,release,average_utilization
both_flexible_vs_baseline,10,0.003223744292237418,-0.001196575342465803,0.007580136986301163,inconclusive,-0.002080645496911704,-0.002889704516638389,-0.0012562553158994006,inconclusive,BG00203,release,average_utilization
both_flexible_vs_horizon_only,10,0.003223744292237418,-0.0012057077625571779,0.00736118721461185,inconclusive,-0.002080645496911704,-0.0028648405352752473,-0.0012165718629137696,inconclusive,BG00203,release,average_utilization
both_flexible_vs_reservation_only,10,0.002447488584474833,-0.0024753424657535618,0.007260730593607316,inconclusive,-0.002018752891872544,-0.0028837935271225808,-0.0010372040419749568,inconclusive,BG00203,release,average_utilization
reservation_only_vs_horizon_only,10,0.0007762557077625853,0.0,0.002328767123287756,inconclusive,-6.189260503915994e-05,-0.00018567781511747984,0.0,inconclusive,BG00203,release,average_utilization
horizon_only_vs_baseline,10,0.000438356164383924,-0.004507191780821376,0.005233219178082495,inconclusive,0.00012627971503785805,-0.00620205803589057,0.006199135140867899,inconclusive,BG00204,release,average_utilization
reservation_only_vs_baseline,10,0.0020410958904109933,-0.0006712328767120698,0.004643835616438243,inconclusive,0.005124689375513913,-0.0059933573585878985,0.01652898241671852,inconclusive,BG00204,release,average_utilization
both_flexible_vs_baseline,10,0.00287671232876745,-0.0008496575342463138,0.005917808219178206,inconclusive,0.005175603056737366,-0.0033941794867851437,0.013612545791398294,inconclusive,BG00204,release,average_utilization
both_flexible_vs_horizon_only,10,0.002438356164383526,-0.00039726027397263416,0.00553424657534245,inconclusive,0.005049323341699508,-0.0037235553185807784,0.014757678052045338,inconclusive,BG00204,release,average_utilization
both_flexible_vs_reservation_only,10,0.0008356164383564568,-0.0016986301369859244,0.003260273972603092,inconclusive,5.09136812234523e-05,-0.011324922983830794,0.010096512000316485,inconclusive,BG00204,release,average_utilization
reservation_only_vs_horizon_only,10,0.0016027397260270694,-0.0030962328767124682,0.006356164383561107,inconclusive,0.0049984096604760555,-0.006270466341472897,0.015795611922290495,inconclusive,BG00204,release,average_utilization
horizon_only_vs_baseline,10,0.0,0.0,0.0,inconclusive,0.0,0.0,0.0,inconclusive,BG00205,release,average_utilization
reservation_only_vs_baseline,10,0.0004931506849315981,-0.0010595890410958699,0.0022648401826486364,inconclusive,-0.020016287166748258,-0.02356997223798584,-0.01619762203652852,contradicted,BG00205,release,average_utilization
both_flexible_vs_baseline,10,0.0005296803652969472,-0.0012694063926940525,0.002356164383561567,inconclusive,-0.01935663799317585,-0.024393990814523595,-0.015046443062598534,contradicted,BG00205,release,average_utilization
both_flexible_vs_horizon_only,10,0.0005296803652969472,-0.0012146118721459227,0.0022833333333336136,inconclusive,-0.01935663799317585,-0.024196513383266862,-0.015047306625723306,contradicted,BG00205,release,average_utilization
both_flexible_vs_reservation_only,10,3.6529680365349206e-05,-0.0010047945205476235,0.0009954337899541375,inconclusive,0.0006596491735724075,-0.004098841027431876,0.005326432386004936,inconclusive,BG00205,release,average_utilization
reservation_only_vs_horizon_only,10,0.0004931506849315981,-0.0010778538812784013,0.002365525114155666,inconclusive,-0.020016287166748258,-0.023486863443704514,-0.016338657453319253,contradicted,BG00205,release,average_utilization
horizon_only_vs_baseline,10,0.0,0.0,0.0,inconclusive,0.0,0.0,0.0,inconclusive,BG00206,release,average_utilization
reservation_only_vs_baseline,10,2.054794520544023e-05,-2.054794520554015e-05,6.164383561643171e-05,inconclusive,-1.0638490230974185e-06,-4.787320407925455e-05,5.540095769955459e-05,inconclusive,BG00206,release,average_utilization
both_flexible_vs_baseline,10,2.054794520544023e-05,-2.0547945205551254e-05,6.164383561645393e-05,inconclusive,-1.0638490230974185e-06,-4.804700348331872e-05,5.5729757125557874e-05,inconclusive,BG00206,release,average_utilization
both_flexible_vs_horizon_only,10,2.054794520544023e-05,-2.0547945205551254e-05,6.164383561645393e-05,inconclusive,-1.0638490230974185e-06,-4.691044241623879e-05,5.5747330836476155e-05,inconclusive,BG00206,release,average_utilization
both_flexible_vs_reservation_only,10,0.0,0.0,0.0,inconclusive,0.0,0.0,0.0,inconclusive,BG00206,release,average_utilization
reservation_only_vs_horizon_only,10,2.054794520544023e-05,-2.0547945205551254e-05,6.849315068486766e-05,inconclusive,-1.0638490230974185e-06,-4.7165795774282705e-05,5.462130762811339e-05,inconclusive,BG00206,release,average_utilization
horizon_only_vs_baseline,10,0.041435616438355805,0.0390575342465753,0.04352328767123238,supported,0.013392373556906766,0.011877240684405137,0.014820875904293405,supported,BG00207,release,average_utilization
reservation_only_vs_baseline,10,0.007271232876712363,0.0068163013698629895,0.007693150684931506,supported,0.0012552446227698133,0.0010648680095786441,0.0014417595399494,inconclusive,BG00207,release,average_utilization
both_flexible_vs_baseline,10,0.0414520547945202,0.039128767123287826,0.043550684931506344,supported,0.011329738510973825,0.009773557196272235,0.012787615392455803,supported,BG00207,release,average_utilization
both_flexible_vs_horizon_only,10,1.6438356164394375e-05,0.0,4.931506849318312e-05,inconclusive,-0.0020626350459329425,-0.002208071440460033,-0.001849301386143071,inconclusive,BG00207,release,average_utilization
both_flexible_vs_reservation_only,10,0.03418082191780784,0.03208205479452064,0.036148082191780645,supported,0.01007449388820401,0.008654371531341343,0.011445442664926739,supported,BG00207,release,average_utilization
reservation_only_vs_horizon_only,10,-0.03416438356164344,-0.036219178082191376,-0.032043698630136695,contradicted,-0.012137128934136954,-0.013554545027893291,-0.010716588922805375,contradicted,BG00207,release,average_utilization
horizon_only_vs_baseline,10,0.035465753424657354,0.03156164383561609,0.03931506849315045,supported,0.01108372982316339,0.004604360346162337,0.019957850516957993,supported,BG00208,release,average_utilization
reservation_only_vs_baseline,10,0.03994520547945203,0.03557499999999993,0.04464417808219194,supported,0.18142011204761888,0.17481984760837874,0.18782546204026707,supported,BG00208,release,average_utilization
both_flexible_vs_baseline,10,0.044205479452054955,0.04024623287671244,0.04843904109589085,supported,0.1727565816774259,0.1656452206412276,0.17970716631330724,supported,BG00208,release,average_utilization
both_flexible_vs_horizon_only,10,0.008739726027397598,0.005780821917808605,0.011630136986301633,supported,0.1616728518542625,0.15337752257876838,0.16901028637896087,supported,BG00208,release,average_utilization
both_flexible_vs_reservation_only,10,0.004260273972602924,0.0017397260273973878,0.00691815068493215,inconclusive,-0.008663530370192985,-0.012981725313001171,-0.004048153438619905,contradicted,BG00208,release,average_utilization
reservation_only_vs_horizon_only,10,0.004479452054794675,0.001835616438356035,0.007301369863013891,inconclusive,0.17033638222445552,0.1612405693571483,0.17898846904427468,supported,BG00208,release,average_utilization
horizon_only_vs_baseline,10,0.0015159817351597105,-0.0004840182648402247,0.0033972602739722095,inconclusive,0.00400368851978542,-0.002200640086494529,0.00997365782298532,inconclusive,BG00209,release,average_utilization
reservation_only_vs_baseline,10,0.002328767123287534,-0.0010689497716896207,0.0055892694063926825,inconclusive,0.00340180400350818,-0.0021860752408720606,0.008668197163732589,inconclusive,BG00209,release,average_utilization
both_flexible_vs_baseline,10,0.002328767123287534,-0.0009043378995438477,0.005543378995433616,inconclusive,0.00340180400350818,-0.0025345679151702774,0.008945204331401972,inconclusive,BG00209,release,average_utilization
both_flexible_vs_horizon_only,10,0.0008127853881278235,-0.0017990867579909327,0.0037627853881278543,inconclusive,-0.0006018845162772402,-0.0036410325594847938,0.0025611763825590704,inconclusive,BG00209,release,average_utilization
both_flexible_vs_reservation_only,10,0.0,0.0,0.0,inconclusive,0.0,0.0,0.0,inconclusive,BG00209,release,average_utilization
reservation_only_vs_horizon_only,10,0.0008127853881278235,-0.0018356164383560324,0.003799315068493276,inconclusive,-0.0006018845162772402,-0.0036400119969653057,0.0026209432310549973,inconclusive,BG00209,release,average_utilization
horizon_only_vs_baseline,10,0.0,0.0,0.0,inconclusive,0.0,0.0,0.0,inconclusive,BG00210,release,average_utilization
reservation_only_vs_baseline,10,0.001246575342465772,-0.0016575342465751563,0.004246917808219219,inconclusive,0.0014193770035237252,-0.0034722506664623194,0.005783125294357729,inconclusive,BG00210,release,average_utilization
both_flexible_vs_baseline,10,0.0017671232876710686,-0.0022739726027396533,0.00534280821917793,inconclusive,0.0024610501106074436,-0.0022222506492922053,0.0076785240209002095,inconclusive,BG00210,release,average_utilization
both_flexible_vs_horizon_only,10,0.0017671232876710686,-0.002123287671232735,0.005301369863013431,inconclusive,0.0024610501106074436,-0.0021690814036190048,0.0079400004266202,inconclusive,BG00210,release,average_utilization
both_flexible_vs_reservation_only,10,0.0005205479452052963,-0.004082191780822099,0.005561986301369575,inconclusive,0.001041673107083718,-0.00435744069900386,0.006642019384276382,inconclusive,BG00210,release,average_utilization
reservation_only_vs_horizon_only,10,0.001246575342465772,-0.0016308219178081038,0.004287671232876581,inconclusive,0.0014193770035237252,-0.003511180352401993,0.005984386440629592,inconclusive,BG00210,release,average_utilization
horizon_only_vs_baseline,10,0.0,0.0,0.0,inconclusive,0.0,0.0,0.0,inconclusive,BG00211,release,average_utilization
reservation_only_vs_baseline,10,0.0005753424657533701,-0.0003617808219178936,0.0015453424657533316,inconclusive,-0.0003373848542117086,-0.0040822235888991875,0.0033402141145135625,inconclusive,BG00211,release,average_utilization
both_flexible_vs_baseline,10,0.0018246575342468318,0.0007943835616438395,0.00281109589041181,inconclusive,-0.005317816781881457,-0.008183409374843523,-0.0021206490580117613,contradicted,BG00211,release,average_utilization
both_flexible_vs_horizon_only,10,0.0018246575342468318,0.0007997260273975855,0.0028438356164386404,inconclusive,-0.005317816781881457,-0.00810335307528757,-0.0020850710341571814,contradicted,BG00211,release,average_utilization
both_flexible_vs_reservation_only,10,0.0012493150684934617,0.0005150684931507463,0.00216438356164417,inconclusive,-0.004980431927669749,-0.007970997271700253,-0.0022467601292323874,inconclusive,BG00211,release,average_utilization
reservation_only_vs_horizon_only,10,0.0005753424657533701,-0.00035616438356164156,0.0015452054794520057,inconclusive,-0.0003373848542117086,-0.004104564905803093,0.0034692969882653578,inconclusive,BG00211,release,average_utilization
horizon_only_vs_baseline,10,0.012191780821917964,0.009945034246575175,0.014061643835616833,supported,0.0730123045741899,0.07142507835712511,0.07479733859015614,supported,BG00212,release,average_utilization
reservation_only_vs_baseline,10,0.0412397260273978,0.039451712328767596,0.0428219178082199,supported,0.23883765520388586,0.2360539808238168,0.24161924736428242,supported,BG00212,release,average_utilization
both_flexible_vs_baseline,10,0.0412397260273978,0.03941061643835676,0.04276044520548013,supported,0.23883765520388586,0.23597692793565675,0.2416602244827954,supported,BG00212,release,average_utilization
both_flexible_vs_horizon_only,10,0.02904794520547983,0.02760256849315067,0.030431506849315497,supported,0.16582535062969594,0.1632617410135807,0.1684483097476992,supported,BG00212,release,average_utilization
both_flexible_vs_reservation_only,10,0.0,0.0,0.0,inconclusive,0.0,0.0,0.0,inconclusive,BG00212,release,average_utilization
reservation_only_vs_horizon_only,10,0.02904794520547983,0.027602568493150466,0.030390410958904445,supported,0.16582535062969594,0.1633570794136946,0.16829665356056275,supported,BG00212,release,average_utilization
horizon_only_vs_baseline,10,0.0,0.0,0.0,inconclusive,0.0,0.0,0.0,inconclusive,BG00213,release,average_utilization
reservation_only_vs_baseline,10,0.005159817351597973,0.0012417808219177212,0.008630365296803378,supported,-0.0007983619593187385,-0.0032083401723825176,0.0016856335460635726,inconclusive,BG00213,release,average_utilization
both_flexible_vs_baseline,10,0.007652968036529595,0.0030408675799086815,0.013507305936073058,supported,-0.0007424576512668369,-0.0030744459278655213,0.0015721048031485095,inconclusive,BG00213,release,average_utilization
both_flexible_vs_horizon_only,10,0.007652968036529595,0.003114155251141481,0.013360730593607097,supported,-0.0007424576512668369,-0.0031058884673301292,0.0016548177398710878,inconclusive,BG00213,release,average_utilization
both_flexible_vs_reservation_only,10,0.0024931506849316222,-0.002110045662100272,0.007086986301370012,inconclusive,5.590430805190172e-05,-0.0016146933245570602,0.0015340781974752407,inconclusive,BG00213,release,average_utilization
reservation_only_vs_horizon_only,10,0.005159817351597973,0.0012694063926939677,0.00889520547945181,supported,-0.0007983619593187385,-0.0032970825838262194,0.0016561245245261043,inconclusive,BG00213,release,average_utilization
horizon_only_vs_baseline,10,0.0,0.0,0.0,inconclusive,0.0,0.0,0.0,inconclusive,BG00214,release,average_utilization
reservation_only_vs_baseline,10,0.00040547945205480216,-0.0019123287671231324,0.002608493150684924,inconclusive,0.00025632388617464753,-0.0006789586723821758,0.0012273806886875511,inconclusive,BG00214,release,average_utilization
both_flexible_vs_baseline,10,0.005057534246575457,0.0003834246575342721,0.009468493150685023,supported,0.0011358137878586083,7.536554618346126e-05,0.002334657492540932,inconclusive,BG00214,release,average_utilization
both_flexible_vs_horizon_only,10,0.005057534246575457,0.00042191780821929645,0.009331506849315208,supported,0.0011358137878586083,0.00010232865718447866,0.0023214733448104876,inconclusive,BG00214,release,average_utilization
both_flexible_vs_reservation_only,10,0.004652054794520655,-0.0005046575342464236,0.009715890410959075,inconclusive,0.0008794899016839608,0.00016887852317108292,0.001626944523240861,inconclusive,BG00214,release,average_utilization
reservation_only_vs_horizon_only,10,0.00040547945205480216,-0.0019726027397258816,0.002635753424657635,inconclusive,0.00025632388617464753,-0.0006415363166095717,0.001217667860595439,inconclusive,BG00214,release,average_utilization
horizon_only_vs_baseline,10,0.0005890410958902415,-0.0009727739726028355,0.0017878424657535325,inconclusive,0.011277596467435003,0.0042570464335595385,0.017677369702101372,supported,BG00215,release,average_utilization
reservation_only_vs_baseline,10,0.002479452054794329,0.00041095890410939,0.004554965753424483,inconclusive,0.09952186763059878,0.09542869953694434,0.10408243739206774,supported,BG00215,release,average_utilization
both_flexible_vs_baseline,10,0.002479452054794329,0.0004929794520544268,0.004527397260273848,inconclusive,0.09952186763059878,0.09544402456485869,0.10401587168021365,supported,BG00215,release,average_utilization
both_flexible_vs_horizon_only,10,0.0018904109589040873,0.00041763698630127913,0.0036917808219179096,inconclusive,0.08824427116316377,0.08396724570223929,0.09252124037566384,supported,BG00215,release,average_utilization
both_flexible_vs_reservation_only,10,0.0,0.0,0.0,inconclusive,0.0,0.0,0.0,inconclusive,BG00215,release,average_utilization
reservation_only_vs_horizon_only,10,0.0018904109589040873,0.00043150684931453245,0.0036164383561643394,inconclusive,0.08824427116316377,0.08385301374651061,0.09250024992789167,supported,BG00215,release,average_utilization
horizon_only_vs_baseline,10,0.0,0.0,0.0,inconclusive,0.0,0.0,0.0,inconclusive,BG00216,release,average_utilization
reservation_only_vs_baseline,10,1.0958904109581447e-05,0.0,2.7397260273942513e-05,inconclusive,-6.756924710458745e-05,-0.000128376942398373,-4.595159757071337e-06,inconclusive,BG00216,release,average_utilization
both_flexible_vs_baseline,10,1.0958904109581447e-05,0.0,2.7397260273942513e-05,inconclusive,-6.756924710458745e-05,-0.00012704873225930099,-2.0574705432353784e-06,inconclusive,BG00216,release,average_utilization
both_flexible_vs_horizon_only,10,1.0958904109581447e-05,0.0,2.7397260273942513e-05,inconclusive,-6.756924710458745e-05,-0.00012581453326823144,-3.962154322859323e-06,inconclusive,BG00216,release,average_utilization
both_flexible_vs_reservation_only,10,0.0,0.0,0.0,inconclusive,0.0,0.0,0.0,inconclusive,BG00216,release,average_utilization
reservation_only_vs_horizon_only,10,1.0958904109581447e-05,0.0,2.7397260273942513e-05,inconclusive,-6.756924710458745e-05,-0.00012598195214112554,-3.7605869465163978e-06,inconclusive,BG00216,release,average_utilization
horizon_only_vs_baseline,10,0.00311780821917792,0.0013589041095888204,0.0048767123287670276,inconclusive,-0.01741158201925618,-0.0195861760787453,-0.01516793031246932,contradicted,BG00217,release,average_utilization
reservation_only_vs_baseline,10,0.0010027397260271242,-0.0009700000000000808,0.0030247945205476067,inconclusive,0.0007359908431595231,-0.0021036105455103206,0.0034316495262654363,inconclusive,BG00217,release,average_utilization
both_flexible_vs_baseline,10,0.003654794520547844,0.0015342465753420446,0.0054082191780814946,inconclusive,-0.017626756159027722,-0.0197823308778928,-0.015345128261001631,contradicted,BG00217,release,average_utilization
both_flexible_vs_horizon_only,10,0.0005369863013699238,-0.001139863013698897,0.002296027397260417,inconclusive,-0.00021517413977154565,-0.0019014047185533448,0.0016464640753622592,inconclusive,BG00217,release,average_utilization
both_flexible_vs_reservation_only,10,0.0026520547945207197,0.0003013698630138434,0.00492082191780828,inconclusive,-0.018362747002187246,-0.021056968996497092,-0.015373762551529797,contradicted,BG00217,release,average_utilization
reservation_only_vs_horizon_only,10,-0.0021150684931507957,-0.00463027397260284,0.0001808219178079967,inconclusive,0.018147572862415702,0.014329573342774496,0.021727359227831068,supported,BG00217,release,average_utilization
horizon_only_vs_baseline,10,0.0,0.0,0.0,inconclusive,0.0,0.0,0.0,inconclusive,BG00218,release,average_utilization
reservation_only_vs_baseline,10,0.0,0.0,0.0,inconclusive,0.0,0.0,0.0,inconclusive,BG00218,release,average_utilization
both_flexible_vs_baseline,10,0.0,0.0,0.0,inconclusive,0.0,0.0,0.0,inconclusive,BG00218,release,average_utilization
both_flexible_vs_horizon_only,10,0.0,0.0,0.0,inconclusive,0.0,0.0,0.0,inconclusive,BG00218,release,average_utilization
both_flexible_vs_reservation_only,10,0.0,0.0,0.0,inconclusive,0.0,0.0,0.0,inconclusive,BG00218,release,average_utilization
reservation_only_vs_horizon_only,10,0.0,0.0,0.0,inconclusive,0.0,0.0,0.0,inconclusive,BG00218,release,average_utilization
horizon_only_vs_baseline,10,0.19134246575342156,0.18915068493150375,0.19330136986301047,supported,0.04792768300403222,0.04589565291570989,0.05033992651114881,supported,BG00219,release,average_utilization
reservation_only_vs_baseline,10,0.00605479452054789,0.005328767123287703,0.0068356164383561405,supported,-0.0035123638054231797,-0.004204977534398023,-0.0027966121687270657,inconclusive,BG00219,release,average_utilization
both_flexible_vs_baseline,10,0.19150684931506545,0.18942465753424373,0.19321917808218866,supported,0.048079820125384476,0.04588554517852223,0.05069787688955737,supported,BG00219,release,average_utilization
both_flexible_vs_horizon_only,10,0.00016438356164389934,-0.00031506849315060537,0.0007534246575343184,inconclusive,0.0001521371213522582,-0.0003036405687050456,0.0006924479624732312,inconclusive,BG00219,release,average_utilization
both_flexible_vs_reservation_only,10,0.18545205479451757,0.18356164383561385,0.18706849315068194,supported,0.05159218393080765,0.04966137758807871,0.05397758816963366,supported,BG00219,release,average_utilization
reservation_only_vs_horizon_only,10,-0.18528767123287365,-0.1870684931506819,-0.18334246575342172,contradicted,-0.051440046809455395,-0.05366933698146947,-0.04942710758561579,contradicted,BG00219,release,average_utilization
horizon_only_vs_baseline,10,0.13945205479451933,0.1362831050228302,0.14271255707762454,supported,0.07122953626922882,0.06751433432058566,0.0744077942560694,supported,BG00220,release,average_utilization
reservation_only_vs_baseline,10,0.11751598173515929,0.11344269406392621,0.12246621004566191,supported,0.17341302344413068,0.17003236282634832,0.1767534857591984,supported,BG00220,release,average_utilization
both_flexible_vs_baseline,10,0.13945205479451933,0.13613698630136867,0.14284041095890312,supported,0.07122953626922882,0.0673564393249689,0.07441118478249695,supported,BG00220,release,average_utilization
both_flexible_vs_horizon_only,10,0.0,0.0,0.0,inconclusive,0.0,0.0,0.0,inconclusive,BG00220,release,average_utilization
both_flexible_vs_reservation_only,10,0.021936073059360052,0.019114155251140977,0.02451141552511339,supported,-0.10218348717490185,-0.10571366768707631,-0.09877305895605168,contradicted,BG00220,release,average_utilization
reservation_only_vs_horizon_only,10,-0.021936073059360052,-0.024538812785387575,-0.019259817351597448,contradicted,0.10218348717490185,0.09885658377438614,0.10565522155148147,supported,BG00220,release,average_utilization
horizon_only_vs_baseline,10,0.0,0.0,0.0,inconclusive,0.0,0.0,0.0,inconclusive,BG00221,release,average_utilization
reservation_only_vs_baseline,10,0.002458904109589,-0.00014383561643831476,0.00510308219178082,inconclusive,0.00015540078306762738,-0.000998163059296471,0.0015019693617348228,inconclusive,BG00221,release,average_utilization
both_flexible_vs_baseline,10,0.002458904109589,-0.0002671232876711782,0.005075513698630063,inconclusive,0.00015540078306762738,-0.0010395177957664668,0.0014772727599425143,inconclusive,BG00221,release,average_utilization
both_flexible_vs_horizon_only,10,0.002458904109589,-0.00020565068493150202,0.0052123287671232,inconclusive,0.00015540078306762738,-0.0010206624690760528,0.0014019458585335352,inconclusive,BG00221,release,average_utilization
both_flexible_vs_reservation_only,10,0.0,0.0,0.0,inconclusive,0.0,0.0,0.0,inconclusive,BG00221,release,average_utilization
reservation_only_vs_horizon_only,10,0.002458904109589,-0.00014383561643830452,0.0050753424657533405,inconclusive,0.00015540078306762738,-0.000997200625594704,0.0014728619384408626,inconclusive,BG00221,release,average_utilization
horizon_only_vs_baseline,10,0.002479452054794795,0.00022602739726059555,0.004801541095890515,inconclusive,0.002542437892353577,-0.002327676518243616,0.0077357045838894545,inconclusive,BG00222,release,average_utilization
reservation_only_vs_baseline,10,0.004486301369862911,0.0020749999999996574,0.006931506849314809,inconclusive,0.05158531512372664,0.047247198521466104,0.055759006210536796,supported,BG00222,release,average_utilization
both_flexible_vs_baseline,10,0.0050479452054794875,0.0017876712328768478,0.007787671232876738,supported,0.04739059841146487,0.040459593451876476,0.05366971147962563,supported,BG00222,release,average_utilization
both_flexible_vs_horizon_only,10,0.002568493150684692,0.00013698630136981581,0.004582191780821521,inconclusive,0.044848160519111294,0.04001523886833429,0.04961040250153063,supported,BG00222,release,average_utilization
both_flexible_vs_reservation_only,10,0.0005616438356165765,-0.001664383561643727,0.0029179794520549796,inconclusive,-0.00419471671226177,-0.008543054334648262,0.00034699039629819845,inconclusive,BG00222,release,average_utilization
reservation_only_vs_horizon_only,10,0.0020068493150681155,-0.0007465753424660335,0.004507191780821433,inconclusive,0.04904287723137306,0.04410479023562958,0.053612118829936765,supported,BG00222,release,average_utilization
horizon_only_vs_baseline,10,0.0,0.0,0.0,inconclusive,0.0,0.0,0.0,inconclusive,BG00223,release,average_utilization
reservation_only_vs_baseline,10,2.739726027380929e-05,-0.002767123287671429,0.003342808219177431,inconclusive,0.0011868081724621226,-0.002866171346235378,0.004786516614898754,inconclusive,BG00223,release,average_utilization
both_flexible_vs_baseline,10,2.739726027380929e-05,-0.0027674657534248128,0.003287671232876322,inconclusive,0.0011868081724621226,-0.0027986222202842134,0.00465494343596036,inconclusive,BG00223,release,average_utilization
both_flexible_vs_horizon_only,10,2.739726027380929e-05,-0.002780821917807831,0.003178424657533948,inconclusive,0.0011868081724621226,-0.002852299135501704,0.004693312674589654,inconclusive,BG00223,release,average_utilization
both_flexible_vs_reservation_only,10,0.0,0.0,0.0,inconclusive,0.0,0.0,0.0,inconclusive,BG00223,release,average_utilization
reservation_only_vs_horizon_only,10,2.739726027380929e-05,-0.002808219178082219,0.003151027397260562,inconclusive,0.0011868081724621226,-0.0026867297785763667,0.0046398306297497655,inconclusive,BG00223,release,average_utilization
horizon_only_vs_baseline,10,0.12454794520547811,0.12249292237442763,0.12634703196346872,supported,0.0599737747251768,0.0589014681160136,0.0610086258059837,supported,BG00224,release,average_utilization
reservation_only_vs_baseline,10,0.14453881278538586,0.14265707762556823,0.146246803652966,supported,0.14891669820903594,0.14687489447727667,0.1510041845283304,supported,BG00224,release,average_utilization
both_flexible_vs_baseline,10,0.14457534246575113,0.1423742009132397,0.14628310502282876,supported,0.14630826739461267,0.14450202719013316,0.1477067850083451,supported,BG00224,release,average_utilization
both_flexible_vs_horizon_only,10,0.020027397260273028,0.018949771689496797,0.021360958904108725,supported,0.08633449266943585,0.08482378904767003,0.08773002883523143,supported,BG00224,release,average_utilization
both_flexible_vs_reservation_only,10,3.652968036528259e-05,-0.0015890410958906342,0.0016623287671233707,inconclusive,-0.00260843081442329,-0.004229307962151171,-0.001001418767158147,inconclusive,BG00224,release,average_utilization
reservation_only_vs_horizon_only,10,0.019990867579907746,0.018301141552510322,0.021662328767122575,supported,0.08894292348385915,0.08711784637104364,0.09079511811819224,supported,BG00224,release,average_utilization
horizon_only_vs_baseline,10,0.0005534246575341406,-0.001315205479452338,0.0021973972602739767,inconclusive,0.0004578980965426804,-0.0015116399971237331,0.0024858308009442207,inconclusive,BG00225,release,average_utilization
reservation_only_vs_baseline,10,0.0,0.0,0.0,inconclusive,0.0,0.0,0.0,inconclusive,BG00225,release,average_utilization
both_flexible_vs_baseline,10,0.0005534246575341406,-0.001304109589041274,0.002202739726027193,inconclusive,0.0004578980965426804,-0.0015322505651983464,0.0025549210789946445,inconclusive,BG00225,release,average_utilization
both_flexible_vs_horizon_only,10,0.0,0.0,0.0,inconclusive,0.0,0.0,0.0,inconclusive,BG00225,release,average_utilization
both_flexible_vs_reservation_only,10,0.0005534246575341406,-0.0013591780821917048,0.0021424657534246648,inconclusive,0.0004578980965426804,-0.0014079396422322517,0.002527887133436216,inconclusive,BG00225,release,average_utilization
reservation_only_vs_horizon_only,10,-0.0005534246575341406,-0.002104246575342589,0.0013041095890411391,inconclusive,-0.0004578980965426804,-0.002533932651587503,0.001440024393153315,inconclusive,BG00225,release,average_utilization
horizon_only_vs_baseline,10,0.0,0.0,0.0,inconclusive,0.0,0.0,0.0,inconclusive,BG00226,release,average_utilization
reservation_only_vs_baseline,10,0.0018173515981735,-0.0012878995433789455,0.004712328767123219,inconclusive,0.00017905577367774984,-0.0019961541540069972,0.0023291322019980314,inconclusive,BG00226,release,average_utilization
both_flexible_vs_baseline,10,0.0018173515981735,-0.00141552511415517,0.004703652968036535,inconclusive,0.00017905577367774984,-0.001989290917590534,0.002386814298132573,inconclusive,BG00226,release,average_utilization
both_flexible_vs_horizon_only,10,0.0018173515981735,-0.0013609589041096218,0.004813242009132415,inconclusive,0.00017905577367774984,-0.0020148181830314045,0.002371409377858355,inconclusive,BG00226,release,average_utilization
both_flexible_vs_reservation_only,10,0.0,0.0,0.0,inconclusive,0.0,0.0,0.0,inconclusive,BG00226,release,average_utilization
reservation_only_vs_horizon_only,10,0.0018173515981735,-0.001315525114155271,0.0047216894977168,inconclusive,0.00017905577367774984,-0.0020715056120738083,0.002304472667760719,inconclusive,BG00226,release,average_utilization
horizon_only_vs_baseline,10,0.0,0.0,0.0,inconclusive,0.0,0.0,0.0,inconclusive,BG00227,release,average_utilization
reservation_only_vs_baseline,10,0.000476712328767126,6.0273972602753466e-05,0.0011616438356163994,inconclusive,-0.00010975375236218498,-0.0006906504550408199,0.00030565641015306566,inconclusive,BG00227,release,average_utilization
both_flexible_vs_baseline,10,0.000476712328767126,0.0,0.0011616438356163994,inconclusive,-0.00010975375236218498,-0.0006906504550408199,0.00030565641015306566,inconclusive,BG00227,release,average_utilization
both_flexible_vs_horizon_only,10,0.000476712328767126,6.0273972602753466e-05,0.0011671232876712234,inconclusive,-0.00010975375236218498,-0.0006906504550408199,0.00030565641015306566,inconclusive,BG00227,release,average_utilization
both_flexible_vs_reservation_only,10,0.0,0.0,0.0,inconclusive,0.0,0.0,0.0,inconclusive,BG00227,release,average_utilization
reservation_only_vs_horizon_only,10,0.000476712328767126,0.0,0.0011616438356163994,inconclusive,-0.00010975375236218498,-0.0006906504550408199,0.00030565641015306566,inconclusive,BG00227,release,average_utilization
horizon_only_vs_baseline,10,0.0018561643835616204,0.00015719178082159764,0.0037330479452058014,inconclusive,0.0006157858185297683,-0.0032445729670759343,0.004383695818234444,inconclusive,BG00228,release,average_utilization
reservation_only_vs_baseline,10,0.002445205479452073,0.00036986301369865024,0.004870034246575552,inconclusive,-0.001043311072517894,-0.004465444462824792,0.002519944380898643,inconclusive,BG00228,release,average_utilization
both_flexible_vs_baseline,10,0.002445205479452073,0.000328595890411218,0.004794520547945183,inconclusive,-0.001043311072517894,-0.004632221714222963,0.0024905666377833926,inconclusive,BG00228,release,average_utilization
both_flexible_vs_horizon_only,10,0.0005890410958904524,-0.0006714041095891065,0.0019452054794521396,inconclusive,-0.0016590968910476622,-0.004180824031758308,0.0007180305712332723,inconclusive,BG00228,release,average_utilization
both_flexible_vs_reservation_only,10,0.0,0.0,0.0,inconclusive,0.0,0.0,0.0,inconclusive,BG00228,release,average_utilization
reservation_only_vs_horizon_only,10,0.0005890410958904524,-0.0006643835616437352,0.002006849315068617,inconclusive,-0.0016590968910476622,-0.004211441919944635,0.0007779431507358151,inconclusive,BG00228,release,average_utilization
horizon_only_vs_baseline,10,0.0,0.0,0.0,inconclusive,0.0,0.0,0.0,inconclusive,BG00229,release,average_utilization
reservation_only_vs_baseline,10,0.0,0.0,0.0,inconclusive,0.0,0.0,0.0,inconclusive,BG00229,release,average_utilization
both_flexible_vs_baseline,10,0.0008767123287671486,-0.00485958904109573,0.006410958904109422,inconclusive,-0.0031260747633803042,-0.0068402761883210525,0.0005196417168065239,inconclusive,BG00229,release,average_utilization
both_flexible_vs_horizon_only,10,0.0008767123287671486,-0.004941095890410855,0.006319634703196242,inconclusive,-0.0031260747633803042,-0.006908268912514615,0.000604757126297287,inconclusive,BG00229,release,average_utilization
both_flexible_vs_reservation_only,10,0.0008767123287671486,-0.004649086757990723,0.006292237442922266,inconclusive,-0.0031260747633803042,-0.006779968730290656,0.0006013894516942384,inconclusive,BG00229,release,average_utilization
reservation_only_vs_horizon_only,10,0.0,0.0,0.0,inconclusive,0.0,0.0,0.0,inconclusive,BG00229,release,average_utilization
horizon_only_vs_baseline,10,0.00026849315068484537,-0.0014465753424658518,0.0021424657534244765,inconclusive,-0.0006522317404065059,-0.006111747506871688,0.004514795603791726,inconclusive,BG00230,release,average_utilization
reservation_only_vs_baseline,10,0.0016602739726025773,0.00021904109589006464,0.003441095890410773,inconclusive,0.003091811946718759,-0.0013577855274616315,0.00763072695745466,inconclusive,BG00230,release,average_utilization
both_flexible_vs_baseline,10,0.0016876712328764865,0.0006684931506848615,0.0027564383561642118,inconclusive,-0.001192922503678817,-0.005758578810963832,0.00417841270646539,inconclusive,BG00230,release,average_utilization
both_flexible_vs_horizon_only,10,0.0014191780821916412,0.0002573972602737235,0.0025754794520549025,inconclusive,-0.0005406907632723113,-0.006694807965516071,0.005012203707785042,inconclusive,BG00230,release,average_utilization
both_flexible_vs_reservation_only,10,2.7397260273909208e-05,-0.0011947945205480278,0.0012602739726024377,inconclusive,-0.004284734450397576,-0.007803163470881521,-0.0012152782317130378,inconclusive,BG00230,release,average_utilization
reservation_only_vs_horizon_only,10,0.0013917808219177318,0.0003669863013697553,0.002383561643835364,inconclusive,0.0037440436871252645,-0.0024842032279447294,0.00951996278648688,inconclusive,BG00230,release,average_utilization
horizon_only_vs_baseline,10,0.0017260273972602214,0.00014611872146121308,0.0032605022831048267,inconclusive,0.029517887538701305,0.02348814831366866,0.03593442041837073,supported,BG00231,release,average_utilization
reservation_only_vs_baseline,10,0.005461187214611818,0.0035159817351602556,0.007424657534246341,supported,0.1260125325309424,0.12088868731620367,0.13131216446425728,supported,BG00231,release,average_utilization
both_flexible_vs_baseline,10,0.00695890410958856,0.0050319634703192995,0.009260273972602167,supported,0.11947481160803024,0.11541638581925621,0.12312902554598092,supported,BG00231,release,average_utilization
both_flexible_vs_horizon_only,10,0.005232876712328338,0.003515753424657013,0.007077625570775662,supported,0.08995692406932893,0.08604273134475218,0.09374398359087648,supported,BG00231,release,average_utilization
both_flexible_vs_reservation_only,10,0.0014977168949767417,-0.0005390410958910609,0.0033789954337895903,inconclusive,-0.006537720922912183,-0.011145451993702173,-0.0018265927796945359,contradicted,BG00231,release,average_utilization
reservation_only_vs_horizon_only,10,0.0037351598173515966,0.002273972602740032,0.005306164383561534,inconclusive,0.09649464499224111,0.09211520040535799,0.10082844807142445,supported,BG00231,release,average_utilization
horizon_only_vs_baseline,10,0.07660273972602508,0.07421917808218928,0.07926050228310286,supported,0.028320581669510115,0.026555204209812392,0.030012758056451882,supported,BG00232,release,average_utilization
reservation_only_vs_baseline,10,0.036173515981734,0.033250913242007574,0.038931506849313985,supported,0.0013273592882687367,-0.0007393530096965655,0.003239269186336944,inconclusive,BG00232,release,average_utilization
both_flexible_vs_baseline,10,0.09253881278538531,0.09000913242008815,0.0951965753424632,supported,0.018678323735044116,0.016932935108811536,0.02019196927918506,supported,BG00232,release,average_utilization
both_flexible_vs_horizon_only,10,0.015936073059360234,0.014127853881278216,0.01760753424657492,supported,-0.009642257934465997,-0.011114192580084522,-0.008170947868504553,contradicted,BG00232,release,average_utilization
both_flexible_vs_reservation_only,10,0.05636529680365131,0.05298630136986136,0.06036575342465587,supported,0.01735096444677538,0.01566838328397898,0.019328029322915694,supported,BG00232,release,average_utilization
reservation_only_vs_horizon_only,10,-0.04042922374429107,-0.044063926940638085,-0.03690410958904008,contradicted,-0.026993222381241376,-0.029454685983095977,-0.024680994315968936,contradicted,BG00232,release,average_utilization
horizon_only_vs_baseline,10,0.0,0.0,0.0,inconclusive,0.0,0.0,0.0,inconclusive,BG00233,release,average_utilization
reservation_only_vs_baseline,10,0.000454794520547952,-7.671232876711453e-05,0.0014410958904109705,inconclusive,0.0004630370801340433,-5.7814562428593064e-05,0.001393119312920532,inconclusive,BG00233,release,average_utilization
both_flexible_vs_baseline,10,0.000454794520547952,-7.671232876711453e-05,0.0014410958904109705,inconclusive,0.0004630370801340433,-5.7814562428593064e-05,0.0013682201042246379,inconclusive,BG00233,release,average_utilization
both_flexible_vs_horizon_only,10,0.000454794520547952,-8.767123287670709e-05,0.0014410958904109705,inconclusive,0.0004630370801340433,-5.7814562428593064e-05,0.0013682201042246379,inconclusive,BG00233,release,average_utilization
both_flexible_vs_reservation_only,10,0.0,0.0,0.0,inconclusive,0.0,0.0,0.0,inconclusive,BG00233,release,average_utilization
reservation_only_vs_horizon_only,10,0.000454794520547952,-8.767123287670709e-05,0.0014410958904109705,inconclusive,0.0004630370801340433,-5.7814562428593064e-05,0.001393119312920532,inconclusive,BG00233,release,average_utilization
horizon_only_vs_baseline,10,0.036365296803654246,0.03265707762557206,0.04024680365296939,supported,0.01665961154057717,0.014810657224823573,0.018613573091156955,supported,BG00234,release,average_utilization
reservation_only_vs_baseline,10,0.002931506849315102,0.0010776255707765747,0.005013926940639263,inconclusive,0.0008837319191274589,-8.807840585094262e-05,0.0018600754822730519,inconclusive,BG00234,release,average_utilization
both_flexible_vs_baseline,10,0.036365296803654246,0.03270251141552583,0.04026484018264992,supported,0.01665961154057717,0.014782487181701469,0.018598110015623285,supported,BG00234,release,average_utilization
both_flexible_vs_horizon_only,10,0.0,0.0,0.0,inconclusive,0.0,0.0,0.0,inconclusive,BG00234,release,average_utilization
both_flexible_vs_reservation_only,10,0.03343378995433914,0.030292237442923187,0.03709611872146287,supported,0.01577587962144971,0.013995560423249077,0.017621210130335522,supported,BG00234,release,average_utilization
reservation_only_vs_horizon_only,10,-0.03343378995433914,-0.03704200913242175,-0.030127625570777198,contradicted,-0.01577587962144971,-0.017594878245087837,-0.013913794851146369,contradicted,BG00234,release,average_utilization
horizon_only_vs_baseline,10,0.0,0.0,0.0,inconclusive,0.0,0.0,0.0,inconclusive,BG00235,release,average_utilization
reservation_only_vs_baseline,10,0.00238356164383563,0.00030136986301380675,0.004288013698630013,inconclusive,-0.00017941668384603427,-0.002980845674221022,0.0022511091084351977,inconclusive,BG00235,release,average_utilization
both_flexible_vs_baseline,10,0.00238356164383563,0.0003493150684934698,0.004294520547944905,inconclusive,-0.00017941668384603427,-0.002855929454138366,0.002326313430678372,inconclusive,BG00235,release,average_utilization
both_flexible_vs_horizon_only,10,0.00238356164383563,0.00040393835616450913,0.0043356164383559605,inconclusive,-0.00017941668384603427,-0.0029386883720320064,0.002275649065843188,inconclusive,BG00235,release,average_utilization
both_flexible_vs_reservation_only,10,0.0,0.0,0.0,inconclusive,0.0,0.0,0.0,inconclusive,BG00235,release,average_utilization
reservation_only_vs_horizon_only,10,0.00238356164383563,0.0003078767123285138,0.004335958904109455,inconclusive,-0.00017941668384603427,-0.002825775651885546,0.002183038452855647,inconclusive,BG00235,release,average_utilization
horizon_only_vs_baseline,10,0.0008767123287670598,0.0,0.002630136986301179,inconclusive,0.0008886154712286598,0.0,0.0026658464136859795,inconclusive,BG00236,release,average_utilization
reservation_only_vs_baseline,10,0.0054794520547941875,0.0016801369863009574,0.009552739726027198,supported,-0.00448436453817882,-0.009026088525790501,0.000876718614965199,inconclusive,BG00236,release,average_utilization
both_flexible_vs_baseline,10,0.0054794520547941875,0.00159794520547911,0.009625570776255334,supported,-0.00448436453817882,-0.009127160363172274,0.001261866593037919,inconclusive,BG00236,release,average_utilization
both_flexible_vs_horizon_only,10,0.004602739726027127,0.0005570776255707122,0.009077625570775929,inconclusive,-0.005372980009407479,-0.009107484864842362,-0.001289739446195557,contradicted,BG00236,release,average_utilization
both_flexible_vs_reservation_only,10,0.0,0.0,0.0,inconclusive,0.0,0.0,0.0,inconclusive,BG00236,release,average_utilization
reservation_only_vs_horizon_only,10,0.004602739726027127,0.00045662100456610454,0.009242237442922324,inconclusive,-0.005372980009407479,-0.00914135716754849,-0.0012430704325225332,contradicted,BG00236,release,average_utilization
horizon_only_vs_baseline,10,0.014630136986300769,0.011351369863013012,0.017771689497716417,supported,-0.04359835585131909,-0.04697447591752375,-0.04059269371672249,contradicted,BG00237,release,average_utilization
reservation_only_vs_baseline,10,0.017031963470318868,0.014492922374428329,0.019479452054793508,supported,0.12596387110686397,0.12272179437616583,0.12921618382527253,supported,BG00237,release,average_utilization
both_flexible_vs_baseline,10,0.018063926940638485,0.015607305936072279,0.02021963470319562,supported,0.1409219715969546,0.1388131303574665,0.14290208164946702,supported,BG00237,release,average_utilization
both_flexible_vs_horizon_only,10,0.0034337899543377183,0.0013059360730594204,0.005479908675798704,inconclusive,0.18452032744827368,0.18202511310475053,0.187067532914383,supported,BG00237,release,average_utilization
both_flexible_vs_reservation_only,10,0.001031963470319619,-0.0011232876712326777,0.003187442922374286,inconclusive,0.014958100490090647,0.013165468585731909,0.016597733641629857,supported,BG00237,release,average_utilization
reservation_only_vs_horizon_only,10,0.002401826484018099,0.0005205479452053399,0.004420091324200415,inconclusive,0.16956222695818307,0.16647066004694294,0.17239373699038343,supported,BG00237,release,average_utilization
horizon_only_vs_baseline,10,0.03445205479452024,0.03135582191780799,0.038534931506848585,supported,0.0048464475128079665,0.0030777441424791364,0.006872265018400192,inconclusive,BG00238,release,average_utilization
reservation_only_vs_baseline,10,0.0,0.0,0.0,inconclusive,0.0,0.0,0.0,inconclusive,BG00238,release,average_utilization
both_flexible_vs_baseline,10,0.03445205479452024,0.031232876712328862,0.038767465753424164,supported,0.0048464475128079665,0.002888913129676428,0.0068564352421557765,inconclusive,BG00238,release,average_utilization
both_flexible_vs_horizon_only,10,0.0,0.0,0.0,inconclusive,0.0,0.0,0.0,inconclusive,BG00238,release,average_utilization
both_flexible_vs_reservation_only,10,0.03445205479452024,0.031369863013698554,0.038726369863013185,supported,0.0048464475128079665,0.003016596190587515,0.006895265554430534,inconclusive,BG00238,release,average_utilization
reservation_only_vs_horizon_only,10,-0.03445205479452024,-0.03845239726027327,-0.031301027397260164,contradicted,-0.0048464475128079665,-0.006792334590887346,-0.0029639021620505744,inconclusive,BG00238,release,average_utilization
horizon_only_vs_baseline,10,0.0016369863013697584,-7.534246575347042e-05,0.0033356164383559453,inconclusive,9.121424709664372e-05,-0.0055168186531770694,0.005674760721908943,inconclusive,BG00239,release,average_utilization
reservation_only_vs_baseline,10,0.00978767123287656,0.007746404109588834,0.011965924657533936,supported,0.2891617091605078,0.2843299580793886,0.2941556645800906,supported,BG00239,release,average_utilization
both_flexible_vs_baseline,10,0.01054109589041099,0.009006678082191525,0.012280993150684599,supported,0.28318634251801916,0.27927564468030525,0.2869188831637611,supported,BG00239,release,average_utilization
both_flexible_vs_horizon_only,10,0.008904109589041231,0.00698630136986324,0.01101369863013705,supported,0.2830951282709225,0.2796687183078006,0.28635620530206385,supported,BG00239,release,average_utilization
both_flexible_vs_reservation_only,10,0.0007534246575344294,-0.0016095890410952444,0.003150856164383971,inconclusive,-0.005975366642488644,-0.008711918831411047,-0.0029883464331122577,contradicted,BG00239,release,average_utilization
reservation_only_vs_horizon_only,10,0.008150684931506802,0.0057053082191780595,0.010547945205479175,supported,0.2890704949134112,0.2872133872777485,0.29089493036811875,supported,BG00239,release,average_utilization
horizon_only_vs_baseline,10,0.0,0.0,0.0,inconclusive,0.0,0.0,0.0,inconclusive,BG00240,release,average_utilization
reservation_only_vs_baseline,10,0.002239726027397038,0.0005821917808218486,0.003780993150684675,inconclusive,0.01860824579020496,0.016789524147135214,0.020336702979992353,supported,BG00240,release,average_utilization
both_flexible_vs_baseline,10,0.003369863013698249,0.0012876712328765347,0.005321917808219015,inconclusive,0.021791160537806175,0.017675354201102816,0.02601085738891615,supported,BG00240,release,average_utilization
both_flexible_vs_horizon_only,10,0.003369863013698249,0.0012945205479446553,0.005219178082191231,inconclusive,0.021791160537806175,0.01775021633712084,0.025995193979852775,supported,BG00240,release,average_utilization
both_flexible_vs_reservation_only,10,0.0011301369863012112,-0.0005688356164386345,0.0027945205479452916,inconclusive,0.0031829147476012177,-0.00035618321574991185,0.00658264908332997,inconclusive,BG00240,release,average_utilization
reservation_only_vs_horizon_only,10,0.002239726027397038,0.0006025684931503858,0.0037946917808215747,inconclusive,0.01860824579020496,0.016811415213108197,0.020362795326871283,supported,BG00240,release,average_utilization
horizon_only_vs_baseline,10,0.0,0.0,0.0,inconclusive,0.0,0.0,0.0,inconclusive,BG00241,release,average_utilization
reservation_only_vs_baseline,10,0.0020913242009132694,-0.0003196347031961719,0.005142237442922331,inconclusive,-0.0012037207454880573,-0.0026210689290250676,-6.122187152400871e-05,inconclusive,BG00241,release,average_utilization
both_flexible_vs_baseline,10,0.0020913242009132694,-0.0002742009132421776,0.005123287671232801,inconclusive,-0.0012037207454880573,-0.0026407922558767207,-4.6569024501218614e-05,inconclusive,BG00241,release,average_utilization
both_flexible_vs_horizon_only,10,0.0020913242009132694,-0.00023744292237436458,0.0050232876712329785,inconclusive,-0.0012037207454880573,-0.002584753209314073,-4.333939938523069e-05,inconclusive,BG00241,release,average_utilization
both_flexible_vs_reservation_only,10,0.0,0.0,0.0,inconclusive,0.0,0.0,0.0,inconclusive,BG00241,release,average_utilization
reservation_only_vs_horizon_only,10,0.0020913242009132694,-0.00025570776255695924,0.005032191780821688,inconclusive,-0.0012037207454880573,-0.0025829450832218328,-5.135988739064512e-05,inconclusive,BG00241,release,average_utilization
horizon_only_vs_baseline,10,0.0,0.0,0.0,inconclusive,0.0,0.0,0.0,inconclusive,BG00242,release,average_utilization
reservation_only_vs_baseline,10,0.0007305936073059627,0.0,0.002191780821917888,inconclusive,-4.897319558223589e-05,-0.0001469195867467077,0.0,inconclusive,BG00242,release,average_utilization
both_flexible_vs_baseline,10,0.0009497716894977471,-1.826484018265795e-05,0.002319634703196449,inconclusive,-7.790553897828456e-05,-0.00036947290542944656,0.00014371099541989895,inconclusive,BG00242,release,average_utilization
both_flexible_vs_horizon_only,10,0.0009497716894977471,-1.826484018265795e-05,0.002319634703196449,inconclusive,-7.790553897828456e-05,-0.00036947290542944656,0.00014371099541989895,inconclusive,BG00242,release,average_utilization
both_flexible_vs_reservation_only,10,0.00021917808219178435,-0.0005479452054795386,0.0012237442922375496,inconclusive,-2.8932343396048664e-05,-0.00036947290542944656,0.00029063058216660664,inconclusive,BG00242,release,average_utilization
reservation_only_vs_horizon_only,10,0.0007305936073059627,0.0,0.002191780821917888,inconclusive,-4.897319558223589e-05,-0.0001469195867467077,0.0,inconclusive,BG00242,release,average_utilization
horizon_only_vs_baseline,10,0.0,0.0,0.0,inconclusive,0.0,0.0,0.0,inconclusive,BG00243,release,average_utilization
reservation_only_vs_baseline,10,0.0,0.0,0.0,inconclusive,0.0,0.0,0.0,inconclusive,BG00243,release,average_utilization
both_flexible_vs_baseline,10,0.0,0.0,0.0,inconclusive,0.0,0.0,0.0,inconclusive,BG00243,release,average_utilization
both_flexible_vs_horizon_only,10,0.0,0.0,0.0,inconclusive,0.0,0.0,0.0,inconclusive,BG00243,release,average_utilization
both_flexible_vs_reservation_only,10,0.0,0.0,0.0,inconclusive,0.0,0.0,0.0,inconclusive,BG00243,release,average_utilization
reservation_only_vs_horizon_only,10,0.0,0.0,0.0,inconclusive,0.0,0.0,0.0,inconclusive,BG00243,release,average_utilization
horizon_only_vs_baseline,10,0.0286575342465742,0.027269178082190582,0.030100456621003725,supported,0.015953233921925204,0.01264844848611475,0.019449873944634245,supported,BG00244,release,average_utilization
reservation_only_vs_baseline,10,0.029342465753423586,0.027369863013697825,0.03105936073059239,supported,0.34220945011388215,0.33807375615699115,0.3467171916942388,supported,BG00244,release,average_utilization
both_flexible_vs_baseline,10,0.029990867579907488,0.028547945205478542,0.031369863013697374,supported,0.30330114346254017,0.30006498608659715,0.3065423423927939,supported,BG00244,release,average_utilization
both_flexible_vs_horizon_only,10,0.0013333333333332865,-1.8264840182869447e-05,0.002904109589041194,inconclusive,0.287347909540615,0.28370818225839695,0.29088468417527497,supported,BG00244,release,average_utilization
both_flexible_vs_reservation_only,10,0.000648401826483902,-0.00029223744292256157,0.0016529680365295685,inconclusive,-0.03890830665134194,-0.04424890532616105,-0.033459178038302693,contradicted,BG00244,release,average_utilization
reservation_only_vs_horizon_only,10,0.0006849315068493845,-0.001077625570776298,0.002456849315068753,inconclusive,0.326256216191957,0.3209622348151926,0.3320048716025666,supported,BG00244,release,average_utilization
horizon_only_vs_baseline,10,0.02942465753424569,0.027479452054793525,0.031297031963469564,supported,0.010067749135222431,0.008263272811680414,0.011863055569993713,supported,BG00245,release,average_utilization
reservation_only_vs_baseline,10,0.00905936073059368,0.00670319634703189,0.0113515981735162,supported,0.09561808315350089,0.09252490024238359,0.09858885247835328,supported,BG00245,release,average_utilization
both_flexible_vs_baseline,10,0.029634703196346257,0.027525114155250198,0.031771689497715735,supported,0.08716387211398438,0.08591117225833253,0.08838406218132956,supported,BG00245,release,average_utilization
both_flexible_vs_horizon_only,10,0.00021004566210056642,-0.0004383561643834133,0.0007947488584476355,inconclusive,0.07709612297876194,0.07562397342591795,0.07853060848481035,supported,BG00245,release,average_utilization
both_flexible_vs_reservation_only,10,0.02057534246575258,0.01851118721461106,0.022475114155250265,supported,-0.008454211039516513,-0.011697321234881543,-0.005139547218611651,contradicted,BG00245,release,average_utilization
reservation_only_vs_horizon_only,10,-0.02036529680365201,-0.02201849315068401,-0.01855707762557018,contradicted,0.08555033401827845,0.08245910188523636,0.08807820977651885,supported,BG00245,release,average_utilization
horizon_only_vs_baseline,10,0.027908675799085413,0.025671004566208612,0.02989063926940509,supported,0.009747063021615704,0.006777435464566234,0.012319106238286859,supported,BG00246,release,average_utilization
reservation_only_vs_baseline,10,0.0,0.0,0.0,inconclusive,0.0,0.0,0.0,inconclusive,BG00246,release,average_utilization
both_flexible_vs_baseline,10,0.027908675799085413,0.02569863013698524,0.02988127853881133,supported,0.009747063021615704,0.007009674608578792,0.012301087821755766,supported,BG00246,release,average_utilization
both_flexible_vs_horizon_only,10,0.0,0.0,0.0,inconclusive,0.0,0.0,0.0,inconclusive,BG00246,release,average_utilization
both_flexible_vs_reservation_only,10,0.027908675799085413,0.025698401826482756,0.029918264840181674,supported,0.009747063021615704,0.007038018656416001,0.0123159538269683,supported,BG00246,release,average_utilization
reservation_only_vs_horizon_only,10,-0.027908675799085413,-0.02995433789954213,-0.025662100456619354,contradicted,-0.009747063021615704,-0.012303230626836388,-0.007009761779625748,contradicted,BG00246,release,average_utilization
horizon_only_vs_baseline,10,0.0,0.0,0.0,inconclusive,0.0,0.0,0.0,inconclusive,BG00247,release,average_utilization
reservation_only_vs_baseline,10,0.011438356164383412,0.009684760273972574,0.013280993150684926,supported,0.0008209820078160068,-0.003663444243610361,0.004666580509866803,inconclusive,BG00247,release,average_utilization
both_flexible_vs_baseline,10,0.011438356164383412,0.009643835616438343,0.01325359589041093,supported,0.0008209820078160068,-0.0035671436910179382,0.004503675918521187,inconclusive,BG00247,release,average_utilization
both_flexible_vs_horizon_only,10,0.011438356164383412,0.009643835616438268,0.0132948630136986,supported,0.0008209820078160068,-0.0037071191552233524,0.004515473346926746,inconclusive,BG00247,release,average_utilization
both_flexible_vs_reservation_only,10,0.0,0.0,0.0,inconclusive,0.0,0.0,0.0,inconclusive,BG00247,release,average_utilization
reservation_only_vs_horizon_only,10,0.011438356164383412,0.009671061643835452,0.01329452054794511,supported,0.0008209820078160068,-0.0035150222503515984,0.0046622400913386075,inconclusive,BG00247,release,average_utilization
horizon_only_vs_baseline,10,0.0,0.0,0.0,inconclusive,0.0,0.0,0.0,inconclusive,BG00248,release,average_utilization
reservation_only_vs_baseline,10,0.0,0.0,0.0,inconclusive,0.0,0.0,0.0,inconclusive,BG00248,release,average_utilization
both_flexible_vs_baseline,10,0.0,0.0,0.0,inconclusive,0.0,0.0,0.0,inconclusive,BG00248,release,average_utilization
both_flexible_vs_horizon_only,10,0.0,0.0,0.0,inconclusive,0.0,0.0,0.0,inconclusive,BG00248,release,average_utilization
both_flexible_vs_reservation_only,10,0.0,0.0,0.0,inconclusive,0.0,0.0,0.0,inconclusive,BG00248,release,average_utilization
reservation_only_vs_horizon_only,10,0.0,0.0,0.0,inconclusive,0.0,0.0,0.0,inconclusive,BG00248,release,average_utilization
horizon_only_vs_baseline,10,0.0316164383561643,0.027259589041095728,0.03516472602739747,supported,-0.010134341239526968,-0.01364483197887613,-0.006543025652105569,contradicted,BG00249,release,average_utilization
reservation_only_vs_baseline,10,0.002342465753424683,-0.00032876712328755496,0.004835958904109627,inconclusive,0.003892507177717808,0.00016132448696399654,0.0072413314079024455,inconclusive,BG00249,release,average_utilization
both_flexible_vs_baseline,10,0.0316164383561643,0.02728732876712332,0.0350410958904111,supported,-0.010134341239526968,-0.013639274854399192,-0.006540344094667472,contradicted,BG00249,release,average_utilization
both_flexible_vs_horizon_only,10,0.0,0.0,0.0,inconclusive,0.0,0.0,0.0,inconclusive,BG00249,release,average_utilization
both_flexible_vs_reservation_only,10,0.029273972602739617,0.026424657534246453,0.031835958904109674,supported,-0.014026848417244775,-0.0172266548215869,-0.010671339549398237,contradicted,BG00249,release,average_utilization
reservation_only_vs_horizon_only,10,-0.029273972602739617,-0.03189041095890405,-0.026493150684931497,contradicted,0.014026848417244775,0.010573166560784181,0.017198450775412533,supported,BG00249,release,average_utilization
horizon_only_vs_baseline,10,0.0,0.0,0.0,inconclusive,0.0,0.0,0.0,inconclusive,BG00250,release,average_utilization
reservation_only_vs_baseline,10,0.0,0.0,0.0,inconclusive,0.0,0.0,0.0,inconclusive,BG00250,release,average_utilization
both_flexible_vs_baseline,10,0.0,0.0,0.0,inconclusive,0.0,0.0,0.0,inconclusive,BG00250,release,average_utilization
both_flexible_vs_horizon_only,10,0.0,0.0,0.0,inconclusive,0.0,0.0,0.0,inconclusive,BG00250,release,average_utilization
both_flexible_vs_reservation_only,10,0.0,0.0,0.0,inconclusive,0.0,0.0,0.0,inconclusive,BG00250,release,average_utilization
reservation_only_vs_horizon_only,10,0.0,0.0,0.0,inconclusive,0.0,0.0,0.0,inconclusive,BG00250,release,average_utilization
horizon_only_vs_baseline,10,0.0013260273972603431,0.00037246575342402834,0.0022246575342470894,inconclusive,0.00020127316098695892,-0.0027952191272039464,0.003721621720206667,inconclusive,BG00251,release,average_utilization
reservation_only_vs_baseline,10,0.001419178082192074,0.0002575342465754413,0.002613698630137112,inconclusive,0.16291900350143315,0.1605716179886634,0.16555002958682982,supported,BG00251,release,average_utilization
both_flexible_vs_baseline,10,0.0018849315068490858,0.0005589041095887412,0.0031071232876708826,inconclusive,0.17801924027964774,0.17574427502977638,0.1804227824054795,supported,BG00251,release,average_utilization
both_flexible_vs_horizon_only,10,0.0005589041095887426,-0.0007124657534253098,0.0018467123287672375,inconclusive,0.17781796711866077,0.1756473668652339,0.18007921176553485,supported,BG00251,release,average_utilization
both_flexible_vs_reservation_only,10,0.00046575342465701166,-0.0010136986301374931,0.0017095890410955834,inconclusive,0.015100236778214583,0.013695107851025597,0.016554118854622712,supported,BG00251,release,average_utilization
reservation_only_vs_horizon_only,10,9.315068493173095e-05,-0.0012058904109586888,0.0010904109589046985,inconclusive,0.1627177303404462,0.16029369091055248,0.16542304965735152,supported,BG00251,release,average_utilization
horizon_only_vs_baseline,10,0.0,0.0,0.0,inconclusive,0.0,0.0,0.0,inconclusive,BG00252,release,average_utilization
reservation_only_vs_baseline,10,0.0,0.0,0.0,inconclusive,0.0,0.0,0.0,inconclusive,BG00252,release,average_utilization
both_flexible_vs_baseline,10,0.0,0.0,0.0,inconclusive,0.0,0.0,0.0,inconclusive,BG00252,release,average_utilization
both_flexible_vs_horizon_only,10,0.0,0.0,0.0,inconclusive,0.0,0.0,0.0,inconclusive,BG00252,release,average_utilization
both_flexible_vs_reservation_only,10,0.0,0.0,0.0,inconclusive,0.0,0.0,0.0,inconclusive,BG00252,release,average_utilization
reservation_only_vs_horizon_only,10,0.0,0.0,0.0,inconclusive,0.0,0.0,0.0,inconclusive,BG00252,release,average_utilization
horizon_only_vs_baseline,10,0.0004657534246577777,-0.0016073059360727892,0.0025570776255711913,inconclusive,-0.0032852803725170743,-0.008754422498840309,0.0008721136508392568,inconclusive,BG00253,release,average_utilization
reservation_only_vs_baseline,10,0.0026849315068494307,-0.000392694063926714,0.006055022831050474,inconclusive,0.004235154453027401,-0.00196254868336744,0.009871372018146422,inconclusive,BG00253,release,average_utilization
both_flexible_vs_baseline,10,0.0029589041095891997,0.00021917808219185653,0.006027397260274204,inconclusive,0.0036436695699508916,-0.00025300157926678166,0.007291988006541425,inconclusive,BG00253,release,average_utilization
both_flexible_vs_horizon_only,10,0.0024931506849314223,-8.219178082206208e-05,0.004958904109589082,inconclusive,0.006928949942467966,0.0023014018257897584,0.01141182807369167,supported,BG00253,release,average_utilization
both_flexible_vs_reservation_only,10,0.0002739726027397693,-0.002091552511415727,0.0025936073059360755,inconclusive,-0.0005914848830765096,-0.005547991769943599,0.005024300922625343,inconclusive,BG00253,release,average_utilization
reservation_only_vs_horizon_only,10,0.002219178082191653,-0.00027397260273954115,0.005059589041095871,inconclusive,0.007520434825544475,0.000783791590834836,0.014618677916911776,supported,BG00253,release,average_utilization
horizon_only_vs_baseline,10,0.0,0.0,0.0,inconclusive,0.0,0.0,0.0,inconclusive,BG00254,release,average_utilization
reservation_only_vs_baseline,10,0.0015479452054795839,-0.0007945205479447121,0.004219178082191735,inconclusive,0.003929499701904715,-0.0008201594085288312,0.008106232768345156,inconclusive,BG00254,release,average_utilization
both_flexible_vs_baseline,10,0.0015479452054795839,-0.0007811643835612849,0.004246917808219032,inconclusive,0.003929499701904715,-0.0004702997787065132,0.008072346117762984,inconclusive,BG00254,release,average_utilization
both_flexible_vs_horizon_only,10,0.0015479452054795839,-0.0007945205479447387,0.004246575342465909,inconclusive,0.003929499701904715,-0.0007698478727240348,0.008223468826735702,inconclusive,BG00254,release,average_utilization
both_flexible_vs_reservation_only,10,0.0,0.0,0.0,inconclusive,0.0,0.0,0.0,inconclusive,BG00254,release,average_utilization
reservation_only_vs_horizon_only,10,0.0015479452054795839,-0.0007397260273969824,0.00430171232876704,inconclusive,0.003929499701904715,-0.0007840932849739179,0.008064839836898447,inconclusive,BG00254,release,average_utilization
horizon_only_vs_baseline,10,0.0,0.0,0.0,inconclusive,0.0,0.0,0.0,inconclusive,BG00255,release,average_utilization
reservation_only_vs_baseline,10,0.0034520547945202764,0.0018217465753420092,0.005184931506848936,inconclusive,0.03177145895255462,0.029895836121103376,0.033488308515159576,supported,BG00255,release,average_utilization
both_flexible_vs_baseline,10,0.00382876712328748,0.0022601027397256045,0.005568493150685061,inconclusive,0.03980698045617161,0.03715534620194071,0.04237524913023767,supported,BG00255,release,average_utilization
both_flexible_vs_horizon_only,10,0.00382876712328748,0.0021917808219171966,0.005520547945205579,inconclusive,0.03980698045617161,0.03705501071796079,0.0423236843833443,supported,BG00255,release,average_utilization
both_flexible_vs_reservation_only,10,0.00037671232876720364,-0.0008561643835615355,0.001732876712329057,inconclusive,0.008035521503616994,0.0065027274179219295,0.00954668228716663,supported,BG00255,release,average_utilization
reservation_only_vs_horizon_only,10,0.0034520547945202764,0.001862842465753053,0.005205650684931631,inconclusive,0.03177145895255462,0.029821142057501245,0.03346533072329506,supported,BG00255,release,average_utilization
horizon_only_vs_baseline,10,0.0005534246575343071,-0.0009371232876710922,0.002345342465754181,inconclusive,-0.0005109918697878801,-0.0020440510635691056,0.0010313244085249263,inconclusive,BG00256,release,average_utilization
reservation_only_vs_baseline,10,0.0011068493150684922,-0.0015013698630134695,0.003523287671232366,inconclusive,-5.261325860876353e-05,-0.001165673254281111,0.0009829094616009945,inconclusive,BG00256,release,average_utilization
both_flexible_vs_baseline,10,0.001912328767123772,9.31506849325367e-05,0.003747945205479567,inconclusive,-0.0004800965470578733,-0.0017667363739333702,0.0006549983115209047,inconclusive,BG00256,release,average_utilization
both_flexible_vs_horizon_only,10,0.0013589041095894649,-0.0005754794520544179,0.003161643835616805,inconclusive,3.089532273000684e-05,-0.0010998621768970435,0.0010473157320173632,inconclusive,BG00256,release,average_utilization
both_flexible_vs_reservation_only,10,0.0008054794520552799,-0.0015453424657531649,0.003035753424657539,inconclusive,-0.00042748328844910974,-0.001968114212188494,0.0009974221904478036,inconclusive,BG00256,release,average_utilization
reservation_only_vs_horizon_only,10,0.000553424657534185,-0.0014575342465751955,0.002389041095890192,inconclusive,0.0004583786111791166,-0.001075385083397341,0.0020177882827290246,inconclusive,BG00256,release,average_utilization
horizon_only_vs_baseline,10,0.0,0.0,0.0,inconclusive,0.0,0.0,0.0,inconclusive,BG00257,release,average_utilization
reservation_only_vs_baseline,10,0.0009260273972600541,-0.002860547945205722,0.004306986301369744,inconclusive,4.658308156710866e-05,-0.001504365190488366,0.0016339988354247608,inconclusive,BG00257,release,average_utilization
both_flexible_vs_baseline,10,0.0012493150684931287,-1.6438356164383272e-05,0.0033479452054793967,inconclusive,-0.0002577710241055131,-0.0007434858519860634,0.00020152898694126843,inconclusive,BG00257,release,average_utilization
both_flexible_vs_horizon_only,10,0.0012493150684931287,0.0,0.0033097260273972097,inconclusive,-0.0002577710241055131,-0.0007432803511338126,0.00021262328784004135,inconclusive,BG00257,release,average_utilization
both_flexible_vs_reservation_only,10,0.00032328767123307456,-0.0035016438356162186,0.0044439726027401295,inconclusive,-0.00030435410567262176,-0.0017181630437371348,0.0010513589863787116,inconclusive,BG00257,release,average_utilization
reservation_only_vs_horizon_only,10,0.0009260273972600541,-0.002800000000000316,0.004296027397260094,inconclusive,4.658308156710866e-05,-0.0015350599972189013,0.0016556521319101623,inconclusive,BG00257,release,average_utilization
horizon_only_vs_baseline,10,0.00284018264840209,-0.00012785388127832891,0.005926940639269765,inconclusive,0.004594527011582594,-0.000992336310242604,0.010232442561290463,inconclusive,BG00258,release,average_utilization
reservation_only_vs_baseline,10,0.00751598173516006,0.004721461187214997,0.010009132420091233,supported,0.09771984842872804,0.09142802888646549,0.10324664869768095,supported,BG00258,release,average_utilization
both_flexible_vs_baseline,10,0.00751598173516006,0.004757762557077647,0.010000228310502535,supported,0.09771984842872804,0.09104948599057067,0.10337726824581078,supported,BG00258,release,average_utilization
both_flexible_vs_horizon_only,10,0.00467579908675797,0.002392465753424423,0.007251369863013747,inconclusive,0.09312532141714544,0.0885467049592855,0.09717843080980694,supported,BG00258,release,average_utilization
both_flexible_vs_reservation_only,10,0.0,0.0,0.0,inconclusive,0.0,0.0,0.0,inconclusive,BG00258,release,average_utilization
reservation_only_vs_horizon_only,10,0.00467579908675797,0.0023561643835617587,0.007287671232877146,inconclusive,0.09312532141714544,0.08811880839354023,0.09735716198600748,supported,BG00258,release,average_utilization
horizon_only_vs_baseline,10,0.0005662100456620744,0.0,0.0012522831050227692,inconclusive,0.0007667576929776488,-4.5197022510090615e-05,0.0018822709339599176,inconclusive,BG00259,release,average_utilization
reservation_only_vs_baseline,10,0.0005844748858443105,-0.0029863013698634257,0.004091552511415229,inconclusive,-0.0019841832445626983,-0.008998462984001443,0.005016872883634695,inconclusive,BG00259,release,average_utilization
both_flexible_vs_baseline,10,0.0015707762557076843,-0.001095890410958924,0.003972831050228088,inconclusive,-0.001201485851155082,-0.006139960805364892,0.0030807541634555696,inconclusive,BG00259,release,average_utilization
both_flexible_vs_horizon_only,10,0.00100456621004561,-0.001488584474885806,0.0031963470319632953,inconclusive,-0.001968243544132731,-0.006651849416845077,0.0025297850712877714,inconclusive,BG00259,release,average_utilization
both_flexible_vs_reservation_only,10,0.0009863013698633738,-0.001863013698629935,0.004018493150685309,inconclusive,0.0007826973934076164,-0.008032769235189526,0.008952201447766458,inconclusive,BG00259,release,average_utilization
reservation_only_vs_horizon_only,10,1.8264840182236063e-05,-0.003543607305936576,0.0031506849315062883,inconclusive,-0.002750940937540347,-0.009949088840601058,0.004427577660541014,inconclusive,BG00259,release,average_utilization
horizon_only_vs_baseline,10,0.0,0.0,0.0,inconclusive,0.0,0.0,0.0,inconclusive,BG00260,release,average_utilization
reservation_only_vs_baseline,10,0.0020068493150684264,0.0,0.004034246575342371,inconclusive,-1.7109261448733372e-05,-0.0011509459610139939,0.0011452273964492443,inconclusive,BG00260,release,average_utilization
both_flexible_vs_baseline,10,0.0020616438356164334,-1.3698630137026768e-05,0.0048767123287671525,inconclusive,0.0004731206301364921,-0.0003341724562051507,0.0013301779236640813,inconclusive,BG00260,release,average_utilization
both_flexible_vs_horizon_only,10,0.0020616438356164334,-1.3698630137026768e-05,0.0048767123287671525,inconclusive,0.0004731206301364921,-0.0003193293296575361,0.0013101771051770167,inconclusive,BG00260,release,average_utilization
both_flexible_vs_reservation_only,10,5.4794520548007156e-05,-0.0006986301369862558,0.0008493150684932191,inconclusive,0.0004902298915852255,-0.0005167445085822342,0.0016294259695420175,inconclusive,BG00260,release,average_utilization
reservation_only_vs_horizon_only,10,0.0020068493150684264,0.0,0.0040893835616437465,inconclusive,-1.7109261448733372e-05,-0.0011737505709047192,0.0011452273964492443,inconclusive,BG00260,release,average_utilization
horizon_only_vs_baseline,10,0.051369863013696615,0.04888584474885678,0.05388127853881079,supported,-0.006114167921396641,-0.007489323515938418,-0.004449462274242201,contradicted,BG00261,release,average_utilization
reservation_only_vs_baseline,10,0.051232876712326805,0.04856598173515778,0.05387214611871936,supported,0.14040798146429062,0.13802986351568552,0.14331458966676633,supported,BG00261,release,average_utilization
both_flexible_vs_baseline,10,0.053132420091322144,0.05063926940639068,0.05573515981734939,supported,0.12649754828716503,0.12461140445028857,0.12818615790372515,supported,BG00261,release,average_utilization
both_flexible_vs_horizon_only,10,0.0017625570776255261,0.00021004566210064217,0.0032054794520544974,inconclusive,0.1326117162085617,0.13092926316856637,0.13454508011000954,supported,BG00261,release,average_utilization
both_flexible_vs_reservation_only,10,0.0018995433789953386,0.00020091324200938122,0.0036621004566208446,inconclusive,-0.013910433177125564,-0.0162506624632551,-0.011912372863851278,contradicted,BG00261,release,average_utilization
reservation_only_vs_horizon_only,10,-0.00013698630136981248,-0.0012785388127855353,0.001150684931506952,inconclusive,0.14652214938568725,0.1450216660578842,0.14835710441208116,supported,BG00261,release,average_utilization
horizon_only_vs_baseline,10,0.0,0.0,0.0,inconclusive,0.0,0.0,0.0,inconclusive,BG00262,release,average_utilization
reservation_only_vs_baseline,10,0.0023397260273973373,0.0009313698630137197,0.00399452054794538,inconclusive,0.0017938620985040287,0.00011101586107860136,0.0037571961549561876,inconclusive,BG00262,release,average_utilization
both_flexible_vs_baseline,10,0.0023397260273973373,0.0008984931506849633,0.00394520547945223,inconclusive,0.0017938620985040287,0.00011899132527081191,0.003726371480104434,inconclusive,BG00262,release,average_utilization
both_flexible_vs_horizon_only,10,0.0023397260273973373,0.0008712328767123356,0.00404397260273993,inconclusive,0.0017938620985040287,0.0001487846171960983,0.0038870642221058216,inconclusive,BG00262,release,average_utilization
both_flexible_vs_reservation_only,10,0.0,0.0,0.0,inconclusive,0.0,0.0,0.0,inconclusive,BG00262,release,average_utilization
reservation_only_vs_horizon_only,10,0.0023397260273973373,0.0008712328767123239,0.003939863013698818,inconclusive,0.0017938620985040287,0.00011895670216348604,0.003835990368994411,inconclusive,BG00262,release,average_utilization
horizon_only_vs_baseline,10,0.0,0.0,0.0,inconclusive,0.0,0.0,0.0,inconclusive,BG00263,release,average_utilization
reservation_only_vs_baseline,10,0.0013150684931507283,-2.1917808219162894e-05,0.00397808219178093,inconclusive,0.0001159473033520375,-1.784736552259414e-05,0.0002654177756588827,inconclusive,BG00263,release,average_utilization
both_flexible_vs_baseline,10,0.0014301369863015001,-0.001534383561643793,0.004750684931507058,inconclusive,0.00023214445394197368,-0.0004939698800531633,0.0009613729844531746,inconclusive,BG00263,release,average_utilization
both_flexible_vs_horizon_only,10,0.0014301369863015001,-0.0014356164383560687,0.004685205479452253,inconclusive,0.00023214445394197368,-0.0004863588030451726,0.0009380471737769791,inconclusive,BG00263,release,average_utilization
both_flexible_vs_reservation_only,10,0.00011506849315077173,-0.0019397260273972482,0.0022465753424659616,inconclusive,0.00011619715058993618,-0.0005759975049932897,0.0007936462018660606,inconclusive,BG00263,release,average_utilization
reservation_only_vs_horizon_only,10,0.0013150684931507283,-2.1917808219162894e-05,0.003972602739726138,inconclusive,0.0001159473033520375,-1.784736552259414e-05,0.00026846548816843207,inconclusive,BG00263,release,average_utilization
horizon_only_vs_baseline,10,0.07502739726027141,0.07146541095890192,0.07832910958903859,supported,0.01913947872524948,0.017261410227804502,0.020957196025518415,supported,BG00264,release,average_utilization
reservation_only_vs_baseline,10,0.008356164383561437,0.008068493150684763,0.008657534246575171,supported,-0.018517236700747997,-0.019191791121984998,-0.017877534197022534,contradicted,BG00264,release,average_utilization
both_flexible_vs_baseline,10,0.0800136986301344,0.07715034246575064,0.08301404109588785,supported,-0.05206711543152871,-0.05424533288073101,-0.049862974545849176,contradicted,BG00264,release,average_utilization
both_flexible_vs_horizon_only,10,0.004986301369862989,0.0026712328767123893,0.0076438356164382475,inconclusive,-0.07120659415677819,-0.0729790665927906,-0.06957292504623369,contradicted,BG00264,release,average_utilization
both_flexible_vs_reservation_only,10,0.07165753424657297,0.06899999999999787,0.07454794520547717,supported,-0.033549878730780705,-0.035532035840569194,-0.03137904825182467,contradicted,BG00264,release,average_utilization
reservation_only_vs_horizon_only,10,-0.06667123287670998,-0.06999999999999748,-0.06320547945205252,contradicted,-0.03765671542599748,-0.03940257740703809,-0.03587478216893388,contradicted,BG00264,release,average_utilization
horizon_only_vs_baseline,10,0.050712328767121895,0.04809589041095765,0.053657534246573844,supported,0.07827816481384531,0.07060247502440371,0.08606721330514674,supported,BG00265,release,average_utilization
reservation_only_vs_baseline,10,0.05365753424657345,0.051136986301367836,0.056410958904108,supported,0.2511870006850862,0.2428264414173507,0.2588988014189343,supported,BG00265,release,average_utilization
both_flexible_vs_baseline,10,0.05493150684931351,0.05228767123287556,0.057369863013697606,supported,0.236933105356471,0.2282512160012896,0.2451196008118939,supported,BG00265,release,average_utilization
both_flexible_vs_horizon_only,10,0.004219178082191621,0.002794520547945378,0.005986301369862906,inconclusive,0.1586549405426257,0.1531429566459764,0.16496700735781145,supported,BG00265,release,average_utilization
both_flexible_vs_reservation_only,10,0.00127397260274007,-0.001109931506849088,0.003630136986301739,inconclusive,-0.014253895328615207,-0.021080169216669463,-0.007190830720528532,contradicted,BG00265,release,average_utilization
reservation_only_vs_horizon_only,10,0.0029452054794515516,0.00023253424657479604,0.005589041095890024,inconclusive,0.17290883587124087,0.1684812532052361,0.17730584993053025,supported,BG00265,release,average_utilization
horizon_only_vs_baseline,10,3.652968036527149e-05,-0.0019908675799086744,0.0020730593607304892,inconclusive,-0.03467703761520806,-0.04150573343958069,-0.028431164729826364,contradicted,BG00266,release,average_utilization
reservation_only_vs_baseline,10,0.0019999999999999905,0.00012762557077615542,0.003799086757990746,inconclusive,0.11605052301452143,0.10974438134207527,0.1216965933525491,supported,BG00266,release,average_utilization
both_flexible_vs_baseline,10,0.0021643835616439342,0.00041095890410944774,0.004018493150685218,inconclusive,0.12909208521955615,0.12396137309131634,0.13326825889409993,supported,BG00266,release,average_utilization
both_flexible_vs_horizon_only,10,0.0021278538812786628,0.000821689497717032,0.003433789954337831,inconclusive,0.16376912283476422,0.15966548042243553,0.168223352940442,supported,BG00266,release,average_utilization
both_flexible_vs_reservation_only,10,0.00016438356164394374,-0.0015984018264840346,0.0017351598173515853,inconclusive,0.013041562205034708,0.010017033822917515,0.016032653910207716,supported,BG00266,release,average_utilization
reservation_only_vs_horizon_only,10,0.001963470319634719,0.001031963470319674,0.002831050228310407,inconclusive,0.1507275606297295,0.14712568564218553,0.1540753034670384,supported,BG00266,release,average_utilization
horizon_only_vs_baseline,10,0.0,0.0,0.0,inconclusive,0.0,0.0,0.0,inconclusive,BG00267,release,average_utilization
reservation_only_vs_baseline,10,0.02672876712328761,0.024290273972602486,0.02903561643835612,supported,0.008695684132393234,0.0061258046380532885,0.011073961091988896,supported,BG00267,release,average_utilization
both_flexible_vs_baseline,10,0.027956164383561466,0.025917534246575544,0.029885068493150427,supported,0.006699231139124062,0.004079872030025279,0.009000972140752206,supported,BG00267,release,average_utilization
both_flexible_vs_horizon_only,10,0.027956164383561466,0.025923150684931413,0.029961780821917687,supported,0.006699231139124062,0.004118166284427304,0.00911518032792742,supported,BG00267,release,average_utilization
both_flexible_vs_reservation_only,10,0.0012273972602738548,-0.0004767123287672928,0.002822054794520085,inconclusive,-0.001996452993269171,-0.004561444742237779,0.00045074637420271365,inconclusive,BG00267,release,average_utilization
reservation_only_vs_horizon_only,10,0.02672876712328761,0.024224520547945348,0.029024794520547754,supported,0.008695684132393234,0.006066922199869911,0.01110651972186385,supported,BG00267,release,average_utilization
horizon_only_vs_baseline,10,0.0,0.0,0.0,inconclusive,0.0,0.0,0.0,inconclusive,BG00268,release,average_utilization
reservation_only_vs_baseline,10,6.849315068480078e-06,-0.002239897260274015,0.002171232876712249,inconclusive,-0.0007444954879478605,-0.0029188900041343213,0.0013073490157359514,inconclusive,BG00268,release,average_utilization
both_flexible_vs_baseline,10,6.849315068480078e-06,-0.002260273972602768,0.0022671232876711623,inconclusive,-0.0007444954879478605,-0.002903233395000558,0.0012091854293926382,inconclusive,BG00268,release,average_utilization
both_flexible_vs_horizon_only,10,6.849315068480078e-06,-0.002232876712328791,0.0023082191780820945,inconclusive,-0.0007444954879478605,-0.0029035633901991274,0.0012838885242424994,inconclusive,BG00268,release,average_utilization
both_flexible_vs_reservation_only,10,0.0,0.0,0.0,inconclusive,0.0,0.0,0.0,inconclusive,BG00268,release,average_utilization
reservation_only_vs_horizon_only,10,6.849315068480078e-06,-0.0021849315068492438,0.0022124999999998973,inconclusive,-0.0007444954879478605,-0.0029194397535344916,0.0012610206515805593,inconclusive,BG00268,release,average_utilization
horizon_only_vs_baseline,10,0.0,0.0,0.0,inconclusive,0.0,0.0,0.0,inconclusive,BG00269,release,average_utilization
reservation_only_vs_baseline,10,0.0008949771689496511,-0.0007671232876714562,0.0030321917808219263,inconclusive,0.0011814831971493135,-0.0003028357765444048,0.0026624472931154465,inconclusive,BG00269,release,average_utilization
both_flexible_vs_baseline,10,0.0016803652968034877,-0.0012698630136988417,0.005114383561643817,inconclusive,-0.0026242192090498275,-0.005765278973305232,0.0005308215597749888,inconclusive,BG00269,release,average_utilization
both_flexible_vs_horizon_only,10,0.0016803652968034877,-0.0012785388127853682,0.005014155251141352,inconclusive,-0.0026242192090498275,-0.0058206974630936464,0.0005896070930650343,inconclusive,BG00269,release,average_utilization
both_flexible_vs_reservation_only,10,0.0007853881278538366,-0.0012785388127855033,0.0030139269406389926,inconclusive,-0.0038057024061991405,-0.006718898250576604,-0.0008857747445548348,inconclusive,BG00269,release,average_utilization
reservation_only_vs_horizon_only,10,0.0008949771689496511,-0.0007762557077626853,0.0029954337899543715,inconclusive,0.0011814831971493135,-0.0002840162448372638,0.0026832622131503147,inconclusive,BG00269,release,average_utilization
horizon_only_vs_baseline,10,0.00032876712328766544,-0.0006246575342467889,0.001183698630137314,inconclusive,-0.006191076272177099,-0.010464648202979812,-0.0021210593023595343,contradicted,BG00270,release,average_utilization
reservation_only_vs_baseline,10,0.00019178082191783074,-4.931506849321643e-05,0.0006246575342467086,inconclusive,0.008692419571973153,0.005935686324454895,0.011937054087208573,supported,BG00270,release,average_utilization
both_flexible_vs_baseline,10,0.0006465753424654275,-0.0007343835616448238,0.002071369863013344,inconclusive,0.004317975774361627,0.0006204065505053931,0.007829169971549855,inconclusive,BG00270,release,average_utilization
both_flexible_vs_horizon_only,10,0.00031780821917776203,-0.001161643835617443,0.0016604109589037116,inconclusive,0.010509052046538726,0.006138700177253713,0.014440817772927984,supported,BG00270,release,average_utilization
both_flexible_vs_reservation_only,10,0.00045479452054759674,-0.0009534246575349967,0.0018850684931502842,inconclusive,-0.004374443797611527,-0.008033847003079773,-0.0008437669690977244,inconclusive,BG00270,release,average_utilization
reservation_only_vs_horizon_only,10,-0.0001369863013698347,-0.001205479452054848,0.0010631506849320149,inconclusive,0.014883495844150251,0.01030095971735095,0.019782221009252688,supported,BG00270,release,average_utilization
horizon_only_vs_baseline,10,0.0,0.0,0.0,inconclusive,0.0,0.0,0.0,inconclusive,BG00271,release,average_utilization
reservation_only_vs_baseline,10,0.0003972602739723552,-0.0015479452054796695,0.0021438356164379425,inconclusive,0.05009891771909005,0.04687778138528419,0.053379079826965256,supported,BG00271,release,average_utilization
both_flexible_vs_baseline,10,0.0014383561643834253,-0.0004385273972606473,0.003253595890411248,inconclusive,0.04240584358122264,0.038998457729025424,0.04565015349644604,supported,BG00271,release,average_utilization
both_flexible_vs_horizon_only,10,0.0014383561643834253,-0.00043167808219223664,0.0032604452054790225,inconclusive,0.04240584358122264,0.03904533003832405,0.045755581331693426,supported,BG00271,release,average_utilization
both_flexible_vs_reservation_only,10,0.00104109589041107,-0.0010958904109592377,0.003102739726027872,inconclusive,-0.007693074137867417,-0.011316070880300112,-0.0046798904840774725,contradicted,BG00271,release,average_utilization
reservation_only_vs_horizon_only,10,0.0003972602739723552,-0.001520719178082814,0.0021851027397261804,inconclusive,0.05009891771909005,0.04663155125659975,0.05353632456781261,supported,BG00271,release,average_utilization
horizon_only_vs_baseline,10,0.0,0.0,0.0,inconclusive,0.0,0.0,0.0,inconclusive,BG00272,release,average_utilization
reservation_only_vs_baseline,10,0.0009863013698630297,-0.001288184931506735,0.0032671232876712477,inconclusive,-0.00012119835073745033,-0.0011165049348775132,0.0008740881903702486,inconclusive,BG00272,release,average_utilization
both_flexible_vs_baseline,10,0.0009863013698630297,-0.0013563356164384274,0.0031647260273971398,inconclusive,-0.00012119835073745033,-0.0010894594988178955,0.0008726079508254001,inconclusive,BG00272,release,average_utilization
both_flexible_vs_horizon_only,10,0.0009863013698630297,-0.0012469178082191489,0.003260616438356119,inconclusive,-0.00012119835073745033,-0.0010961620626460163,0.0008412657233635302,inconclusive,BG00272,release,average_utilization
both_flexible_vs_reservation_only,10,0.0,0.0,0.0,inconclusive,0.0,0.0,0.0,inconclusive,BG00272,release,average_utilization
reservation_only_vs_horizon_only,10,0.0009863013698630297,-0.0013424657534246932,0.003157705479452015,inconclusive,-0.00012119835073745033,-0.0010959909532364505,0.0008683273314481624,inconclusive,BG00272,release,average_utilization
horizon_only_vs_baseline,10,0.0,0.0,0.0,inconclusive,0.0,0.0,0.0,inconclusive,BG00273,release,average_utilization
reservation_only_vs_baseline,10,0.00447945205479453,9.554794520539712e-05,0.009164383561643865,inconclusive,-0.002477617291187828,-0.005517889710903521,0.0007263244114648071,inconclusive,BG00273,release,average_utilization
both_flexible_vs_baseline,10,0.005328767123287758,4.1095890410991486e-05,0.011493150684931576,supported,-0.004015081393877429,-0.0063952912611920905,-0.001581420357412102,inconclusive,BG00273,release,average_utilization
both_flexible_vs_horizon_only,10,0.005328767123287758,-5.5136986301381356e-05,0.011315068493150705,inconclusive,-0.004015081393877429,-0.0064281200417864335,-0.0016194505675582763,inconclusive,BG00273,release,average_utilization
both_flexible_vs_reservation_only,10,0.0008493150684932282,-0.0012743150684932445,0.0030000000000001137,inconclusive,-0.0015374641026896009,-0.0035429119276835174,0.00016142592645691328,inconclusive,BG00273,release,average_utilization
reservation_only_vs_horizon_only,10,0.00447945205479453,8.184931506841477e-05,0.009356849315068522,inconclusive,-0.002477617291187828,-0.005455425229917729,0.0009546911300384425,inconclusive,BG00273,release,average_utilization
horizon_only_vs_baseline,10,0.0,0.0,0.0,inconclusive,0.0,0.0,0.0,inconclusive,BG00274,release,average_utilization
reservation_only_vs_baseline,10,0.0035013698630137592,0.00046561643835620867,0.006942876712328898,inconclusive,0.0012497281178067365,-0.000975063053563057,0.0034766807210914012,inconclusive,BG00274,release,average_utilization
both_flexible_vs_baseline,10,0.0035013698630137592,0.00022452054794529225,0.006953972602739773,inconclusive,0.0012497281178067365,-0.0011593642566634554,0.003425491883506411,inconclusive,BG00274,release,average_utilization
both_flexible_vs_horizon_only,10,0.0035013698630137592,0.0004164383561646012,0.0070521917808219845,inconclusive,0.0012497281178067365,-0.0009754074302667687,0.0034441830848015776,inconclusive,BG00274,release,average_utilization
both_flexible_vs_reservation_only,10,0.0,0.0,0.0,inconclusive,0.0,0.0,0.0,inconclusive,BG00274,release,average_utilization
reservation_only_vs_horizon_only,10,0.0035013698630137592,0.00035616438356170785,0.0070138356164384475,inconclusive,0.0012497281178067365,-0.0011735322223647346,0.003514942936834055,inconclusive,BG00274,release,average_utilization
horizon_only_vs_baseline,10,0.014219178082191952,0.01288739726027367,0.015610958904109391,supported,0.006586100998822985,0.0020771252116730463,0.011081863279170198,supported,BG00275,release,average_utilization
reservation_only_vs_baseline,10,0.013265753424657434,0.01209863013698583,0.014542465753424725,supported,0.09086424679702103,0.0876271244780666,0.09388438767506482,supported,BG00275,release,average_utilization
both_flexible_vs_baseline,10,0.014630136986301334,0.013632739726027144,0.015534246575342216,supported,0.06823314678796781,0.06545741706746679,0.07098299068047169,supported,BG00275,release,average_utilization
both_flexible_vs_horizon_only,10,0.000410958904109382,-0.00048767123287737777,0.001205616438356947,inconclusive,0.06164704578914483,0.058041168046817915,0.06494712339545543,supported,BG00275,release,average_utilization
both_flexible_vs_reservation_only,10,0.0013643835616439005,0.0003889041095887228,0.0024876712328769776,inconclusive,-0.022631100009053218,-0.025622853449834847,-0.01969330089223734,contradicted,BG00275,release,average_utilization
reservation_only_vs_horizon_only,10,-0.0009534246575345184,-0.0021973972602746094,0.00031232876712332353,inconclusive,0.08427814579819805,0.08069921340896946,0.08768096341477215,supported,BG00275,release,average_utilization
horizon_only_vs_baseline,10,0.0,0.0,0.0,inconclusive,0.0,0.0,0.0,inconclusive,BG00276,release,average_utilization
reservation_only_vs_baseline,10,0.0,0.0,0.0,inconclusive,0.0,0.0,0.0,inconclusive,BG00276,release,average_utilization
both_flexible_vs_baseline,10,0.000958904109589298,-0.00018630136986290817,0.002208356164384144,inconclusive,-0.09753982267187382,-0.099635708501008,-0.09523794965746232,contradicted,BG00276,release,average_utilization
both_flexible_vs_horizon_only,10,0.000958904109589298,-0.00022479452054786764,0.0021479452054797956,inconclusive,-0.09753982267187382,-0.09970256323927804,-0.0953172019661922,contradicted,BG00276,release,average_utilization
both_flexible_vs_reservation_only,10,0.000958904109589298,-0.00017561643835609838,0.0021972602739724137,inconclusive,-0.09753982267187382,-0.09975346225646867,-0.09515572991636925,contradicted,BG00276,release,average_utilization
reservation_only_vs_horizon_only,10,0.0,0.0,0.0,inconclusive,0.0,0.0,0.0,inconclusive,BG00276,release,average_utilization
horizon_only_vs_baseline,10,0.0,0.0,0.0,inconclusive,0.0,0.0,0.0,inconclusive,BG00277,release,average_utilization
reservation_only_vs_baseline,10,0.0,0.0,0.0,inconclusive,0.0,0.0,0.0,inconclusive,BG00277,release,average_utilization
both_flexible_vs_baseline,10,0.0,0.0,0.0,inconclusive,0.0,0.0,0.0,inconclusive,BG00277,release,average_utilization
both_flexible_vs_horizon_only,10,0.0,0.0,0.0,inconclusive,0.0,0.0,0.0,inconclusive,BG00277,release,average_utilization
both_flexible_vs_reservation_only,10,0.0,0.0,0.0,inconclusive,0.0,0.0,0.0,inconclusive,BG00277,release,average_utilization
reservation_only_vs_horizon_only,10,0.0,0.0,0.0,inconclusive,0.0,0.0,0.0,inconclusive,BG00277,release,average_utilization
horizon_only_vs_baseline,10,0.0003972602739724551,-0.0015342465753428155,0.0020547945205477646,inconclusive,-0.0037771423157034133,-0.011969800900442968,0.005151768616064388,inconclusive,BG00278,release,average_utilization
reservation_only_vs_baseline,10,0.0022739726027395935,0.0008767123287671147,0.0036164383561640874,inconclusive,0.15859083116071332,0.15028393859339056,0.16622597954178628,supported,BG00278,release,average_utilization
both_flexible_vs_baseline,10,0.0022739726027395935,0.0009448630136983727,0.0036304794520548803,inconclusive,0.15859083116071332,0.15032368095782273,0.16616427290497812,supported,BG00278,release,average_utilization
both_flexible_vs_horizon_only,10,0.0018767123287671383,1.369863013699818e-05,0.0036849315068492334,inconclusive,0.16236797347641668,0.1542466191897381,0.17035709362386312,supported,BG00278,release,average_utilization
both_flexible_vs_reservation_only,10,0.0,0.0,0.0,inconclusive,0.0,0.0,0.0,inconclusive,BG00278,release,average_utilization
reservation_only_vs_horizon_only,10,0.0018767123287671383,5.4794520547995216e-05,0.003684931506849301,inconclusive,0.16236797347641668,0.15432900506708383,0.17059542225328866,supported,BG00278,release,average_utilization
horizon_only_vs_baseline,10,0.0,0.0,0.0,inconclusive,0.0,0.0,0.0,inconclusive,BG00279,release,average_utilization
reservation_only_vs_baseline,10,0.0031917808219180553,-0.001684931506848845,0.007713013698630432,inconclusive,-0.0017308319533468897,-0.005527467109461629,0.002219198805838077,inconclusive,BG00279,release,average_utilization
both_flexible_vs_baseline,10,0.0031917808219180553,-0.001623630136986012,0.007678595890411257,inconclusive,-0.0017308319533468897,-0.005447088896529885,0.0021738137489739715,inconclusive,BG00279,release,average_utilization
both_flexible_vs_horizon_only,10,0.0031917808219180553,-0.0015965753424652658,0.007897260273972816,inconclusive,-0.0017308319533468897,-0.005588921983257296,0.002257727157088361,inconclusive,BG00279,release,average_utilization
both_flexible_vs_reservation_only,10,0.0,0.0,0.0,inconclusive,0.0,0.0,0.0,inconclusive,BG00279,release,average_utilization
reservation_only_vs_horizon_only,10,0.0031917808219180553,-0.0017945205479448464,0.007822260273972783,inconclusive,-0.0017308319533468897,-0.005399017792709639,0.002285447696434168,inconclusive,BG00279,release,average_utilization
horizon_only_vs_baseline,10,0.0009497716894977026,-0.0020461187214613047,0.00381757990867612,inconclusive,-0.012715249655572903,-0.01961839958324455,-0.005994757159635404,contradicted,BG00280,release,average_utilization
reservation_only_vs_baseline,10,0.004557077625570982,0.0017347031963468491,0.007013926940639599,inconclusive,0.05392324859721857,0.04612490177573789,0.062100726588769244,supported,BG00280,release,average_utilization
both_flexible_vs_baseline,10,0.0046392694063926545,0.0017714611872144469,0.0073242009132421316,inconclusive,0.0556447821022034,0.04925845476812787,0.062063472719961744,supported,BG00280,release,average_utilization
both_flexible_vs_horizon_only,10,0.0036894977168949517,0.00013675799086723236,0.006255936073059553,inconclusive,0.06836003175777632,0.0629301477463669,0.07356974528449582,supported,BG00280,release,average_utilization
both_flexible_vs_reservation_only,10,8.219178082167212e-05,-0.003625799086758354,0.004255936073059272,inconclusive,0.0017215335049848347,-0.005064312897219035,0.008414202111014926,inconclusive,BG00280,release,average_utilization
reservation_only_vs_horizon_only,10,0.0036073059360732795,-0.00041095890410951794,0.00751598173516013,inconclusive,0.06663849825279147,0.06049608076825991,0.07166154986208954,supported,BG00280,release,average_utilization
horizon_only_vs_baseline,10,0.0,0.0,0.0,inconclusive,0.0,0.0,0.0,inconclusive,BG00281,release,average_utilization
reservation_only_vs_baseline,10,0.0,0.0,0.0,inconclusive,0.0,0.0,0.0,inconclusive,BG00281,release,average_utilization
both_flexible_vs_baseline,10,0.0,0.0,0.0,inconclusive,0.0,0.0,0.0,inconclusive,BG00281,release,average_utilization
both_flexible_vs_horizon_only,10,0.0,0.0,0.0,inconclusive,0.0,0.0,0.0,inconclusive,BG00281,release,average_utilization
both_flexible_vs_reservation_only,10,0.0,0.0,0.0,inconclusive,0.0,0.0,0.0,inconclusive,BG00281,release,average_utilization
reservation_only_vs_horizon_only,10,0.0,0.0,0.0,inconclusive,0.0,0.0,0.0,inconclusive,BG00281,release,average_utilization
horizon_only_vs_baseline,10,0.0,0.0,0.0,inconclusive,0.0,0.0,0.0,inconclusive,BG00282,release,average_utilization
reservation_only_vs_baseline,10,0.001342465753424471,-0.001315068493150619,0.004219178082191511,inconclusive,-0.012589994919253856,-0.02135826658173479,-0.0025922006383918934,contradicted,BG00282,release,average_utilization
both_flexible_vs_baseline,10,0.001342465753424471,-0.0012606164383563705,0.004260273972602264,inconclusive,-0.012589994919253856,-0.021077255816041342,-0.0028722154638385886,contradicted,BG00282,release,average_utilization
both_flexible_vs_horizon_only,10,0.001342465753424471,-0.0012743150684932088,0.004191780821917247,inconclusive,-0.012589994919253856,-0.020960850259180874,-0.0028700777520732743,contradicted,BG00282,release,average_utilization
both_flexible_vs_reservation_only,10,0.0,0.0,0.0,inconclusive,0.0,0.0,0.0,inconclusive,BG00282,release,average_utilization
reservation_only_vs_horizon_only,10,0.001342465753424471,-0.0012602739726028786,0.004260273972602271,inconclusive,-0.012589994919253856,-0.020970895027887546,-0.0025848186388503233,contradicted,BG00282,release,average_utilization
horizon_only_vs_baseline,10,0.0017442922374427462,-0.00022831050228324878,0.003616438356164115,inconclusive,0.006337049178718657,0.0007881239272976226,0.012562506720076014,supported,BG00283,release,average_utilization
reservation_only_vs_baseline,10,0.005324200913241717,0.0035066210045659944,0.006849543378995377,supported,0.059454308281132906,0.05252659216712372,0.06627912643596369,supported,BG00283,release,average_utilization
both_flexible_vs_baseline,10,0.006694063926940286,0.0044109589041093486,0.008959132420091042,supported,0.0551398028601468,0.04946938921527065,0.06074244813368713,supported,BG00283,release,average_utilization
both_flexible_vs_horizon_only,10,0.004949771689497539,0.0035799086757988038,0.006392922374429093,inconclusive,0.04880275368142815,0.04541579878201947,0.05243746972906585,supported,BG00283,release,average_utilization
both_flexible_vs_reservation_only,10,0.001369863013698569,0.00030136986301382203,0.002429223744292153,inconclusive,-0.004314505420986103,-0.010206265652527512,0.0010128897752662283,inconclusive,BG00283,release,average_utilization
reservation_only_vs_horizon_only,10,0.0035799086757989707,0.002520547945205498,0.004611872146118536,inconclusive,0.05311725910241425,0.04826807543055481,0.057877310539270616,supported,BG00283,release,average_utilization
horizon_only_vs_baseline,10,0.0,0.0,0.0,inconclusive,0.0,0.0,0.0,inconclusive,BG00284,release,average_utilization
reservation_only_vs_baseline,10,0.0025616438356164672,-0.002999999999999914,0.008377397260273995,inconclusive,-0.0015879515653372423,-0.0037752708487157893,0.000899365671838068,inconclusive,BG00284,release,average_utilization
both_flexible_vs_baseline,10,0.0025616438356164672,-0.002959075342465612,0.008275342465753401,inconclusive,-0.0015879515653372423,-0.0037768383943105758,0.0008864587756488378,inconclusive,BG00284,release,average_utilization
both_flexible_vs_horizon_only,10,0.0025616438356164672,-0.003089383561643747,0.00839760273972612,inconclusive,-0.0015879515653372423,-0.0038101965360459924,0.0008736407977394007,inconclusive,BG00284,release,average_utilization
both_flexible_vs_reservation_only,10,0.0,0.0,0.0,inconclusive,0.0,0.0,0.0,inconclusive,BG00284,release,average_utilization
reservation_only_vs_horizon_only,10,0.0025616438356164672,-0.0029178082191779974,0.008260273972602795,inconclusive,-0.0015879515653372423,-0.003772970554494811,0.000844324034158539,inconclusive,BG00284,release,average_utilization
horizon_only_vs_baseline,10,0.006904109589040974,0.004648173515981909,0.009114155251141365,supported,0.030681761892205162,0.027082628605698572,0.03421298218603178,supported,BG00285,release,average_utilization
reservation_only_vs_baseline,10,0.03449315068493081,0.03184452054794421,0.03716004566209964,supported,0.1857959776601917,0.18214414811797883,0.18987379507339974,supported,BG00285,release,average_utilization
both_flexible_vs_baseline,10,0.03449315068493081,0.031917579908675074,0.03728789954337815,supported,0.1857959776601917,0.18215332574328255,0.19001523601738682,supported,BG00285,release,average_utilization
both_flexible_vs_horizon_only,10,0.027589041095889832,0.02481255707762475,0.030164383561643308,supported,0.15511421576798654,0.15080224265892614,0.1587322365907256,supported,BG00285,release,average_utilization
both_flexible_vs_reservation_only,10,0.0,0.0,0.0,inconclusive,0.0,0.0,0.0,inconclusive,BG00285,release,average_utilization
reservation_only_vs_horizon_only,10,0.027589041095889832,0.024711872146118016,0.030155479452054344,supported,0.15511421576798654,0.15086409417153032,0.1586881909104762,supported,BG00285,release,average_utilization
horizon_only_vs_baseline,10,0.0,0.0,0.0,inconclusive,0.0,0.0,0.0,inconclusive,BG00286,release,average_utilization
reservation_only_vs_baseline,10,0.0,0.0,0.0,inconclusive,0.0,0.0,0.0,inconclusive,BG00286,release,average_utilization
both_flexible_vs_baseline,10,0.0019452054794522721,-0.00032876712328728077,0.004104246575342775,inconclusive,-0.0007503719382326634,-0.004038130577497073,0.0023448641574253604,inconclusive,BG00286,release,average_utilization
both_flexible_vs_horizon_only,10,0.0019452054794522721,-0.0003124657534243885,0.00412068493150725,inconclusive,-0.0007503719382326634,-0.0039464798054924715,0.0023636874478384267,inconclusive,BG00286,release,average_utilization
both_flexible_vs_reservation_only,10,0.0019452054794522721,-0.0003835616438353295,0.004005616438356481,inconclusive,-0.0007503719382326634,-0.004159089005368701,0.002225494477278103,inconclusive,BG00286,release,average_utilization
reservation_only_vs_horizon_only,10,0.0,0.0,0.0,inconclusive,0.0,0.0,0.0,inconclusive,BG00286,release,average_utilization
horizon_only_vs_baseline,10,0.0,0.0,0.0,inconclusive,0.0,0.0,0.0,inconclusive,BG00287,release,average_utilization
reservation_only_vs_baseline,10,0.0006438356164382819,-0.0004113013698628392,0.0016301369863009909,inconclusive,0.0011170553746728262,-0.004557344059322107,0.006313135000020891,inconclusive,BG00287,release,average_utilization
both_flexible_vs_baseline,10,0.0006438356164382819,-0.0003835616438354508,0.001684931506848703,inconclusive,0.0011170553746728262,-0.004309961684284611,0.0062683128206527895,inconclusive,BG00287,release,average_utilization
both_flexible_vs_horizon_only,10,0.0006438356164382819,-0.0003972602739722686,0.0016849315068487019,inconclusive,0.0011170553746728262,-0.00443017859788711,0.006539136942655438,inconclusive,BG00287,release,average_utilization
both_flexible_vs_reservation_only,10,0.0,0.0,0.0,inconclusive,0.0,0.0,0.0,inconclusive,BG00287,release,average_utilization
reservation_only_vs_horizon_only,10,0.0006438356164382819,-0.0003976027397258962,0.0016986301369859252,inconclusive,0.0011170553746728262,-0.0042945560217563005,0.006551289767181398,inconclusive,BG00287,release,average_utilization
horizon_only_vs_baseline,10,0.052290410958903674,0.05055890410958876,0.05422465753424586,supported,-0.02158799637181416,-0.02536273077999513,-0.018208750796420786,contradicted,BG00288,release,average_utilization
reservation_only_vs_baseline,10,0.059972602739725336,0.05876698630136903,0.06128219178082102,supported,0.24030028735310277,0.23768417436366074,0.2428112043539998,supported,BG00288,release,average_utilization
both_flexible_vs_baseline,10,0.059972602739725336,0.058789041095889664,0.061287671232875714,supported,0.24030028735310277,0.23771788585401682,0.24277552876578382,supported,BG00288,release,average_utilization
both_flexible_vs_horizon_only,10,0.007682191780821657,0.0063999999999999595,0.008794520547944756,supported,0.2618882837249169,0.2579057379608473,0.26578354407406335,supported,BG00288,release,average_utilization
both_flexible_vs_reservation_only,10,0.0,0.0,0.0,inconclusive,0.0,0.0,0.0,inconclusive,BG00288,release,average_utilization
reservation_only_vs_horizon_only,10,0.007682191780821657,0.00640547945205474,0.008816438356164115,supported,0.2618882837249169,0.2578977692450565,0.26565874820514696,supported,BG00288,release,average_utilization
horizon_only_vs_baseline,10,0.0019041095890410475,-0.0005481164383562045,0.004602739726027208,inconclusive,0.0005806026972916933,-0.0013578540500182377,0.0028541468156029334,inconclusive,BG00289,release,average_utilization
reservation_only_vs_baseline,10,0.0011095890410960708,-0.0016577054794513861,0.004273972602739595,inconclusive,0.04251349855465224,0.03889982953977197,0.046066345683238454,supported,BG00289,release,average_utilization
both_flexible_vs_baseline,10,0.0019315068493150679,0.00017808219178094747,0.003636986301370118,inconclusive,0.03596495389363123,0.03415603210234424,0.03793691699925889,supported,BG00289,release,average_utilization
both_flexible_vs_horizon_only,10,2.739726027402023e-05,-0.0021232876712326014,0.002178253424657698,inconclusive,0.035384351196339536,0.03333128573935724,0.037430196490793426,supported,BG00289,release,average_utilization
both_flexible_vs_reservation_only,10,0.0008219178082189971,-0.001198630136986044,0.0029522260273968067,inconclusive,-0.006548544661021005,-0.009161280241698579,-0.004013311842013285,contradicted,BG00289,release,average_utilization
reservation_only_vs_horizon_only,10,-0.0007945205479449769,-0.002767123287670541,0.0010479452054793109,inconclusive,0.04193289585736054,0.03969324705293287,0.044113681060783005,supported,BG00289,release,average_utilization
horizon_only_vs_baseline,10,0.0,0.0,0.0,inconclusive,0.0,0.0,0.0,inconclusive,BG00290,release,average_utilization
reservation_only_vs_baseline,10,0.0,0.0,0.0,inconclusive,0.0,0.0,0.0,inconclusive,BG00290,release,average_utilization
both_flexible_vs_baseline,10,0.00043835616438355764,-0.0016027397260274245,0.002932191780821853,inconclusive,-0.00013362856674707934,-0.001105614500591893,0.0012173182277812379,inconclusive,BG00290,release,average_utilization
both_flexible_vs_horizon_only,10,0.00043835616438355764,-0.0016164383561643625,0.0029589041095890336,inconclusive,-0.00013362856674707934,-0.0011196154526646814,0.0012089741517702195,inconclusive,BG00290,release,average_utilization
both_flexible_vs_reservation_only,10,0.00043835616438355764,-0.0016027397260274026,0.00301404109589042,inconclusive,-0.00013362856674707934,-0.0011336297515237694,0.0012331816836896325,inconclusive,BG00290,release,average_utilization
reservation_only_vs_horizon_only,10,0.0,0.0,0.0,inconclusive,0.0,0.0,0.0,inconclusive,BG00290,release,average_utilization
horizon_only_vs_baseline,10,0.005435616438356094,0.0034575342465753777,0.0075068493150680935,supported,0.010465335916656276,0.009105774013697252,0.011683305042932418,supported,BG00291,release,average_utilization
reservation_only_vs_baseline,10,0.0028547945205476986,0.0014079452054791648,0.004268630136986841,inconclusive,0.001667086652608174,0.0005048989465039173,0.002889515931627933,inconclusive,BG00291,release,average_utilization
both_flexible_vs_baseline,10,0.006953424657533902,0.005490273972602661,0.008312328767123034,supported,0.01025240215756581,0.009078826857391925,0.011542107818941582,supported,BG00291,release,average_utilization
both_flexible_vs_horizon_only,10,0.0015178082191778075,-0.00033424657534250087,0.0034465753424651143,inconclusive,-0.00021293375909046676,-0.002011551009707782,0.0016130325927657034,inconclusive,BG00291,release,average_utilization
both_flexible_vs_reservation_only,10,0.0040986301369862034,0.0028382191780822173,0.005260273972602397,inconclusive,0.008585315504957636,0.00665053199696964,0.010546433027438002,supported,BG00291,release,average_utilization
reservation_only_vs_horizon_only,10,-0.0025808219178083958,-0.003583698630137115,-0.0014301369863014527,inconclusive,-0.008798249264048102,-0.009763802148024093,-0.007766106505662606,contradicted,BG00291,release,average_utilization
horizon_only_vs_baseline,10,0.0,0.0,0.0,inconclusive,0.0,0.0,0.0,inconclusive,BG00292,release,average_utilization
reservation_only_vs_baseline,10,0.0016073059360731223,-0.0018447488584473698,0.005607534246575544,inconclusive,-0.0027264231977972677,-0.004756924406721921,-0.0006828990635687114,inconclusive,BG00292,release,average_utilization
both_flexible_vs_baseline,10,0.0016073059360731223,-0.0017719178082192706,0.005525114155251491,inconclusive,-0.0027264231977972677,-0.004732626876706127,-0.0007062703342931111,inconclusive,BG00292,release,average_utilization
both_flexible_vs_horizon_only,10,0.0016073059360731223,-0.0018264840182649843,0.005443150684931747,inconclusive,-0.0027264231977972677,-0.004766224159100667,-0.0006963368373561869,inconclusive,BG00292,release,average_utilization
both_flexible_vs_reservation_only,10,0.0,0.0,0.0,inconclusive,0.0,0.0,0.0,inconclusive,BG00292,release,average_utilization
reservation_only_vs_horizon_only,10,0.0016073059360731223,-0.00193630136986302,0.005424657534246894,inconclusive,-0.0027264231977972677,-0.0047660981394900635,-0.00064896912509753,inconclusive,BG00292,release,average_utilization
horizon_only_vs_baseline,10,0.0,0.0,0.0,inconclusive,0.0,0.0,0.0,inconclusive,BG00293,release,average_utilization
reservation_only_vs_baseline,10,0.0015068493150686701,-0.0035438356164380885,0.006420319634703233,inconclusive,-0.001600192084508212,-0.004682485852757953,0.0029799113023110174,inconclusive,BG00293,release,average_utilization
both_flexible_vs_baseline,10,0.0015068493150686701,-0.0037356164383559147,0.006384018264840148,inconclusive,-0.001600192084508212,-0.004705428900631805,0.002828065961288665,inconclusive,BG00293,release,average_utilization
both_flexible_vs_horizon_only,10,0.0015068493150686701,-0.0034162100456618487,0.006438356164383619,inconclusive,-0.001600192084508212,-0.00470807978713664,0.002752081949379693,inconclusive,BG00293,release,average_utilization
both_flexible_vs_reservation_only,10,0.0,0.0,0.0,inconclusive,0.0,0.0,0.0,inconclusive,BG00293,release,average_utilization
reservation_only_vs_horizon_only,10,0.0015068493150686701,-0.003771917808218961,0.006538812785388037,inconclusive,-0.001600192084508212,-0.0046874761215211025,0.002817416759862203,inconclusive,BG00293,release,average_utilization
horizon_only_vs_baseline,10,0.00029223744292224965,-0.003324657534246533,0.003625570776255419,inconclusive,0.00018994899105106433,-0.002490215670444884,0.0027115296196348108,inconclusive,BG00294,release,average_utilization
reservation_only_vs_baseline,10,0.021278538812784898,0.01804543378995381,0.024283333333332952,supported,-0.0016456094332334137,-0.0031929092634714914,0.00036489797152117946,inconclusive,BG00294,release,average_utilization
both_flexible_vs_baseline,10,0.02158904109589006,0.018328767123287466,0.024748858447488,supported,-0.002639335601909781,-0.00669131740403505,0.0012110005824253285,inconclusive,BG00294,release,average_utilization
both_flexible_vs_horizon_only,10,0.02129680365296781,0.019013698630136817,0.023452054794520116,supported,-0.002829284592960846,-0.005224445700878126,-0.0006770830417612913,inconclusive,BG00294,release,average_utilization
both_flexible_vs_reservation_only,10,0.00031050228310516295,-0.002374429223743935,0.002529908675799085,inconclusive,-0.0009937261686763677,-0.004598923827127638,0.002091699526515355,inconclusive,BG00294,release,average_utilization
reservation_only_vs_horizon_only,10,0.020986301369862646,0.018438127853880895,0.02311438356164317,supported,-0.001835558424284478,-0.003997727268884994,0.0007799208107369005,inconclusive,BG00294,release,average_utilization
horizon_only_vs_baseline,10,0.0,0.0,0.0,inconclusive,0.0,0.0,0.0,inconclusive,BG00295,release,average_utilization
reservation_only_vs_baseline,10,0.0020547945205479645,-0.0005479452054794307,0.004493378995433819,inconclusive,-0.028834580253844423,-0.033599450334959424,-0.024354099990967312,contradicted,BG00295,release,average_utilization
both_flexible_vs_baseline,10,0.0026027397260274254,-0.0011872146118719132,0.005963698630136928,inconclusive,-0.03414323318056237,-0.038101877987913785,-0.030476647315627173,contradicted,BG00295,release,average_utilization
both_flexible_vs_horizon_only,10,0.0026027397260274254,-0.0014340182648399772,0.00604566210045651,inconclusive,-0.03414323318056237,-0.038155554523759475,-0.03048255587273449,contradicted,BG00295,release,average_utilization
both_flexible_vs_reservation_only,10,0.0005479452054794609,-0.002502511415525193,0.0037442922374429496,inconclusive,-0.005308652926717949,-0.009163598774015232,-0.0014147223810557835,contradicted,BG00295,release,average_utilization
reservation_only_vs_horizon_only,10,0.0020547945205479645,-0.000529680365296762,0.004538812785388236,inconclusive,-0.028834580253844423,-0.03361010103311434,-0.024353177165302053,contradicted,BG00295,release,average_utilization
horizon_only_vs_baseline,10,0.0,0.0,0.0,inconclusive,0.0,0.0,0.0,inconclusive,BG00296,release,average_utilization
reservation_only_vs_baseline,10,0.0010684931506848572,-4.9589041096074944e-05,0.002432876712328233,inconclusive,0.055669604172694745,0.05191535641425658,0.05985301005750721,supported,BG00296,release,average_utilization
both_flexible_vs_baseline,10,0.0010684931506848572,-6.589041095877986e-05,0.0024878082191781025,inconclusive,0.055669604172694745,0.051852533208873265,0.05972740534274769,supported,BG00296,release,average_utilization
both_flexible_vs_horizon_only,10,0.0010684931506848572,-7.671232876702182e-05,0.0024550684931505104,inconclusive,0.055669604172694745,0.051852649186137016,0.059594307840225715,supported,BG00296,release,average_utilization
both_flexible_vs_reservation_only,10,0.0,0.0,0.0,inconclusive,0.0,0.0,0.0,inconclusive,BG00296,release,average_utilization
reservation_only_vs_horizon_only,10,0.0010684931506848572,-0.00010410958904100681,0.0024823287671234804,inconclusive,0.055669604172694745,0.05174923614582045,0.059727386414538966,supported,BG00296,release,average_utilization
horizon_only_vs_baseline,10,0.0,0.0,0.0,inconclusive,0.0,0.0,0.0,inconclusive,BG00297,release,average_utilization
reservation_only_vs_baseline,10,0.0,0.0,0.0,inconclusive,0.0,0.0,0.0,inconclusive,BG00297,release,average_utilization
both_flexible_vs_baseline,10,0.0011575342465753758,-0.0017330479452055028,0.004240239726027366,inconclusive,0.00253685788265543,0.0004027844179057611,0.004565046600744195,inconclusive,BG00297,release,average_utilization
both_flexible_vs_horizon_only,10,0.0011575342465753758,-0.0016782534246574492,0.004267123287671181,inconclusive,0.00253685788265543,0.0004312017016853531,0.004548624323876505,inconclusive,BG00297,release,average_utilization
both_flexible_vs_reservation_only,10,0.0011575342465753758,-0.0017465753424655962,0.004205650684931506,inconclusive,0.00253685788265543,0.00039997691126264615,0.004580980753358886,inconclusive,BG00297,release,average_utilization
reservation_only_vs_horizon_only,10,0.0,0.0,0.0,inconclusive,0.0,0.0,0.0,inconclusive,BG00297,release,average_utilization
horizon_only_vs_baseline,10,0.0,0.0,0.0,inconclusive,0.0,0.0,0.0,inconclusive,BG00298,release,average_utilization
reservation_only_vs_baseline,10,0.0009178082191782621,-0.0026027397260270724,0.004123287671232935,inconclusive,-0.0015311932797489104,-0.003132542532688276,-0.0001208215762746392,inconclusive,BG00298,release,average_utilization
both_flexible_vs_baseline,10,0.0009178082191782621,-0.002671575342465548,0.00410958904109601,inconclusive,-0.0015311932797489104,-0.003136190291400953,-0.00011187915162091587,inconclusive,BG00298,release,average_utilization
both_flexible_vs_horizon_only,10,0.0009178082191782621,-0.0027537671232874222,0.004082191780822043,inconclusive,-0.0015311932797489104,-0.0031584036183849623,-0.000148098501762112,inconclusive,BG00298,release,average_utilization
both_flexible_vs_reservation_only,10,0.0,0.0,0.0,inconclusive,0.0,0.0,0.0,inconclusive,BG00298,release,average_utilization
reservation_only_vs_horizon_only,10,0.0009178082191782621,-0.0025890410958901333,0.004178424657534335,inconclusive,-0.0015311932797489104,-0.0031319661834437506,-0.00011808812544443518,inconclusive,BG00298,release,average_utilization
horizon_only_vs_baseline,10,0.031260273972602545,0.025465410958903766,0.036493150684931225,supported,0.003774182878231891,0.0009157165541277089,0.006584227741622367,inconclusive,BG00299,release,average_utilization
reservation_only_vs_baseline,10,0.12524657534246333,0.12194520547944934,0.12863013698629894,supported,0.10406538391226479,0.10073798945954336,0.10733481775397172,supported,BG00299,release,average_utilization
both_flexible_vs_baseline,10,0.12602739726027154,0.12247910958903853,0.12971267123287455,supported,0.10287508066314435,0.09928750054283225,0.10628873960706055,supported,BG00299,release,average_utilization
both_flexible_vs_horizon_only,10,0.09476712328766898,0.09139726027397024,0.09827431506849126,supported,0.09910089778491245,0.0968410241856442,0.10148794004699646,supported,BG00299,release,average_utilization
both_flexible_vs_reservation_only,10,0.0007808219178082276,-0.0020821917808218743,0.003479794520547854,inconclusive,-0.0011903032491204558,-0.0035705393449707175,0.0015584041435489577,inconclusive,BG00299,release,average_utilization
reservation_only_vs_horizon_only,10,0.09398630136986076,0.09024623287670995,0.09764417808218954,supported,0.10029120103403288,0.09750479999310967,0.10289190688162479,supported,BG00299,release,average_utilization
horizon_only_vs_baseline,10,0.0006118721461188525,-0.0018541095890411167,0.003488584474885942,inconclusive,0.003684864270674304,-4.110317558437558e-07,0.007482708638581288,inconclusive,BG00300,release,average_utilization
reservation_only_vs_baseline,10,0.009525114155251401,0.0062648401826486495,0.012612557077625965,supported,-0.05884021621800169,-0.06263626387177093,-0.05528187631426287,contradicted,BG00300,release,average_utilization
both_flexible_vs_baseline,10,0.009525114155251401,0.0062826484018264255,0.012712328767123776,supported,-0.05884021621800169,-0.06267491599534467,-0.05540418677319682,contradicted,BG00300,release,average_utilization
both_flexible_vs_horizon_only,10,0.008913242009132549,0.004281963470319616,0.012264840182648333,supported,-0.062525080488676,-0.06454562559811128,-0.06032074702493983,contradicted,BG00300,release,average_utilization
both_flexible_vs_reservation_only,10,0.0,0.0,0.0,inconclusive,0.0,0.0,0.0,inconclusive,BG00300,release,average_utilization
reservation_only_vs_horizon_only,10,0.008913242009132549,0.004301141552511314,0.012255707762557065,supported,-0.062525080488676,-0.06458171514023042,-0.06041467017128974,contradicted,BG00300,release,average_utilization
horizon_only_vs_baseline,10,0.0,0.0,0.0,inconclusive,0.0,0.0,0.0,inconclusive,BG00301,release,average_utilization
reservation_only_vs_baseline,10,0.001041095890410948,-0.000486301369863007,0.0036369863013698154,inconclusive,0.00015417475343088016,-9.370330237210567e-05,0.0005904075695088257,inconclusive,BG00301,release,average_utilization
both_flexible_vs_baseline,10,0.001041095890410948,-0.000486301369863007,0.003643835616438307,inconclusive,0.00015417475343088016,-8.983929075287916e-05,0.0005972306235570545,inconclusive,BG00301,release,average_utilization
both_flexible_vs_horizon_only,10,0.001041095890410948,-0.0004794520547945158,0.0036369863013698154,inconclusive,0.00015417475343088016,-9.017254554850502e-05,0.0005898602245491991,inconclusive,BG00301,release,average_utilization
both_flexible_vs_reservation_only,10,0.0,0.0,0.0,inconclusive,0.0,0.0,0.0,inconclusive,BG00301,release,average_utilization
reservation_only_vs_horizon_only,10,0.001041095890410948,-0.0004794520547945158,0.003643835616438307,inconclusive,0.00015417475343088016,-9.35024615241714e-05,0.0005972310525027438,inconclusive,BG00301,release,average_utilization
horizon_only_vs_baseline,10,0.0,0.0,0.0,inconclusive,0.0,0.0,0.0,inconclusive,BG00302,release,average_utilization
reservation_only_vs_baseline,10,0.0012054794520548694,-0.001534474885844818,0.004685159817351754,inconclusive,5.1515751817610145e-05,-0.0019068269031858563,0.0022319987590423626,inconclusive,BG00302,release,average_utilization
both_flexible_vs_baseline,10,0.0012054794520548694,-0.0015712328767123922,0.004547945205479423,inconclusive,5.1515751817610145e-05,-0.0018171366458678857,0.002096648906912381,inconclusive,BG00302,release,average_utilization
both_flexible_vs_horizon_only,10,0.0012054794520548694,-0.0015707762557078287,0.004612785388127954,inconclusive,5.1515751817610145e-05,-0.0018572145558898052,0.002125811631354227,inconclusive,BG00302,release,average_utilization
both_flexible_vs_reservation_only,10,0.0,0.0,0.0,inconclusive,0.0,0.0,0.0,inconclusive,BG00302,release,average_utilization
reservation_only_vs_horizon_only,10,0.0012054794520548694,-0.0015342465753425349,0.0047675799086762515,inconclusive,5.1515751817610145e-05,-0.001921908346622946,0.00209216925691648,inconclusive,BG00302,release,average_utilization
horizon_only_vs_baseline,10,0.0010684931506845796,-0.0027808219178085732,0.004643835616437776,inconclusive,0.007764513112750826,0.0005846154547959784,0.014769226904573395,supported,BG00303,release,average_utilization
reservation_only_vs_baseline,10,0.0032465753424656962,-0.00042465753424629157,0.006972945205479306,inconclusive,0.009186723200687596,0.0015128322862341284,0.01613496615962997,supported,BG00303,release,average_utilization
both_flexible_vs_baseline,10,0.0032465753424656962,-0.0006030821917809835,0.006918150684931278,inconclusive,0.009186723200687596,0.0013078848038846657,0.01635518985026083,supported,BG00303,release,average_utilization
both_flexible_vs_horizon_only,10,0.0021780821917811166,4.0753424657950075e-05,0.004123287671232877,inconclusive,0.0014222100879367704,-0.003524099095887376,0.007845589781087037,inconclusive,BG00303,release,average_utilization
both_flexible_vs_reservation_only,10,0.0,0.0,0.0,inconclusive,0.0,0.0,0.0,inconclusive,BG00303,release,average_utilization
reservation_only_vs_horizon_only,10,0.0021780821917811166,1.3698630137778112e-05,0.004233219178082466,inconclusive,0.0014222100879367704,-0.0035751404788532874,0.007880133474058325,inconclusive,BG00303,release,average_utilization
horizon_only_vs_baseline,10,0.0008767123287669488,-0.0012054794520548807,0.0038082191780817952,inconclusive,0.00024139873726874983,-0.00017836301265334865,0.0008093963443472019,inconclusive,BG00304,release,average_utilization
reservation_only_vs_baseline,10,0.00112328767123262,-8.2191780822094e-05,0.003452054794519999,inconclusive,-0.0009536026629450856,-0.0023127980881953113,3.397771188928811e-06,inconclusive,BG00304,release,average_utilization
both_flexible_vs_baseline,10,0.00112328767123262,-8.2191780822094e-05,0.0034520547945199992,inconclusive,-0.0009536026629450856,-0.0023127980881953113,3.2943215002134705e-06,inconclusive,BG00304,release,average_utilization
both_flexible_vs_horizon_only,10,0.00024657534246567134,-0.0034246575342462447,0.003480821917807899,inconclusive,-0.0011950014002138354,-0.0023271050851079193,-0.00022891606192548732,inconclusive,BG00304,release,average_utilization
both_flexible_vs_reservation_only,10,0.0,0.0,0.0,inconclusive,0.0,0.0,0.0,inconclusive,BG00304,release,average_utilization
reservation_only_vs_horizon_only,10,0.00024657534246567134,-0.0034246575342462447,0.003753424657533655,inconclusive,-0.0011950014002138354,-0.002359843482111302,-0.0002289264317923201,inconclusive,BG00304,release,average_utilization
horizon_only_vs_baseline,10,0.0,0.0,0.0,inconclusive,0.0,0.0,0.0,inconclusive,BG00305,release,average_utilization
reservation_only_vs_baseline,10,0.011086757990867568,0.00872123287671212,0.013981963470319705,supported,0.03685807935587095,0.03260003758333596,0.04137345411536255,supported,BG00305,release,average_utilization
both_flexible_vs_baseline,10,0.012456621004566126,0.010401826484018294,0.014365296803652753,supported,0.04119085788938929,0.03751566801143645,0.04511278316325499,supported,BG00305,release,average_utilization
both_flexible_vs_horizon_only,10,0.012456621004566126,0.010529223744291934,0.014292237442922254,supported,0.04119085788938929,0.03758898018144629,0.045054276378845036,supported,BG00305,release,average_utilization
both_flexible_vs_reservation_only,10,0.001369863013698558,-0.001013698630137095,0.003854109589041153,inconclusive,0.0043327785335183335,0.002534157972220753,0.006165201630919077,inconclusive,BG00305,release,average_utilization
reservation_only_vs_horizon_only,10,0.011086757990867568,0.008721461187214636,0.013881278538812776,supported,0.03685807935587095,0.03257448926224675,0.04145820598574266,supported,BG00305,release,average_utilization
horizon_only_vs_baseline,10,0.0,0.0,0.0,inconclusive,0.0,0.0,0.0,inconclusive,BG00306,release,average_utilization
reservation_only_vs_baseline,10,0.0015342465753427682,-0.0011326484018260824,0.0041006849315074045,inconclusive,0.0034635803697365963,-0.00058904396726425,0.007359423304572378,inconclusive,BG00306,release,average_utilization
both_flexible_vs_baseline,10,0.0029954337899546824,-0.00024680365296798424,0.006958904109589326,inconclusive,0.002502202487775218,-0.002665984114442699,0.007521657707791449,inconclusive,BG00306,release,average_utilization
both_flexible_vs_horizon_only,10,0.0029954337899546824,-0.00015547945205463565,0.006776484018265421,inconclusive,0.002502202487775218,-0.0024801517885050172,0.0076977718833934694,inconclusive,BG00306,release,average_utilization
both_flexible_vs_reservation_only,10,0.0014611872146119143,-0.0024931506849315897,0.005525342465753719,inconclusive,-0.0009613778819613783,-0.0051769744653944304,0.0032983421169666986,inconclusive,BG00306,release,average_utilization
reservation_only_vs_horizon_only,10,0.0015342465753427682,-0.0010867579908672186,0.00404566210045697,inconclusive,0.0034635803697365963,-0.0005953633914638542,0.0073825000044469916,inconclusive,BG00306,release,average_utilization
horizon_only_vs_baseline,10,0.0,0.0,0.0,inconclusive,0.0,0.0,0.0,inconclusive,BG00307,release,average_utilization
reservation_only_vs_baseline,10,0.0,0.0,0.0,inconclusive,0.0,0.0,0.0,inconclusive,BG00307,release,average_utilization
both_flexible_vs_baseline,10,0.0007031963470320868,-0.001378995433789612,0.0027031963470316367,inconclusive,0.06496062288123237,0.06110886398919006,0.0691598508114055,supported,BG00307,release,average_utilization
both_flexible_vs_horizon_only,10,0.0007031963470320868,-0.0014979452054791154,0.0026392694063926483,inconclusive,0.06496062288123237,0.06100022205487947,0.06926806418714003,supported,BG00307,release,average_utilization
both_flexible_vs_reservation_only,10,0.0007031963470320868,-0.0013881278538808391,0.0026577625570778514,inconclusive,0.06496062288123237,0.061208203087451014,0.06924474141871172,supported,BG00307,release,average_utilization
reservation_only_vs_horizon_only,10,0.0,0.0,0.0,inconclusive,0.0,0.0,0.0,inconclusive,BG00307,release,average_utilization
horizon_only_vs_baseline,10,0.0002100456621004776,0.0,0.0006301369863014328,inconclusive,0.0013579608894020768,0.0,0.00407388266820623,inconclusive,BG00308,release,average_utilization
reservation_only_vs_baseline,10,0.0016894977168951386,-0.00019178082191749767,0.0036438356164379977,inconclusive,-0.0003468843121216092,-0.0038098931452717963,0.00310079287487977,inconclusive,BG00308,release,average_utilization
both_flexible_vs_baseline,10,0.0018173515981735999,-0.00021004566209996135,0.0038721461187213153,inconclusive,-0.0005102716068780599,-0.004199378563958417,0.0032269465059481055,inconclusive,BG00308,release,average_utilization
both_flexible_vs_horizon_only,10,0.0016073059360731223,-0.0006942922374428189,0.0038082191780819674,inconclusive,-0.0018682324962801366,-0.005060784374872323,0.0013790496512076143,inconclusive,BG00308,release,average_utilization
both_flexible_vs_reservation_only,10,0.00012785388127846132,0.0,0.0003835616438353839,inconclusive,-0.00016338729475645075,-0.0004901618842693522,0.0,inconclusive,BG00308,release,average_utilization
reservation_only_vs_horizon_only,10,0.001479452054794661,-0.0007488584474881227,0.003643835616438055,inconclusive,-0.001704845201523686,-0.004708186014140952,0.0014365205362065275,inconclusive,BG00308,release,average_utilization
horizon_only_vs_baseline,10,0.0,0.0,0.0,inconclusive,0.0,0.0,0.0,inconclusive,BG00309,release,average_utilization
reservation_only_vs_baseline,10,0.001219178082191974,-0.0014934931506846005,0.004041438356164396,inconclusive,-0.05877717094833625,-0.06885171007127978,-0.048197997659975046,contradicted,BG00309,release,average_utilization
both_flexible_vs_baseline,10,0.0030958904109591014,0.0001917808219179748,0.006068835616438895,inconclusive,-0.05738998238937056,-0.06525505303151857,-0.048041706092373154,contradicted,BG00309,release,average_utilization
both_flexible_vs_horizon_only,10,0.0030958904109591014,0.0002739726027397244,0.0059592465753429465,inconclusive,-0.05738998238937056,-0.06526292226324794,-0.048426146746956715,contradicted,BG00309,release,average_utilization
both_flexible_vs_reservation_only,10,0.0018767123287671272,-0.0013017123287673018,0.005657534246575238,inconclusive,0.0013871885589656907,-0.005445278553379344,0.009199498164354645,inconclusive,BG00309,release,average_utilization
reservation_only_vs_horizon_only,10,0.001219178082191974,-0.0015756849315066632,0.004055136986301905,inconclusive,-0.05877717094833625,-0.06845378675721524,-0.0483864651090819,contradicted,BG00309,release,average_utilization
horizon_only_vs_baseline,10,0.0005342465753426118,-0.0012948630136987817,0.0024864726027405168,inconclusive,-0.0011740902250896412,-0.0037706633627181247,0.0013970019263990167,inconclusive,BG00310,release,average_utilization
reservation_only_vs_baseline,10,0.014226027397260399,0.0134657534246578,0.0151095890410958,supported,0.0020560614883252115,-0.002179815549587376,0.006367827735789971,inconclusive,BG00310,release,average_utilization
both_flexible_vs_baseline,10,0.015431506849315001,0.014191780821917742,0.01670565068493137,supported,0.0031074218547276324,-0.0009372611964832856,0.007139556134431398,inconclusive,BG00310,release,average_utilization
both_flexible_vs_horizon_only,10,0.01489726027397239,0.012595719178082007,0.017075342465753453,supported,0.004281512079817274,-0.00027486523878378073,0.008826826283063258,inconclusive,BG00310,release,average_utilization
both_flexible_vs_reservation_only,10,0.0012054794520546031,0.0003150684931504713,0.002006849315068363,inconclusive,0.0010513603664024207,-0.0027823948958101345,0.004547934318243601,inconclusive,BG00310,release,average_utilization
reservation_only_vs_horizon_only,10,0.013691780821917788,0.011986130136985865,0.015260273972603001,supported,0.003230151713414853,-0.0008421742471177634,0.0075008678605760605,inconclusive,BG00310,release,average_utilization
horizon_only_vs_baseline,10,0.0018538812785389158,0.00031050228310523895,0.003479680365296668,inconclusive,0.014560848810851141,0.007295406287366193,0.02211582368379769,supported,BG00311,release,average_utilization
reservation_only_vs_baseline,10,0.0023744292237442566,0.0018812785388127023,0.002867579908675733,inconclusive,0.13342600336526564,0.12816808048549713,0.1380884548783966,supported,BG00311,release,average_utilization
both_flexible_vs_baseline,10,0.004520547945205256,0.0033515981735157572,0.005762557077625166,inconclusive,0.1650997753257786,0.1580073487472144,0.17140294365483996,supported,BG00311,release,average_utilization
both_flexible_vs_horizon_only,10,0.0026666666666663396,0.0005022831050225596,0.00445662100456592,inconclusive,0.15053892651492745,0.1441508628705726,0.1570116437909771,supported,BG00311,release,average_utilization
both_flexible_vs_reservation_only,10,0.002146118721460999,0.0008584474885842455,0.003360730593606987,inconclusive,0.03167377196051298,0.02667282888651183,0.03671270505028191,supported,BG00311,release,average_utilization
reservation_only_vs_horizon_only,10,0.0005205479452053408,-0.0012968036529677192,0.0023378995433784005,inconclusive,0.11886515455441449,0.1120890606196363,0.1257087859778189,supported,BG00311,release,average_utilization
horizon_only_vs_baseline,10,0.0,0.0,0.0,inconclusive,0.0,0.0,0.0,inconclusive,BG00312,release,average_utilization
reservation_only_vs_baseline,10,0.0023013698630136026,0.00015068493150672798,0.005370205479452064,inconclusive,-0.0013995006750522343,-0.003188506108325122,3.4998699426522426e-06,inconclusive,BG00312,release,average_utilization
both_flexible_vs_baseline,10,0.0023013698630136026,0.0001232876712327741,0.005466095890410963,inconclusive,-0.0013995006750522343,-0.0032832458052426423,-3.6285693715901946e-06,inconclusive,BG00312,release,average_utilization
both_flexible_vs_horizon_only,10,0.0023013698630136026,0.0001777397260272591,0.005329452054794478,inconclusive,-0.0013995006750522343,-0.0033222335397893417,4.275861850544875e-06,inconclusive,BG00312,release,average_utilization
both_flexible_vs_reservation_only,10,0.0,0.0,0.0,inconclusive,0.0,0.0,0.0,inconclusive,BG00312,release,average_utilization
reservation_only_vs_horizon_only,10,0.0023013698630136026,0.00013698630136975697,0.00542534246575355,inconclusive,-0.0013995006750522343,-0.00328569549657394,9.339364656585996e-07,inconclusive,BG00312,release,average_utilization
horizon_only_vs_baseline,10,0.00469863013698657,0.0008904109589044736,0.008863356164383853,inconclusive,-0.001461386085982741,-0.00643412552303299,0.0036925016767009483,inconclusive,BG00313,release,average_utilization
reservation_only_vs_baseline,10,0.0038904109589041557,0.0007801369863012302,0.006630136986301264,inconclusive,0.00018452076688225684,-0.008817614510264832,0.008732177783202701,inconclusive,BG00313,release,average_utilization
both_flexible_vs_baseline,10,0.00469863013698657,0.0008219178082195285,0.008781164383562056,inconclusive,-0.001461386085982741,-0.006274617944014235,0.003957770090939068,inconclusive,BG00313,release,average_utilization
both_flexible_vs_horizon_only,10,0.0,0.0,0.0,inconclusive,0.0,0.0,0.0,inconclusive,BG00313,release,average_utilization
both_flexible_vs_reservation_only,10,0.0008082191780824144,-0.0020547945205479238,0.004301369863014009,inconclusive,-0.0016459068528649977,-0.0074104886849341665,0.005405893281983922,inconclusive,BG00313,release,average_utilization
reservation_only_vs_horizon_only,10,-0.0008082191780824144,-0.004246917808219607,0.0020547945205478895,inconclusive,0.0016459068528649977,-0.005385804989414766,0.007297052562289569,inconclusive,BG00313,release,average_utilization
horizon_only_vs_baseline,10,0.04339726027397227,0.041296575342465267,0.04547968036529629,supported,0.011937297201580372,0.009994123163530306,0.013991221078249986,supported,BG00314,release,average_utilization
reservation_only_vs_baseline,10,0.012456621004566192,0.009990867579908679,0.014968264840182733,supported,0.16558667759112994,0.16382524222725833,0.1671386095528741,supported,BG00314,release,average_utilization
both_flexible_vs_baseline,10,0.04503196347031907,0.0428673515981728,0.04721461187214561,supported,0.013433161959527606,0.010556416278208795,0.01587799859636005,supported,BG00314,release,average_utilization
both_flexible_vs_horizon_only,10,0.0016347031963467983,3.247402347028611e-17,0.0035433789954333245,inconclusive,0.001495864757947235,-0.00017599625868002232,0.0031818565662728613,inconclusive,BG00314,release,average_utilization
both_flexible_vs_reservation_only,10,0.032575342465752874,0.03074885844748813,0.03441118721461143,supported,-0.15215351563160234,-0.15367727482371674,-0.15065385607858764,contradicted,BG00314,release,average_utilization
reservation_only_vs_horizon_only,10,-0.03094063926940608,-0.03307785388127817,-0.028776255707762467,contradicted,0.15364938038954956,0.15206856639712227,0.15500839575614023,supported,BG00314,release,average_utilization
horizon_only_vs_baseline,10,0.0031712328767123377,0.0011232876712330084,0.0052467465753423875,inconclusive,-0.000661229599683133,-0.0031460489479147274,0.001898933369362399,inconclusive,BG00315,release,average_utilization
reservation_only_vs_baseline,10,0.02102054794520548,0.01866438356164419,0.02345308219178065,supported,-0.003943771609994628,-0.0062461836770025215,-0.0014044632498646135,inconclusive,BG00315,release,average_utilization
both_flexible_vs_baseline,10,0.02102054794520548,0.018719178082192044,0.02345907534246536,supported,-0.003943771609994628,-0.006162549494904147,-0.0013009521077128109,inconclusive,BG00315,release,average_utilization
both_flexible_vs_horizon_only,10,0.017849315068493143,0.016020376712328883,0.019842808219177995,supported,-0.0032825420103114954,-0.006508722847487328,-8.262781782209463e-05,inconclusive,BG00315,release,average_utilization
both_flexible_vs_reservation_only,10,0.0,0.0,0.0,inconclusive,0.0,0.0,0.0,inconclusive,BG00315,release,average_utilization
reservation_only_vs_horizon_only,10,0.017849315068493143,0.016034246575342637,0.01979469178082165,supported,-0.0032825420103114954,-0.006470263356054348,-8.770800372203196e-06,inconclusive,BG00315,release,average_utilization
horizon_only_vs_baseline,10,0.03845205479451906,0.03497260273972453,0.04256198630136855,supported,0.027884136455071883,0.024886696939103482,0.030318477534699104,supported,BG00316,release,average_utilization
reservation_only_vs_baseline,10,0.06024657534246387,0.05786267123287488,0.06287671232876518,supported,0.12467143375208818,0.12192048026925695,0.12719484649697585,supported,BG00316,release,average_utilization
both_flexible_vs_baseline,10,0.06024657534246387,0.05789041095890218,0.06291780821917611,supported,0.12467143375208818,0.12187825656537336,0.12723305695068235,supported,BG00316,release,average_utilization
both_flexible_vs_horizon_only,10,0.021794520547944805,0.01953424657534202,0.02380821917808158,supported,0.0967872972970163,0.09436712260541263,0.09924786712140919,supported,BG00316,release,average_utilization
both_flexible_vs_reservation_only,10,0.0,0.0,0.0,inconclusive,0.0,0.0,0.0,inconclusive,BG00316,release,average_utilization
reservation_only_vs_horizon_only,10,0.021794520547944805,0.01953424657534206,0.02371232876712278,supported,0.0967872972970163,0.09444428506608958,0.09918153846026359,supported,BG00316,release,average_utilization
horizon_only_vs_baseline,10,0.0,0.0,0.0,inconclusive,0.0,0.0,0.0,inconclusive,BG00317,release,average_utilization
reservation_only_vs_baseline,10,0.001527397260273755,-0.002096232876712805,0.005404280821917756,inconclusive,-0.0018789492436420696,-0.004592378501194861,0.0010386079765493958,inconclusive,BG00317,release,average_utilization
both_flexible_vs_baseline,10,0.001527397260273755,-0.0021719178082195262,0.005288013698630088,inconclusive,-0.0018789492436420696,-0.004640856414319942,0.0011464016393272554,inconclusive,BG00317,release,average_utilization
both_flexible_vs_horizon_only,10,0.001527397260273755,-0.0020960616438359526,0.0052059931506846365,inconclusive,-0.0018789492436420696,-0.004695658178650982,0.001057419865874072,inconclusive,BG00317,release,average_utilization
both_flexible_vs_reservation_only,10,0.0,0.0,0.0,inconclusive,0.0,0.0,0.0,inconclusive,BG00317,release,average_utilization
reservation_only_vs_horizon_only,10,0.001527397260273755,-0.0021369863013700596,0.0053150684931504875,inconclusive,-0.0018789492436420696,-0.004611080180995741,0.0010409714606056568,inconclusive,BG00317,release,average_utilization
horizon_only_vs_baseline,10,0.0030684931506849812,-0.0009455479452053972,0.00709589041095884,inconclusive,0.01708907271104846,0.013124681455071504,0.021362350615382338,supported,BG00318,release,average_utilization
reservation_only_vs_baseline,10,0.001465753424657734,-0.0004931506849312651,0.003424657534246779,inconclusive,0.00025976472388435367,-0.002499794399627052,0.0027425922317248735,inconclusive,BG00318,release,average_utilization
both_flexible_vs_baseline,10,0.0030684931506849812,-0.0010003424657536765,0.0070000000000000635,inconclusive,0.01708907271104846,0.012863390336250032,0.0216576825935997,supported,BG00318,release,average_utilization
both_flexible_vs_horizon_only,10,0.0,0.0,0.0,inconclusive,0.0,0.0,0.0,inconclusive,BG00318,release,average_utilization
both_flexible_vs_reservation_only,10,0.001602739726027247,-0.0022606164383566895,0.005603082191780862,inconclusive,0.016829307987164106,0.013334978843659709,0.02043157987994565,supported,BG00318,release,average_utilization
reservation_only_vs_horizon_only,10,-0.001602739726027247,-0.0057674657534244325,0.002383904109589575,inconclusive,-0.016829307987164106,-0.020540695995669555,-0.013264806211395653,contradicted,BG00318,release,average_utilization
horizon_only_vs_baseline,10,0.07625570776255473,0.07392694063926743,0.07903196347031723,supported,0.02783108671976713,0.026012332285597305,0.029668500890644777,supported,BG00319,release,average_utilization
reservation_only_vs_baseline,10,0.013515981735159577,0.010721461187214738,0.01641118721461149,supported,0.0026638439501419755,0.0006905797209736773,0.004642461430316579,inconclusive,BG00319,release,average_utilization
both_flexible_vs_baseline,10,0.07667579908675569,0.07379885844748654,0.07974429223744071,supported,0.028981906391223906,0.026550854447233763,0.03164572602264579,supported,BG00319,release,average_utilization
both_flexible_vs_horizon_only,10,0.0004200913242009552,-0.0008221461187214006,0.0014794520547944082,inconclusive,0.0011508196714567764,-0.0005322604997328533,0.0029945813367581015,inconclusive,BG00319,release,average_utilization
both_flexible_vs_reservation_only,10,0.06315981735159612,0.06102237442922173,0.06537899543378752,supported,0.02631806244108193,0.025016863279022927,0.027553724655400045,supported,BG00319,release,average_utilization
reservation_only_vs_horizon_only,10,-0.06273972602739517,-0.06468515981734937,-0.06094977168949555,contradicted,-0.025167242769625155,-0.026477258596141265,-0.023819786297196804,contradicted,BG00319,release,average_utilization
horizon_only_vs_baseline,10,0.0,0.0,0.0,inconclusive,0.0,0.0,0.0,inconclusive,BG00320,release,average_utilization
reservation_only_vs_baseline,10,0.001301369863013746,-0.0019109589041095278,0.004246575342465754,inconclusive,-0.0003689133082058871,-0.0019263960946209093,0.001056160109781151,inconclusive,BG00320,release,average_utilization
both_flexible_vs_baseline,10,0.001301369863013746,-0.0017398972602737917,0.004198972602739742,inconclusive,-0.0003689133082058871,-0.001973754058667333,0.0010487268702845534,inconclusive,BG00320,release,average_utilization
both_flexible_vs_horizon_only,10,0.001301369863013746,-0.0019453767123287493,0.004260445205479594,inconclusive,-0.0003689133082058871,-0.0019268644687089852,0.0010924132645295348,inconclusive,BG00320,release,average_utilization
both_flexible_vs_reservation_only,10,0.0,0.0,0.0,inconclusive,0.0,0.0,0.0,inconclusive,BG00320,release,average_utilization
reservation_only_vs_horizon_only,10,0.001301369863013746,-0.0018631849315067241,0.00428784246575348,inconclusive,-0.0003689133082058871,-0.0019715317353609057,0.001070317434548586,inconclusive,BG00320,release,average_utilization
horizon_only_vs_baseline,10,0.0,0.0,0.0,inconclusive,0.0,0.0,0.0,inconclusive,BG00321,release,average_utilization
reservation_only_vs_baseline,10,0.0016027397260274467,-0.0007397260273973729,0.004014383561644061,inconclusive,0.0165451148526506,0.008321372425371025,0.02404172397629108,supported,BG00321,release,average_utilization
both_flexible_vs_baseline,10,0.00204109589041136,-0.0008219178082182052,0.005383561643835656,inconclusive,0.01110323657559319,0.0017686565024395285,0.020477257264136847,supported,BG00321,release,average_utilization
both_flexible_vs_horizon_only,10,0.00204109589041136,-0.0008219178082182644,0.005425000000000079,inconclusive,0.01110323657559319,0.001647792359652404,0.020282616811515768,supported,BG00321,release,average_utilization
both_flexible_vs_reservation_only,10,0.0004383561643839129,-0.003083561643835244,0.003931849315068866,inconclusive,-0.005441878277057411,-0.014475073828437659,0.003897368900210225,inconclusive,BG00321,release,average_utilization
reservation_only_vs_horizon_only,10,0.0016027397260274467,-0.0007260273972603057,0.003986643835616542,inconclusive,0.0165451148526506,0.008483378010575126,0.024262358852237,supported,BG00321,release,average_utilization
horizon_only_vs_baseline,10,0.00024657534246564917,-0.0012986301369861076,0.0019124657534244814,inconclusive,-0.0003845374390626488,-0.0035710012198494146,0.002804850784567055,inconclusive,BG00322,release,average_utilization
reservation_only_vs_baseline,10,1.0958904109592548e-05,-1.0958904109537037e-05,3.287671232872213e-05,inconclusive,2.1354049398258913e-05,-1.6663244607543204e-05,6.361189765654196e-05,inconclusive,BG00322,release,average_utilization
both_flexible_vs_baseline,10,0.0006246575342462868,-0.0005700000000002588,0.0018356164383557182,inconclusive,0.0028869492647824236,-0.0012146182876708739,0.006935878242231532,inconclusive,BG00322,release,average_utilization
both_flexible_vs_horizon_only,10,0.0003780821917806376,-0.0007124657534250006,0.0015453424657535329,inconclusive,0.003271486703845072,0.00017523951088889574,0.0062682738549314065,inconclusive,BG00322,release,average_utilization
both_flexible_vs_reservation_only,10,0.0006136986301366942,-0.0005700000000003135,0.0018138356164379731,inconclusive,0.002865595215384165,-0.001080453810807208,0.006898751652718908,inconclusive,BG00322,release,average_utilization
reservation_only_vs_horizon_only,10,-0.0002356164383560566,-0.0019346575342466571,0.0013315068493151296,inconclusive,0.0004058914884609077,-0.0027027983968677454,0.003563583507101525,inconclusive,BG00322,release,average_utilization
horizon_only_vs_baseline,10,0.0019520547945204524,-0.0008428082191781179,0.004609589041095822,inconclusive,0.0011246094108029847,-0.0001099362360999813,0.002317306139874118,inconclusive,BG00323,release,average_utilization
reservation_only_vs_baseline,10,0.0,0.0,0.0,inconclusive,0.0,0.0,0.0,inconclusive,BG00323,release,average_utilization
both_flexible_vs_baseline,10,0.0019520547945204524,-0.0007946917808219783,0.004835787671232869,inconclusive,0.0011246094108029847,-3.9966379626033e-05,0.002328790782384993,inconclusive,BG00323,release,average_utilization
both_flexible_vs_horizon_only,10,0.0,0.0,0.0,inconclusive,0.0,0.0,0.0,inconclusive,BG00323,release,average_utilization
both_flexible_vs_reservation_only,10,0.0019520547945204524,-0.0009248287671229848,0.00474006849315058,inconclusive,0.0011246094108029847,-0.00013291924674404054,0.0023208816803430526,inconclusive,BG00323,release,average_utilization
reservation_only_vs_horizon_only,10,-0.0019520547945204524,-0.004856164383561481,0.0008563356164383829,inconclusive,-0.0011246094108029847,-0.0023153221893210097,7.462347894017648e-05,inconclusive,BG00323,release,average_utilization
horizon_only_vs_baseline,10,0.0006940639269411685,-0.0011415525114150693,0.0025662100456626206,inconclusive,0.0022852075650779957,-0.0015095824888583052,0.006811697139377941,inconclusive,BG00324,release,average_utilization
reservation_only_vs_baseline,10,0.020438356164384032,0.017698630136986936,0.0229956621004571,supported,0.052335156784027025,0.04820670941059399,0.05582138144166035,supported,BG00324,release,average_utilization
both_flexible_vs_baseline,10,0.021397260273973196,0.01917785388127923,0.02376255707762667,supported,0.04778111509062542,0.04401878077504841,0.05112278900712349,supported,BG00324,release,average_utilization
both_flexible_vs_horizon_only,10,0.020703196347032028,0.018100228310501804,0.02325114155251172,supported,0.04549590752554743,0.04148550791532066,0.04916097741021115,supported,BG00324,release,average_utilization
both_flexible_vs_reservation_only,10,0.0009589041095891648,-0.002127853881278144,0.003945205479452808,inconclusive,-0.0045540416934016,-0.00755809929788546,-0.0009461894095937915,inconclusive,BG00324,release,average_utilization
reservation_only_vs_horizon_only,10,0.01974429223744286,0.017451826484017937,0.02209155251141507,supported,0.05004994921894903,0.04462916081495363,0.055102251110909696,supported,BG00324,release,average_utilization
horizon_only_vs_baseline,10,0.0,0.0,0.0,inconclusive,0.0,0.0,0.0,inconclusive,BG00325,release,average_utilization
reservation_only_vs_baseline,10,0.0008109589041095822,5.4794520547352125e-06,0.001950684931506852,inconclusive,0.0005040718446127857,-0.0005126852478561808,0.0015801759557377204,inconclusive,BG00325,release,average_utilization
both_flexible_vs_baseline,10,0.0010849315068493736,-0.00019178082191780854,0.0027015068493152065,inconclusive,0.0006271210373366753,6.280467879489162e-05,0.0012719713704558932,inconclusive,BG00325,release,average_utilization
both_flexible_vs_horizon_only,10,0.0010849315068493736,-0.0001808219178082382,0.0027672602739727504,inconclusive,0.0006271210373366753,4.812377021665041e-05,0.0012682477645978168,inconclusive,BG00325,release,average_utilization
both_flexible_vs_reservation_only,10,0.0002739726027397915,-0.0007835616438355731,0.001748630136986393,inconclusive,0.0001230491927238897,-0.0005174393813247025,0.0007752433215026944,inconclusive,BG00325,release,average_utilization
reservation_only_vs_horizon_only,10,0.0008109589041095822,1.6438356164205636e-05,0.0018576712328767897,inconclusive,0.0005040718446127857,-0.0004912912044277351,0.0015486989128961366,inconclusive,BG00325,release,average_utilization
horizon_only_vs_baseline,10,0.0005068493150687025,-0.0017465753424656864,0.002465924657534576,inconclusive,-0.0008246147913570423,-0.003045057937735736,0.002039507259769556,inconclusive,BG00326,release,average_utilization
reservation_only_vs_baseline,10,0.0013424657534247375,-0.0005958904109589833,0.0032809931506849687,inconclusive,0.1309703707183238,0.12772434861291784,0.13438293773385976,supported,BG00326,release,average_utilization
both_flexible_vs_baseline,10,0.002267123287671502,0.00021215753424688266,0.004589041095890767,inconclusive,0.09643409373318738,0.09330674626247722,0.0999371560094395,supported,BG00326,release,average_utilization
both_flexible_vs_horizon_only,10,0.0017602739726027994,0.00023287671232898654,0.0033563356164382917,inconclusive,0.09725870852454446,0.0951068715689694,0.09957395888216429,supported,BG00326,release,average_utilization
both_flexible_vs_reservation_only,10,0.0009246575342467644,-0.0008768835616436851,0.002602739726027663,inconclusive,-0.03453627698513641,-0.03583562101878126,-0.033189975356576404,contradicted,BG00326,release,average_utilization
reservation_only_vs_horizon_only,10,0.0008356164383560349,-0.0013424657534242116,0.00284965753424631,inconclusive,0.13179498550968086,0.12956803565763364,0.13412852438316863,supported,BG00326,release,average_utilization
horizon_only_vs_baseline,10,0.0,0.0,0.0,inconclusive,0.0,0.0,0.0,inconclusive,BG00327,release,average_utilization
reservation_only_vs_baseline,10,0.0009589041095891982,0.0001863013698630178,0.00198904109589082,inconclusive,0.00021338039370754068,-0.0005734154851958884,0.0011127024321170799,inconclusive,BG00327,release,average_utilization
both_flexible_vs_baseline,10,0.0009589041095891982,0.0001863013698630178,0.0019452054794525941,inconclusive,0.00021338039370754068,-0.0005685496118176988,0.0011511781187749706,inconclusive,BG00327,release,average_utilization
both_flexible_vs_horizon_only,10,0.0009589041095891982,0.0001863013698630178,0.0019836986301373346,inconclusive,0.00021338039370754068,-0.0005679919356075314,0.001095758607761882,inconclusive,BG00327,release,average_utilization
both_flexible_vs_reservation_only,10,0.0,0.0,0.0,inconclusive,0.0,0.0,0.0,inconclusive,BG00327,release,average_utilization
reservation_only_vs_horizon_only,10,0.0009589041095891982,0.00010410958904107925,0.0019123287671237387,inconclusive,0.00021338039370754068,-0.0005368464808151452,0.0011439246239309698,inconclusive,BG00327,release,average_utilization
horizon_only_vs_baseline,10,0.0,0.0,0.0,inconclusive,0.0,0.0,0.0,inconclusive,BG00328,release,average_utilization
reservation_only_vs_baseline,10,0.0017315068493150454,1.6301369862886153e-05,0.0036056164383561624,inconclusive,-0.0008887648636463852,-0.00274449072240949,0.0007006330379906493,inconclusive,BG00328,release,average_utilization
both_flexible_vs_baseline,10,0.0017315068493150454,-4.3835616438315516e-05,0.0036273972602737705,inconclusive,-0.0008887648636463852,-0.002725973337492856,0.0006600182709944566,inconclusive,BG00328,release,average_utilization
both_flexible_vs_horizon_only,10,0.0017315068493150454,1.602739726028743e-05,0.003589178082191647,inconclusive,-0.0008887648636463852,-0.002769831186195038,0.000666480012830419,inconclusive,BG00328,release,average_utilization
both_flexible_vs_reservation_only,10,0.0,0.0,0.0,inconclusive,0.0,0.0,0.0,inconclusive,BG00328,release,average_utilization
reservation_only_vs_horizon_only,10,0.0017315068493150454,-2.2054794520356088e-05,0.003534383561643691,inconclusive,-0.0008887648636463852,-0.002713326694140383,0.0006813940847201723,inconclusive,BG00328,release,average_utilization
horizon_only_vs_baseline,10,0.0,0.0,0.0,inconclusive,0.0,0.0,0.0,inconclusive,BG00329,release,average_utilization
reservation_only_vs_baseline,10,0.0031095890410956393,-3.4246575389129097e-07,0.005821917808218722,inconclusive,0.0219161305573788,0.01607241595490762,0.02764828704047649,supported,BG00329,release,average_utilization
both_flexible_vs_baseline,10,0.0031369863013699707,0.00015034246575329713,0.006054794520547979,inconclusive,0.023663596097456906,0.01817548474096748,0.0288419966239475,supported,BG00329,release,average_utilization
both_flexible_vs_horizon_only,10,0.0031369863013699707,0.00023287671232899348,0.006041438356164998,inconclusive,0.023663596097456906,0.018479428595507292,0.028993975137791225,supported,BG00329,release,average_utilization
both_flexible_vs_reservation_only,10,2.739726027433109e-05,-0.0022739726027390943,0.0016712328767124617,inconclusive,0.001747465540078108,-0.001173171923865365,0.004674448702574709,inconclusive,BG00329,release,average_utilization
reservation_only_vs_horizon_only,10,0.0031095890410956393,-6.849315068514161e-05,0.005808219178081876,inconclusive,0.0219161305573788,0.015852429109651636,0.027584099570787494,supported,BG00329,release,average_utilization
horizon_only_vs_baseline,10,0.024118721461186366,0.021223744292236554,0.026858447488583206,supported,-0.04270507834941202,-0.04788930093077201,-0.038392364091017345,contradicted,BG00330,release,average_utilization
reservation_only_vs_baseline,10,0.02240182648401773,0.020849315068492764,0.023753652968035954,supported,0.09991304317851232,0.09374978297769951,0.10678714953985716,supported,BG00330,release,average_utilization
both_flexible_vs_baseline,10,0.024118721461186366,0.021351369863013274,0.026849771689496822,supported,-0.04270507834941202,-0.047932675377240365,-0.038279094226979095,contradicted,BG00330,release,average_utilization
both_flexible_vs_horizon_only,10,0.0,0.0,0.0,inconclusive,0.0,0.0,0.0,inconclusive,BG00330,release,average_utilization
both_flexible_vs_reservation_only,10,0.001716894977168637,3.652968036497117e-05,0.00372602739725988,inconclusive,-0.14261812152792436,-0.14918583679826966,-0.13587666127651551,contradicted,BG00330,release,average_utilization
reservation_only_vs_horizon_only,10,-0.001716894977168637,-0.003643835616437722,-6.392694063923565e-05,inconclusive,0.14261812152792436,0.13602707108866646,0.14893777924951823,supported,BG00330,release,average_utilization
horizon_only_vs_baseline,10,0.0,0.0,0.0,inconclusive,0.0,0.0,0.0,inconclusive,BG00331,release,average_utilization
reservation_only_vs_baseline,10,0.0004178082191780952,-0.005349828767123193,0.0062195205479451615,inconclusive,0.0001559861638098181,-0.0070186429279952296,0.006965388335237152,inconclusive,BG00331,release,average_utilization
both_flexible_vs_baseline,10,0.0005958904109588326,0.0,0.0017876712328764976,inconclusive,-2.8860728440016638e-05,-8.65821853200499e-05,0.0,inconclusive,BG00331,release,average_utilization
both_flexible_vs_horizon_only,10,0.0005958904109588326,0.0,0.0017876712328764976,inconclusive,-2.8860728440016638e-05,-8.65821853200499e-05,0.0,inconclusive,BG00331,release,average_utilization
both_flexible_vs_reservation_only,10,0.00017808219178073738,-0.005226198630137118,0.00550017123287662,inconclusive,-0.00018484689224983474,-0.007077594206776759,0.006732748578841057,inconclusive,BG00331,release,average_utilization
reservation_only_vs_horizon_only,10,0.0004178082191780952,-0.005158047945205416,0.0058501712328768146,inconclusive,0.0001559861638098181,-0.006853857030627363,0.007058450027119324,inconclusive,BG00331,release,average_utilization
horizon_only_vs_baseline,10,0.0,0.0,0.0,inconclusive,0.0,0.0,0.0,inconclusive,BG00332,release,average_utilization
reservation_only_vs_baseline,10,0.0031945205479454565,4.3835616438700205e-05,0.006745342465753406,inconclusive,-0.00037826611179092584,-0.001412704088706586,0.0007931057628153073,inconclusive,BG00332,release,average_utilization
both_flexible_vs_baseline,10,0.0031945205479454565,7.630136986333206e-05,0.006751232876712528,inconclusive,-0.00037826611179092584,-0.0014978088438241885,0.0007397795884333023,inconclusive,BG00332,release,average_utilization
both_flexible_vs_horizon_only,10,0.0031945205479454565,4.931506849360223e-05,0.006806164383561889,inconclusive,-0.00037826611179092584,-0.0014755942013216586,0.0007358718439629958,inconclusive,BG00332,release,average_utilization
both_flexible_vs_reservation_only,10,0.0,0.0,0.0,inconclusive,0.0,0.0,0.0,inconclusive,BG00332,release,average_utilization
reservation_only_vs_horizon_only,10,0.0031945205479454565,6.561643835632324e-05,0.006794520547945395,inconclusive,-0.00037826611179092584,-0.0014600826083140319,0.0007739900558287314,inconclusive,BG00332,release,average_utilization
horizon_only_vs_baseline,10,0.0,0.0,0.0,inconclusive,0.0,0.0,0.0,inconclusive,BG00333,release,average_utilization
reservation_only_vs_baseline,10,0.0016109589041096938,-0.0003398630136984651,0.0036328767123288705,inconclusive,0.0009126616520808373,-0.000735014593022378,0.002596842913051815,inconclusive,BG00333,release,average_utilization
both_flexible_vs_baseline,10,0.0016109589041096938,-0.0003945205479450667,0.0035727397260275242,inconclusive,0.0009126616520808373,-0.0007199967476993515,0.002659641187738321,inconclusive,BG00333,release,average_utilization
both_flexible_vs_horizon_only,10,0.0016109589041096938,-0.000329041095890368,0.0035727397260273876,inconclusive,0.0009126616520808373,-0.0007032583902860745,0.0025711163220309956,inconclusive,BG00333,release,average_utilization
both_flexible_vs_reservation_only,10,0.0,0.0,0.0,inconclusive,0.0,0.0,0.0,inconclusive,BG00333,release,average_utilization
reservation_only_vs_horizon_only,10,0.0016109589041096938,-0.00033999999999985393,0.00363287671232887,inconclusive,0.0009126616520808373,-0.0007803648985917677,0.0026311686470182126,inconclusive,BG00333,release,average_utilization
horizon_only_vs_baseline,10,0.0,0.0,0.0,inconclusive,0.0,0.0,0.0,inconclusive,BG00334,release,average_utilization
reservation_only_vs_baseline,10,0.0,0.0,0.0,inconclusive,0.0,0.0,0.0,inconclusive,BG00334,release,average_utilization
both_flexible_vs_baseline,10,0.0,0.0,0.0,inconclusive,0.0,0.0,0.0,inconclusive,BG00334,release,average_utilization
both_flexible_vs_horizon_only,10,0.0,0.0,0.0,inconclusive,0.0,0.0,0.0,inconclusive,BG00334,release,average_utilization
both_flexible_vs_reservation_only,10,0.0,0.0,0.0,inconclusive,0.0,0.0,0.0,inconclusive,BG00334,release,average_utilization
reservation_only_vs_horizon_only,10,0.0,0.0,0.0,inconclusive,0.0,0.0,0.0,inconclusive,BG00334,release,average_utilization
horizon_only_vs_baseline,10,0.0,0.0,0.0,inconclusive,0.0,0.0,0.0,inconclusive,BG00335,release,average_utilization
reservation_only_vs_baseline,10,4.566210045664487e-05,-9.132420091317872e-06,0.00010958904109592549,inconclusive,-0.0001446262488275285,-0.0003441095060692004,8.556407755079265e-05,inconclusive,BG00335,release,average_utilization
both_flexible_vs_baseline,10,4.566210045664487e-05,-9.13242009130677e-06,0.00010958904109593686,inconclusive,-0.0001446262488275285,-0.0003518619971351547,7.847258399814237e-05,inconclusive,BG00335,release,average_utilization
both_flexible_vs_horizon_only,10,4.566210045664487e-05,-9.132420091317872e-06,0.00011872146118722116,inconclusive,-0.0001446262488275285,-0.0003588150275067148,9.575314261376397e-05,inconclusive,BG00335,release,average_utilization
both_flexible_vs_reservation_only,10,0.0,0.0,0.0,inconclusive,0.0,0.0,0.0,inconclusive,BG00335,release,average_utilization
reservation_only_vs_horizon_only,10,4.566210045664487e-05,-9.132420091317872e-06,0.00011872146118722116,inconclusive,-0.0001446262488275285,-0.0003488456124324907,8.393789985301856e-05,inconclusive,BG00335,release,average_utilization
horizon_only_vs_baseline,10,0.002197260273972623,0.0007561643835614149,0.003589178082192026,inconclusive,0.017905740521251278,0.007965323929618247,0.02808328168035252,supported,BG00336,release,average_utilization
reservation_only_vs_baseline,10,0.00559999999999985,0.0020273972602743995,0.008597808219177954,supported,0.08190822901139552,0.07180649327931504,0.09047653796948243,supported,BG00336,release,average_utilization
both_flexible_vs_baseline,10,0.00559999999999985,0.002169452054794628,0.008564657534246036,supported,0.08190822901139552,0.07197133265235708,0.09022527131399397,supported,BG00336,release,average_utilization
both_flexible_vs_horizon_only,10,0.0034027397260272263,0.0007449315068494023,0.005693287671232705,inconclusive,0.06400248849014425,0.055171104391777095,0.07200477454286115,supported,BG00336,release,average_utilization
both_flexible_vs_reservation_only,10,0.0,0.0,0.0,inconclusive,0.0,0.0,0.0,inconclusive,BG00336,release,average_utilization
reservation_only_vs_horizon_only,10,0.0034027397260272263,0.0008438356164386024,0.005764383561643716,inconclusive,0.06400248849014425,0.05482909067857326,0.07223422599028033,supported,BG00336,release,average_utilization
horizon_only_vs_baseline,10,0.0011849315068490518,0.0001162671232873983,0.002212328767122962,inconclusive,0.003347501543853193,-0.0018063072997234562,0.008572682015571589,inconclusive,BG00337,release,average_utilization
reservation_only_vs_baseline,10,0.0015821917808215402,-0.00013698630137031902,0.003445205479451946,inconclusive,0.002493216123942732,-0.0021085627036464367,0.007856067432402632,inconclusive,BG00337,release,average_utilization
both_flexible_vs_baseline,10,0.0015821917808215402,-0.0002193493150689654,0.0034109589041091417,inconclusive,0.002493216123942732,-0.002211193409079116,0.00801230810325072,inconclusive,BG00337,release,average_utilization
both_flexible_vs_horizon_only,10,0.00039726027397248844,-0.0009520547945203336,0.001746575342465293,inconclusive,-0.000854285419910461,-0.004866415478015539,0.0028623381697888313,inconclusive,BG00337,release,average_utilization
both_flexible_vs_reservation_only,10,0.0,0.0,0.0,inconclusive,0.0,0.0,0.0,inconclusive,BG00337,release,average_utilization
reservation_only_vs_horizon_only,10,0.00039726027397248844,-0.0009864726027401247,0.001760445205479419,inconclusive,-0.000854285419910461,-0.005026278850669659,0.0027864802275103843,inconclusive,BG00337,release,average_utilization
horizon_only_vs_baseline,10,0.0030136986301368407,-4.109589041124073e-05,0.006575342465753694,inconclusive,0.0011928180614052097,-0.0038013799464723984,0.006430631821573109,inconclusive,BG00338,release,average_utilization
reservation_only_vs_baseline,10,0.0015890410958903645,-0.0017671232876714164,0.0052328767123285104,inconclusive,-0.09744894154346166,-0.10137224476411268,-0.09381480616701773,contradicted,BG00338,release,average_utilization
both_flexible_vs_baseline,10,0.0038767123287670622,0.00012294520547952116,0.00768527397260287,inconclusive,4.227175299163499e-05,-0.005785805239542143,0.005937692977570901,inconclusive,BG00338,release,average_utilization
both_flexible_vs_horizon_only,10,0.0008630136986302217,-0.0025753424657532615,0.004068493150684928,inconclusive,-0.0011505463084135747,-0.006643706998986259,0.0046019245658961054,inconclusive,BG00338,release,average_utilization
both_flexible_vs_reservation_only,10,0.0022876712328766978,-0.0009999999999996858,0.005590410958904349,inconclusive,0.0974912132964533,0.09032269691043637,0.10499385718503955,supported,BG00338,release,average_utilization
reservation_only_vs_horizon_only,10,-0.0014246575342464762,-0.004685273972602754,0.0018496575342466964,inconclusive,-0.09864175960486687,-0.10545146438066134,-0.09224296418158658,contradicted,BG00338,release,average_utilization
horizon_only_vs_baseline,10,0.00046575342465751126,-0.0011013698630135873,0.002032876712328402,inconclusive,0.03321886635592867,0.027475475210732934,0.03956661808402502,supported,BG00339,release,average_utilization
reservation_only_vs_baseline,10,0.0018465753424656063,0.0002846575342464617,0.0033534246575335643,inconclusive,0.09883162390192868,0.09291697548378351,0.10334410463112861,supported,BG00339,release,average_utilization
both_flexible_vs_baseline,10,0.002504109589040382,0.0010410958904103263,0.0040876712328755905,inconclusive,0.1191618073867829,0.115095044643887,0.12277925671289305,supported,BG00339,release,average_utilization
both_flexible_vs_horizon_only,10,0.002038356164382871,0.00047123287671182014,0.0035180821917804197,inconclusive,0.08594294103085423,0.08124081369736694,0.09083911270798213,supported,BG00339,release,average_utilization
both_flexible_vs_reservation_only,10,0.0006575342465747758,-0.0008328767123292561,0.002246575342465153,inconclusive,0.020330183484854224,0.017130251822232625,0.023527887773254284,supported,BG00339,release,average_utilization
reservation_only_vs_horizon_only,10,0.0013808219178080949,-0.00021945205479479996,0.003128904109589025,inconclusive,0.06561275754600002,0.06121656621791123,0.0700337623847511,supported,BG00339,release,average_utilization
horizon_only_vs_baseline,10,0.0,0.0,0.0,inconclusive,0.0,0.0,0.0,inconclusive,BG00340,release,average_utilization
reservation_only_vs_baseline,10,0.004922374429224008,-0.00021004566210017838,0.00952511415525145,inconclusive,-0.003977699301947335,-0.009045075206821919,0.0016473022007460645,inconclusive,BG00340,release,average_utilization
both_flexible_vs_baseline,10,0.004922374429224008,-9.178082191749966e-05,0.009662100456621204,inconclusive,-0.003977699301947335,-0.008994604438205059,0.001335133647496893,inconclusive,BG00340,release,average_utilization
both_flexible_vs_horizon_only,10,0.004922374429224008,-0.00011027397260245684,0.009680821917808597,inconclusive,-0.003977699301947335,-0.009208215851310935,0.001640151851208896,inconclusive,BG00340,release,average_utilization
both_flexible_vs_reservation_only,10,0.0,0.0,0.0,inconclusive,0.0,0.0,0.0,inconclusive,BG00340,release,average_utilization
reservation_only_vs_horizon_only,10,0.004922374429224008,-0.00014611872146082005,0.009534474885844933,inconclusive,-0.003977699301947335,-0.00906978379545312,0.001435535784789875,inconclusive,BG00340,release,average_utilization
horizon_only_vs_baseline,10,0.0,0.0,0.0,inconclusive,0.0,0.0,0.0,inconclusive,BG00341,release,average_utilization
reservation_only_vs_baseline,10,0.0,0.0,0.0,inconclusive,0.0,0.0,0.0,inconclusive,BG00341,release,average_utilization
both_flexible_vs_baseline,10,0.0012945205479447442,-0.001007020547945514,0.00343852739725995,inconclusive,-0.0004694351837709387,-0.005016104256402138,0.0033205550523022083,inconclusive,BG00341,release,average_utilization
both_flexible_vs_horizon_only,10,0.0012945205479447442,-0.0010755136986307793,0.00339041095890389,inconclusive,-0.0004694351837709387,-0.005298372166332236,0.0032993984202786004,inconclusive,BG00341,release,average_utilization
both_flexible_vs_reservation_only,10,0.0012945205479447442,-0.0010412671232882611,0.003445547945204731,inconclusive,-0.0004694351837709387,-0.005250976176397866,0.003283920469947294,inconclusive,BG00341,release,average_utilization
reservation_only_vs_horizon_only,10,0.0,0.0,0.0,inconclusive,0.0,0.0,0.0,inconclusive,BG00341,release,average_utilization
horizon_only_vs_baseline,10,0.03586301369863003,0.03377534246575333,0.038027397260274154,supported,-0.002572909420782016,-0.003579464295364343,-0.0014989518976624829,inconclusive,BG00342,release,average_utilization
reservation_only_vs_baseline,10,0.0014136986301369948,0.00048767123287678346,0.0022356164383562365,inconclusive,-0.0004490927772165587,-0.0013670116771761784,0.0005075977357880398,inconclusive,BG00342,release,average_utilization
both_flexible_vs_baseline,10,0.03586301369863003,0.03378616438356171,0.038115068493150814,supported,-0.002572909420782016,-0.003548776673808327,-0.0015015515965967545,inconclusive,BG00342,release,average_utilization
both_flexible_vs_horizon_only,10,0.0,0.0,0.0,inconclusive,0.0,0.0,0.0,inconclusive,BG00342,release,average_utilization
both_flexible_vs_reservation_only,10,0.03444931506849304,0.03233424657534229,0.036701643835616644,supported,-0.002123816643565457,-0.003148745577900895,-0.0011990371840883952,inconclusive,BG00342,release,average_utilization
reservation_only_vs_horizon_only,10,-0.03444931506849304,-0.036701643835615944,-0.03228479452054747,contradicted,0.002123816643565457,0.0011837398984168152,0.0031208611158213026,inconclusive,BG00342,release,average_utilization
horizon_only_vs_baseline,10,0.07719178082191686,0.07309554794520483,0.08100034246575236,supported,0.025029970682160785,0.022041608013260054,0.027804426705855697,supported,BG00343,release,average_utilization
reservation_only_vs_baseline,10,0.012917808219177974,0.010041095890411198,0.01561643835616421,supported,-0.011897001683302297,-0.014312836682491814,-0.009562592055296235,contradicted,BG00343,release,average_utilization
both_flexible_vs_baseline,10,0.0900273972602726,0.08634212328767013,0.09330171232876561,supported,-0.00607901252792927,-0.008765105727114504,-0.004014501212950321,contradicted,BG00343,release,average_utilization
both_flexible_vs_horizon_only,10,0.012835616438355745,0.01030136986301353,0.01569863013698603,supported,-0.031108983210090056,-0.03318126108355587,-0.029176739057332448,contradicted,BG00343,release,average_utilization
both_flexible_vs_reservation_only,10,0.07710958904109463,0.07509554794520408,0.0794934931506838,supported,0.005817989155373027,0.003122902727302637,0.008308024348366999,supported,BG00343,release,average_utilization
reservation_only_vs_horizon_only,10,-0.06427397260273889,-0.06735616438356082,-0.06099965753424583,contradicted,-0.036926972365463086,-0.039393649763703686,-0.03421987713800242,contradicted,BG00343,release,average_utilization
horizon_only_vs_baseline,10,0.0,0.0,0.0,inconclusive,0.0,0.0,0.0,inconclusive,BG00344,release,average_utilization
reservation_only_vs_baseline,10,0.0022602739726025668,-0.0027130136986299657,0.007369863013697954,inconclusive,-0.0025351329510733935,-0.007330988988631797,0.002231519707711258,inconclusive,BG00344,release,average_utilization
both_flexible_vs_baseline,10,0.0022602739726025668,-0.0026301369863012862,0.007575342465753076,inconclusive,-0.0025351329510733935,-0.007229548927868026,0.0020388247024828426,inconclusive,BG00344,release,average_utilization
both_flexible_vs_horizon_only,10,0.0022602739726025668,-0.00263013698630113,0.00705513698630094,inconclusive,-0.0025351329510733935,-0.007292273080730481,0.002199012320551497,inconclusive,BG00344,release,average_utilization
both_flexible_vs_reservation_only,10,0.0,0.0,0.0,inconclusive,0.0,0.0,0.0,inconclusive,BG00344,release,average_utilization
reservation_only_vs_horizon_only,10,0.0022602739726025668,-0.002575342465753441,0.007370547945204804,inconclusive,-0.0025351329510733935,-0.007129883239636694,0.0021142975770237628,inconclusive,BG00344,release,average_utilization
horizon_only_vs_baseline,10,0.0013630136986300778,-0.0007397260273973602,0.0037263698630140237,inconclusive,0.006290348133139345,0.00158340061127359,0.011754489143817708,supported,BG00345,release,average_utilization
reservation_only_vs_baseline,10,0.0023561643835613654,0.001123287671232609,0.00379452054794508,inconclusive,-0.003927610882102894,-0.009474047749328621,0.0007205681297694118,inconclusive,BG00345,release,average_utilization
both_flexible_vs_baseline,10,0.0023561643835613654,0.0011027397260270954,0.0037054794520543066,inconclusive,-0.003927610882102894,-0.009476876099136227,0.0005724435393985275,inconclusive,BG00345,release,average_utilization
both_flexible_vs_horizon_only,10,0.0009931506849312876,-0.0011988013698629562,0.0028561643835614435,inconclusive,-0.01021795901524224,-0.015695029012678285,-0.00512053153843626,contradicted,BG00345,release,average_utilization
both_flexible_vs_reservation_only,10,0.0,0.0,0.0,inconclusive,0.0,0.0,0.0,inconclusive,BG00345,release,average_utilization
reservation_only_vs_horizon_only,10,0.0009931506849312876,-0.0013013698630137947,0.0028700342465754827,inconclusive,-0.01021795901524224,-0.015473682494593254,-0.004995437354055961,contradicted,BG00345,release,average_utilization
horizon_only_vs_baseline,10,6.027397260286449e-05,-0.0019126027397259086,0.0018356164383561083,inconclusive,-0.002137904337357233,-0.004282957343862983,-3.673358354157052e-05,inconclusive,BG00346,release,average_utilization
reservation_only_vs_baseline,10,0.03199452054794462,0.030942328767122367,0.03313972602739681,supported,0.07304900481745122,0.07110802050369976,0.07502299278544615,supported,BG00346,release,average_utilization
both_flexible_vs_baseline,10,0.03199452054794462,0.03095890410958851,0.03316178082191736,supported,0.07304900481745122,0.07113514726563061,0.07496674422721945,supported,BG00346,release,average_utilization
both_flexible_vs_horizon_only,10,0.03193424657534175,0.030706712328766084,0.03330424657534148,supported,0.07518690915480845,0.07333380554431573,0.07680151918510067,supported,BG00346,release,average_utilization
both_flexible_vs_reservation_only,10,0.0,0.0,0.0,inconclusive,0.0,0.0,0.0,inconclusive,BG00346,release,average_utilization
reservation_only_vs_horizon_only,10,0.03193424657534175,0.0307287671232872,0.033315205479451236,supported,0.07518690915480845,0.07329685896997276,0.07677305981153017,supported,BG00346,release,average_utilization
horizon_only_vs_baseline,10,0.0,0.0,0.0,inconclusive,0.0,0.0,0.0,inconclusive,BG00347,release,average_utilization
reservation_only_vs_baseline,10,0.0,0.0,0.0,inconclusive,0.0,0.0,0.0,inconclusive,BG00347,release,average_utilization
both_flexible_vs_baseline,10,0.0,0.0,0.0,inconclusive,0.0,0.0,0.0,inconclusive,BG00347,release,average_utilization
both_flexible_vs_horizon_only,10,0.0,0.0,0.0,inconclusive,0.0,0.0,0.0,inconclusive,BG00347,release,average_utilization
both_flexible_vs_reservation_only,10,0.0,0.0,0.0,inconclusive,0.0,0.0,0.0,inconclusive,BG00347,release,average_utilization
reservation_only_vs_horizon_only,10,0.0,0.0,0.0,inconclusive,0.0,0.0,0.0,inconclusive,BG00347,release,average_utilization
horizon_only_vs_baseline,10,0.03805479452054833,0.03557517123287733,0.04046575342465779,supported,0.017731097803859917,0.01532706343511565,0.0202264887453068,supported,BG00348,release,average_utilization
reservation_only_vs_baseline,10,0.0003356164383561455,0.00016438356164371031,0.000506849315068525,inconclusive,-0.0012692100528609862,-0.0015860877094426651,-0.0009733370593937291,inconclusive,BG00348,release,average_utilization
both_flexible_vs_baseline,10,0.03805479452054833,0.035595719178082616,0.04047945205479481,supported,0.017731097803859917,0.015182701764261876,0.020181018182266433,supported,BG00348,release,average_utilization
both_flexible_vs_horizon_only,10,0.0,0.0,0.0,inconclusive,0.0,0.0,0.0,inconclusive,BG00348,release,average_utilization
both_flexible_vs_reservation_only,10,0.03771917808219218,0.035219178082192416,0.040205650684931676,supported,0.019000307856720904,0.01642933321001676,0.02167620881238024,supported,BG00348,release,average_utilization
reservation_only_vs_horizon_only,10,-0.03771917808219218,-0.04024657534246574,-0.035164383561644405,contradicted,-0.019000307856720904,-0.021600054963597598,-0.016473453232427323,contradicted,BG00348,release,average_utilization
horizon_only_vs_baseline,10,0.00080136986301369,-9.589041095890982e-05,0.002095890410958901,inconclusive,0.00012182034276350117,-0.00034838020263390225,0.0007917319211844687,inconclusive,BG00349,release,average_utilization
reservation_only_vs_baseline,10,0.0016780821917809496,-4.811643835596646e-05,0.003698801369863107,inconclusive,6.349946313680688e-05,-0.002484650493930882,0.002846675370937945,inconclusive,BG00349,release,average_utilization
both_flexible_vs_baseline,10,0.0016780821917809496,-5.479452054779843e-05,0.003760273972602824,inconclusive,6.349946313680688e-05,-0.0025030246924374754,0.0027261889038917345,inconclusive,BG00349,release,average_utilization
both_flexible_vs_horizon_only,10,0.0008767123287672596,-0.0010412671232873018,0.0030344178082193,inconclusive,-5.83208796266943e-05,-0.0029226269310176412,0.0027666317367932513,inconclusive,BG00349,release,average_utilization
both_flexible_vs_reservation_only,10,0.0,0.0,0.0,inconclusive,0.0,0.0,0.0,inconclusive,BG00349,release,average_utilization
reservation_only_vs_horizon_only,10,0.0008767123287672596,-0.001047945205479276,0.0031095890410960743,inconclusive,-5.83208796266943e-05,-0.0028109415932946395,0.0027835195693641144,inconclusive,BG00349,release,average_utilization
horizon_only_vs_baseline,10,0.0005369863013696685,-0.000986301369863437,0.0019509589041095134,inconclusive,-0.00047653655814133833,-0.005064647612432223,0.003881273006970534,inconclusive,BG00350,release,average_utilization
reservation_only_vs_baseline,10,0.001835616438356036,-0.00023561643835604912,0.00366041095890376,inconclusive,0.10628625430778879,0.10242939036878207,0.11070014267374295,supported,BG00350,release,average_utilization
both_flexible_vs_baseline,10,0.00229041095890421,0.0007450684931505181,0.004318082191781133,inconclusive,0.0895416400731192,0.08435164512372216,0.09543107190497449,supported,BG00350,release,average_utilization
both_flexible_vs_horizon_only,10,0.0017534246575345413,-0.00027958904109559417,0.003896027397260906,inconclusive,0.09001817663126054,0.08568387617615629,0.09484127000743343,supported,BG00350,release,average_utilization
both_flexible_vs_reservation_only,10,0.000454794520548174,-0.001556164383561147,0.0023290410958907264,inconclusive,-0.016744614234669587,-0.018786244799514226,-0.014588765187732703,contradicted,BG00350,release,average_utilization
reservation_only_vs_horizon_only,10,0.0012986301369863674,0.0001478082191786354,0.002361643835616257,inconclusive,0.10676279086593013,0.10267182948697424,0.1114190982468371,supported,BG00350,release,average_utilization
horizon_only_vs_baseline,10,0.0005205479452055961,-0.0024520547945204975,0.0036445205479455306,inconclusive,-0.013268699915664988,-0.017739022363141416,-0.008807031259870795,contradicted,BG00351,release,average_utilization
reservation_only_vs_baseline,10,0.0013972602739726226,-0.0015619863013698566,0.004493835616438544,inconclusive,0.0016858782843732155,-0.002070802339523024,0.00545486433216049,inconclusive,BG00351,release,average_utilization
both_flexible_vs_baseline,10,0.0018767123287673048,-0.0004657534246574676,0.004219178082191868,inconclusive,-0.015608042088368263,-0.020777440269540055,-0.01032542943630459,contradicted,BG00351,release,average_utilization
both_flexible_vs_horizon_only,10,0.0013561643835617089,-0.0009452054794517458,0.003808561643835964,inconclusive,-0.002339342172703274,-0.005912540817970902,0.0012494089506769237,inconclusive,BG00351,release,average_utilization
both_flexible_vs_reservation_only,10,0.00047945205479468236,-0.00252089041095883,0.0032739726027397388,inconclusive,-0.017293920372741477,-0.02145739209728699,-0.013047359457810003,contradicted,BG00351,release,average_utilization
reservation_only_vs_horizon_only,10,0.0008767123287670264,-0.0025345890410962474,0.004671575342465912,inconclusive,0.014954578200038204,0.010218751998173093,0.020204070454265564,supported,BG00351,release,average_utilization
horizon_only_vs_baseline,10,0.0,0.0,0.0,inconclusive,0.0,0.0,0.0,inconclusive,BG00352,release,average_utilization
reservation_only_vs_baseline,10,0.001305936073059344,-0.002913470319634809,0.005525570776255867,inconclusive,8.151654655784713e-05,-0.001050958126797723,0.001452413452342487,inconclusive,BG00352,release,average_utilization
both_flexible_vs_baseline,10,0.002913242009132333,1.8264840182455333e-05,0.005716894977169019,inconclusive,0.0011336517381035915,-0.0008641301982224812,0.003555026498379466,inconclusive,BG00352,release,average_utilization
both_flexible_vs_horizon_only,10,0.002913242009132333,0.00018242009132386503,0.005689726027397399,inconclusive,0.0011336517381035915,-0.0007799677075155869,0.0036279403965369917,inconclusive,BG00352,release,average_utilization
both_flexible_vs_reservation_only,10,0.0016073059360729891,-0.0020639269406392954,0.005086986301369781,inconclusive,0.0010521351915457444,-0.0004278967740288244,0.0024485784963376163,inconclusive,BG00352,release,average_utilization
reservation_only_vs_horizon_only,10,0.001305936073059344,-0.002850000000000363,0.005635159817351868,inconclusive,8.151654655784713e-05,-0.0010130377697488077,0.0015605898825325187,inconclusive,BG00352,release,average_utilization
horizon_only_vs_baseline,10,0.0,0.0,0.0,inconclusive,0.0,0.0,0.0,inconclusive,BG00353,release,average_utilization
reservation_only_vs_baseline,10,8.904109589039644e-05,1.3698630136893264e-05,0.00017808219178085948,inconclusive,0.000164739466842323,1.433179403423108e-05,0.0003087870819329153,inconclusive,BG00353,release,average_utilization
both_flexible_vs_baseline,10,0.0010890410958902864,-0.0013219178082188852,0.0031917808219171736,inconclusive,0.001973554382460607,-0.001204511681980382,0.005638282469064567,inconclusive,BG00353,release,average_utilization
both_flexible_vs_horizon_only,10,0.0010890410958902864,-0.0011986301369862674,0.0033220890410956675,inconclusive,0.001973554382460607,-0.0011330451802634416,0.005601867861217758,inconclusive,BG00353,release,average_utilization
both_flexible_vs_reservation_only,10,0.0009999999999998899,-0.0013289383561640928,0.0031440068493149356,inconclusive,0.0018088149156182843,-0.0015067361802912685,0.005435983990528737,inconclusive,BG00353,release,average_utilization
reservation_only_vs_horizon_only,10,8.904109589039644e-05,6.84931506849118e-06,0.0001780821917808706,inconclusive,0.000164739466842323,1.6103177526815563e-05,0.0003132512349388156,inconclusive,BG00353,release,average_utilization
horizon_only_vs_baseline,10,0.001762557077625604,0.0,0.004885844748858526,inconclusive,0.0006768643814476838,0.00013868408536211741,0.001492412848257485,inconclusive,BG00354,release,average_utilization
reservation_only_vs_baseline,10,0.005214611872146358,-0.001470776255707475,0.012010273972602936,inconclusive,-0.0013349652971947456,-0.004402574897781274,0.0014978947673722415,inconclusive,BG00354,release,average_utilization
both_flexible_vs_baseline,10,0.005214611872146358,-0.0014157534246572838,0.011698858447488882,inconclusive,-0.0013349652971947456,-0.004517248817357443,0.0015558365588225964,inconclusive,BG00354,release,average_utilization
both_flexible_vs_horizon_only,10,0.0034520547945207534,-0.0052148401826481615,0.011900000000000212,inconclusive,-0.0020118296786424293,-0.005277309715816329,0.000953945776460272,inconclusive,BG00354,release,average_utilization
both_flexible_vs_reservation_only,10,0.0,0.0,0.0,inconclusive,0.0,0.0,0.0,inconclusive,BG00354,release,average_utilization
reservation_only_vs_horizon_only,10,0.0034520547945207534,-0.005306164383561423,0.011461643835616611,inconclusive,-0.0020118296786424293,-0.005353423797030008,0.0011100250377774916,inconclusive,BG00354,release,average_utilization
horizon_only_vs_baseline,10,0.0037589041095890787,0.0010519178082191746,0.006591917808218954,inconclusive,0.0013142409188821812,-0.0012465887924764045,0.0034752823880046502,inconclusive,BG00355,release,average_utilization
reservation_only_vs_baseline,10,0.001123287671233175,-0.0013206849315064442,0.0034247945205481984,inconclusive,-0.0006834569812360191,-0.003025955383226141,0.0013176656216671789,inconclusive,BG00355,release,average_utilization
both_flexible_vs_baseline,10,0.0039561643835617,0.0004383561643836242,0.007479589041096214,inconclusive,0.0012142730782278121,-0.0017256492459655208,0.0038948343903371097,inconclusive,BG00355,release,average_utilization
both_flexible_vs_horizon_only,10,0.00019726027397262146,-0.0012109589041095188,0.001682191780821988,inconclusive,-9.996784065436914e-05,-0.002661151935135482,0.0025027197926882536,inconclusive,BG00355,release,average_utilization
both_flexible_vs_reservation_only,10,0.002832876712328525,-0.0001539726027400502,0.005594794520547863,inconclusive,0.0018977300594638312,-0.0014942696937371603,0.005212523160109279,inconclusive,BG00355,release,average_utilization
reservation_only_vs_horizon_only,10,-0.002635616438355903,-0.0050357534246571805,-0.00010410958904113755,inconclusive,-0.0019976979001182006,-0.005352323497596786,0.0008483324288615509,inconclusive,BG00355,release,average_utilization
horizon_only_vs_baseline,10,0.03354794520547951,0.03169845890410956,0.035404280821917704,supported,0.014267359609165236,0.011637048198597537,0.016694062754141897,supported,BG00356,release,average_utilization
reservation_only_vs_baseline,10,0.031054794520548223,0.02877380136986339,0.033363184931507014,supported,0.10952864980277151,0.10698800688339945,0.11188512888445983,supported,BG00356,release,average_utilization
both_flexible_vs_baseline,10,0.033753424657534406,0.031157363013698505,0.03632208904109594,supported,0.10084404694221587,0.09727165581999711,0.10399184625825113,supported,BG00356,release,average_utilization
both_flexible_vs_horizon_only,10,0.0002054794520548908,-0.0012125000000000083,0.0016506849315066309,inconclusive,0.08657668733305064,0.08507579293415685,0.08838975685476295,supported,BG00356,release,average_utilization
both_flexible_vs_reservation_only,10,0.00269863013698618,0.0018765410958901379,0.0035136986301366755,inconclusive,-0.008684602860555635,-0.011009010110109763,-0.006348884731729559,contradicted,BG00356,release,average_utilization
reservation_only_vs_horizon_only,10,-0.002493150684931289,-0.0037260273972599027,-0.0011779109589040058,inconclusive,0.09526129019360627,0.09291448257780702,0.09756923662308037,supported,BG00356,release,average_utilization
horizon_only_vs_baseline,10,0.0,0.0,0.0,inconclusive,0.0,0.0,0.0,inconclusive,BG00357,release,average_utilization
reservation_only_vs_baseline,10,0.0,0.0,0.0,inconclusive,0.0,0.0,0.0,inconclusive,BG00357,release,average_utilization
both_flexible_vs_baseline,10,0.0,0.0,0.0,inconclusive,0.0,0.0,0.0,inconclusive,BG00357,release,average_utilization
both_flexible_vs_horizon_only,10,0.0,0.0,0.0,inconclusive,0.0,0.0,0.0,inconclusive,BG00357,release,average_utilization
both_flexible_vs_reservation_only,10,0.0,0.0,0.0,inconclusive,0.0,0.0,0.0,inconclusive,BG00357,release,average_utilization
reservation_only_vs_horizon_only,10,0.0,0.0,0.0,inconclusive,0.0,0.0,0.0,inconclusive,BG00357,release,average_utilization
horizon_only_vs_baseline,10,0.0021369863013699585,4.931506849261323e-06,0.004054931506849585,inconclusive,-0.0143345882058673,-0.01814047875731101,-0.010295430680450206,contradicted,BG00358,release,average_utilization
reservation_only_vs_baseline,10,0.01880547945205463,0.01679999999999994,0.020602739726026862,supported,-0.11656228299695903,-0.11904188561223263,-0.114126562151553,contradicted,BG00358,release,average_utilization
both_flexible_vs_baseline,10,0.01880547945205463,0.01682726027397248,0.020608219178081647,supported,-0.11656228299695903,-0.11905565030046336,-0.11420229651083987,contradicted,BG00358,release,average_utilization
both_flexible_vs_horizon_only,10,0.016668493150684673,0.014498493150684494,0.018684931506849085,supported,-0.10222769479109173,-0.10509338080293719,-0.09941485891577581,contradicted,BG00358,release,average_utilization
both_flexible_vs_reservation_only,10,0.0,0.0,0.0,inconclusive,0.0,0.0,0.0,inconclusive,BG00358,release,average_utilization
reservation_only_vs_horizon_only,10,0.016668493150684673,0.01435616438356121,0.018663013698629938,supported,-0.10222769479109173,-0.1051393256007149,-0.09949388195417612,contradicted,BG00358,release,average_utilization
horizon_only_vs_baseline,10,0.003402739726027859,0.0023178082191787955,0.004438356164383708,inconclusive,0.07369341593890913,0.07108557823968055,0.07588954140373078,supported,BG00359,release,average_utilization
reservation_only_vs_baseline,10,0.00422465753424679,0.0026354794520554122,0.005589041095890357,inconclusive,0.09018868334851028,0.08723016235565088,0.0930018584893509,supported,BG00359,release,average_utilization
both_flexible_vs_baseline,10,0.004569863013698605,0.0032164383561645625,0.005989041095890282,inconclusive,0.1881212062795731,0.1853430506848217,0.19104582609732446,supported,BG00359,release,average_utilization
both_flexible_vs_horizon_only,10,0.0011671232876707461,1.0958904109159284e-05,0.002416438356163386,inconclusive,0.11442779034066394,0.11167087507186285,0.11744286271947668,supported,BG00359,release,average_utilization
both_flexible_vs_reservation_only,10,0.00034520547945181556,-0.0015343835616438665,0.002345753424656983,inconclusive,0.0979325229310628,0.09416537276626781,0.10162777855726098,supported,BG00359,release,average_utilization
reservation_only_vs_horizon_only,10,0.0008219178082189305,-0.0001753424657533925,0.0018960273972601159,inconclusive,0.016495267409601156,0.013132540478296442,0.019422770481484504,supported,BG00359,release,average_utilization
horizon_only_vs_baseline,10,0.0003652968036527149,-0.001607534246575627,0.002402054794520233,inconclusive,-0.01052967704189991,-0.014729349853451625,-0.006123887594086854,contradicted,BG00360,release,average_utilization
reservation_only_vs_baseline,10,0.010283105022830719,0.008721461187214731,0.012146347031962946,supported,-0.08642214125512734,-0.0897663919562415,-0.08336102418709662,contradicted,BG00360,release,average_utilization
both_flexible_vs_baseline,10,0.010794520547944886,0.008684703196346857,0.012776255707762009,supported,-0.08317236745706251,-0.0864510452354274,-0.07977490744617353,contradicted,BG00360,release,average_utilization
both_flexible_vs_horizon_only,10,0.010429223744292171,0.00871210045662082,0.011999999999999837,supported,-0.07264269041516262,-0.07788253700881774,-0.06696090631788051,contradicted,BG00360,release,average_utilization
both_flexible_vs_reservation_only,10,0.0005114155251141672,-0.0011050228310499892,0.002146118721461168,inconclusive,0.00324977379806482,-0.0005377813275544941,0.006777401970890758,inconclusive,BG00360,release,average_utilization
reservation_only_vs_horizon_only,10,0.009917808219178004,0.008301369863014304,0.011515981735159433,supported,-0.07589246421322743,-0.08012448113462896,-0.07164350455966308,contradicted,BG00360,release,average_utilization
horizon_only_vs_baseline,10,0.0,0.0,0.0,inconclusive,0.0,0.0,0.0,inconclusive,BG00361,release,average_utilization
reservation_only_vs_baseline,10,0.0020913242009132694,-0.00023767123287681734,0.005215068493150612,inconclusive,-0.0012037207454880573,-0.0025516520795277344,-4.4817307936721866e-05,inconclusive,BG00361,release,average_utilization
both_flexible_vs_baseline,10,0.0020913242009132694,-0.0003198630136987584,0.0051324200913241665,inconclusive,-0.0012037207454880573,-0.0025893013269433583,-4.328653629573258e-05,inconclusive,BG00361,release,average_utilization
both_flexible_vs_horizon_only,10,0.0020913242009132694,-0.0002648401826483637,0.005132648401826219,inconclusive,-0.0012037207454880573,-0.002665045101652731,-3.866897148424003e-05,inconclusive,BG00361,release,average_utilization
both_flexible_vs_reservation_only,10,0.0,0.0,0.0,inconclusive,0.0,0.0,0.0,inconclusive,BG00361,release,average_utilization
reservation_only_vs_horizon_only,10,0.0020913242009132694,-0.0002468036529681047,0.0051600456621005274,inconclusive,-0.0012037207454880573,-0.0026459475111865185,-5.93325798700796e-05,inconclusive,BG00361,release,average_utilization
horizon_only_vs_baseline,10,0.0,0.0,0.0,inconclusive,0.0,0.0,0.0,inconclusive,BG00362,release,average_utilization
reservation_only_vs_baseline,10,0.0007305936073059627,0.0,0.002191780821917888,inconclusive,-4.897319558223589e-05,-0.0001469195867467077,0.0,inconclusive,BG00362,release,average_utilization
both_flexible_vs_baseline,10,0.0009497716894977471,-1.826484018265795e-05,0.0023107305936074045,inconclusive,-7.790553897828456e-05,-0.00036947290542944656,0.00014371099541989895,inconclusive,BG00362,release,average_utilization
both_flexible_vs_horizon_only,10,0.0009497716894977471,-1.826484018265795e-05,0.0021917808219178033,inconclusive,-7.790553897828456e-05,-0.00036947290542944656,0.00013575628849459286,inconclusive,BG00362,release,average_utilization
both_flexible_vs_reservation_only,10,0.00021917808219178435,-0.0005479452054795386,0.0012328767123288785,inconclusive,-2.8932343396048664e-05,-0.00036947290542944656,0.00029063058216660664,inconclusive,BG00362,release,average_utilization
reservation_only_vs_horizon_only,10,0.0007305936073059627,0.0,0.002191780821917888,inconclusive,-4.897319558223589e-05,-0.0001469195867467077,0.0,inconclusive,BG00362,release,average_utilization
horizon_only_vs_baseline,10,0.0,0.0,0.0,inconclusive,0.0,0.0,0.0,inconclusive,BG00363,release,average_utilization
reservation_only_vs_baseline,10,0.0,0.0,0.0,inconclusive,0.0,0.0,0.0,inconclusive,BG00363,release,average_utilization
both_flexible_vs_baseline,10,0.0,0.0,0.0,inconclusive,0.0,0.0,0.0,inconclusive,BG00363,release,average_utilization
both_flexible_vs_horizon_only,10,0.0,0.0,0.0,inconclusive,0.0,0.0,0.0,inconclusive,BG00363,release,average_utilization
both_flexible_vs_reservation_only,10,0.0,0.0,0.0,inconclusive,0.0,0.0,0.0,inconclusive,BG00363,release,average_utilization
reservation_only_vs_horizon_only,10,0.0,0.0,0.0,inconclusive,0.0,0.0,0.0,inconclusive,BG00363,release,average_utilization
horizon_only_vs_baseline,10,0.02832876712328678,0.02595433789954265,0.030511643835615755,supported,0.012165656391075702,0.007560871226818406,0.016745571508512413,supported,BG00364,release,average_utilization
reservation_only_vs_baseline,10,0.029013698630136163,0.026958675799085674,0.031297031963469536,supported,0.33842187258303263,0.33533950070445817,0.34202640413459134,supported,BG00364,release,average_utilization
both_flexible_vs_baseline,10,0.029662100456620065,0.027853881278537992,0.0313333333333322,supported,0.2995135659316907,0.2957425761014753,0.30327843118979547,supported,BG00364,release,average_utilization
both_flexible_vs_horizon_only,10,0.0013333333333332865,-2.739726027415401e-05,0.002949771689497709,inconclusive,0.287347909540615,0.28361746090015916,0.2909550389160044,supported,BG00364,release,average_utilization
both_flexible_vs_reservation_only,10,0.000648401826483902,-0.00029246575342508095,0.0016529680365296136,inconclusive,-0.03890830665134194,-0.044325485418956145,-0.03344847539875254,contradicted,BG00364,release,average_utilization
reservation_only_vs_horizon_only,10,0.0006849315068493845,-0.0010410958904110929,0.0024568493150685707,inconclusive,0.326256216191957,0.32120123278303425,0.33197584923303397,supported,BG00364,release,average_utilization
horizon_only_vs_baseline,10,0.029662100456619777,0.028054794520546898,0.03120570776255583,supported,0.009868830709250797,0.007900947334224745,0.011909271278720835,supported,BG00365,release,average_utilization
reservation_only_vs_baseline,10,0.009296803652967766,0.007050228310502047,0.011635159817351113,supported,0.09541916472752925,0.0926802713282602,0.09798197381677108,supported,BG00365,release,average_utilization
both_flexible_vs_baseline,10,0.029872146118720345,0.02793607305935978,0.03178995433789825,supported,0.08696495368801274,0.08533984538985394,0.08870473020980978,supported,BG00365,release,average_utilization
both_flexible_vs_horizon_only,10,0.00021004566210056642,-0.00041118721461181777,0.0008036529680366614,inconclusive,0.07709612297876194,0.07557245430801296,0.07852935903561593,supported,BG00365,release,average_utilization
both_flexible_vs_reservation_only,10,0.02057534246575258,0.018629908675798244,0.022511415525113043,supported,-0.008454211039516513,-0.011768101254331377,-0.005059427990128082,contradicted,BG00365,release,average_utilization
reservation_only_vs_horizon_only,10,-0.02036529680365201,-0.022018493150684073,-0.018611872146117845,contradicted,0.08555033401827845,0.08255281101521825,0.0881282732028935,supported,BG00365,release,average_utilization
horizon_only_vs_baseline,10,0.029269406392692876,0.02745182648401718,0.030894977168948536,supported,0.01039133210710797,0.008666180445704505,0.012161573471223503,supported,BG00366,release,average_utilization
reservation_only_vs_baseline,10,0.0007579908675799052,-0.0006942922374426064,0.002310502283104957,inconclusive,-0.007782568723797384,-0.009198416110653621,-0.006347954999177206,contradicted,BG00366,release,average_utilization
both_flexible_vs_baseline,10,0.029269406392692876,0.02741529680365201,0.03089497716894859,supported,0.01039133210710797,0.00861888015359256,0.012102933547171029,supported,BG00366,release,average_utilization
both_flexible_vs_horizon_only,10,0.0,0.0,0.0,inconclusive,0.0,0.0,0.0,inconclusive,BG00366,release,average_utilization
both_flexible_vs_reservation_only,10,0.028511415525112972,0.0262189497716883,0.03090433789954202,supported,0.018173900830905355,0.016129871435626397,0.02026353758642661,supported,BG00366,release,average_utilization
reservation_only_vs_horizon_only,10,-0.028511415525112972,-0.03080388127853762,-0.026191552511414366,contradicted,-0.018173900830905355,-0.020198059534871853,-0.01612037163643484,contradicted,BG00366,release,average_utilization
horizon_only_vs_baseline,10,0.0,0.0,0.0,inconclusive,0.0,0.0,0.0,inconclusive,BG00367,release,average_utilization
reservation_only_vs_baseline,10,0.0,0.0,0.0,inconclusive,0.0,0.0,0.0,inconclusive,BG00367,release,average_utilization
both_flexible_vs_baseline,10,0.0,0.0,0.0,inconclusive,0.0,0.0,0.0,inconclusive,BG00367,release,average_utilization
both_flexible_vs_horizon_only,10,0.0,0.0,0.0,inconclusive,0.0,0.0,0.0,inconclusive,BG00367,release,average_utilization
both_flexible_vs_reservation_only,10,0.0,0.0,0.0,inconclusive,0.0,0.0,0.0,inconclusive,BG00367,release,average_utilization
reservation_only_vs_horizon_only,10,0.0,0.0,0.0,inconclusive,0.0,0.0,0.0,inconclusive,BG00367,release,average_utilization
horizon_only_vs_baseline,10,7.671232876674817e-05,-0.00133698630137018,0.001583698630136545,inconclusive,0.0012960073069013256,-0.003173747714719873,0.006240861480160174,inconclusive,BG00368,release,average_utilization
reservation_only_vs_baseline,10,0.0,0.0,0.0,inconclusive,0.0,0.0,0.0,inconclusive,BG00368,release,average_utilization
both_flexible_vs_baseline,10,7.671232876674817e-05,-0.0013753424657536825,0.0015780821917802668,inconclusive,0.0012960073069013256,-0.003188820091045282,0.006041384445736907,inconclusive,BG00368,release,average_utilization
both_flexible_vs_horizon_only,10,0.0,0.0,0.0,inconclusive,0.0,0.0,0.0,inconclusive,BG00368,release,average_utilization
both_flexible_vs_reservation_only,10,7.671232876674817e-05,-0.0013698630136989816,0.0015453424657531896,inconclusive,0.0012960073069013256,-0.003061964112223965,0.0063406170749262655,inconclusive,BG00368,release,average_utilization
reservation_only_vs_horizon_only,10,-7.671232876674817e-05,-0.0015561643835613093,0.001353561643836057,inconclusive,-0.0012960073069013256,-0.006190835635201943,0.003136647063788336,inconclusive,BG00368,release,average_utilization
horizon_only_vs_baseline,10,0.0,0.0,0.0,inconclusive,0.0,0.0,0.0,inconclusive,BG00369,release,average_utilization
reservation_only_vs_baseline,10,0.003709589041095851,0.0019724657534246144,0.005567123287671042,inconclusive,-0.0007755224856849762,-0.0017441400909030491,3.319881847610376e-05,inconclusive,BG00369,release,average_utilization
both_flexible_vs_baseline,10,0.0041041095890409825,0.0014957534246572697,0.007035890410958942,inconclusive,-0.0009845865081330118,-0.002827586995895859,0.0006415275972764039,inconclusive,BG00369,release,average_utilization
both_flexible_vs_horizon_only,10,0.0041041095890409825,0.0014739726027398442,0.00690424657534251,inconclusive,-0.0009845865081330118,-0.0027856543199329346,0.0006377242657104014,inconclusive,BG00369,release,average_utilization
both_flexible_vs_reservation_only,10,0.0003945205479451319,-0.0018413698630139316,0.0026520547945205427,inconclusive,-0.00020906402244803558,-0.0016474578939269001,0.0012311492340737495,inconclusive,BG00369,release,average_utilization
reservation_only_vs_horizon_only,10,0.003709589041095851,0.0019669863013698527,0.005594520547945237,inconclusive,-0.0007755224856849762,-0.0016802101195956154,3.1903532682561305e-05,inconclusive,BG00369,release,average_utilization
horizon_only_vs_baseline,10,0.0002465753424657602,0.0,0.0007397260273972805,inconclusive,0.0001430568409620747,0.0,0.00042917052288622416,inconclusive,BG00370,release,average_utilization
reservation_only_vs_baseline,10,0.0,0.0,0.0,inconclusive,0.0,0.0,0.0,inconclusive,BG00370,release,average_utilization
both_flexible_vs_baseline,10,0.0002465753424657602,0.0,0.0007397260273972805,inconclusive,0.0001430568409620747,0.0,0.00042917052288622416,inconclusive,BG00370,release,average_utilization
both_flexible_vs_horizon_only,10,0.0,0.0,0.0,inconclusive,0.0,0.0,0.0,inconclusive,BG00370,release,average_utilization
both_flexible_vs_reservation_only,10,0.0002465753424657602,0.0,0.0007397260273972805,inconclusive,0.0001430568409620747,0.0,0.00042917052288622416,inconclusive,BG00370,release,average_utilization
reservation_only_vs_horizon_only,10,-0.0002465753424657602,-0.0007397260273972805,0.0,inconclusive,-0.0001430568409620747,-0.00042917052288622416,0.0,inconclusive,BG00370,release,average_utilization
horizon_only_vs_baseline,10,0.0,0.0,0.0,inconclusive,0.0,0.0,0.0,inconclusive,BG00371,release,average_utilization
reservation_only_vs_baseline,10,0.0,0.0,0.0,inconclusive,0.0,0.0,0.0,inconclusive,BG00371,release,average_utilization
both_flexible_vs_baseline,10,0.0,0.0,0.0,inconclusive,0.0,0.0,0.0,inconclusive,BG00371,release,average_utilization
both_flexible_vs_horizon_only,10,0.0,0.0,0.0,inconclusive,0.0,0.0,0.0,inconclusive,BG00371,release,average_utilization
both_flexible_vs_reservation_only,10,0.0,0.0,0.0,inconclusive,0.0,0.0,0.0,inconclusive,BG00371,release,average_utilization
reservation_only_vs_horizon_only,10,0.0,0.0,0.0,inconclusive,0.0,0.0,0.0,inconclusive,BG00371,release,average_utilization
horizon_only_vs_baseline,10,0.0,0.0,0.0,inconclusive,0.0,0.0,0.0,inconclusive,BG00372,release,average_utilization
reservation_only_vs_baseline,10,0.002986301369862887,-0.000643835616438361,0.006658219178082183,inconclusive,-0.0004445766672706797,-0.004058621715638639,0.00302429096072968,inconclusive,BG00372,release,average_utilization
both_flexible_vs_baseline,10,0.002986301369862887,-0.0006852739726027471,0.006616780821917459,inconclusive,-0.0004445766672706797,-0.004200264268667835,0.0029944350245095985,inconclusive,BG00372,release,average_utilization
both_flexible_vs_horizon_only,10,0.002986301369862887,-0.0006034246575343498,0.006685616438356115,inconclusive,-0.0004445766672706797,-0.004068557345089716,0.0030714071824824553,inconclusive,BG00372,release,average_utilization
both_flexible_vs_reservation_only,10,0.0,0.0,0.0,inconclusive,0.0,0.0,0.0,inconclusive,BG00372,release,average_utilization
reservation_only_vs_horizon_only,10,0.002986301369862887,-0.0005753424657533149,0.006794520547944928,inconclusive,-0.0004445766672706797,-0.004040017900164665,0.00299506231752843,inconclusive,BG00372,release,average_utilization
horizon_only_vs_baseline,10,0.001958904109589166,0.00012294520547953086,0.0038219178082193484,inconclusive,-0.01237937906798554,-0.0163981822064299,-0.007586608483050676,contradicted,BG00373,release,average_utilization
reservation_only_vs_baseline,10,0.010671232876712289,0.008246232876712032,0.012931506849315133,supported,-0.10142501511991368,-0.10692363993032804,-0.09551296179014912,contradicted,BG00373,release,average_utilization
both_flexible_vs_baseline,10,0.010917808219177805,0.009438013698629854,0.012287671232876178,supported,-0.09538839243102006,-0.09937676759447098,-0.09098533600359708,contradicted,BG00373,release,average_utilization
both_flexible_vs_horizon_only,10,0.008958904109588639,0.006095890410958333,0.011547945205478976,supported,-0.08300901336303453,-0.08616467036276208,-0.07893410644535337,contradicted,BG00373,release,average_utilization
both_flexible_vs_reservation_only,10,0.0002465753424655159,-0.002863013698630136,0.003260273972602391,inconclusive,0.006036622688893639,-0.0018937018627166466,0.013753460600099352,inconclusive,BG00373,release,average_utilization
reservation_only_vs_horizon_only,10,0.008712328767123124,0.006767123287671162,0.01021917808219136,supported,-0.08904563605192815,-0.09602725595105521,-0.08190656542504018,contradicted,BG00373,release,average_utilization
horizon_only_vs_baseline,10,2.19178082191962e-05,-6.575342465772182e-05,0.00013150684931531042,inconclusive,0.0012813217048361803,-0.00028194663892192604,0.004125911753430467,inconclusive,BG00374,release,average_utilization
reservation_only_vs_baseline,10,0.0005479452054796607,-0.0013261643835611988,0.002422054794520531,inconclusive,0.013680050565140645,0.008746518417113965,0.01846184505422297,supported,BG00374,release,average_utilization
both_flexible_vs_baseline,10,0.001786301369862886,0.0003342465753423643,0.003129041095890277,inconclusive,0.0015041102739664636,-0.0052782119651280796,0.009649272373781574,inconclusive,BG00374,release,average_utilization
both_flexible_vs_horizon_only,10,0.00176438356164369,0.0003452054794518378,0.003090410958903812,inconclusive,0.00022278856913028334,-0.006505350594653203,0.00869614195987116,inconclusive,BG00374,release,average_utilization
both_flexible_vs_reservation_only,10,0.0012383561643832253,-1.0958904109416023e-05,0.0026082191780815423,inconclusive,-0.012175940291174182,-0.01801088214110528,-0.0062213411935166585,contradicted,BG00374,release,average_utilization
reservation_only_vs_horizon_only,10,0.0005260273972604645,-0.0014575342465747362,0.0024164383561642642,inconclusive,0.012398728860304464,0.007706377075902262,0.01752404390066107,supported,BG00374,release,average_utilization
horizon_only_vs_baseline,10,0.0,0.0,0.0,inconclusive,0.0,0.0,0.0,inconclusive,BG00375,release,average_utilization
reservation_only_vs_baseline,10,0.0,0.0,0.0,inconclusive,0.0,0.0,0.0,inconclusive,BG00375,release,average_utilization
both_flexible_vs_baseline,10,0.00159817351598186,-0.0016810502283103798,0.004794748858447729,inconclusive,0.0012486100146714251,-0.0006227746504993178,0.0032317061753666413,inconclusive,BG00375,release,average_utilization
both_flexible_vs_horizon_only,10,0.00159817351598186,-0.0016257990867580366,0.004876940639269669,inconclusive,0.0012486100146714251,-0.0005769279243343445,0.003151684624091372,inconclusive,BG00375,release,average_utilization
both_flexible_vs_reservation_only,10,0.00159817351598186,-0.0016075342465753058,0.004886073059360911,inconclusive,0.0012486100146714251,-0.000589871453218109,0.0031825433221314425,inconclusive,BG00375,release,average_utilization
reservation_only_vs_horizon_only,10,0.0,0.0,0.0,inconclusive,0.0,0.0,0.0,inconclusive,BG00375,release,average_utilization
horizon_only_vs_baseline,10,0.0,0.0,0.0,inconclusive,0.0,0.0,0.0,inconclusive,BG00376,release,average_utilization
reservation_only_vs_baseline,10,0.0020602739726025554,-0.0017810958904110382,0.0062253424657527185,inconclusive,-0.0009678327085155148,-0.0025701599570822527,0.0006587518970057292,inconclusive,BG00376,release,average_utilization
both_flexible_vs_baseline,10,0.0020602739726025554,-0.0019287671232878234,0.0062960273972599455,inconclusive,-0.0009678327085155148,-0.0025408833540329565,0.0006908553858744666,inconclusive,BG00376,release,average_utilization
both_flexible_vs_horizon_only,10,0.0020602739726025554,-0.0018247945205483048,0.00632890410958876,inconclusive,-0.0009678327085155148,-0.002575047398413421,0.0006626292170547783,inconclusive,BG00376,release,average_utilization
both_flexible_vs_reservation_only,10,0.0,0.0,0.0,inconclusive,0.0,0.0,0.0,inconclusive,BG00376,release,average_utilization
reservation_only_vs_horizon_only,10,0.0020602739726025554,-0.0017536986301365293,0.0064056164383559985,inconclusive,-0.0009678327085155148,-0.00254478799379133,0.0006096628945990662,inconclusive,BG00376,release,average_utilization
horizon_only_vs_baseline,10,0.017657534246574826,0.01502739726027321,0.02042465753424596,supported,0.004384650160956643,0.002863202708278128,0.005795969572310017,inconclusive,BG00377,release,average_utilization
reservation_only_vs_baseline,10,0.05772602739725864,0.05589041095890251,0.05990410958903916,supported,0.005375693533954273,0.0037276779294369636,0.007216446133915385,supported,BG00377,release,average_utilization
both_flexible_vs_baseline,10,0.05772602739725864,0.05589006849314889,0.0599315068493135,supported,0.005375693533954273,0.0037170490844173967,0.00719694974915725,supported,BG00377,release,average_utilization
both_flexible_vs_horizon_only,10,0.040068493150683816,0.03850684931506747,0.04186301369862883,supported,0.0009910433729976298,-0.0009380505701037506,0.002919221455926995,inconclusive,BG00377,release,average_utilization
both_flexible_vs_reservation_only,10,0.0,0.0,0.0,inconclusive,0.0,0.0,0.0,inconclusive,BG00377,release,average_utilization
reservation_only_vs_horizon_only,10,0.040068493150683816,0.03853390410958776,0.041835616438355344,supported,0.0009910433729976298,-0.0009653475173975019,0.002952201882824112,inconclusive,BG00377,release,average_utilization
horizon_only_vs_baseline,10,0.0,0.0,0.0,inconclusive,0.0,0.0,0.0,inconclusive,BG00378,release,average_utilization
reservation_only_vs_baseline,10,0.003047945205479452,-0.0018015410958903773,0.007609760273972485,inconclusive,0.0002783616104657605,-0.0014878878725010478,0.002175501137595535,inconclusive,BG00378,release,average_utilization
both_flexible_vs_baseline,10,0.003047945205479452,-0.0018296232876711003,0.008102739726027422,inconclusive,0.0002783616104657605,-0.0014878680667659823,0.0021943430380823325,inconclusive,BG00378,release,average_utilization
both_flexible_vs_horizon_only,10,0.003047945205479452,-0.0016988013698629365,0.007815068493150458,inconclusive,0.0002783616104657605,-0.0014337442478374871,0.002171318439973541,inconclusive,BG00378,release,average_utilization
both_flexible_vs_reservation_only,10,0.0,0.0,0.0,inconclusive,0.0,0.0,0.0,inconclusive,BG00378,release,average_utilization
reservation_only_vs_horizon_only,10,0.003047945205479452,-0.0017808219178079203,0.007952226027397145,inconclusive,0.0002783616104657605,-0.0015195014527184675,0.0021402979235777644,inconclusive,BG00378,release,average_utilization
horizon_only_vs_baseline,10,0.07554794520547845,0.0724931506849306,0.07850684931506743,supported,-0.028457643365580754,-0.03169168643843901,-0.025220744988634292,contradicted,BG00379,release,average_utilization
reservation_only_vs_baseline,10,0.0009041095890407469,-0.002603082191781269,0.00469863013698606,inconclusive,0.043641529715586276,0.03982405913286924,0.04735326047738502,supported,BG00379,release,average_utilization
both_flexible_vs_baseline,10,0.07554794520547845,0.07264383561643747,0.07845205479451965,supported,-0.028457643365580754,-0.031894814499967256,-0.025267184589969738,contradicted,BG00379,release,average_utilization
both_flexible_vs_horizon_only,10,0.0,0.0,0.0,inconclusive,0.0,0.0,0.0,inconclusive,BG00379,release,average_utilization
both_flexible_vs_reservation_only,10,0.0746438356164377,0.07173938356164326,0.07765753424657475,supported,-0.07209917308116702,-0.07614325988792868,-0.06820525569395847,contradicted,BG00379,release,average_utilization
reservation_only_vs_horizon_only,10,-0.0746438356164377,-0.07779486301369798,-0.07172568493150613,contradicted,0.07209917308116702,0.06819824991486326,0.07594924241733063,supported,BG00379,release,average_utilization
horizon_only_vs_baseline,10,0.0007123287671236156,-0.001610958904109134,0.0028767123287673215,inconclusive,-0.0004000915952724171,-0.0022918681339038176,0.001161059001842835,inconclusive,BG00380,release,average_utilization
reservation_only_vs_baseline,10,0.0008054794520550468,-0.0013535616438352092,0.002860547945205764,inconclusive,0.0427448518551075,0.04117769418152578,0.04431723384761991,supported,BG00380,release,average_utilization
both_flexible_vs_baseline,10,0.0013808219178085058,-9.890410958897497e-05,0.0027342465753427986,inconclusive,0.044786366209968675,0.04327429369183452,0.046562432506886076,supported,BG00380,release,average_utilization
both_flexible_vs_horizon_only,10,0.0006684931506848902,-0.0006302739726027858,0.0019727397260273227,inconclusive,0.045186457805241095,0.04391253314177617,0.04666896340636438,supported,BG00380,release,average_utilization
both_flexible_vs_reservation_only,10,0.000575342465753459,-0.0008768493150687281,0.0020438356164380954,inconclusive,0.0020415143548611738,0.00026106219857566617,0.0036868285819329953,inconclusive,BG00380,release,average_utilization
reservation_only_vs_horizon_only,10,9.31506849314312e-05,-0.0013371232876714409,0.0015015068493145153,inconclusive,0.04314494345037992,0.04174324161292381,0.044518708109499136,supported,BG00380,release,average_utilization
horizon_only_vs_baseline,10,0.030780821917807767,0.026616438356164198,0.035740068493149965,supported,0.040546853751698704,0.03336161313618231,0.048218490000027175,supported,BG00381,release,average_utilization
reservation_only_vs_baseline,10,0.02967123287671166,0.02509554794520519,0.03512363013698565,supported,-0.06910730131082263,-0.07525040351521065,-0.06324996697045246,contradicted,BG00381,release,average_utilization
both_flexible_vs_baseline,10,0.032246575342464986,0.02813698630136941,0.03673972602739635,supported,-0.07769685400268163,-0.0829371157945531,-0.07183554280928243,contradicted,BG00381,release,average_utilization
both_flexible_vs_horizon_only,10,0.0014657534246572234,-0.0003972602739725567,0.0033013698630133285,inconclusive,-0.11824370775438034,-0.12180183125645747,-0.11395682748708981,contradicted,BG00381,release,average_utilization
both_flexible_vs_reservation_only,10,0.0025753424657533274,-0.0005342465753425119,0.00595958904109574,inconclusive,-0.00858955269185897,-0.012519755374946564,-0.004562020605327404,contradicted,BG00381,release,average_utilization
reservation_only_vs_horizon_only,10,-0.001109589041096104,-0.004972602739725583,0.002466438356163693,inconclusive,-0.10965415506252134,-0.11373563058892339,-0.10588658874808274,contradicted,BG00381,release,average_utilization
horizon_only_vs_baseline,10,0.0,0.0,0.0,inconclusive,0.0,0.0,0.0,inconclusive,BG00382,release,average_utilization
reservation_only_vs_baseline,10,0.003680365296803634,0.0009038812785386229,0.006264840182648457,inconclusive,-0.0014414097066680399,-0.002787888736273157,-0.0001405383690390546,inconclusive,BG00382,release,average_utilization
both_flexible_vs_baseline,10,0.003680365296803634,0.0008858447488583998,0.00621940639269403,inconclusive,-0.0014414097066680399,-0.00283544226538496,-0.00017585298204347692,inconclusive,BG00382,release,average_utilization
both_flexible_vs_horizon_only,10,0.003680365296803634,0.0008399543378994533,0.006182876712328772,inconclusive,-0.0014414097066680399,-0.0028263286281173094,-0.0001870047389130449,inconclusive,BG00382,release,average_utilization
both_flexible_vs_reservation_only,10,0.0,0.0,0.0,inconclusive,0.0,0.0,0.0,inconclusive,BG00382,release,average_utilization
reservation_only_vs_horizon_only,10,0.003680365296803634,0.000794520547945163,0.006155251141552545,inconclusive,-0.0014414097066680399,-0.002820276530507685,-0.000154074867165385,inconclusive,BG00382,release,average_utilization
horizon_only_vs_baseline,10,0.0,0.0,0.0,inconclusive,0.0,0.0,0.0,inconclusive,BG00383,release,average_utilization
reservation_only_vs_baseline,10,0.0,0.0,0.0,inconclusive,0.0,0.0,0.0,inconclusive,BG00383,release,average_utilization
both_flexible_vs_baseline,10,0.0002630136986302434,-0.0009919178082193072,0.0016552054794523822,inconclusive,-0.005609595100431353,-0.008534205932413405,-0.0024303842280921258,contradicted,BG00383,release,average_utilization
both_flexible_vs_horizon_only,10,0.0002630136986302434,-0.0010136986301370618,0.0016876712328769863,inconclusive,-0.005609595100431353,-0.008385276227516473,-0.0025953935077531872,contradicted,BG00383,release,average_utilization
both_flexible_vs_reservation_only,10,0.0002630136986302434,-0.0010410958904110035,0.001665753424657707,inconclusive,-0.005609595100431353,-0.008565950960424703,-0.0024410099751422058,contradicted,BG00383,release,average_utilization
reservation_only_vs_horizon_only,10,0.0,0.0,0.0,inconclusive,0.0,0.0,0.0,inconclusive,BG00383,release,average_utilization
horizon_only_vs_baseline,10,0.013383561643835373,0.011068150684930996,0.015589041095890144,supported,0.00978142192883114,0.006822374403567704,0.012473945524504532,supported,BG00384,release,average_utilization
reservation_only_vs_baseline,10,0.013698630136985824,0.012849315068492762,0.014561643835615857,supported,0.1061225714193939,0.1045059488749673,0.10803879937326866,supported,BG00384,release,average_utilization
both_flexible_vs_baseline,10,0.015397260273971836,0.012630136986300488,0.01820582191780756,supported,0.17585750556415836,0.1726222011812873,0.1795086153099637,supported,BG00384,release,average_utilization
both_flexible_vs_horizon_only,10,0.0020136986301364625,-0.000835958904110181,0.004424657534246049,inconclusive,0.16607608363532722,0.16387706712829384,0.16834534189920425,supported,BG00384,release,average_utilization
both_flexible_vs_reservation_only,10,0.0016986301369860124,-0.0008082191780825046,0.004329109589040569,inconclusive,0.06973493414476446,0.06532876967576495,0.0740693613298064,supported,BG00384,release,average_utilization
reservation_only_vs_horizon_only,10,0.00031506849315044995,-0.002041095890411115,0.002753424657533825,inconclusive,0.09634114949056279,0.09279077693951611,0.10068611701730697,supported,BG00384,release,average_utilization
horizon_only_vs_baseline,10,0.0019246575342463323,-0.0001575342465753099,0.0039934931506851925,inconclusive,-0.0011180774616202482,-0.004988790373380358,0.0028494896668162842,inconclusive,BG00385,release,average_utilization
reservation_only_vs_baseline,10,0.0017671232876709686,-0.0007467465753431393,0.004493321917808281,inconclusive,0.004196014757078726,0.0004808310207844949,0.007607761589295466,inconclusive,BG00385,release,average_utilization
both_flexible_vs_baseline,10,0.0024863013698629088,-0.00011678082191785943,0.00517140410958886,inconclusive,-0.0009203921138920546,-0.004591907228179356,0.002817478811833276,inconclusive,BG00385,release,average_utilization
both_flexible_vs_horizon_only,10,0.0005616438356165765,-0.0010205479452055188,0.002301369863013725,inconclusive,0.0001976853477281937,-0.0022160444548021572,0.0025653152903824935,inconclusive,BG00385,release,average_utilization
both_flexible_vs_reservation_only,10,0.0007191780821919402,-0.001342636986301259,0.0028837328767127466,inconclusive,-0.00511640687097078,-0.010231344128726515,0.00038824554062767024,inconclusive,BG00385,release,average_utilization
reservation_only_vs_horizon_only,10,-0.00015753424657536375,-0.0026166095890412197,0.00232876712328765,inconclusive,0.005314092218698973,-0.000444587063299669,0.010383129866046661,inconclusive,BG00385,release,average_utilization
horizon_only_vs_baseline,10,6.027397260285339e-05,-0.0013589041095889887,0.0014520547945204901,inconclusive,-0.0012016161908572688,-0.003250664512451119,0.0008672676915965797,inconclusive,BG00386,release,average_utilization
reservation_only_vs_baseline,10,0.0,0.0,0.0,inconclusive,0.0,0.0,0.0,inconclusive,BG00386,release,average_utilization
both_flexible_vs_baseline,10,0.001616438356164207,0.0003178082191778212,0.0029864383561636074,inconclusive,-0.0014017653731290824,-0.005106989171421556,0.0019099789836143795,inconclusive,BG00386,release,average_utilization
both_flexible_vs_horizon_only,10,0.0015561643835613538,7.123287671186445e-05,0.0030465753424654975,inconclusive,-0.00020014918227181377,-0.0031755217017638564,0.0026679525609267295,inconclusive,BG00386,release,average_utilization
both_flexible_vs_reservation_only,10,0.001616438356164207,0.00036164383561624155,0.002909726027397176,inconclusive,-0.0014017653731290824,-0.005324924587408587,0.0018513672823371593,inconclusive,BG00386,release,average_utilization
reservation_only_vs_horizon_only,10,-6.027397260285339e-05,-0.0014849315068495962,0.0013699999999998392,inconclusive,0.0012016161908572688,-0.0008304323199579061,0.0032477571598362,inconclusive,BG00386,release,average_utilization
horizon_only_vs_baseline,10,0.0,0.0,0.0,inconclusive,0.0,0.0,0.0,inconclusive,BG00387,release,average_utilization
reservation_only_vs_baseline,10,1.0958904109625855e-05,-2.1917808219162894e-05,4.3835616438370194e-05,inconclusive,2.471174131127851e-05,-4.455095488353766e-06,5.798813968021483e-05,inconclusive,BG00387,release,average_utilization
both_flexible_vs_baseline,10,0.0001589041095890198,-0.00144657534246575,0.0019232876712328094,inconclusive,0.0006340969836945876,0.0,0.0016528988687311897,inconclusive,BG00387,release,average_utilization
both_flexible_vs_horizon_only,10,0.0001589041095890198,-0.00144657534246575,0.0019232876712328094,inconclusive,0.0006340969836945876,0.0,0.0017775949099074762,inconclusive,BG00387,release,average_utilization
both_flexible_vs_reservation_only,10,0.00014794520547939394,-0.0014575342465753317,0.0019397260273971595,inconclusive,0.000609385242383309,-4.0527188456256914e-05,0.0016525631469959446,inconclusive,BG00387,release,average_utilization
reservation_only_vs_horizon_only,10,1.0958904109625855e-05,-2.1917808219162894e-05,4.3835616438414605e-05,inconclusive,2.471174131127851e-05,-4.455095488353766e-06,6.087766059016397e-05,inconclusive,BG00387,release,average_utilization
horizon_only_vs_baseline,10,0.0012054794520547252,-0.0017948630136988576,0.003863013698629896,inconclusive,0.0039102276070017705,-0.006481644208800084,0.01324020079175487,inconclusive,BG00388,release,average_utilization
reservation_only_vs_baseline,10,0.0015342465753423907,-0.0012469178082195752,0.005178424657534481,inconclusive,0.04306541946345893,0.03526179767993988,0.05219039271523877,supported,BG00388,release,average_utilization
both_flexible_vs_baseline,10,0.0026712328767125705,1.3698630137136957e-05,0.005260273972603227,inconclusive,0.025269166565310995,0.01730042835562182,0.034895907296322345,supported,BG00388,release,average_utilization
both_flexible_vs_horizon_only,10,0.001465753424657845,-0.00202739726027334,0.004465753424657583,inconclusive,0.021358938958309225,0.011786575093580515,0.03154664457533144,supported,BG00388,release,average_utilization
both_flexible_vs_reservation_only,10,0.0011369863013701797,-0.0028767123287668545,0.004945205479452278,inconclusive,-0.017796252898147936,-0.027062324479080555,-0.008936898543014537,contradicted,BG00388,release,average_utilization
reservation_only_vs_horizon_only,10,0.00032876712328766544,-0.003397602739725867,0.004260273972602773,inconclusive,0.03915519185645716,0.031118465175177898,0.04681412404871702,supported,BG00388,release,average_utilization
horizon_only_vs_baseline,10,0.0,0.0,0.0,inconclusive,0.0,0.0,0.0,inconclusive,BG00389,release,average_utilization
reservation_only_vs_baseline,10,0.004815068493150753,0.0017260273972603418,0.007904794520548016,inconclusive,-0.0003540521663393581,-0.00252694226453409,0.001785615646441477,inconclusive,BG00389,release,average_utilization
both_flexible_vs_baseline,10,0.004815068493150753,0.0016849315068493851,0.00802089041095908,inconclusive,-0.0003540521663393581,-0.0025857431749327486,0.0017374982210925395,inconclusive,BG00389,release,average_utilization
both_flexible_vs_horizon_only,10,0.004815068493150753,0.0017534246575342074,0.007869863013698623,inconclusive,-0.0003540521663393581,-0.0025534359142908502,0.001733140593097612,inconclusive,BG00389,release,average_utilization
both_flexible_vs_reservation_only,10,0.0,0.0,0.0,inconclusive,0.0,0.0,0.0,inconclusive,BG00389,release,average_utilization
reservation_only_vs_horizon_only,10,0.004815068493150753,0.0017123287671233147,0.008069006849315339,inconclusive,-0.0003540521663393581,-0.0025716775795092375,0.0018149614314622396,inconclusive,BG00389,release,average_utilization
horizon_only_vs_baseline,10,0.023442922374428264,0.021616438356163222,0.02516963470319569,supported,-0.1259147299038888,-0.1328138458273069,-0.11820590563287177,contradicted,BG00390,release,average_utilization
reservation_only_vs_baseline,10,0.02346118721461109,0.020739726027396713,0.02618287671232825,supported,0.16489779402165858,0.16108573689467673,0.16852447085627442,supported,BG00390,release,average_utilization
both_flexible_vs_baseline,10,0.024995433789953336,0.02270319634703088,0.026885844748857517,supported,0.16397799060749746,0.16026796504810178,0.1675310632071646,supported,BG00390,release,average_utilization
both_flexible_vs_horizon_only,10,0.0015525114155250709,0.00023744292237441982,0.0029043378995434457,inconclusive,0.28989272051138626,0.2851143929714949,0.2939327574151921,supported,BG00390,release,average_utilization
both_flexible_vs_reservation_only,10,0.0015342465753422462,-0.0001735159817355067,0.003123515981735222,inconclusive,-0.0009198034141611466,-0.004116727896569629,0.0017379474467655745,inconclusive,BG00390,release,average_utilization
reservation_only_vs_horizon_only,10,1.8264840182824484e-05,-0.0015162100456621312,0.0015068493150685862,inconclusive,0.2908125239255474,0.28542170484018503,0.2964781097973189,supported,BG00390,release,average_utilization
horizon_only_vs_baseline,10,0.0,0.0,0.0,inconclusive,0.0,0.0,0.0,inconclusive,BG00391,release,average_utilization
reservation_only_vs_baseline,10,0.0,0.0,0.0,inconclusive,0.0,0.0,0.0,inconclusive,BG00391,release,average_utilization
both_flexible_vs_baseline,10,0.0,0.0,0.0,inconclusive,0.0,0.0,0.0,inconclusive,BG00391,release,average_utilization
both_flexible_vs_horizon_only,10,0.0,0.0,0.0,inconclusive,0.0,0.0,0.0,inconclusive,BG00391,release,average_utilization
both_flexible_vs_reservation_only,10,0.0,0.0,0.0,inconclusive,0.0,0.0,0.0,inconclusive,BG00391,release,average_utilization
reservation_only_vs_horizon_only,10,0.0,0.0,0.0,inconclusive,0.0,0.0,0.0,inconclusive,BG00391,release,average_utilization
horizon_only_vs_baseline,10,0.0,0.0,0.0,inconclusive,0.0,0.0,0.0,inconclusive,BG00392,release,average_utilization
reservation_only_vs_baseline,10,0.0005863013698629404,0.0,0.0017589041095888215,inconclusive,-0.0002755904904860995,-0.0008267714714582985,0.0,inconclusive,BG00392,release,average_utilization
both_flexible_vs_baseline,10,0.0005863013698629404,0.0,0.0017589041095888215,inconclusive,-0.0002755904904860995,-0.0008267714714582985,0.0,inconclusive,BG00392,release,average_utilization
both_flexible_vs_horizon_only,10,0.0005863013698629404,0.0,0.0017589041095888215,inconclusive,-0.0002755904904860995,-0.0008267714714582985,0.0,inconclusive,BG00392,release,average_utilization
both_flexible_vs_reservation_only,10,0.0,0.0,0.0,inconclusive,0.0,0.0,0.0,inconclusive,BG00392,release,average_utilization
reservation_only_vs_horizon_only,10,0.0005863013698629404,0.0,0.0017589041095888215,inconclusive,-0.0002755904904860995,-0.0008267714714582985,0.0,inconclusive,BG00392,release,average_utilization
horizon_only_vs_baseline,10,0.0,0.0,0.0,inconclusive,0.0,0.0,0.0,inconclusive,BG00393,release,average_utilization
reservation_only_vs_baseline,10,0.0026027397260274697,-0.0007056506849313681,0.005294863013698853,inconclusive,0.0009795802444233059,-0.002345573532234843,0.004681412425520372,inconclusive,BG00393,release,average_utilization
both_flexible_vs_baseline,10,0.002897260273972768,0.000849315068493516,0.004931678082191851,inconclusive,0.0011406148471384769,-0.001201576197798875,0.003484057860047506,inconclusive,BG00393,release,average_utilization
both_flexible_vs_horizon_only,10,0.002897260273972768,0.000890410958904484,0.004952054794520494,inconclusive,0.0011406148471384769,-0.0011633089988794243,0.003556577718279805,inconclusive,BG00393,release,average_utilization
both_flexible_vs_reservation_only,10,0.00029452054794529834,-0.002760445205479345,0.003678253424657519,inconclusive,0.00016103460271517102,-0.0029165614692925838,0.003509888578300235,inconclusive,BG00393,release,average_utilization
reservation_only_vs_horizon_only,10,0.0026027397260274697,-0.0008563356164383281,0.0053150684931507096,inconclusive,0.0009795802444233059,-0.0023007896443829087,0.004431243430756834,inconclusive,BG00393,release,average_utilization
horizon_only_vs_baseline,10,0.0,0.0,0.0,inconclusive,0.0,0.0,0.0,inconclusive,BG00394,release,average_utilization
reservation_only_vs_baseline,10,0.00028310502283110937,0.0,0.0008493150684933282,inconclusive,2.7756050827587585e-05,0.0,8.326815248276276e-05,inconclusive,BG00394,release,average_utilization
both_flexible_vs_baseline,10,0.00028310502283110937,0.0,0.0008493150684933282,inconclusive,2.7756050827587585e-05,0.0,8.326815248276276e-05,inconclusive,BG00394,release,average_utilization
both_flexible_vs_horizon_only,10,0.00028310502283110937,0.0,0.0008493150684933282,inconclusive,2.7756050827587585e-05,0.0,8.326815248276276e-05,inconclusive,BG00394,release,average_utilization
both_flexible_vs_reservation_only,10,0.0,0.0,0.0,inconclusive,0.0,0.0,0.0,inconclusive,BG00394,release,average_utilization
reservation_only_vs_horizon_only,10,0.00028310502283110937,0.0,0.0008493150684933282,inconclusive,2.7756050827587585e-05,0.0,8.326815248276276e-05,inconclusive,BG00394,release,average_utilization
horizon_only_vs_baseline,10,0.0012328767123289009,-0.0008767123287671932,0.0034305479452058684,inconclusive,0.002330753076590075,-0.0006154514375313607,0.005298969838284799,inconclusive,BG00395,release,average_utilization
reservation_only_vs_baseline,10,0.0,0.0,0.0,inconclusive,0.0,0.0,0.0,inconclusive,BG00395,release,average_utilization
both_flexible_vs_baseline,10,0.0020602739726028885,-0.00041109589041112444,0.004543150684931789,inconclusive,0.0024144614980243563,-0.000559358308377814,0.0051229744149799365,inconclusive,BG00395,release,average_utilization
both_flexible_vs_horizon_only,10,0.0008273972602739876,-0.0014304109589041711,0.003380821917808308,inconclusive,8.370842143428092e-05,-0.0017248781726746038,0.002076337654390117,inconclusive,BG00395,release,average_utilization
both_flexible_vs_reservation_only,10,0.0020602739726028885,-0.00035616438356165625,0.004570000000000395,inconclusive,0.0024144614980243563,-0.00046577753407476354,0.00503443773584497,inconclusive,BG00395,release,average_utilization
reservation_only_vs_horizon_only,10,-0.0012328767123289009,-0.0034630136986304383,0.0008547945205481198,inconclusive,-0.002330753076590075,-0.005360389809200362,0.0006187154777511494,inconclusive,BG00395,release,average_utilization
horizon_only_vs_baseline,10,0.0,0.0,0.0,inconclusive,0.0,0.0,0.0,inconclusive,BG00396,release,average_utilization
reservation_only_vs_baseline,10,8.767123287669598e-05,2.739726027393141e-05,0.00015356164383566317,inconclusive,0.0001140935389696951,3.39901364559933e-05,0.00019755124355371137,inconclusive,BG00396,release,average_utilization
both_flexible_vs_baseline,10,8.767123287669598e-05,2.739726027393141e-05,0.0001589041095890198,inconclusive,0.0001140935389696951,3.6257522401398346e-05,0.00019716226774519537,inconclusive,BG00396,release,average_utilization
both_flexible_vs_horizon_only,10,8.767123287669598e-05,2.7397260273942513e-05,0.0001589041095889976,inconclusive,0.0001140935389696951,3.352537394603061e-05,0.00019691025178492528,inconclusive,BG00396,release,average_utilization
both_flexible_vs_reservation_only,10,0.0,0.0,0.0,inconclusive,0.0,0.0,0.0,inconclusive,BG00396,release,average_utilization
reservation_only_vs_horizon_only,10,8.767123287669598e-05,2.739726027392031e-05,0.00015342465753424018,inconclusive,0.0001140935389696951,3.340280667152281e-05,0.00019984254818288804,inconclusive,BG00396,release,average_utilization
horizon_only_vs_baseline,10,0.00019178082191785296,-0.002643835616438263,0.003109931506849424,inconclusive,-0.004668685285129837,-0.011162933216528916,0.0026980500506872326,inconclusive,BG00397,release,average_utilization
reservation_only_vs_baseline,10,0.0,0.0,0.0,inconclusive,0.0,0.0,0.0,inconclusive,BG00397,release,average_utilization
both_flexible_vs_baseline,10,0.00019178082191785296,-0.002657534246575334,0.0032332191780824362,inconclusive,-0.004668685285129837,-0.011639129432321928,0.0025566373785534833,inconclusive,BG00397,release,average_utilization
both_flexible_vs_horizon_only,10,0.0,0.0,0.0,inconclusive,0.0,0.0,0.0,inconclusive,BG00397,release,average_utilization
both_flexible_vs_reservation_only,10,0.00019178082191785296,-0.0026849315068490473,0.003068835616438644,inconclusive,-0.004668685285129837,-0.011603223477949976,0.002779173459543695,inconclusive,BG00397,release,average_utilization
reservation_only_vs_horizon_only,10,-0.00019178082191785296,-0.0031917808219181225,0.002657876712328874,inconclusive,0.004668685285129837,-0.00307750857789314,0.011465581919955,inconclusive,BG00397,release,average_utilization
horizon_only_vs_baseline,10,0.0,0.0,0.0,inconclusive,0.0,0.0,0.0,inconclusive,BG00398,release,average_utilization
reservation_only_vs_baseline,10,0.0032109589041093177,-0.0015398630136989624,0.007929452054794282,inconclusive,-0.0012916630581787714,-0.007593257667610977,0.00570284977590821,inconclusive,BG00398,release,average_utilization
both_flexible_vs_baseline,10,0.0032109589041093177,-0.0015128767123291295,0.008066027397260044,inconclusive,-0.0012916630581787714,-0.007675507971667965,0.005689651370790229,inconclusive,BG00398,release,average_utilization
both_flexible_vs_horizon_only,10,0.0032109589041093177,-0.001391917808219546,0.007896301369862791,inconclusive,-0.0012916630581787714,-0.007837426035207365,0.005716741956179178,inconclusive,BG00398,release,average_utilization
both_flexible_vs_reservation_only,10,0.0,0.0,0.0,inconclusive,0.0,0.0,0.0,inconclusive,BG00398,release,average_utilization
reservation_only_vs_horizon_only,10,0.0032109589041093177,-0.0014136986301372628,0.007902054794520282,inconclusive,-0.0012916630581787714,-0.007648110466004901,0.005780436588107931,inconclusive,BG00398,release,average_utilization
horizon_only_vs_baseline,10,0.0,0.0,0.0,inconclusive,0.0,0.0,0.0,inconclusive,BG00399,release,average_utilization
reservation_only_vs_baseline,10,0.0,0.0,0.0,inconclusive,0.0,0.0,0.0,inconclusive,BG00399,release,average_utilization
both_flexible_vs_baseline,10,0.0008493150684930284,-0.00330136986301396,0.004835616438355891,inconclusive,-0.016966229625066685,-0.024171663052446026,-0.009551204721563478,contradicted,BG00399,release,average_utilization
both_flexible_vs_horizon_only,10,0.0008493150684930284,-0.0033287671232878056,0.004890410958903769,inconclusive,-0.016966229625066685,-0.024642844393998005,-0.009317252941661143,contradicted,BG00399,release,average_utilization
both_flexible_vs_reservation_only,10,0.0008493150684930284,-0.0033287671232878403,0.004794520547945081,inconclusive,-0.016966229625066685,-0.024645678988119535,-0.009565038472728556,contradicted,BG00399,release,average_utilization
reservation_only_vs_horizon_only,10,0.0,0.0,0.0,inconclusive,0.0,0.0,0.0,inconclusive,BG00399,release,average_utilization
horizon_only_vs_baseline,10,1.3322676295501878e-16,-0.0014415068493145524,0.001243972602739812,inconclusive,-0.00260829134186652,-0.0053222429684572975,0.00037092385264407026,inconclusive,BG00400,release,average_utilization
reservation_only_vs_baseline,10,0.007030136986301528,0.006493150684931622,0.007649315068493456,supported,-0.006931145389004167,-0.007494492757860133,-0.006282746404140238,contradicted,BG00400,release,average_utilization
both_flexible_vs_baseline,10,0.007408219178082209,0.0063341095890416255,0.008383698630137193,supported,-0.009730334801929497,-0.013254365017866532,-0.006700007494310811,contradicted,BG00400,release,average_utilization
both_flexible_vs_horizon_only,10,0.007408219178082076,0.005829863013698073,0.009254794520547708,supported,-0.007122043460062977,-0.010218599046926088,-0.004228610203028816,contradicted,BG00400,release,average_utilization
both_flexible_vs_reservation_only,10,0.000378082191780682,-0.0006082191780820814,0.0012878082191778596,inconclusive,-0.002799189412925329,-0.006385349087831723,0.00022634049659952437,inconclusive,BG00400,release,average_utilization
reservation_only_vs_horizon_only,10,0.007030136986301394,0.005654794520548172,0.008471369863013993,supported,-0.004322854047137647,-0.007540665292542158,-0.0014098126902723288,inconclusive,BG00400,release,average_utilization
horizon_only_vs_baseline,10,0.022487671232876427,0.02040547945205447,0.024454794520547492,supported,0.04979712030333796,0.04682009801932682,0.0523994196982403,supported,BG00401,release,average_utilization
reservation_only_vs_baseline,10,0.026909589041095437,0.02425739726027354,0.02960013698630148,supported,0.260420523437876,0.2564746822921016,0.26452514290383083,supported,BG00401,release,average_utilization
both_flexible_vs_baseline,10,0.026909589041095437,0.024328630136985135,0.02963301369863019,supported,0.260420523437876,0.256542238450572,0.26438829070397285,supported,BG00401,release,average_utilization
both_flexible_vs_horizon_only,10,0.004421917808219012,0.002997123287670605,0.006213698630136676,inconclusive,0.21062340313453803,0.208020130337831,0.21334195328620711,supported,BG00401,release,average_utilization
both_flexible_vs_reservation_only,10,0.0,0.0,0.0,inconclusive,0.0,0.0,0.0,inconclusive,BG00401,release,average_utilization
reservation_only_vs_horizon_only,10,0.004421917808219012,0.003002739726027004,0.0061753424657532245,inconclusive,0.21062340313453803,0.20805703623763253,0.21342445646429375,supported,BG00401,release,average_utilization
horizon_only_vs_baseline,10,0.0,0.0,0.0,inconclusive,0.0,0.0,0.0,inconclusive,BG00402,release,average_utilization
reservation_only_vs_baseline,10,0.0009246575342465202,-0.0022808219178082627,0.00423287671232853,inconclusive,-0.008569550720385899,-0.012651319255227769,-0.004691901629998603,contradicted,BG00402,release,average_utilization
both_flexible_vs_baseline,10,0.0022534246575342197,-0.00022619863013724449,0.004794520547945302,inconclusive,-0.004876776314331632,-0.00814203558933978,-0.001794182776093558,inconclusive,BG00402,release,average_utilization
both_flexible_vs_horizon_only,10,0.0022534246575342197,-0.00019178082191776303,0.004828938356164346,inconclusive,-0.004876776314331632,-0.008099174315564924,-0.0017761868700718008,inconclusive,BG00402,release,average_utilization
both_flexible_vs_reservation_only,10,0.0013287671232876997,-8.219178082148393e-05,0.002965924657534432,inconclusive,0.003692774406054267,0.0003652477050741518,0.007330620142899004,inconclusive,BG00402,release,average_utilization
reservation_only_vs_horizon_only,10,0.0009246575342465202,-0.002246575342465795,0.004301712328766999,inconclusive,-0.008569550720385899,-0.012748211422403956,-0.004400249902933473,contradicted,BG00402,release,average_utilization
horizon_only_vs_baseline,10,0.0013607305936072177,0.000118721461187265,0.00275799086757961,inconclusive,0.0020869559369776636,-0.00033615038762726537,0.005165745919604935,inconclusive,BG00403,release,average_utilization
reservation_only_vs_baseline,10,0.0023287671232878116,-0.0003657534246571502,0.004657534246575313,inconclusive,0.10618397314344005,0.10281974445721263,0.11007296219067633,supported,BG00403,release,average_utilization
both_flexible_vs_baseline,10,0.0023287671232878116,-0.0003746575342463237,0.004648630136986383,inconclusive,0.10618397314344005,0.1028028082934078,0.11004380153283541,supported,BG00403,release,average_utilization
both_flexible_vs_horizon_only,10,0.0009680365296805937,-0.0014611872146113752,0.0033520547945205224,inconclusive,0.1040970172064624,0.10249312821149956,0.10554646722826239,supported,BG00403,release,average_utilization
both_flexible_vs_reservation_only,10,0.0,0.0,0.0,inconclusive,0.0,0.0,0.0,inconclusive,BG00403,release,average_utilization
reservation_only_vs_horizon_only,10,0.0009680365296805937,-0.001388356164383205,0.003379223744292395,inconclusive,0.1040970172064624,0.1024298094928152,0.10556298754202807,supported,BG00403,release,average_utilization
horizon_only_vs_baseline,10,0.0,0.0,0.0,inconclusive,0.0,0.0,0.0,inconclusive,BG00404,release,average_utilization
reservation_only_vs_baseline,10,0.0027762557077624316,-0.002429452054794615,0.007799771689497677,inconclusive,-0.0005728275292403717,-0.004336091891951723,0.0028978063456315986,inconclusive,BG00404,release,average_utilization
both_flexible_vs_baseline,10,0.004520547945205578,0.00021894977168944517,0.008621232876712346,inconclusive,0.001447835806110065,-0.0006381809274988415,0.0033050901011978614,inconclusive,BG00404,release,average_utilization
both_flexible_vs_horizon_only,10,0.004520547945205578,0.00027351598173513557,0.008657990867580234,inconclusive,0.001447835806110065,-0.0006470360587638621,0.0032646349168214735,inconclusive,BG00404,release,average_utilization
both_flexible_vs_reservation_only,10,0.0017442922374431458,-0.0032970319634700288,0.007014155251141447,inconclusive,0.0020206633353504365,-8.885808589687148e-05,0.004421853113657274,inconclusive,BG00404,release,average_utilization
reservation_only_vs_horizon_only,10,0.0027762557077624316,-0.002512100456620906,0.007744292237442456,inconclusive,-0.0005728275292403717,-0.004482000779040161,0.0028430997483097666,inconclusive,BG00404,release,average_utilization
horizon_only_vs_baseline,10,0.016041095890411007,0.014184760273972386,0.0176714041095894,supported,0.003524468433219169,0.001171237500423856,0.005502376838699927,inconclusive,BG00405,release,average_utilization
reservation_only_vs_baseline,10,0.0007602739726027874,0.0005479452054796164,0.0009726027397262257,inconclusive,-0.010035718561612611,-0.010709382390093385,-0.009365591540343197,contradicted,BG00405,release,average_utilization
both_flexible_vs_baseline,10,0.016041095890411007,0.014081849315068345,0.01767123287671212,supported,0.003524468433219169,0.0012442950666907082,0.0055539102773700345,inconclusive,BG00405,release,average_utilization
both_flexible_vs_horizon_only,10,0.0,0.0,0.0,inconclusive,0.0,0.0,0.0,inconclusive,BG00405,release,average_utilization
both_flexible_vs_reservation_only,10,0.015280821917808218,0.013184931506849459,0.016917808219178,supported,0.01356018699483178,0.011089939382615363,0.015680675073984778,supported,BG00405,release,average_utilization
reservation_only_vs_horizon_only,10,-0.015280821917808218,-0.016883732876712534,-0.013136815068492739,contradicted,-0.01356018699483178,-0.015625731242489532,-0.0111824946674337,contradicted,BG00405,release,average_utilization
horizon_only_vs_baseline,10,0.001273972602740081,8.219178082251533e-05,0.0026164383561648546,inconclusive,-0.0646438172535586,-0.06913792391063613,-0.06042060925106247,contradicted,BG00406,release,average_utilization
reservation_only_vs_baseline,10,0.0,0.0,0.0,inconclusive,0.0,0.0,0.0,inconclusive,BG00406,release,average_utilization
both_flexible_vs_baseline,10,0.001273972602740081,9.57191780822656e-05,0.0026029109589046718,inconclusive,-0.0646438172535586,-0.06897570809183809,-0.06049663847395246,contradicted,BG00406,release,average_utilization
both_flexible_vs_horizon_only,10,0.0,0.0,0.0,inconclusive,0.0,0.0,0.0,inconclusive,BG00406,release,average_utilization
both_flexible_vs_reservation_only,10,0.001273972602740081,0.00010256849315141293,0.0026097602739733067,inconclusive,-0.0646438172535586,-0.06914145920641275,-0.06039159613014433,contradicted,BG00406,release,average_utilization
reservation_only_vs_horizon_only,10,-0.001273972602740081,-0.002561643835617067,-7.53424657536675e-05,inconclusive,0.0646438172535586,0.06049668639619164,0.06899314986818997,supported,BG00406,release,average_utilization
horizon_only_vs_baseline,10,0.06489315068493164,0.06239397260274021,0.06707410958904095,supported,0.002237781567506425,0.0009618776352265622,0.003393638349572574,inconclusive,BG00407,release,average_utilization
reservation_only_vs_baseline,10,0.0015232876712330534,-0.0015780821917806276,0.00450410958904125,inconclusive,0.0010607743962790573,-0.00040855093391389715,0.002599982142903935,inconclusive,BG00407,release,average_utilization
both_flexible_vs_baseline,10,0.06512328767123284,0.06260260273972602,0.06738095890410961,supported,0.002406419229690965,0.00111803956405642,0.0035310361512263188,inconclusive,BG00407,release,average_utilization
both_flexible_vs_horizon_only,10,0.00023013698630119928,-0.0004602739726026897,0.0010958904109584797,inconclusive,0.0001686376621845398,-0.00014517379350221263,0.00047995231838242656,inconclusive,BG00407,release,average_utilization
both_flexible_vs_reservation_only,10,0.06359999999999978,0.06027931506849281,0.06707410958904103,supported,0.0013456448334119076,2.779219064053236e-05,0.00268336484282685,inconclusive,BG00407,release,average_utilization
reservation_only_vs_horizon_only,10,-0.06336986301369858,-0.06703602739726061,-0.05960534246575339,contradicted,-0.0011770071712273677,-0.00260141824240617,0.0002577580709718432,inconclusive,BG00407,release,average_utilization
horizon_only_vs_baseline,10,0.0009452054794520492,0.0,0.002835616438356148,inconclusive,-0.0008355481401309927,-0.0025066444203929784,0.0,inconclusive,BG00408,release,average_utilization
reservation_only_vs_baseline,10,0.0032739726027395276,-0.003068835616438601,0.008397945205479436,inconclusive,-0.014990288208430458,-0.018805126038837335,-0.010887207002142336,contradicted,BG00408,release,average_utilization
both_flexible_vs_baseline,10,0.0032739726027395276,-0.0030136986301371868,0.008438356164383279,inconclusive,-0.014990288208430458,-0.018774356480625403,-0.010980102682131867,contradicted,BG00408,release,average_utilization
both_flexible_vs_horizon_only,10,0.0023287671232874786,-0.003835616438356393,0.007233219178081987,inconclusive,-0.014154740068299466,-0.01836595419201342,-0.009975245619324143,contradicted,BG00408,release,average_utilization
both_flexible_vs_reservation_only,10,0.0,0.0,0.0,inconclusive,0.0,0.0,0.0,inconclusive,BG00408,release,average_utilization
reservation_only_vs_horizon_only,10,0.0023287671232874786,-0.003767123287671394,0.007328767123287461,inconclusive,-0.014154740068299466,-0.018362082075758717,-0.00971130747560736,contradicted,BG00408,release,average_utilization
horizon_only_vs_baseline,10,0.0008698630136984575,-0.0005958904109592437,0.0023974315068489146,inconclusive,0.004591567713372801,-0.002469958838705674,0.01204686133562323,inconclusive,BG00409,release,average_utilization
reservation_only_vs_baseline,10,0.0013013698630137238,-0.0002808219178080479,0.002958904109588935,inconclusive,0.02585503256770729,0.020891536450060654,0.031011581052654835,supported,BG00409,release,average_utilization
both_flexible_vs_baseline,10,0.0013013698630137238,-0.000260273972602473,0.0029246575342463835,inconclusive,0.02585503256770729,0.02089909550454035,0.030827820462800137,supported,BG00409,release,average_utilization
both_flexible_vs_horizon_only,10,0.0004315068493152663,-0.0014041095890411066,0.0021441780821924855,inconclusive,0.02126346485433449,0.014056845908532121,0.028841719128629154,supported,BG00409,release,average_utilization
both_flexible_vs_reservation_only,10,0.0,0.0,0.0,inconclusive,0.0,0.0,0.0,inconclusive,BG00409,release,average_utilization
reservation_only_vs_horizon_only,10,0.0004315068493152663,-0.0015070205479452516,0.002164554794520537,inconclusive,0.02126346485433449,0.013949258664199705,0.028709046091411398,supported,BG00409,release,average_utilization
horizon_only_vs_baseline,10,0.05412602739725937,0.05199452054794461,0.05644945205479381,supported,-0.04949051987608764,-0.05136576160746009,-0.04732359729279988,contradicted,BG00410,release,average_utilization
reservation_only_vs_baseline,10,0.05453698630136901,0.05238904109589,0.05652054794520417,supported,0.1307881076915296,0.12866527574392794,0.13268028839816884,supported,BG00410,release,average_utilization
both_flexible_vs_baseline,10,0.05598356164383493,0.05424109589041053,0.05796164383561583,supported,0.07151285787263284,0.06862763419988327,0.07438583799416186,supported,BG00410,release,average_utilization
both_flexible_vs_horizon_only,10,0.0018575342465755652,0.00029041095890453006,0.0033479452054793204,inconclusive,0.12100337774872047,0.11878236996494494,0.12355381899735572,supported,BG00410,release,average_utilization
both_flexible_vs_reservation_only,10,0.0014465753424659279,-0.0005535616438357671,0.0035508219178081377,inconclusive,-0.05927524981889676,-0.0614001563422777,-0.05723489573743948,contradicted,BG00410,release,average_utilization
reservation_only_vs_horizon_only,10,0.0004109589041096373,-0.001726164383561654,0.0025315068493149636,inconclusive,0.18027862756761723,0.1783163786078882,0.18206492610937605,supported,BG00410,release,average_utilization
horizon_only_vs_baseline,10,0.0,0.0,0.0,inconclusive,0.0,0.0,0.0,inconclusive,BG00411,release,average_utilization
reservation_only_vs_baseline,10,0.004073059360730458,0.0003287671232874989,0.007388127853881167,inconclusive,0.0709135821938914,0.0653586694612788,0.07655529962295693,supported,BG00411,release,average_utilization
both_flexible_vs_baseline,10,0.0054885844748858385,0.0028856164383562898,0.00810958904109598,supported,0.06938063914932603,0.06305956348389398,0.07504429861082679,supported,BG00411,release,average_utilization
both_flexible_vs_horizon_only,10,0.0054885844748858385,0.0028401826484019993,0.00802739726027395,supported,0.06938063914932603,0.06296638718994428,0.07502262037195634,supported,BG00411,release,average_utilization
both_flexible_vs_reservation_only,10,0.0014155251141553804,-0.0007214611872144563,0.0037716894977168807,inconclusive,-0.0015329430445653713,-0.00583116671170271,0.003015002804512129,inconclusive,BG00411,release,average_utilization
reservation_only_vs_horizon_only,10,0.004073059360730458,0.00032785388127827444,0.007507305936072788,inconclusive,0.0709135821938914,0.06545720031651937,0.07651758209751788,supported,BG00411,release,average_utilization
horizon_only_vs_baseline,10,0.0,0.0,0.0,inconclusive,0.0,0.0,0.0,inconclusive,BG00412,release,average_utilization
reservation_only_vs_baseline,10,0.001999999999999924,-0.0007305936073060629,0.004420319634703407,inconclusive,0.02860134201512877,0.023259478957559004,0.03423870112178865,supported,BG00412,release,average_utilization
both_flexible_vs_baseline,10,0.0025570776255707693,-0.0009315068493148599,0.006036529680365522,inconclusive,-0.0040603539141680686,-0.008081997211771785,-0.00022486613887245235,inconclusive,BG00412,release,average_utilization
both_flexible_vs_horizon_only,10,0.0025570776255707693,-0.0010228310502284454,0.005927168949772132,inconclusive,-0.0040603539141680686,-0.008310148000039132,-0.00027222664791080967,inconclusive,BG00412,release,average_utilization
both_flexible_vs_reservation_only,10,0.0005570776255708453,-0.0034794520547946632,0.004192009132420533,inconclusive,-0.03266169592929684,-0.03757028175379171,-0.027983040794074675,contradicted,BG00412,release,average_utilization
reservation_only_vs_horizon_only,10,0.001999999999999924,-0.0007764840182651866,0.004502511415525028,inconclusive,0.02860134201512877,0.02316251067140243,0.03429936286726195,supported,BG00412,release,average_utilization
horizon_only_vs_baseline,10,0.0,0.0,0.0,inconclusive,0.0,0.0,0.0,inconclusive,BG00413,release,average_utilization
reservation_only_vs_baseline,10,0.00021917808219175107,-6.661338147750939e-17,0.0006246575342465866,inconclusive,0.0007897737287806183,4.443611456098617e-05,0.0018474692045869156,inconclusive,BG00413,release,average_utilization
both_flexible_vs_baseline,10,0.000865753424657456,-0.0023784931506849274,0.004389041095890247,inconclusive,0.00045235227274332824,-0.0003497456371680541,0.0013828450112030822,inconclusive,BG00413,release,average_utilization
both_flexible_vs_horizon_only,10,0.000865753424657456,-0.002350684931506898,0.004498767123287497,inconclusive,0.00045235227274332824,-0.00039133972457778833,0.0013995942178433114,inconclusive,BG00413,release,average_utilization
both_flexible_vs_reservation_only,10,0.000646575342465705,-0.0024328767123287355,0.003989315068493017,inconclusive,-0.00033742145603729015,-0.0011287296150603568,0.0003447576753063037,inconclusive,BG00413,release,average_utilization
reservation_only_vs_horizon_only,10,0.00021917808219175107,-6.661338147750939e-17,0.0006246575342465866,inconclusive,0.0007897737287806183,0.0,0.0018474692045869156,inconclusive,BG00413,release,average_utilization
horizon_only_vs_baseline,10,0.0,0.0,0.0,inconclusive,0.0,0.0,0.0,inconclusive,BG00414,release,average_utilization
reservation_only_vs_baseline,10,0.001109589041095882,-8.904109589040754e-05,0.002520719178082373,inconclusive,0.0004137871766016654,-0.001011297572319293,0.0020047975826910295,inconclusive,BG00414,release,average_utilization
both_flexible_vs_baseline,10,0.001109589041095882,-9.60616438356312e-05,0.0026029109589041977,inconclusive,0.0004137871766016654,-0.001027873530499592,0.002056038413506639,inconclusive,BG00414,release,average_utilization
both_flexible_vs_horizon_only,10,0.001109589041095882,-0.0001369863013698569,0.0025821917808217646,inconclusive,0.0004137871766016654,-0.0010112335069590904,0.002087573093162236,inconclusive,BG00414,release,average_utilization
both_flexible_vs_reservation_only,10,0.0,0.0,0.0,inconclusive,0.0,0.0,0.0,inconclusive,BG00414,release,average_utilization
reservation_only_vs_horizon_only,10,0.001109589041095882,-0.0001029109589041754,0.0025618150684930704,inconclusive,0.0004137871766016654,-0.0010331638113956548,0.0020347568815462847,inconclusive,BG00414,release,average_utilization
horizon_only_vs_baseline,10,0.0004383561643836797,-0.001506849315068249,0.0025068493150684386,inconclusive,-0.00028297731534818735,-0.008748982311168123,0.00918129263211845,inconclusive,BG00415,release,average_utilization
reservation_only_vs_baseline,10,0.0007534246575342407,-0.002000342465753052,0.003424657534246347,inconclusive,-0.006421847140107961,-0.013202828766392505,6.816189955854076e-05,inconclusive,BG00415,release,average_utilization
both_flexible_vs_baseline,10,0.001739726027397115,-0.0002876712328768302,0.0039592465753425145,inconclusive,-0.02635032912561285,-0.031945967941915135,-0.021249102050541493,contradicted,BG00415,release,average_utilization
both_flexible_vs_horizon_only,10,0.0013013698630134352,-0.000602739726027147,0.0035890410958900358,inconclusive,-0.02606735181026466,-0.03354926477196306,-0.01843149543520523,contradicted,BG00415,release,average_utilization
both_flexible_vs_reservation_only,10,0.0009863013698628742,-0.002013698630136612,0.0037123287671229563,inconclusive,-0.019928481985504887,-0.0255783302227914,-0.013755409366396135,contradicted,BG00415,release,average_utilization
reservation_only_vs_horizon_only,10,0.00031506849315056097,-0.0024657534246572844,0.0032465753424654304,inconclusive,-0.006138869824759774,-0.015442094063465585,0.0035029945887679035,inconclusive,BG00415,release,average_utilization
horizon_only_vs_baseline,10,0.00012785388127868337,-0.0005844748858446552,0.0008767123287673817,inconclusive,0.0004406550214886118,-0.0003788043689094911,0.0013416967523463903,inconclusive,BG00416,release,average_utilization
reservation_only_vs_baseline,10,0.00884018264840164,0.007643607305935932,0.01024657534246525,supported,-0.04742140755760606,-0.05026287705173041,-0.04492480132310759,contradicted,BG00416,release,average_utilization
both_flexible_vs_baseline,10,0.009187214611871742,0.007835616438355708,0.01056643835616411,supported,-0.05091575476751227,-0.05282323682253596,-0.04885974127138355,contradicted,BG00416,release,average_utilization
both_flexible_vs_horizon_only,10,0.009059360730593057,0.00789954337899481,0.010328767123287232,supported,-0.05135640978900089,-0.05369310299467107,-0.04889062339735974,contradicted,BG00416,release,average_utilization
both_flexible_vs_reservation_only,10,0.00034703196347010137,-0.0016073059360732142,0.0023196347031959946,inconclusive,-0.0034943472099062123,-0.005745380206038528,-0.0014949786807306187,inconclusive,BG00416,release,average_utilization
reservation_only_vs_horizon_only,10,0.008712328767122957,0.007232876712328684,0.010392694063926278,supported,-0.04786206257909467,-0.05125273054053018,-0.044919468395508554,contradicted,BG00416,release,average_utilization
horizon_only_vs_baseline,10,0.00015753424657531933,-0.0011095890410959045,0.001397260273972558,inconclusive,-0.011562852236580512,-0.01742291674541403,-0.006372761734469616,contradicted,BG00417,release,average_utilization
reservation_only_vs_baseline,10,0.0008013698630136123,-6.866438356166066e-05,0.0016232876712329205,inconclusive,0.07402667909345707,0.07098526469753211,0.07649289416782705,supported,BG00417,release,average_utilization
both_flexible_vs_baseline,10,0.0014315068493154337,5.479452054839462e-05,0.002794520547945457,inconclusive,0.07036162986173693,0.06771291850002108,0.07310756810498067,supported,BG00417,release,average_utilization
both_flexible_vs_horizon_only,10,0.0012739726027401143,-0.00017123287671182567,0.0026643835616440717,inconclusive,0.08192448209831744,0.07746656151387951,0.08639508657794358,supported,BG00417,release,average_utilization
both_flexible_vs_reservation_only,10,0.0006301369863018214,-0.0003426369863009123,0.001828938356164955,inconclusive,-0.003665049231720141,-0.0064504922971792625,-0.0010036364996584505,inconclusive,BG00417,release,average_utilization
reservation_only_vs_horizon_only,10,0.000643835616438293,-0.0003561643835616793,0.00160958904109602,inconclusive,0.08558953133003758,0.08084095012196792,0.08958090171310117,supported,BG00417,release,average_utilization
horizon_only_vs_baseline,10,0.0,0.0,0.0,inconclusive,0.0,0.0,0.0,inconclusive,BG00418,release,average_utilization
reservation_only_vs_baseline,10,0.000739726027397336,-4.9315068493094305e-05,0.0018357534246576943,inconclusive,-0.0002090538042942236,-0.0004433559456857649,4.791288143171091e-05,inconclusive,BG00418,release,average_utilization
both_flexible_vs_baseline,10,0.000739726027397336,-4.931506849311651e-05,0.0019186301369863872,inconclusive,-0.0002090538042942236,-0.0004454475417489359,4.7870861764820474e-05,inconclusive,BG00418,release,average_utilization
both_flexible_vs_horizon_only,10,0.000739726027397336,-4.9315068493094305e-05,0.0019178082191781648,inconclusive,-0.0002090538042942236,-0.00044749820174495413,4.2539045443779064e-05,inconclusive,BG00418,release,average_utilization
both_flexible_vs_reservation_only,10,0.0,0.0,0.0,inconclusive,0.0,0.0,0.0,inconclusive,BG00418,release,average_utilization
reservation_only_vs_horizon_only,10,0.000739726027397336,-4.383561643831468e-05,0.001884931506849452,inconclusive,-0.0002090538042942236,-0.00045229893649069344,4.6098532654271776e-05,inconclusive,BG00418,release,average_utilization
horizon_only_vs_baseline,10,0.0,0.0,0.0,inconclusive,0.0,0.0,0.0,inconclusive,BG00419,release,average_utilization
reservation_only_vs_baseline,10,0.0020328767123289904,3.273972602733549e-05,0.004235616438356421,inconclusive,0.0005642041288876798,-0.0003757808725604983,0.0018261247764663874,inconclusive,BG00419,release,average_utilization
both_flexible_vs_baseline,10,0.0020876712328768534,-0.0011617808219174565,0.005484931506849423,inconclusive,-0.00014311430118443269,-0.0020828525016484954,0.0018056295372609432,inconclusive,BG00419,release,average_utilization
both_flexible_vs_horizon_only,10,0.0020876712328768534,-0.001150958904109392,0.005594931506849533,inconclusive,-0.00014311430118443269,-0.002222847452012867,0.001769578149358361,inconclusive,BG00419,release,average_utilization
both_flexible_vs_reservation_only,10,5.479452054786282e-05,-0.002876849315068607,0.0029589041095887916,inconclusive,-0.0007073184300721124,-0.002711253270480749,0.0014640366886948075,inconclusive,BG00419,release,average_utilization
reservation_only_vs_horizon_only,10,0.0020328767123289904,0.00010410958904132157,0.004301369863014141,inconclusive,0.0005642041288876798,-0.0003776484929177093,0.0017415385667826913,inconclusive,BG00419,release,average_utilization
horizon_only_vs_baseline,10,0.0,0.0,0.0,inconclusive,0.0,0.0,0.0,inconclusive,BG00420,release,average_utilization
reservation_only_vs_baseline,10,0.0015616438356162998,-0.0002011415525117365,0.003315068493150568,inconclusive,0.0415805828777317,0.03502447117645918,0.04783775616244059,supported,BG00420,release,average_utilization
both_flexible_vs_baseline,10,0.0015616438356162998,-0.0002742009132424671,0.0032876712328767767,inconclusive,0.0415805828777317,0.03500411949861587,0.047628704014555615,supported,BG00420,release,average_utilization
both_flexible_vs_horizon_only,10,0.0015616438356162998,-0.00030159817351621673,0.0032785388127857472,inconclusive,0.0415805828777317,0.034915090510951874,0.0477786935372906,supported,BG00420,release,average_utilization
both_flexible_vs_reservation_only,10,0.0,0.0,0.0,inconclusive,0.0,0.0,0.0,inconclusive,BG00420,release,average_utilization
reservation_only_vs_horizon_only,10,0.0015616438356162998,-0.00021027397260314987,0.0032420091324198825,inconclusive,0.0415805828777317,0.034912438714665636,0.04764340452878834,supported,BG00420,release,average_utilization
horizon_only_vs_baseline,10,0.016191780821917433,0.014547945205479371,0.01789602739725976,supported,0.07046657027448759,0.06921354130535996,0.0716522078539833,supported,BG00421,release,average_utilization
reservation_only_vs_baseline,10,0.029632876712328247,0.028356164383561342,0.030953424657533684,supported,0.21760128314976362,0.21654550394975705,0.21877252591504268,supported,BG00421,release,average_utilization
both_flexible_vs_baseline,10,0.029632876712328206,0.028169863013698292,0.03111246575342422,supported,0.21686105415875376,0.2153346771649545,0.21854610559384094,supported,BG00421,release,average_utilization
both_flexible_vs_horizon_only,10,0.01344109589041077,0.012054794520547729,0.014865753424657362,supported,0.14639448388426615,0.1449165894614254,0.14793495584253233,supported,BG00421,release,average_utilization
both_flexible_vs_reservation_only,10,-4.4408920985006264e-17,-0.0012712328767123754,0.0012550684931509563,inconclusive,-0.000740228991009878,-0.0019417479156974837,0.0004423098718956298,inconclusive,BG00421,release,average_utilization
reservation_only_vs_horizon_only,10,0.013441095890410815,0.011994520547945017,0.014893150684931323,supported,0.14713471287527605,0.1452608396072627,0.14887615538942514,supported,BG00421,release,average_utilization
horizon_only_vs_baseline,10,0.015369863013698425,0.012812785388127971,0.017844748858446766,supported,0.0018582710718547612,0.00038934843485986765,0.0034918215059705935,inconclusive,BG00422,release,average_utilization
reservation_only_vs_baseline,10,0.04037442922374337,0.03860273972602648,0.042456621004565084,supported,0.00033264300129366985,-0.0013889367879849558,0.0019783701780188827,inconclusive,BG00422,release,average_utilization
both_flexible_vs_baseline,10,0.04037442922374337,0.03862100456620922,0.04251141552511302,supported,0.00033264300129366985,-0.0014633630211617046,0.001957703403605788,inconclusive,BG00422,release,average_utilization
both_flexible_vs_horizon_only,10,0.025004566210044942,0.022995205479451466,0.026712328767122505,supported,-0.0015256280705610915,-0.0031412788226562963,8.392164998797246e-05,inconclusive,BG00422,release,average_utilization
both_flexible_vs_reservation_only,10,0.0,0.0,0.0,inconclusive,0.0,0.0,0.0,inconclusive,BG00422,release,average_utilization
reservation_only_vs_horizon_only,10,0.025004566210044942,0.02301347031963432,0.026648401826483193,supported,-0.0015256280705610915,-0.0030986199206439143,4.4234414969459874e-05,inconclusive,BG00422,release,average_utilization
horizon_only_vs_baseline,10,0.0,0.0,0.0,inconclusive,0.0,0.0,0.0,inconclusive,BG00423,release,average_utilization
reservation_only_vs_baseline,10,0.0008082191780820702,-0.0037674657534248622,0.004342465753424509,inconclusive,0.005195274789235682,-0.00033898067193840944,0.01132755848829815,inconclusive,BG00423,release,average_utilization
both_flexible_vs_baseline,10,0.0008082191780820702,-0.003685958904109736,0.004288013698630023,inconclusive,0.005195274789235682,-0.00047022254734775155,0.010959002828065287,inconclusive,BG00423,release,average_utilization
both_flexible_vs_horizon_only,10,0.0008082191780820702,-0.0038907534246577936,0.00430136986301344,inconclusive,0.005195274789235682,-0.0005402254754593042,0.011034852584475358,inconclusive,BG00423,release,average_utilization
both_flexible_vs_reservation_only,10,0.0,0.0,0.0,inconclusive,0.0,0.0,0.0,inconclusive,BG00423,release,average_utilization
reservation_only_vs_horizon_only,10,0.0008082191780820702,-0.0039044520547946303,0.004205821917808065,inconclusive,0.005195274789235682,-0.0003587214543743383,0.01118788190152183,inconclusive,BG00423,release,average_utilization
horizon_only_vs_baseline,10,0.0,0.0,0.0,inconclusive,0.0,0.0,0.0,inconclusive,BG00424,release,average_utilization
reservation_only_vs_baseline,10,0.00043835616438370195,-0.0016441780821914722,0.002520547945205376,inconclusive,0.0033449911631614595,-0.002308238558729403,0.008850987179984065,inconclusive,BG00424,release,average_utilization
both_flexible_vs_baseline,10,0.00043835616438370195,-0.0015890410958900993,0.0026030821917807593,inconclusive,0.0033449911631614595,-0.0023093459125259844,0.009064050759736507,inconclusive,BG00424,release,average_utilization
both_flexible_vs_horizon_only,10,0.00043835616438370195,-0.0015616438356161355,0.0026027397260274168,inconclusive,0.0033449911631614595,-0.0021582659520801056,0.008861418537611443,inconclusive,BG00424,release,average_utilization
both_flexible_vs_reservation_only,10,0.0,0.0,0.0,inconclusive,0.0,0.0,0.0,inconclusive,BG00424,release,average_utilization
reservation_only_vs_horizon_only,10,0.00043835616438370195,-0.0016027397260270806,0.0024660958904110055,inconclusive,0.0033449911631614595,-0.002324276384462764,0.008849860115597461,inconclusive,BG00424,release,average_utilization
horizon_only_vs_baseline,10,0.0,0.0,0.0,inconclusive,0.0,0.0,0.0,inconclusive,BG00425,release,average_utilization
reservation_only_vs_baseline,10,0.003356164383561444,-0.002561643835616479,0.009233219178081856,inconclusive,0.0011377290069997993,-0.0014791399603646348,0.0037303923342987665,inconclusive,BG00425,release,average_utilization
both_flexible_vs_baseline,10,0.003356164383561444,-0.002850000000000126,0.009191780821917572,inconclusive,0.0011377290069997993,-0.0013613721319458481,0.003825150234619834,inconclusive,BG00425,release,average_utilization
both_flexible_vs_horizon_only,10,0.003356164383561444,-0.0026167808219177894,0.009095890410958457,inconclusive,0.0011377290069997993,-0.0014702968487300624,0.0038322077947594547,inconclusive,BG00425,release,average_utilization
both_flexible_vs_reservation_only,10,0.0,0.0,0.0,inconclusive,0.0,0.0,0.0,inconclusive,BG00425,release,average_utilization
reservation_only_vs_horizon_only,10,0.003356164383561444,-0.0025212328767124136,0.009343150684931271,inconclusive,0.0011377290069997993,-0.0014020042749392477,0.003836931702883544,inconclusive,BG00425,release,average_utilization
horizon_only_vs_baseline,10,0.0,0.0,0.0,inconclusive,0.0,0.0,0.0,inconclusive,BG00426,release,average_utilization
reservation_only_vs_baseline,10,0.0004018264840182528,-5.479452054794054e-05,0.001260273972602699,inconclusive,0.00012683580922122627,-8.379884121582082e-05,0.00046430626887949966,inconclusive,BG00426,release,average_utilization
both_flexible_vs_baseline,10,0.0004018264840182528,-5.479452054794054e-05,0.001260273972602699,inconclusive,0.00012683580922122627,-8.379884121582082e-05,0.00046430626887949966,inconclusive,BG00426,release,average_utilization
both_flexible_vs_horizon_only,10,0.0004018264840182528,-5.479452054794054e-05,0.001260273972602699,inconclusive,0.00012683580922122627,-8.379884121582082e-05,0.00046430626887949966,inconclusive,BG00426,release,average_utilization
both_flexible_vs_reservation_only,10,0.0,0.0,0.0,inconclusive,0.0,0.0,0.0,inconclusive,BG00426,release,average_utilization
reservation_only_vs_horizon_only,10,0.0004018264840182528,-5.479452054794054e-05,0.001260273972602699,inconclusive,0.00012683580922122627,-8.379884121582082e-05,0.00046430626887949966,inconclusive,BG00426,release,average_utilization
horizon_only_vs_baseline,10,0.0,0.0,0.0,inconclusive,0.0,0.0,0.0,inconclusive,BG00427,release,average_utilization
reservation_only_vs_baseline,10,0.0012808219178082503,-0.0035758561643838872,0.005767123287671185,inconclusive,-0.0007242646015652831,-0.0038916424972370266,0.0020613234747564675,inconclusive,BG00427,release,average_utilization
both_flexible_vs_baseline,10,0.0012808219178082503,-0.0034726027397264615,0.005767123287671397,inconclusive,-0.0007242646015652831,-0.003998466035093727,0.002065801677054836,inconclusive,BG00427,release,average_utilization
both_flexible_vs_horizon_only,10,0.0012808219178082503,-0.0034320205479450097,0.005520547945205593,inconclusive,-0.0007242646015652831,-0.004036791695411829,0.0020476681829595315,inconclusive,BG00427,release,average_utilization
both_flexible_vs_reservation_only,10,0.0,0.0,0.0,inconclusive,0.0,0.0,0.0,inconclusive,BG00427,release,average_utilization
reservation_only_vs_horizon_only,10,0.0012808219178082503,-0.0035823630136988653,0.00564400684931526,inconclusive,-0.0007242646015652831,-0.003925897374012221,0.002052306647925266,inconclusive,BG00427,release,average_utilization
horizon_only_vs_baseline,10,0.0,0.0,0.0,inconclusive,0.0,0.0,0.0,inconclusive,BG00428,release,average_utilization
reservation_only_vs_baseline,10,0.0006027397260273459,-0.0036347031963471564,0.004749315068493159,inconclusive,-0.0015850931207343599,-0.003435435934558757,-5.259372480492335e-07,inconclusive,BG00428,release,average_utilization
both_flexible_vs_baseline,10,0.0006027397260273459,-0.0035890410958905,0.00480365296803652,inconclusive,-0.0015850931207343599,-0.003378992459865098,-7.6562011734521e-06,inconclusive,BG00428,release,average_utilization
both_flexible_vs_horizon_only,10,0.0006027397260273459,-0.003552511415525206,0.004849315068493176,inconclusive,-0.0015850931207343599,-0.003431615145350921,5.501120231253067e-05,inconclusive,BG00428,release,average_utilization
both_flexible_vs_reservation_only,10,0.0,0.0,0.0,inconclusive,0.0,0.0,0.0,inconclusive,BG00428,release,average_utilization
reservation_only_vs_horizon_only,10,0.0006027397260273459,-0.0034794520547945964,0.00487671232876713,inconclusive,-0.0015850931207343599,-0.0034450217514203495,1.3047623354883169e-05,inconclusive,BG00428,release,average_utilization
horizon_only_vs_baseline,10,0.0,0.0,0.0,inconclusive,0.0,0.0,0.0,inconclusive,BG00429,release,average_utilization
reservation_only_vs_baseline,10,0.001473972602739626,0.0002736986301368297,0.002756164383561644,inconclusive,0.0019513984638929948,0.0005274385961592152,0.0036856922683149353,inconclusive,BG00429,release,average_utilization
both_flexible_vs_baseline,10,0.0015397260273972146,-0.0013643835616438782,0.005195068493150705,inconclusive,0.0011104903190209848,8.06902450606345e-05,0.0022266579634930513,inconclusive,BG00429,release,average_utilization
both_flexible_vs_horizon_only,10,0.0015397260273972146,-0.001386438356164456,0.0050247945205478825,inconclusive,0.0011104903190209848,9.929167564086244e-05,0.002251216553042083,inconclusive,BG00429,release,average_utilization
both_flexible_vs_reservation_only,10,6.57534246575886e-05,-0.002274246575342375,0.00311780821917797,inconclusive,-0.0008409081448720101,-0.0019378058761926828,0.00013803877777713154,inconclusive,BG00429,release,average_utilization
reservation_only_vs_horizon_only,10,0.001473972602739626,0.00028493150684916094,0.0027671232876712256,inconclusive,0.0019513984638929948,0.0005625936314940694,0.0038489423793297726,inconclusive,BG00429,release,average_utilization
horizon_only_vs_baseline,10,0.0,0.0,0.0,inconclusive,0.0,0.0,0.0,inconclusive,BG00430,release,average_utilization
reservation_only_vs_baseline,10,0.0,0.0,0.0,inconclusive,0.0,0.0,0.0,inconclusive,BG00430,release,average_utilization
both_flexible_vs_baseline,10,0.0,0.0,0.0,inconclusive,0.0,0.0,0.0,inconclusive,BG00430,release,average_utilization
both_flexible_vs_horizon_only,10,0.0,0.0,0.0,inconclusive,0.0,0.0,0.0,inconclusive,BG00430,release,average_utilization
both_flexible_vs_reservation_only,10,0.0,0.0,0.0,inconclusive,0.0,0.0,0.0,inconclusive,BG00430,release,average_utilization
reservation_only_vs_horizon_only,10,0.0,0.0,0.0,inconclusive,0.0,0.0,0.0,inconclusive,BG00430,release,average_utilization
horizon_only_vs_baseline,10,0.0,0.0,0.0,inconclusive,0.0,0.0,0.0,inconclusive,BG00431,release,average_utilization
reservation_only_vs_baseline,10,0.001979452054794473,-0.0007541095890410977,0.004520547945205313,inconclusive,0.003109143173459572,-0.0006796335400088035,0.006685159746787214,inconclusive,BG00431,release,average_utilization
both_flexible_vs_baseline,10,0.001979452054794473,-0.0006782534246576038,0.004479452054794399,inconclusive,0.003109143173459572,-0.0005505100186451005,0.006587025784055822,inconclusive,BG00431,release,average_utilization
both_flexible_vs_horizon_only,10,0.001979452054794473,-0.000636986301369926,0.004582191780821613,inconclusive,0.003109143173459572,-0.00043475466180685447,0.006692390235745543,inconclusive,BG00431,release,average_utilization
both_flexible_vs_reservation_only,10,0.0,0.0,0.0,inconclusive,0.0,0.0,0.0,inconclusive,BG00431,release,average_utilization
reservation_only_vs_horizon_only,10,0.001979452054794473,-0.0006234589041096911,0.004575513698629996,inconclusive,0.003109143173459572,-0.0005075182745493486,0.006744886606034945,inconclusive,BG00431,release,average_utilization
horizon_only_vs_baseline,10,0.0,0.0,0.0,inconclusive,0.0,0.0,0.0,inconclusive,BG00432,release,average_utilization
reservation_only_vs_baseline,10,0.0015068493150684926,-0.0018359589041095936,0.00471232876712331,inconclusive,-0.0007708024740681219,-0.0030990618434095264,0.001353443237132466,inconclusive,BG00432,release,average_utilization
both_flexible_vs_baseline,10,0.0015068493150684926,-0.0018907534246576003,0.004630821917808232,inconclusive,-0.0007708024740681219,-0.003148822927342952,0.0014690261704188865,inconclusive,BG00432,release,average_utilization
both_flexible_vs_horizon_only,10,0.0015068493150684926,-0.0019184931506849993,0.004808561643835644,inconclusive,-0.0007708024740681219,-0.003017385179023596,0.0014418019780067129,inconclusive,BG00432,release,average_utilization
both_flexible_vs_reservation_only,10,0.0,0.0,0.0,inconclusive,0.0,0.0,0.0,inconclusive,BG00432,release,average_utilization
reservation_only_vs_horizon_only,10,0.0015068493150684926,-0.001767123287671236,0.004795205479452096,inconclusive,-0.0007708024740681219,-0.003027009130649664,0.001552502531380264,inconclusive,BG00432,release,average_utilization
horizon_only_vs_baseline,10,0.03259360730593504,0.030584246575341534,0.03459383561643703,supported,0.005354304371047153,0.0038262224804564474,0.007073314535647135,supported,BG00433,release,average_utilization
reservation_only_vs_baseline,10,0.023506849315067756,0.02134246575342436,0.02618310502283035,supported,-0.00949591282059089,-0.011556896601830392,-0.007317264439534174,contradicted,BG00433,release,average_utilization
both_flexible_vs_baseline,10,0.03392694063926825,0.03183561643835512,0.03624680365296699,supported,0.005715936466567012,0.0037740185245204215,0.0076609492045027535,supported,BG00433,release,average_utilization
both_flexible_vs_horizon_only,10,0.0013333333333332199,-0.00011894977168955677,0.002885844748858402,inconclusive,0.0003616320955198593,-0.0006334082945059292,0.0013960490163938773,inconclusive,BG00433,release,average_utilization
both_flexible_vs_reservation_only,10,0.010420091324200497,0.008556849315068,0.012255707762556413,supported,0.015211849287157903,0.012808393071886295,0.017352632212938864,supported,BG00433,release,average_utilization
reservation_only_vs_horizon_only,10,-0.009086757990867278,-0.011616438356163928,-0.006602511415524835,contradicted,-0.014850217191638043,-0.017061150659787593,-0.012322143672769174,contradicted,BG00433,release,average_utilization
horizon_only_vs_baseline,10,0.0,0.0,0.0,inconclusive,0.0,0.0,0.0,inconclusive,BG00434,release,average_utilization
reservation_only_vs_baseline,10,0.00033561643835628986,-0.0017328767123289013,0.0021919520547947864,inconclusive,0.003082079997060949,-0.0010129134994800698,0.007486933627216302,inconclusive,BG00434,release,average_utilization
both_flexible_vs_baseline,10,0.0011506849315068624,-0.0004250000000004899,0.0027672945205483358,inconclusive,0.0005755047379572443,-0.0021948212575388826,0.0033927031889385926,inconclusive,BG00434,release,average_utilization
both_flexible_vs_horizon_only,10,0.0011506849315068624,-0.0004726027397260374,0.002774143835616517,inconclusive,0.0005755047379572443,-0.002288159446779915,0.0034034254840002403,inconclusive,BG00434,release,average_utilization
both_flexible_vs_reservation_only,10,0.0008150684931505725,-0.0006164383561646395,0.0021164383561641555,inconclusive,-0.002506575259103705,-0.00666142820075235,0.0016347104380599197,inconclusive,BG00434,release,average_utilization
reservation_only_vs_horizon_only,10,0.00033561643835628986,-0.0017125000000002516,0.0022123287671233782,inconclusive,0.003082079997060949,-0.0010269055732888546,0.007484190726142532,inconclusive,BG00434,release,average_utilization
horizon_only_vs_baseline,10,0.0005972602739727773,0.0,0.0014191780821922295,inconclusive,-4.4308486291033676e-05,-0.0004924412999780525,0.0003595158411049515,inconclusive,BG00435,release,average_utilization
reservation_only_vs_baseline,10,0.0010520547945204073,-1.0958904109560629e-05,0.0023561643835615766,inconclusive,0.0029275981474466972,-0.00040274120809444426,0.005936969332902066,inconclusive,BG00435,release,average_utilization
both_flexible_vs_baseline,10,0.002224657534246377,0.001123287671232707,0.0034138356164382824,inconclusive,0.0014066231432974252,-0.0035031794847461394,0.006147437849117152,inconclusive,BG00435,release,average_utilization
both_flexible_vs_horizon_only,10,0.0016273972602735998,0.0003561643835611483,0.0029972602739726352,inconclusive,0.001450931629588459,-0.0032538446688799784,0.006004264080211559,inconclusive,BG00435,release,average_utilization
both_flexible_vs_reservation_only,10,0.0011726027397259697,-0.000169999999999989,0.0023836986301372046,inconclusive,-0.001520975004149272,-0.007004610899574336,0.00316574870351649,inconclusive,BG00435,release,average_utilization
reservation_only_vs_horizon_only,10,0.00045479452054763,-0.0010630136986305347,0.0019452054794515574,inconclusive,0.002971906633737731,-0.00035522876088902976,0.005856154830626896,inconclusive,BG00435,release,average_utilization
horizon_only_vs_baseline,10,0.0,0.0,0.0,inconclusive,0.0,0.0,0.0,inconclusive,BG00436,release,average_utilization
reservation_only_vs_baseline,10,0.00034703196347010137,-0.000958904109589189,0.0015799086757987365,inconclusive,-0.004460271429470896,-0.009482121169470965,0.00034674607808391394,inconclusive,BG00436,release,average_utilization
both_flexible_vs_baseline,10,0.0007123287671234046,-0.0007945205479450548,0.002365296803652941,inconclusive,0.0005859584974123533,-0.002664313189604512,0.00433507369703409,inconclusive,BG00436,release,average_utilization
both_flexible_vs_horizon_only,10,0.0007123287671234046,-0.0007671232876711018,0.0023105022831051104,inconclusive,0.0005859584974123533,-0.0026832486442765566,0.004396202957861498,inconclusive,BG00436,release,average_utilization
both_flexible_vs_reservation_only,10,0.0003652968036533033,-0.0011689497716891551,0.0017536529680369519,inconclusive,0.00504622992688325,0.0012695041987540183,0.008498766295751248,supported,BG00436,release,average_utilization
reservation_only_vs_horizon_only,10,0.00034703196347010137,-0.000968036529680673,0.0015616438356161027,inconclusive,-0.004460271429470896,-0.009524604846856055,0.000241135562425442,inconclusive,BG00436,release,average_utilization
horizon_only_vs_baseline,10,0.04034246575342378,0.03810958904109511,0.04241095890410894,supported,0.005285624155860186,0.00048222920031907424,0.009434272963467926,supported,BG00437,release,average_utilization
reservation_only_vs_baseline,10,0.0396986301369854,0.03712294520547863,0.04272602739725929,supported,0.2736929210268286,0.2690083445516226,0.2778400996096043,supported,BG00437,release,average_utilization
both_flexible_vs_baseline,10,0.041958904109588115,0.03999965753424525,0.04402739726027314,supported,0.13340506288251092,0.12701594595634372,0.14003557565950359,supported,BG00437,release,average_utilization
both_flexible_vs_horizon_only,10,0.0016164383561643291,8.21917808219827e-05,0.003109931506849559,inconclusive,0.12811943872665071,0.12380040772976324,0.1326745352705808,supported,BG00437,release,average_utilization
both_flexible_vs_reservation_only,10,0.002260273972602711,0.0008767123287669584,0.0037945205479450704,inconclusive,-0.1402878581443177,-0.14482190593765043,-0.13563471028346302,contradicted,BG00437,release,average_utilization
reservation_only_vs_horizon_only,10,-0.0006438356164383818,-0.0028219178082188683,0.001506849315068451,inconclusive,0.2684072968709684,0.26610569899277353,0.2707972386720599,supported,BG00437,release,average_utilization
horizon_only_vs_baseline,10,0.0036438356164384842,0.002061643835617009,0.004999999999999908,inconclusive,0.0037566139778867414,0.0018722314536636561,0.0057492741153338895,inconclusive,BG00438,release,average_utilization
reservation_only_vs_baseline,10,0.012095890410959088,0.0105751712328767,0.013390582191781127,supported,-0.03392691192036025,-0.0353437954371965,-0.03249427715280837,contradicted,BG00438,release,average_utilization
both_flexible_vs_baseline,10,0.013301369863013824,0.011705308219178106,0.014801541095890706,supported,-0.03444512815520862,-0.03579314198494201,-0.03308891315066604,contradicted,BG00438,release,average_utilization
both_flexible_vs_horizon_only,10,0.009657534246575339,0.00848630136986334,0.010780993150684617,supported,-0.038201742133095365,-0.03961320434741317,-0.036652195151065596,contradicted,BG00438,release,average_utilization
both_flexible_vs_reservation_only,10,0.0012054794520547363,-0.00015068493150700607,0.002602739726027287,inconclusive,-0.0005182162348483759,-0.001841759568949491,0.0006848390279075991,inconclusive,BG00438,release,average_utilization
reservation_only_vs_horizon_only,10,0.008452054794520603,0.007691780821917324,0.009226027397260708,supported,-0.037683525898246986,-0.03942586455737137,-0.03615499274636968,contradicted,BG00438,release,average_utilization
horizon_only_vs_baseline,10,0.0,0.0,0.0,inconclusive,0.0,0.0,0.0,inconclusive,BG00439,release,average_utilization
reservation_only_vs_baseline,10,0.004986301369863044,0.0004654109589040546,0.009959589041095956,inconclusive,0.0008435852838736824,-0.0006531283736680299,0.0023893349014488326,inconclusive,BG00439,release,average_utilization
both_flexible_vs_baseline,10,0.004986301369863044,0.00035616438356165207,0.010123630136986332,inconclusive,0.0008435852838736824,-0.0007042651181788673,0.0024264775847952246,inconclusive,BG00439,release,average_utilization
both_flexible_vs_horizon_only,10,0.004986301369863044,0.0003013698630137113,0.01011027397260284,inconclusive,0.0008435852838736824,-0.0006198369162858752,0.0023559264352745984,inconclusive,BG00439,release,average_utilization
both_flexible_vs_reservation_only,10,0.0,0.0,0.0,inconclusive,0.0,0.0,0.0,inconclusive,BG00439,release,average_utilization
reservation_only_vs_horizon_only,10,0.004986301369863044,0.00043835616438358985,0.010082534246575426,inconclusive,0.0008435852838736824,-0.0006754665458493374,0.0024339800930180144,inconclusive,BG00439,release,average_utilization
horizon_only_vs_baseline,10,0.0016073059360728447,-0.00032876712328791275,0.0035799086757986277,inconclusive,-0.0023366935139338407,-0.0055099201200506,0.0008990176278946586,inconclusive,BG00440,release,average_utilization
reservation_only_vs_baseline,10,0.01721461187214558,0.015250913242008871,0.019497945205478942,supported,-0.07661087076247015,-0.07942730551909373,-0.07376214136214891,contradicted,BG00440,release,average_utilization
both_flexible_vs_baseline,10,0.01812785388127801,0.01612739726027351,0.019863013698629715,supported,-0.07872739148726501,-0.08167460880079681,-0.07554096072646552,contradicted,BG00440,release,average_utilization
both_flexible_vs_horizon_only,10,0.016520547945205168,0.013954109589040965,0.01854794520547909,supported,-0.07639069797333117,-0.08013086425971352,-0.07268671771988648,contradicted,BG00440,release,average_utilization
both_flexible_vs_reservation_only,10,0.0009132420091324311,-0.0006666666666665847,0.0025388127853880928,inconclusive,-0.002116520724794868,-0.0052127015504433525,0.0011153454205482106,inconclusive,BG00440,release,average_utilization
reservation_only_vs_horizon_only,10,0.015607305936072735,0.013442694063927011,0.017571004566209705,supported,-0.07427417724853631,-0.07828031169766811,-0.07030027972535206,contradicted,BG00440,release,average_utilization
horizon_only_vs_baseline,10,0.00214611872146121,-0.00014634703196351925,0.004557077625570537,inconclusive,0.0024756977376780066,-0.00075761089735377,0.005320994875475937,inconclusive,BG00441,release,average_utilization
reservation_only_vs_baseline,10,0.003022831050228103,0.000703196347031664,0.005443150684931321,inconclusive,0.004636997128977205,0.0016703504782887091,0.007577173484016016,inconclusive,BG00441,release,average_utilization
both_flexible_vs_baseline,10,0.005515981735159836,0.0024200913242008585,0.00833812785388113,supported,0.010878540001401038,0.006470055399665304,0.014863576202592795,supported,BG00441,release,average_utilization
both_flexible_vs_horizon_only,10,0.0033698630136986263,-2.2831050242081413e-07,0.006356392694063898,inconclusive,0.008402842263723032,0.0038450482694094307,0.012864987902292015,supported,BG00441,release,average_utilization
both_flexible_vs_reservation_only,10,0.0024931506849317333,0.0002280821917812235,0.00494109589041088,inconclusive,0.006241542872423833,0.0033637366735498114,0.009139746029121069,supported,BG00441,release,average_utilization
reservation_only_vs_horizon_only,10,0.0008767123287668932,-0.001835616438356052,0.0036897260273970212,inconclusive,0.0021612993912991985,-0.0017181806464211587,0.006358341352795689,inconclusive,BG00441,release,average_utilization
horizon_only_vs_baseline,10,0.000776255707762652,-0.00031986301369887996,0.0018997716894983403,inconclusive,0.00965524980898529,0.005583711818284977,0.01362947711778872,supported,BG00442,release,average_utilization
reservation_only_vs_baseline,10,0.0002739726027398026,-0.0006577625570777267,0.001178310502283381,inconclusive,0.0023147402166979526,-0.00042472193348114885,0.00585777324148129,inconclusive,BG00442,release,average_utilization
both_flexible_vs_baseline,10,0.000776255707762652,-0.0003470319634704577,0.0018630136986301337,inconclusive,0.00965524980898529,0.0055482892983815596,0.013585396267187671,supported,BG00442,release,average_utilization
both_flexible_vs_horizon_only,10,0.0,0.0,0.0,inconclusive,0.0,0.0,0.0,inconclusive,BG00442,release,average_utilization
both_flexible_vs_reservation_only,10,0.0005022831050228493,-0.0007582191780823128,0.0017899543378995925,inconclusive,0.007340509592287337,0.0035501511303815555,0.011389166043994259,supported,BG00442,release,average_utilization
reservation_only_vs_horizon_only,10,-0.0005022831050228493,-0.0017353881278540516,0.0007305936073059532,inconclusive,-0.007340509592287337,-0.011334066286084719,-0.003655021308358954,contradicted,BG00442,release,average_utilization
horizon_only_vs_baseline,10,0.00010410958904122358,-0.0021480821917807705,0.002065890410959299,inconclusive,-0.002234305460520647,-0.00498323786722028,0.0011523977091545462,inconclusive,BG00443,release,average_utilization
reservation_only_vs_baseline,10,0.033819178082190995,0.032268493150684134,0.03539739726027365,supported,0.00959295050645551,0.0061065904271956585,0.013292539291685238,supported,BG00443,release,average_utilization
both_flexible_vs_baseline,10,0.03504657534246532,0.033287671232876355,0.036608219178081436,supported,0.008370341852395347,0.006080567352604749,0.01043883325778517,supported,BG00443,release,average_utilization
both_flexible_vs_horizon_only,10,0.0349424657534241,0.03283273972602691,0.037074109589040484,supported,0.010604647312915993,0.008013357236761045,0.012875665243737745,supported,BG00443,release,average_utilization
both_flexible_vs_reservation_only,10,0.0012273972602743321,-0.0009480821917801704,0.0031124657534252363,inconclusive,-0.0012226086540601643,-0.004423206732759155,0.0018768664888930446,inconclusive,BG00443,release,average_utilization
reservation_only_vs_horizon_only,10,0.03371506849314977,0.03154506849314977,0.03615369863013624,supported,0.011827255966976157,0.00940162941302287,0.014481321364538296,supported,BG00443,release,average_utilization
horizon_only_vs_baseline,10,0.0,0.0,0.0,inconclusive,0.0,0.0,0.0,inconclusive,BG00444,release,average_utilization
reservation_only_vs_baseline,10,0.0019013698630137243,-0.00029589041095898796,0.004411095890411187,inconclusive,-0.00011765506774827906,-0.0009635834072470892,0.0009770318170271364,inconclusive,BG00444,release,average_utilization
both_flexible_vs_baseline,10,0.0019013698630137243,-0.0002410958904111138,0.00440575342465781,inconclusive,-0.00011765506774827906,-0.001009057495345486,0.000970801514052025,inconclusive,BG00444,release,average_utilization
both_flexible_vs_horizon_only,10,0.0019013698630137243,-0.00026356164383564506,0.004564383561643985,inconclusive,-0.00011765506774827906,-0.0009710341934983971,0.0009519705318238718,inconclusive,BG00444,release,average_utilization
both_flexible_vs_reservation_only,10,0.0,0.0,0.0,inconclusive,0.0,0.0,0.0,inconclusive,BG00444,release,average_utilization
reservation_only_vs_horizon_only,10,0.0019013698630137243,-0.00024123287671240607,0.004466027397260485,inconclusive,-0.00011765506774827906,-0.0009730251488271246,0.00098263499293194,inconclusive,BG00444,release,average_utilization
horizon_only_vs_baseline,10,0.0,0.0,0.0,inconclusive,0.0,0.0,0.0,inconclusive,BG00445,release,average_utilization
reservation_only_vs_baseline,10,0.0035821917808219863,0.002321746575342491,0.0047739726027396885,inconclusive,0.16976025371569273,0.16380404321262726,0.17578006754979542,supported,BG00445,release,average_utilization
both_flexible_vs_baseline,10,0.004404109589041372,0.0024655821917810247,0.006321917808219102,inconclusive,0.17205795193073486,0.1674536929381375,0.17636904170558515,supported,BG00445,release,average_utilization
both_flexible_vs_horizon_only,10,0.004404109589041372,0.0024794520547948827,0.006274143835616796,inconclusive,0.17205795193073486,0.16749960819861517,0.17622429116634117,supported,BG00445,release,average_utilization
both_flexible_vs_reservation_only,10,0.0008219178082193856,-0.0012741438356162463,0.00243150684931568,inconclusive,0.0022976982150421433,-0.002936942711342551,0.00782622963623138,inconclusive,BG00445,release,average_utilization
reservation_only_vs_horizon_only,10,0.0035821917808219863,0.0023559931506849387,0.004808219178082253,inconclusive,0.16976025371569273,0.16381578501025904,0.17545382714474742,supported,BG00445,release,average_utilization
horizon_only_vs_baseline,10,0.0,0.0,0.0,inconclusive,0.0,0.0,0.0,inconclusive,BG00446,release,average_utilization
reservation_only_vs_baseline,10,0.0008858447488584775,-0.00224703196347028,0.004310730593607351,inconclusive,-0.0013524295122947284,-0.0029032907863762777,0.00030875746007606627,inconclusive,BG00446,release,average_utilization
both_flexible_vs_baseline,10,0.002630136986301579,-0.004986986301369691,0.00906872146118758,inconclusive,-4.8324808960376056e-05,-0.002409573888765307,0.0022531751643306073,inconclusive,BG00446,release,average_utilization
both_flexible_vs_horizon_only,10,0.002630136986301579,-0.005059817351597808,0.008877168949771811,inconclusive,-4.8324808960376056e-05,-0.0023309762666171687,0.0023029602519638636,inconclusive,BG00446,release,average_utilization
both_flexible_vs_reservation_only,10,0.0017442922374431014,-0.004821917808219036,0.0077445205479457465,inconclusive,0.0013041047033343523,-0.00188892025027177,0.003979641929472113,inconclusive,BG00446,release,average_utilization
reservation_only_vs_horizon_only,10,0.0008858447488584775,-0.002210273972602678,0.0042468036529684115,inconclusive,-0.0013524295122947284,-0.002879144505892286,0.0003443435523554237,inconclusive,BG00446,release,average_utilization
horizon_only_vs_baseline,10,0.0,0.0,0.0,inconclusive,0.0,0.0,0.0,inconclusive,BG00447,release,average_utilization
reservation_only_vs_baseline,10,0.0,0.0,0.0,inconclusive,0.0,0.0,0.0,inconclusive,BG00447,release,average_utilization
both_flexible_vs_baseline,10,0.0,0.0,0.0,inconclusive,0.0,0.0,0.0,inconclusive,BG00447,release,average_utilization
both_flexible_vs_horizon_only,10,0.0,0.0,0.0,inconclusive,0.0,0.0,0.0,inconclusive,BG00447,release,average_utilization
both_flexible_vs_reservation_only,10,0.0,0.0,0.0,inconclusive,0.0,0.0,0.0,inconclusive,BG00447,release,average_utilization
reservation_only_vs_horizon_only,10,0.0,0.0,0.0,inconclusive,0.0,0.0,0.0,inconclusive,BG00447,release,average_utilization
horizon_only_vs_baseline,10,0.028164383561643656,0.02578047945205465,0.030780821917807833,supported,0.009915736544081195,0.00853005625234881,0.011487279997622986,supported,BG00448,release,average_utilization
reservation_only_vs_baseline,10,0.0005342465753423564,-0.0015756849315071116,0.0026164383561642244,inconclusive,-0.009317512256464345,-0.010876571272430644,-0.007859083131080379,contradicted,BG00448,release,average_utilization
both_flexible_vs_baseline,10,0.028164383561643656,0.02579452054794498,0.030808561643835733,supported,0.009915736544081195,0.008555135931478794,0.011495615559176449,supported,BG00448,release,average_utilization
both_flexible_vs_horizon_only,10,0.0,0.0,0.0,inconclusive,0.0,0.0,0.0,inconclusive,BG00448,release,average_utilization
both_flexible_vs_reservation_only,10,0.0276301369863013,0.024520547945205477,0.03089041095890402,supported,0.019233248800545538,0.017831292564401472,0.020572280013314105,supported,BG00448,release,average_utilization
reservation_only_vs_horizon_only,10,-0.0276301369863013,-0.03079452054794494,-0.024452054794520405,contradicted,-0.019233248800545538,-0.02052661092835547,-0.01772883347484195,contradicted,BG00448,release,average_utilization
horizon_only_vs_baseline,10,0.0,0.0,0.0,inconclusive,0.0,0.0,0.0,inconclusive,BG00449,release,average_utilization
reservation_only_vs_baseline,10,0.0011917808219181092,-0.0020410958904105788,0.00434948630137057,inconclusive,0.0006637230106735336,-0.004845761263466971,0.004975326860787767,inconclusive,BG00449,release,average_utilization
both_flexible_vs_baseline,10,0.0011917808219181092,-0.0019794520547943176,0.004308219178082717,inconclusive,0.0006637230106735336,-0.004495607970578787,0.004943712371630177,inconclusive,BG00449,release,average_utilization
both_flexible_vs_horizon_only,10,0.0011917808219181092,-0.002034246575342358,0.004315239726027907,inconclusive,0.0006637230106735336,-0.004666359044967269,0.005063023358885448,inconclusive,BG00449,release,average_utilization
both_flexible_vs_reservation_only,10,0.0,0.0,0.0,inconclusive,0.0,0.0,0.0,inconclusive,BG00449,release,average_utilization
reservation_only_vs_horizon_only,10,0.0011917808219181092,-0.002178253424657459,0.004205479452055077,inconclusive,0.0006637230106735336,-0.004629952515781407,0.0049714740830877485,inconclusive,BG00449,release,average_utilization
horizon_only_vs_baseline,10,0.0,0.0,0.0,inconclusive,0.0,0.0,0.0,inconclusive,BG00450,release,average_utilization
reservation_only_vs_baseline,10,0.0025684931506847696,0.002075171232876682,0.0030068493150676766,inconclusive,0.019918588714170626,0.01860479846350145,0.02130514854329072,supported,BG00450,release,average_utilization
both_flexible_vs_baseline,10,0.0031027397260271926,0.0012602739726029354,0.005143835616437911,inconclusive,0.021931453239425712,0.018955516535887725,0.02552341337396996,supported,BG00450,release,average_utilization
both_flexible_vs_horizon_only,10,0.0031027397260271926,0.0013013698630139068,0.005137328767123767,inconclusive,0.021931453239425712,0.01890964422449372,0.025534329894228654,supported,BG00450,release,average_utilization
both_flexible_vs_reservation_only,10,0.0005342465753424231,-0.001554794520547887,0.0027739726027395627,inconclusive,0.002012864525255087,-0.0003322563009074738,0.004579946359562779,inconclusive,BG00450,release,average_utilization
reservation_only_vs_horizon_only,10,0.0025684931506847696,0.0020546232876711827,0.00299315068493099,inconclusive,0.019918588714170626,0.01857555195697688,0.02130195419672912,supported,BG00450,release,average_utilization
horizon_only_vs_baseline,10,0.0,0.0,0.0,inconclusive,0.0,0.0,0.0,inconclusive,BG00451,release,average_utilization
reservation_only_vs_baseline,10,0.0012602739726027823,-0.00028767123287666286,0.0028904109589041834,inconclusive,0.0009599657005856188,-0.0017452772548015758,0.0036194205509424418,inconclusive,BG00451,release,average_utilization
both_flexible_vs_baseline,10,0.0012602739726027823,-0.0001780821917807332,0.002917808219178199,inconclusive,0.0009599657005856188,-0.0017816927508537022,0.0035310042044104832,inconclusive,BG00451,release,average_utilization
both_flexible_vs_horizon_only,10,0.0012602739726027823,-0.00024657534246576036,0.0029041095890411706,inconclusive,0.0009599657005856188,-0.0017175545453153697,0.003506538639314205,inconclusive,BG00451,release,average_utilization
both_flexible_vs_reservation_only,10,0.0,0.0,0.0,inconclusive,0.0,0.0,0.0,inconclusive,BG00451,release,average_utilization
reservation_only_vs_horizon_only,10,0.0012602739726027823,-0.00021917808219174565,0.002849315068493264,inconclusive,0.0009599657005856188,-0.0018230771734747834,0.0035580725394763722,inconclusive,BG00451,release,average_utilization
horizon_only_vs_baseline,10,0.0,0.0,0.0,inconclusive,0.0,0.0,0.0,inconclusive,BG00452,release,average_utilization
reservation_only_vs_baseline,10,0.0019452054794522721,-0.0013372602739722928,0.005605479452054786,inconclusive,0.00032132092786449904,-0.0011781532819259422,0.0017797909181319423,inconclusive,BG00452,release,average_utilization
both_flexible_vs_baseline,10,0.0019452054794522721,-0.0014082191780818265,0.005583561643835538,inconclusive,0.00032132092786449904,-0.0011969704879549196,0.0017472025238524835,inconclusive,BG00452,release,average_utilization
both_flexible_vs_horizon_only,10,0.0019452054794522721,-0.001474383561643428,0.005479726027397446,inconclusive,0.00032132092786449904,-0.0012020666476852309,0.0017501594217101302,inconclusive,BG00452,release,average_utilization
both_flexible_vs_reservation_only,10,0.0,0.0,0.0,inconclusive,0.0,0.0,0.0,inconclusive,BG00452,release,average_utilization
reservation_only_vs_horizon_only,10,0.0019452054794522721,-0.0014684931506846253,0.005545479452054883,inconclusive,0.00032132092786449904,-0.0011623600944321577,0.0017480231259603364,inconclusive,BG00452,release,average_utilization
horizon_only_vs_baseline,10,0.0,0.0,0.0,inconclusive,0.0,0.0,0.0,inconclusive,BG00453,release,average_utilization
reservation_only_vs_baseline,10,0.002910958904109828,0.0008150684931506119,0.00479469178082269,inconclusive,0.0018083216964745463,-0.004035062163925463,0.007366998883857682,inconclusive,BG00453,release,average_utilization
both_flexible_vs_baseline,10,0.002910958904109828,0.0008150684931509722,0.004794863013699132,inconclusive,0.0018083216964745463,-0.0037586885331864672,0.0074996706775768895,inconclusive,BG00453,release,average_utilization
both_flexible_vs_horizon_only,10,0.002910958904109828,0.000794520547945485,0.004856164383562362,inconclusive,0.0018083216964745463,-0.003790859019407973,0.00745479059255246,inconclusive,BG00453,release,average_utilization
both_flexible_vs_reservation_only,10,0.0,0.0,0.0,inconclusive,0.0,0.0,0.0,inconclusive,BG00453,release,average_utilization
reservation_only_vs_horizon_only,10,0.002910958904109828,0.0008217465753424677,0.004876712328767674,inconclusive,0.0018083216964745463,-0.0038376129754675303,0.007729948080472958,inconclusive,BG00453,release,average_utilization
horizon_only_vs_baseline,10,0.03165296803652912,0.02810913242009061,0.034822146118721115,supported,-0.00794791452848555,-0.01005503358193186,-0.005681904502026727,contradicted,BG00454,release,average_utilization
reservation_only_vs_baseline,10,0.009378995433790038,0.006091095890411055,0.012649315068493436,supported,0.04569189259698759,0.04301153340950619,0.04824128566440821,supported,BG00454,release,average_utilization
both_flexible_vs_baseline,10,0.03165296803652912,0.028237442922373863,0.034858675799086344,supported,-0.00794791452848555,-0.010063398087294857,-0.005561703911718789,contradicted,BG00454,release,average_utilization
both_flexible_vs_horizon_only,10,0.0,0.0,0.0,inconclusive,0.0,0.0,0.0,inconclusive,BG00454,release,average_utilization
both_flexible_vs_reservation_only,10,0.022273972602739077,0.019643835616437642,0.024739726027396658,supported,-0.053639807125473137,-0.05543230817278831,-0.05176450518956422,contradicted,BG00454,release,average_utilization
reservation_only_vs_horizon_only,10,-0.022273972602739077,-0.02464840182648325,-0.019643607305935406,contradicted,0.053639807125473137,0.05169372013917245,0.05548613220305803,supported,BG00454,release,average_utilization
horizon_only_vs_baseline,10,0.0,0.0,0.0,inconclusive,0.0,0.0,0.0,inconclusive,BG00455,release,average_utilization
reservation_only_vs_baseline,10,0.002027397260273911,1.3356164383492414e-05,0.004082191780821966,inconclusive,0.013958844586885465,0.010945241733222762,0.016715361483135856,supported,BG00455,release,average_utilization
both_flexible_vs_baseline,10,0.002801369863013781,0.000458904109589095,0.0052124999999999914,inconclusive,0.0164160507170379,0.013322549512417165,0.01914893872525557,supported,BG00455,release,average_utilization
both_flexible_vs_horizon_only,10,0.002801369863013781,0.000602568493150581,0.005294520547945547,inconclusive,0.0164160507170379,0.013368258994100799,0.01919649606461603,supported,BG00455,release,average_utilization
both_flexible_vs_reservation_only,10,0.0007739726027398697,-0.0011988013698627314,0.002931506849315163,inconclusive,0.002457206130152434,0.00030267045451421533,0.005042062433504509,inconclusive,BG00455,release,average_utilization
reservation_only_vs_horizon_only,10,0.002027397260273911,4.1095890410942087e-05,0.004212328767123397,inconclusive,0.013958844586885465,0.010976872015180704,0.016788188869485705,supported,BG00455,release,average_utilization
horizon_only_vs_baseline,10,0.0,0.0,0.0,inconclusive,0.0,0.0,0.0,inconclusive,BG00456,release,average_utilization
reservation_only_vs_baseline,10,0.00922191780821906,0.007605479452054741,0.010882328767123016,supported,0.04833896649394424,0.04627225636579876,0.05081422834132468,supported,BG00456,release,average_utilization
both_flexible_vs_baseline,10,0.009501369863013897,0.007726027397260681,0.01146301369863009,supported,0.05002565694733049,0.04796175741892116,0.05197020295769064,supported,BG00456,release,average_utilization
both_flexible_vs_horizon_only,10,0.009501369863013897,0.007808219178082507,0.011463287671232917,supported,0.05002565694733049,0.04788105230181833,0.05195932464274655,supported,BG00456,release,average_utilization
both_flexible_vs_reservation_only,10,0.0002794520547948376,-0.0017095890410951857,0.002120547945205536,inconclusive,0.0016866904533862526,-0.0008278684616229231,0.004060585628746875,inconclusive,BG00456,release,average_utilization
reservation_only_vs_horizon_only,10,0.00922191780821906,0.007709589041095864,0.010920684931506493,supported,0.04833896649394424,0.0462237257700885,0.050854462496073095,supported,BG00456,release,average_utilization
horizon_only_vs_baseline,10,0.04273287671232875,0.03964383561643865,0.045383561643835384,supported,0.05742547174179376,0.05477295126267663,0.05994089834216331,supported,BG00457,release,average_utilization
reservation_only_vs_baseline,10,0.022089041095890105,0.018712328767122963,0.02589726027397228,supported,-0.04436429401394516,-0.04720159677503277,-0.04128151236487185,contradicted,BG00457,release,average_utilization
both_flexible_vs_baseline,10,0.04273287671232875,0.039664383561644034,0.045424657534246383,supported,0.05742547174179376,0.054690086751401114,0.059812008442476576,supported,BG00457,release,average_utilization
both_flexible_vs_horizon_only,10,0.0,0.0,0.0,inconclusive,0.0,0.0,0.0,inconclusive,BG00457,release,average_utilization
both_flexible_vs_reservation_only,10,0.020643835616438642,0.017417808219178297,0.023376883561643948,supported,0.10178976575573892,0.09899171138288834,0.10499040538294822,supported,BG00457,release,average_utilization
reservation_only_vs_horizon_only,10,-0.020643835616438642,-0.02341780821917801,-0.01734931506849384,contradicted,-0.10178976575573892,-0.10481101903027618,-0.09914313155263249,contradicted,BG00457,release,average_utilization
horizon_only_vs_baseline,10,0.0021534246575341974,-0.0009645205479451679,0.004931780821917694,inconclusive,0.0007277067361384004,-0.0030539050172436084,0.004696633942833058,inconclusive,BG00458,release,average_utilization
reservation_only_vs_baseline,10,0.00047123287671227974,-0.00044945205479476414,0.0018465753424658615,inconclusive,0.0009510877214154001,-0.00010233684370508921,0.0024457467925718705,inconclusive,BG00458,release,average_utilization
both_flexible_vs_baseline,10,0.0021534246575341974,-0.0011123287671232836,0.005057534246575291,inconclusive,0.0007277067361384004,-0.003213222501806566,0.004750234555061345,inconclusive,BG00458,release,average_utilization
both_flexible_vs_horizon_only,10,0.0,0.0,0.0,inconclusive,0.0,0.0,0.0,inconclusive,BG00458,release,average_utilization
both_flexible_vs_reservation_only,10,0.0016821917808219177,-0.002104246575342429,0.005172602739725998,inconclusive,-0.00022338098527699968,-0.004152559811699955,0.003929059949772191,inconclusive,BG00458,release,average_utilization
reservation_only_vs_horizon_only,10,-0.0016821917808219177,-0.00497547945205478,0.0020658904109589057,inconclusive,0.00022338098527699968,-0.0038470714711026145,0.0042669997700785466,inconclusive,BG00458,release,average_utilization
horizon_only_vs_baseline,10,0.0,0.0,0.0,inconclusive,0.0,0.0,0.0,inconclusive,BG00459,release,average_utilization
reservation_only_vs_baseline,10,0.00013013698630135462,-5.4794520547951644e-05,0.0003837328767123064,inconclusive,0.0002722223309781668,-0.00026550416467060214,0.001083386855752078,inconclusive,BG00459,release,average_utilization
both_flexible_vs_baseline,10,0.0021643835616438345,0.0,0.005945205479452054,inconclusive,-0.0002611491784987874,-0.0011708084655655316,0.00038736093006916936,inconclusive,BG00459,release,average_utilization
both_flexible_vs_horizon_only,10,0.0021643835616438345,0.0,0.006219178082191778,inconclusive,-0.0002611491784987874,-0.0011708084655655316,0.00038736093006916936,inconclusive,BG00459,release,average_utilization
both_flexible_vs_reservation_only,10,0.00203424657534248,-0.00027397260273964746,0.005993150684931503,inconclusive,-0.0005333715094769543,-0.001595977620544442,0.00035705371514135745,inconclusive,BG00459,release,average_utilization
reservation_only_vs_horizon_only,10,0.00013013698630135462,-5.4794520547951644e-05,0.0003698630136985143,inconclusive,0.0002722223309781668,-0.00026950319920465704,0.0011098605589452526,inconclusive,BG00459,release,average_utilization
horizon_only_vs_baseline,10,0.0,0.0,0.0,inconclusive,0.0,0.0,0.0,inconclusive,BG00460,release,average_utilization
reservation_only_vs_baseline,10,0.0,0.0,0.0,inconclusive,0.0,0.0,0.0,inconclusive,BG00460,release,average_utilization
both_flexible_vs_baseline,10,0.0,0.0,0.0,inconclusive,0.0,0.0,0.0,inconclusive,BG00460,release,average_utilization
both_flexible_vs_horizon_only,10,0.0,0.0,0.0,inconclusive,0.0,0.0,0.0,inconclusive,BG00460,release,average_utilization
both_flexible_vs_reservation_only,10,0.0,0.0,0.0,inconclusive,0.0,0.0,0.0,inconclusive,BG00460,release,average_utilization
reservation_only_vs_horizon_only,10,0.0,0.0,0.0,inconclusive,0.0,0.0,0.0,inconclusive,BG00460,release,average_utilization
horizon_only_vs_baseline,10,0.0005260273972603202,-0.0009754794520545764,0.0021369863013697703,inconclusive,-0.00036943849254218454,-0.004771616750473711,0.003479033196668659,inconclusive,BG00461,release,average_utilization
reservation_only_vs_baseline,10,0.005901369863013539,0.004482191780821853,0.00740835616438318,supported,0.22143574591910933,0.21704232599149476,0.22616225320461056,supported,BG00461,release,average_utilization
both_flexible_vs_baseline,10,0.005901369863013539,0.004443698630136796,0.007359041095890198,supported,0.22143574591910933,0.21703713367132949,0.2264369505763121,supported,BG00461,release,average_utilization
both_flexible_vs_horizon_only,10,0.005375342465753219,0.00380273972602728,0.0069643835616435,supported,0.22180518441165153,0.21822260197863938,0.2251478152000996,supported,BG00461,release,average_utilization
both_flexible_vs_reservation_only,10,0.0,0.0,0.0,inconclusive,0.0,0.0,0.0,inconclusive,BG00461,release,average_utilization
reservation_only_vs_horizon_only,10,0.005375342465753219,0.003714794520547842,0.006915068493150548,supported,0.22180518441165153,0.2181684224351153,0.22517898267081493,supported,BG00461,release,average_utilization
horizon_only_vs_baseline,10,0.0,0.0,0.0,inconclusive,0.0,0.0,0.0,inconclusive,BG00462,release,average_utilization
reservation_only_vs_baseline,10,0.003543378995433866,7.28310502282787e-05,0.007744520547945533,inconclusive,-0.0009833708966530796,-0.002916248437978661,0.0008943576723699502,inconclusive,BG00462,release,average_utilization
both_flexible_vs_baseline,10,0.003543378995433866,0.00019155251141533136,0.007872374429224041,inconclusive,-0.0009833708966530796,-0.002867469183415472,0.0008656084791802438,inconclusive,BG00462,release,average_utilization
both_flexible_vs_horizon_only,10,0.003543378995433866,0.00021004566210057528,0.007753652968036797,inconclusive,-0.0009833708966530796,-0.002921322454456599,0.0008213995665279257,inconclusive,BG00462,release,average_utilization
both_flexible_vs_reservation_only,10,0.0,0.0,0.0,inconclusive,0.0,0.0,0.0,inconclusive,BG00462,release,average_utilization
reservation_only_vs_horizon_only,10,0.003543378995433866,0.00016438356164377415,0.007763013698630401,inconclusive,-0.0009833708966530796,-0.002928298150381254,0.000806643724891164,inconclusive,BG00462,release,average_utilization
horizon_only_vs_baseline,10,0.0,0.0,0.0,inconclusive,0.0,0.0,0.0,inconclusive,BG00463,release,average_utilization
reservation_only_vs_baseline,10,0.0012273972602741211,-0.0007287671232874549,0.0035343835616439634,inconclusive,-0.0009223796458227906,-0.0016342098503600365,-0.00017396552266172314,inconclusive,BG00463,release,average_utilization
both_flexible_vs_baseline,10,0.0017534246575343748,-0.00039465753424638034,0.004158904109589002,inconclusive,-0.0008981245068617971,-0.0021825480474299,0.00046790851265770026,inconclusive,BG00463,release,average_utilization
both_flexible_vs_horizon_only,10,0.0017534246575343748,-0.0003620547945203521,0.004153561643835611,inconclusive,-0.0008981245068617971,-0.002189726709580514,0.00047538361976123984,inconclusive,BG00463,release,average_utilization
both_flexible_vs_reservation_only,10,0.0005260273972602536,-0.0013700000000000064,0.002389178082191734,inconclusive,2.4255138960993517e-05,-0.0018320337479843605,0.0017581062503932584,inconclusive,BG00463,release,average_utilization
reservation_only_vs_horizon_only,10,0.0012273972602741211,-0.0007124657534245587,0.0036549315068494315,inconclusive,-0.0009223796458227906,-0.0016825692591051979,-0.00015816485920174697,inconclusive,BG00463,release,average_utilization
horizon_only_vs_baseline,10,0.012328767123287444,0.010362671232876278,0.014459246575342475,supported,0.006210527879295194,0.0043433103683722385,0.00804512029390968,supported,BG00464,release,average_utilization
reservation_only_vs_baseline,10,0.0022397260273973154,0.0001299657534247995,0.0043630136986301405,inconclusive,0.006040090891009394,0.004056716083573194,0.007893867386919641,supported,BG00464,release,average_utilization
both_flexible_vs_baseline,10,0.013267123287671179,0.010993150684931442,0.015370034246575326,supported,0.008315264628030524,0.006791975436207972,0.009761671415761364,supported,BG00464,release,average_utilization
both_flexible_vs_horizon_only,10,0.0009383561643837357,-0.0010071917808220513,0.0026234589041099713,inconclusive,0.002104736748735331,0.0006293792962107195,0.0036006348517018177,inconclusive,BG00464,release,average_utilization
both_flexible_vs_reservation_only,10,0.011027397260273863,0.009212157534246205,0.012691952054794772,supported,0.00227517373702113,0.00036572252539320346,0.003915882282092043,inconclusive,BG00464,release,average_utilization
reservation_only_vs_horizon_only,10,-0.010089041095890127,-0.011959075342465769,-0.007787499999999154,contradicted,-0.00017043698828579922,-0.0011114704280765642,0.0010104488287550758,inconclusive,BG00464,release,average_utilization
horizon_only_vs_baseline,10,0.0,0.0,0.0,inconclusive,0.0,0.0,0.0,inconclusive,BG00465,release,average_utilization
reservation_only_vs_baseline,10,0.001579908675798969,0.00012785388127860091,0.002949771689497543,inconclusive,0.023854717988237094,0.017261905278649813,0.030505172111996527,supported,BG00465,release,average_utilization
both_flexible_vs_baseline,10,0.0026757990867578908,0.0005568493150686854,0.004520547945205271,inconclusive,0.04216795825742248,0.03836300121946509,0.04571202646529184,supported,BG00465,release,average_utilization
both_flexible_vs_horizon_only,10,0.0026757990867578908,0.0005753424657538253,0.004511643835616427,inconclusive,0.04216795825742248,0.03825610358143936,0.04573552407465396,supported,BG00465,release,average_utilization
both_flexible_vs_reservation_only,10,0.0010958904109589218,-0.0009502283105020988,0.003251141552510946,inconclusive,0.018313240269185384,0.011208303241883922,0.025576719985494427,supported,BG00465,release,average_utilization
reservation_only_vs_horizon_only,10,0.001579908675798969,0.00010958904109609007,0.0029043378995433477,inconclusive,0.023854717988237094,0.017049946487617606,0.030393363744235593,supported,BG00465,release,average_utilization
horizon_only_vs_baseline,10,0.0020091324200913084,-0.0007764840182650958,0.004703424657534503,inconclusive,-0.0010062917442137497,-0.005437855237915274,0.004202245376983577,inconclusive,BG00466,release,average_utilization
reservation_only_vs_baseline,10,6.392694063932503e-05,-1.826484018262464e-05,0.00014611872146123056,inconclusive,-0.0012653321371163706,-0.0018087255141944116,-0.0007090086141512741,inconclusive,BG00466,release,average_utilization
both_flexible_vs_baseline,10,0.002922374429223595,7.305936073034035e-05,0.005671232876712162,inconclusive,-0.006050315826408403,-0.011385953055751097,-0.001356042661323006,contradicted,BG00466,release,average_utilization
both_flexible_vs_horizon_only,10,0.0009132420091322868,-0.001808447488584919,0.003762785388127656,inconclusive,-0.005044024082194653,-0.009163844796406466,-0.0009135414272699951,contradicted,BG00466,release,average_utilization
both_flexible_vs_reservation_only,10,0.0028584474885842703,2.7397260273783197e-05,0.00579931506849316,inconclusive,-0.004784983689292033,-0.009877294117219434,-0.00034788955892138854,inconclusive,BG00466,release,average_utilization
reservation_only_vs_horizon_only,10,-0.0019452054794519835,-0.004611872146118779,0.00087671232876735,inconclusive,-0.0002590403929026208,-0.005399652953205057,0.004172980980243723,inconclusive,BG00466,release,average_utilization
horizon_only_vs_baseline,10,0.041609589041096,0.038910958904109505,0.04369195205479447,supported,0.04062264609908003,0.03900579220046996,0.04219748273557742,supported,BG00467,release,average_utilization
reservation_only_vs_baseline,10,0.0020479452054797064,-0.0003561643835610151,0.004321917808219324,inconclusive,-0.0010390909596677434,-0.003241279952333767,0.0009160112656132404,inconclusive,BG00467,release,average_utilization
both_flexible_vs_baseline,10,0.041609589041096,0.038794520547945424,0.043719178082191563,supported,0.04062264609908003,0.03896955509479223,0.042153440693420786,supported,BG00467,release,average_utilization
both_flexible_vs_horizon_only,10,0.0,0.0,0.0,inconclusive,0.0,0.0,0.0,inconclusive,BG00467,release,average_utilization
both_flexible_vs_reservation_only,10,0.03956164383561629,0.03718493150684908,0.04192482876712317,supported,0.041661737058747775,0.04029604159677261,0.043016883176179015,supported,BG00467,release,average_utilization
reservation_only_vs_horizon_only,10,-0.03956164383561629,-0.041917979452054825,-0.03722602739725994,contradicted,-0.041661737058747775,-0.043002815775471666,-0.04020140693115234,contradicted,BG00467,release,average_utilization
horizon_only_vs_baseline,10,0.05490958904109523,0.05254246575342438,0.05703013698630063,supported,0.01940571752426073,0.01804785712293302,0.020641829284805402,supported,BG00468,release,average_utilization
reservation_only_vs_baseline,10,0.0015232876712323873,-0.0007623287671238047,0.0038795890410955255,inconclusive,0.0010750531065538082,0.00029561053827895946,0.0019599403598180823,inconclusive,BG00468,release,average_utilization
both_flexible_vs_baseline,10,0.056865753424656815,0.055090136986300366,0.05882739726027321,supported,0.01956938003600466,0.01852331528629767,0.02068399859945607,supported,BG00468,release,average_utilization
both_flexible_vs_horizon_only,10,0.0019561643835615873,0.00044931506849299366,0.0036658904109589455,inconclusive,0.00016366251174392555,-0.0009111272567420827,0.0013100576462345011,inconclusive,BG00468,release,average_utilization
both_flexible_vs_reservation_only,10,0.05534246575342443,0.053232602739726013,0.05763301369862973,supported,0.018494326929450848,0.017600581440855516,0.019327244611228412,supported,BG00468,release,average_utilization
reservation_only_vs_horizon_only,10,-0.053386301369862846,-0.055912465753424345,-0.05070123287671219,contradicted,-0.018330664417706925,-0.019514516286755625,-0.01711150937355014,contradicted,BG00468,release,average_utilization
horizon_only_vs_baseline,10,0.0,0.0,0.0,inconclusive,0.0,0.0,0.0,inconclusive,BG00469,release,average_utilization
reservation_only_vs_baseline,10,0.0014575342465751873,-0.0014795890410958705,0.0041865753424656735,inconclusive,0.0003408932138774023,-0.001797377175344114,0.0026746212972662735,inconclusive,BG00469,release,average_utilization
both_flexible_vs_baseline,10,0.0014575342465751873,-0.0016112328767123236,0.004011095890410714,inconclusive,0.0003408932138774023,-0.0017303314510325404,0.002570964734989581,inconclusive,BG00469,release,average_utilization
both_flexible_vs_horizon_only,10,0.0014575342465751873,-0.001490547945205675,0.004169863013698511,inconclusive,0.0003408932138774023,-0.0017606377316791845,0.002580509519942572,inconclusive,BG00469,release,average_utilization
both_flexible_vs_reservation_only,10,0.0,0.0,0.0,inconclusive,0.0,0.0,0.0,inconclusive,BG00469,release,average_utilization
reservation_only_vs_horizon_only,10,0.0014575342465751873,-0.001517945205479556,0.0040716438356164135,inconclusive,0.0003408932138774023,-0.001775759136103547,0.002537845223408702,inconclusive,BG00469,release,average_utilization
horizon_only_vs_baseline,10,0.0,0.0,0.0,inconclusive,0.0,0.0,0.0,inconclusive,BG00470,release,average_utilization
reservation_only_vs_baseline,10,0.000520547945205374,-0.0013219178082193978,0.0024729452054795733,inconclusive,0.0006756762177438814,-0.001833175311653007,0.0028233003046356955,inconclusive,BG00470,release,average_utilization
both_flexible_vs_baseline,10,0.0009041095890411244,-0.0006780821917806823,0.002876712328767006,inconclusive,0.0013502498481921977,-0.0009643732395778537,0.003761800284272679,inconclusive,BG00470,release,average_utilization
both_flexible_vs_horizon_only,10,0.0009041095890411244,-0.0006849315068490847,0.0029178082191780087,inconclusive,0.0013502498481921977,-0.001022118885755688,0.0036690391482029874,inconclusive,BG00470,release,average_utilization
both_flexible_vs_reservation_only,10,0.0003835616438357503,-0.0021164383561642856,0.002890410958904213,inconclusive,0.0006745736304483163,-0.0016291745772352053,0.003005060580222801,inconclusive,BG00470,release,average_utilization
reservation_only_vs_horizon_only,10,0.000520547945205374,-0.001219178082192008,0.0024794520547943536,inconclusive,0.0006756762177438814,-0.001841099626761996,0.0028295899340600294,inconclusive,BG00470,release,average_utilization
horizon_only_vs_baseline,10,0.0,0.0,0.0,inconclusive,0.0,0.0,0.0,inconclusive,BG00471,release,average_utilization
reservation_only_vs_baseline,10,0.010794520547944941,0.00883082191780798,0.012630365296803649,supported,-0.087440707564885,-0.09179782587411556,-0.08246463162049476,contradicted,BG00471,release,average_utilization
both_flexible_vs_baseline,10,0.01104109589041068,0.008301369863013573,0.013625799086757833,supported,-0.08864598949916754,-0.09351794201822515,-0.0843439665415328,contradicted,BG00471,release,average_utilization
both_flexible_vs_horizon_only,10,0.01104109589041068,0.008328310502282646,0.013580136986301308,supported,-0.08864598949916754,-0.09356961089617978,-0.08427953021229037,contradicted,BG00471,release,average_utilization
both_flexible_vs_reservation_only,10,0.00024657534246573797,-0.0011598173515982627,0.001652968036529513,inconclusive,-0.0012052819342825206,-0.0045248858177690055,0.0022579615980567653,inconclusive,BG00471,release,average_utilization
reservation_only_vs_horizon_only,10,0.010794520547944941,0.008940639269406232,0.012639269406392128,supported,-0.087440707564885,-0.0918683261942968,-0.08273111003982427,contradicted,BG00471,release,average_utilization
horizon_only_vs_baseline,10,0.09495890410958804,0.09276150684931347,0.09720547945205359,supported,0.03213327117336658,0.031064594357383988,0.033174490082461164,supported,BG00472,release,average_utilization
reservation_only_vs_baseline,10,0.009112328767123246,0.008849315068493154,0.009347945205479427,supported,9.12440059801678e-05,-4.9825732009092235e-05,0.00023256308052651306,inconclusive,BG00472,release,average_utilization
both_flexible_vs_baseline,10,0.09643287671232792,0.09404369863013597,0.0987616438356157,supported,0.03158306032239106,0.030078966077292178,0.03281878876575993,supported,BG00472,release,average_utilization
both_flexible_vs_horizon_only,10,0.0014739726027398702,-0.00019726027397200976,0.003194657534246467,inconclusive,-0.0005502108509755244,-0.0021643318920969196,0.001065775912179031,inconclusive,BG00472,release,average_utilization
both_flexible_vs_reservation_only,10,0.08732054794520468,0.0850464383561637,0.08947410958904022,supported,0.03149181631641089,0.030030302455515454,0.03275526680084431,supported,BG00472,release,average_utilization
reservation_only_vs_horizon_only,10,-0.0858465753424648,-0.08790136986301296,-0.08375328767123175,contradicted,-0.03204202716738642,-0.03315787041801008,-0.030968403905341165,contradicted,BG00472,release,average_utilization
horizon_only_vs_baseline,10,0.0,0.0,0.0,inconclusive,0.0,0.0,0.0,inconclusive,BG00473,release,average_utilization
reservation_only_vs_baseline,10,0.000993150684931543,-0.0030618150684932864,0.005541095890411025,inconclusive,-0.0010330434113594356,-0.0060580643191291824,0.004619566121295423,inconclusive,BG00473,release,average_utilization
both_flexible_vs_baseline,10,0.000993150684931543,-0.00308253424657537,0.005273972602740052,inconclusive,-0.0010330434113594356,-0.00608523423224885,0.004581256296797644,inconclusive,BG00473,release,average_utilization
both_flexible_vs_horizon_only,10,0.000993150684931543,-0.003013698630136963,0.005623287671232947,inconclusive,-0.0010330434113594356,-0.006013626785360585,0.004376037176684999,inconclusive,BG00473,release,average_utilization
both_flexible_vs_reservation_only,10,0.0,0.0,0.0,inconclusive,0.0,0.0,0.0,inconclusive,BG00473,release,average_utilization
reservation_only_vs_horizon_only,10,0.000993150684931543,-0.0030821917808219763,0.005390753424657699,inconclusive,-0.0010330434113594356,-0.006163374935781,0.004466660732714446,inconclusive,BG00473,release,average_utilization
horizon_only_vs_baseline,10,0.0010684931506846796,-0.0020958904109586486,0.004178082191780615,inconclusive,0.021618972148543348,0.012229603032923853,0.03150783974804911,supported,BG00474,release,average_utilization
reservation_only_vs_baseline,10,0.0,0.0,0.0,inconclusive,0.0,0.0,0.0,inconclusive,BG00474,release,average_utilization
both_flexible_vs_baseline,10,0.0010684931506846796,-0.0019866438356165475,0.0042465753424652366,inconclusive,0.021618972148543348,0.01218511251333101,0.03168191144951062,supported,BG00474,release,average_utilization
both_flexible_vs_horizon_only,10,0.0,0.0,0.0,inconclusive,0.0,0.0,0.0,inconclusive,BG00474,release,average_utilization
both_flexible_vs_reservation_only,10,0.0010684931506846796,-0.0020547945205481376,0.004233219178081705,inconclusive,0.021618972148543348,0.01240765398221039,0.03157182195171179,supported,BG00474,release,average_utilization
reservation_only_vs_horizon_only,10,-0.0010684931506846796,-0.004191780821917315,0.0020273972602742794,inconclusive,-0.021618972148543348,-0.031818239408483405,-0.01206662922718222,contradicted,BG00474,release,average_utilization
horizon_only_vs_baseline,10,0.0,0.0,0.0,inconclusive,0.0,0.0,0.0,inconclusive,BG00475,release,average_utilization
reservation_only_vs_baseline,10,0.004639269406392488,0.0024015981735157122,0.006922374429223116,inconclusive,0.040778031805414915,0.03756732025674149,0.043842112727961895,supported,BG00475,release,average_utilization
both_flexible_vs_baseline,10,0.005488584474885849,0.0036347031963471126,0.00715981735159813,supported,0.03535780166308293,0.030997563162247263,0.03955600306814625,supported,BG00475,release,average_utilization
both_flexible_vs_horizon_only,10,0.005488584474885849,0.0037347031963470595,0.00713264840182643,supported,0.03535780166308293,0.031079379051835363,0.03937158253186937,supported,BG00475,release,average_utilization
both_flexible_vs_reservation_only,10,0.0008493150684933615,-0.0005114155251140339,0.002146347031963712,inconclusive,-0.005420230142331983,-0.0098330886065347,-0.0012493873517600092,contradicted,BG00475,release,average_utilization
reservation_only_vs_horizon_only,10,0.004639269406392488,0.0023924657534246715,0.006940639269406446,inconclusive,0.040778031805414915,0.037390863126831,0.04379737787168146,supported,BG00475,release,average_utilization
horizon_only_vs_baseline,10,0.0019452054794520945,-0.0015208904109590238,0.005260273972602847,inconclusive,0.000747188751792216,-0.004882225427605,0.006711941008833349,inconclusive,BG00476,release,average_utilization
reservation_only_vs_baseline,10,0.0,0.0,0.0,inconclusive,0.0,0.0,0.0,inconclusive,BG00476,release,average_utilization
both_flexible_vs_baseline,10,0.002054794520548198,-0.0015482876712326508,0.005589041095890481,inconclusive,-0.0017156348436374812,-0.007435409164536826,0.003803559604985994,inconclusive,BG00476,release,average_utilization
both_flexible_vs_horizon_only,10,0.00010958904109610312,-0.0020414383561640926,0.001917808219178374,inconclusive,-0.002462823595429697,-0.006713194193668259,0.001723915919972628,inconclusive,BG00476,release,average_utilization
both_flexible_vs_reservation_only,10,0.002054794520548198,-0.001410958904109295,0.005575342465753425,inconclusive,-0.0017156348436374812,-0.007190949590748908,0.0037482752007217163,inconclusive,BG00476,release,average_utilization
reservation_only_vs_horizon_only,10,-0.0019452054794520945,-0.0052465753424657795,0.0015616438356161897,inconclusive,-0.000747188751792216,-0.00642735697394808,0.004645822649073884,inconclusive,BG00476,release,average_utilization
horizon_only_vs_baseline,10,0.0,0.0,0.0,inconclusive,0.0,0.0,0.0,inconclusive,BG00477,release,average_utilization
reservation_only_vs_baseline,10,0.006940639269406479,0.0010041095890412986,0.012037214611872191,supported,-0.007215511497970062,-0.008542613027198323,-0.005711111951403722,contradicted,BG00477,release,average_utilization
both_flexible_vs_baseline,10,0.006940639269406479,0.0008942922374431438,0.012310502283104752,supported,-0.007215511497970062,-0.00855214319880863,-0.0056487356056744336,contradicted,BG00477,release,average_utilization
both_flexible_vs_horizon_only,10,0.006940639269406479,0.0009497716894979686,0.012036529680365352,supported,-0.007215511497970062,-0.008586272783288698,-0.0057369330174354355,contradicted,BG00477,release,average_utilization
both_flexible_vs_reservation_only,10,0.0,0.0,0.0,inconclusive,0.0,0.0,0.0,inconclusive,BG00477,release,average_utilization
reservation_only_vs_horizon_only,10,0.006940639269406479,0.0008397260273976153,0.012127853881278149,supported,-0.007215511497970062,-0.008527496843151242,-0.0057121529715762785,contradicted,BG00477,release,average_utilization
horizon_only_vs_baseline,10,0.0,0.0,0.0,inconclusive,0.0,0.0,0.0,inconclusive,BG00478,release,average_utilization
reservation_only_vs_baseline,10,0.0035205479452055655,-0.0005753424657535167,0.008109589041096038,inconclusive,0.005839093064678447,0.000387123130493505,0.012332669213986092,supported,BG00478,release,average_utilization
both_flexible_vs_baseline,10,0.0035205479452055655,-0.00042465753424652196,0.008123287671233192,inconclusive,0.005839093064678447,0.000452665334424656,0.01236673720439231,supported,BG00478,release,average_utilization
both_flexible_vs_horizon_only,10,0.0035205479452055655,-0.00038390410958917727,0.00828801369863044,inconclusive,0.005839093064678447,0.0002344719332379721,0.012450312606733948,supported,BG00478,release,average_utilization
both_flexible_vs_reservation_only,10,0.0,0.0,0.0,inconclusive,0.0,0.0,0.0,inconclusive,BG00478,release,average_utilization
reservation_only_vs_horizon_only,10,0.0035205479452055655,-0.00035650684931533326,0.008014041095890701,inconclusive,0.005839093064678447,0.00020522079386732349,0.012262575250906255,supported,BG00478,release,average_utilization
horizon_only_vs_baseline,10,0.000520547945205252,-0.0022468036529679873,0.0035707762557074195,inconclusive,0.00422440051636398,-0.001616185934865913,0.009645812902807915,inconclusive,BG00479,release,average_utilization
reservation_only_vs_baseline,10,0.012940639269406085,0.00978949771689458,0.01591780821917783,supported,0.05909697631382162,0.053102488322240175,0.0651918354835148,supported,BG00479,release,average_utilization
both_flexible_vs_baseline,10,0.01342465753424622,0.010566210045661857,0.016100684931506435,supported,0.05353808670651332,0.04565687259775962,0.06088413539273554,supported,BG00479,release,average_utilization
both_flexible_vs_horizon_only,10,0.01290410958904097,0.01050228310502287,0.015479452054794087,supported,0.04931368619014934,0.04619978349172309,0.05282977076816861,supported,BG00479,release,average_utilization
both_flexible_vs_reservation_only,10,0.0004840182648401359,-0.0017808219178081807,0.002520776255707662,inconclusive,-0.005558889607308293,-0.008967649461821103,-0.0021600688322090267,contradicted,BG00479,release,average_utilization
reservation_only_vs_horizon_only,10,0.012420091324200832,0.00969863013698623,0.015059589041095976,supported,0.054872575797457634,0.051741386128828205,0.05827392441964131,supported,BG00479,release,average_utilization
horizon_only_vs_baseline,10,0.0,0.0,0.0,inconclusive,0.0,0.0,0.0,inconclusive,BG00480,release,average_utilization
reservation_only_vs_baseline,10,0.001578082191780672,-0.002679452054794929,0.005742602739726134,inconclusive,0.0010130654184758337,-0.0020758113769141686,0.004300971089028057,inconclusive,BG00480,release,average_utilization
both_flexible_vs_baseline,10,0.001578082191780672,-0.0025100000000004923,0.005573013698630518,inconclusive,0.0010130654184758337,-0.0020987824097007833,0.00436456101379793,inconclusive,BG00480,release,average_utilization
both_flexible_vs_horizon_only,10,0.001578082191780672,-0.002504109589041406,0.005660273972602683,inconclusive,0.0010130654184758337,-0.002142309150002855,0.004331295433785125,inconclusive,BG00480,release,average_utilization
both_flexible_vs_reservation_only,10,0.0,0.0,0.0,inconclusive,0.0,0.0,0.0,inconclusive,BG00480,release,average_utilization
reservation_only_vs_horizon_only,10,0.001578082191780672,-0.0024495890410962283,0.005731780821917967,inconclusive,0.0010130654184758337,-0.001970611850798639,0.00428285456613197,inconclusive,BG00480,release,average_utilization
horizon_only_vs_baseline,10,0.0,0.0,0.0,inconclusive,0.0,0.0,0.0,inconclusive,BG00481,release,average_utilization
reservation_only_vs_baseline,10,0.0020913242009132694,-0.00021004566210036657,0.005260502283104976,inconclusive,-0.0012037207454880573,-0.002661343663391399,-8.852806862601481e-05,inconclusive,BG00481,release,average_utilization
both_flexible_vs_baseline,10,0.0020913242009132694,-0.00018287671232860477,0.005086757990867431,inconclusive,-0.0012037207454880573,-0.002603592026613731,-4.003402948236549e-05,inconclusive,BG00481,release,average_utilization
both_flexible_vs_horizon_only,10,0.0020913242009132694,-0.0002557077625569448,0.005178310502282938,inconclusive,-0.0012037207454880573,-0.0025884419874540273,-5.785730189454411e-05,inconclusive,BG00481,release,average_utilization
both_flexible_vs_reservation_only,10,0.0,0.0,0.0,inconclusive,0.0,0.0,0.0,inconclusive,BG00481,release,average_utilization
reservation_only_vs_horizon_only,10,0.0020913242009132694,-0.00028333333333323236,0.005041324200913149,inconclusive,-0.0012037207454880573,-0.0026936862373056797,-5.135988739064512e-05,inconclusive,BG00481,release,average_utilization
horizon_only_vs_baseline,10,0.0,0.0,0.0,inconclusive,0.0,0.0,0.0,inconclusive,BG00482,release,average_utilization
reservation_only_vs_baseline,10,0.0007305936073059627,0.0,0.002191780821917888,inconclusive,-4.897319558223589e-05,-0.0001469195867467077,0.0,inconclusive,BG00482,release,average_utilization
both_flexible_vs_baseline,10,0.0009497716894977471,-1.826484018265795e-05,0.002319634703196449,inconclusive,-7.790553897828456e-05,-0.00036947290542944656,0.00014371099541989895,inconclusive,BG00482,release,average_utilization
both_flexible_vs_horizon_only,10,0.0009497716894977471,-1.826484018265795e-05,0.0023287671232877782,inconclusive,-7.790553897828456e-05,-0.00036947290542944656,0.00014371099541989895,inconclusive,BG00482,release,average_utilization
both_flexible_vs_reservation_only,10,0.00021917808219178435,-0.0005570776255708676,0.0012237442922375496,inconclusive,-2.8932343396048664e-05,-0.00036947290542944656,0.00029063058216660664,inconclusive,BG00482,release,average_utilization
reservation_only_vs_horizon_only,10,0.0007305936073059627,0.0,0.002191780821917888,inconclusive,-4.897319558223589e-05,-0.0001469195867467077,0.0,inconclusive,BG00482,release,average_utilization
horizon_only_vs_baseline,10,0.0,0.0,0.0,inconclusive,0.0,0.0,0.0,inconclusive,BG00483,release,average_utilization
reservation_only_vs_baseline,10,0.0,0.0,0.0,inconclusive,0.0,0.0,0.0,inconclusive,BG00483,release,average_utilization
both_flexible_vs_baseline,10,0.0,0.0,0.0,inconclusive,0.0,0.0,0.0,inconclusive,BG00483,release,average_utilization
both_flexible_vs_horizon_only,10,0.0,0.0,0.0,inconclusive,0.0,0.0,0.0,inconclusive,BG00483,release,average_utilization
both_flexible_vs_reservation_only,10,0.0,0.0,0.0,inconclusive,0.0,0.0,0.0,inconclusive,BG00483,release,average_utilization
reservation_only_vs_horizon_only,10,0.0,0.0,0.0,inconclusive,0.0,0.0,0.0,inconclusive,BG00483,release,average_utilization
horizon_only_vs_baseline,10,0.02992694063926845,0.028018264840181897,0.032045662100455695,supported,0.012509378772587332,0.009555395680898453,0.015936693707124167,supported,BG00484,release,average_utilization
reservation_only_vs_baseline,10,0.030611872146117835,0.02824634703196266,0.03292260273972509,supported,0.3387655949645442,0.33474351918995043,0.3425904562368621,supported,BG00484,release,average_utilization
both_flexible_vs_baseline,10,0.03126027397260174,0.02941529680365188,0.033077625570775114,supported,0.29985728831320235,0.2958315167922829,0.3035510049336524,supported,BG00484,release,average_utilization
both_flexible_vs_horizon_only,10,0.0013333333333332865,-4.566210045666902e-05,0.00294086757990888,inconclusive,0.287347909540615,0.2836472039318967,0.291005043441083,supported,BG00484,release,average_utilization
both_flexible_vs_reservation_only,10,0.000648401826483902,-0.0003105022831052298,0.0016347031963469985,inconclusive,-0.03890830665134194,-0.04442943298619614,-0.03347536469777366,contradicted,BG00484,release,average_utilization
reservation_only_vs_horizon_only,10,0.0006849315068493845,-0.0010319634703196035,0.002484018264840317,inconclusive,0.326256216191957,0.3208736001086299,0.33160452692942793,supported,BG00484,release,average_utilization
horizon_only_vs_baseline,10,0.02884018264840076,0.02648356164383453,0.030950228310501267,supported,0.009515555187068892,0.007765431958946556,0.011192390723718013,supported,BG00485,release,average_utilization
reservation_only_vs_baseline,10,0.008474885844748748,0.006008904109589073,0.010748858447488241,supported,0.09506588920534734,0.09262653162687182,0.09750861546793084,supported,BG00485,release,average_utilization
both_flexible_vs_baseline,10,0.029050228310501323,0.02653881278538719,0.03128767123287558,supported,0.08661167816583085,0.08456277925153226,0.08868356497496517,supported,BG00485,release,average_utilization
both_flexible_vs_horizon_only,10,0.00021004566210056642,-0.00042009132420076724,0.0007762557077626858,inconclusive,0.07709612297876194,0.07558995929880787,0.07855185644538586,supported,BG00485,release,average_utilization
both_flexible_vs_reservation_only,10,0.02057534246575258,0.018602739726026652,0.02249315068493064,supported,-0.008454211039516513,-0.011627475312602128,-0.00522500856254945,contradicted,BG00485,release,average_utilization
reservation_only_vs_horizon_only,10,-0.02036529680365201,-0.022073059360729473,-0.018584246575341676,contradicted,0.08555033401827845,0.08254175000364815,0.08807959396529132,supported,BG00485,release,average_utilization
horizon_only_vs_baseline,10,0.0307123287671223,0.029077625570775464,0.032192009132419194,supported,0.009321859864976894,0.006977719757031353,0.011763331667705523,supported,BG00486,release,average_utilization
reservation_only_vs_baseline,10,0.003324200913241937,0.0014246575342465755,0.005223744292237155,inconclusive,-0.0028440746960882502,-0.006047614786358498,-0.00013976673634504835,inconclusive,BG00486,release,average_utilization
both_flexible_vs_baseline,10,0.0307123287671223,0.029105022831049522,0.03213698630136881,supported,0.009321859864976894,0.0070114815016991535,0.011766671309714833,supported,BG00486,release,average_utilization
both_flexible_vs_horizon_only,10,0.0,0.0,0.0,inconclusive,0.0,0.0,0.0,inconclusive,BG00486,release,average_utilization
both_flexible_vs_reservation_only,10,0.02738812785388036,0.025451598173515094,0.02919634703196259,supported,0.012165934561065146,0.010136673928453377,0.014455719834502249,supported,BG00486,release,average_utilization
reservation_only_vs_horizon_only,10,-0.02738812785388036,-0.029196347031962645,-0.025470319634702355,contradicted,-0.012165934561065146,-0.01442271325531575,-0.010201451715946074,contradicted,BG00486,release,average_utilization
horizon_only_vs_baseline,10,0.002082191780821652,-0.0017948630136988806,0.006027739726027264,inconclusive,-0.0002682750118288446,-0.007365300827905473,0.007143054232932381,inconclusive,BG00487,release,average_utilization
reservation_only_vs_baseline,10,0.0009041095890410467,-0.0020277397260276657,0.004205479452054861,inconclusive,-0.007454864600482403,-0.015457525456650602,0.0006630375801270022,inconclusive,BG00487,release,average_utilization
both_flexible_vs_baseline,10,0.002095890410958745,-0.0015616438356164358,0.006054794520547672,inconclusive,0.00027995518821051225,-0.007124340850033882,0.008181642323401572,inconclusive,BG00487,release,average_utilization
both_flexible_vs_horizon_only,10,1.3698630137093382e-05,-0.0027534246575341985,0.002945205479452074,inconclusive,0.0005482302000393569,-0.004797757302534864,0.005309096563450122,inconclusive,BG00487,release,average_utilization
both_flexible_vs_reservation_only,10,0.0011917808219176983,-0.003794863013698846,0.005507191780821724,inconclusive,0.007734819788692915,-0.001172408768300221,0.016661024343777656,inconclusive,BG00487,release,average_utilization
reservation_only_vs_horizon_only,10,-0.001178082191780605,-0.0047260273972599695,0.002630136986301614,inconclusive,-0.007186589588653558,-0.01393734307899971,-0.00012243440977026735,contradicted,BG00487,release,average_utilization
horizon_only_vs_baseline,10,0.0013561643835614534,-0.001287671232877121,0.004513698630136633,inconclusive,0.0010380477612070727,-0.0014340391466699585,0.0035778414911749887,inconclusive,BG00488,release,average_utilization
reservation_only_vs_baseline,10,0.0,0.0,0.0,inconclusive,0.0,0.0,0.0,inconclusive,BG00488,release,average_utilization
both_flexible_vs_baseline,10,0.002267123287670969,0.0006642123287667282,0.003952226027397148,inconclusive,0.003655638278995976,0.0014603472062495744,0.005772969924837309,inconclusive,BG00488,release,average_utilization
both_flexible_vs_horizon_only,10,0.0009109589041095157,-0.0008698630136988064,0.002376712328767039,inconclusive,0.0026175905177889037,0.0005485459298668499,0.004476545891611632,inconclusive,BG00488,release,average_utilization
both_flexible_vs_reservation_only,10,0.002267123287670969,0.0006232876712325636,0.003972602739725544,inconclusive,0.003655638278995976,0.0015414833042307462,0.005800858240074413,inconclusive,BG00488,release,average_utilization
reservation_only_vs_horizon_only,10,-0.0013561643835614534,-0.00439058219178031,0.001219691780822121,inconclusive,-0.0010380477612070727,-0.00346446278455671,0.0014563814113065733,inconclusive,BG00488,release,average_utilization
horizon_only_vs_baseline,10,0.028158904109588767,0.025698493150684468,0.03050424657534229,supported,0.030412195609051458,0.02783942188095302,0.03296500266228269,supported,BG00489,release,average_utilization
reservation_only_vs_baseline,10,0.04689315068493062,0.04527657534246497,0.0484879452054785,supported,0.24684030541275087,0.24535691347577335,0.24807887295848663,supported,BG00489,release,average_utilization
both_flexible_vs_baseline,10,0.04738630136986246,0.04526575342465676,0.04936986301369829,supported,0.24388959623619208,0.24202275556597208,0.2460420218847846,supported,BG00489,release,average_utilization
both_flexible_vs_horizon_only,10,0.01922739726027369,0.01789027397260217,0.020438493150684595,supported,0.21347740062714063,0.21178717987324558,0.215041121514723,supported,BG00489,release,average_utilization
both_flexible_vs_reservation_only,10,0.0004931506849318423,-0.0011342465753421572,0.0024383561643839284,inconclusive,-0.0029507091765587413,-0.004072536329600505,-0.0012572062038060125,inconclusive,BG00489,release,average_utilization
reservation_only_vs_horizon_only,10,0.01873424657534185,0.016745205479451228,0.02063561643835581,supported,0.2164281098036994,0.21473535719260692,0.21801612297427098,supported,BG00489,release,average_utilization
horizon_only_vs_baseline,10,0.0034246575342465114,-0.0006989726027398668,0.0072465753424656235,inconclusive,-0.011288033280635806,-0.014868720979102122,-0.008008311070902633,contradicted,BG00490,release,average_utilization
reservation_only_vs_baseline,10,0.002369863013698703,-0.0012195205479451608,0.0056715753424659236,inconclusive,0.0013215129697205564,-0.0009615782969865544,0.004611397469107143,inconclusive,BG00490,release,average_utilization
both_flexible_vs_baseline,10,0.004657534246575246,0.0002876712328765732,0.009410958904109448,inconclusive,-0.01549636548984129,-0.019888825539889243,-0.011033748293269249,contradicted,BG00490,release,average_utilization
both_flexible_vs_horizon_only,10,0.0012328767123287343,-0.002027739726027412,0.0045753424657533305,inconclusive,-0.004208332209205484,-0.0065420699441288985,-0.0017254205429534763,inconclusive,BG00490,release,average_utilization
both_flexible_vs_reservation_only,10,0.0022876712328765425,-0.0018633561643839976,0.006877054794520161,inconclusive,-0.01681787845956185,-0.021070878893277738,-0.011891798113318893,contradicted,BG00490,release,average_utilization
reservation_only_vs_horizon_only,10,-0.0010547945205478082,-0.005809589041095846,0.003506849315068761,inconclusive,0.012609546250356363,0.00837331509041843,0.016824677001086762,supported,BG00490,release,average_utilization
horizon_only_vs_baseline,10,0.0,0.0,0.0,inconclusive,0.0,0.0,0.0,inconclusive,BG00491,release,average_utilization
reservation_only_vs_baseline,10,0.0026958904109590344,-0.00017027397260261103,0.005852191780822213,inconclusive,-0.002815033470802031,-0.004906220347845399,-0.000507416078035031,inconclusive,BG00491,release,average_utilization
both_flexible_vs_baseline,10,0.0026958904109590344,-0.00023575342465735472,0.005709863013698901,inconclusive,-0.002815033470802031,-0.004948413858367445,-0.0005904752568161595,inconclusive,BG00491,release,average_utilization
both_flexible_vs_horizon_only,10,0.0026958904109590344,-0.00023561643835606855,0.005753698630137079,inconclusive,-0.002815033470802031,-0.004904669741472353,-0.0006004388437308126,inconclusive,BG00491,release,average_utilization
both_flexible_vs_reservation_only,10,0.0,0.0,0.0,inconclusive,0.0,0.0,0.0,inconclusive,BG00491,release,average_utilization
reservation_only_vs_horizon_only,10,0.0026958904109590344,-0.00019739726027392986,0.005857671232876966,inconclusive,-0.002815033470802031,-0.00497589346712096,-0.0006525476494208392,inconclusive,BG00491,release,average_utilization
horizon_only_vs_baseline,10,0.0018904109589041318,0.0005751141552512515,0.003406621004566475,inconclusive,2.4066404952582944e-05,-0.0025410313720064526,0.003106663407520177,inconclusive,BG00492,release,average_utilization
reservation_only_vs_baseline,10,0.0008584474885844684,-0.0014431506849314673,0.0030045662100456117,inconclusive,-0.0005450161815281796,-0.0038591456467794837,0.002928834810879854,inconclusive,BG00492,release,average_utilization
both_flexible_vs_baseline,10,0.003789954337899415,0.0018995433789954267,0.005945205479451922,inconclusive,0.0017014661250328688,-0.002081176081299152,0.005338557004738943,inconclusive,BG00492,release,average_utilization
both_flexible_vs_horizon_only,10,0.0018995433789952831,-1.6736612096224206e-16,0.003853881278538586,inconclusive,0.001677399720080286,-0.0011900927878357268,0.004702166961398102,inconclusive,BG00492,release,average_utilization
both_flexible_vs_reservation_only,10,0.0029315068493149465,0.0005203196347031239,0.005397716894977194,inconclusive,0.0022464823065610484,-5.947435179349671e-05,0.004622240639858518,inconclusive,BG00492,release,average_utilization
reservation_only_vs_horizon_only,10,-0.0010319634703196633,-0.0031783105022830773,0.0010139269406391847,inconclusive,-0.0005690825864807624,-0.002996831766107211,0.0019305815085291084,inconclusive,BG00492,release,average_utilization
horizon_only_vs_baseline,10,0.009342465753423878,0.006958904109588149,0.011589041095889553,supported,-0.0069410019877445325,-0.009042402720782241,-0.004916537769852879,contradicted,BG00493,release,average_utilization
reservation_only_vs_baseline,10,0.024917808219177152,0.021794520547944226,0.028178082191779873,supported,-0.05071436754978824,-0.05261958950464283,-0.048815354676209066,contradicted,BG00493,release,average_utilization
both_flexible_vs_baseline,10,0.024917808219177152,0.02158904109588969,0.028151027397259387,supported,-0.05071436754978824,-0.052625229880571195,-0.04892458510897545,contradicted,BG00493,release,average_utilization
both_flexible_vs_horizon_only,10,0.015575342465753272,0.012205136986301173,0.018781164383561286,supported,-0.04377336556204371,-0.046254987084408616,-0.04152389150989503,contradicted,BG00493,release,average_utilization
both_flexible_vs_reservation_only,10,0.0,0.0,0.0,inconclusive,0.0,0.0,0.0,inconclusive,BG00493,release,average_utilization
reservation_only_vs_horizon_only,10,0.015575342465753272,0.012150684931506952,0.01880856164383527,supported,-0.04377336556204371,-0.04613666505469162,-0.0414802813410743,contradicted,BG00493,release,average_utilization
horizon_only_vs_baseline,10,0.0003378995433789833,-0.002264840182648643,0.0030689497716897733,inconclusive,0.0013435937677007347,-0.00030197586277601866,0.0033275346636605727,inconclusive,BG00494,release,average_utilization
reservation_only_vs_baseline,10,0.0026392694063924194,-0.0006212328767128575,0.005945433789954203,inconclusive,0.10702614067137026,0.10382533523924592,0.11053084924471282,supported,BG00494,release,average_utilization
both_flexible_vs_baseline,10,0.0026392694063924194,-0.0006034246575345551,0.005981735159816996,inconclusive,0.10702614067137026,0.10383654410062289,0.11072572120192226,supported,BG00494,release,average_utilization
both_flexible_vs_horizon_only,10,0.002301369863013436,-0.0012328767123291498,0.006146575342465774,inconclusive,0.10568254690366952,0.10272374104663454,0.10884867024955379,supported,BG00494,release,average_utilization
both_flexible_vs_reservation_only,10,0.0,0.0,0.0,inconclusive,0.0,0.0,0.0,inconclusive,BG00494,release,average_utilization
reservation_only_vs_horizon_only,10,0.002301369863013436,-0.0012787671232880788,0.00610958904109576,inconclusive,0.10568254690366952,0.10272787733579031,0.10885197815630132,supported,BG00494,release,average_utilization
horizon_only_vs_baseline,10,0.0,0.0,0.0,inconclusive,0.0,0.0,0.0,inconclusive,BG00495,release,average_utilization
reservation_only_vs_baseline,10,0.002465753424657169,-0.0001868493150690024,0.004854931506848936,inconclusive,0.040451581635624,0.03543504867778782,0.04541863940888918,supported,BG00495,release,average_utilization
both_flexible_vs_baseline,10,0.0027561643835617433,0.0004876712328768809,0.005200136986301581,inconclusive,0.052642093821960376,0.049916401111834784,0.05532238338313919,supported,BG00495,release,average_utilization
both_flexible_vs_horizon_only,10,0.0027561643835617433,0.0004986301369863883,0.005189178082191927,inconclusive,0.052642093821960376,0.049839438323053334,0.05531521760692054,supported,BG00495,release,average_utilization
both_flexible_vs_reservation_only,10,0.00029041095890457446,-0.00206589041095862,0.0023671232876716596,inconclusive,0.012190512186336377,0.007879426203506415,0.016390084300498247,supported,BG00495,release,average_utilization
reservation_only_vs_horizon_only,10,0.002465753424657169,-0.00021369863013728451,0.004876986301369617,inconclusive,0.040451581635624,0.03532084245079137,0.04563179476763728,supported,BG00495,release,average_utilization
horizon_only_vs_baseline,10,0.0,0.0,0.0,inconclusive,0.0,0.0,0.0,inconclusive,BG00496,release,average_utilization
reservation_only_vs_baseline,10,0.0011643835616438557,0.0003424657534246367,0.002123630136986375,inconclusive,0.001639940509636284,-0.0007055077054757275,0.004300764919306967,inconclusive,BG00496,release,average_utilization
both_flexible_vs_baseline,10,0.0011643835616438557,0.0002465753424658046,0.002136986301369925,inconclusive,0.001639940509636284,-0.0007055077054757275,0.004432690890013502,inconclusive,BG00496,release,average_utilization
both_flexible_vs_horizon_only,10,0.0011643835616438557,0.0002465753424658046,0.0021236301369863763,inconclusive,0.001639940509636284,-0.0007055077054757275,0.00456908686054568,inconclusive,BG00496,release,average_utilization
both_flexible_vs_reservation_only,10,0.0,0.0,0.0,inconclusive,0.0,0.0,0.0,inconclusive,BG00496,release,average_utilization
reservation_only_vs_horizon_only,10,0.0011643835616438557,0.0002465753424658046,0.0021232876712328984,inconclusive,0.001639940509636284,-0.0007055077054757275,0.004443968260387177,inconclusive,BG00496,release,average_utilization
horizon_only_vs_baseline,10,0.0008767123287667155,-0.0015479452054795958,0.003260273972602205,inconclusive,0.0033608348978957257,-0.0029032693682332755,0.008738961945605531,inconclusive,BG00497,release,average_utilization
reservation_only_vs_baseline,10,0.001246575342465528,-0.002041438356164453,0.004370547945205165,inconclusive,0.0044688010319454685,-0.002941272931920309,0.01204967169243825,inconclusive,BG00497,release,average_utilization
both_flexible_vs_baseline,10,0.001246575342465528,-0.0020000000000000603,0.004438698630136577,inconclusive,0.0044688010319454685,-0.003007324457489938,0.011983148501876558,inconclusive,BG00497,release,average_utilization
both_flexible_vs_horizon_only,10,0.0003698630136988124,-0.002904452054794587,0.003164726027397409,inconclusive,0.0011079661340497426,-0.00550726892607773,0.00778446989007693,inconclusive,BG00497,release,average_utilization
both_flexible_vs_reservation_only,10,0.0,0.0,0.0,inconclusive,0.0,0.0,0.0,inconclusive,BG00497,release,average_utilization
reservation_only_vs_horizon_only,10,0.0003698630136988124,-0.0028082191780818056,0.003219520547945315,inconclusive,0.0011079661340497426,-0.005489557632297474,0.008237839095162762,inconclusive,BG00497,release,average_utilization
horizon_only_vs_baseline,10,0.0011712328767120917,-0.0005410958904115137,0.002958904109588823,inconclusive,-0.015429757903140722,-0.0183406722253996,-0.012838579913211566,contradicted,BG00498,release,average_utilization
reservation_only_vs_baseline,10,0.0,0.0,0.0,inconclusive,0.0,0.0,0.0,inconclusive,BG00498,release,average_utilization
both_flexible_vs_baseline,10,0.0011712328767120917,-0.000595890410959343,0.00295907534246574,inconclusive,-0.015429757903140722,-0.018380096058204672,-0.012766499244904882,contradicted,BG00498,release,average_utilization
both_flexible_vs_horizon_only,10,0.0,0.0,0.0,inconclusive,0.0,0.0,0.0,inconclusive,BG00498,release,average_utilization
both_flexible_vs_reservation_only,10,0.0011712328767120917,-0.0005890410958906983,0.0029452054794517624,inconclusive,-0.015429757903140722,-0.018427393529579214,-0.012737240577027535,contradicted,BG00498,release,average_utilization
reservation_only_vs_horizon_only,10,-0.0011712328767120917,-0.0029179794520547606,0.0005344178082198451,inconclusive,0.015429757903140722,0.012699338225163975,0.018351288734643367,supported,BG00498,release,average_utilization
horizon_only_vs_baseline,10,0.0,0.0,0.0,inconclusive,0.0,0.0,0.0,inconclusive,BG00499,release,average_utilization
reservation_only_vs_baseline,10,0.0036273972602740567,0.0003506849315069716,0.008235753424657601,inconclusive,0.0001355351886197509,-0.0012018212484429793,0.0014915999608995031,inconclusive,BG00499,release,average_utilization
both_flexible_vs_baseline,10,0.0036273972602740567,0.0003450684931506912,0.00802780821917829,inconclusive,0.0001355351886197509,-0.001134266793267574,0.0014530297816246398,inconclusive,BG00499,release,average_utilization
both_flexible_vs_horizon_only,10,0.0036273972602740567,0.00038328767123289956,0.008147945205479297,inconclusive,0.0001355351886197509,-0.0011710295883997955,0.001473351858046337,inconclusive,BG00499,release,average_utilization
both_flexible_vs_reservation_only,10,0.0,0.0,0.0,inconclusive,0.0,0.0,0.0,inconclusive,BG00499,release,average_utilization
reservation_only_vs_horizon_only,10,0.0036273972602740567,0.00038890410958907694,0.008148219178082209,inconclusive,0.0001355351886197509,-0.0012317139545806087,0.0014487115346841634,inconclusive,BG00499,release,average_utilization
horizon_only_vs_baseline,10,0.004027397260273879,-9.589041095916683e-05,0.008027397260273942,inconclusive,-0.0006782849413564552,-0.0030473197972123154,0.001796939643255294,inconclusive,BG00500,release,average_utilization
reservation_only_vs_baseline,10,0.005493150684931669,0.0005339041095890749,0.009863013698630275,supported,5.871850947306578e-05,-0.004423097108614904,0.004667842318052941,inconclusive,BG00500,release,average_utilization
both_flexible_vs_baseline,10,0.005630136986301393,0.0005479452054791056,0.010781164383562067,supported,0.0016506341002106128,-0.0029316907375887807,0.005795684919025217,inconclusive,BG00500,release,average_utilization
both_flexible_vs_horizon_only,10,0.0016027397260275134,-0.0037534246575341886,0.008041438356164797,inconclusive,0.002328919041567068,-0.0016383309715821152,0.005799516920793161,inconclusive,BG00500,release,average_utilization
both_flexible_vs_reservation_only,10,0.00013698630136972368,-0.004671232876712466,0.005205821917808277,inconclusive,0.0015919155907375472,-0.004511462228887226,0.00736983126287309,inconclusive,BG00500,release,average_utilization
reservation_only_vs_horizon_only,10,0.0014657534246577896,-0.002014041095890239,0.004794520547945296,inconclusive,0.0007370034508295209,-0.004630948600656459,0.005812485338955008,inconclusive,BG00500,release,average_utilization
horizon_only_vs_baseline,10,0.0042739726027398615,0.001999771689497892,0.006319634703196411,inconclusive,-0.007316789898496534,-0.009275806654118696,-0.0052721306727125635,contradicted,BG00501,release,average_utilization
reservation_only_vs_baseline,10,0.0022009132420093835,0.0002737442922378834,0.0038995433789954653,inconclusive,0.0004059864313782191,-0.001635819959321384,0.002758666178614048,inconclusive,BG00501,release,average_utilization
both_flexible_vs_baseline,10,0.004484018264840206,0.0021643835616440674,0.006584474885844639,inconclusive,-0.007071761500817742,-0.009599634623693674,-0.0046729903587723306,contradicted,BG00501,release,average_utilization
both_flexible_vs_horizon_only,10,0.00021004566210034437,-0.00020091324200925963,0.0007308219178081435,inconclusive,0.00024502839767879256,-0.0007199749372917311,0.0014292524100630506,inconclusive,BG00501,release,average_utilization
both_flexible_vs_reservation_only,10,0.0022831050228308224,0.0008127853881278861,0.003753424657534046,inconclusive,-0.007477747932195961,-0.010094983566923574,-0.004827637981133857,contradicted,BG00501,release,average_utilization
reservation_only_vs_horizon_only,10,-0.002073059360730478,-0.0036529680365293884,-0.0006575342465756303,inconclusive,0.007722776329874753,0.0053933479563985235,0.010194466023612105,supported,BG00501,release,average_utilization
horizon_only_vs_baseline,10,0.0,0.0,0.0,inconclusive,0.0,0.0,0.0,inconclusive,BG00502,release,average_utilization
reservation_only_vs_baseline,10,0.004036529680365397,0.000958904109589114,0.007251369863014196,inconclusive,0.003132488486217977,-0.0009327595789970619,0.007128356272333226,inconclusive,BG00502,release,average_utilization
both_flexible_vs_baseline,10,0.004036529680365397,0.0008945205479451941,0.007233105022831393,inconclusive,0.003132488486217977,-0.0008907734143644069,0.007222008231879707,inconclusive,BG00502,release,average_utilization
both_flexible_vs_horizon_only,10,0.004036529680365397,0.0008310502283104149,0.007169178082192281,inconclusive,0.003132488486217977,-0.0012140014685978373,0.007097765090073927,inconclusive,BG00502,release,average_utilization
both_flexible_vs_reservation_only,10,0.0,0.0,0.0,inconclusive,0.0,0.0,0.0,inconclusive,BG00502,release,average_utilization
reservation_only_vs_horizon_only,10,0.004036529680365397,0.0009952054794518182,0.007232876712329096,inconclusive,0.003132488486217977,-0.0010392498175318312,0.007157242180575069,inconclusive,BG00502,release,average_utilization
horizon_only_vs_baseline,10,0.0,0.0,0.0,inconclusive,0.0,0.0,0.0,inconclusive,BG00503,release,average_utilization
reservation_only_vs_baseline,10,0.0028424657534244615,-0.00016506849315079845,0.006191952054794502,inconclusive,-0.00046860804815670456,-0.0022470181003867245,0.0014307597574276533,inconclusive,BG00503,release,average_utilization
both_flexible_vs_baseline,10,0.004924657534246235,0.0016366438356160801,0.008877054794520384,inconclusive,-0.0015010440132452341,-0.0037888791009286706,0.0007216472083625392,inconclusive,BG00503,release,average_utilization
both_flexible_vs_horizon_only,10,0.004924657534246235,0.0016640410958901966,0.0090207191780817,inconclusive,-0.0015010440132452341,-0.0037239779113673087,0.0006936428153343365,inconclusive,BG00503,release,average_utilization
both_flexible_vs_reservation_only,10,0.0020821917808217737,-0.002911130136986357,0.007513698630136683,inconclusive,-0.0010324359650885294,-0.003257385742288972,0.0012826192045476276,inconclusive,BG00503,release,average_utilization
reservation_only_vs_horizon_only,10,0.0028424657534244615,-0.00022619863013734388,0.00610958904109558,inconclusive,-0.00046860804815670456,-0.0023024274695750933,0.0014191589960090107,inconclusive,BG00503,release,average_utilization
horizon_only_vs_baseline,10,0.15199086757990793,0.14703173515981638,0.15684999999999946,supported,0.07822609885850203,0.07377837197462843,0.08265920379034662,supported,BG00504,release,average_utilization
reservation_only_vs_baseline,10,0.173424657534245,0.16883972602739555,0.1777264840182635,supported,0.07669881848484036,0.07113536117774312,0.08155220017200905,supported,BG00504,release,average_utilization
both_flexible_vs_baseline,10,0.18198173515981542,0.176812785388126,0.18648424657534082,supported,0.07981548410947659,0.0760330957230946,0.08327010896563447,supported,BG00504,release,average_utilization
both_flexible_vs_horizon_only,10,0.029990867579907477,0.02733310502282969,0.03274885844748737,supported,0.0015893852509745621,-0.0016605988919110863,0.004829928492155019,inconclusive,BG00504,release,average_utilization
both_flexible_vs_reservation_only,10,0.00855707762557043,0.006392694063926637,0.010520776255707742,supported,0.003116665624636206,-0.0010903484718642273,0.007470181450596375,inconclusive,BG00504,release,average_utilization
reservation_only_vs_horizon_only,10,0.021433789954337045,0.01897716894977077,0.023881278538811727,supported,-0.0015272803736616435,-0.005351344078122622,0.002193335856990688,inconclusive,BG00504,release,average_utilization
horizon_only_vs_baseline,10,0.0014794520547943724,0.00015890410958875197,0.002980821917808055,inconclusive,-0.0020800851191141944,-0.006396401692200952,0.0021973343345017883,inconclusive,BG00505,release,average_utilization
reservation_only_vs_baseline,10,0.0,0.0,0.0,inconclusive,0.0,0.0,0.0,inconclusive,BG00505,release,average_utilization
both_flexible_vs_baseline,10,0.002569863013698348,0.0018410958904107784,0.003282191780821376,inconclusive,-0.001421920615531469,-0.004792108039372906,0.001984077570076813,inconclusive,BG00505,release,average_utilization
both_flexible_vs_horizon_only,10,0.0010904109589039757,0.00025205479452035054,0.0019398630136987364,inconclusive,0.0006581645035827255,-0.001386515003548161,0.0026964907410810053,inconclusive,BG00505,release,average_utilization
both_flexible_vs_reservation_only,10,0.002569863013698348,0.0018465753424655386,0.0033150684931502103,inconclusive,-0.001421920615531469,-0.004864924024155327,0.0019945229542834993,inconclusive,BG00505,release,average_utilization
reservation_only_vs_horizon_only,10,-0.0014794520547943724,-0.002926164383561579,-0.0001969863013695745,inconclusive,0.0020800851191141944,-0.002113987343469527,0.006451563672722397,inconclusive,BG00505,release,average_utilization
horizon_only_vs_baseline,10,0.0361369863013702,0.03158904109589091,0.040740410958904426,supported,-0.07167026097588144,-0.07508409912942465,-0.06822635668819772,contradicted,BG00506,release,average_utilization
reservation_only_vs_baseline,10,0.03619178082191815,0.031835273972603,0.03980821917808276,supported,0.10479834283987403,0.09959306690358838,0.1104101229478719,supported,BG00506,release,average_utilization
both_flexible_vs_baseline,10,0.039767123287671444,0.03451986301369856,0.044260958904110095,supported,0.11136456291122346,0.104389194392573,0.1184863847760454,supported,BG00506,release,average_utilization
both_flexible_vs_horizon_only,10,0.003630136986301247,6.849315068477053e-05,0.00704109589041089,inconclusive,0.1830348238871049,0.17806832007105142,0.18820384912347032,supported,BG00506,release,average_utilization
both_flexible_vs_reservation_only,10,0.003575342465753295,0.0008493150684928694,0.006603082191780848,inconclusive,0.006566220071349433,0.0021226978432430247,0.0111609174663701,supported,BG00506,release,average_utilization
reservation_only_vs_horizon_only,10,5.4794520547951644e-05,-0.0023424657534248015,0.0025068493150686723,inconclusive,0.17646860381575544,0.1741652662408801,0.17916133722641828,supported,BG00506,release,average_utilization
horizon_only_vs_baseline,10,0.0009315068493151002,-0.0012931506849312119,0.0032821917808217534,inconclusive,-0.0028491036157905713,-0.005996330217469483,0.0005692318078043631,inconclusive,BG00507,release,average_utilization
reservation_only_vs_baseline,10,0.015298630136986213,0.013671232876712576,0.017041095890410456,supported,-0.004952072906535665,-0.008616774051903513,-0.0011476795194385698,inconclusive,BG00507,release,average_utilization
both_flexible_vs_baseline,10,0.016871232876712126,0.0150410958904107,0.01876164383561615,supported,-0.002380972627993039,-0.005437140175963406,0.0011965023921476736,inconclusive,BG00507,release,average_utilization
both_flexible_vs_horizon_only,10,0.015939726027397027,0.014054657534246241,0.017956301369863,supported,0.0004681309877975326,-0.0014810012149035834,0.002251239279720997,inconclusive,BG00507,release,average_utilization
both_flexible_vs_reservation_only,10,0.0015726027397259146,-7.136986301418842e-05,0.0031506849315070104,inconclusive,0.0025711002785426262,0.0008283186268313203,0.0045754193005551535,inconclusive,BG00507,release,average_utilization
reservation_only_vs_horizon_only,10,0.014367123287671113,0.012586301369863247,0.016109863013698364,supported,-0.0021029692907450935,-0.004611418580622739,0.00022064860515227803,inconclusive,BG00507,release,average_utilization
horizon_only_vs_baseline,10,0.002739726027397316,-0.0018226027397262434,0.007575342465753366,inconclusive,-0.025304443967704083,-0.03524539019214516,-0.015879215408271176,contradicted,BG00508,release,average_utilization
reservation_only_vs_baseline,10,0.01569863013698617,0.013191780821917794,0.018479452054794444,supported,0.11307476962996432,0.10852965188940897,0.11751778986437303,supported,BG00508,release,average_utilization
both_flexible_vs_baseline,10,0.01569863013698617,0.013136986301369521,0.018383561643835526,supported,0.11307476962996432,0.10861468201290131,0.11755543864560425,supported,BG00508,release,average_utilization
both_flexible_vs_horizon_only,10,0.012958904109588854,0.008944863013698182,0.01694589041095895,supported,0.1383792135976684,0.130171283216723,0.14643647234595386,supported,BG00508,release,average_utilization
both_flexible_vs_reservation_only,10,0.0,0.0,0.0,inconclusive,0.0,0.0,0.0,inconclusive,BG00508,release,average_utilization
reservation_only_vs_horizon_only,10,0.012958904109588854,0.008985958904109467,0.016822260273972735,supported,0.1383792135976684,0.13032717321452952,0.14628367462797207,supported,BG00508,release,average_utilization
horizon_only_vs_baseline,10,0.00023287671232881114,-0.0018904109589038462,0.0024452054794521206,inconclusive,-0.00034792362270634757,-0.0022320114644859257,0.0016633693017756956,inconclusive,BG00509,release,average_utilization
reservation_only_vs_baseline,10,2.054794520548464e-05,0.0,4.109589041096928e-05,inconclusive,3.7181332251479125e-05,-3.616376495907125e-06,7.446956652442077e-05,inconclusive,BG00509,release,average_utilization
both_flexible_vs_baseline,10,0.00023287671232881114,-0.001876883561643931,0.002466095890411141,inconclusive,-0.00034792362270634757,-0.0022338091437953166,0.0015951161393963154,inconclusive,BG00509,release,average_utilization
both_flexible_vs_horizon_only,10,0.0,0.0,0.0,inconclusive,0.0,0.0,0.0,inconclusive,BG00509,release,average_utilization
both_flexible_vs_reservation_only,10,0.0002123287671233265,-0.001904109589041156,0.002424828767123555,inconclusive,-0.00038510495495782673,-0.0022432739869316467,0.0016835481568350087,inconclusive,BG00509,release,average_utilization
reservation_only_vs_horizon_only,10,-0.0002123287671233265,-0.0023840753424657856,0.0019522260273974,inconclusive,0.00038510495495782673,-0.0015884891331528908,0.0022460180216189894,inconclusive,BG00509,release,average_utilization
horizon_only_vs_baseline,10,0.0,0.0,0.0,inconclusive,0.0,0.0,0.0,inconclusive,BG00510,release,average_utilization
reservation_only_vs_baseline,10,0.0009863013698628298,-0.0020277397260279654,0.0041232876712326465,inconclusive,0.0030485934066468655,0.0004578896452697741,0.005177037904969562,inconclusive,BG00510,release,average_utilization
both_flexible_vs_baseline,10,0.001684931506849352,-0.001096232876712179,0.004178082191780966,inconclusive,0.053744030042185795,0.05163062577836736,0.05577466316425137,supported,BG00510,release,average_utilization
both_flexible_vs_horizon_only,10,0.001684931506849352,-0.0010958904109588231,0.004219178082191777,inconclusive,0.053744030042185795,0.051705871983624856,0.05585393953803972,supported,BG00510,release,average_utilization
both_flexible_vs_reservation_only,10,0.0006986301369865222,-0.002493150684931125,0.003342808219178174,inconclusive,0.050695436635538924,0.048756381402076915,0.05239803127494646,supported,BG00510,release,average_utilization
reservation_only_vs_horizon_only,10,0.0009863013698628298,-0.001972602739726171,0.004123972602739502,inconclusive,0.0030485934066468655,0.0005823760328661974,0.0051631429694855195,inconclusive,BG00510,release,average_utilization
horizon_only_vs_baseline,10,0.0,0.0,0.0,inconclusive,0.0,0.0,0.0,inconclusive,BG00511,release,average_utilization
reservation_only_vs_baseline,10,0.0003356164383561677,0.0,0.000671232876712336,inconclusive,-2.6503311230097192e-05,-0.0005250228687943448,0.00038716439700867686,inconclusive,BG00511,release,average_utilization
both_flexible_vs_baseline,10,0.0005547945205479187,-0.0004931506849315204,0.0018287671232876002,inconclusive,0.00024029359060635526,-0.00017354040615632504,0.0007668916536402781,inconclusive,BG00511,release,average_utilization
both_flexible_vs_horizon_only,10,0.0005547945205479187,-0.0004931506849315204,0.0018835616438355519,inconclusive,0.00024029359060635526,-0.00016346662708689453,0.0007615095535652872,inconclusive,BG00511,release,average_utilization
both_flexible_vs_reservation_only,10,0.00021917808219175107,-0.0006438356164383708,0.0013287671232875774,inconclusive,0.00026679690183645244,-1.527750133839545e-05,0.0006132337030899215,inconclusive,BG00511,release,average_utilization
reservation_only_vs_horizon_only,10,0.0003356164383561677,0.0,0.0006780821917808155,inconclusive,-2.6503311230097192e-05,-0.0005250228687943448,0.00038716439700867686,inconclusive,BG00511,release,average_utilization
horizon_only_vs_baseline,10,0.0,0.0,0.0,inconclusive,0.0,0.0,0.0,inconclusive,BG00512,release,average_utilization
reservation_only_vs_baseline,10,0.0030958904109589904,-0.0016712328767117875,0.007657876712328911,inconclusive,0.0001933726125218249,-0.00192743403535768,0.0023030057045214393,inconclusive,BG00512,release,average_utilization
both_flexible_vs_baseline,10,0.0030958904109589904,-0.0016852739726025173,0.007507534246575382,inconclusive,0.0001933726125218249,-0.0018403388347941604,0.0023993133454234595,inconclusive,BG00512,release,average_utilization
both_flexible_vs_horizon_only,10,0.0030958904109589904,-0.0017948630136986551,0.007534246575342333,inconclusive,0.0001933726125218249,-0.0019097552098782142,0.002370750816505927,inconclusive,BG00512,release,average_utilization
both_flexible_vs_reservation_only,10,0.0,0.0,0.0,inconclusive,0.0,0.0,0.0,inconclusive,BG00512,release,average_utilization
reservation_only_vs_horizon_only,10,0.0030958904109589904,-0.0017674657534245874,0.007520890410959151,inconclusive,0.0001933726125218249,-0.0018755215228772816,0.002328610528231384,inconclusive,BG00512,release,average_utilization
horizon_only_vs_baseline,10,0.0013013698630138459,-0.00030136986301367854,0.0029453767123292385,inconclusive,0.00049299853502629,-0.0008443213752109308,0.0019302379429397417,inconclusive,BG00513,release,average_utilization
reservation_only_vs_baseline,10,0.003465753424657503,0.0013904109589040186,0.005644006849315126,inconclusive,0.0017050410336475307,-0.0002678970259299014,0.003549055878528438,inconclusive,BG00513,release,average_utilization
both_flexible_vs_baseline,10,0.003506849315068605,0.001260102739725948,0.005603082191781102,inconclusive,0.00048033918543807785,-0.001923455450184167,0.002384291962559254,inconclusive,BG00513,release,average_utilization
both_flexible_vs_horizon_only,10,0.0022054794520547593,0.0002671232876714091,0.003965753424657229,inconclusive,-1.2659349588212132e-05,-0.002368079382244978,0.0020855498009837827,inconclusive,BG00513,release,average_utilization
both_flexible_vs_reservation_only,10,4.109589041110251e-05,-0.002513869863013789,0.0023152397260275915,inconclusive,-0.001224701848209453,-0.0032783560627488296,0.0008098429717195087,inconclusive,BG00513,release,average_utilization
reservation_only_vs_horizon_only,10,0.0021643835616436567,-0.0002193493150688907,0.004671404109588685,inconclusive,0.0012120424986212408,-0.0008319912554662777,0.003369991920796432,inconclusive,BG00513,release,average_utilization
horizon_only_vs_baseline,10,0.0,0.0,0.0,inconclusive,0.0,0.0,0.0,inconclusive,BG00514,release,average_utilization
reservation_only_vs_baseline,10,0.00039726027397257724,-0.0010000000000000237,0.0018219178082191536,inconclusive,-9.345451075846168e-05,-0.0015378116054381933,0.001673095357070845,inconclusive,BG00514,release,average_utilization
both_flexible_vs_baseline,10,0.00039726027397257724,-0.0010273972602740328,0.0018359589041095719,inconclusive,-9.345451075846168e-05,-0.0015266359387806471,0.0016090057589791726,inconclusive,BG00514,release,average_utilization
both_flexible_vs_horizon_only,10,0.00039726027397257724,-0.0010000000000000898,0.0018630136986301008,inconclusive,-9.345451075846168e-05,-0.0015933282971931201,0.001513764906551865,inconclusive,BG00514,release,average_utilization
both_flexible_vs_reservation_only,10,0.0,0.0,0.0,inconclusive,0.0,0.0,0.0,inconclusive,BG00514,release,average_utilization
reservation_only_vs_horizon_only,10,0.00039726027397257724,-0.0010273972602740434,0.0018907534246575648,inconclusive,-9.345451075846168e-05,-0.0014977247603865317,0.0016089193007751861,inconclusive,BG00514,release,average_utilization
horizon_only_vs_baseline,10,0.007616438356164356,0.004938356164383736,0.010280993150685204,supported,0.042686436593535146,0.040207126979169575,0.04533806186723447,supported,BG00515,release,average_utilization
reservation_only_vs_baseline,10,0.030123287671232735,0.027616267123287106,0.032835787671233026,supported,0.1582842145848699,0.1539349233907275,0.16267783654040852,supported,BG00515,release,average_utilization
both_flexible_vs_baseline,10,0.03156164383561646,0.029383561643835338,0.0338013698630134,supported,0.1557696034648448,0.150261760844734,0.16167943971144827,supported,BG00515,release,average_utilization
both_flexible_vs_horizon_only,10,0.023945205479452104,0.022184760273972697,0.0257811643835618,supported,0.11308316687130966,0.10938405658501839,0.11671822522787881,supported,BG00515,release,average_utilization
both_flexible_vs_reservation_only,10,0.001438356164383725,-0.000589041095890421,0.0035890410958905362,inconclusive,-0.0025146111200250896,-0.006265985052422838,0.0016857044039439945,inconclusive,BG00515,release,average_utilization
reservation_only_vs_horizon_only,10,0.022506849315068377,0.02073287671232856,0.02396575342465734,supported,0.11559777799133472,0.11257384322826133,0.11887941329629223,supported,BG00515,release,average_utilization
horizon_only_vs_baseline,10,0.0,0.0,0.0,inconclusive,0.0,0.0,0.0,inconclusive,BG00516,release,average_utilization
reservation_only_vs_baseline,10,6.84931506849229e-05,0.0,0.0002054794520547687,inconclusive,0.0004186515678585856,0.0,0.0012248770060963143,inconclusive,BG00516,release,average_utilization
both_flexible_vs_baseline,10,0.00016438356164383272,-0.0005342465753424563,0.0009452054794520381,inconclusive,0.0005785172713034581,-0.0008249621621743807,0.0020576250141600915,inconclusive,BG00516,release,average_utilization
both_flexible_vs_horizon_only,10,0.00016438356164383272,-0.0004541095890410872,0.0009452054794520381,inconclusive,0.0005785172713034581,-0.0008249621621743807,0.0020875536463639166,inconclusive,BG00516,release,average_utilization
both_flexible_vs_reservation_only,10,9.589041095890982e-05,-0.0005890410958903858,0.0008767123287671153,inconclusive,0.0001598657034448725,-0.0012301408156130567,0.0016092024058608323,inconclusive,BG00516,release,average_utilization
reservation_only_vs_horizon_only,10,6.84931506849229e-05,0.0,0.0002054794520547687,inconclusive,0.0004186515678585856,0.0,0.0012248770060963143,inconclusive,BG00516,release,average_utilization
horizon_only_vs_baseline,10,0.02320547945205461,0.02115051369862953,0.025232876712328746,supported,0.0068478016608289945,0.0054367519972735095,0.008181461978078754,supported,BG00517,release,average_utilization
reservation_only_vs_baseline,10,0.047739726027397164,0.04539708904109565,0.05039760273972596,supported,0.004889781484380079,0.0032481343707430775,0.006525595464271299,inconclusive,BG00517,release,average_utilization
both_flexible_vs_baseline,10,0.047739726027397164,0.04531489726027359,0.050342636986301065,supported,0.004889781484380079,0.0031999603157850873,0.006540409502025188,inconclusive,BG00517,release,average_utilization
both_flexible_vs_horizon_only,10,0.024534246575342554,0.02204777397260263,0.02708921232876753,supported,-0.001958020176448916,-0.0036463735860728383,-0.0002934458343213609,inconclusive,BG00517,release,average_utilization
both_flexible_vs_reservation_only,10,0.0,0.0,0.0,inconclusive,0.0,0.0,0.0,inconclusive,BG00517,release,average_utilization
reservation_only_vs_horizon_only,10,0.024534246575342554,0.022013698630137263,0.027027568493150796,supported,-0.001958020176448916,-0.0036622543559481292,-0.00028519242807819114,inconclusive,BG00517,release,average_utilization
horizon_only_vs_baseline,10,0.0,0.0,0.0,inconclusive,0.0,0.0,0.0,inconclusive,BG00518,release,average_utilization
reservation_only_vs_baseline,10,0.002182648401826648,-0.0021646118721459946,0.0066851598173518064,inconclusive,-0.0003010319185996702,-0.002939699407608165,0.0025685874253664957,inconclusive,BG00518,release,average_utilization
both_flexible_vs_baseline,10,0.002182648401826648,-0.0020915525114153094,0.006429908675799285,inconclusive,-0.0003010319185996702,-0.003004190418436941,0.0025454630074740435,inconclusive,BG00518,release,average_utilization
both_flexible_vs_horizon_only,10,0.002182648401826648,-0.0022191780821915973,0.006548401826484254,inconclusive,-0.0003010319185996702,-0.002982304131116152,0.0025530152171605253,inconclusive,BG00518,release,average_utilization
both_flexible_vs_reservation_only,10,0.0,0.0,0.0,inconclusive,0.0,0.0,0.0,inconclusive,BG00518,release,average_utilization
reservation_only_vs_horizon_only,10,0.002182648401826648,-0.002027625570776072,0.006602968036529898,inconclusive,-0.0003010319185996702,-0.002926184034143026,0.0025099724381984247,inconclusive,BG00518,release,average_utilization
horizon_only_vs_baseline,10,0.0,0.0,0.0,inconclusive,0.0,0.0,0.0,inconclusive,BG00519,release,average_utilization
reservation_only_vs_baseline,10,0.00101369863013685,-0.0023424657534243856,0.004233219178081892,inconclusive,-0.014210899593628801,-0.017857745394672272,-0.010540614235642284,contradicted,BG00519,release,average_utilization
both_flexible_vs_baseline,10,0.00158904109589032,-0.00036986301369877405,0.003958904109589103,inconclusive,-0.004775007682116983,-0.010473816166137616,0.0016093129538048989,inconclusive,BG00519,release,average_utilization
both_flexible_vs_horizon_only,10,0.00158904109589032,-0.00034246575342480466,0.003931506849315196,inconclusive,-0.004775007682116983,-0.010565944060232544,0.0013675261651481313,inconclusive,BG00519,release,average_utilization
both_flexible_vs_reservation_only,10,0.00057534246575347,-0.003095890410958946,0.004191780821917328,inconclusive,0.009435891911511817,0.006104002989614289,0.012804643878843952,supported,BG00519,release,average_utilization
reservation_only_vs_horizon_only,10,0.00101369863013685,-0.002356164383561432,0.004260273972602414,inconclusive,-0.014210899593628801,-0.01793762672998261,-0.010674051651566896,contradicted,BG00519,release,average_utilization
horizon_only_vs_baseline,10,0.0,0.0,0.0,inconclusive,0.0,0.0,0.0,inconclusive,BG00520,release,average_utilization
reservation_only_vs_baseline,10,0.0008401826484014996,-0.0004931506849316277,0.0021004566210040126,inconclusive,0.022384066995142192,0.017782346703353793,0.026491622830697795,supported,BG00520,release,average_utilization
both_flexible_vs_baseline,10,0.0008401826484014996,-0.00045662100456636214,0.002109817351597969,inconclusive,0.022384066995142192,0.017815008053715442,0.026674950399045372,supported,BG00520,release,average_utilization
both_flexible_vs_horizon_only,10,0.0008401826484014996,-0.0004840182648404137,0.002073059360730208,inconclusive,0.022384066995142192,0.017752895012638353,0.026429577114100957,supported,BG00520,release,average_utilization
both_flexible_vs_reservation_only,10,0.0,0.0,0.0,inconclusive,0.0,0.0,0.0,inconclusive,BG00520,release,average_utilization
reservation_only_vs_horizon_only,10,0.0008401826484014996,-0.0005022831050230735,0.0020730593607300027,inconclusive,0.022384066995142192,0.017702113110159505,0.026672796627857046,supported,BG00520,release,average_utilization
horizon_only_vs_baseline,10,0.001808219178082171,0.0005861643835613629,0.0028931506849314784,inconclusive,-0.006920708995533331,-0.009072994794814375,-0.004693882391717069,contradicted,BG00521,release,average_utilization
reservation_only_vs_baseline,10,0.0018356164383560802,8.76712328766241e-05,0.0037316438356165007,inconclusive,-0.008333000181985305,-0.010289830534428019,-0.006218635413888599,contradicted,BG00521,release,average_utilization
both_flexible_vs_baseline,10,0.001934246575342502,0.000635479452054796,0.0030247945205480993,inconclusive,-0.006994185960000632,-0.009184868907993837,-0.004811379407018118,contradicted,BG00521,release,average_utilization
both_flexible_vs_horizon_only,10,0.00012602739726033096,0.0,0.0003780821917809929,inconclusive,-7.347696446730057e-05,-0.0002204308934019017,0.0,inconclusive,BG00521,release,average_utilization
both_flexible_vs_reservation_only,10,9.863013698642175e-05,-0.0018246575342462925,0.0020658904109586568,inconclusive,0.0013388142219846744,-0.001432605332502934,0.003836263787620232,inconclusive,BG00521,release,average_utilization
reservation_only_vs_horizon_only,10,2.7397260273909208e-05,-0.0021095890410956107,0.0020493150684931074,inconclusive,-0.001412291186451975,-0.0040159336170747136,0.001270807110253464,inconclusive,BG00521,release,average_utilization
horizon_only_vs_baseline,10,0.10715616438356095,0.10498602739725976,0.10870136986301286,supported,0.11050708328312238,0.10666914801254748,0.11454878616846476,supported,BG00522,release,average_utilization
reservation_only_vs_baseline,10,0.10209315068493052,0.10071219178082089,0.10339739726027311,supported,0.2791188274798946,0.2739211904012503,0.2853759447709708,supported,BG00522,release,average_utilization
both_flexible_vs_baseline,10,0.10896986301369778,0.10704657534246494,0.11072904109588962,supported,0.12990620569325642,0.12601922750956793,0.13341294523040026,supported,BG00522,release,average_utilization
both_flexible_vs_horizon_only,10,0.0018136986301368284,0.00038342465753388297,0.0034302739726026947,inconclusive,0.019399122410134063,0.014025505392719748,0.024547847109103745,supported,BG00522,release,average_utilization
both_flexible_vs_reservation_only,10,0.006876712328767243,0.005742328767123386,0.008071369863013907,supported,-0.14921262178663813,-0.15346357737747296,-0.14542227747621028,contradicted,BG00522,release,average_utilization
reservation_only_vs_horizon_only,10,-0.005063013698630414,-0.006559041095890721,-0.0035286301369865077,contradicted,0.16861174419677222,0.16114441504956104,0.17495323089909637,supported,BG00522,release,average_utilization
horizon_only_vs_baseline,10,0.003876712328766774,-0.0003972602739726564,0.008602739726026888,inconclusive,-0.013118162051079463,-0.018247832117537853,-0.008466290565809758,contradicted,BG00523,release,average_utilization
reservation_only_vs_baseline,10,0.003397260273972247,-0.0005068493150684314,0.007602739726026654,inconclusive,0.05782471381563734,0.053151344602782646,0.06237113570802129,supported,BG00523,release,average_utilization
both_flexible_vs_baseline,10,0.0053150684931501544,0.0020818493150675976,0.008863356164383182,supported,-0.015265832057188922,-0.02137501233771393,-0.009390275895480773,contradicted,BG00523,release,average_utilization
both_flexible_vs_horizon_only,10,0.0014383561643833808,-0.0002876712328765091,0.0031506849315063984,inconclusive,-0.002147670006109459,-0.005314061588945812,0.00014423470809736728,inconclusive,BG00523,release,average_utilization
both_flexible_vs_reservation_only,10,0.0019178082191779078,-0.0005616438356164535,0.004534589041095393,inconclusive,-0.07309054587282626,-0.07777200968634962,-0.06867906828182012,contradicted,BG00523,release,average_utilization
reservation_only_vs_horizon_only,10,-0.0004794520547945269,-0.0031232876712325515,0.0019452054794518072,inconclusive,0.0709428758667168,0.06592383398750651,0.07591574967041179,supported,BG00523,release,average_utilization
horizon_only_vs_baseline,10,0.002602739726027392,0.00019178082191794843,0.005000342465753563,inconclusive,-0.0017649419304456905,-0.008367770117547213,0.006007062437326217,inconclusive,BG00524,release,average_utilization
reservation_only_vs_baseline,10,0.004986301369862644,0.0020958904109583437,0.008424999999999468,inconclusive,0.13954463646625384,0.13454567891591213,0.14443142217834287,supported,BG00524,release,average_utilization
both_flexible_vs_baseline,10,0.005726027397260048,0.0026438356164382943,0.008712328767122893,supported,0.13578775743014337,0.12843761235888557,0.14252306275501195,supported,BG00524,release,average_utilization
both_flexible_vs_horizon_only,10,0.003123287671232655,0.0004383561643839318,0.005780821917807966,inconclusive,0.13755269936058906,0.13054070334760076,0.1441847662016263,supported,BG00524,release,average_utilization
both_flexible_vs_reservation_only,10,0.0007397260273974027,-0.0009729452054793985,0.0024794520547943067,inconclusive,-0.003756879036110483,-0.009444663428546067,0.0015226668937774154,inconclusive,BG00524,release,average_utilization
reservation_only_vs_horizon_only,10,0.0023835616438352527,0.0005890410958899291,0.004369863013698019,inconclusive,0.14130957839669953,0.1363063099120464,0.14652087879905631,supported,BG00524,release,average_utilization
horizon_only_vs_baseline,10,0.1359780821917794,0.13384657534246433,0.13829616438356038,supported,0.08062431528184355,0.0766043898632351,0.08471665929681624,supported,BG00525,release,average_utilization
reservation_only_vs_baseline,10,0.13635616438356013,0.134734246575341,0.13808232876712193,supported,0.37911084772108616,0.3754548413995984,0.38298483853806925,supported,BG00525,release,average_utilization
both_flexible_vs_baseline,10,0.13700821917808084,0.13476698630136819,0.1392547945205465,supported,0.36067104832319713,0.35784116622117107,0.36372540756640076,supported,BG00525,release,average_utilization
both_flexible_vs_horizon_only,10,0.0010301369863014108,0.0001972602739725196,0.0017534246575345303,inconclusive,0.2800467330413536,0.2755495100606164,0.28445644697707323,supported,BG00525,release,average_utilization
both_flexible_vs_reservation_only,10,0.0006520547945207067,-0.000619178082191332,0.0018575342465754774,inconclusive,-0.018439799397889044,-0.021329380967616687,-0.01555741713584354,contradicted,BG00525,release,average_utilization
reservation_only_vs_horizon_only,10,0.00037808219178070424,-0.000822054794520661,0.0017206849315065827,inconclusive,0.2984865324392426,0.29521368050435076,0.302221114310241,supported,BG00525,release,average_utilization
horizon_only_vs_baseline,10,0.0,0.0,0.0,inconclusive,0.0,0.0,0.0,inconclusive,BG00526,release,average_utilization
reservation_only_vs_baseline,10,0.0020438356164387272,2.7397260274547586e-05,0.003928904109589478,inconclusive,0.0037086354956913812,0.0008155417295249282,0.006854483292342396,inconclusive,BG00526,release,average_utilization
both_flexible_vs_baseline,10,0.0020438356164387272,2.1780821918263906e-05,0.0038904109589041535,inconclusive,0.0037086354956913812,0.0007590342190144152,0.00683357304208248,inconclusive,BG00526,release,average_utilization
both_flexible_vs_horizon_only,10,0.0020438356164387272,4.38356164391851e-05,0.004022054794521005,inconclusive,0.0037086354956913812,0.0008194800299666277,0.006676148387252684,inconclusive,BG00526,release,average_utilization
both_flexible_vs_reservation_only,10,0.0,0.0,0.0,inconclusive,0.0,0.0,0.0,inconclusive,BG00526,release,average_utilization
reservation_only_vs_horizon_only,10,0.0020438356164387272,3.287671232932637e-05,0.003934383561644056,inconclusive,0.0037086354956913812,0.0008194692602119414,0.006787315431972983,inconclusive,BG00526,release,average_utilization
horizon_only_vs_baseline,10,0.0,0.0,0.0,inconclusive,0.0,0.0,0.0,inconclusive,BG00527,release,average_utilization
reservation_only_vs_baseline,10,0.009109589041096,0.005438356164383494,0.012274143835616744,supported,0.038196096697125946,0.03492780828372728,0.04116766323882885,supported,BG00527,release,average_utilization
both_flexible_vs_baseline,10,0.009356164383561716,0.007116438356164375,0.01135616438356181,supported,0.035693917836666145,0.033140560317934116,0.037807181518928,supported,BG00527,release,average_utilization
both_flexible_vs_horizon_only,10,0.009356164383561716,0.007129794520547708,0.011294691780822153,supported,0.035693917836666145,0.03306704023472254,0.03778661559418416,supported,BG00527,release,average_utilization
both_flexible_vs_reservation_only,10,0.0002465753424657158,-0.0029042808219182157,0.003979623287671432,inconclusive,-0.0025021788604598027,-0.004850058363875179,0.0002444621921497308,inconclusive,BG00527,release,average_utilization
reservation_only_vs_horizon_only,10,0.009109589041096,0.005575342465753441,0.012246917808219722,supported,0.038196096697125946,0.034919554208638987,0.041165393869326924,supported,BG00527,release,average_utilization
horizon_only_vs_baseline,10,0.00015068493150681704,-0.0035619863013700713,0.0036445205479451598,inconclusive,-0.001785109359288084,-0.0047177064682462555,0.0010974597010387419,inconclusive,BG00528,release,average_utilization
reservation_only_vs_baseline,10,4.109589041095818e-05,-2.7397260273975822e-05,0.00012328767123283014,inconclusive,0.00011347397002753334,6.645201421555669e-06,0.0002425125016416821,inconclusive,BG00528,release,average_utilization
both_flexible_vs_baseline,10,0.00036986301369870136,-0.0034386986301370563,0.0038359589041097692,inconclusive,-0.0006119519882287095,-0.0033465659406066903,0.0018870504031548365,inconclusive,BG00528,release,average_utilization
both_flexible_vs_horizon_only,10,0.0002191780821918843,-0.0026849315068492984,0.002753424657534632,inconclusive,0.0011731573710593746,-0.000209260099627695,0.0032884860628279444,inconclusive,BG00528,release,average_utilization
both_flexible_vs_reservation_only,10,0.0003287671232877432,-0.003534246575342404,0.003904109589041028,inconclusive,-0.0007254259582562428,-0.0032994935926820685,0.0018587077616380907,inconclusive,BG00528,release,average_utilization
reservation_only_vs_horizon_only,10,-0.00010958904109585888,-0.0035349315068494563,0.0035479452054795017,inconclusive,0.0018985833293156174,-0.0010133141473501303,0.004956900002466762,inconclusive,BG00528,release,average_utilization
horizon_only_vs_baseline,10,0.03147260273972617,0.028485787671233158,0.03417123287671237,supported,-0.03217216741055977,-0.03494292057901436,-0.029171311349036895,contradicted,BG00529,release,average_utilization
reservation_only_vs_baseline,10,0.03640410958904111,0.034054794520548215,0.03835633561643835,supported,0.14273582514542454,0.13925577794906302,0.14684322532344776,supported,BG00529,release,average_utilization
both_flexible_vs_baseline,10,0.03702739726027397,0.0343217465753426,0.03976712328767073,supported,0.14385120305935042,0.1400117104834434,0.14808736731816138,supported,BG00529,release,average_utilization
both_flexible_vs_horizon_only,10,0.005554794520547801,0.0037945205479451,0.007616780821917895,supported,0.17602337046991018,0.17304010282704105,0.17892997739607236,supported,BG00529,release,average_utilization
both_flexible_vs_reservation_only,10,0.0006232876712328639,-0.0011917808219177894,0.002582534246575252,inconclusive,0.0011153779139258357,-0.0015428276988903482,0.003800688047030763,inconclusive,BG00529,release,average_utilization
reservation_only_vs_horizon_only,10,0.004931506849314937,0.0037532534246571903,0.006047945205479425,inconclusive,0.17490799255598438,0.17241762393516472,0.17732600025556539,supported,BG00529,release,average_utilization
horizon_only_vs_baseline,10,0.0,0.0,0.0,inconclusive,0.0,0.0,0.0,inconclusive,BG00530,release,average_utilization
reservation_only_vs_baseline,10,0.0,0.0,0.0,inconclusive,0.0,0.0,0.0,inconclusive,BG00530,release,average_utilization
both_flexible_vs_baseline,10,0.0,0.0,0.0,inconclusive,0.0,0.0,0.0,inconclusive,BG00530,release,average_utilization
both_flexible_vs_horizon_only,10,0.0,0.0,0.0,inconclusive,0.0,0.0,0.0,inconclusive,BG00530,release,average_utilization
both_flexible_vs_reservation_only,10,0.0,0.0,0.0,inconclusive,0.0,0.0,0.0,inconclusive,BG00530,release,average_utilization
reservation_only_vs_horizon_only,10,0.0,0.0,0.0,inconclusive,0.0,0.0,0.0,inconclusive,BG00530,release,average_utilization
horizon_only_vs_baseline,10,0.06329315068493135,0.06064630136986301,0.0659619178082187,supported,0.024114402479244814,0.022405394422013534,0.025902410578424344,supported,BG00531,release,average_utilization
reservation_only_vs_baseline,10,0.00281643835616443,-0.0004876712328762439,0.005802739726027451,inconclusive,-0.0011501492505629706,-0.002412860449898516,0.0004721414339616833,inconclusive,BG00531,release,average_utilization
both_flexible_vs_baseline,10,0.06359452054794525,0.06088767123287654,0.06643849315068533,supported,0.0157070892181358,0.014366125661194459,0.01712833765419099,supported,BG00531,release,average_utilization
both_flexible_vs_horizon_only,10,0.00030136986301388947,-0.002054931506849128,0.0028330136986308733,inconclusive,-0.008407313261109012,-0.009773290085214038,-0.0073741750004219985,contradicted,BG00531,release,average_utilization
both_flexible_vs_reservation_only,10,0.06077808219178081,0.05754506849315059,0.06361643835616423,supported,0.016857238468698774,0.015662422426700257,0.01807216112630424,supported,BG00531,release,average_utilization
reservation_only_vs_horizon_only,10,-0.060476712328766925,-0.06349602739726018,-0.05780808219178088,contradicted,-0.025264551729807783,-0.02671228988673629,-0.02392755091970751,contradicted,BG00531,release,average_utilization
horizon_only_vs_baseline,10,0.0008219178082191414,-0.0012469178082193748,0.0027945205479450626,inconclusive,0.030542855652184085,0.023443015278865588,0.0377440932916922,supported,BG00532,release,average_utilization
reservation_only_vs_baseline,10,0.0018767123287672272,-0.0006715753424655406,0.005000342465754163,inconclusive,0.1155798487088499,0.11231521926903548,0.1190423818124852,supported,BG00532,release,average_utilization
both_flexible_vs_baseline,10,0.002191780821917555,-0.0004109589041093653,0.0047400684931503435,inconclusive,0.14454346269047927,0.13828714560217006,0.15162024744643626,supported,BG00532,release,average_utilization
both_flexible_vs_horizon_only,10,0.0013698630136984135,-0.001726027397260156,0.004369863013697987,inconclusive,0.11400060703829518,0.10554510715065683,0.12136474675282724,supported,BG00532,release,average_utilization
both_flexible_vs_reservation_only,10,0.0003150684931503278,-0.0025619863013705666,0.002726027397259509,inconclusive,0.028963613981629367,0.02151436256236784,0.036769642373735166,supported,BG00532,release,average_utilization
reservation_only_vs_horizon_only,10,0.0010547945205480857,-0.0011784246575341699,0.0035345890410961645,inconclusive,0.08503699305666582,0.07566030311166627,0.0942417272597336,supported,BG00532,release,average_utilization
horizon_only_vs_baseline,10,0.0,0.0,0.0,inconclusive,0.0,0.0,0.0,inconclusive,BG00533,release,average_utilization
reservation_only_vs_baseline,10,9.132420091317872e-06,-1.826484018266905e-05,3.6529680365304794e-05,inconclusive,-6.865831372677156e-05,-0.00014986936808384185,-8.662878410364838e-06,inconclusive,BG00533,release,average_utilization
both_flexible_vs_baseline,10,5.479452054767409e-05,-0.0024385844748863734,0.0022470319634702056,inconclusive,0.0013306088194303622,-0.0023469998843545586,0.004651424186157827,inconclusive,BG00533,release,average_utilization
both_flexible_vs_horizon_only,10,5.479452054767409e-05,-0.002475342465753872,0.002200913242008785,inconclusive,0.0013306088194303622,-0.002323014726232477,0.004551143753098014,inconclusive,BG00533,release,average_utilization
both_flexible_vs_reservation_only,10,4.5662100456356217e-05,-0.002456849315068864,0.002246803652967791,inconclusive,0.0013992671331571338,-0.002190983566761249,0.004772633715640284,inconclusive,BG00533,release,average_utilization
reservation_only_vs_horizon_only,10,9.132420091317872e-06,-1.826484018266905e-05,3.6529680365304794e-05,inconclusive,-6.865831372677156e-05,-0.00014838800793046794,-8.265425272618864e-06,inconclusive,BG00533,release,average_utilization
horizon_only_vs_baseline,10,0.0,0.0,0.0,inconclusive,0.0,0.0,0.0,inconclusive,BG00534,release,average_utilization
reservation_only_vs_baseline,10,0.027732876712328935,0.02569845890410958,0.029575342465753898,supported,0.13066644602431277,0.12810653454280838,0.13357618045303996,supported,BG00534,release,average_utilization
both_flexible_vs_baseline,10,0.028013698630136873,0.0256847602739725,0.03066455479452067,supported,0.1298639836307094,0.12683751655870756,0.1328324148579548,supported,BG00534,release,average_utilization
both_flexible_vs_horizon_only,10,0.028013698630136873,0.025664383561643925,0.030835616438355945,supported,0.1298639836307094,0.12677110834078978,0.1329772539125693,supported,BG00534,release,average_utilization
both_flexible_vs_reservation_only,10,0.00028082191780793854,-0.0018082191780823043,0.002630136986300971,inconclusive,-0.0008024623936033648,-0.0024404322853882284,0.0007412170752156319,inconclusive,BG00534,release,average_utilization
reservation_only_vs_horizon_only,10,0.027732876712328935,0.025664212328767044,0.029548116438356115,supported,0.13066644602431277,0.12810234615668523,0.133574251502144,supported,BG00534,release,average_utilization
horizon_only_vs_baseline,10,0.0,0.0,0.0,inconclusive,0.0,0.0,0.0,inconclusive,BG00535,release,average_utilization
reservation_only_vs_baseline,10,0.004155251141552341,0.00033767123287667573,0.007890410958903938,inconclusive,0.001803654334735294,-0.0025488490785288203,0.006887845618063294,inconclusive,BG00535,release,average_utilization
both_flexible_vs_baseline,10,0.004155251141552341,0.0003105022831050344,0.0077445205479450005,inconclusive,0.001803654334735294,-0.002725712295414058,0.006682561315996315,inconclusive,BG00535,release,average_utilization
both_flexible_vs_horizon_only,10,0.004155251141552341,0.00043812785388120095,0.0077899543378992875,inconclusive,0.001803654334735294,-0.00271251802670546,0.006771922261273929,inconclusive,BG00535,release,average_utilization
both_flexible_vs_reservation_only,10,0.0,0.0,0.0,inconclusive,0.0,0.0,0.0,inconclusive,BG00535,release,average_utilization
reservation_only_vs_horizon_only,10,0.004155251141552341,0.00033721461187229124,0.007881278538812575,inconclusive,0.001803654334735294,-0.0026961632721156253,0.006880508020752594,inconclusive,BG00535,release,average_utilization
horizon_only_vs_baseline,10,0.0,0.0,0.0,inconclusive,0.0,0.0,0.0,inconclusive,BG00536,release,average_utilization
reservation_only_vs_baseline,10,0.00035616438356163017,-0.0013561643835614445,0.002075342465753247,inconclusive,0.0052818759759927225,-0.0005657601199820425,0.011108756042478,inconclusive,BG00536,release,average_utilization
both_flexible_vs_baseline,10,0.0015136986301367728,0.00014383561643839223,0.002890582191780922,inconclusive,-0.0053581767897602165,-0.008967354759054538,-0.0017306894353154698,contradicted,BG00536,release,average_utilization
both_flexible_vs_horizon_only,10,0.0015136986301367728,0.00015051369863022113,0.002863013698629613,inconclusive,-0.0053581767897602165,-0.009056206616321366,-0.001566386116775515,contradicted,BG00536,release,average_utilization
both_flexible_vs_reservation_only,10,0.0011575342465751427,-0.0007123287671232401,0.0027876712328766206,inconclusive,-0.010640052765752939,-0.016318778329447142,-0.005147072235766161,contradicted,BG00536,release,average_utilization
reservation_only_vs_horizon_only,10,0.00035616438356163017,-0.00145890410958907,0.0020892123287670795,inconclusive,0.0052818759759927225,-0.0006123172036428439,0.010995116958659018,inconclusive,BG00536,release,average_utilization
horizon_only_vs_baseline,10,0.0006575342465753419,-0.001194657534246753,0.0024712328767121858,inconclusive,-0.00018155667772266071,-0.005244447012732463,0.004672271690983465,inconclusive,BG00537,release,average_utilization
reservation_only_vs_baseline,10,0.0,0.0,0.0,inconclusive,0.0,0.0,0.0,inconclusive,BG00537,release,average_utilization
both_flexible_vs_baseline,10,0.0021315068493149903,0.0005369863013698489,0.003594657534246825,inconclusive,0.12369963288711547,0.11823690987925323,0.12850421583746247,supported,BG00537,release,average_utilization
both_flexible_vs_horizon_only,10,0.0014739726027396482,4.93150684930177e-05,0.0029809589041097802,inconclusive,0.12388118956483811,0.11952578984669221,0.12825210650389876,supported,BG00537,release,average_utilization
both_flexible_vs_reservation_only,10,0.0021315068493149903,0.0005917808219175053,0.0035453424657535784,inconclusive,0.12369963288711547,0.11833862576500853,0.12861010591493924,supported,BG00537,release,average_utilization
reservation_only_vs_horizon_only,10,-0.0006575342465753419,-0.002460273972602726,0.0011893150684934178,inconclusive,0.00018155667772266071,-0.004943015810055087,0.005490113014857297,inconclusive,BG00537,release,average_utilization
horizon_only_vs_baseline,10,0.0003196347031964142,-0.0019086757990867576,0.0026118721461187325,inconclusive,0.001222376441183648,-0.0008951305259577946,0.0031385857443225916,inconclusive,BG00538,release,average_utilization
reservation_only_vs_baseline,10,1.826484018265795e-05,-1.826484018262464e-05,5.479452054794054e-05,inconclusive,2.6230213145195248e-05,-4.42203944459596e-06,6.135035535458355e-05,inconclusive,BG00538,release,average_utilization
both_flexible_vs_baseline,10,0.0012237442922375386,-0.0014796803652967019,0.004063926940639328,inconclusive,0.001950262643205769,-0.0019368488652344823,0.005327076946139459,inconclusive,BG00538,release,average_utilization
both_flexible_vs_horizon_only,10,0.0009041095890411244,-0.00027397260273964773,0.002118721461187379,inconclusive,0.0007278862020221211,-0.0013307557481620157,0.0027400670075097182,inconclusive,BG00538,release,average_utilization
both_flexible_vs_reservation_only,10,0.0012054794520548807,-0.0012876712328767305,0.00418264840182625,inconclusive,0.0019240324300605737,-0.001891832408475728,0.005317826731116568,inconclusive,BG00538,release,average_utilization
reservation_only_vs_horizon_only,10,-0.0003013698630137562,-0.002630593607306074,0.0017990867579908538,inconclusive,-0.0011961462280384526,-0.003068409879544133,0.0009880695185850875,inconclusive,BG00538,release,average_utilization
horizon_only_vs_baseline,10,0.0,0.0,0.0,inconclusive,0.0,0.0,0.0,inconclusive,BG00539,release,average_utilization
reservation_only_vs_baseline,10,0.0008219178082191636,-0.0002739726027395811,0.0021373287671235513,inconclusive,0.01589891895547583,0.013441930264257133,0.018622821358452262,supported,BG00539,release,average_utilization
both_flexible_vs_baseline,10,0.0008219178082191636,-0.0002739726027397482,0.002068493150684827,inconclusive,0.01589891895547583,0.013389429153332093,0.018617237593922156,supported,BG00539,release,average_utilization
both_flexible_vs_horizon_only,10,0.0008219178082191636,-0.00027397260273981567,0.0020547945205480547,inconclusive,0.01589891895547583,0.013407528388779176,0.018545831897966172,supported,BG00539,release,average_utilization
both_flexible_vs_reservation_only,10,0.0,0.0,0.0,inconclusive,0.0,0.0,0.0,inconclusive,BG00539,release,average_utilization
reservation_only_vs_horizon_only,10,0.0008219178082191636,-0.0002602739726027872,0.0020958904109589253,inconclusive,0.01589891895547583,0.013507479758273938,0.018548367638774856,supported,BG00539,release,average_utilization
horizon_only_vs_baseline,10,0.0,0.0,0.0,inconclusive,0.0,0.0,0.0,inconclusive,BG00540,release,average_utilization
reservation_only_vs_baseline,10,0.0017602739726025774,-0.0018565068493151984,0.006602910958903873,inconclusive,-0.001367301702798418,-0.003757952365725115,0.0013596232018700766,inconclusive,BG00540,release,average_utilization
both_flexible_vs_baseline,10,0.0017602739726025774,-0.0019044520547946047,0.006446061643835305,inconclusive,-0.001367301702798418,-0.0037307284856136326,0.001476160804426318,inconclusive,BG00540,release,average_utilization
both_flexible_vs_horizon_only,10,0.0017602739726025774,-0.0019933219178082996,0.0065827054794517295,inconclusive,-0.001367301702798418,-0.0038247624505916558,0.001236791997595915,inconclusive,BG00540,release,average_utilization
both_flexible_vs_reservation_only,10,0.0,0.0,0.0,inconclusive,0.0,0.0,0.0,inconclusive,BG00540,release,average_utilization
reservation_only_vs_horizon_only,10,0.0017602739726025774,-0.001890753424657676,0.0066303082191777486,inconclusive,-0.001367301702798418,-0.0038911852750947665,0.0014003712056534967,inconclusive,BG00540,release,average_utilization
horizon_only_vs_baseline,10,0.002520547945205376,0.00029452054794522066,0.0047534246575340585,inconclusive,0.023399949089312356,0.021926309957280923,0.024938426830804085,supported,BG00541,release,average_utilization
reservation_only_vs_baseline,10,0.0028150684931508964,0.0010136986301375636,0.004102910958904337,inconclusive,0.03442129222340469,0.030924365703381366,0.038919127690940254,supported,BG00541,release,average_utilization
both_flexible_vs_baseline,10,0.0028150684931508964,0.0010547945205487365,0.0041234589041095416,inconclusive,0.03442129222340469,0.030889949634543504,0.03878872802508863,supported,BG00541,release,average_utilization
both_flexible_vs_horizon_only,10,0.0002945205479455204,-0.0018835616438352299,0.0025070205479456524,inconclusive,0.011021343134092332,0.008136826580056322,0.014328167436695462,supported,BG00541,release,average_utilization
both_flexible_vs_reservation_only,10,0.0,0.0,0.0,inconclusive,0.0,0.0,0.0,inconclusive,BG00541,release,average_utilization
reservation_only_vs_horizon_only,10,0.0002945205479455204,-0.0018702054794519783,0.0025479452054793907,inconclusive,0.011021343134092332,0.008152040974928054,0.014455096461229796,supported,BG00541,release,average_utilization
horizon_only_vs_baseline,10,0.0,0.0,0.0,inconclusive,0.0,0.0,0.0,inconclusive,BG00542,release,average_utilization
reservation_only_vs_baseline,10,0.0024109589041092726,-0.00047979452054786113,0.005301369863012885,inconclusive,0.002580841538667966,-0.0004706551744703208,0.005270757494798546,inconclusive,BG00542,release,average_utilization
both_flexible_vs_baseline,10,0.0024109589041092726,-0.00047945205479446226,0.005383561643834989,inconclusive,0.002580841538667966,-0.00044845615855308973,0.005258063993305143,inconclusive,BG00542,release,average_utilization
both_flexible_vs_horizon_only,10,0.0024109589041092726,-0.0005205479452051817,0.005301712328766505,inconclusive,0.002580841538667966,-0.0005579352949105382,0.005189037936363011,inconclusive,BG00542,release,average_utilization
both_flexible_vs_reservation_only,10,0.0,0.0,0.0,inconclusive,0.0,0.0,0.0,inconclusive,BG00542,release,average_utilization
reservation_only_vs_horizon_only,10,0.0024109589041092726,-0.0004386986301367331,0.005301712328766462,inconclusive,0.002580841538667966,-0.00031340956336198267,0.005210443249451257,inconclusive,BG00542,release,average_utilization
horizon_only_vs_baseline,10,0.0004931506849314316,-0.0011232876712327876,0.002228538812785121,inconclusive,-0.023138089521879502,-0.026577024597796824,-0.020201464880708127,contradicted,BG00543,release,average_utilization
reservation_only_vs_baseline,10,0.0009771689497717006,-0.0006849315068489528,0.002739954337899446,inconclusive,-0.1529349072339504,-0.15736572127387452,-0.14928092488757833,contradicted,BG00543,release,average_utilization
both_flexible_vs_baseline,10,0.001936073059360477,-9.155251141598978e-05,0.0040641552511412075,inconclusive,-0.11572853774213179,-0.11878949362297392,-0.11285342477612753,contradicted,BG00543,release,average_utilization
both_flexible_vs_horizon_only,10,0.0014429223744290454,0.0002374429223743954,0.002684931506849189,inconclusive,-0.09259044822025228,-0.09564814645524672,-0.08962483612944483,contradicted,BG00543,release,average_utilization
both_flexible_vs_reservation_only,10,0.0009589041095887762,-0.00038356164383580887,0.002283105022830737,inconclusive,0.03720636949181863,0.03494911372297943,0.03950918997877378,supported,BG00543,release,average_utilization
reservation_only_vs_horizon_only,10,0.0004840182648402691,-0.0003561643835613973,0.0015068493150684943,inconclusive,-0.1297968177120709,-0.13468224444831398,-0.12569105228905636,contradicted,BG00543,release,average_utilization
horizon_only_vs_baseline,10,0.05746575342465717,0.05446575342465745,0.06034965753424609,supported,-0.014000476885399543,-0.015170423920328264,-0.012485920430712406,contradicted,BG00544,release,average_utilization
reservation_only_vs_baseline,10,0.002075342465753238,-0.0013426369863013734,0.0053904109589037585,inconclusive,0.0014910853790188582,-0.0007944259796229079,0.0037712490159756648,inconclusive,BG00544,release,average_utilization
both_flexible_vs_baseline,10,0.0591164383561645,0.0556779109589046,0.06217157534246604,supported,-0.01438589135609008,-0.01640525436796359,-0.012306819805047551,contradicted,BG00544,release,average_utilization
both_flexible_vs_horizon_only,10,0.001650684931507329,-0.0003287671232873232,0.003856164383562168,inconclusive,-0.00038541447069053716,-0.002150754653109518,0.0013016919172593947,inconclusive,BG00544,release,average_utilization
both_flexible_vs_reservation_only,10,0.057041095890411266,0.05386969178082213,0.060280993150685004,supported,-0.01587697673510894,-0.017157818065748717,-0.014580738863547459,contradicted,BG00544,release,average_utilization
reservation_only_vs_horizon_only,10,-0.055390410958903936,-0.057952226027397066,-0.052821575342465676,contradicted,0.0154915622644184,0.013420313106270627,0.017826258845048064,supported,BG00544,release,average_utilization
horizon_only_vs_baseline,10,0.0,0.0,0.0,inconclusive,0.0,0.0,0.0,inconclusive,BG00545,release,average_utilization
reservation_only_vs_baseline,10,0.0023972602739724567,-0.0017123287671232622,0.007958904109588617,inconclusive,0.0002305746360486638,-0.00015194128083901524,0.0007510426146431118,inconclusive,BG00545,release,average_utilization
both_flexible_vs_baseline,10,0.003273972602739672,0.0002054794520547465,0.007384246575342474,inconclusive,0.00035670851085362054,-0.00035799568483922407,0.00106643175746915,inconclusive,BG00545,release,average_utilization
both_flexible_vs_horizon_only,10,0.003273972602739672,0.00019178082191780854,0.007219520547945147,inconclusive,0.00035670851085362054,-0.00034568270396858334,0.0010909369521943323,inconclusive,BG00545,release,average_utilization
both_flexible_vs_reservation_only,10,0.0008767123287672151,-0.005795205479451729,0.006958904109589015,inconclusive,0.00012613387480495675,-0.0006627251051338692,0.0008916434768473473,inconclusive,BG00545,release,average_utilization
reservation_only_vs_horizon_only,10,0.0023972602739724567,-0.0017808219178082176,0.007849657534246204,inconclusive,0.0002305746360486638,-0.00014671979306868756,0.0007469430703162384,inconclusive,BG00545,release,average_utilization
horizon_only_vs_baseline,10,0.0,0.0,0.0,inconclusive,0.0,0.0,0.0,inconclusive,BG00546,release,average_utilization
reservation_only_vs_baseline,10,0.0018767123287671938,-0.0008904109589040088,0.005397431506849438,inconclusive,0.0003390482975079379,-0.0007138682721550729,0.0015121253207831947,inconclusive,BG00546,release,average_utilization
both_flexible_vs_baseline,10,0.0018767123287671938,-0.0008905821917808659,0.005219178082191901,inconclusive,0.0003390482975079379,-0.0007053645214307988,0.0014745959875646255,inconclusive,BG00546,release,average_utilization
both_flexible_vs_horizon_only,10,0.0018767123287671938,-0.0008972602739726341,0.005287671232876867,inconclusive,0.0003390482975079379,-0.0006868151599766913,0.001506050798361586,inconclusive,BG00546,release,average_utilization
both_flexible_vs_reservation_only,10,0.0,0.0,0.0,inconclusive,0.0,0.0,0.0,inconclusive,BG00546,release,average_utilization
reservation_only_vs_horizon_only,10,0.0018767123287671938,-0.0008220890410958661,0.005301712328767231,inconclusive,0.0003390482975079379,-0.0006661816228803677,0.001500458057290975,inconclusive,BG00546,release,average_utilization
horizon_only_vs_baseline,10,0.001013698630137072,-0.0009864726027393994,0.00291095890410942,inconclusive,-0.0007646668967503434,-0.003814678392767315,0.0026140075735285465,inconclusive,BG00547,release,average_utilization
reservation_only_vs_baseline,10,0.0024178082191779306,0.0007123287671231376,0.0040205479452052354,inconclusive,0.002196113086708551,0.0002848716160454887,0.004991346007325559,inconclusive,BG00547,release,average_utilization
both_flexible_vs_baseline,10,0.002835616438355959,-0.0012195205479453204,0.0061849315068490595,inconclusive,0.0016748127656675883,-0.0015321724477048693,0.004786977944376352,inconclusive,BG00547,release,average_utilization
both_flexible_vs_horizon_only,10,0.001821917808218887,-0.0018424657534248051,0.004534246575341961,inconclusive,0.0024394796624179317,-0.0004131628669750278,0.005263310095353041,inconclusive,BG00547,release,average_utilization
both_flexible_vs_reservation_only,10,0.00041780821917802857,-0.0032467465753426147,0.0035895547945205665,inconclusive,-0.0005213003210409628,-0.0027274699425534565,0.0017039081008761241,inconclusive,BG00547,release,average_utilization
reservation_only_vs_horizon_only,10,0.0014041095890408584,-0.0001164383561646104,0.0035070205479449707,inconclusive,0.0029607799834588944,0.00013773792817197347,0.005130779985907212,inconclusive,BG00547,release,average_utilization
horizon_only_vs_baseline,10,0.02135159817351543,0.018218949771689037,0.024192237442921424,supported,0.006317520547241906,0.0041774656434040245,0.008433298189767763,supported,BG00548,release,average_utilization
reservation_only_vs_baseline,10,0.0218538812785384,0.019378995433789476,0.023999999999999598,supported,0.07823898189368275,0.0754137283589681,0.08082207451892907,supported,BG00548,release,average_utilization
both_flexible_vs_baseline,10,0.02220091324200879,0.019387899543378655,0.025351826484017882,supported,0.0317423233541531,0.029982965531410635,0.03361873550544349,supported,BG00548,release,average_utilization
both_flexible_vs_horizon_only,10,0.0008493150684933615,-0.0016347031963465993,0.003406392694063845,inconclusive,0.02542480280691119,0.02317644665168561,0.027363686667188733,supported,BG00548,release,average_utilization
both_flexible_vs_reservation_only,10,0.00034703196347039,-0.001853881278538541,0.002410958904109418,inconclusive,-0.04649665853952965,-0.04886557968058823,-0.044160698325859296,contradicted,BG00548,release,average_utilization
reservation_only_vs_horizon_only,10,0.0005022831050229715,-0.0014157534246572938,0.0026849315068489185,inconclusive,0.07192146134644085,0.06929505604406744,0.07495361402423664,supported,BG00548,release,average_utilization
horizon_only_vs_baseline,10,0.0018356164383561357,-0.0017400684931505588,0.005945547945205477,inconclusive,-0.003273064368372991,-0.007369903536922473,0.0006525498144536109,inconclusive,BG00549,release,average_utilization
reservation_only_vs_baseline,10,0.0002876712328768405,-0.002589041095890012,0.0028493150684930453,inconclusive,0.00242559037417005,-0.001193350412546123,0.006439678177843759,inconclusive,BG00549,release,average_utilization
both_flexible_vs_baseline,10,0.0018356164383561357,-0.0016164383561643792,0.00587705479452045,inconclusive,-0.003273064368372991,-0.007245338879451407,0.0006710638732659058,inconclusive,BG00549,release,average_utilization
both_flexible_vs_horizon_only,10,0.0,0.0,0.0,inconclusive,0.0,0.0,0.0,inconclusive,BG00549,release,average_utilization
both_flexible_vs_reservation_only,10,0.0015479452054792953,-0.00286335616438397,0.005863356164383358,inconclusive,-0.005698654742543041,-0.010801711465979311,-0.0008845058026346884,contradicted,BG00549,release,average_utilization
reservation_only_vs_horizon_only,10,-0.0015479452054792953,-0.005672260273972442,0.003027397260274035,inconclusive,0.005698654742543041,0.0008693574974019767,0.011033090791934907,supported,BG00549,release,average_utilization
horizon_only_vs_baseline,10,0.0,0.0,0.0,inconclusive,0.0,0.0,0.0,inconclusive,BG00550,release,average_utilization
reservation_only_vs_baseline,10,0.005328767123287836,-0.0033287671232872943,0.015180136986301428,inconclusive,-0.0012017000769234064,-0.0040521167268754025,0.0017970862630052923,inconclusive,BG00550,release,average_utilization
both_flexible_vs_baseline,10,0.005328767123287836,-0.0033698630136980473,0.014493150684931545,inconclusive,-0.0012017000769234064,-0.003967072245939742,0.0017143611551614858,inconclusive,BG00550,release,average_utilization
both_flexible_vs_horizon_only,10,0.005328767123287836,-0.0035482876712324453,0.014959246575342616,inconclusive,-0.0012017000769234064,-0.004054993660672399,0.0017708103691107984,inconclusive,BG00550,release,average_utilization
both_flexible_vs_reservation_only,10,0.0,0.0,0.0,inconclusive,0.0,0.0,0.0,inconclusive,BG00550,release,average_utilization
reservation_only_vs_horizon_only,10,0.005328767123287836,-0.0034523972602737295,0.015164726027397065,inconclusive,-0.0012017000769234064,-0.003987870033753495,0.001731472199572835,inconclusive,BG00550,release,average_utilization
horizon_only_vs_baseline,10,0.0,0.0,0.0,inconclusive,0.0,0.0,0.0,inconclusive,BG00551,release,average_utilization
reservation_only_vs_baseline,10,0.002566210045662087,-0.0015986301369861923,0.00651164383561652,inconclusive,-0.00925212370595344,-0.012535873065361688,-0.0058822594035459,contradicted,BG00551,release,average_utilization
both_flexible_vs_baseline,10,0.0026484018264845478,-0.0016531963470315068,0.0066575342465759295,inconclusive,-0.007847783442417123,-0.01006421164106176,-0.005392593318694845,contradicted,BG00551,release,average_utilization
both_flexible_vs_horizon_only,10,0.0026484018264845478,-0.0015892694063924196,0.00663013698630185,inconclusive,-0.007847783442417123,-0.010078384839790627,-0.005323963972474945,contradicted,BG00551,release,average_utilization
both_flexible_vs_reservation_only,10,8.219178082246037e-05,-0.004000228310501857,0.004329223744293081,inconclusive,0.0014043402635363189,-0.0022218201386449508,0.005736478389885088,inconclusive,BG00551,release,average_utilization
reservation_only_vs_horizon_only,10,0.002566210045662087,-0.0016623287671236255,0.00652077625570818,inconclusive,-0.00925212370595344,-0.012581300540503264,-0.005930576066268927,contradicted,BG00551,release,average_utilization
horizon_only_vs_baseline,10,0.0,0.0,0.0,inconclusive,0.0,0.0,0.0,inconclusive,BG00552,release,average_utilization
reservation_only_vs_baseline,10,0.0003470319634704011,-0.0016255707762554993,0.0021917808219175257,inconclusive,-0.0025269064452559274,-0.005451575522105627,0.0008651136104946578,inconclusive,BG00552,release,average_utilization
both_flexible_vs_baseline,10,0.0008401826484020325,-0.0033157534246575043,0.004164611872146759,inconclusive,-0.0045894294818571105,-0.0070053137143124295,-0.0020671683413535937,inconclusive,BG00552,release,average_utilization
both_flexible_vs_horizon_only,10,0.0008401826484020325,-0.003552511415524752,0.004182648401826918,inconclusive,-0.0045894294818571105,-0.006938592004540291,-0.002029220973333549,inconclusive,BG00552,release,average_utilization
both_flexible_vs_reservation_only,10,0.0004931506849316314,-0.003544063926940668,0.004018493150685156,inconclusive,-0.0020625230366011827,-0.0058337086222968425,0.0018027375210549013,inconclusive,BG00552,release,average_utilization
reservation_only_vs_horizon_only,10,0.0003470319634704011,-0.0015525114155248488,0.0021735159817350236,inconclusive,-0.0025269064452559274,-0.005644881271914505,0.0006932506050703235,inconclusive,BG00552,release,average_utilization
horizon_only_vs_baseline,10,0.0,0.0,0.0,inconclusive,0.0,0.0,0.0,inconclusive,BG00553,release,average_utilization
reservation_only_vs_baseline,10,0.0011945205479449773,-0.0005645205479454237,0.0031124657534242796,inconclusive,-0.0012446743257908844,-0.005151609451004053,0.002295357660180589,inconclusive,BG00553,release,average_utilization
both_flexible_vs_baseline,10,0.0011945205479449773,-0.0005534246575345439,0.003189315068492805,inconclusive,-0.0012446743257908844,-0.005007341360144426,0.0021778858798864186,inconclusive,BG00553,release,average_utilization
both_flexible_vs_horizon_only,10,0.0011945205479449773,-0.0005424657534249369,0.0031343835616434086,inconclusive,-0.0012446743257908844,-0.005180487068154369,0.0022978860674158076,inconclusive,BG00553,release,average_utilization
both_flexible_vs_reservation_only,10,0.0,0.0,0.0,inconclusive,0.0,0.0,0.0,inconclusive,BG00553,release,average_utilization
reservation_only_vs_horizon_only,10,0.0011945205479449773,-0.0005260273972604984,0.003145205479451442,inconclusive,-0.0012446743257908844,-0.004992296772896658,0.0022155402568545097,inconclusive,BG00553,release,average_utilization
horizon_only_vs_baseline,10,0.0,0.0,0.0,inconclusive,0.0,0.0,0.0,inconclusive,BG00554,release,average_utilization
reservation_only_vs_baseline,10,0.001771689497716744,-0.00020091324200912364,0.004091324200913066,inconclusive,0.008205865448070882,0.004976985339265707,0.011001342243189986,supported,BG00554,release,average_utilization
both_flexible_vs_baseline,10,0.001771689497716744,-0.00018264840182661613,0.004146347031963435,inconclusive,0.008205865448070882,0.005023253744270879,0.011050166705824227,supported,BG00554,release,average_utilization
both_flexible_vs_horizon_only,10,0.001771689497716744,-0.00021004566210036378,0.004027397260273608,inconclusive,0.008205865448070882,0.005116629497275832,0.011131656589125571,supported,BG00554,release,average_utilization
both_flexible_vs_reservation_only,10,0.0,0.0,0.0,inconclusive,0.0,0.0,0.0,inconclusive,BG00554,release,average_utilization
reservation_only_vs_horizon_only,10,0.001771689497716744,-0.00014611872146144287,0.004128082191780657,inconclusive,0.008205865448070882,0.005141449797979461,0.011022411748895603,supported,BG00554,release,average_utilization
horizon_only_vs_baseline,10,0.0,0.0,0.0,inconclusive,0.0,0.0,0.0,inconclusive,BG00555,release,average_utilization
reservation_only_vs_baseline,10,0.0042575342465752675,0.0015835616438355483,0.00661383561643839,inconclusive,0.045418011386945914,0.03949285016688385,0.050854315102994485,supported,BG00555,release,average_utilization
both_flexible_vs_baseline,10,0.0042575342465752675,0.001435205479452091,0.006646575342465672,inconclusive,0.045418011386945914,0.0396910456113848,0.051035135156250744,supported,BG00555,release,average_utilization
both_flexible_vs_horizon_only,10,0.0042575342465752675,0.0016219178082191618,0.0066138356164384005,inconclusive,0.045418011386945914,0.039558734620894494,0.050857647413772904,supported,BG00555,release,average_utilization
both_flexible_vs_reservation_only,10,0.0,0.0,0.0,inconclusive,0.0,0.0,0.0,inconclusive,BG00555,release,average_utilization
reservation_only_vs_horizon_only,10,0.0042575342465752675,0.0016000000000001317,0.00676246575342435,inconclusive,0.045418011386945914,0.039354962948963484,0.05094244419722957,supported,BG00555,release,average_utilization
horizon_only_vs_baseline,10,0.006068493150685028,0.0038215753424657257,0.00871267123287693,supported,-0.025710675900881913,-0.028930317463973464,-0.022333528823744904,contradicted,BG00556,release,average_utilization
reservation_only_vs_baseline,10,0.006191780821917814,0.004164041095890117,0.007794520547945394,supported,0.15356128055622897,0.15132467142340145,0.15587025716626102,supported,BG00556,release,average_utilization
both_flexible_vs_baseline,10,0.006958904109589159,0.005602739726027636,0.008383561643835637,supported,0.1541319884392401,0.15169716638239658,0.15637751278293816,supported,BG00556,release,average_utilization
both_flexible_vs_horizon_only,10,0.0008904109589041309,-0.002370205479452075,0.0038493150684931654,inconclusive,0.179842664340122,0.17540266900355425,0.1839013188828021,supported,BG00556,release,average_utilization
both_flexible_vs_reservation_only,10,0.0007671232876713452,-0.0009729452054796371,0.0027811643835619847,inconclusive,0.0005707078830111123,-0.0021452759869426403,0.003337858686304085,inconclusive,BG00556,release,average_utilization
reservation_only_vs_horizon_only,10,0.00012328767123278572,-0.002589041095890243,0.0024246575342465,inconclusive,0.1792719564571109,0.1761018012414994,0.18222516570770678,supported,BG00556,release,average_utilization
horizon_only_vs_baseline,10,0.001079452054794483,-0.00026876712328764035,0.002482191780821964,inconclusive,0.002618477965084731,-0.003217191454456274,0.008044707133756237,inconclusive,BG00557,release,average_utilization
reservation_only_vs_baseline,10,0.0017863013698630637,3.2739726027412086e-05,0.0036113698630138606,inconclusive,0.09422214698446388,0.08876096857548658,0.09950728766894043,supported,BG00557,release,average_utilization
both_flexible_vs_baseline,10,0.0020931506849314885,0.00037232876712356075,0.00385753424657529,inconclusive,0.08145509344924004,0.07688084793795828,0.08631754013400839,supported,BG00557,release,average_utilization
both_flexible_vs_horizon_only,10,0.0010136986301370055,-0.00019178082191763257,0.002252054794520295,inconclusive,0.07883661548415531,0.07216743826236355,0.08558338802279186,supported,BG00557,release,average_utilization
both_flexible_vs_reservation_only,10,0.00030684931506842484,-0.0010246575342463587,0.0016767123287670495,inconclusive,-0.012767053535223838,-0.01749851002832398,-0.008299676463900417,contradicted,BG00557,release,average_utilization
reservation_only_vs_horizon_only,10,0.0007068493150685807,-0.0007178082191780016,0.0021753424657532518,inconclusive,0.09160366901937915,0.08670760459717392,0.09674583316417844,supported,BG00557,release,average_utilization
horizon_only_vs_baseline,10,0.0,0.0,0.0,inconclusive,0.0,0.0,0.0,inconclusive,BG00558,release,average_utilization
reservation_only_vs_baseline,10,0.0006232876712326862,-0.0015412671232878819,0.0027328767123284393,inconclusive,0.0027070397163195038,-0.002139395521156082,0.006610471845929271,inconclusive,BG00558,release,average_utilization
both_flexible_vs_baseline,10,0.0006232876712326862,-0.001658047945205714,0.002698630136985795,inconclusive,0.0027070397163195038,-0.002137801062890349,0.006515854862622489,inconclusive,BG00558,release,average_utilization
both_flexible_vs_horizon_only,10,0.0006232876712326862,-0.0016029109589044122,0.0027261986301370944,inconclusive,0.0027070397163195038,-0.002087767351584421,0.006506255682425342,inconclusive,BG00558,release,average_utilization
both_flexible_vs_reservation_only,10,0.0,0.0,0.0,inconclusive,0.0,0.0,0.0,inconclusive,BG00558,release,average_utilization
reservation_only_vs_horizon_only,10,0.0006232876712326862,-0.001650684931506758,0.0026575342465753565,inconclusive,0.0027070397163195038,-0.002184823160980865,0.006563895918284848,inconclusive,BG00558,release,average_utilization
horizon_only_vs_baseline,10,0.0,0.0,0.0,inconclusive,0.0,0.0,0.0,inconclusive,BG00559,release,average_utilization
reservation_only_vs_baseline,10,2.0547945205495743e-05,6.849315068480078e-06,4.109589041099176e-05,inconclusive,1.4170444922922965e-05,-1.4282314586339105e-06,3.1039470960603224e-05,inconclusive,BG00559,release,average_utilization
both_flexible_vs_baseline,10,0.0008972602739722891,-0.0010410958904110133,0.002938698630137081,inconclusive,0.00015075763589436075,-0.004055988518120563,0.004278084126396578,inconclusive,BG00559,release,average_utilization
both_flexible_vs_horizon_only,10,0.0008972602739722891,-0.00109589041095862,0.003013698630136507,inconclusive,0.00015075763589436075,-0.003966372653717,0.004336801594841331,inconclusive,BG00559,release,average_utilization
both_flexible_vs_reservation_only,10,0.0008767123287667933,-0.0010344178082197946,0.00302054794520524,inconclusive,0.0001365871909714378,-0.003929584577223156,0.004269063267827897,inconclusive,BG00559,release,average_utilization
reservation_only_vs_horizon_only,10,2.0547945205495743e-05,6.678082191768134e-06,4.109589041100259e-05,inconclusive,1.4170444922922965e-05,-8.514496442546537e-07,3.0054368734676328e-05,inconclusive,BG00559,release,average_utilization
horizon_only_vs_baseline,10,0.0011561643835617196,-0.0005424657534241717,0.002904109589040894,inconclusive,0.0004922064860213738,-0.0015819423099106304,0.0024702032718069283,inconclusive,BG00560,release,average_utilization
reservation_only_vs_baseline,10,0.009824657534246772,0.008926027397260448,0.010706849315068736,supported,-0.11060854661318983,-0.11377502462575229,-0.10736310524017306,contradicted,BG00560,release,average_utilization
both_flexible_vs_baseline,10,0.009824657534246772,0.008915068493150918,0.01071232876712359,supported,-0.11060854661318983,-0.11375169852998768,-0.10746376363252873,contradicted,BG00560,release,average_utilization
both_flexible_vs_horizon_only,10,0.008668493150685052,0.006827260273972767,0.010558904109589038,supported,-0.11110075309921122,-0.11291266584840774,-0.1093595760996063,contradicted,BG00560,release,average_utilization
both_flexible_vs_reservation_only,10,0.0,0.0,0.0,inconclusive,0.0,0.0,0.0,inconclusive,BG00560,release,average_utilization
reservation_only_vs_horizon_only,10,0.008668493150685052,0.006843698630137279,0.010520547945205298,supported,-0.11110075309921122,-0.1128980571379417,-0.10934758177775902,contradicted,BG00560,release,average_utilization
horizon_only_vs_baseline,10,0.0,0.0,0.0,inconclusive,0.0,0.0,0.0,inconclusive,BG00561,release,average_utilization
reservation_only_vs_baseline,10,0.00235068493150663,-0.0023616438356166367,0.006838493150684804,inconclusive,0.001104306306294034,-0.0004851035598933081,0.0026751544306056045,inconclusive,BG00561,release,average_utilization
both_flexible_vs_baseline,10,0.00235068493150663,-0.002263013698630247,0.006893150684931285,inconclusive,0.001104306306294034,-0.0005293586222878014,0.002651721767543929,inconclusive,BG00561,release,average_utilization
both_flexible_vs_horizon_only,10,0.00235068493150663,-0.0021647945205482337,0.006734383561643614,inconclusive,0.001104306306294034,-0.0004930602429921606,0.0026818806583309212,inconclusive,BG00561,release,average_utilization
both_flexible_vs_reservation_only,10,0.0,0.0,0.0,inconclusive,0.0,0.0,0.0,inconclusive,BG00561,release,average_utilization
reservation_only_vs_horizon_only,10,0.00235068493150663,-0.0021753424657536607,0.0068553424657534995,inconclusive,0.001104306306294034,-0.0005039428215045641,0.0026847870467828655,inconclusive,BG00561,release,average_utilization
horizon_only_vs_baseline,10,0.0,0.0,0.0,inconclusive,0.0,0.0,0.0,inconclusive,BG00562,release,average_utilization
reservation_only_vs_baseline,10,0.00010045662100474084,-0.0019817351598171136,0.0018995433789957051,inconclusive,-0.001402536685744371,-0.003836301633695399,0.0013883872523107134,inconclusive,BG00562,release,average_utilization
both_flexible_vs_baseline,10,0.00010045662100474084,-0.0019636986301368895,0.0018447488584474561,inconclusive,-0.001402536685744371,-0.0039151943966815005,0.0014913456598677846,inconclusive,BG00562,release,average_utilization
both_flexible_vs_horizon_only,10,0.00010045662100474084,-0.0019178082191777764,0.0018538812785388221,inconclusive,-0.001402536685744371,-0.0038511662093497832,0.0014308478315126698,inconclusive,BG00562,release,average_utilization
both_flexible_vs_reservation_only,10,0.0,0.0,0.0,inconclusive,0.0,0.0,0.0,inconclusive,BG00562,release,average_utilization
reservation_only_vs_horizon_only,10,0.00010045662100474084,-0.0019271689497714524,0.0018082191780824162,inconclusive,-0.001402536685744371,-0.003934707435062453,0.0014326442172053063,inconclusive,BG00562,release,average_utilization
horizon_only_vs_baseline,10,0.0,0.0,0.0,inconclusive,0.0,0.0,0.0,inconclusive,BG00563,release,average_utilization
reservation_only_vs_baseline,10,0.0008356164383560349,-0.0008287671232878913,0.0025821917808220483,inconclusive,0.00582529162303545,0.0035026180870216155,0.008058564441948333,supported,BG00563,release,average_utilization
both_flexible_vs_baseline,10,0.0008356164383560349,-0.0008493150684936058,0.00257551369862962,inconclusive,0.00582529162303545,0.0035775703269538797,0.008041807069979708,supported,BG00563,release,average_utilization
both_flexible_vs_horizon_only,10,0.0008356164383560349,-0.0008357876712335457,0.002589041095890398,inconclusive,0.00582529162303545,0.0033873972399658635,0.008068242637100938,supported,BG00563,release,average_utilization
both_flexible_vs_reservation_only,10,0.0,0.0,0.0,inconclusive,0.0,0.0,0.0,inconclusive,BG00563,release,average_utilization
reservation_only_vs_horizon_only,10,0.0008356164383560349,-0.0009315068493151924,0.002602739726027363,inconclusive,0.00582529162303545,0.003467782128949183,0.008095857881790864,supported,BG00563,release,average_utilization
horizon_only_vs_baseline,10,0.0,0.0,0.0,inconclusive,0.0,0.0,0.0,inconclusive,BG00564,release,average_utilization
reservation_only_vs_baseline,10,0.0008219178082191303,0.0,0.002465753424657391,inconclusive,0.000355193448238178,0.0,0.0010507666052135488,inconclusive,BG00564,release,average_utilization
both_flexible_vs_baseline,10,0.0010273972602737435,-0.0005412671232880425,0.002513698630136545,inconclusive,-0.007532824005588412,-0.011222378931777903,-0.0038437028529966595,contradicted,BG00564,release,average_utilization
both_flexible_vs_horizon_only,10,0.0010273972602737435,-0.0005070205479456573,0.0024520547945202703,inconclusive,-0.007532824005588412,-0.0113298529705868,-0.003865618719824437,contradicted,BG00564,release,average_utilization
both_flexible_vs_reservation_only,10,0.00020547945205461325,-0.0014383561643832017,0.0018424657534239354,inconclusive,-0.00788801745382659,-0.012286104608508423,-0.003975281687697822,contradicted,BG00564,release,average_utilization
reservation_only_vs_horizon_only,10,0.0008219178082191303,0.0,0.002465753424657391,inconclusive,0.000355193448238178,0.0,0.0010507666052135488,inconclusive,BG00564,release,average_utilization
horizon_only_vs_baseline,10,0.0008657534246574894,-0.0007727397260275698,0.002482328767123278,inconclusive,0.002906315188551195,0.0008193668013555349,0.0052535695772463736,inconclusive,BG00565,release,average_utilization
reservation_only_vs_baseline,10,0.012657534246575198,0.011084657534246272,0.01394534246575349,supported,0.194684673336691,0.19260389076865772,0.19660444893854165,supported,BG00565,release,average_utilization
both_flexible_vs_baseline,10,0.012969863013698402,0.010284657534246408,0.015123424657534123,supported,0.18677673606522605,0.18427875100227029,0.18924576550017638,supported,BG00565,release,average_utilization
both_flexible_vs_horizon_only,10,0.012104109589040912,0.010114657534246705,0.013879452054793908,supported,0.18387042087667488,0.18160159276463456,0.18589061438984264,supported,BG00565,release,average_utilization
both_flexible_vs_reservation_only,10,0.00031232876712320443,-0.0013535616438356717,0.0021480821917810346,inconclusive,-0.00790793727146497,-0.010384563225974766,-0.005402639855490039,contradicted,BG00565,release,average_utilization
reservation_only_vs_horizon_only,10,0.011791780821917707,0.010164383561643637,0.013452191780822256,supported,0.19177835814813982,0.1896807255313098,0.19388012175510408,supported,BG00565,release,average_utilization
horizon_only_vs_baseline,10,0.0,0.0,0.0,inconclusive,0.0,0.0,0.0,inconclusive,BG00566,release,average_utilization
reservation_only_vs_baseline,10,0.0020068493150685375,-0.0004041095890410248,0.0053768835616437895,inconclusive,-4.0224687463197296e-05,-0.0010855619030364228,0.0007823131516026212,inconclusive,BG00566,release,average_utilization
both_flexible_vs_baseline,10,0.0020068493150685375,-0.0003835616438353773,0.005267123287671205,inconclusive,-4.0224687463197296e-05,-0.0010522473333301743,0.0008061316030922319,inconclusive,BG00566,release,average_utilization
both_flexible_vs_horizon_only,10,0.0020068493150685375,-0.0003698630136985681,0.005335616438356139,inconclusive,-4.0224687463197296e-05,-0.0010905327934543887,0.0008056032145965092,inconclusive,BG00566,release,average_utilization
both_flexible_vs_reservation_only,10,0.0,0.0,0.0,inconclusive,0.0,0.0,0.0,inconclusive,BG00566,release,average_utilization
reservation_only_vs_horizon_only,10,0.0020068493150685375,-0.00037671232876704985,0.0052405821917808565,inconclusive,-4.0224687463197296e-05,-0.0010759905573590085,0.0008159984765790239,inconclusive,BG00566,release,average_utilization
horizon_only_vs_baseline,10,0.00029223744292248275,-0.0019178082191780876,0.002365296803653305,inconclusive,-0.015508287352790195,-0.021304704961180344,-0.009150000663252136,contradicted,BG00567,release,average_utilization
reservation_only_vs_baseline,10,0.010721461187214398,0.008785388127853986,0.012246575342465553,supported,-0.12521283932588145,-0.12838308962081585,-0.12225596705499846,contradicted,BG00567,release,average_utilization
both_flexible_vs_baseline,10,0.010721461187214398,0.008785388127853752,0.012255936073059354,supported,-0.12521283932588145,-0.12832960004413205,-0.12223278070118461,contradicted,BG00567,release,average_utilization
both_flexible_vs_horizon_only,10,0.010429223744291916,0.00853881278538789,0.012420091324200518,supported,-0.10970455197309126,-0.11389763395908183,-0.1057828108311565,contradicted,BG00567,release,average_utilization
both_flexible_vs_reservation_only,10,0.0,0.0,0.0,inconclusive,0.0,0.0,0.0,inconclusive,BG00567,release,average_utilization
reservation_only_vs_horizon_only,10,0.010429223744291916,0.008593378995433526,0.012438356164383293,supported,-0.10970455197309126,-0.11395888995445827,-0.1058657810913617,contradicted,BG00567,release,average_utilization
horizon_only_vs_baseline,10,0.0,0.0,0.0,inconclusive,0.0,0.0,0.0,inconclusive,BG00568,release,average_utilization
reservation_only_vs_baseline,10,0.0010273972602738214,-0.0013702054794524896,0.0036164383561642765,inconclusive,-0.004491366588550383,-0.010500204571016246,0.000716415084084618,inconclusive,BG00568,release,average_utilization
both_flexible_vs_baseline,10,0.0010273972602738214,-0.0014246575342468323,0.003575684931506837,inconclusive,-0.004491366588550383,-0.010256170587708417,0.000754150485636279,inconclusive,BG00568,release,average_utilization
both_flexible_vs_horizon_only,10,0.0010273972602738214,-0.0014109589041098208,0.003671232876712372,inconclusive,-0.004491366588550383,-0.010123689638293909,0.0006662782019918811,inconclusive,BG00568,release,average_utilization
both_flexible_vs_reservation_only,10,0.0,0.0,0.0,inconclusive,0.0,0.0,0.0,inconclusive,BG00568,release,average_utilization
reservation_only_vs_horizon_only,10,0.0010273972602738214,-0.0014794520547947911,0.0036030821917807936,inconclusive,-0.004491366588550383,-0.010452955457581518,0.000890034966883955,inconclusive,BG00568,release,average_utilization
horizon_only_vs_baseline,10,0.04909589041095862,0.047712328767123426,0.0503698630136983,supported,0.026389747042618168,0.023516883438622998,0.028952318188331584,supported,BG00569,release,average_utilization
reservation_only_vs_baseline,10,0.0494520547945201,0.0478287671232873,0.05099999999999956,supported,0.32757033781208106,0.32562580897195137,0.32979089784807386,supported,BG00569,release,average_utilization
both_flexible_vs_baseline,10,0.05030136986301348,0.049095719178082,0.051370034246575345,supported,0.3257467508158476,0.323382787925206,0.3280558413190748,supported,BG00569,release,average_utilization
both_flexible_vs_horizon_only,10,0.0012054794520548584,0.00033561643835617607,0.0022534246575341803,inconclusive,0.2993570037732294,0.297576175662328,0.30102489798453863,supported,BG00569,release,average_utilization
both_flexible_vs_reservation_only,10,0.0008493150684933837,-0.00018493150684907424,0.00193852739726076,inconclusive,-0.0018235869962335062,-0.0043073646564188665,0.0007492980696095116,inconclusive,BG00569,release,average_utilization
reservation_only_vs_horizon_only,10,0.00035616438356147475,-0.0012945205479452783,0.0020958904109584504,inconclusive,0.3011805907694629,0.298600525226022,0.3035134738782882,supported,BG00569,release,average_utilization
horizon_only_vs_baseline,10,0.0,0.0,0.0,inconclusive,0.0,0.0,0.0,inconclusive,BG00570,release,average_utilization
reservation_only_vs_baseline,10,0.001808219178082182,-0.002972602739726128,0.006055136986301306,inconclusive,0.005062186527223145,-0.0014278891602620583,0.01193573206835076,inconclusive,BG00570,release,average_utilization
both_flexible_vs_baseline,10,0.0018219178082191756,0.0001643835616438216,0.004068493150685004,inconclusive,0.0019500681648093265,-0.0018191661247262444,0.0067889819871990165,inconclusive,BG00570,release,average_utilization
both_flexible_vs_horizon_only,10,0.0018219178082191756,0.0001643835616438216,0.004178082191780863,inconclusive,0.0019500681648093265,-0.0018191661247262444,0.006925927590188369,inconclusive,BG00570,release,average_utilization
both_flexible_vs_reservation_only,10,1.3698630136993461e-05,-0.004835616438356206,0.0050547945205478935,inconclusive,-0.0031121183624138182,-0.008024095882409604,0.0018426070290721683,inconclusive,BG00570,release,average_utilization
reservation_only_vs_horizon_only,10,0.001808219178082182,-0.002904452054794681,0.00620650684931521,inconclusive,0.005062186527223145,-0.001468528654319843,0.01189157410234757,inconclusive,BG00570,release,average_utilization
horizon_only_vs_baseline,10,0.0,0.0,0.0,inconclusive,0.0,0.0,0.0,inconclusive,BG00571,release,average_utilization
reservation_only_vs_baseline,10,0.0,0.0,0.0,inconclusive,0.0,0.0,0.0,inconclusive,BG00571,release,average_utilization
both_flexible_vs_baseline,10,0.0002671232876717888,-0.0014453767123280643,0.0015821917808225847,inconclusive,0.00898536611863653,0.0042976244618160445,0.015033896927331734,supported,BG00571,release,average_utilization
both_flexible_vs_horizon_only,10,0.0002671232876717888,-0.0014864726027390004,0.0015821917808226582,inconclusive,0.00898536611863653,0.004319162335997718,0.014692333445310903,supported,BG00571,release,average_utilization
both_flexible_vs_reservation_only,10,0.0002671232876717888,-0.001438356164382993,0.0015616438356166676,inconclusive,0.00898536611863653,0.004250595347291498,0.014922213375327386,supported,BG00571,release,average_utilization
reservation_only_vs_horizon_only,10,0.0,0.0,0.0,inconclusive,0.0,0.0,0.0,inconclusive,BG00571,release,average_utilization
horizon_only_vs_baseline,10,0.0,0.0,0.0,inconclusive,0.0,0.0,0.0,inconclusive,BG00572,release,average_utilization
reservation_only_vs_baseline,10,0.002155251141552528,-0.000630365296803573,0.005041095890410841,inconclusive,-0.002749597272349846,-0.0054108132016136195,-6.167280437648931e-05,inconclusive,BG00572,release,average_utilization
both_flexible_vs_baseline,10,0.002155251141552528,-0.0007579908675798946,0.004840182648401704,inconclusive,-0.002749597272349846,-0.005365137913162879,-1.8204247004529424e-05,inconclusive,BG00572,release,average_utilization
both_flexible_vs_horizon_only,10,0.002155251141552528,-0.0007488584474884895,0.004968036529680187,inconclusive,-0.002749597272349846,-0.005353812913671941,2.3931606881861563e-05,inconclusive,BG00572,release,average_utilization
both_flexible_vs_reservation_only,10,0.0,0.0,0.0,inconclusive,0.0,0.0,0.0,inconclusive,BG00572,release,average_utilization
reservation_only_vs_horizon_only,10,0.002155251141552528,-0.0007123287671231947,0.004940639269406322,inconclusive,-0.002749597272349846,-0.0053856558445752,-9.361938096332095e-05,inconclusive,BG00572,release,average_utilization
horizon_only_vs_baseline,10,0.0,0.0,0.0,inconclusive,0.0,0.0,0.0,inconclusive,BG00573,release,average_utilization
reservation_only_vs_baseline,10,0.0011232876712329199,0.0,0.00273972602739736,inconclusive,-4.5962044324077135e-05,-0.00011251349633008001,0.0,inconclusive,BG00573,release,average_utilization
both_flexible_vs_baseline,10,0.0011232876712329199,0.0,0.00273972602739736,inconclusive,-4.5962044324077135e-05,-0.00011749430252432685,0.0,inconclusive,BG00573,release,average_utilization
both_flexible_vs_horizon_only,10,0.0011232876712329199,0.0,0.00273972602739736,inconclusive,-4.5962044324077135e-05,-0.00012519981465115572,0.0,inconclusive,BG00573,release,average_utilization
both_flexible_vs_reservation_only,10,0.0,0.0,0.0,inconclusive,0.0,0.0,0.0,inconclusive,BG00573,release,average_utilization
reservation_only_vs_horizon_only,10,0.0011232876712329199,0.0,0.00273972602739736,inconclusive,-4.5962044324077135e-05,-0.00011251349633008001,0.0,inconclusive,BG00573,release,average_utilization
horizon_only_vs_baseline,10,0.0005296803652968696,-0.0026666666666666527,0.0033426940639273172,inconclusive,0.005823978745724656,1.517430221442681e-05,0.01190385803459002,supported,BG00574,release,average_utilization
reservation_only_vs_baseline,10,0.001123287671232831,-0.001881278538812573,0.004520547945205339,inconclusive,0.00409291339292982,-0.002663031534490508,0.011974966073173271,inconclusive,BG00574,release,average_utilization
both_flexible_vs_baseline,10,0.001123287671232831,-0.0017995433789952159,0.0045296803652967186,inconclusive,0.00409291339292982,-0.002909921899889891,0.011973988807892738,inconclusive,BG00574,release,average_utilization
both_flexible_vs_horizon_only,10,0.0005936073059359615,-0.0029963470319635693,0.004538812785387892,inconclusive,-0.001731065352794836,-0.009024391651142478,0.005800419776026414,inconclusive,BG00574,release,average_utilization
both_flexible_vs_reservation_only,10,0.0,0.0,0.0,inconclusive,0.0,0.0,0.0,inconclusive,BG00574,release,average_utilization
reservation_only_vs_horizon_only,10,0.0005936073059359615,-0.003123515981735353,0.004520547945205266,inconclusive,-0.001731065352794836,-0.00888723013352604,0.005959103292010853,inconclusive,BG00574,release,average_utilization
horizon_only_vs_baseline,10,0.0,0.0,0.0,inconclusive,0.0,0.0,0.0,inconclusive,BG00575,release,average_utilization
reservation_only_vs_baseline,10,0.0001004566210045521,0.0,0.0003013698630136563,inconclusive,0.00022202556128395612,-1.0918071584420374e-05,0.0006769947554362887,inconclusive,BG00575,release,average_utilization
both_flexible_vs_baseline,10,0.0001004566210045521,0.0,0.0003013698630136563,inconclusive,0.00022202556128395612,-1.0918071584420374e-05,0.0006769947554362887,inconclusive,BG00575,release,average_utilization
both_flexible_vs_horizon_only,10,0.0001004566210045521,0.0,0.0003013698630136563,inconclusive,0.00022202556128395612,-1.0918071584420374e-05,0.0006769947554362887,inconclusive,BG00575,release,average_utilization
both_flexible_vs_reservation_only,10,0.0,0.0,0.0,inconclusive,0.0,0.0,0.0,inconclusive,BG00575,release,average_utilization
reservation_only_vs_horizon_only,10,0.0001004566210045521,0.0,0.0003013698630136563,inconclusive,0.00022202556128395612,-1.0918071584420374e-05,0.0006769947554362887,inconclusive,BG00575,release,average_utilization
horizon_only_vs_baseline,10,0.0,0.0,0.0,inconclusive,0.0,0.0,0.0,inconclusive,BG00576,release,average_utilization
reservation_only_vs_baseline,10,0.0041506849315066765,0.0021229452054791096,0.005904109589040864,inconclusive,-0.008583460131275556,-0.012528292542757391,-0.005111309338517776,contradicted,BG00576,release,average_utilization
both_flexible_vs_baseline,10,0.0046849315068493765,0.0033558219178081656,0.006068493150685074,inconclusive,-0.00949522562724021,-0.013940951205129256,-0.004951669868165015,contradicted,BG00576,release,average_utilization
both_flexible_vs_horizon_only,10,0.0046849315068493765,0.0033561643835617657,0.005986643835616829,inconclusive,-0.00949522562724021,-0.01380157763913203,-0.004969057653517797,contradicted,BG00576,release,average_utilization
both_flexible_vs_reservation_only,10,0.0005342465753427006,-0.0014113013698630417,0.002328767123288013,inconclusive,-0.000911765495964656,-0.004822125021393632,0.0024648663191891938,inconclusive,BG00576,release,average_utilization
reservation_only_vs_horizon_only,10,0.0041506849315066765,0.002177739726027062,0.005849657534246519,inconclusive,-0.008583460131275556,-0.012458079977044444,-0.005020723583322284,contradicted,BG00576,release,average_utilization
horizon_only_vs_baseline,10,0.18900821917808092,0.18710123287671104,0.19079493150684815,supported,0.0251557809054312,0.0217245325117784,0.02874695264176384,supported,BG00577,release,average_utilization
reservation_only_vs_baseline,10,0.1833643835616427,0.18206027397260155,0.18493150684931375,supported,0.2846342482480974,0.28073399316258996,0.28863778899381276,supported,BG00577,release,average_utilization
both_flexible_vs_baseline,10,0.18900821917808092,0.18703547945205323,0.1907727397260261,supported,0.0251557809054312,0.021654628427435953,0.028857637888291883,supported,BG00577,release,average_utilization
both_flexible_vs_horizon_only,10,0.0,0.0,0.0,inconclusive,0.0,0.0,0.0,inconclusive,BG00577,release,average_utilization
both_flexible_vs_reservation_only,10,0.0056438356164381755,0.004082191780821709,0.007090547945205428,supported,-0.2594784673426662,-0.26118609524159725,-0.2576277242348624,contradicted,BG00577,release,average_utilization
reservation_only_vs_horizon_only,10,-0.0056438356164381755,-0.007101369863013258,-0.004049315068493031,contradicted,0.2594784673426662,0.25757558305748174,0.26120964305274247,supported,BG00577,release,average_utilization
horizon_only_vs_baseline,10,0.0,0.0,0.0,inconclusive,0.0,0.0,0.0,inconclusive,BG00578,release,average_utilization
reservation_only_vs_baseline,10,0.0020547945205480977,0.0008217465753426334,0.003212328767123388,inconclusive,-0.03453666947972404,-0.040496889569342547,-0.02884357621398512,contradicted,BG00578,release,average_utilization
both_flexible_vs_baseline,10,0.0020547945205480977,0.0008559931506851348,0.0031643835616437317,inconclusive,-0.03453666947972404,-0.04046239158322518,-0.028672084077360147,contradicted,BG00578,release,average_utilization
both_flexible_vs_horizon_only,10,0.0020547945205480977,0.0008833904109588407,0.0031712328767120866,inconclusive,-0.03453666947972404,-0.04037963006321335,-0.028861309719546615,contradicted,BG00578,release,average_utilization
both_flexible_vs_reservation_only,10,0.0,0.0,0.0,inconclusive,0.0,0.0,0.0,inconclusive,BG00578,release,average_utilization
reservation_only_vs_horizon_only,10,0.0020547945205480977,0.0008698630136987351,0.003205479452055288,inconclusive,-0.03453666947972404,-0.0404513831703167,-0.028975237159384604,contradicted,BG00578,release,average_utilization
horizon_only_vs_baseline,10,0.0,0.0,0.0,inconclusive,0.0,0.0,0.0,inconclusive,BG00579,release,average_utilization
reservation_only_vs_baseline,10,0.000513698630137227,9.571917808234525e-05,0.0009246575342467201,inconclusive,0.03647466522192142,0.032507677689930944,0.04035325299865557,supported,BG00579,release,average_utilization
both_flexible_vs_baseline,10,0.0017739726027395596,0.00023287671232869318,0.0033289383561640714,inconclusive,0.022690197267852607,0.017589396787009583,0.026979102515559912,supported,BG00579,release,average_utilization
both_flexible_vs_horizon_only,10,0.0017739726027395596,0.0002601027397256445,0.003411130136986345,inconclusive,0.022690197267852607,0.017282851179711824,0.02690400914028428,supported,BG00579,release,average_utilization
both_flexible_vs_reservation_only,10,0.0012602739726023326,-0.0003424657534251538,0.0028905821917804444,inconclusive,-0.013784467954068813,-0.01710657125676668,-0.010302033929570475,contradicted,BG00579,release,average_utilization
reservation_only_vs_horizon_only,10,0.000513698630137227,7.534246575370218e-05,0.0009179794520550906,inconclusive,0.03647466522192142,0.03244587707740487,0.040257944055400605,supported,BG00579,release,average_utilization
horizon_only_vs_baseline,10,0.0,0.0,0.0,inconclusive,0.0,0.0,0.0,inconclusive,BG00580,release,average_utilization
reservation_only_vs_baseline,10,0.0005205479452053963,-0.0006392694063925075,0.001598173515981673,inconclusive,-0.003848553512544006,-0.007171887901546013,-0.0004218676477993599,inconclusive,BG00580,release,average_utilization
both_flexible_vs_baseline,10,0.0008949771689496288,-0.0009776255707764972,0.0025116438356162416,inconclusive,-0.03250014028115859,-0.03548763672016484,-0.02946426780368337,contradicted,BG00580,release,average_utilization
both_flexible_vs_horizon_only,10,0.0008949771689496288,-0.0009315068493152449,0.0025936073059357762,inconclusive,-0.03250014028115859,-0.035601072562706775,-0.029432299804466048,contradicted,BG00580,release,average_utilization
both_flexible_vs_reservation_only,10,0.0003744292237442326,-0.001260273972602902,0.0020913242009132607,inconclusive,-0.028651586768614585,-0.03246009624159231,-0.02466557979706482,contradicted,BG00580,release,average_utilization
reservation_only_vs_horizon_only,10,0.0005205479452053963,-0.0006394977168947805,0.0015892694063924522,inconclusive,-0.003848553512544006,-0.007101414261222384,-0.0006332153319343146,inconclusive,BG00580,release,average_utilization
horizon_only_vs_baseline,10,0.0,0.0,0.0,inconclusive,0.0,0.0,0.0,inconclusive,BG00581,release,average_utilization
reservation_only_vs_baseline,10,0.0,0.0,0.0,inconclusive,0.0,0.0,0.0,inconclusive,BG00581,release,average_utilization
both_flexible_vs_baseline,10,0.0,0.0,0.0,inconclusive,0.0,0.0,0.0,inconclusive,BG00581,release,average_utilization
both_flexible_vs_horizon_only,10,0.0,0.0,0.0,inconclusive,0.0,0.0,0.0,inconclusive,BG00581,release,average_utilization
both_flexible_vs_reservation_only,10,0.0,0.0,0.0,inconclusive,0.0,0.0,0.0,inconclusive,BG00581,release,average_utilization
reservation_only_vs_horizon_only,10,0.0,0.0,0.0,inconclusive,0.0,0.0,0.0,inconclusive,BG00581,release,average_utilization
horizon_only_vs_baseline,10,0.0,0.0,0.0,inconclusive,0.0,0.0,0.0,inconclusive,BG00582,release,average_utilization
reservation_only_vs_baseline,10,0.0,0.0,0.0,inconclusive,0.0,0.0,0.0,inconclusive,BG00582,release,average_utilization
both_flexible_vs_baseline,10,0.0,0.0,0.0,inconclusive,0.0,0.0,0.0,inconclusive,BG00582,release,average_utilization
both_flexible_vs_horizon_only,10,0.0,0.0,0.0,inconclusive,0.0,0.0,0.0,inconclusive,BG00582,release,average_utilization
both_flexible_vs_reservation_only,10,0.0,0.0,0.0,inconclusive,0.0,0.0,0.0,inconclusive,BG00582,release,average_utilization
reservation_only_vs_horizon_only,10,0.0,0.0,0.0,inconclusive,0.0,0.0,0.0,inconclusive,BG00582,release,average_utilization
horizon_only_vs_baseline,10,0.0017328767123289458,0.0008561643835618727,0.002636986301370394,inconclusive,-0.022641881323521146,-0.02543869832948452,-0.019835549123428366,contradicted,BG00583,release,average_utilization
reservation_only_vs_baseline,10,0.005061643835616247,0.0033561643835612644,0.006849315068493034,supported,-0.14333227683201025,-0.14563208298843267,-0.14082779900410036,contradicted,BG00583,release,average_utilization
both_flexible_vs_baseline,10,0.006280821917808277,0.005102739726027206,0.007465753424657939,supported,-0.14134583747837878,-0.1438153772612579,-0.13907832097016748,contradicted,BG00583,release,average_utilization
both_flexible_vs_horizon_only,10,0.004547945205479331,0.0034863013698632375,0.0054726027397258735,inconclusive,-0.11870395615485765,-0.12039927766151055,-0.11683956352950023,contradicted,BG00583,release,average_utilization
both_flexible_vs_reservation_only,10,0.0012191780821920295,-0.0006782534246574155,0.003171575342466098,inconclusive,0.0019864393536314527,-0.00012988739581480804,0.0042212742391498385,inconclusive,BG00583,release,average_utilization
reservation_only_vs_horizon_only,10,0.0033287671232873016,0.0014176369863006465,0.005212328767122865,inconclusive,-0.12069039550848908,-0.1226084314596671,-0.11908916751859168,contradicted,BG00583,release,average_utilization
horizon_only_vs_baseline,10,0.0026232876712329544,0.00016421232876746383,0.005116438356163979,inconclusive,0.03630328451030816,0.03268613767196892,0.039900220633602955,supported,BG00584,release,average_utilization
reservation_only_vs_baseline,10,0.008136986301370063,0.006589041095890788,0.00963698630136981,supported,0.24639521750946805,0.24212840578649658,0.25095595017946704,supported,BG00584,release,average_utilization
both_flexible_vs_baseline,10,0.0091095890410961,0.0066231164383568145,0.011513869863014198,supported,0.2446260912936582,0.24072556919239366,0.2486943061869385,supported,BG00584,release,average_utilization
both_flexible_vs_horizon_only,10,0.006486301369863145,0.004232705479452326,0.008822089041096229,supported,0.20832280678335002,0.20447815343507994,0.21184403287833425,supported,BG00584,release,average_utilization
both_flexible_vs_reservation_only,10,0.0009726027397260362,-0.0010344178082192376,0.002965753424657582,inconclusive,-0.0017691262158098576,-0.0044942070829979705,0.0008118240909958459,inconclusive,BG00584,release,average_utilization
reservation_only_vs_horizon_only,10,0.005513698630137109,0.0032534246575346287,0.007726198630137384,supported,0.21009193299915987,0.20720173358589153,0.2134956860567232,supported,BG00584,release,average_utilization
horizon_only_vs_baseline,10,0.0015981735159816602,0.000310502283105106,0.002940639269406187,inconclusive,-0.02527654062611482,-0.030888232907780037,-0.01934558015187909,contradicted,BG00585,release,average_utilization
reservation_only_vs_baseline,10,0.0,0.0,0.0,inconclusive,0.0,0.0,0.0,inconclusive,BG00585,release,average_utilization
both_flexible_vs_baseline,10,0.0015981735159816602,0.00023744292237465938,0.0029226027397259184,inconclusive,-0.02527654062611482,-0.03060601677028455,-0.019142907133373945,contradicted,BG00585,release,average_utilization
both_flexible_vs_horizon_only,10,0.0,0.0,0.0,inconclusive,0.0,0.0,0.0,inconclusive,BG00585,release,average_utilization
both_flexible_vs_reservation_only,10,0.0015981735159816602,0.00028287671232872687,0.002922831050228156,inconclusive,-0.02527654062611482,-0.030624216219753086,-0.019611367031541607,contradicted,BG00585,release,average_utilization
reservation_only_vs_horizon_only,10,-0.0015981735159816602,-0.0028949771689495674,-0.00023744292237477094,inconclusive,0.02527654062611482,0.01941589146331632,0.030757631584004075,supported,BG00585,release,average_utilization
horizon_only_vs_baseline,10,0.00021232876712359294,-0.0009522260273968679,0.0014246575342466397,inconclusive,-0.0012061810094231573,-0.0058180963094668576,0.0028500470776310818,inconclusive,BG00586,release,average_utilization
reservation_only_vs_baseline,10,0.0,0.0,0.0,inconclusive,0.0,0.0,0.0,inconclusive,BG00586,release,average_utilization
both_flexible_vs_baseline,10,0.0006712328767124909,-0.00038356164383560623,0.0016506849315072432,inconclusive,-0.002820199638463827,-0.00784083956993822,0.0018106532389859354,inconclusive,BG00586,release,average_utilization
both_flexible_vs_horizon_only,10,0.00045890410958889796,-0.0011575342465754233,0.0022330479452052133,inconclusive,-0.0016140186290406699,-0.004214746763082233,0.0009267456942431899,inconclusive,BG00586,release,average_utilization
both_flexible_vs_reservation_only,10,0.0006712328767124909,-0.00034246575342440633,0.001671232876712599,inconclusive,-0.002820199638463827,-0.007643009191468321,0.0017538485497333375,inconclusive,BG00586,release,average_utilization
reservation_only_vs_horizon_only,10,-0.00021232876712359294,-0.0014315068493146454,0.0009796232876706746,inconclusive,0.0012061810094231573,-0.002880524619361297,0.005475373081038074,inconclusive,BG00586,release,average_utilization
horizon_only_vs_baseline,10,0.009609589041095878,0.007061301369862356,0.012438527397260033,supported,-0.031768381183631934,-0.03330177253745923,-0.030042933128967147,contradicted,BG00587,release,average_utilization
reservation_only_vs_baseline,10,0.002486301369863153,0.0007328767123289428,0.0041236301369863785,inconclusive,0.0008331106512864006,-0.0005914625515759249,0.0022668754942706242,inconclusive,BG00587,release,average_utilization
both_flexible_vs_baseline,10,0.009609589041095878,0.006945034246575315,0.0123152397260274,supported,-0.031768381183631934,-0.03328347366075622,-0.030176739495296208,contradicted,BG00587,release,average_utilization
both_flexible_vs_horizon_only,10,0.0,0.0,0.0,inconclusive,0.0,0.0,0.0,inconclusive,BG00587,release,average_utilization
both_flexible_vs_reservation_only,10,0.0071232876712327255,0.004732705479451629,0.009821917808219154,supported,-0.03260149183491833,-0.03407328247832262,-0.031290668232872416,contradicted,BG00587,release,average_utilization
reservation_only_vs_horizon_only,10,-0.0071232876712327255,-0.009794863013698904,-0.0046986301369860775,contradicted,0.03260149183491833,0.03128813234749885,0.034037059284250215,supported,BG00587,release,average_utilization
horizon_only_vs_baseline,10,0.00042922374429228417,0.0,0.0012876712328768526,inconclusive,-0.00015077562020048284,-0.0004523268606014486,0.0,inconclusive,BG00588,release,average_utilization
reservation_only_vs_baseline,10,0.0,0.0,0.0,inconclusive,0.0,0.0,0.0,inconclusive,BG00588,release,average_utilization
both_flexible_vs_baseline,10,0.00042922374429228417,0.0,0.0012876712328768526,inconclusive,-0.00015077562020048284,-0.0004523268606014486,0.0,inconclusive,BG00588,release,average_utilization
both_flexible_vs_horizon_only,10,0.0,0.0,0.0,inconclusive,0.0,0.0,0.0,inconclusive,BG00588,release,average_utilization
both_flexible_vs_reservation_only,10,0.00042922374429228417,0.0,0.0012876712328768526,inconclusive,-0.00015077562020048284,-0.0004523268606014486,0.0,inconclusive,BG00588,release,average_utilization
reservation_only_vs_horizon_only,10,-0.00042922374429228417,-0.0012876712328768526,0.0,inconclusive,0.00015077562020048284,0.0,0.0004523268606014486,inconclusive,BG00588,release,average_utilization
horizon_only_vs_baseline,10,0.003315068493150519,0.001684931506849238,0.004863356164383598,inconclusive,-0.03228677218941935,-0.03818590970633614,-0.02745859650685549,contradicted,BG00589,release,average_utilization
reservation_only_vs_baseline,10,0.002616438356164252,-0.0005623287671235811,0.005602739726027196,inconclusive,0.08406169622569362,0.08053790078350258,0.08761303809492038,supported,BG00589,release,average_utilization
both_flexible_vs_baseline,10,0.0037534246575339435,0.0008767123287671335,0.006780821917807747,inconclusive,0.10964713807399337,0.10541675255064577,0.11387421100523291,supported,BG00589,release,average_utilization
both_flexible_vs_horizon_only,10,0.0004383561643834244,-0.0021513698630139053,0.003260616438356065,inconclusive,0.14193391026341273,0.13734653810258415,0.14606050438694712,supported,BG00589,release,average_utilization
both_flexible_vs_reservation_only,10,0.0011369863013696913,-0.002644178082191918,0.004712328767122978,inconclusive,0.02558544184829976,0.02088688537306356,0.03031687092800288,supported,BG00589,release,average_utilization
reservation_only_vs_horizon_only,10,-0.0006986301369862668,-0.00363047945205478,0.002410958904109656,inconclusive,0.11634846841511295,0.11141489891268669,0.12161757474658948,supported,BG00589,release,average_utilization
horizon_only_vs_baseline,10,0.0003013698630136452,-0.00017123287671259036,0.0011027397260275351,inconclusive,0.0006037640065050143,-0.0008844614003820469,0.0029198310287403715,inconclusive,BG00590,release,average_utilization
reservation_only_vs_baseline,10,6.849315068524486e-06,-2.7397260273909208e-05,4.109589041100259e-05,inconclusive,-8.274885434120805e-05,-0.00017463931956513968,-3.192825175979408e-06,inconclusive,BG00590,release,average_utilization
both_flexible_vs_baseline,10,0.0003013698630136452,-0.00017123287671259036,0.0011027397260275351,inconclusive,0.0006037640065050143,-0.000890622898577409,0.0029198310287403715,inconclusive,BG00590,release,average_utilization
both_flexible_vs_horizon_only,10,0.0,0.0,0.0,inconclusive,0.0,0.0,0.0,inconclusive,BG00590,release,average_utilization
both_flexible_vs_reservation_only,10,0.00029452054794512075,-0.00018493150684959492,0.0010958904109590218,inconclusive,0.0006865128608462223,-0.0008259331512396056,0.0030142986658982835,inconclusive,BG00590,release,average_utilization
reservation_only_vs_horizon_only,10,-0.00029452054794512075,-0.001109589041095984,0.00018493150684960628,inconclusive,-0.0006865128608462223,-0.003024764528403591,0.0008182878872345244,inconclusive,BG00590,release,average_utilization
horizon_only_vs_baseline,10,0.0,0.0,0.0,inconclusive,0.0,0.0,0.0,inconclusive,BG00591,release,average_utilization
reservation_only_vs_baseline,10,0.00112328767123282,-0.0013287671232876336,0.004328767123287509,inconclusive,0.00112257516597436,-0.0008104903247954166,0.003141526718891454,inconclusive,BG00591,release,average_utilization
both_flexible_vs_baseline,10,0.0017123287671232778,-0.0013561643835616824,0.005712671232876738,inconclusive,0.0012032290962644577,-0.0013709270780315381,0.0038080382882618845,inconclusive,BG00591,release,average_utilization
both_flexible_vs_horizon_only,10,0.0017123287671232778,-0.0013561643835617331,0.005548287671232833,inconclusive,0.0012032290962644577,-0.0013226791240014025,0.0038151889801720656,inconclusive,BG00591,release,average_utilization
both_flexible_vs_reservation_only,10,0.0005890410958904579,-0.0013972602739725243,0.0023013698630136984,inconclusive,8.065393029009771e-05,-0.0019150254772042346,0.0022090303911842467,inconclusive,BG00591,release,average_utilization
reservation_only_vs_horizon_only,10,0.00112328767123282,-0.00146575342465754,0.004506849315068368,inconclusive,0.00112257516597436,-0.0008004148974971852,0.003139071616407227,inconclusive,BG00591,release,average_utilization
horizon_only_vs_baseline,10,0.08964931506849266,0.08687109589041056,0.09246589041095825,supported,0.02939573170354401,0.02818680553024144,0.030677120229394554,supported,BG00592,release,average_utilization
reservation_only_vs_baseline,10,0.0447013698630138,0.04218082191780827,0.04716164383561642,supported,0.005723806659648811,0.004460895927784322,0.006879638394737871,supported,BG00592,release,average_utilization
both_flexible_vs_baseline,10,0.15161095890410833,0.14870671232876576,0.15461369863013544,supported,0.039900204458787294,0.03763036819851307,0.04163642653103004,supported,BG00592,release,average_utilization
both_flexible_vs_horizon_only,10,0.06196164383561568,0.06072876712328691,0.06317273972602691,supported,0.010504472755243282,0.008954967384393067,0.01182020502959172,supported,BG00592,release,average_utilization
both_flexible_vs_reservation_only,10,0.10690958904109453,0.10515616438356006,0.1088712328767109,supported,0.03417639779913848,0.03293009862830282,0.035266960300658574,supported,BG00592,release,average_utilization
reservation_only_vs_horizon_only,10,-0.044947945205478866,-0.04706315068493097,-0.0429094520547941,contradicted,-0.023671925043895196,-0.02464086068093492,-0.022581931007461756,contradicted,BG00592,release,average_utilization
horizon_only_vs_baseline,10,0.0,0.0,0.0,inconclusive,0.0,0.0,0.0,inconclusive,BG00593,release,average_utilization
reservation_only_vs_baseline,10,0.0016712328767123918,-0.00028333333333368507,0.004164611872146272,inconclusive,0.002640540772626787,-0.0023155232166421243,0.007370289594071147,inconclusive,BG00593,release,average_utilization
both_flexible_vs_baseline,10,0.0016712328767123918,-0.00028310502283095395,0.004136986301369817,inconclusive,0.002640540772626787,-0.002277141494826293,0.007434383345528006,inconclusive,BG00593,release,average_utilization
both_flexible_vs_horizon_only,10,0.0016712328767123918,-0.0003561643835615677,0.004109589041095849,inconclusive,0.002640540772626787,-0.0021081935527708,0.007550823961827959,inconclusive,BG00593,release,average_utilization
both_flexible_vs_reservation_only,10,0.0,0.0,0.0,inconclusive,0.0,0.0,0.0,inconclusive,BG00593,release,average_utilization
reservation_only_vs_horizon_only,10,0.0016712328767123918,-0.0002831050228309895,0.00400913242009131,inconclusive,0.002640540772626787,-0.0020526145753775576,0.007657546363097345,inconclusive,BG00593,release,average_utilization
horizon_only_vs_baseline,10,0.0,0.0,0.0,inconclusive,0.0,0.0,0.0,inconclusive,BG00594,release,average_utilization
reservation_only_vs_baseline,10,0.007214611872145971,0.004821917808218719,0.009835616438355845,supported,-0.035904091232416904,-0.041067726373802196,-0.030702313230471977,contradicted,BG00594,release,average_utilization
both_flexible_vs_baseline,10,0.007214611872145971,0.004812557077625278,0.00977168949771631,supported,-0.035904091232416904,-0.04114820025272109,-0.030696994249133948,contradicted,BG00594,release,average_utilization
both_flexible_vs_horizon_only,10,0.007214611872145971,0.004949771689497623,0.009808447488584546,supported,-0.035904091232416904,-0.04123115552317202,-0.030979536190736918,contradicted,BG00594,release,average_utilization
both_flexible_vs_reservation_only,10,0.0,0.0,0.0,inconclusive,0.0,0.0,0.0,inconclusive,BG00594,release,average_utilization
reservation_only_vs_horizon_only,10,0.007214611872145971,0.0048399543378994355,0.009826484018264471,supported,-0.035904091232416904,-0.041154614077194736,-0.030785349959351383,contradicted,BG00594,release,average_utilization
horizon_only_vs_baseline,10,0.042945205479450965,0.03451986301369787,0.051698972602738404,supported,0.08936781358531609,0.07532210705685274,0.10477230498131766,supported,BG00595,release,average_utilization
reservation_only_vs_baseline,10,0.043493150684930836,0.034917465753424394,0.05272636986301278,supported,0.260760771089057,0.25224843230975014,0.2699519435511326,supported,BG00595,release,average_utilization
both_flexible_vs_baseline,10,0.04660273972602673,0.038191780821917244,0.05510958904109511,supported,0.24328570417984055,0.2339459688291599,0.25251106999225664,supported,BG00595,release,average_utilization
both_flexible_vs_horizon_only,10,0.0036575342465757664,0.001739726027398055,0.0060006849315073305,inconclusive,0.15391789059452446,0.14580580532684864,0.16157478122872065,supported,BG00595,release,average_utilization
both_flexible_vs_reservation_only,10,0.0031095890410958948,0.001109589041095958,0.005178082191780437,inconclusive,-0.017475066909216453,-0.020835846645238434,-0.014311247212413666,contradicted,BG00595,release,average_utilization
reservation_only_vs_horizon_only,10,0.0005479452054798717,-0.0015890410958896122,0.002410958904109752,inconclusive,0.1713929575037409,0.16422472013390874,0.17835987539994405,supported,BG00595,release,average_utilization
horizon_only_vs_baseline,10,0.0,0.0,0.0,inconclusive,0.0,0.0,0.0,inconclusive,BG00596,release,average_utilization
reservation_only_vs_baseline,10,0.0008356164383560239,-0.003479452054794757,0.004910958904109521,inconclusive,0.0012099027214202752,-0.0019627096765316137,0.004750911234516646,inconclusive,BG00596,release,average_utilization
both_flexible_vs_baseline,10,0.0032876712328764324,-0.0010484589041099084,0.0070892123287670285,inconclusive,0.003683465908739658,-0.0030555649695327173,0.009907482053372331,inconclusive,BG00596,release,average_utilization
both_flexible_vs_horizon_only,10,0.0032876712328764324,-0.000849486301370467,0.0071508561643835065,inconclusive,0.003683465908739658,-0.0031967529985510827,0.01010589878456828,inconclusive,BG00596,release,average_utilization
both_flexible_vs_reservation_only,10,0.0024520547945204086,-0.0020960616438357367,0.0070482876712328725,inconclusive,0.002473563187319383,-0.0029601267921486926,0.008349591186751599,inconclusive,BG00596,release,average_utilization
reservation_only_vs_horizon_only,10,0.0008356164383560239,-0.003459246575342377,0.0048493150684929785,inconclusive,0.0012099027214202752,-0.001988288985620544,0.0046911239365307255,inconclusive,BG00596,release,average_utilization
horizon_only_vs_baseline,10,0.021084931506849248,0.019227260273972573,0.02297534246575317,supported,0.004418178815821539,0.0033180590883609092,0.005360144363747028,inconclusive,BG00597,release,average_utilization
reservation_only_vs_baseline,10,0.0027068493150686932,0.0013752054794518023,0.004164383561644225,inconclusive,0.0697742175833466,0.06863164851133927,0.07105745272687755,supported,BG00597,release,average_utilization
both_flexible_vs_baseline,10,0.021084931506849248,0.019155890410958557,0.023019315068493144,supported,0.004418178815821539,0.0033395757190774833,0.005335718648778243,inconclusive,BG00597,release,average_utilization
both_flexible_vs_horizon_only,10,0.0,0.0,0.0,inconclusive,0.0,0.0,0.0,inconclusive,BG00597,release,average_utilization
both_flexible_vs_reservation_only,10,0.018378082191780554,0.016986301369862677,0.01967123287671203,supported,-0.06535603876752508,-0.0666397410659081,-0.06407795711422554,contradicted,BG00597,release,average_utilization
reservation_only_vs_horizon_only,10,-0.018378082191780554,-0.019682191780821524,-0.016964246575342217,contradicted,0.06535603876752508,0.06412647606798343,0.06671723385503871,supported,BG00597,release,average_utilization
horizon_only_vs_baseline,10,0.005890410958904291,0.0023010273972604283,0.009151369863013906,supported,0.015340406442716625,0.005680568404408,0.024234204671307324,supported,BG00598,release,average_utilization
reservation_only_vs_baseline,10,0.0,0.0,0.0,inconclusive,0.0,0.0,0.0,inconclusive,BG00598,release,average_utilization
both_flexible_vs_baseline,10,0.005890410958904291,0.0024931506849317654,0.009178082191780724,supported,0.015340406442716625,0.005404902693331544,0.0245328019962808,supported,BG00598,release,average_utilization
both_flexible_vs_horizon_only,10,0.0,0.0,0.0,inconclusive,0.0,0.0,0.0,inconclusive,BG00598,release,average_utilization
both_flexible_vs_reservation_only,10,0.005890410958904291,0.002301369863014101,0.009150684931506874,supported,0.015340406442716625,0.0054204589342445484,0.02440375502199211,supported,BG00598,release,average_utilization
reservation_only_vs_horizon_only,10,-0.005890410958904291,-0.009068835616438488,-0.00231472602739766,contradicted,-0.015340406442716625,-0.024482038255809687,-0.005314100545001492,contradicted,BG00598,release,average_utilization
horizon_only_vs_baseline,10,0.0,0.0,0.0,inconclusive,0.0,0.0,0.0,inconclusive,BG00599,release,average_utilization
reservation_only_vs_baseline,10,0.0005936073059359282,-0.000675799086757635,0.0019178082191775123,inconclusive,0.11545302041982955,0.11154736112790159,0.1191688043499434,supported,BG00599,release,average_utilization
both_flexible_vs_baseline,10,0.0012694063926940835,-0.0003196347031963151,0.0027947488584476677,inconclusive,0.09751783893789098,0.09393812999224001,0.1008427028158136,supported,BG00599,release,average_utilization
both_flexible_vs_horizon_only,10,0.0012694063926940835,-0.0003744292237443772,0.0027947488584477973,inconclusive,0.09751783893789098,0.09389516864399741,0.10112484758133967,supported,BG00599,release,average_utilization
both_flexible_vs_reservation_only,10,0.0006757990867581554,-0.000328767123287336,0.0017716894977171712,inconclusive,-0.017935181481938546,-0.02223726618154364,-0.013531603432915299,contradicted,BG00599,release,average_utilization
reservation_only_vs_horizon_only,10,0.0005936073059359282,-0.0006212328767125656,0.0018538812785387716,inconclusive,0.11545302041982955,0.11144441642947085,0.11917710309580927,supported,BG00599,release,average_utilization
horizon_only_vs_baseline,10,0.003301369863013837,0.0005750000000000264,0.005876712328766738,inconclusive,-0.005385409752969405,-0.01030345701922383,-0.0006291012205494035,contradicted,BG00600,release,average_utilization
reservation_only_vs_baseline,10,0.0,0.0,0.0,inconclusive,0.0,0.0,0.0,inconclusive,BG00600,release,average_utilization
both_flexible_vs_baseline,10,0.00463013698630157,0.0011369863013699576,0.008479452054794301,inconclusive,-0.005662412480041878,-0.011448185143796336,0.0006940394738527391,inconclusive,BG00600,release,average_utilization
both_flexible_vs_horizon_only,10,0.001328767123287733,-0.000931849315068674,0.004397260273972615,inconclusive,-0.00027700272707247285,-0.005329070123674434,0.005748807977330487,inconclusive,BG00600,release,average_utilization
both_flexible_vs_reservation_only,10,0.00463013698630157,0.001178082191781126,0.008466095890411175,inconclusive,-0.005662412480041878,-0.011231405321394404,0.0008771671905979167,inconclusive,BG00600,release,average_utilization
reservation_only_vs_horizon_only,10,-0.003301369863013837,-0.005890410958903981,-0.0005749999999999915,inconclusive,0.005385409752969405,0.0006636090255922182,0.010226871845361923,supported,BG00600,release,average_utilization
horizon_only_vs_baseline,10,0.0,0.0,0.0,inconclusive,0.0,0.0,0.0,inconclusive,BG00601,release,average_utilization
reservation_only_vs_baseline,10,0.0020913242009132694,-0.0002924657534246857,0.005151141552511378,inconclusive,-0.0012037207454880573,-0.0026058000681118626,-6.122110277036464e-05,inconclusive,BG00601,release,average_utilization
both_flexible_vs_baseline,10,0.0020913242009132694,-0.0002559360730592257,0.005168949771689483,inconclusive,-0.0012037207454880573,-0.0026459153866448017,-4.806981475008895e-05,inconclusive,BG00601,release,average_utilization
both_flexible_vs_horizon_only,10,0.0020913242009132694,-0.00023744292237436654,0.005114383561643906,inconclusive,-0.0012037207454880573,-0.002665012977111014,-3.998085536546249e-05,inconclusive,BG00601,release,average_utilization
both_flexible_vs_reservation_only,10,0.0,0.0,0.0,inconclusive,0.0,0.0,0.0,inconclusive,BG00601,release,average_utilization
reservation_only_vs_horizon_only,10,0.0020913242009132694,-0.0002557077625569448,0.0051691780821917594,inconclusive,-0.0012037207454880573,-0.002669413416039527,-3.534382520841706e-05,inconclusive,BG00601,release,average_utilization
horizon_only_vs_baseline,10,0.0,0.0,0.0,inconclusive,0.0,0.0,0.0,inconclusive,BG00602,release,average_utilization
reservation_only_vs_baseline,10,0.0007305936073059627,0.0,0.002191780821917888,inconclusive,-4.897319558223589e-05,-0.0001469195867467077,0.0,inconclusive,BG00602,release,average_utilization
both_flexible_vs_baseline,10,0.0009497716894977471,-1.826484018265795e-05,0.0023287671232877782,inconclusive,-7.790553897828456e-05,-0.00036947290542944656,0.00013575628849459286,inconclusive,BG00602,release,average_utilization
both_flexible_vs_horizon_only,10,0.0009497716894977471,-1.826484018265795e-05,0.002319634703196449,inconclusive,-7.790553897828456e-05,-0.00036947290542944656,0.00013575628849459286,inconclusive,BG00602,release,average_utilization
both_flexible_vs_reservation_only,10,0.00021917808219178435,-0.0005479452054795386,0.0012239726027398338,inconclusive,-2.8932343396048664e-05,-0.00036151819850414044,0.00029063058216660664,inconclusive,BG00602,release,average_utilization
reservation_only_vs_horizon_only,10,0.0007305936073059627,0.0,0.002191780821917888,inconclusive,-4.897319558223589e-05,-0.0001469195867467077,0.0,inconclusive,BG00602,release,average_utilization
horizon_only_vs_baseline,10,0.0,0.0,0.0,inconclusive,0.0,0.0,0.0,inconclusive,BG00603,release,average_utilization
reservation_only_vs_baseline,10,0.0,0.0,0.0,inconclusive,0.0,0.0,0.0,inconclusive,BG00603,release,average_utilization
both_flexible_vs_baseline,10,0.0,0.0,0.0,inconclusive,0.0,0.0,0.0,inconclusive,BG00603,release,average_utilization
both_flexible_vs_horizon_only,10,0.0,0.0,0.0,inconclusive,0.0,0.0,0.0,inconclusive,BG00603,release,average_utilization
both_flexible_vs_reservation_only,10,0.0,0.0,0.0,inconclusive,0.0,0.0,0.0,inconclusive,BG00603,release,average_utilization
reservation_only_vs_horizon_only,10,0.0,0.0,0.0,inconclusive,0.0,0.0,0.0,inconclusive,BG00603,release,average_utilization
horizon_only_vs_baseline,10,0.0288675799086748,0.02695867579908528,0.03086757990867482,supported,0.012772484641378173,0.008514812234511572,0.01812874593270816,supported,BG00604,release,average_utilization
reservation_only_vs_baseline,10,0.029552511415524185,0.02789954337899474,0.031169178082190663,supported,0.33902870083333514,0.3335455390692207,0.34472231228171635,supported,BG00604,release,average_utilization
both_flexible_vs_baseline,10,0.030200913242008087,0.028904109589040102,0.03163493150684852,supported,0.30012039418199316,0.2947120557277096,0.30530453490364606,supported,BG00604,release,average_utilization
both_flexible_vs_horizon_only,10,0.0013333333333332865,-2.739726027428696e-05,0.0028860730593608806,inconclusive,0.287347909540615,0.28359105447883337,0.29102017241885764,supported,BG00604,release,average_utilization
both_flexible_vs_reservation_only,10,0.000648401826483902,-0.0003289954337903213,0.0016529680365296906,inconclusive,-0.03890830665134194,-0.04450963055182015,-0.033302160430383525,contradicted,BG00604,release,average_utilization
reservation_only_vs_horizon_only,10,0.0006849315068493845,-0.0010776255707763236,0.0025022831050228967,inconclusive,0.326256216191957,0.3210892198055524,0.3319706608725925,supported,BG00604,release,average_utilization
horizon_only_vs_baseline,10,0.028885844748857213,0.027113926940638185,0.030675799086756706,supported,0.009655829866185888,0.007353275966790097,0.01186651634982318,supported,BG00605,release,average_utilization
reservation_only_vs_baseline,10,0.008520547945205204,0.005680136986300991,0.011744292237442423,supported,0.09520616388446435,0.09193910505557948,0.09839135716003235,supported,BG00605,release,average_utilization
both_flexible_vs_baseline,10,0.02909589041095778,0.027461187214611178,0.030785388127852358,supported,0.08675195284494783,0.0847393593634541,0.08884237697069,supported,BG00605,release,average_utilization
both_flexible_vs_horizon_only,10,0.00021004566210056642,-0.00042922374429216203,0.00079452054794531,inconclusive,0.07709612297876194,0.07563726082457123,0.07857949200499927,supported,BG00605,release,average_utilization
both_flexible_vs_reservation_only,10,0.02057534246575258,0.018621004566209444,0.022456621004565046,supported,-0.008454211039516513,-0.011707683195301409,-0.005162791486692855,contradicted,BG00605,release,average_utilization
reservation_only_vs_horizon_only,10,-0.02036529680365201,-0.022027397260272686,-0.01856621004566156,contradicted,0.08555033401827845,0.0826962521464638,0.08802459766356917,supported,BG00605,release,average_utilization
horizon_only_vs_baseline,10,0.02810958904109474,0.026009132420090657,0.030100684931505643,supported,0.009550508972909816,0.008070033153359225,0.01098195980322207,supported,BG00606,release,average_utilization
reservation_only_vs_baseline,10,9.132420091314541e-05,-0.0016531963470319683,0.0018995433789952406,inconclusive,-0.01845070479411081,-0.02064222282748485,-0.016375853267333776,contradicted,BG00606,release,average_utilization
both_flexible_vs_baseline,10,0.02810958904109474,0.02593584474885757,0.03010068493150572,supported,0.009550508972909816,0.008050119297180318,0.011006644260051907,supported,BG00606,release,average_utilization
both_flexible_vs_horizon_only,10,0.0,0.0,0.0,inconclusive,0.0,0.0,0.0,inconclusive,BG00606,release,average_utilization
both_flexible_vs_reservation_only,10,0.028018264840181595,0.02611872146118666,0.029918036529679233,supported,0.028001213767020628,0.025851850854603526,0.03022686804058254,supported,BG00606,release,average_utilization
reservation_only_vs_horizon_only,10,-0.028018264840181595,-0.029844748858446218,-0.026100456621003743,contradicted,-0.028001213767020628,-0.030227963495502344,-0.025829080127432343,contradicted,BG00606,release,average_utilization
horizon_only_vs_baseline,10,0.008808219178082444,0.006712328767123706,0.01072602739726034,supported,-0.017088799951753136,-0.020739086163961234,-0.013227682904908424,contradicted,BG00607,release,average_utilization
reservation_only_vs_baseline,10,0.00965753424657526,0.007999657534246309,0.011328767123287436,supported,-0.10536345231824366,-0.1100227204137157,-0.10074049675136074,contradicted,BG00607,release,average_utilization
both_flexible_vs_baseline,10,0.010561643835616507,0.00905479452054818,0.011917808219178063,supported,-0.10403691834829014,-0.10865577395502221,-0.09977512706761035,contradicted,BG00607,release,average_utilization
both_flexible_vs_horizon_only,10,0.001753424657534064,-0.000356164383561271,0.0040551369863011276,inconclusive,-0.08694811839653702,-0.09075197945602244,-0.08248957587927117,contradicted,BG00607,release,average_utilization
both_flexible_vs_reservation_only,10,0.0009041095890412465,-0.0001780821917806494,0.002260273972602856,inconclusive,0.0013265339699535307,-0.0008893810773754699,0.003603813624509755,inconclusive,BG00607,release,average_utilization
reservation_only_vs_horizon_only,10,0.0008493150684928174,-0.0013698630136992043,0.003329109589040589,inconclusive,-0.08827465236649054,-0.09246842293609196,-0.08323181004798551,contradicted,BG00607,release,average_utilization
horizon_only_vs_baseline,10,0.000842465753424737,-0.00021250000000022328,0.001815239726027973,inconclusive,-0.0020235368547168895,-0.006829343721519144,0.0024862763516001396,inconclusive,BG00608,release,average_utilization
reservation_only_vs_baseline,10,0.00185616438356192,6.849315068790662e-06,0.0038630136986301474,inconclusive,0.011194943324208274,0.0077415341674561,0.015036712796407642,supported,BG00608,release,average_utilization
both_flexible_vs_baseline,10,0.00185616438356192,5.462328767142205e-05,0.003822089041096112,inconclusive,0.011194943324208274,0.007724318959722421,0.01510602543006753,supported,BG00608,release,average_utilization
both_flexible_vs_horizon_only,10,0.001013698630137183,-3.4246575342446744e-05,0.0023356164383566804,inconclusive,0.013218480178925162,0.009788645642543057,0.016963587862501225,supported,BG00608,release,average_utilization
both_flexible_vs_reservation_only,10,0.0,0.0,0.0,inconclusive,0.0,0.0,0.0,inconclusive,BG00608,release,average_utilization
reservation_only_vs_horizon_only,10,0.001013698630137183,-3.424657534264547e-05,0.0022671232876714134,inconclusive,0.013218480178925162,0.009844559679670586,0.0168728477989933,supported,BG00608,release,average_utilization
horizon_only_vs_baseline,10,0.0,0.0,0.0,inconclusive,0.0,0.0,0.0,inconclusive,BG00609,release,average_utilization
reservation_only_vs_baseline,10,0.0008630136986303993,-0.0024659246575339908,0.0038357876712333053,inconclusive,0.001193891605697317,-0.0004495049910419418,0.0030931164535338168,inconclusive,BG00609,release,average_utilization
both_flexible_vs_baseline,10,0.0015821917808216512,-0.002596746575342852,0.00540410958904077,inconclusive,-8.469175942056317e-05,-0.0024040170649612994,0.0023406500504000033,inconclusive,BG00609,release,average_utilization
both_flexible_vs_horizon_only,10,0.0015821917808216512,-0.0026232876712329943,0.005520547945205212,inconclusive,-8.469175942056317e-05,-0.0024409251075203386,0.0023136722927945812,inconclusive,BG00609,release,average_utilization
both_flexible_vs_reservation_only,10,0.0007191780821912519,-0.0032604452054800577,0.004246917808218582,inconclusive,-0.0012785833651178802,-0.0036546150765769552,0.0011895203951583508,inconclusive,BG00609,release,average_utilization
reservation_only_vs_horizon_only,10,0.0008630136986303993,-0.0024931506849311894,0.003931506849315229,inconclusive,0.001193891605697317,-0.00041039473227271194,0.003116478552325842,inconclusive,BG00609,release,average_utilization
horizon_only_vs_baseline,10,0.03717808219177959,0.03515981735159716,0.03919634703196219,supported,0.006104013556935134,0.004400231821969168,0.007734456280736285,supported,BG00610,release,average_utilization
reservation_only_vs_baseline,10,0.008082191780821712,0.005844520547945147,0.010365525114154995,supported,-0.0011189341639457507,-0.0025555886726759507,0.0003366437198273855,inconclusive,BG00610,release,average_utilization
both_flexible_vs_baseline,10,0.03889497716894842,0.03684018264840062,0.04092260273972479,supported,0.006860492421990489,0.005683028004987685,0.008147939399944815,supported,BG00610,release,average_utilization
both_flexible_vs_horizon_only,10,0.0017168949771688257,0.00096803652968036,0.0025022831050226305,inconclusive,0.0007564788650553545,-0.0009731733503962384,0.0024826009269412943,inconclusive,BG00610,release,average_utilization
both_flexible_vs_reservation_only,10,0.030812785388126707,0.02828264840182523,0.03303264840182539,supported,0.007979426585936238,0.006617977985312043,0.009414019473582063,supported,BG00610,release,average_utilization
reservation_only_vs_horizon_only,10,-0.02909589041095788,-0.0312968036529669,-0.026840182648401052,contradicted,-0.007222947720880885,-0.008553849287657376,-0.00586122908959583,contradicted,BG00610,release,average_utilization
horizon_only_vs_baseline,10,0.0,0.0,0.0,inconclusive,0.0,0.0,0.0,inconclusive,BG00611,release,average_utilization
reservation_only_vs_baseline,10,0.0008310502283104149,-0.00010045662100470754,0.0024474885844747887,inconclusive,0.0009126087346715828,-1.319952669559532e-05,0.0021623390590244478,inconclusive,BG00611,release,average_utilization
both_flexible_vs_baseline,10,0.0008310502283104149,-0.00010958904109594769,0.002438584474885754,inconclusive,0.0009126087346715828,-1.475396284102981e-05,0.0021976645490452773,inconclusive,BG00611,release,average_utilization
both_flexible_vs_horizon_only,10,0.0008310502283104149,-0.00010045662100462981,0.0024474885844747887,inconclusive,0.0009126087346715828,-1.475396284102981e-05,0.002356165721116413,inconclusive,BG00611,release,average_utilization
both_flexible_vs_reservation_only,10,0.0,0.0,0.0,inconclusive,0.0,0.0,0.0,inconclusive,BG00611,release,average_utilization
reservation_only_vs_horizon_only,10,0.0008310502283104149,-0.0001095890410959699,0.0024109589041094947,inconclusive,0.0009126087346715828,-1.475396284102981e-05,0.0023740026675233964,inconclusive,BG00611,release,average_utilization
horizon_only_vs_baseline,10,0.0,0.0,0.0,inconclusive,0.0,0.0,0.0,inconclusive,BG00612,release,average_utilization
reservation_only_vs_baseline,10,0.002760273972603067,-0.0014385273972598693,0.007904452054794816,inconclusive,-0.00294956962005144,-0.00494496762177579,-0.0009764560929162673,inconclusive,BG00612,release,average_utilization
both_flexible_vs_baseline,10,0.002760273972603067,-0.001480136986300936,0.0077263698630143296,inconclusive,-0.00294956962005144,-0.004874174018644063,-0.0009460521608613634,inconclusive,BG00612,release,average_utilization
both_flexible_vs_horizon_only,10,0.002760273972603067,-0.0014316780821913785,0.00787003424657523,inconclusive,-0.00294956962005144,-0.004910562019859165,-0.000922154612383803,inconclusive,BG00612,release,average_utilization
both_flexible_vs_reservation_only,10,0.0,0.0,0.0,inconclusive,0.0,0.0,0.0,inconclusive,BG00612,release,average_utilization
reservation_only_vs_horizon_only,10,0.002760273972603067,-0.0014453767123286682,0.007863356164384182,inconclusive,-0.00294956962005144,-0.004981108447209602,-0.000961449849504154,inconclusive,BG00612,release,average_utilization
horizon_only_vs_baseline,10,0.0002465753424657935,-0.002164554794520392,0.0026714041095891555,inconclusive,0.0027119390370788365,-0.000523196833917316,0.005853710926949529,inconclusive,BG00613,release,average_utilization
reservation_only_vs_baseline,10,0.0011917808219180093,-0.0009316780821915124,0.003178595890411017,inconclusive,-0.0007053407404799649,-0.004645418815262953,0.003918123603999997,inconclusive,BG00613,release,average_utilization
both_flexible_vs_baseline,10,0.002034246575342291,-0.00029452054794517794,0.004554794520547497,inconclusive,0.0030906661650793475,0.00013791350359618331,0.00686648698264831,inconclusive,BG00613,release,average_utilization
both_flexible_vs_horizon_only,10,0.0017876712328764976,-3.424657534229297e-05,0.003684931506849022,inconclusive,0.0003787271280005111,-0.0021654364391166803,0.002787061240529504,inconclusive,BG00613,release,average_utilization
both_flexible_vs_reservation_only,10,0.0008424657534242819,-0.0017332191780825095,0.0035823630136981705,inconclusive,0.0037960069055593126,0.000991639069276251,0.006565319956352463,inconclusive,BG00613,release,average_utilization
reservation_only_vs_horizon_only,10,0.0009452054794522157,-0.0021921232876708757,0.003993150684931337,inconclusive,-0.0034172797775588017,-0.007432616189381622,0.0010578500579855302,inconclusive,BG00613,release,average_utilization
horizon_only_vs_baseline,10,0.0,0.0,0.0,inconclusive,0.0,0.0,0.0,inconclusive,BG00614,release,average_utilization
reservation_only_vs_baseline,10,0.0016027397260274135,1.3698630137037037e-05,0.0030547945205479875,inconclusive,-1.1750552187916874e-05,-0.000810771019516327,0.0007948210149369997,inconclusive,BG00614,release,average_utilization
both_flexible_vs_baseline,10,0.00391780821917812,0.0006438356164384698,0.007452054794520547,inconclusive,-0.0007653960738400079,-0.003320632271408369,0.0020088352123299523,inconclusive,BG00614,release,average_utilization
both_flexible_vs_horizon_only,10,0.00391780821917812,0.0005198630136987364,0.007288013698630222,inconclusive,-0.0007653960738400079,-0.0031891866737394896,0.0020010780174049615,inconclusive,BG00614,release,average_utilization
both_flexible_vs_reservation_only,10,0.002315068493150707,-0.0009178082191780188,0.005767465753424716,inconclusive,-0.0007536455216520909,-0.003311899429188242,0.0018268416324785427,inconclusive,BG00614,release,average_utilization
reservation_only_vs_horizon_only,10,0.0016027397260274135,1.3356164383571795e-05,0.0030410958904109834,inconclusive,-1.1750552187916874e-05,-0.0007741341125685708,0.0008080974705313069,inconclusive,BG00614,release,average_utilization
horizon_only_vs_baseline,10,0.0,0.0,0.0,inconclusive,0.0,0.0,0.0,inconclusive,BG00615,release,average_utilization
reservation_only_vs_baseline,10,0.04586301369862983,0.04357794520547902,0.047972602739725624,supported,0.07153637969716387,0.06953130212558215,0.073383433824013,supported,BG00615,release,average_utilization
both_flexible_vs_baseline,10,0.04630136986301333,0.043764109589040825,0.048728767123287144,supported,0.07335065916067829,0.07082240421592914,0.0758602967695217,supported,BG00615,release,average_utilization
both_flexible_vs_horizon_only,10,0.04630136986301333,0.043731506849314775,0.048712328767122816,supported,0.07335065916067829,0.07075651794571715,0.07587423542165192,supported,BG00615,release,average_utilization
both_flexible_vs_reservation_only,10,0.00043835616438350213,-0.0008767123287670964,0.0016713698630136103,inconclusive,0.0018142794635144122,-0.0003324209019429541,0.0038834645037411466,inconclusive,BG00615,release,average_utilization
reservation_only_vs_horizon_only,10,0.04586301369862983,0.04358342465753367,0.04785767123287648,supported,0.07153637969716387,0.06951065583348545,0.07336445423172964,supported,BG00615,release,average_utilization
horizon_only_vs_baseline,10,0.08478082191780659,0.08224657534246448,0.08749315068492976,supported,0.024242205802568882,0.022983746544036208,0.025290147752309013,supported,BG00616,release,average_utilization
reservation_only_vs_baseline,10,0.08199999999999877,0.07845171232876567,0.08510993150684829,supported,0.011254753222693998,0.009059821288872684,0.013368141182603698,supported,BG00616,release,average_utilization
both_flexible_vs_baseline,10,0.08478082191780659,0.08213698630136845,0.08758904109588858,supported,0.024242205802568882,0.0230151839852775,0.025309199094915445,supported,BG00616,release,average_utilization
both_flexible_vs_horizon_only,10,0.0,0.0,0.0,inconclusive,0.0,0.0,0.0,inconclusive,BG00616,release,average_utilization
both_flexible_vs_reservation_only,10,0.0027808219178078073,-0.00024657534246596196,0.005643835616437777,inconclusive,0.012987452579874886,0.011008110156408546,0.015246297945057734,supported,BG00616,release,average_utilization
reservation_only_vs_horizon_only,10,-0.0027808219178078073,-0.005630479452054513,9.589041095918405e-05,inconclusive,-0.012987452579874886,-0.015174826127218582,-0.011013706464290627,contradicted,BG00616,release,average_utilization
horizon_only_vs_baseline,10,0.0,0.0,0.0,inconclusive,0.0,0.0,0.0,inconclusive,BG00617,release,average_utilization
reservation_only_vs_baseline,10,0.0007123287671232492,-0.0017100000000004917,0.0029867123287670703,inconclusive,-0.00025834588173018755,-0.0018974047490383486,0.0014835108103154013,inconclusive,BG00617,release,average_utilization
both_flexible_vs_baseline,10,0.0007123287671232492,-0.001742602739726087,0.003057671232875817,inconclusive,-0.00025834588173018755,-0.0019328916107851854,0.0015267202860453277,inconclusive,BG00617,release,average_utilization
both_flexible_vs_horizon_only,10,0.0007123287671232492,-0.0016604109589042468,0.00302465753424603,inconclusive,-0.00025834588173018755,-0.0019654199029089884,0.0014728977353690854,inconclusive,BG00617,release,average_utilization
both_flexible_vs_reservation_only,10,0.0,0.0,0.0,inconclusive,0.0,0.0,0.0,inconclusive,BG00617,release,average_utilization
reservation_only_vs_horizon_only,10,0.0007123287671232492,-0.0016494520547950156,0.0030795890410958084,inconclusive,-0.00025834588173018755,-0.001966136271436304,0.0014625246354473692,inconclusive,BG00617,release,average_utilization
horizon_only_vs_baseline,10,0.0,0.0,0.0,inconclusive,0.0,0.0,0.0,inconclusive,BG00618,release,average_utilization
reservation_only_vs_baseline,10,0.0007013698630140008,-0.0014082191780813524,0.0032441095890410818,inconclusive,0.00727731929767883,0.0033855731396082375,0.011380850112232362,supported,BG00618,release,average_utilization
both_flexible_vs_baseline,10,0.0007013698630140008,-0.0014469863013692982,0.003205753424657328,inconclusive,0.00727731929767883,0.0035974706688582307,0.011472293407090826,supported,BG00618,release,average_utilization
both_flexible_vs_horizon_only,10,0.0007013698630140008,-0.001463013698629756,0.0031726027397263276,inconclusive,0.00727731929767883,0.0036769753245877,0.011354546975090229,supported,BG00618,release,average_utilization
both_flexible_vs_reservation_only,10,0.0,0.0,0.0,inconclusive,0.0,0.0,0.0,inconclusive,BG00618,release,average_utilization
reservation_only_vs_horizon_only,10,0.0007013698630140008,-0.001446986301369393,0.003183835616438461,inconclusive,0.00727731929767883,0.003618534477156535,0.011486576895586104,supported,BG00618,release,average_utilization
horizon_only_vs_baseline,10,0.0,0.0,0.0,inconclusive,0.0,0.0,0.0,inconclusive,BG00619,release,average_utilization
reservation_only_vs_baseline,10,0.0011095890410960263,-0.0008976027397257768,0.0031164383561643662,inconclusive,0.000981374087532727,-0.0003867714527771015,0.0025067036245703133,inconclusive,BG00619,release,average_utilization
both_flexible_vs_baseline,10,0.0011506849315070177,-0.0008835616438355295,0.0032328767123290247,inconclusive,0.00075007244109212,-0.00010757018095412931,0.0018207038063762005,inconclusive,BG00619,release,average_utilization
both_flexible_vs_horizon_only,10,0.0011506849315070177,-0.0009179794520547304,0.0032809931506851985,inconclusive,0.00075007244109212,-0.00013370159309964517,0.001744664638816074,inconclusive,BG00619,release,average_utilization
both_flexible_vs_reservation_only,10,4.1095890410991486e-05,-0.0010958904109584949,0.0012808219178080517,inconclusive,-0.00023130164644060702,-0.0014405506060472222,0.0009638655991984263,inconclusive,BG00619,release,average_utilization
reservation_only_vs_horizon_only,10,0.0011095890410960263,-0.0009523972602737503,0.003048116438356267,inconclusive,0.000981374087532727,-0.00036896740195993647,0.002523240542370464,inconclusive,BG00619,release,average_utilization
horizon_only_vs_baseline,10,0.0006095890410957816,-0.00047945205479478395,0.0019315068493151626,inconclusive,0.0246275438491421,0.020770491501005062,0.02873884687236036,supported,BG00620,release,average_utilization
reservation_only_vs_baseline,10,0.0015616438356164885,0.0005136986301370824,0.0025821917808221406,inconclusive,-0.04643782099291523,-0.050706901718875964,-0.042269209550826484,contradicted,BG00620,release,average_utilization
both_flexible_vs_baseline,10,0.0015616438356164885,0.0005273972602740617,0.0026575342465752845,inconclusive,-0.04643782099291523,-0.051140235492274456,-0.04224995382058748,contradicted,BG00620,release,average_utilization
both_flexible_vs_horizon_only,10,0.000952054794520707,-0.00047277397260244954,0.0022397260273971722,inconclusive,-0.07106536484205735,-0.07502818278127399,-0.06655730150815023,contradicted,BG00620,release,average_utilization
both_flexible_vs_reservation_only,10,0.0,0.0,0.0,inconclusive,0.0,0.0,0.0,inconclusive,BG00620,release,average_utilization
reservation_only_vs_horizon_only,10,0.000952054794520707,-0.0004999999999993479,0.0022876712328765785,inconclusive,-0.07106536484205735,-0.07503972180603516,-0.06651393153066407,contradicted,BG00620,release,average_utilization
horizon_only_vs_baseline,10,0.00242009132420089,-0.0007031963470320024,0.005571232876712309,inconclusive,-0.003344561634739773,-0.00590419006525209,-0.0007025074080738543,inconclusive,BG00621,release,average_utilization
reservation_only_vs_baseline,10,0.002082191780822029,-0.0005844748858449228,0.005278767123287985,inconclusive,-0.0040283914399115,-0.006001533258579022,-0.0018754822068669898,inconclusive,BG00621,release,average_utilization
both_flexible_vs_baseline,10,0.0026484018264838816,-0.000447716894977321,0.005808447488584213,inconclusive,-0.012222367227512377,-0.014415760851000247,-0.009697667914354148,contradicted,BG00621,release,average_utilization
both_flexible_vs_horizon_only,10,0.0002283105022829912,-0.0012696347031964429,0.002264840182648155,inconclusive,-0.008877805592772603,-0.010306969504649361,-0.007421780524552578,contradicted,BG00621,release,average_utilization
both_flexible_vs_reservation_only,10,0.0005662100456618524,-0.001826484018264744,0.0029406392694059117,inconclusive,-0.008193975787600876,-0.010069047152477677,-0.006232909036265105,contradicted,BG00621,release,average_utilization
reservation_only_vs_horizon_only,10,-0.0003378995433788612,-0.0029591324200911287,0.002347031963469971,inconclusive,-0.0006838298051717262,-0.0023420796269943284,0.0012565245742527785,inconclusive,BG00621,release,average_utilization
horizon_only_vs_baseline,10,0.001841095890410782,0.00042178082191754646,0.0031289041095888745,inconclusive,0.03876841935591628,0.035725313160439025,0.04183980169443495,supported,BG00622,release,average_utilization
reservation_only_vs_baseline,10,0.009167123287670987,0.007890136986300839,0.010498767123287369,supported,0.2798113844843465,0.27676122280272286,0.2828768858550369,supported,BG00622,release,average_utilization
both_flexible_vs_baseline,10,0.009167123287670987,0.00789589041095868,0.01048767123287656,supported,0.2798113844843465,0.276837659175075,0.282856907392371,supported,BG00622,release,average_utilization
both_flexible_vs_horizon_only,10,0.0073260273972602045,0.005928630136986389,0.008822054794520374,supported,0.24104296512843018,0.239056627889584,0.2429791926410807,supported,BG00622,release,average_utilization
both_flexible_vs_reservation_only,10,0.0,0.0,0.0,inconclusive,0.0,0.0,0.0,inconclusive,BG00622,release,average_utilization
reservation_only_vs_horizon_only,10,0.0073260273972602045,0.005961643835616393,0.008827397260273906,supported,0.24104296512843018,0.23907958835246934,0.24287723077671974,supported,BG00622,release,average_utilization
horizon_only_vs_baseline,10,0.0005958904109589991,-0.001322089041095396,0.002459075342465871,inconclusive,0.002962415720696665,-0.0007370649322078029,0.007156249919015553,inconclusive,BG00623,release,average_utilization
reservation_only_vs_baseline,10,0.002068493150685291,0.0010821917808224238,0.0031301369863016575,inconclusive,0.0027816891368937836,-0.0019623935217429967,0.007671836161705481,inconclusive,BG00623,release,average_utilization
both_flexible_vs_baseline,10,0.002068493150685291,0.001061643835617187,0.0031575342465756007,inconclusive,0.0027816891368937836,-0.0017334824899483635,0.007462188258562601,inconclusive,BG00623,release,average_utilization
both_flexible_vs_horizon_only,10,0.0014726027397262919,-0.0007606164383560534,0.003773972602739723,inconclusive,-0.00018072658380288153,-0.004388795815565484,0.00453440983211852,inconclusive,BG00623,release,average_utilization
both_flexible_vs_reservation_only,10,0.0,0.0,0.0,inconclusive,0.0,0.0,0.0,inconclusive,BG00623,release,average_utilization
reservation_only_vs_horizon_only,10,0.0014726027397262919,-0.0006575342465751802,0.003739897260274221,inconclusive,-0.00018072658380288153,-0.004456367661791484,0.0045707643591123,inconclusive,BG00623,release,average_utilization
horizon_only_vs_baseline,10,0.0,0.0,0.0,inconclusive,0.0,0.0,0.0,inconclusive,BG00624,release,average_utilization
reservation_only_vs_baseline,10,0.002648401826484048,-0.0014977168949770576,0.0073881278538812985,inconclusive,-0.00024317717080724055,-0.0011731740687497651,0.0008046952460987083,inconclusive,BG00624,release,average_utilization
both_flexible_vs_baseline,10,0.002648401826484048,-0.0014431506849317027,0.007415753424657459,inconclusive,-0.00024317717080724055,-0.001149517580371634,0.0008099563236124129,inconclusive,BG00624,release,average_utilization
both_flexible_vs_horizon_only,10,0.002648401826484048,-0.001269406392693799,0.007205479452054822,inconclusive,-0.00024317717080724055,-0.0011624189373733785,0.0007669239720233263,inconclusive,BG00624,release,average_utilization
both_flexible_vs_reservation_only,10,0.0,0.0,0.0,inconclusive,0.0,0.0,0.0,inconclusive,BG00624,release,average_utilization
reservation_only_vs_horizon_only,10,0.002648401826484048,-0.0014431506849316878,0.0072876712328766744,inconclusive,-0.00024317717080724055,-0.0011443072099228315,0.0007898284669043571,inconclusive,BG00624,release,average_utilization
horizon_only_vs_baseline,10,0.0,0.0,0.0,inconclusive,0.0,0.0,0.0,inconclusive,BG00625,release,average_utilization
reservation_only_vs_baseline,10,0.001000000000000134,-0.004972945205479492,0.007041438356164981,inconclusive,0.0026445000691426856,-0.0016863309303510271,0.006700462622684042,inconclusive,BG00625,release,average_utilization
both_flexible_vs_baseline,10,0.0035342465753424256,0.00036986301369854534,0.007151027397260395,inconclusive,0.0011233107373560425,-0.0012337065009784696,0.0034460547320719734,inconclusive,BG00625,release,average_utilization
both_flexible_vs_horizon_only,10,0.0035342465753424256,0.00043835616438331196,0.0069181506849314844,inconclusive,0.0011233107373560425,-0.001176090624036924,0.0034651138476396092,inconclusive,BG00625,release,average_utilization
both_flexible_vs_reservation_only,10,0.0025342465753422916,-0.0014109589041097605,0.006356164383561428,inconclusive,-0.0015211893317866431,-0.0060458873173970615,0.0027711087976997344,inconclusive,BG00625,release,average_utilization
reservation_only_vs_horizon_only,10,0.001000000000000134,-0.004987328767123538,0.0069455479452055,inconclusive,0.0026445000691426856,-0.0017221305473926179,0.006560275173671079,inconclusive,BG00625,release,average_utilization
horizon_only_vs_baseline,10,0.0,0.0,0.0,inconclusive,0.0,0.0,0.0,inconclusive,BG00626,release,average_utilization
reservation_only_vs_baseline,10,0.0,0.0,0.0,inconclusive,0.0,0.0,0.0,inconclusive,BG00626,release,average_utilization
both_flexible_vs_baseline,10,0.0,0.0,0.0,inconclusive,0.0,0.0,0.0,inconclusive,BG00626,release,average_utilization
both_flexible_vs_horizon_only,10,0.0,0.0,0.0,inconclusive,0.0,0.0,0.0,inconclusive,BG00626,release,average_utilization
both_flexible_vs_reservation_only,10,0.0,0.0,0.0,inconclusive,0.0,0.0,0.0,inconclusive,BG00626,release,average_utilization
reservation_only_vs_horizon_only,10,0.0,0.0,0.0,inconclusive,0.0,0.0,0.0,inconclusive,BG00626,release,average_utilization
horizon_only_vs_baseline,10,0.0,0.0,0.0,inconclusive,0.0,0.0,0.0,inconclusive,BG00627,release,average_utilization
reservation_only_vs_baseline,10,0.0,0.0,0.0,inconclusive,0.0,0.0,0.0,inconclusive,BG00627,release,average_utilization
both_flexible_vs_baseline,10,0.0,0.0,0.0,inconclusive,0.0,0.0,0.0,inconclusive,BG00627,release,average_utilization
both_flexible_vs_horizon_only,10,0.0,0.0,0.0,inconclusive,0.0,0.0,0.0,inconclusive,BG00627,release,average_utilization
both_flexible_vs_reservation_only,10,0.0,0.0,0.0,inconclusive,0.0,0.0,0.0,inconclusive,BG00627,release,average_utilization
reservation_only_vs_horizon_only,10,0.0,0.0,0.0,inconclusive,0.0,0.0,0.0,inconclusive,BG00627,release,average_utilization
horizon_only_vs_baseline,10,0.006476712328766865,0.003857397260274058,0.008361643835615858,supported,0.010872548563747886,0.009406165907841919,0.012327241051151204,supported,BG00628,release,average_utilization
reservation_only_vs_baseline,10,0.007873972602739598,0.005402602739726075,0.0103017808219176,supported,0.10540996233920312,0.1039037687811343,0.10676144361561193,supported,BG00628,release,average_utilization
both_flexible_vs_baseline,10,0.009282191780821758,0.007232876712328661,0.011287671232876122,supported,0.022543083904926615,0.02146716442978433,0.023754164105959246,supported,BG00628,release,average_utilization
both_flexible_vs_horizon_only,10,0.002805479452054893,-4.410958904067638e-05,0.005879589041095531,inconclusive,0.011670535341178729,0.010153795779725017,0.013639402813247416,supported,BG00628,release,average_utilization
both_flexible_vs_reservation_only,10,0.0014082191780821595,-0.0008657534246570009,0.003747945205479292,inconclusive,-0.0828668784342765,-0.084393723430916,-0.08111348896588502,contradicted,BG00628,release,average_utilization
reservation_only_vs_horizon_only,10,0.0013972602739727336,-0.001260273972602592,0.003857808219178085,inconclusive,0.09453741377545521,0.09363038557922458,0.09540643231114254,supported,BG00628,release,average_utilization
horizon_only_vs_baseline,10,0.0,0.0,0.0,inconclusive,0.0,0.0,0.0,inconclusive,BG00629,release,average_utilization
reservation_only_vs_baseline,10,0.0022009132420092283,-0.004484474885844996,0.009059589041096293,inconclusive,-0.0007204560330546506,-0.00306902070164602,0.0019355749244930305,inconclusive,BG00629,release,average_utilization
both_flexible_vs_baseline,10,0.002876712328767195,-0.0011326484018264935,0.007425114155251105,inconclusive,0.00014780236663926029,-0.001270949014491169,0.0013381774754993036,inconclusive,BG00629,release,average_utilization
both_flexible_vs_horizon_only,10,0.002876712328767195,-0.0009315068493149802,0.00740639269406398,inconclusive,0.00014780236663926029,-0.0013137905719227676,0.0012988619961937327,inconclusive,BG00629,release,average_utilization
both_flexible_vs_reservation_only,10,0.0006757990867579666,-0.007397488584474893,0.00921529680365366,inconclusive,0.0008682583996939108,-0.0012593438781728138,0.002704987032037585,inconclusive,BG00629,release,average_utilization
reservation_only_vs_horizon_only,10,0.0022009132420092283,-0.004712785388127858,0.008940639269406535,inconclusive,-0.0007204560330546506,-0.003068368776223803,0.0020440910884522764,inconclusive,BG00629,release,average_utilization
horizon_only_vs_baseline,10,0.0,0.0,0.0,inconclusive,0.0,0.0,0.0,inconclusive,BG00630,release,average_utilization
reservation_only_vs_baseline,10,0.0004748858447487181,-0.0023837899543380768,0.0034159817351597163,inconclusive,-0.0012739459098477957,-0.004132210797542066,0.0017758239263287847,inconclusive,BG00630,release,average_utilization
both_flexible_vs_baseline,10,0.0008858447488583221,-0.0020369863013699778,0.00379908675799069,inconclusive,-0.0011229856984979025,-0.003175680974566831,0.0012338601171932421,inconclusive,BG00630,release,average_utilization
both_flexible_vs_horizon_only,10,0.0008858447488583221,-0.002055022831050501,0.0037442922374427844,inconclusive,-0.0011229856984979025,-0.00312858115617615,0.0012576268808119169,inconclusive,BG00630,release,average_utilization
both_flexible_vs_reservation_only,10,0.00041095890410960403,-0.0015710045662100903,0.0025753424657534497,inconclusive,0.00015096021134989313,-0.0011702767667535364,0.001624586939668038,inconclusive,BG00630,release,average_utilization
reservation_only_vs_horizon_only,10,0.0004748858447487181,-0.0023744292237443372,0.0033703196347031144,inconclusive,-0.0012739459098477957,-0.00411441257385971,0.0016457660855030021,inconclusive,BG00630,release,average_utilization
horizon_only_vs_baseline,10,0.0002557077625573001,-0.0013059360730589672,0.0018173515981738336,inconclusive,0.00224836466263601,-0.0016014323907737318,0.0068119992119024765,inconclusive,BG00631,release,average_utilization
reservation_only_vs_baseline,10,0.0020639269406394155,-2.7625570776056905e-05,0.004018264840182951,inconclusive,0.2066467030834036,0.20355436203206254,0.20981607875398336,supported,BG00631,release,average_utilization
both_flexible_vs_baseline,10,0.0024931506849317888,0.0007123287671237872,0.0042650684931508625,inconclusive,0.2475663916254236,0.24227361767648575,0.25195356553678266,supported,BG00631,release,average_utilization
both_flexible_vs_horizon_only,10,0.0022374429223744885,0.00010045662100472807,0.0044292237442921,inconclusive,0.24531802696278757,0.23902407628774136,0.25164620969077145,supported,BG00631,release,average_utilization
both_flexible_vs_reservation_only,10,0.00042922374429237297,-0.0013333333333328992,0.0017716894977169559,inconclusive,0.04091968854201998,0.03720968959683036,0.04467975168727009,supported,BG00631,release,average_utilization
reservation_only_vs_horizon_only,10,0.0018082191780821155,-0.0003929223744296167,0.004073287671232854,inconclusive,0.20439833842076763,0.199283178360698,0.20929882132352357,supported,BG00631,release,average_utilization
horizon_only_vs_baseline,10,0.0012465753424662606,-0.002315068493149783,0.004576027397260641,inconclusive,0.0018620483805233457,-0.002090764202037894,0.005242504315194536,inconclusive,BG00632,release,average_utilization
reservation_only_vs_baseline,10,0.0,0.0,0.0,inconclusive,0.0,0.0,0.0,inconclusive,BG00632,release,average_utilization
both_flexible_vs_baseline,10,0.0014931506849319987,-0.0022332191780815233,0.005369863013698829,inconclusive,0.0018709271260895278,-0.002046766979849759,0.0054031020209162565,inconclusive,BG00632,release,average_utilization
both_flexible_vs_horizon_only,10,0.00024657534246573797,-0.0003835616438355838,0.0011784246575341744,inconclusive,8.878745566182067e-06,-0.0006461554621854161,0.001013597496561459,inconclusive,BG00632,release,average_utilization
both_flexible_vs_reservation_only,10,0.0014931506849319987,-0.002260616438355477,0.005274315068493526,inconclusive,0.0018709271260895278,-0.0020931276432192424,0.005377879811349217,inconclusive,BG00632,release,average_utilization
reservation_only_vs_horizon_only,10,-0.0012465753424662606,-0.004506849315068974,0.0022465753424651632,inconclusive,-0.0018620483805233457,-0.005349672241234581,0.0018735665154794097,inconclusive,BG00632,release,average_utilization
horizon_only_vs_baseline,10,0.0,0.0,0.0,inconclusive,0.0,0.0,0.0,inconclusive,BG00633,release,average_utilization
reservation_only_vs_baseline,10,0.0015433789954337417,0.00021004566210081594,0.002895205479452262,inconclusive,-0.002110155254747692,-0.004567260650510858,0.0002261563058141065,inconclusive,BG00633,release,average_utilization
both_flexible_vs_baseline,10,0.0015433789954337417,0.00019178082191787793,0.002840182648401981,inconclusive,-0.002110155254747692,-0.0045383862456013805,0.0001320388211115493,inconclusive,BG00633,release,average_utilization
both_flexible_vs_horizon_only,10,0.0015433789954337417,0.00023744292237447477,0.002894977168949631,inconclusive,-0.002110155254747692,-0.004507035194673166,0.00022207729640204884,inconclusive,BG00633,release,average_utilization
both_flexible_vs_reservation_only,10,0.0,0.0,0.0,inconclusive,0.0,0.0,0.0,inconclusive,BG00633,release,average_utilization
reservation_only_vs_horizon_only,10,0.0015433789954337417,0.0002465753424658029,0.002831050228310562,inconclusive,-0.002110155254747692,-0.004466757100341002,0.00014629660501681694,inconclusive,BG00633,release,average_utilization
horizon_only_vs_baseline,10,0.0,0.0,0.0,inconclusive,0.0,0.0,0.0,inconclusive,BG00634,release,average_utilization
reservation_only_vs_baseline,10,0.0,0.0,0.0,inconclusive,0.0,0.0,0.0,inconclusive,BG00634,release,average_utilization
both_flexible_vs_baseline,10,0.0,0.0,0.0,inconclusive,0.0,0.0,0.0,inconclusive,BG00634,release,average_utilization
both_flexible_vs_horizon_only,10,0.0,0.0,0.0,inconclusive,0.0,0.0,0.0,inconclusive,BG00634,release,average_utilization
both_flexible_vs_reservation_only,10,0.0,0.0,0.0,inconclusive,0.0,0.0,0.0,inconclusive,BG00634,release,average_utilization
reservation_only_vs_horizon_only,10,0.0,0.0,0.0,inconclusive,0.0,0.0,0.0,inconclusive,BG00634,release,average_utilization
horizon_only_vs_baseline,10,0.0,0.0,0.0,inconclusive,0.0,0.0,0.0,inconclusive,BG00635,release,average_utilization
reservation_only_vs_baseline,10,0.0017150684931506843,-0.0005152054794520188,0.004175479452054785,inconclusive,0.00036935697037945305,-0.0003777015329920302,0.0010526102343976834,inconclusive,BG00635,release,average_utilization
both_flexible_vs_baseline,10,0.0017150684931506843,-0.000537123287671282,0.004000273972602701,inconclusive,0.00036935697037945305,-0.0003593744012950006,0.001088899663520131,inconclusive,BG00635,release,average_utilization
both_flexible_vs_horizon_only,10,0.0017150684931506843,-0.0006083561643835813,0.004093287671233001,inconclusive,0.00036935697037945305,-0.0003462863938847485,0.001068515876510879,inconclusive,BG00635,release,average_utilization
both_flexible_vs_reservation_only,10,0.0,0.0,0.0,inconclusive,0.0,0.0,0.0,inconclusive,BG00635,release,average_utilization
reservation_only_vs_horizon_only,10,0.0017150684931506843,-0.0005427397260273447,0.004137123287671187,inconclusive,0.00036935697037945305,-0.00035038141216099493,0.0010567791980311534,inconclusive,BG00635,release,average_utilization
horizon_only_vs_baseline,10,0.0,0.0,0.0,inconclusive,0.0,0.0,0.0,inconclusive,BG00636,release,average_utilization
reservation_only_vs_baseline,10,0.006931506849314905,0.006369863013698936,0.007575342465752834,supported,0.13444836823380918,0.1328245207160582,0.13614226298989343,supported,BG00636,release,average_utilization
both_flexible_vs_baseline,10,0.008102739726027519,0.005979280821918253,0.010020547945205408,supported,0.14174211818502255,0.13822112689410251,0.1449337159854276,supported,BG00636,release,average_utilization
both_flexible_vs_horizon_only,10,0.008102739726027519,0.005986130136986689,0.010109589041096205,supported,0.14174211818502255,0.13825796043079427,0.14493664601479503,supported,BG00636,release,average_utilization
both_flexible_vs_reservation_only,10,0.0011712328767126134,-0.0009589041095884335,0.003219178082192087,inconclusive,0.007293749951213391,0.004355383800779739,0.010133576919575001,supported,BG00636,release,average_utilization
reservation_only_vs_horizon_only,10,0.006931506849314905,0.006363013698630315,0.0075821917808216845,supported,0.13444836823380918,0.13278264011787527,0.13613406575987072,supported,BG00636,release,average_utilization
horizon_only_vs_baseline,10,0.0,0.0,0.0,inconclusive,0.0,0.0,0.0,inconclusive,BG00637,release,average_utilization
reservation_only_vs_baseline,10,0.0008876712328772851,-0.0011123287671224603,0.002942465753425197,inconclusive,-8.144601850694766e-05,-0.0038257875147311277,0.0035417088759864303,inconclusive,BG00637,release,average_utilization
both_flexible_vs_baseline,10,0.0008876712328772851,-0.0012109589041089848,0.0029260273972606925,inconclusive,-8.144601850694766e-05,-0.003814237344571584,0.0036718977865988944,inconclusive,BG00637,release,average_utilization
both_flexible_vs_horizon_only,10,0.0008876712328772851,-0.001172739726026737,0.0028986301369866045,inconclusive,-8.144601850694766e-05,-0.0038555596638118407,0.003678440985612967,inconclusive,BG00637,release,average_utilization
both_flexible_vs_reservation_only,10,0.0,0.0,0.0,inconclusive,0.0,0.0,0.0,inconclusive,BG00637,release,average_utilization
reservation_only_vs_horizon_only,10,0.0008876712328772851,-0.0011786301369857638,0.0029589041095893385,inconclusive,-8.144601850694766e-05,-0.0038916193714943225,0.0034901095877813877,inconclusive,BG00637,release,average_utilization
horizon_only_vs_baseline,10,0.001589041095890531,0.00038356164383575867,0.002904109589041228,inconclusive,0.02808875510204274,0.023459250392745767,0.03260430111630863,supported,BG00638,release,average_utilization
reservation_only_vs_baseline,10,0.0042739726027396395,0.0017714611872147027,0.006758219178081809,inconclusive,0.055948100091347354,0.05031905156658789,0.06170306920217465,supported,BG00638,release,average_utilization
both_flexible_vs_baseline,10,0.005972602739726196,0.0034337899543381493,0.00858447488584463,supported,0.0920771034646165,0.08681980657216173,0.09729770742286313,supported,BG00638,release,average_utilization
both_flexible_vs_horizon_only,10,0.004383561643835665,0.002876712328767258,0.0060821917808215826,inconclusive,0.06398834836257376,0.06043959417702309,0.06786015858704815,supported,BG00638,release,average_utilization
both_flexible_vs_reservation_only,10,0.0016986301369865564,-0.0006851598173512398,0.004073059360730503,inconclusive,0.03612900337326915,0.03070699331300153,0.0410459935541787,supported,BG00638,release,average_utilization
reservation_only_vs_horizon_only,10,0.0026849315068491085,0.001141552511415487,0.004319863013698642,inconclusive,0.02785934498930461,0.022042556883294873,0.03333075686718117,supported,BG00638,release,average_utilization
horizon_only_vs_baseline,10,0.0,0.0,0.0,inconclusive,0.0,0.0,0.0,inconclusive,BG00639,release,average_utilization
reservation_only_vs_baseline,10,0.002698630136986102,-0.0007400684931508294,0.0060136986301366465,inconclusive,0.0017278857417477034,-0.004224929924103929,0.00807027747397367,inconclusive,BG00639,release,average_utilization
both_flexible_vs_baseline,10,0.006315068493150544,0.0007534246575342347,0.0118780821917806,supported,0.00330560303818076,-0.00480000918421991,0.011899648620405469,inconclusive,BG00639,release,average_utilization
both_flexible_vs_horizon_only,10,0.006315068493150544,0.0009311643835615898,0.012027739726026965,supported,0.00330560303818076,-0.004750707335055714,0.011529687331531507,inconclusive,BG00639,release,average_utilization
both_flexible_vs_reservation_only,10,0.003616438356164442,-0.00035616438356156496,0.008028082191780915,inconclusive,0.0015777172964330567,-0.004495428152692194,0.00855030374489936,inconclusive,BG00639,release,average_utilization
reservation_only_vs_horizon_only,10,0.002698630136986102,-0.0008359589041098075,0.006096232876712059,inconclusive,0.0017278857417477034,-0.004139663465224406,0.008150076500031458,inconclusive,BG00639,release,average_utilization
horizon_only_vs_baseline,10,0.002287671232876243,-0.00010958904109629298,0.004424999999999934,inconclusive,0.016309524538798685,0.01239132140636607,0.020355373024995273,supported,BG00640,release,average_utilization
reservation_only_vs_baseline,10,0.0013013698630135572,-0.0005756849315070328,0.0030825342465752325,inconclusive,-0.0025601519277030304,-0.006980201085276879,0.002377719873011423,inconclusive,BG00640,release,average_utilization
both_flexible_vs_baseline,10,0.002287671232876243,-0.00013732876712368961,0.004397602739726041,inconclusive,0.016309524538798685,0.012382423940620158,0.020503674295540918,supported,BG00640,release,average_utilization
both_flexible_vs_horizon_only,10,0.0,0.0,0.0,inconclusive,0.0,0.0,0.0,inconclusive,BG00640,release,average_utilization
both_flexible_vs_reservation_only,10,0.0009863013698626854,-0.0009726027397265357,0.0027945205479451593,inconclusive,0.018869676466501718,0.015692807847932245,0.02163555847515627,supported,BG00640,release,average_utilization
reservation_only_vs_horizon_only,10,-0.0009863013698626854,-0.00282191780821879,0.001027397260274244,inconclusive,-0.018869676466501718,-0.021865092810553342,-0.015840602155480502,contradicted,BG00640,release,average_utilization
horizon_only_vs_baseline,10,0.08165753424657506,0.07928767123287639,0.08401369863013694,supported,0.030192471678556498,0.02898054756778616,0.031428515479907895,supported,BG00641,release,average_utilization
reservation_only_vs_baseline,10,0.019315068493150934,0.01517808219178106,0.023095890410959007,supported,0.0031808891862353805,0.0010574125857075122,0.005083558216408826,inconclusive,BG00641,release,average_utilization
both_flexible_vs_baseline,10,0.10656164383561562,0.10323287671232802,0.11000034246575285,supported,0.025960662467832213,0.023406924813419678,0.028383363822102468,supported,BG00641,release,average_utilization
both_flexible_vs_horizon_only,10,0.024904109589040557,0.02190410958904059,0.027712328767122995,supported,-0.004231809210724286,-0.006598690666259775,-0.0020929820967628514,inconclusive,BG00641,release,average_utilization
both_flexible_vs_reservation_only,10,0.08724657534246469,0.0837667808219166,0.09079452054794404,supported,0.022779773281596832,0.020885315608733555,0.02472933872976571,supported,BG00641,release,average_utilization
reservation_only_vs_horizon_only,10,-0.06234246575342413,-0.06527397260273915,-0.059205136986300914,contradicted,-0.027011582492321117,-0.029229948645224445,-0.024881607480249746,contradicted,BG00641,release,average_utilization
horizon_only_vs_baseline,10,0.0,0.0,0.0,inconclusive,0.0,0.0,0.0,inconclusive,BG00642,release,average_utilization
reservation_only_vs_baseline,10,0.0013561643835614979,-0.0013015410958908665,0.003931506849315073,inconclusive,0.00204841766970687,-0.002491147040677477,0.006837189165488571,inconclusive,BG00642,release,average_utilization
both_flexible_vs_baseline,10,0.0013904109589040758,-0.0005482876712329497,0.00321232876712322,inconclusive,0.0014343275843006098,6.505332562754071e-05,0.0032342631293576845,inconclusive,BG00642,release,average_utilization
both_flexible_vs_horizon_only,10,0.0013904109589040758,-0.0005001712328766937,0.0032328767123288365,inconclusive,0.0014343275843006098,0.00012395375998373317,0.003203592697766782,inconclusive,BG00642,release,average_utilization
both_flexible_vs_reservation_only,10,3.424657534257802e-05,-0.00275359589041092,0.0030827054794525435,inconclusive,-0.0006140900854062603,-0.005976917772208352,0.003983030967955331,inconclusive,BG00642,release,average_utilization
reservation_only_vs_horizon_only,10,0.0013561643835614979,-0.0013905821917811977,0.0038152397260272576,inconclusive,0.00204841766970687,-0.002456624265118796,0.0069090952620453425,inconclusive,BG00642,release,average_utilization
horizon_only_vs_baseline,10,0.0,0.0,0.0,inconclusive,0.0,0.0,0.0,inconclusive,BG00643,release,average_utilization
reservation_only_vs_baseline,10,0.0005684931506852009,-0.0015003424657531635,0.0023904109589046336,inconclusive,0.024211485769729695,0.02317492631336562,0.025241129036299128,supported,BG00643,release,average_utilization
both_flexible_vs_baseline,10,0.0008561643835615529,-0.0009041095890409522,0.002363356164383292,inconclusive,0.017573604451577025,0.015377267949779413,0.019564590608594373,supported,BG00643,release,average_utilization
both_flexible_vs_horizon_only,10,0.0008561643835615529,-0.0009315068493151471,0.0023904109589035797,inconclusive,0.017573604451577025,0.015389276244060803,0.019626078413523772,supported,BG00643,release,average_utilization
both_flexible_vs_reservation_only,10,0.00028767123287635197,-0.0008015410958909072,0.0011097602739724261,inconclusive,-0.006637881318152672,-0.008449220156662031,-0.0050726187627084945,contradicted,BG00643,release,average_utilization
reservation_only_vs_horizon_only,10,0.0005684931506852009,-0.0014315068493145867,0.002424828767123867,inconclusive,0.024211485769729695,0.02318666892087806,0.025289833294048936,supported,BG00643,release,average_utilization
horizon_only_vs_baseline,10,0.0029452054794523843,5.410958904113829e-05,0.005835958904110095,inconclusive,0.005176913469200245,0.00245958025444968,0.008091723950013653,supported,BG00644,release,average_utilization
reservation_only_vs_baseline,10,0.002260273972602789,-0.0023702054794518842,0.007054794520547905,inconclusive,0.000671948149635515,-0.003867218395904432,0.005185986830426189,inconclusive,BG00644,release,average_utilization
both_flexible_vs_baseline,10,0.004178082191780963,0.0007671232876716075,0.008069863013698761,inconclusive,0.004883086594536989,0.001525325497129848,0.008414865559841842,inconclusive,BG00644,release,average_utilization
both_flexible_vs_horizon_only,10,0.0012328767123285789,-0.0008493150684935199,0.004013698630136611,inconclusive,-0.0002938268746632555,-0.0018072970274551823,0.0013955888404733785,inconclusive,BG00644,release,average_utilization
both_flexible_vs_reservation_only,10,0.0019178082191781743,-0.0026441780821915826,0.0062469178082191525,inconclusive,0.004211138444901475,-0.0005360253652134758,0.00830942717776215,inconclusive,BG00644,release,average_utilization
reservation_only_vs_horizon_only,10,-0.0006849315068495953,-0.005506849315068754,0.004164383561643492,inconclusive,-0.00450496531956473,-0.008737392583345412,-7.553891984406419e-05,inconclusive,BG00644,release,average_utilization
horizon_only_vs_baseline,10,0.0021232876712329873,-0.0022739726027397296,0.006808561643835763,inconclusive,-0.004194777077561296,-0.010189258662112252,0.002871393297601921,inconclusive,BG00645,release,average_utilization
reservation_only_vs_baseline,10,0.005671232876712462,0.0005476027397260815,0.011452739726027642,supported,0.00013760192290387385,-0.0089970041545823,0.010321003577208238,inconclusive,BG00645,release,average_utilization
both_flexible_vs_baseline,10,0.005671232876712462,0.0005616438356164624,0.011671575342465913,supported,0.00013760192290387385,-0.008768657495841901,0.010017116911147952,inconclusive,BG00645,release,average_utilization
both_flexible_vs_horizon_only,10,0.003547945205479475,-0.00010958904109600598,0.0073972602739728385,inconclusive,0.0043323790004651695,-0.0041110202448798325,0.014756504736087238,inconclusive,BG00645,release,average_utilization
both_flexible_vs_reservation_only,10,0.0,0.0,0.0,inconclusive,0.0,0.0,0.0,inconclusive,BG00645,release,average_utilization
reservation_only_vs_horizon_only,10,0.003547945205479475,-6.849315068513411e-05,0.007328767123287741,inconclusive,0.0043323790004651695,-0.004121870628994643,0.01461968884900546,inconclusive,BG00645,release,average_utilization
horizon_only_vs_baseline,10,0.0,0.0,0.0,inconclusive,0.0,0.0,0.0,inconclusive,BG00646,release,average_utilization
reservation_only_vs_baseline,10,0.006986301369862935,0.006202739726027429,0.007786438356164159,supported,-0.0018172267366671434,-0.0045463066868004715,0.001167906435946041,inconclusive,BG00646,release,average_utilization
both_flexible_vs_baseline,10,0.006997260273972394,0.005282191780821798,0.008734383561643251,supported,-0.00047016373380631693,-0.004441400297103946,0.004102842671088316,inconclusive,BG00646,release,average_utilization
both_flexible_vs_horizon_only,10,0.006997260273972394,0.005260273972602632,0.00875616438356136,supported,-0.00047016373380631693,-0.00438376042206809,0.004064469216495961,inconclusive,BG00646,release,average_utilization
both_flexible_vs_reservation_only,10,1.0958904109459322e-05,-0.0015890410958905895,0.0017426027397260137,inconclusive,0.0013470630028608265,-0.003218485887696775,0.006605639983599014,inconclusive,BG00646,release,average_utilization
reservation_only_vs_horizon_only,10,0.006986301369862935,0.0061808219178084095,0.007819178082191505,supported,-0.0018172267366671434,-0.004506388217691612,0.001025854401000732,inconclusive,BG00646,release,average_utilization
horizon_only_vs_baseline,10,0.0005315068493148778,-0.0005589041095893224,0.0017865753424656501,inconclusive,0.0018879414483213564,0.0008770533592033313,0.0028126456761668212,inconclusive,BG00647,release,average_utilization
reservation_only_vs_baseline,10,0.0,0.0,0.0,inconclusive,0.0,0.0,0.0,inconclusive,BG00647,release,average_utilization
both_flexible_vs_baseline,10,0.0005315068493148778,-0.0005480821917810341,0.0017917808219174657,inconclusive,0.0018879414483213564,0.0008675302973065997,0.0028320486060973717,inconclusive,BG00647,release,average_utilization
both_flexible_vs_horizon_only,10,0.0,0.0,0.0,inconclusive,0.0,0.0,0.0,inconclusive,BG00647,release,average_utilization
both_flexible_vs_reservation_only,10,0.0005315068493148778,-0.0005589041095895894,0.0018083561643837441,inconclusive,0.0018879414483213564,0.0008966598152037644,0.0028129038794243687,inconclusive,BG00647,release,average_utilization
reservation_only_vs_horizon_only,10,-0.0005315068493148778,-0.0017535616438357298,0.0005424657534248186,inconclusive,-0.0018879414483213564,-0.0028361967178162023,-0.0009082858023002871,inconclusive,BG00647,release,average_utilization
horizon_only_vs_baseline,10,0.11516438356164369,0.11333527397260282,0.11710273972602714,supported,0.033775258814128496,0.03214303979177825,0.035428050421777886,supported,BG00648,release,average_utilization
reservation_only_vs_baseline,10,0.0047191780821916884,0.004424657534246579,0.0049999999999996965,inconclusive,-0.004587249523706122,-0.005222154864428704,-0.0039793413708774095,inconclusive,BG00648,release,average_utilization
both_flexible_vs_baseline,10,0.11592465753424656,0.11378767123287659,0.11786986301369869,supported,0.029830178567794997,0.027878617852755628,0.0320957884995659,supported,BG00648,release,average_utilization
both_flexible_vs_horizon_only,10,0.0007602739726028762,-0.0011166095890409377,0.002356335616438543,inconclusive,-0.003945080246333499,-0.005342044399751327,-0.0026758359778213336,inconclusive,BG00648,release,average_utilization
both_flexible_vs_reservation_only,10,0.1112054794520549,0.10919845890410963,0.11324674657534252,supported,0.03441742809150112,0.03233583820082838,0.036750612141794925,supported,BG00648,release,average_utilization
reservation_only_vs_horizon_only,10,-0.110445205479452,-0.11223989726027375,-0.10882859589041104,contradicted,-0.03836250833783462,-0.04036849644425311,-0.03647369053267559,contradicted,BG00648,release,average_utilization
horizon_only_vs_baseline,10,0.0,0.0,0.0,inconclusive,0.0,0.0,0.0,inconclusive,BG00649,release,average_utilization
reservation_only_vs_baseline,10,0.0006164383561643838,-0.0004657534246575337,0.002369863013698592,inconclusive,-0.00033532320299141106,-0.0009637155177236575,3.0448763909153308e-05,inconclusive,BG00649,release,average_utilization
both_flexible_vs_baseline,10,0.0006164383561643838,-0.00047945205479449387,0.0023424657534246054,inconclusive,-0.00033532320299141106,-0.0009717669047832611,2.902854209721112e-05,inconclusive,BG00649,release,average_utilization
both_flexible_vs_horizon_only,10,0.0006164383561643838,-0.00046575342465755566,0.00234246575342465,inconclusive,-0.00033532320299141106,-0.0009615834719445901,3.212491808768513e-05,inconclusive,BG00649,release,average_utilization
both_flexible_vs_reservation_only,10,0.0,0.0,0.0,inconclusive,0.0,0.0,0.0,inconclusive,BG00649,release,average_utilization
reservation_only_vs_horizon_only,10,0.0006164383561643838,-0.0004520547945205738,0.0023561643835616213,inconclusive,-0.00033532320299141106,-0.0009724333280560726,3.1918653994834906e-05,inconclusive,BG00649,release,average_utilization
horizon_only_vs_baseline,10,0.0,0.0,0.0,inconclusive,0.0,0.0,0.0,inconclusive,BG00650,release,average_utilization
reservation_only_vs_baseline,10,0.0,0.0,0.0,inconclusive,0.0,0.0,0.0,inconclusive,BG00650,release,average_utilization
both_flexible_vs_baseline,10,0.0,0.0,0.0,inconclusive,0.0,0.0,0.0,inconclusive,BG00650,release,average_utilization
both_flexible_vs_horizon_only,10,0.0,0.0,0.0,inconclusive,0.0,0.0,0.0,inconclusive,BG00650,release,average_utilization
both_flexible_vs_reservation_only,10,0.0,0.0,0.0,inconclusive,0.0,0.0,0.0,inconclusive,BG00650,release,average_utilization
reservation_only_vs_horizon_only,10,0.0,0.0,0.0,inconclusive,0.0,0.0,0.0,inconclusive,BG00650,release,average_utilization
horizon_only_vs_baseline,10,0.002089041095890343,-0.00019863013698623338,0.004856506849315294,inconclusive,0.0009450749846704354,-0.0018449117296695876,0.003725329977867857,inconclusive,BG00651,release,average_utilization
reservation_only_vs_baseline,10,0.010684931506849304,0.008849315068493296,0.012445376712328916,supported,-0.005538931443268042,-0.008691991649993677,-0.0022862675346416402,contradicted,BG00651,release,average_utilization
both_flexible_vs_baseline,10,0.011006849315068689,0.008636986301370272,0.01326712328767125,supported,-0.008400792068914508,-0.010406771985658684,-0.006146317205991584,contradicted,BG00651,release,average_utilization
both_flexible_vs_horizon_only,10,0.008917808219178347,0.007808047945205587,0.01016438356164351,supported,-0.009345867053584945,-0.011309337570227803,-0.0070297344677571335,contradicted,BG00651,release,average_utilization
both_flexible_vs_reservation_only,10,0.0003219178082193852,-0.0015205479452046371,0.0022945205479451784,inconclusive,-0.0028618606256464673,-0.006233937847371429,0.0005832620212789074,inconclusive,BG00651,release,average_utilization
reservation_only_vs_horizon_only,10,0.008595890410958961,0.006828767123288142,0.010157705479452007,supported,-0.006484006427938477,-0.008468264335282506,-0.004388996142621364,contradicted,BG00651,release,average_utilization
horizon_only_vs_baseline,10,0.0006630136986301105,-0.000805616438356591,0.0022136986301369483,inconclusive,-0.008847762204516713,-0.011540755713237729,-0.006044069103808245,contradicted,BG00652,release,average_utilization
reservation_only_vs_baseline,10,0.002208219178082249,0.0006738356164382928,0.003895890410958891,inconclusive,0.0011278821357782077,-0.00224684344316709,0.003840911475939779,inconclusive,BG00652,release,average_utilization
both_flexible_vs_baseline,10,0.002208219178082249,0.0006465753424656495,0.0039013698630138045,inconclusive,0.0011278821357782077,-0.002252869201652012,0.0037753731585474354,inconclusive,BG00652,release,average_utilization
both_flexible_vs_horizon_only,10,0.0015452054794521386,-0.0004109589041096859,0.0036054794520551823,inconclusive,0.00997564434029492,0.007097044324745258,0.012720122569585629,supported,BG00652,release,average_utilization
both_flexible_vs_reservation_only,10,0.0,0.0,0.0,inconclusive,0.0,0.0,0.0,inconclusive,BG00652,release,average_utilization
reservation_only_vs_horizon_only,10,0.0015452054794521386,-0.0003891780821916166,0.0036001369863010073,inconclusive,0.00997564434029492,0.007041982951675949,0.01279862554408158,supported,BG00652,release,average_utilization
horizon_only_vs_baseline,10,0.0,0.0,0.0,inconclusive,0.0,0.0,0.0,inconclusive,BG00653,release,average_utilization
reservation_only_vs_baseline,10,0.0019041095890407144,0.0006575342465747852,0.0033493150684926762,inconclusive,-0.05411845401900811,-0.05773973667399152,-0.05066688269819251,contradicted,BG00653,release,average_utilization
both_flexible_vs_baseline,10,0.0019041095890407144,0.0006095890410955813,0.003328767123287081,inconclusive,-0.05411845401900811,-0.05767590228939207,-0.05058848557865662,contradicted,BG00653,release,average_utilization
both_flexible_vs_horizon_only,10,0.0019041095890407144,0.0006164383561639147,0.003232876712328326,inconclusive,-0.05411845401900811,-0.057735273760999545,-0.050694185195976176,contradicted,BG00653,release,average_utilization
both_flexible_vs_reservation_only,10,0.0,0.0,0.0,inconclusive,0.0,0.0,0.0,inconclusive,BG00653,release,average_utilization
reservation_only_vs_horizon_only,10,0.0019041095890407144,0.0005616438356157657,0.0033630136986294704,inconclusive,-0.05411845401900811,-0.05771671708763876,-0.0504437902233881,contradicted,BG00653,release,average_utilization
horizon_only_vs_baseline,10,0.010616438356164604,0.008136643835616606,0.013356164383561594,supported,0.09041072019723047,0.08289796377172395,0.09757713105577151,supported,BG00654,release,average_utilization
reservation_only_vs_baseline,10,0.013082191780822006,0.009725684931507073,0.016534246575342453,supported,0.258916672395882,0.2524951440333148,0.265934140897563,supported,BG00654,release,average_utilization
both_flexible_vs_baseline,10,0.017410958904109687,0.013712328767123572,0.02158904109589026,supported,0.23449855160502991,0.22788927388352337,0.24104270767946517,supported,BG00654,release,average_utilization
both_flexible_vs_horizon_only,10,0.006794520547945082,0.004000000000000114,0.00964383561643796,supported,0.14408783140779946,0.1352040379903191,0.15359865267709927,supported,BG00654,release,average_utilization
both_flexible_vs_reservation_only,10,0.00432876712328768,0.0023832191780821764,0.0063839041095890186,inconclusive,-0.024418120790852114,-0.0313158831085296,-0.016843499149050874,contradicted,BG00654,release,average_utilization
reservation_only_vs_horizon_only,10,0.002465753424657402,-0.00023287671232889023,0.005260616438355947,inconclusive,0.16850595219865158,0.161757417253982,0.17407787686325765,supported,BG00654,release,average_utilization
horizon_only_vs_baseline,10,0.00016438356164385492,-0.0032602739726027277,0.0031301369863014133,inconclusive,-0.0021169821013003022,-0.005733050196907453,0.001274035555607114,inconclusive,BG00655,release,average_utilization
reservation_only_vs_baseline,10,2.054794520542913e-05,-1.3698630137071178e-05,6.164383561632098e-05,inconclusive,-0.00015640749700855937,-0.00031857454771142517,-1.1201837812026805e-05,inconclusive,BG00655,release,average_utilization
both_flexible_vs_baseline,10,0.00016438356164385492,-0.003404280821917633,0.003095890410959057,inconclusive,-0.0021169821013003022,-0.005760056856914548,0.0013783818247757784,inconclusive,BG00655,release,average_utilization
both_flexible_vs_horizon_only,10,0.0,0.0,0.0,inconclusive,0.0,0.0,0.0,inconclusive,BG00655,release,average_utilization
both_flexible_vs_reservation_only,10,0.00014383561643842578,-0.0033357876712327484,0.0031782534246578373,inconclusive,-0.0019605746042917426,-0.005472149776952762,0.0013193276300866306,inconclusive,BG00655,release,average_utilization
reservation_only_vs_horizon_only,10,-0.00014383561643842578,-0.0030344178082192734,0.0033563356164382683,inconclusive,0.0019605746042917426,-0.0013516078956703416,0.005447182265887785,inconclusive,BG00655,release,average_utilization
horizon_only_vs_baseline,10,0.04606575342465695,0.04410958904109557,0.048164383561643175,supported,-0.029752300222748707,-0.03134678284606822,-0.027821115384569755,contradicted,BG00656,release,average_utilization
reservation_only_vs_baseline,10,0.0067068493150680645,0.004191780821917363,0.009495890410958241,supported,-0.10037375636517076,-0.10191167822194937,-0.09883267918705681,contradicted,BG00656,release,average_utilization
both_flexible_vs_baseline,10,0.04723835616438311,0.045610958904109024,0.04884945205479408,supported,-0.09139536984857714,-0.09285891597394529,-0.08981623675217643,contradicted,BG00656,release,average_utilization
both_flexible_vs_horizon_only,10,0.0011726027397261584,0.00047123287671240187,0.001841095890410995,inconclusive,-0.06164306962582844,-0.06257364649435686,-0.0607555583491377,contradicted,BG00656,release,average_utilization
both_flexible_vs_reservation_only,10,0.040531506849315044,0.038942191780821075,0.04224109589041125,supported,0.008978386516593615,0.008070624012677802,0.009901354359573454,supported,BG00656,release,average_utilization
reservation_only_vs_horizon_only,10,-0.03935890410958889,-0.04086027397260227,-0.037956027397260096,contradicted,-0.07062145614242206,-0.07191603752659247,-0.06916060326304356,contradicted,BG00656,release,average_utilization
horizon_only_vs_baseline,10,0.0009246575342469199,-0.0012398972602737247,0.002938527397261217,inconclusive,-0.012589815479530054,-0.020293722173350404,-0.006242801529840732,contradicted,BG00657,release,average_utilization
reservation_only_vs_baseline,10,0.0007465753424658716,-0.0008972602739726443,0.002417808219178287,inconclusive,0.015089696295603038,0.006124506154793507,0.0233940198055375,supported,BG00657,release,average_utilization
both_flexible_vs_baseline,10,0.0011780821917807605,-0.0009385273972605575,0.0034931506849315607,inconclusive,0.009828252171315766,0.004066576432456992,0.016131173950191126,supported,BG00657,release,average_utilization
both_flexible_vs_horizon_only,10,0.00025342465753384056,-0.0016438356164388155,0.001965753424657145,inconclusive,0.022418067650845818,0.01810720350724294,0.027031765296671763,supported,BG00657,release,average_utilization
both_flexible_vs_reservation_only,10,0.00043150684931488883,-0.0006917808219183086,0.0016780821917810609,inconclusive,-0.005261444124287274,-0.011360855361357447,0.0007991102583187187,inconclusive,BG00657,release,average_utilization
reservation_only_vs_horizon_only,10,-0.00017808219178104822,-0.0020821917808222087,0.0017602739726026765,inconclusive,0.027679511775133094,0.019231809188335402,0.03597833621349029,supported,BG00657,release,average_utilization
horizon_only_vs_baseline,10,0.0005273972602738763,-0.0025893835616440115,0.004446232876712361,inconclusive,0.0009548650511314926,-0.0027790252479232276,0.004742224768405899,inconclusive,BG00658,release,average_utilization
reservation_only_vs_baseline,10,0.014999999999999836,0.013636986301369702,0.016239726027396834,supported,0.11390445356516896,0.11223857433974146,0.11548211101854654,supported,BG00658,release,average_utilization
both_flexible_vs_baseline,10,0.015219178082191864,0.011773972602739732,0.018945205479452176,supported,0.11382195674551751,0.11069278603329342,0.1170873044461121,supported,BG00658,release,average_utilization
both_flexible_vs_horizon_only,10,0.014691780821917988,0.012506678082192203,0.01704109589041102,supported,0.11286709169438602,0.11001577564547244,0.115639891527285,supported,BG00658,release,average_utilization
both_flexible_vs_reservation_only,10,0.00021917808219202862,-0.0030412671232873884,0.0037743150684936117,inconclusive,-8.249681965145639e-05,-0.0022074252484999214,0.0022900637747460973,inconclusive,BG00658,release,average_utilization
reservation_only_vs_horizon_only,10,0.014472602739725959,0.01046575342465757,0.018260445205479415,supported,0.11294958851403747,0.1094748680517798,0.11660755202268874,supported,BG00658,release,average_utilization
horizon_only_vs_baseline,10,0.0,0.0,0.0,inconclusive,0.0,0.0,0.0,inconclusive,BG00659,release,average_utilization
reservation_only_vs_baseline,10,0.0022876712328765867,-0.0006717465753426609,0.005123287671232308,inconclusive,0.12218715951386576,0.11475040182852392,0.12934982895452143,supported,BG00659,release,average_utilization
both_flexible_vs_baseline,10,0.0027739726027395718,0.0003626712328767674,0.005322089041095907,inconclusive,0.16551659190418594,0.1593459082478345,0.17209501419498513,supported,BG00659,release,average_utilization
both_flexible_vs_horizon_only,10,0.0027739726027395718,0.0003489726027396513,0.005424828767122839,inconclusive,0.16551659190418594,0.1590401824634666,0.1723029245967585,supported,BG00659,release,average_utilization
both_flexible_vs_reservation_only,10,0.00048630136986298477,-0.0017054794520549386,0.002568493150684838,inconclusive,0.04332943239032015,0.039070697636119776,0.047519690324843704,supported,BG00659,release,average_utilization
reservation_only_vs_horizon_only,10,0.0022876712328765867,-0.0006440068493149745,0.005082363013698293,inconclusive,0.12218715951386576,0.11442971476517774,0.1293746367227737,supported,BG00659,release,average_utilization
horizon_only_vs_baseline,10,0.0,0.0,0.0,inconclusive,0.0,0.0,0.0,inconclusive,BG00660,release,average_utilization
reservation_only_vs_baseline,10,0.0015616438356165553,-0.005316095890410779,0.008027397260273952,inconclusive,-0.003577630525251574,-0.005818955654819887,-0.0014364174964690331,inconclusive,BG00660,release,average_utilization
both_flexible_vs_baseline,10,0.0024931506849316222,-0.00476746575342447,0.009055479452054866,inconclusive,-0.003264812901220471,-0.0054334651715992255,-0.0012365136078657142,inconclusive,BG00660,release,average_utilization
both_flexible_vs_horizon_only,10,0.0024931506849316222,-0.0046712328767121725,0.009178082191780903,inconclusive,-0.003264812901220471,-0.005363599730532302,-0.0011777920972438295,inconclusive,BG00660,release,average_utilization
both_flexible_vs_reservation_only,10,0.0009315068493150669,-0.00015068493150681704,0.002589383561643835,inconclusive,0.0003128176240311031,-0.0001068122866111576,0.000894123306709227,inconclusive,BG00660,release,average_utilization
reservation_only_vs_horizon_only,10,0.0015616438356165553,-0.0054527397260272685,0.008246917808219128,inconclusive,-0.003577630525251574,-0.00582541692774174,-0.0014130679105872508,inconclusive,BG00660,release,average_utilization
horizon_only_vs_baseline,10,0.0,0.0,0.0,inconclusive,0.0,0.0,0.0,inconclusive,BG00661,release,average_utilization
reservation_only_vs_baseline,10,0.0017077625570776189,-0.00013721461187230546,0.003753424657534202,inconclusive,-5.0686509599107145e-06,-0.0018804189461547433,0.002012800784403716,inconclusive,BG00661,release,average_utilization
both_flexible_vs_baseline,10,0.0017077625570776189,-0.00013698630136986273,0.0036986301369863416,inconclusive,-5.0686509599107145e-06,-0.0019350759335214434,0.0019949546322472595,inconclusive,BG00661,release,average_utilization
both_flexible_vs_horizon_only,10,0.0017077625570776189,-0.00021940639269401783,0.003771917808219162,inconclusive,-5.0686509599107145e-06,-0.0019190774560722634,0.0019943077720274214,inconclusive,BG00661,release,average_utilization
both_flexible_vs_reservation_only,10,0.0,0.0,0.0,inconclusive,0.0,0.0,0.0,inconclusive,BG00661,release,average_utilization
reservation_only_vs_horizon_only,10,0.0017077625570776189,-0.00015547945205481354,0.00368949771689491,inconclusive,-5.0686509599107145e-06,-0.0018889682784438225,0.0020009481560020886,inconclusive,BG00661,release,average_utilization
horizon_only_vs_baseline,10,6.164383561644283e-05,-0.0014657534246571163,0.0014041095890410297,inconclusive,-0.002810337401117036,-0.008261005778722337,0.002165967281365571,inconclusive,BG00662,release,average_utilization
reservation_only_vs_baseline,10,0.0,0.0,0.0,inconclusive,0.0,0.0,0.0,inconclusive,BG00662,release,average_utilization
both_flexible_vs_baseline,10,0.0007671232876715672,-0.000931506849314342,0.002246746575343108,inconclusive,-0.0012443189101001173,-0.006352036545371729,0.0034043916335884604,inconclusive,BG00662,release,average_utilization
both_flexible_vs_horizon_only,10,0.0007054794520551244,6.849315068879203e-06,0.0017602739726027869,inconclusive,0.0015660184910169183,0.00010742845116906847,0.003258691894632151,inconclusive,BG00662,release,average_utilization
both_flexible_vs_reservation_only,10,0.0007671232876715672,-0.0009659246575339477,0.002246575342465756,inconclusive,-0.0012443189101001173,-0.006389249662152518,0.0033454711120782686,inconclusive,BG00662,release,average_utilization
reservation_only_vs_horizon_only,10,-6.164383561644283e-05,-0.0014933219178085014,0.0014657534246572412,inconclusive,0.002810337401117036,-0.002333794546654012,0.008504054285620587,inconclusive,BG00662,release,average_utilization
horizon_only_vs_baseline,10,0.00349315068493129,0.0009520547945202711,0.006068664383561017,inconclusive,-0.02152623861730892,-0.025244924218163378,-0.01731334604629857,contradicted,BG00663,release,average_utilization
reservation_only_vs_baseline,10,0.02423972602739709,0.022629794520547784,0.026095890410958666,supported,0.22065424534254952,0.2167392060243336,0.2250582301687329,supported,BG00663,release,average_utilization
both_flexible_vs_baseline,10,0.024499999999999956,0.022226027397260553,0.026808390410958664,supported,0.22213096375656324,0.21918507838985685,0.22521520741051762,supported,BG00663,release,average_utilization
both_flexible_vs_horizon_only,10,0.021006849315068667,0.01865753424657549,0.023465753424657447,supported,0.2436572023738722,0.2401573410828924,0.2468872624641368,supported,BG00663,release,average_utilization
both_flexible_vs_reservation_only,10,0.00026027397260286467,-0.0014590753424658278,0.0020479452054795746,inconclusive,0.0014767184140137557,-0.0018375343017515732,0.004313871110604013,inconclusive,BG00663,release,average_utilization
reservation_only_vs_horizon_only,10,0.020746575342465802,0.018095547945205636,0.022979452054794312,supported,0.24218048395985842,0.2402031398277818,0.2441195177145517,supported,BG00663,release,average_utilization
horizon_only_vs_baseline,10,0.00033424657534195654,-0.001167123287671216,0.0017590410958899707,inconclusive,0.000651402488137931,-0.0020576303227909836,0.003198934817330877,inconclusive,BG00664,release,average_utilization
reservation_only_vs_baseline,10,0.0050849315068489,0.002953424657533842,0.007282465753424168,supported,-0.04708971679894051,-0.0515820502806251,-0.04314733550900792,contradicted,BG00664,release,average_utilization
both_flexible_vs_baseline,10,0.006175342465753164,0.004224657534246334,0.008202876712328337,supported,-0.045646579466974056,-0.04925066565209085,-0.041989404905086146,contradicted,BG00664,release,average_utilization
both_flexible_vs_horizon_only,10,0.005841095890411208,0.004180821917808428,0.0075946575342468224,supported,-0.04629798195511199,-0.04968464550013536,-0.04205859364997728,contradicted,BG00664,release,average_utilization
both_flexible_vs_reservation_only,10,0.0010904109589042644,-5.493150684884091e-05,0.0021589041095889955,inconclusive,0.0014431373319664486,-0.004465670723634308,0.007539445540333509,inconclusive,BG00664,release,average_utilization
reservation_only_vs_horizon_only,10,0.0047506849315069434,0.0029095890410961657,0.006778493150685028,inconclusive,-0.047741119287078436,-0.0536870964139437,-0.04294655086956309,contradicted,BG00664,release,average_utilization
horizon_only_vs_baseline,10,0.0,0.0,0.0,inconclusive,0.0,0.0,0.0,inconclusive,BG00665,release,average_utilization
reservation_only_vs_baseline,10,0.00206849315068488,-0.0011506849315068958,0.006602739726027142,inconclusive,-0.00014064841595053945,-0.0010961206233108636,0.0007482564387864113,inconclusive,BG00665,release,average_utilization
both_flexible_vs_baseline,10,0.00206849315068488,-0.0011373287671233364,0.006575684931506712,inconclusive,-0.00014064841595053945,-0.0010093279362361663,0.0007335443624025711,inconclusive,BG00665,release,average_utilization
both_flexible_vs_horizon_only,10,0.00206849315068488,-0.0011095890410958943,0.006246575342465643,inconclusive,-0.00014064841595053945,-0.00106077306000113,0.0007589854695169521,inconclusive,BG00665,release,average_utilization
both_flexible_vs_reservation_only,10,0.0,0.0,0.0,inconclusive,0.0,0.0,0.0,inconclusive,BG00665,release,average_utilization
reservation_only_vs_horizon_only,10,0.00206849315068488,-0.0011232876712328867,0.006466095890410896,inconclusive,-0.00014064841595053945,-0.0010805417167425182,0.000716915844269808,inconclusive,BG00665,release,average_utilization
horizon_only_vs_baseline,10,0.0,0.0,0.0,inconclusive,0.0,0.0,0.0,inconclusive,BG00666,release,average_utilization
reservation_only_vs_baseline,10,0.0018301369863013561,-0.0008713698630135297,0.004646575342465423,inconclusive,0.0005361198620577823,-0.0024640275214595463,0.003401992223519042,inconclusive,BG00666,release,average_utilization
both_flexible_vs_baseline,10,0.002553424657534131,-0.0005095890410957672,0.005852328767123257,inconclusive,-0.001043601032301855,-0.004181451210483081,0.0020170559022677503,inconclusive,BG00666,release,average_utilization
both_flexible_vs_horizon_only,10,0.002553424657534131,-0.0006630136986299481,0.0059127397260271865,inconclusive,-0.001043601032301855,-0.004282168010189655,0.0020895242601944755,inconclusive,BG00666,release,average_utilization
both_flexible_vs_reservation_only,10,0.0007232876712327752,-0.0031890410958906597,0.004334246575342462,inconclusive,-0.0015797208943596375,-0.00525774720054599,0.002441471849603613,inconclusive,BG00666,release,average_utilization
reservation_only_vs_horizon_only,10,0.0018301369863013561,-0.0008383561643831844,0.004668767123287397,inconclusive,0.0005361198620577823,-0.002517078828381236,0.0034756854072457016,inconclusive,BG00666,release,average_utilization
horizon_only_vs_baseline,10,0.0,0.0,0.0,inconclusive,0.0,0.0,0.0,inconclusive,BG00667,release,average_utilization
reservation_only_vs_baseline,10,0.00169863013698629,-0.0018997716894977117,0.005726255707762842,inconclusive,-2.9635982164777364e-05,-0.001912948517051827,0.0018132706104789058,inconclusive,BG00667,release,average_utilization
both_flexible_vs_baseline,10,0.00169863013698629,-0.0018538812785391832,0.005552968036529767,inconclusive,-2.9635982164777364e-05,-0.0018657525032722885,0.001903494623470825,inconclusive,BG00667,release,average_utilization
both_flexible_vs_horizon_only,10,0.00169863013698629,-0.001735616438356599,0.005525342465753884,inconclusive,-2.9635982164777364e-05,-0.001873757530583725,0.0018859750613828212,inconclusive,BG00667,release,average_utilization
both_flexible_vs_reservation_only,10,0.0,0.0,0.0,inconclusive,0.0,0.0,0.0,inconclusive,BG00667,release,average_utilization
reservation_only_vs_horizon_only,10,0.00169863013698629,-0.0017899543378994806,0.005561643835616348,inconclusive,-2.9635982164777364e-05,-0.0018646509545000055,0.00184924187858172,inconclusive,BG00667,release,average_utilization
horizon_only_vs_baseline,10,0.001958904109588977,-0.002917808219178115,0.006602739726027369,inconclusive,0.0026453624329966507,-0.0017432503501575109,0.007396750770545765,inconclusive,BG00668,release,average_utilization
reservation_only_vs_baseline,10,0.028452054794520433,0.02456095890410914,0.03237020547945209,supported,0.10825472075578133,0.10496596046955317,0.11150269443903316,supported,BG00668,release,average_utilization
both_flexible_vs_baseline,10,0.03191780821917813,0.027273972602739734,0.03632945205479477,supported,0.10334787182630381,0.0996148910776862,0.10735720605939557,supported,BG00668,release,average_utilization
both_flexible_vs_horizon_only,10,0.02995890410958916,0.027123287671232864,0.032534246575342776,supported,0.10070250939330716,0.09647035787289071,0.10526698223302866,supported,BG00668,release,average_utilization
both_flexible_vs_reservation_only,10,0.0034657534246577025,0.002095890410959095,0.004808219178082563,inconclusive,-0.0049068489294775254,-0.009374354200109632,-0.0007027828411125215,inconclusive,BG00668,release,average_utilization
reservation_only_vs_horizon_only,10,0.026493150684931455,0.02357534246575336,0.029342808219178295,supported,0.10560935832278469,0.10055962255332815,0.11031710777857283,supported,BG00668,release,average_utilization
horizon_only_vs_baseline,10,0.0,0.0,0.0,inconclusive,0.0,0.0,0.0,inconclusive,BG00669,release,average_utilization
reservation_only_vs_baseline,10,6.84931506849118e-06,0.0,2.054794520547354e-05,inconclusive,3.461083861551195e-05,0.0,0.00010383251584653586,inconclusive,BG00669,release,average_utilization
both_flexible_vs_baseline,10,6.84931506849118e-06,0.0,2.054794520547354e-05,inconclusive,3.461083861551195e-05,0.0,0.00010383251584653586,inconclusive,BG00669,release,average_utilization
both_flexible_vs_horizon_only,10,6.84931506849118e-06,0.0,2.054794520547354e-05,inconclusive,3.461083861551195e-05,0.0,0.00010383251584653586,inconclusive,BG00669,release,average_utilization
both_flexible_vs_reservation_only,10,0.0,0.0,0.0,inconclusive,0.0,0.0,0.0,inconclusive,BG00669,release,average_utilization
reservation_only_vs_horizon_only,10,6.84931506849118e-06,0.0,2.054794520547354e-05,inconclusive,3.461083861551195e-05,0.0,0.00010383251584653586,inconclusive,BG00669,release,average_utilization
horizon_only_vs_baseline,10,0.0,0.0,0.0,inconclusive,0.0,0.0,0.0,inconclusive,BG00670,release,average_utilization
reservation_only_vs_baseline,10,0.0,0.0,0.0,inconclusive,0.0,0.0,0.0,inconclusive,BG00670,release,average_utilization
both_flexible_vs_baseline,10,0.0,0.0,0.0,inconclusive,0.0,0.0,0.0,inconclusive,BG00670,release,average_utilization
both_flexible_vs_horizon_only,10,0.0,0.0,0.0,inconclusive,0.0,0.0,0.0,inconclusive,BG00670,release,average_utilization
both_flexible_vs_reservation_only,10,0.0,0.0,0.0,inconclusive,0.0,0.0,0.0,inconclusive,BG00670,release,average_utilization
reservation_only_vs_horizon_only,10,0.0,0.0,0.0,inconclusive,0.0,0.0,0.0,inconclusive,BG00670,release,average_utilization
horizon_only_vs_baseline,10,0.16625570776255746,0.16410958904109596,0.16852968036529745,supported,0.09452400459361925,0.09109440283781077,0.09856158973821351,supported,BG00671,release,average_utilization
reservation_only_vs_baseline,10,0.004986301369863266,0.0034611872146123853,0.006401826484018743,inconclusive,-0.017598919442315057,-0.02077042906484303,-0.014077427874851353,contradicted,BG00671,release,average_utilization
both_flexible_vs_baseline,10,0.166977168949772,0.16454771689497721,0.16950753424657578,supported,0.09103236747023706,0.08853986326436705,0.09378790963211539,supported,BG00671,release,average_utilization
both_flexible_vs_horizon_only,10,0.0007214611872145227,-0.0006942922374430772,0.001991095890410644,inconclusive,-0.003491637123382191,-0.005415971187161067,-0.0015783410500267037,inconclusive,BG00671,release,average_utilization
both_flexible_vs_reservation_only,10,0.16199086757990871,0.1598721461187215,0.16394543378995471,supported,0.10863128691255212,0.1061571994778088,0.11071220773573788,supported,BG00671,release,average_utilization
reservation_only_vs_horizon_only,10,-0.1612694063926942,-0.16290433789954367,-0.1594061643835615,contradicted,-0.1121229240359343,-0.11485654379349089,-0.10904100913510302,contradicted,BG00671,release,average_utilization
horizon_only_vs_baseline,10,0.0,0.0,0.0,inconclusive,0.0,0.0,0.0,inconclusive,BG00672,release,average_utilization
reservation_only_vs_baseline,10,0.00231050228310502,-0.0031783105022831913,0.00777237442922378,inconclusive,-0.0003415318753062113,-0.0017363637092592693,0.001502740506073139,inconclusive,BG00672,release,average_utilization
both_flexible_vs_baseline,10,0.00231050228310502,-0.003133105022831141,0.008174200913242096,inconclusive,-0.0003415318753062113,-0.001770727222148086,0.0014079676707691644,inconclusive,BG00672,release,average_utilization
both_flexible_vs_horizon_only,10,0.00231050228310502,-0.0031506849315068217,0.008237671232876975,inconclusive,-0.0003415318753062113,-0.00173440709821398,0.0014929780833033573,inconclusive,BG00672,release,average_utilization
both_flexible_vs_reservation_only,10,0.0,0.0,0.0,inconclusive,0.0,0.0,0.0,inconclusive,BG00672,release,average_utilization
reservation_only_vs_horizon_only,10,0.00231050228310502,-0.0031417808219179498,0.00800958904109598,inconclusive,-0.0003415318753062113,-0.0017152236251975048,0.0015470137860417576,inconclusive,BG00672,release,average_utilization
horizon_only_vs_baseline,10,0.007102739726027563,0.005150684931507129,0.009027568493150923,supported,-0.031075761059037487,-0.03202041751635896,-0.030063845938552134,contradicted,BG00673,release,average_utilization
reservation_only_vs_baseline,10,0.022116438356164135,0.020253424657534422,0.023993150684930603,supported,-0.09973894499822959,-0.10118167184546754,-0.09844301391703975,contradicted,BG00673,release,average_utilization
both_flexible_vs_baseline,10,0.023075342465753247,0.021678082191780704,0.024541095890410872,supported,-0.09912108552718082,-0.10062908911200237,-0.09778487750767548,contradicted,BG00673,release,average_utilization
both_flexible_vs_horizon_only,10,0.015972602739725682,0.014650513698629661,0.01742465753424593,supported,-0.06804532446814335,-0.06963118041923048,-0.06651362857333942,contradicted,BG00673,release,average_utilization
both_flexible_vs_reservation_only,10,0.0009589041095891093,-0.00052739726027379,0.0024589041095889773,inconclusive,0.0006178594710487623,-0.0008911193175298868,0.002039620563868689,inconclusive,BG00673,release,average_utilization
reservation_only_vs_horizon_only,10,0.015013698630136574,0.01377397260273937,0.016308390410958565,supported,-0.0686631839391921,-0.07020339116081793,-0.06719094288727538,contradicted,BG00673,release,average_utilization
horizon_only_vs_baseline,10,0.0004657534246577888,-0.0028085616438354834,0.004164726027397757,inconclusive,-0.040898932910916404,-0.04842098103646276,-0.03393308935439084,contradicted,BG00674,release,average_utilization
reservation_only_vs_baseline,10,0.0,0.0,0.0,inconclusive,0.0,0.0,0.0,inconclusive,BG00674,release,average_utilization
both_flexible_vs_baseline,10,0.001917808219177941,-0.0018496575342466872,0.005466095890410775,inconclusive,0.03323054976512324,0.02524865698241751,0.04119672880438964,supported,BG00674,release,average_utilization
both_flexible_vs_horizon_only,10,0.0014520547945201523,-0.0023705479452057077,0.005369863013697852,inconclusive,0.07412948267603965,0.06794176734529428,0.07989904852865172,supported,BG00674,release,average_utilization
both_flexible_vs_reservation_only,10,0.001917808219177941,-0.0016438356164385388,0.005534246575342406,inconclusive,0.03323054976512324,0.025622866117208903,0.04128284175424452,supported,BG00674,release,average_utilization
reservation_only_vs_horizon_only,10,-0.0004657534246577888,-0.0039729452054799354,0.002740068493150722,inconclusive,0.040898932910916404,0.03399223727627968,0.04849358562002401,supported,BG00674,release,average_utilization
horizon_only_vs_baseline,10,0.0,0.0,0.0,inconclusive,0.0,0.0,0.0,inconclusive,BG00675,release,average_utilization
reservation_only_vs_baseline,10,0.0004931506849317091,-0.0023783561643831793,0.0032219178082192354,inconclusive,-0.0019181699342373127,-0.004678864481892647,0.0003920096650065587,inconclusive,BG00675,release,average_utilization
both_flexible_vs_baseline,10,0.0011835616438359287,-0.0019235616438348455,0.003961643835616395,inconclusive,-0.0035431504023182847,-0.006279344519953882,-0.001090034050043184,inconclusive,BG00675,release,average_utilization
both_flexible_vs_horizon_only,10,0.0011835616438359287,-0.0018082191780816957,0.003989041095890559,inconclusive,-0.0035431504023182847,-0.006163986585255688,-0.001057541696204023,inconclusive,BG00675,release,average_utilization
both_flexible_vs_reservation_only,10,0.0006904109589042195,-0.0026739726027393065,0.003945479452054888,inconclusive,-0.001624980468080972,-0.004073669242456795,0.0015224911227307597,inconclusive,BG00675,release,average_utilization
reservation_only_vs_horizon_only,10,0.0004931506849317091,-0.0024109589041093524,0.0033590410958903765,inconclusive,-0.0019181699342373127,-0.004634646426619237,0.0003786057133129238,inconclusive,BG00675,release,average_utilization
horizon_only_vs_baseline,10,0.0,0.0,0.0,inconclusive,0.0,0.0,0.0,inconclusive,BG00676,release,average_utilization
reservation_only_vs_baseline,10,0.002246575342465451,0.0008490867579903839,0.0038356164383558603,inconclusive,-0.037411502918498284,-0.0429024548805526,-0.03279987094819654,contradicted,BG00676,release,average_utilization
both_flexible_vs_baseline,10,0.002246575342465451,0.0007762557077624283,0.003853881278538321,inconclusive,-0.037411502918498284,-0.042770586744453845,-0.03260788457862569,contradicted,BG00676,release,average_utilization
both_flexible_vs_horizon_only,10,0.002246575342465451,0.0008310502283100146,0.003844748858447169,inconclusive,-0.037411502918498284,-0.04273206695190008,-0.032786715085244056,contradicted,BG00676,release,average_utilization
both_flexible_vs_reservation_only,10,0.0,0.0,0.0,inconclusive,0.0,0.0,0.0,inconclusive,BG00676,release,average_utilization
reservation_only_vs_horizon_only,10,0.002246575342465451,0.0008308219178077456,0.0037901826484015655,inconclusive,-0.037411502918498284,-0.042915026373054714,-0.03276971503788542,contradicted,BG00676,release,average_utilization
horizon_only_vs_baseline,10,0.0,0.0,0.0,inconclusive,0.0,0.0,0.0,inconclusive,BG00677,release,average_utilization
reservation_only_vs_baseline,10,0.0004863013698630403,-0.005822260273972183,0.00620599315068505,inconclusive,0.00022007198030887798,-0.001778922772964717,0.002184306969616555,inconclusive,BG00677,release,average_utilization
both_flexible_vs_baseline,10,0.0004863013698630403,-0.005698972602739513,0.006369863013698729,inconclusive,0.00022007198030887798,-0.0017788360209091134,0.002163822961649519,inconclusive,BG00677,release,average_utilization
both_flexible_vs_horizon_only,10,0.0004863013698630403,-0.005603424657534466,0.006452226027397205,inconclusive,0.00022007198030887798,-0.0017657531820555168,0.0022712818125526085,inconclusive,BG00677,release,average_utilization
both_flexible_vs_reservation_only,10,0.0,0.0,0.0,inconclusive,0.0,0.0,0.0,inconclusive,BG00677,release,average_utilization
reservation_only_vs_horizon_only,10,0.0004863013698630403,-0.005849999999999653,0.006397945205479525,inconclusive,0.00022007198030887798,-0.00171551196851046,0.0022079563239089267,inconclusive,BG00677,release,average_utilization
horizon_only_vs_baseline,10,0.03660273972602605,0.03379452054794403,0.03936986301369704,supported,-0.06895647822776525,-0.0718545320388905,-0.06602751498388933,contradicted,BG00678,release,average_utilization
reservation_only_vs_baseline,10,0.05569863013698458,0.05345205479451881,0.058041438356162565,supported,0.15275737144374127,0.149956294400392,0.15535601065853402,supported,BG00678,release,average_utilization
both_flexible_vs_baseline,10,0.05642465753424468,0.0540544520547925,0.05830136986301179,supported,0.15339268674708267,0.15111828079048964,0.15550544172754216,supported,BG00678,release,average_utilization
both_flexible_vs_horizon_only,10,0.019821917808218636,0.017328424657533887,0.022452397260273482,supported,0.22234916497484797,0.2199955460602519,0.22466460890815493,supported,BG00678,release,average_utilization
both_flexible_vs_reservation_only,10,0.0007260273972600984,-0.0010273972602738554,0.002301369863013409,inconclusive,0.0006353153033414327,-0.002273965915714733,0.0037813481108548226,inconclusive,BG00678,release,average_utilization
reservation_only_vs_horizon_only,10,0.01909589041095854,0.01761643835616402,0.020603082191780572,supported,0.22171384967150648,0.21856920956313725,0.22492850159512598,supported,BG00678,release,average_utilization
horizon_only_vs_baseline,10,0.020602739726027063,0.01613698630136969,0.024767123287670844,supported,0.007963868078643471,0.002705812477498912,0.01281598653842336,supported,BG00679,release,average_utilization
reservation_only_vs_baseline,10,0.02427397260273949,0.020000000000000354,0.028534246575341888,supported,-0.0740903782117531,-0.07845422801043522,-0.06982361960229994,contradicted,BG00679,release,average_utilization
both_flexible_vs_baseline,10,0.025301369863013068,0.021766780821917003,0.02852089041095827,supported,-0.07192151762002894,-0.07677953321013105,-0.06667274637934398,contradicted,BG00679,release,average_utilization
both_flexible_vs_horizon_only,10,0.004698630136986004,0.003081849315068185,0.006288013698629817,inconclusive,-0.0798853856986724,-0.08527618862708324,-0.07464884065992552,contradicted,BG00679,release,average_utilization
both_flexible_vs_reservation_only,10,0.001027397260273577,-0.0011506849315071734,0.0033017123287670228,inconclusive,0.002168860591724153,-0.0010909469976158146,0.0050287282250763635,inconclusive,BG00679,release,average_utilization
reservation_only_vs_horizon_only,10,0.003671232876712427,0.0006027397260277059,0.006712328767123205,inconclusive,-0.08205424629039655,-0.08682288977510663,-0.07765563406724378,contradicted,BG00679,release,average_utilization
horizon_only_vs_baseline,10,0.0,0.0,0.0,inconclusive,0.0,0.0,0.0,inconclusive,BG00680,release,average_utilization
reservation_only_vs_baseline,10,0.0019671232876712795,0.00031232876712331545,0.004027397260274046,inconclusive,0.00013215229946971218,-6.63825283512276e-06,0.0002879936100217729,inconclusive,BG00680,release,average_utilization
both_flexible_vs_baseline,10,0.0019671232876712795,0.0003010958904109946,0.003989041095890457,inconclusive,0.00013215229946971218,-6.63825283512276e-06,0.0002931229051375217,inconclusive,BG00680,release,average_utilization
both_flexible_vs_horizon_only,10,0.0019671232876712795,0.00031232876712331545,0.004005479452054883,inconclusive,0.00013215229946971218,-9.187054780701586e-07,0.00028675140993288383,inconclusive,BG00680,release,average_utilization
both_flexible_vs_reservation_only,10,0.0,0.0,0.0,inconclusive,0.0,0.0,0.0,inconclusive,BG00680,release,average_utilization
reservation_only_vs_horizon_only,10,0.0019671232876712795,0.0002630136986301546,0.003923835616438426,inconclusive,0.00013215229946971218,-5.671973477228143e-07,0.0002931229051375217,inconclusive,BG00680,release,average_utilization
horizon_only_vs_baseline,10,0.0,0.0,0.0,inconclusive,0.0,0.0,0.0,inconclusive,BG00681,release,average_utilization
reservation_only_vs_baseline,10,0.00101369863013695,-0.0005753424657534384,0.002520547945205532,inconclusive,0.14036876792845007,0.13597497101573147,0.14519539340362841,supported,BG00681,release,average_utilization
both_flexible_vs_baseline,10,0.0012968036529679816,-4.5890410959119256e-05,0.0026942922374431086,inconclusive,0.12640470279062918,0.1216423225004421,0.13147247566849238,supported,BG00681,release,average_utilization
both_flexible_vs_horizon_only,10,0.0012968036529679816,-1.826484018273594e-05,0.002657534246575424,inconclusive,0.12640470279062918,0.12159642938084794,0.13154075806063473,supported,BG00681,release,average_utilization
both_flexible_vs_reservation_only,10,0.0002831050228310317,-0.0013424657534247709,0.001890410958904144,inconclusive,-0.013964065137820869,-0.016391186323189613,-0.011590273721938259,contradicted,BG00681,release,average_utilization
reservation_only_vs_horizon_only,10,0.00101369863013695,-0.0005570776255708687,0.0025296803652967285,inconclusive,0.14036876792845007,0.13589460523246535,0.14498888743610458,supported,BG00681,release,average_utilization
horizon_only_vs_baseline,10,0.0,0.0,0.0,inconclusive,0.0,0.0,0.0,inconclusive,BG00682,release,average_utilization
reservation_only_vs_baseline,10,0.009095890410959007,0.006639269406392842,0.011452283105023142,supported,0.0273892989173533,0.024325877378014282,0.030632394394925523,supported,BG00682,release,average_utilization
both_flexible_vs_baseline,10,0.00946118721461181,0.006958675799086462,0.011936073059360456,supported,0.024054603354453707,0.021000906292397137,0.027653912797690406,supported,BG00682,release,average_utilization
both_flexible_vs_horizon_only,10,0.00946118721461181,0.0069678082191778285,0.011908675799086391,supported,0.024054603354453707,0.021102587290745836,0.02757751331598401,supported,BG00682,release,average_utilization
both_flexible_vs_reservation_only,10,0.0003652968036528037,-0.0017625570776255537,0.002566438356164571,inconclusive,-0.0033346955628995923,-0.00531048621321746,-0.0013424139209699437,inconclusive,BG00682,release,average_utilization
reservation_only_vs_horizon_only,10,0.009095890410959007,0.006675570776255728,0.011570776255707859,supported,0.0273892989173533,0.024128782477275453,0.030465056492623467,supported,BG00682,release,average_utilization
horizon_only_vs_baseline,10,0.0,0.0,0.0,inconclusive,0.0,0.0,0.0,inconclusive,BG00683,release,average_utilization
reservation_only_vs_baseline,10,0.0016547945205479086,-0.0024438356164383393,0.006060821917808237,inconclusive,-0.00020603307812923078,-0.0022329780580228596,0.0017024753270989362,inconclusive,BG00683,release,average_utilization
both_flexible_vs_baseline,10,0.0016547945205479086,-0.0027239726027397993,0.006169999999999975,inconclusive,-0.00020603307812923078,-0.0022598100364066,0.0017321538909706175,inconclusive,BG00683,release,average_utilization
both_flexible_vs_horizon_only,10,0.0016547945205479086,-0.002592054794520604,0.0060934246575341695,inconclusive,-0.00020603307812923078,-0.002198510184639724,0.001761682990291722,inconclusive,BG00683,release,average_utilization
both_flexible_vs_reservation_only,10,0.0,0.0,0.0,inconclusive,0.0,0.0,0.0,inconclusive,BG00683,release,average_utilization
reservation_only_vs_horizon_only,10,0.0016547945205479086,-0.00272917808219184,0.006115205479452057,inconclusive,-0.00020603307812923078,-0.002195948762036297,0.00176936125995576,inconclusive,BG00683,release,average_utilization
horizon_only_vs_baseline,10,0.0015890410958903755,-0.0006164383561647835,0.003972602739726295,inconclusive,0.00013337723746534858,-0.003312116806239444,0.0032721639417447506,inconclusive,BG00684,release,average_utilization
reservation_only_vs_baseline,10,0.007150684931506846,0.0037808219178082506,0.010562328767123168,supported,-0.003043710877952799,-0.007809578417866767,0.0024539124939795976,inconclusive,BG00684,release,average_utilization
both_flexible_vs_baseline,10,0.007150684931506846,0.003753082191780801,0.01069897260273946,supported,-0.003043710877952799,-0.007790436521642284,0.0022892132318614532,inconclusive,BG00684,release,average_utilization
both_flexible_vs_horizon_only,10,0.00556164383561647,0.0032325342465753487,0.00775376712328773,supported,-0.0031770881154181475,-0.007744379804363192,0.0015824877912649267,inconclusive,BG00684,release,average_utilization
both_flexible_vs_reservation_only,10,0.0,0.0,0.0,inconclusive,0.0,0.0,0.0,inconclusive,BG00684,release,average_utilization
reservation_only_vs_horizon_only,10,0.00556164383561647,0.0032328767123287667,0.007726027397260172,supported,-0.0031770881154181475,-0.007745594011379123,0.0015714793068199555,inconclusive,BG00684,release,average_utilization
horizon_only_vs_baseline,10,0.0,0.0,0.0,inconclusive,0.0,0.0,0.0,inconclusive,BG00685,release,average_utilization
reservation_only_vs_baseline,10,0.0010301369863011888,-3.8493150685244236e-05,0.002153424657533899,inconclusive,0.003243076890010255,0.00013492089541402235,0.006891298378613875,inconclusive,BG00685,release,average_utilization
both_flexible_vs_baseline,10,0.0012219178082190085,0.00012602739726031876,0.0023835616438354426,inconclusive,0.16893052141054773,0.16505447595823694,0.17299075718638923,supported,BG00685,release,average_utilization
both_flexible_vs_horizon_only,10,0.0012219178082190085,0.0001258904109583226,0.0023782191780820187,inconclusive,0.16893052141054773,0.1651334794814282,0.17295534085239123,supported,BG00685,release,average_utilization
both_flexible_vs_reservation_only,10,0.00019178082191781965,-0.0011289041095892335,0.0013643835616437422,inconclusive,0.16568744452053746,0.16296066402792414,0.1685382659593866,supported,BG00685,release,average_utilization
reservation_only_vs_horizon_only,10,0.0010301369863011888,-1.0958904109585887e-05,0.002142465753424572,inconclusive,0.003243076890010255,6.129464278521295e-05,0.0067654495054988995,inconclusive,BG00685,release,average_utilization
horizon_only_vs_baseline,10,0.0,0.0,0.0,inconclusive,0.0,0.0,0.0,inconclusive,BG00686,release,average_utilization
reservation_only_vs_baseline,10,0.0002465753424657935,-0.0008907534246574165,0.0015068493150683705,inconclusive,0.0030766099997553307,0.001811460591090975,0.0043957849761218385,inconclusive,BG00686,release,average_utilization
both_flexible_vs_baseline,10,0.0002465753424657935,-0.0009041095890408257,0.0015205479452053646,inconclusive,0.0030766099997553307,0.001766866950765352,0.004371639269166145,inconclusive,BG00686,release,average_utilization
both_flexible_vs_horizon_only,10,0.0002465753424657935,-0.00084931506849303,0.0015205479452053308,inconclusive,0.0030766099997553307,0.0017912564095398148,0.004373567201084362,inconclusive,BG00686,release,average_utilization
both_flexible_vs_reservation_only,10,0.0,0.0,0.0,inconclusive,0.0,0.0,0.0,inconclusive,BG00686,release,average_utilization
reservation_only_vs_horizon_only,10,0.0002465753424657935,-0.0008493150684929179,0.0015479452054793848,inconclusive,0.0030766099997553307,0.0017548195409183738,0.004401913175832013,inconclusive,BG00686,release,average_utilization
horizon_only_vs_baseline,10,0.0031506849315069306,0.0010794520547949354,0.005249452054794471,inconclusive,0.024237987222842185,0.020441792207167384,0.027633782547538715,supported,BG00687,release,average_utilization
reservation_only_vs_baseline,10,0.0015452054794522052,-0.00034520547945206037,0.0032383561643837826,inconclusive,0.0006715805769443584,-0.002003829401069517,0.003209336344465123,inconclusive,BG00687,release,average_utilization
both_flexible_vs_baseline,10,0.0031506849315069306,0.0009698630136991843,0.005276849315068502,inconclusive,0.024237987222842185,0.02052502923835172,0.027604402953938338,supported,BG00687,release,average_utilization
both_flexible_vs_horizon_only,10,0.0,0.0,0.0,inconclusive,0.0,0.0,0.0,inconclusive,BG00687,release,average_utilization
both_flexible_vs_reservation_only,10,0.0016054794520547256,-0.0017208219178082935,0.004986301369863013,inconclusive,0.023566406645897826,0.021744969348317555,0.025647365404438568,supported,BG00687,release,average_utilization
reservation_only_vs_horizon_only,10,-0.0016054794520547256,-0.004970136986301347,0.0016768493150687265,inconclusive,-0.023566406645897826,-0.02558521507342834,-0.021736138798796382,contradicted,BG00687,release,average_utilization
horizon_only_vs_baseline,10,5.4794520548018255e-05,-0.0025823630136989784,0.0028700342465756814,inconclusive,-0.000422944435265632,-0.0024770560936840428,0.0020218325633556667,inconclusive,BG00688,release,average_utilization
reservation_only_vs_baseline,10,0.0,0.0,0.0,inconclusive,0.0,0.0,0.0,inconclusive,BG00688,release,average_utilization
both_flexible_vs_baseline,10,0.0006986301369862558,-0.0019863013698631204,0.003767123287671077,inconclusive,-0.05488733774358778,-0.05616917970518912,-0.0534835678227129,contradicted,BG00688,release,average_utilization
both_flexible_vs_horizon_only,10,0.0006438356164382375,-0.0018972602739725996,0.003020719178082116,inconclusive,-0.05446439330832216,-0.05618455406398215,-0.052732940676446856,contradicted,BG00688,release,average_utilization
both_flexible_vs_reservation_only,10,0.0006986301369862558,-0.0018563356164383639,0.0036575342465751458,inconclusive,-0.05488733774358778,-0.056089482921870236,-0.05341426961834788,contradicted,BG00688,release,average_utilization
reservation_only_vs_horizon_only,10,-5.4794520548018255e-05,-0.0027945205479453787,0.002616780821918189,inconclusive,0.000422944435265632,-0.002100186702969778,0.002528250275643158,inconclusive,BG00688,release,average_utilization
horizon_only_vs_baseline,10,0.0,0.0,0.0,inconclusive,0.0,0.0,0.0,inconclusive,BG00689,release,average_utilization
reservation_only_vs_baseline,10,0.0,0.0,0.0,inconclusive,0.0,0.0,0.0,inconclusive,BG00689,release,average_utilization
both_flexible_vs_baseline,10,7.123287671249035e-05,-0.0012384931506850385,0.0013150684931504705,inconclusive,0.041991808626888394,0.035190531824946664,0.04866408972044731,supported,BG00689,release,average_utilization
both_flexible_vs_horizon_only,10,7.123287671249035e-05,-0.0012712328767121165,0.0012713698630138722,inconclusive,0.041991808626888394,0.035028720228621885,0.04869950753854517,supported,BG00689,release,average_utilization
both_flexible_vs_reservation_only,10,7.123287671249035e-05,-0.0012384931506850536,0.0012547945205481988,inconclusive,0.041991808626888394,0.03502700002664328,0.048656144981476204,supported,BG00689,release,average_utilization
reservation_only_vs_horizon_only,10,0.0,0.0,0.0,inconclusive,0.0,0.0,0.0,inconclusive,BG00689,release,average_utilization
horizon_only_vs_baseline,10,0.016239726027397473,0.013739726027397535,0.0188424657534246,supported,0.049370092310620436,0.04722582431881603,0.05138052767209798,supported,BG00690,release,average_utilization
reservation_only_vs_baseline,10,0.00365068493150702,0.0009861301369863374,0.006658047945205652,inconclusive,0.00069605822222166,-0.0008711611362411722,0.002187815664806904,inconclusive,BG00690,release,average_utilization
both_flexible_vs_baseline,10,0.016821917808219122,0.013883390410958842,0.020089212328767155,supported,0.048351625660679264,0.04644588547962038,0.05017597182295046,supported,BG00690,release,average_utilization
both_flexible_vs_horizon_only,10,0.0005821917808216503,-0.0012946917808222536,0.0027878424657530082,inconclusive,-0.0010184666499411742,-0.0026718169714774207,0.0005996493248024598,inconclusive,BG00690,release,average_utilization
both_flexible_vs_reservation_only,10,0.013171232876712102,0.00957499999999988,0.01605479452054752,supported,0.04765556743845761,0.045126096611618066,0.050303738725730594,supported,BG00690,release,average_utilization
reservation_only_vs_horizon_only,10,-0.012589041095890452,-0.014726027397260245,-0.010040239726027302,contradicted,-0.04867403408839878,-0.050882786027160364,-0.04658361265986862,contradicted,BG00690,release,average_utilization
horizon_only_vs_baseline,10,8.21917808220829e-05,-0.004452397260273878,0.00464383561643864,inconclusive,0.0021372985854825944,-0.004499180083489452,0.008383723223390023,inconclusive,BG00691,release,average_utilization
reservation_only_vs_baseline,10,0.0,0.0,0.0,inconclusive,0.0,0.0,0.0,inconclusive,BG00691,release,average_utilization
both_flexible_vs_baseline,10,0.0025479452054794514,-0.0005342465753425341,0.005958904109588918,inconclusive,-0.0052227871869445445,-0.00916530592357011,-0.0015157927581254595,contradicted,BG00691,release,average_utilization
both_flexible_vs_horizon_only,10,0.0024657534246573685,-0.001780821917808421,0.006534589041095798,inconclusive,-0.0073600857724271385,-0.01365727964886883,-0.00045211561536181343,contradicted,BG00691,release,average_utilization
both_flexible_vs_reservation_only,10,0.0025479452054794514,-0.00046575342465767,0.005958904109589026,inconclusive,-0.0052227871869445445,-0.00909160476410709,-0.001392308327806645,contradicted,BG00691,release,average_utilization
reservation_only_vs_horizon_only,10,-8.21917808220829e-05,-0.00443835616438384,0.004452054794520524,inconclusive,-0.0021372985854825944,-0.008349057200622307,0.004476040189987393,inconclusive,BG00691,release,average_utilization
horizon_only_vs_baseline,10,0.002027397260274011,-0.0006506849315070622,0.004726027397260352,inconclusive,0.006388654134565475,0.003024318029423785,0.009621105559215805,supported,BG00692,release,average_utilization
reservation_only_vs_baseline,10,0.003499999999999992,0.0011712328767120453,0.005849315068493488,inconclusive,0.005727695461002091,0.002961252934265645,0.00884089889248879,supported,BG00692,release,average_utilization
both_flexible_vs_baseline,10,0.003952054794520754,0.001794520547945307,0.006280821917808643,inconclusive,0.0006237045179218415,-0.002909296116600166,0.004394699887375493,inconclusive,BG00692,release,average_utilization
both_flexible_vs_horizon_only,10,0.0019246575342467432,-0.0009041095890406722,0.004595890410959128,inconclusive,-0.005764949616643633,-0.008764872115560025,-0.0029084531545045694,contradicted,BG00692,release,average_utilization
both_flexible_vs_reservation_only,10,0.000452054794520762,-0.0016095890410956532,0.0023220890410962794,inconclusive,-0.00510399094308025,-0.007980387377056801,-0.0021966461785148696,contradicted,BG00692,release,average_utilization
reservation_only_vs_horizon_only,10,0.0014726027397259811,-0.000904109589041041,0.003924828767123179,inconclusive,-0.0006609586735633832,-0.003358591970505107,0.0016922373518742189,inconclusive,BG00692,release,average_utilization
horizon_only_vs_baseline,10,0.0,0.0,0.0,inconclusive,0.0,0.0,0.0,inconclusive,BG00693,release,average_utilization
reservation_only_vs_baseline,10,0.00015068493150683927,-5.551115123125783e-17,0.0003150684931506831,inconclusive,0.0006973715648919465,0.00020012167245286706,0.001190762794409091,inconclusive,BG00693,release,average_utilization
both_flexible_vs_baseline,10,0.00015068493150683927,-3.424657534993822e-07,0.000315068493150672,inconclusive,0.0006973715648919465,0.00020066567375212312,0.0011893505548976257,inconclusive,BG00693,release,average_utilization
both_flexible_vs_horizon_only,10,0.00015068493150683927,-4.4408920985006264e-17,0.0003150684931506831,inconclusive,0.0006973715648919465,0.00017754723172151295,0.0011878111286008676,inconclusive,BG00693,release,average_utilization
both_flexible_vs_reservation_only,10,0.0,0.0,0.0,inconclusive,0.0,0.0,0.0,inconclusive,BG00693,release,average_utilization
reservation_only_vs_horizon_only,10,0.00015068493150683927,-3.3306690738754695e-17,0.00031506849315069416,inconclusive,0.0006973715648919465,0.00020996984362791322,0.001193210206334394,inconclusive,BG00693,release,average_utilization
horizon_only_vs_baseline,10,0.0,0.0,0.0,inconclusive,0.0,0.0,0.0,inconclusive,BG00694,release,average_utilization
reservation_only_vs_baseline,10,0.0024657534246574353,0.0009954337899541698,0.004000228310502323,inconclusive,0.015231556448679028,0.010546660609300566,0.019800924528039797,supported,BG00694,release,average_utilization
both_flexible_vs_baseline,10,0.002940639269406342,0.0010867579908677353,0.004785388127853664,inconclusive,0.013070343745962132,0.010119147779400551,0.016312248249318442,supported,BG00694,release,average_utilization
both_flexible_vs_horizon_only,10,0.002940639269406342,0.0011141552511418,0.004730593607305799,inconclusive,0.013070343745962132,0.01002918805034789,0.016255944899176696,supported,BG00694,release,average_utilization
both_flexible_vs_reservation_only,10,0.0004748858447489068,-0.0011417808219176416,0.002146575342465706,inconclusive,-0.002161212702716897,-0.005919226406286698,0.0013433725293518191,inconclusive,BG00694,release,average_utilization
reservation_only_vs_horizon_only,10,0.0024657534246574353,0.0010319634703195222,0.004127853881278456,inconclusive,0.015231556448679028,0.010713132444929309,0.01953411081440074,supported,BG00694,release,average_utilization
horizon_only_vs_baseline,10,0.0001164383561645832,-0.0016919520547943284,0.0020482876712334796,inconclusive,-0.005810694436481828,-0.008601447925636085,-0.003597630374170685,contradicted,BG00695,release,average_utilization
reservation_only_vs_baseline,10,0.0006917808219178312,-0.0017265410958904688,0.0026371575342465877,inconclusive,-0.020144140183459436,-0.023414002320293833,-0.01692969303176488,contradicted,BG00695,release,average_utilization
both_flexible_vs_baseline,10,0.0011986301369865337,-0.001054794520547677,0.0033013698630138745,inconclusive,-0.01413570596888914,-0.016740410755958217,-0.011914086309359223,contradicted,BG00695,release,average_utilization
both_flexible_vs_horizon_only,10,0.0010821917808219506,-0.0010138698630136355,0.003130136986301303,inconclusive,-0.008325011532407311,-0.010963760339084834,-0.005798516551734699,contradicted,BG00695,release,average_utilization
both_flexible_vs_reservation_only,10,0.0005068493150687025,-0.0008835616438353075,0.0019452054794520078,inconclusive,0.006008434214570296,0.0034337236453324984,0.00835417006485029,supported,BG00695,release,average_utilization
reservation_only_vs_horizon_only,10,0.000575342465753248,-0.0014934931506851178,0.0025684931506845753,inconclusive,-0.014333445746977608,-0.016586345473219948,-0.011359420014000837,contradicted,BG00695,release,average_utilization
horizon_only_vs_baseline,10,0.0,0.0,0.0,inconclusive,0.0,0.0,0.0,inconclusive,BG00696,release,average_utilization
reservation_only_vs_baseline,10,0.0008630136986300996,-0.0011095890410956935,0.0026849315068489094,inconclusive,-0.0031434290905265395,-0.007753501576593102,0.0018588249025669643,inconclusive,BG00696,release,average_utilization
both_flexible_vs_baseline,10,0.0009726027397258363,-0.0007671232876712907,0.002821917808218922,inconclusive,-0.006365883634826086,-0.012050328176578251,-0.0006217791024666382,contradicted,BG00696,release,average_utilization
both_flexible_vs_horizon_only,10,0.0009726027397258363,-0.000821917808219198,0.0028493150684928636,inconclusive,-0.006365883634826086,-0.011846168760226535,-0.0006520577071953336,contradicted,BG00696,release,average_utilization
both_flexible_vs_reservation_only,10,0.00010958904109573676,-0.0014797945205480949,0.0017945205479448132,inconclusive,-0.003222454544299547,-0.011209953154891915,0.004474436133475647,inconclusive,BG00696,release,average_utilization
reservation_only_vs_horizon_only,10,0.0008630136986300996,-0.001096232876712399,0.002684931506849025,inconclusive,-0.0031434290905265395,-0.007674135055336775,0.001910567839594749,inconclusive,BG00696,release,average_utilization
horizon_only_vs_baseline,10,0.0,0.0,0.0,inconclusive,0.0,0.0,0.0,inconclusive,BG00697,release,average_utilization
reservation_only_vs_baseline,10,0.0,0.0,0.0,inconclusive,0.0,0.0,0.0,inconclusive,BG00697,release,average_utilization
both_flexible_vs_baseline,10,0.0,0.0,0.0,inconclusive,0.0,0.0,0.0,inconclusive,BG00697,release,average_utilization
both_flexible_vs_horizon_only,10,0.0,0.0,0.0,inconclusive,0.0,0.0,0.0,inconclusive,BG00697,release,average_utilization
both_flexible_vs_reservation_only,10,0.0,0.0,0.0,inconclusive,0.0,0.0,0.0,inconclusive,BG00697,release,average_utilization
reservation_only_vs_horizon_only,10,0.0,0.0,0.0,inconclusive,0.0,0.0,0.0,inconclusive,BG00697,release,average_utilization
horizon_only_vs_baseline,10,0.0,0.0,0.0,inconclusive,0.0,0.0,0.0,inconclusive,BG00698,release,average_utilization
reservation_only_vs_baseline,10,0.0018150684931507067,-0.001041267123287726,0.004410958904109543,inconclusive,-0.0002877102368869178,-0.0011244592024321322,0.0004647182008309706,inconclusive,BG00698,release,average_utilization
both_flexible_vs_baseline,10,0.0018150684931507067,-0.0010005136986302424,0.004356164383561712,inconclusive,-0.0002877102368869178,-0.001153652886430172,0.0004876670876244786,inconclusive,BG00698,release,average_utilization
both_flexible_vs_horizon_only,10,0.0018150684931507067,-0.0010068493150685272,0.0043972602739726484,inconclusive,-0.0002877102368869178,-0.0011094172736065046,0.00046849053026178013,inconclusive,BG00698,release,average_utilization
both_flexible_vs_reservation_only,10,0.0,0.0,0.0,inconclusive,0.0,0.0,0.0,inconclusive,BG00698,release,average_utilization
reservation_only_vs_horizon_only,10,0.0018150684931507067,-0.0010143835616438894,0.0043424657534245435,inconclusive,-0.0002877102368869178,-0.0011397978859755162,0.00047601175221564945,inconclusive,BG00698,release,average_utilization
horizon_only_vs_baseline,10,0.07745205479451935,0.07525452054794418,0.07971547945205319,supported,0.050393421845356154,0.0477737326899901,0.052713449450025346,supported,BG00699,release,average_utilization
reservation_only_vs_baseline,10,0.0659890410958894,0.06408219178082081,0.06824671232876617,supported,0.11607457901928835,0.11456740283552742,0.11754996321012325,supported,BG00699,release,average_utilization
both_flexible_vs_baseline,10,0.07745205479451935,0.07537520547945076,0.07969328767123145,supported,0.050393421845356154,0.047818055832163135,0.05263132920780702,supported,BG00699,release,average_utilization
both_flexible_vs_horizon_only,10,0.0,0.0,0.0,inconclusive,0.0,0.0,0.0,inconclusive,BG00699,release,average_utilization
both_flexible_vs_reservation_only,10,0.011463013698629943,0.009824520547945014,0.012838356164383282,supported,-0.06568115717393216,-0.06845146995872987,-0.062958870379282,contradicted,BG00699,release,average_utilization
reservation_only_vs_horizon_only,10,-0.011463013698629943,-0.012849315068492696,-0.009846575342465766,contradicted,0.06568115717393216,0.06311327917192372,0.0683673986952682,supported,BG00699,release,average_utilization
horizon_only_vs_baseline,10,0.035852054794520215,0.03325465753424623,0.038306849315067934,supported,0.009639152651844757,0.008405986902267164,0.010927334416906385,supported,BG00700,release,average_utilization
reservation_only_vs_baseline,10,0.0023999999999998467,0.00044931506849289207,0.004504109589040979,inconclusive,-0.0001719228820859009,-0.001223586697746931,0.000741625126148941,inconclusive,BG00700,release,average_utilization
both_flexible_vs_baseline,10,0.035852054794520215,0.03326013698630124,0.038158904109588686,supported,0.009639152651844757,0.008415452189612442,0.010967657719856087,supported,BG00700,release,average_utilization
both_flexible_vs_horizon_only,10,0.0,0.0,0.0,inconclusive,0.0,0.0,0.0,inconclusive,BG00700,release,average_utilization
both_flexible_vs_reservation_only,10,0.03345205479452037,0.03097493150684923,0.03579191780821904,supported,0.009811075533930657,0.008522011164529693,0.011060731964465203,supported,BG00700,release,average_utilization
reservation_only_vs_horizon_only,10,-0.03345205479452037,-0.03579219178082203,-0.030969452054794403,contradicted,-0.009811075533930657,-0.01112214049106298,-0.008439922347900593,contradicted,BG00700,release,average_utilization
horizon_only_vs_baseline,10,0.0,0.0,0.0,inconclusive,0.0,0.0,0.0,inconclusive,BG00701,release,average_utilization
reservation_only_vs_baseline,10,0.0006986301369865222,-0.0019178082191779646,0.003123287671232995,inconclusive,0.0029183584892352953,-0.004322345200848025,0.009162426530679404,inconclusive,BG00701,release,average_utilization
both_flexible_vs_baseline,10,0.0006986301369865222,-0.0019318493150682025,0.0031099315068495274,inconclusive,0.0029183584892352953,-0.004444760148489509,0.00946995275002175,inconclusive,BG00701,release,average_utilization
both_flexible_vs_horizon_only,10,0.0006986301369865222,-0.0018356164383557605,0.0030414383561646616,inconclusive,0.0029183584892352953,-0.004278979605483517,0.009091858400423576,inconclusive,BG00701,release,average_utilization
both_flexible_vs_reservation_only,10,0.0,0.0,0.0,inconclusive,0.0,0.0,0.0,inconclusive,BG00701,release,average_utilization
reservation_only_vs_horizon_only,10,0.0006986301369865222,-0.0018904109589036814,0.0030962328767127458,inconclusive,0.0029183584892352953,-0.00441748164523801,0.009297868918900457,inconclusive,BG00701,release,average_utilization
horizon_only_vs_baseline,10,0.08026301369862955,0.07704643835616377,0.08324931506849241,supported,0.06225251062025916,0.05940876098534934,0.06543664161067597,supported,BG00702,release,average_utilization
reservation_only_vs_baseline,10,0.08018082191780744,0.0770517808219174,0.08339178082191678,supported,0.13910380598430944,0.13664343002802573,0.1412094905773139,supported,BG00702,release,average_utilization
both_flexible_vs_baseline,10,0.08058082191780747,0.07760534246575275,0.08347410958904035,supported,0.06425899593138577,0.06120542501236871,0.06740806250426598,supported,BG00702,release,average_utilization
both_flexible_vs_horizon_only,10,0.00031780821917791745,-0.0005808219178084278,0.0011178082191778446,inconclusive,0.0020064853111266103,-0.0001894921204546114,0.0042169555405776795,inconclusive,BG00702,release,average_utilization
both_flexible_vs_reservation_only,10,0.00040000000000002257,-0.0005152054794518745,0.0012657534246575362,inconclusive,-0.07484481005292368,-0.07686990515367215,-0.0729752771568353,contradicted,BG00702,release,average_utilization
reservation_only_vs_horizon_only,10,-8.219178082210509e-05,-0.0007890410958906882,0.0006958904109586589,inconclusive,0.07685129536405029,0.0749178763319474,0.07893805566546488,supported,BG00702,release,average_utilization
horizon_only_vs_baseline,10,0.0,0.0,0.0,inconclusive,0.0,0.0,0.0,inconclusive,BG00703,release,average_utilization
reservation_only_vs_baseline,10,0.0003342465753422896,-0.00168780821917845,0.0020657534246572864,inconclusive,0.05910128390432133,0.05692436827173447,0.06144564353463468,supported,BG00703,release,average_utilization
both_flexible_vs_baseline,10,0.0012219178082190974,-0.0003178082191783949,0.002575479452054963,inconclusive,0.04706468343481289,0.04464035575006419,0.049764251079007844,supported,BG00703,release,average_utilization
both_flexible_vs_horizon_only,10,0.0012219178082190974,-0.0003565753424661604,0.0026247945205482557,inconclusive,0.04706468343481289,0.04467833251012392,0.04968868514623048,supported,BG00703,release,average_utilization
both_flexible_vs_reservation_only,10,0.0008876712328768077,5.479452054805045e-05,0.00201123287671236,inconclusive,-0.01203660046950844,-0.013110849222910809,-0.010995143143322091,contradicted,BG00703,release,average_utilization
reservation_only_vs_horizon_only,10,0.0003342465753422896,-0.0017371232876717544,0.0020712328767121977,inconclusive,0.05910128390432133,0.056914959336065475,0.061585590020971824,supported,BG00703,release,average_utilization
horizon_only_vs_baseline,10,0.0,0.0,0.0,inconclusive,0.0,0.0,0.0,inconclusive,BG00704,release,average_utilization
reservation_only_vs_baseline,10,8.904109589042974e-05,-6.84931506849118e-06,0.00019195205479458668,inconclusive,4.727385019462904e-05,-1.1708776523146891e-05,0.0001131858695387697,inconclusive,BG00704,release,average_utilization
both_flexible_vs_baseline,10,0.0004452054794519489,-0.0010001712328770835,0.0018493150684935318,inconclusive,-0.002524779055792281,-0.0061340798903798946,0.0007938111650952327,inconclusive,BG00704,release,average_utilization
both_flexible_vs_horizon_only,10,0.0004452054794519489,-0.0009248287671235752,0.0018767123287671441,inconclusive,-0.002524779055792281,-0.006167930908236674,0.0007822340051308461,inconclusive,BG00704,release,average_utilization
both_flexible_vs_reservation_only,10,0.00035616438356151915,-0.0010138698630140616,0.0017602739726028823,inconclusive,-0.00257205290598691,-0.006098180239219278,0.0008514702976837638,inconclusive,BG00704,release,average_utilization
reservation_only_vs_horizon_only,10,8.904109589042974e-05,-6.849315068502282e-06,0.00019178082191784185,inconclusive,4.727385019462904e-05,-1.0146212505308395e-05,0.00011250111026096217,inconclusive,BG00704,release,average_utilization
horizon_only_vs_baseline,10,0.01684246575342486,0.01543835616438371,0.018363013698630186,supported,0.0037489352516851095,0.0025018948027274966,0.004968903422448007,inconclusive,BG00705,release,average_utilization
reservation_only_vs_baseline,10,0.016746575342465642,0.014417636986301167,0.01887705479452062,supported,0.06538362690410351,0.06364821725954875,0.06709262557042653,supported,BG00705,release,average_utilization
both_flexible_vs_baseline,10,0.017219178082192033,0.014753424657534694,0.019479452054794465,supported,0.0545751084029122,0.05266458784072449,0.05643680786833122,supported,BG00705,release,average_utilization
both_flexible_vs_horizon_only,10,0.0003767123287671703,-0.00210342465753427,0.0025821917808220188,inconclusive,0.05082617315122708,0.049430297643862794,0.05209735202028988,supported,BG00705,release,average_utilization
both_flexible_vs_reservation_only,10,0.000472602739726391,-0.0018702054794516127,0.002637157534246759,inconclusive,-0.010808518501191317,-0.012561034466886407,-0.009361574857390167,contradicted,BG00705,release,average_utilization
reservation_only_vs_horizon_only,10,-9.589041095922068e-05,-0.002000000000000339,0.002007020547944934,inconclusive,0.061634691652418395,0.060593845421301445,0.06265279544490983,supported,BG00705,release,average_utilization
horizon_only_vs_baseline,10,0.0,0.0,0.0,inconclusive,0.0,0.0,0.0,inconclusive,BG00706,release,average_utilization
reservation_only_vs_baseline,10,0.003917808219177821,-0.001904452054794848,0.009616780821917746,inconclusive,-0.0011306603909103097,-0.009576840432059598,0.0077347467113335015,inconclusive,BG00706,release,average_utilization
both_flexible_vs_baseline,10,0.003917808219177821,-0.002055821917808358,0.009849999999999762,inconclusive,-0.0011306603909103097,-0.009102498271853644,0.00796015167706813,inconclusive,BG00706,release,average_utilization
both_flexible_vs_horizon_only,10,0.003917808219177821,-0.0020003424657537216,0.009808561643835135,inconclusive,-0.0011306603909103097,-0.009467162018201575,0.007851357047207623,inconclusive,BG00706,release,average_utilization
both_flexible_vs_reservation_only,10,0.0,0.0,0.0,inconclusive,0.0,0.0,0.0,inconclusive,BG00706,release,average_utilization
reservation_only_vs_horizon_only,10,0.003917808219177821,-0.0020825342465755196,0.00995890410958868,inconclusive,-0.0011306603909103097,-0.009481018934761934,0.007969708414764172,inconclusive,BG00706,release,average_utilization
horizon_only_vs_baseline,10,0.003986301369863099,5.479452054800688e-05,0.00783561643835642,inconclusive,0.003814252591043979,0.0014792393277404032,0.006132219936520976,inconclusive,BG00707,release,average_utilization
reservation_only_vs_baseline,10,0.04428767123287693,0.040164041095890786,0.048206164383561984,supported,0.19719393202631447,0.19453013889303108,0.1997408340077238,supported,BG00707,release,average_utilization
both_flexible_vs_baseline,10,0.04541095890410975,0.043438356164383504,0.04805513698630173,supported,0.19351721052709422,0.1911427960277258,0.19586976908562567,supported,BG00707,release,average_utilization
both_flexible_vs_horizon_only,10,0.041424657534246644,0.03805410958904122,0.04453424657534234,supported,0.18970295793605027,0.18714382179113173,0.19228188352209427,supported,BG00707,release,average_utilization
both_flexible_vs_reservation_only,10,0.00112328767123282,-0.0018085616438357364,0.004164383561643618,inconclusive,-0.0036767214992202424,-0.007110248887441557,-0.00018230279502288503,inconclusive,BG00707,release,average_utilization
reservation_only_vs_horizon_only,10,0.040301369863013824,0.03846575342465767,0.042082534246575584,supported,0.1933796794352705,0.190746153127752,0.19608229899656995,supported,BG00707,release,average_utilization
horizon_only_vs_baseline,10,0.0,0.0,0.0,inconclusive,0.0,0.0,0.0,inconclusive,BG00708,release,average_utilization
reservation_only_vs_baseline,10,0.00274520547945184,-0.0012328767123288905,0.0074743835616434785,inconclusive,-0.0002644810712494894,-0.004293867549899992,0.004597820792106079,inconclusive,BG00708,release,average_utilization
both_flexible_vs_baseline,10,0.00274520547945184,-0.0013589041095891762,0.007397397260273641,inconclusive,-0.0002644810712494894,-0.004444497034844579,0.004595407905163527,inconclusive,BG00708,release,average_utilization
both_flexible_vs_horizon_only,10,0.00274520547945184,-0.0012821917808220435,0.007523287671232406,inconclusive,-0.0002644810712494894,-0.004460112219895407,0.004575621057956955,inconclusive,BG00708,release,average_utilization
both_flexible_vs_reservation_only,10,0.0,0.0,0.0,inconclusive,0.0,0.0,0.0,inconclusive,BG00708,release,average_utilization
reservation_only_vs_horizon_only,10,0.00274520547945184,-0.0012438356164385157,0.007364794520547466,inconclusive,-0.0002644810712494894,-0.004383828015034256,0.004669682419282911,inconclusive,BG00708,release,average_utilization
horizon_only_vs_baseline,10,0.0,0.0,0.0,inconclusive,0.0,0.0,0.0,inconclusive,BG00709,release,average_utilization
reservation_only_vs_baseline,10,0.0006082191780821256,-0.0009372602739727419,0.002104246575342588,inconclusive,-0.0005305599092976787,-0.0058062221662944676,0.005089370693254885,inconclusive,BG00709,release,average_utilization
both_flexible_vs_baseline,10,0.0006082191780821256,-0.0009589041095887141,0.0021424657534245407,inconclusive,-0.0005305599092976787,-0.005896814873721631,0.0047845936863033485,inconclusive,BG00709,release,average_utilization
both_flexible_vs_horizon_only,10,0.0006082191780821256,-0.0009095890410956378,0.0021864383561643742,inconclusive,-0.0005305599092976787,-0.005746633683925406,0.004949705831940199,inconclusive,BG00709,release,average_utilization
both_flexible_vs_reservation_only,10,0.0,0.0,0.0,inconclusive,0.0,0.0,0.0,inconclusive,BG00709,release,average_utilization
reservation_only_vs_horizon_only,10,0.0006082191780821256,-0.0009479452054793242,0.0021917808219178575,inconclusive,-0.0005305599092976787,-0.005663667678357385,0.0049354653931734105,inconclusive,BG00709,release,average_utilization
horizon_only_vs_baseline,10,0.0,0.0,0.0,inconclusive,0.0,0.0,0.0,inconclusive,BG00710,release,average_utilization
reservation_only_vs_baseline,10,0.0035958904109591574,0.0012532534246575875,0.00584246575342492,inconclusive,-0.000694564005079401,-0.004487431083549073,0.0034536980199329015,inconclusive,BG00710,release,average_utilization
both_flexible_vs_baseline,10,0.0035958904109591574,0.001170890410958937,0.005794520547945465,inconclusive,-0.000694564005079401,-0.004503659142267243,0.0034374665920651353,inconclusive,BG00710,release,average_utilization
both_flexible_vs_horizon_only,10,0.0035958904109591574,0.001246404109589106,0.005794691780822311,inconclusive,-0.000694564005079401,-0.004578158029784593,0.003693741705086824,inconclusive,BG00710,release,average_utilization
both_flexible_vs_reservation_only,10,0.0,0.0,0.0,inconclusive,0.0,0.0,0.0,inconclusive,BG00710,release,average_utilization
reservation_only_vs_horizon_only,10,0.0035958904109591574,0.001294006849315088,0.005856164383561883,inconclusive,-0.000694564005079401,-0.004522059088042262,0.0034500342556918295,inconclusive,BG00710,release,average_utilization
horizon_only_vs_baseline,10,0.0,0.0,0.0,inconclusive,0.0,0.0,0.0,inconclusive,BG00711,release,average_utilization
reservation_only_vs_baseline,10,0.0,0.0,0.0,inconclusive,0.0,0.0,0.0,inconclusive,BG00711,release,average_utilization
both_flexible_vs_baseline,10,0.0,0.0,0.0,inconclusive,0.0,0.0,0.0,inconclusive,BG00711,release,average_utilization
both_flexible_vs_horizon_only,10,0.0,0.0,0.0,inconclusive,0.0,0.0,0.0,inconclusive,BG00711,release,average_utilization
both_flexible_vs_reservation_only,10,0.0,0.0,0.0,inconclusive,0.0,0.0,0.0,inconclusive,BG00711,release,average_utilization
reservation_only_vs_horizon_only,10,0.0,0.0,0.0,inconclusive,0.0,0.0,0.0,inconclusive,BG00711,release,average_utilization
horizon_only_vs_baseline,10,0.0,0.0,0.0,inconclusive,0.0,0.0,0.0,inconclusive,BG00712,release,average_utilization
reservation_only_vs_baseline,10,0.019287671232876436,0.018082191780821887,0.020404109589040452,supported,-0.0787568746049084,-0.08388050666864642,-0.0737291373121236,contradicted,BG00712,release,average_utilization
both_flexible_vs_baseline,10,0.019287671232876436,0.01808219178082211,0.020424657534245962,supported,-0.0787568746049084,-0.08411269040280736,-0.07360634154899985,contradicted,BG00712,release,average_utilization
both_flexible_vs_horizon_only,10,0.019287671232876436,0.018082020547944885,0.02043167808219135,supported,-0.0787568746049084,-0.08402566942214933,-0.07374864641105207,contradicted,BG00712,release,average_utilization
both_flexible_vs_reservation_only,10,0.0,0.0,0.0,inconclusive,0.0,0.0,0.0,inconclusive,BG00712,release,average_utilization
reservation_only_vs_horizon_only,10,0.019287671232876436,0.01809571917808208,0.02043150684931436,supported,-0.0787568746049084,-0.08400269772535253,-0.0738203211832704,contradicted,BG00712,release,average_utilization
horizon_only_vs_baseline,10,0.0,0.0,0.0,inconclusive,0.0,0.0,0.0,inconclusive,BG00713,release,average_utilization
reservation_only_vs_baseline,10,0.0015013698630137128,0.00016438356164383272,0.003145205479452062,inconclusive,0.0003311244822960857,-0.00029816596001813744,0.0012696142032312195,inconclusive,BG00713,release,average_utilization
both_flexible_vs_baseline,10,0.0015013698630137128,0.0002465753424658157,0.0031345205479451676,inconclusive,0.0003311244822960857,-0.0002964691250525453,0.0012607181958935287,inconclusive,BG00713,release,average_utilization
both_flexible_vs_horizon_only,10,0.0015013698630137128,0.00014246575342465872,0.0030686301369863174,inconclusive,0.0003311244822960857,-0.0003032193154964835,0.001233792298562091,inconclusive,BG00713,release,average_utilization
both_flexible_vs_reservation_only,10,0.0,0.0,0.0,inconclusive,0.0,0.0,0.0,inconclusive,BG00713,release,average_utilization
reservation_only_vs_horizon_only,10,0.0015013698630137128,0.00014794520547946056,0.0030904109589041224,inconclusive,0.0003311244822960857,-0.00030604484617762217,0.0012492979589755096,inconclusive,BG00713,release,average_utilization
horizon_only_vs_baseline,10,0.00044931506849308354,-0.0012931506849314272,0.00262465753424649,inconclusive,0.0007198942880141668,-0.002488906949814298,0.0036193819877068634,inconclusive,BG00714,release,average_utilization
reservation_only_vs_baseline,10,0.0,0.0,0.0,inconclusive,0.0,0.0,0.0,inconclusive,BG00714,release,average_utilization
both_flexible_vs_baseline,10,0.00044931506849308354,-0.0013152054794526465,0.002690410958903735,inconclusive,0.0007198942880141668,-0.0026440180844438423,0.0035944575779424163,inconclusive,BG00714,release,average_utilization
both_flexible_vs_horizon_only,10,0.0,0.0,0.0,inconclusive,0.0,0.0,0.0,inconclusive,BG00714,release,average_utilization
both_flexible_vs_reservation_only,10,0.00044931506849308354,-0.001309589041095951,0.0027071232876709297,inconclusive,0.0007198942880141668,-0.002486040091977817,0.0036121265861073764,inconclusive,BG00714,release,average_utilization
reservation_only_vs_horizon_only,10,-0.00044931506849308354,-0.0026471232876711516,0.0012931506849317993,inconclusive,-0.0007198942880141668,-0.0036631653127791853,0.0024256670921376723,inconclusive,BG00714,release,average_utilization
horizon_only_vs_baseline,10,0.0017534246575342193,1.3698630136967926e-05,0.0036097602739728458,inconclusive,0.002084794006181406,-0.0013250628778316677,0.0057679112140935915,inconclusive,BG00715,release,average_utilization
reservation_only_vs_baseline,10,0.004815068493150654,0.0027945205479449884,0.0069318493150687275,inconclusive,-0.09163215514146301,-0.09510178766782293,-0.08784233433529903,contradicted,BG00715,release,average_utilization
both_flexible_vs_baseline,10,0.004904109589041106,0.0028767123287672,0.006952226027397306,inconclusive,-0.09168145931029133,-0.09496905192766991,-0.08800139156669531,contradicted,BG00715,release,average_utilization
both_flexible_vs_horizon_only,10,0.0031506849315068863,0.0022260273972604084,0.004027397260273772,inconclusive,-0.09376625331647273,-0.09577222387470243,-0.0918268263940793,contradicted,BG00715,release,average_utilization
both_flexible_vs_reservation_only,10,8.904109589045195e-05,-8.253424657534053e-05,0.0003356164383562565,inconclusive,-4.9304168828318005e-05,-0.000750413857340998,0.0005347758003942937,inconclusive,BG00715,release,average_utilization
reservation_only_vs_horizon_only,10,0.0030616438356164343,0.0020958904109589413,0.003986301369862988,inconclusive,-0.09371694914764442,-0.09594738658791302,-0.09168531617045547,contradicted,BG00715,release,average_utilization
horizon_only_vs_baseline,10,0.0,0.0,0.0,inconclusive,0.0,0.0,0.0,inconclusive,BG00716,release,average_utilization
reservation_only_vs_baseline,10,0.0010082191780823701,-0.00023027397260277715,0.002630136986301613,inconclusive,0.0006943303992651417,-2.290640395972265e-05,0.0014822857841936,inconclusive,BG00716,release,average_utilization
both_flexible_vs_baseline,10,0.0015890410958904755,-0.0005972602739725774,0.0035672602739727196,inconclusive,2.359310471512499e-05,-0.0008240276249605594,0.0007892589024399757,inconclusive,BG00716,release,average_utilization
both_flexible_vs_horizon_only,10,0.0015890410958904755,-0.0005315068493149566,0.003627534246575428,inconclusive,2.359310471512499e-05,-0.0007759277805817784,0.0008314923226235444,inconclusive,BG00716,release,average_utilization
both_flexible_vs_reservation_only,10,0.0005808219178081054,-0.0007835616438356841,0.0019835616438353527,inconclusive,-0.0006707372945500168,-0.0016785866457680772,0.0002019136032584343,inconclusive,BG00716,release,average_utilization
reservation_only_vs_horizon_only,10,0.0010082191780823701,-0.0002465753424656386,0.0026246575342468346,inconclusive,0.0006943303992651417,-1.88462941678144e-05,0.0014555909309649502,inconclusive,BG00716,release,average_utilization
horizon_only_vs_baseline,10,0.0,0.0,0.0,inconclusive,0.0,0.0,0.0,inconclusive,BG00717,release,average_utilization
reservation_only_vs_baseline,10,0.001821917808219331,-0.0021369863013695144,0.005945205479452154,inconclusive,-0.0006279362094864238,-0.00230197917054944,0.0012078185682417762,inconclusive,BG00717,release,average_utilization
both_flexible_vs_baseline,10,0.002561643835616423,-0.0015349315068493624,0.006972602739725857,inconclusive,1.1705820645702137e-05,-0.000928570212356625,0.0009830035613583366,inconclusive,BG00717,release,average_utilization
both_flexible_vs_horizon_only,10,0.002561643835616423,-0.0017671232876711807,0.006972602739726043,inconclusive,1.1705820645702137e-05,-0.0009421531121060502,0.0009702473769412145,inconclusive,BG00717,release,average_utilization
both_flexible_vs_reservation_only,10,0.0007397260273970918,-0.002068493150685036,0.0032058219178079835,inconclusive,0.0006396420301321259,-0.0006666213499866244,0.001913309120820322,inconclusive,BG00717,release,average_utilization
reservation_only_vs_horizon_only,10,0.001821917808219331,-0.0020414383561640917,0.005890410958904159,inconclusive,-0.0006279362094864238,-0.0023033426058322376,0.0012057378845735957,inconclusive,BG00717,release,average_utilization
horizon_only_vs_baseline,10,0.0,0.0,0.0,inconclusive,0.0,0.0,0.0,inconclusive,BG00718,release,average_utilization
reservation_only_vs_baseline,10,0.0007579908675798385,-0.0027397260273972377,0.004155479452054787,inconclusive,0.08132367164856176,0.07540751125156422,0.08671711395796855,supported,BG00718,release,average_utilization
both_flexible_vs_baseline,10,0.0020821917808217403,7.28310502280103e-05,0.004228538812785047,inconclusive,0.16848721575091427,0.16387929567522552,0.17324628881249232,supported,BG00718,release,average_utilization
both_flexible_vs_horizon_only,10,0.0020821917808217403,0.000127853881278793,0.00418310502283088,inconclusive,0.16848721575091427,0.16378025350626088,0.1732418901456375,supported,BG00718,release,average_utilization
both_flexible_vs_reservation_only,10,0.001324200913241902,-0.0013700913242010405,0.0044931506849313465,inconclusive,0.08716354410235252,0.08108734393506115,0.09376054521902807,supported,BG00718,release,average_utilization
reservation_only_vs_horizon_only,10,0.0007579908675798385,-0.002785388127853885,0.004045890410958992,inconclusive,0.08132367164856176,0.07559175773878252,0.08680671330515688,supported,BG00718,release,average_utilization
horizon_only_vs_baseline,10,0.0,0.0,0.0,inconclusive,0.0,0.0,0.0,inconclusive,BG00719,release,average_utilization
reservation_only_vs_baseline,10,0.0008584474885844906,0.0,0.0023013698630137357,inconclusive,0.0003737929141307772,0.0,0.0010007616347459392,inconclusive,BG00719,release,average_utilization
both_flexible_vs_baseline,10,0.0010136986301369833,-0.0003744292237442881,0.003013698630136996,inconclusive,0.00032422663706188626,-6.57192754178082e-05,0.0010127321827460788,inconclusive,BG00719,release,average_utilization
both_flexible_vs_horizon_only,10,0.0010136986301369833,-0.00038356164383561707,0.003013698630136996,inconclusive,0.00032422663706188626,-6.57192754178082e-05,0.0010127321827460788,inconclusive,BG00719,release,average_utilization
both_flexible_vs_reservation_only,10,0.00015525114155249265,-0.0007762557077625632,0.0010867579908675484,inconclusive,-4.956627706889094e-05,-0.00016856412605147363,4.916948641211505e-05,inconclusive,BG00719,release,average_utilization
reservation_only_vs_horizon_only,10,0.0008584474885844906,0.0,0.0023013698630137357,inconclusive,0.0003737929141307772,0.0,0.0010007616347459392,inconclusive,BG00719,release,average_utilization
horizon_only_vs_baseline,10,0.006452054794520734,0.005027397260274119,0.00834246575342473,supported,-0.010292306900189918,-0.012921010180875964,-0.007343776185684185,contradicted,BG00720,release,average_utilization
reservation_only_vs_baseline,10,0.0017808219178083063,-0.0005275684931508562,0.0038357876712332463,inconclusive,-0.0005961343711437638,-0.004773156436641857,0.0030606069122165805,inconclusive,BG00720,release,average_utilization
both_flexible_vs_baseline,10,0.006452054794520734,0.005013527397260131,0.008212500000000358,supported,-0.010292306900189918,-0.012927590419384573,-0.007420110329128491,contradicted,BG00720,release,average_utilization
both_flexible_vs_horizon_only,10,0.0,0.0,0.0,inconclusive,0.0,0.0,0.0,inconclusive,BG00720,release,average_utilization
both_flexible_vs_reservation_only,10,0.0046712328767124275,0.0025273972602742186,0.006719178082191969,inconclusive,-0.009696172529046154,-0.012768479761009826,-0.00658363131706535,contradicted,BG00720,release,average_utilization
reservation_only_vs_horizon_only,10,-0.0046712328767124275,-0.006732876712328589,-0.0026849315068494615,inconclusive,0.009696172529046154,0.006599447997685029,0.0127602619772979,supported,BG00720,release,average_utilization
horizon_only_vs_baseline,10,0.0,0.0,0.0,inconclusive,0.0,0.0,0.0,inconclusive,BG00721,release,average_utilization
reservation_only_vs_baseline,10,0.0020913242009132694,-0.0002742009132418723,0.005105022831050079,inconclusive,-0.0012037207454880573,-0.002624793941827059,-6.258508668344667e-05,inconclusive,BG00721,release,average_utilization
both_flexible_vs_baseline,10,0.0020913242009132694,-0.00028310502283094283,0.005022831050228271,inconclusive,-0.0012037207454880573,-0.002550000929991473,-4.0068983717223006e-05,inconclusive,BG00721,release,average_utilization
both_flexible_vs_horizon_only,10,0.0020913242009132694,-0.00021917808219171775,0.005215068493150537,inconclusive,-0.0012037207454880573,-0.0026358831927356997,-5.386291086738192e-05,inconclusive,BG00721,release,average_utilization
both_flexible_vs_reservation_only,10,0.0,0.0,0.0,inconclusive,0.0,0.0,0.0,inconclusive,BG00721,release,average_utilization
reservation_only_vs_horizon_only,10,0.0020913242009132694,-0.00021004566210046843,0.00514155251141546,inconclusive,-0.0012037207454880573,-0.0026664117879203835,-3.198002433259654e-05,inconclusive,BG00721,release,average_utilization
horizon_only_vs_baseline,10,0.0,0.0,0.0,inconclusive,0.0,0.0,0.0,inconclusive,BG00722,release,average_utilization
reservation_only_vs_baseline,10,0.0007305936073059627,0.0,0.002191780821917888,inconclusive,-4.897319558223589e-05,-0.0001469195867467077,0.0,inconclusive,BG00722,release,average_utilization
both_flexible_vs_baseline,10,0.0009497716894977471,-1.826484018265795e-05,0.0021917808219179546,inconclusive,-7.790553897828456e-05,-0.00036947290542944656,0.00014371099541989895,inconclusive,BG00722,release,average_utilization
both_flexible_vs_horizon_only,10,0.0009497716894977471,-1.826484018265795e-05,0.002319634703196449,inconclusive,-7.790553897828456e-05,-0.00036947290542944656,0.00014371099541989895,inconclusive,BG00722,release,average_utilization
both_flexible_vs_reservation_only,10,0.00021917808219178435,-0.0005479452054795386,0.0012237442922375496,inconclusive,-2.8932343396048664e-05,-0.00036947290542944656,0.00029063058216660664,inconclusive,BG00722,release,average_utilization
reservation_only_vs_horizon_only,10,0.0007305936073059627,0.0,0.002191780821917888,inconclusive,-4.897319558223589e-05,-0.0001469195867467077,0.0,inconclusive,BG00722,release,average_utilization
horizon_only_vs_baseline,10,0.0,0.0,0.0,inconclusive,0.0,0.0,0.0,inconclusive,BG00723,release,average_utilization
reservation_only_vs_baseline,10,0.0,0.0,0.0,inconclusive,0.0,0.0,0.0,inconclusive,BG00723,release,average_utilization
both_flexible_vs_baseline,10,0.0,0.0,0.0,inconclusive,0.0,0.0,0.0,inconclusive,BG00723,release,average_utilization
both_flexible_vs_horizon_only,10,0.0,0.0,0.0,inconclusive,0.0,0.0,0.0,inconclusive,BG00723,release,average_utilization
both_flexible_vs_reservation_only,10,0.0,0.0,0.0,inconclusive,0.0,0.0,0.0,inconclusive,BG00723,release,average_utilization
reservation_only_vs_horizon_only,10,0.0,0.0,0.0,inconclusive,0.0,0.0,0.0,inconclusive,BG00723,release,average_utilization
horizon_only_vs_baseline,10,0.0288675799086748,0.026986073059359454,0.03089520547945134,supported,0.012772484641378173,0.008397371557145183,0.017873539925109434,supported,BG00724,release,average_utilization
reservation_only_vs_baseline,10,0.029552511415524185,0.028018036529679526,0.031187442922373604,supported,0.33902870083333514,0.3336162511302577,0.3450003339246974,supported,BG00724,release,average_utilization
both_flexible_vs_baseline,10,0.030200913242008087,0.02886735159817233,0.03169885844748805,supported,0.30012039418199316,0.29477403379594375,0.30526752834509613,supported,BG00724,release,average_utilization
both_flexible_vs_horizon_only,10,0.0013333333333332865,-3.652968036556153e-05,0.0029406392694064543,inconclusive,0.287347909540615,0.28368145306969067,0.29097087411522066,supported,BG00724,release,average_utilization
both_flexible_vs_reservation_only,10,0.000648401826483902,-0.0003105022831052079,0.0016073059360730124,inconclusive,-0.03890830665134194,-0.044243882135197754,-0.033486411631775514,contradicted,BG00724,release,average_utilization
reservation_only_vs_horizon_only,10,0.0006849315068493845,-0.0010047945205481877,0.0024657534246575828,inconclusive,0.326256216191957,0.32100674905860677,0.33177946138518016,supported,BG00724,release,average_utilization
horizon_only_vs_baseline,10,0.028885844748857213,0.027086757990866683,0.030703196347030594,supported,0.009655829866185888,0.007370367238140579,0.011925180245239742,supported,BG00725,release,average_utilization
reservation_only_vs_baseline,10,0.008520547945205204,0.005515981735159884,0.01165319634703175,supported,0.09520616388446435,0.09200103605988214,0.09836317071666292,supported,BG00725,release,average_utilization
both_flexible_vs_baseline,10,0.02909589041095778,0.027406392694063007,0.030821917808217778,supported,0.08675195284494783,0.08473615648401776,0.08884808545115938,supported,BG00725,release,average_utilization
both_flexible_vs_horizon_only,10,0.00021004566210056642,-0.00041095890410949355,0.0007856164383563405,inconclusive,0.07709612297876194,0.07561820934703835,0.0785400436695746,supported,BG00725,release,average_utilization
both_flexible_vs_reservation_only,10,0.02057534246575258,0.01859360730593535,0.022474885844747872,supported,-0.008454211039516513,-0.011512567056399074,-0.005105001721209817,contradicted,BG00725,release,average_utilization
reservation_only_vs_horizon_only,10,-0.02036529680365201,-0.022009132420090376,-0.018593607305935154,contradicted,0.08555033401827845,0.08249064456246503,0.08812815118629413,supported,BG00725,release,average_utilization
horizon_only_vs_baseline,10,0.02810958904109474,0.025881278538811676,0.03007305936072933,supported,0.009550508972909816,0.008107300653367924,0.0110260504652873,supported,BG00726,release,average_utilization
reservation_only_vs_baseline,10,9.132420091314541e-05,-0.0017353881278540163,0.0018538812785386174,inconclusive,-0.01845070479411081,-0.020675797021612943,-0.016330748074225094,contradicted,BG00726,release,average_utilization
both_flexible_vs_baseline,10,0.02810958904109474,0.02587214611872062,0.02996369863013576,supported,0.009550508972909816,0.00804469609683558,0.011043427016200183,supported,BG00726,release,average_utilization
both_flexible_vs_horizon_only,10,0.0,0.0,0.0,inconclusive,0.0,0.0,0.0,inconclusive,BG00726,release,average_utilization
both_flexible_vs_reservation_only,10,0.028018264840181595,0.026072831050227275,0.029853881278537404,supported,0.028001213767020628,0.025814586021935308,0.030210366408162714,supported,BG00726,release,average_utilization
reservation_only_vs_horizon_only,10,-0.028018264840181595,-0.02987214611872031,-0.026072831050227115,contradicted,-0.028001213767020628,-0.030206149104207096,-0.025901345556619222,contradicted,BG00726,release,average_utilization
horizon_only_vs_baseline,10,0.0,0.0,0.0,inconclusive,0.0,0.0,0.0,inconclusive,BG00727,release,average_utilization
reservation_only_vs_baseline,10,0.009305936073059051,0.007287442922374136,0.011223972602739472,supported,-0.05344479461812268,-0.0611673053415098,-0.045251063216119734,contradicted,BG00727,release,average_utilization
both_flexible_vs_baseline,10,0.010073059360730474,0.007972374429223661,0.012255707762556734,supported,-0.05360894645349386,-0.06190671915331842,-0.04504517979153955,contradicted,BG00727,release,average_utilization
both_flexible_vs_horizon_only,10,0.010073059360730474,0.007936073059361034,0.012246575342465208,supported,-0.05360894645349386,-0.061950897460240816,-0.04486919151482727,contradicted,BG00727,release,average_utilization
both_flexible_vs_reservation_only,10,0.0007671232876714229,-0.0014246575342461987,0.0027579908675801294,inconclusive,-0.00016415183537117352,-0.005771221310715214,0.006173078727589681,inconclusive,BG00727,release,average_utilization
reservation_only_vs_horizon_only,10,0.009305936073059051,0.007315068493150468,0.01125136986301339,supported,-0.05344479461812268,-0.06104746791378342,-0.04534885402287106,contradicted,BG00727,release,average_utilization
horizon_only_vs_baseline,10,0.003910958904109507,0.0019929794520545637,0.0058493150684931225,inconclusive,0.07810566015681035,0.07206432553683496,0.0847661731709649,supported,BG00728,release,average_utilization
reservation_only_vs_baseline,10,0.011904109589041034,0.008972602739726025,0.014917979452054822,supported,0.25199522020321197,0.24546349982362514,0.25807546297452416,supported,BG00728,release,average_utilization
both_flexible_vs_baseline,10,0.012301369863013834,0.009150513698630139,0.015143835616438757,supported,0.2590977762002779,0.2541479542389665,0.26439110368512586,supported,BG00728,release,average_utilization
both_flexible_vs_horizon_only,10,0.008390410958904327,0.005246575342465762,0.011520719178082636,supported,0.1809921160434676,0.17798276964619503,0.18401283957067088,supported,BG00728,release,average_utilization
both_flexible_vs_reservation_only,10,0.0003972602739727993,-0.002602910958903836,0.003500000000000074,inconclusive,0.0071025559970659844,0.0028329439599958086,0.011504201588348823,supported,BG00728,release,average_utilization
reservation_only_vs_horizon_only,10,0.007993150684931527,0.005616438356164111,0.01034263698630161,supported,0.17388956004640158,0.16980174668257983,0.17853069854641127,supported,BG00728,release,average_utilization
horizon_only_vs_baseline,10,0.0,0.0,0.0,inconclusive,0.0,0.0,0.0,inconclusive,BG00729,release,average_utilization
reservation_only_vs_baseline,10,0.0005022831050228605,0.0,0.0011780821917808603,inconclusive,-4.154955769763991e-06,-0.0005422461801043443,0.0005011734271184509,inconclusive,BG00729,release,average_utilization
both_flexible_vs_baseline,10,0.0005022831050228605,0.0,0.0011872146118722116,inconclusive,-4.154955769763991e-06,-0.000556550122942645,0.0005011734271184509,inconclusive,BG00729,release,average_utilization
both_flexible_vs_horizon_only,10,0.0005022831050228605,0.0,0.0012420091324200743,inconclusive,-4.154955769763991e-06,-0.0005422461801043443,0.0005011734271184509,inconclusive,BG00729,release,average_utilization
both_flexible_vs_reservation_only,10,0.0,0.0,0.0,inconclusive,0.0,0.0,0.0,inconclusive,BG00729,release,average_utilization
reservation_only_vs_horizon_only,10,0.0005022831050228605,0.0,0.0012511415525114256,inconclusive,-4.154955769763991e-06,-0.0005422461801043443,0.0005014271517951652,inconclusive,BG00729,release,average_utilization
horizon_only_vs_baseline,10,0.0011369863013696246,-0.00045222602739742126,0.002945205479451563,inconclusive,0.00013730133662567256,-0.0017491782143039681,0.0022690834598116808,inconclusive,BG00730,release,average_utilization
reservation_only_vs_baseline,10,0.03248630136986273,0.029719178082191364,0.03537003424657522,supported,0.11835858714047358,0.11600546183641455,0.12083633175795293,supported,BG00730,release,average_utilization
both_flexible_vs_baseline,10,0.03248630136986273,0.029739726027397047,0.03546575342465726,supported,0.11835858714047358,0.11616533760247492,0.1209464907515714,supported,BG00730,release,average_utilization
both_flexible_vs_horizon_only,10,0.03134931506849311,0.02902722602739709,0.0339659246575344,supported,0.11822128580384791,0.11616344504431683,0.12035164478856301,supported,BG00730,release,average_utilization
both_flexible_vs_reservation_only,10,0.0,0.0,0.0,inconclusive,0.0,0.0,0.0,inconclusive,BG00730,release,average_utilization
reservation_only_vs_horizon_only,10,0.03134931506849311,0.029068493150685312,0.033904280821917945,supported,0.11822128580384791,0.11617942871983865,0.12033823908101778,supported,BG00730,release,average_utilization
horizon_only_vs_baseline,10,0.0,0.0,0.0,inconclusive,0.0,0.0,0.0,inconclusive,BG00731,release,average_utilization
reservation_only_vs_baseline,10,0.0038356164383563595,-0.002438698630136717,0.010671232876712655,inconclusive,-0.0008637079067298937,-0.0027798318082599524,0.0008002413381442493,inconclusive,BG00731,release,average_utilization
both_flexible_vs_baseline,10,0.0038356164383563595,-0.002753595890410857,0.010472773972602899,inconclusive,-0.0008637079067298937,-0.002713188860414694,0.0008340395271641605,inconclusive,BG00731,release,average_utilization
both_flexible_vs_horizon_only,10,0.0038356164383563595,-0.0026164383561641654,0.010835787671233188,inconclusive,-0.0008637079067298937,-0.0027598409696695074,0.0008087187741604685,inconclusive,BG00731,release,average_utilization
both_flexible_vs_reservation_only,10,0.0,0.0,0.0,inconclusive,0.0,0.0,0.0,inconclusive,BG00731,release,average_utilization
reservation_only_vs_horizon_only,10,0.0038356164383563595,-0.002788013698630022,0.010650856164383937,inconclusive,-0.0008637079067298937,-0.0027269451360161126,0.0008081368346069838,inconclusive,BG00731,release,average_utilization
horizon_only_vs_baseline,10,0.0,0.0,0.0,inconclusive,0.0,0.0,0.0,inconclusive,BG00732,release,average_utilization
reservation_only_vs_baseline,10,0.004958904109589124,-0.0006438356164381607,0.010684931506849406,inconclusive,-0.002643269704562701,-0.00852790615311602,0.003172160159295551,inconclusive,BG00732,release,average_utilization
both_flexible_vs_baseline,10,0.004958904109589124,-0.0007811643835615305,0.010644863013698623,inconclusive,-0.002643269704562701,-0.008612477340162511,0.003257074254905581,inconclusive,BG00732,release,average_utilization
both_flexible_vs_horizon_only,10,0.004958904109589124,-0.0007948630136986222,0.010712671232876671,inconclusive,-0.002643269704562701,-0.008845464534698965,0.00303708485077291,inconclusive,BG00732,release,average_utilization
both_flexible_vs_reservation_only,10,0.0,0.0,0.0,inconclusive,0.0,0.0,0.0,inconclusive,BG00732,release,average_utilization
reservation_only_vs_horizon_only,10,0.004958904109589124,-0.0005616438356163544,0.010671232876712488,inconclusive,-0.002643269704562701,-0.008860019788539439,0.0030707414934037663,inconclusive,BG00732,release,average_utilization
horizon_only_vs_baseline,10,0.0,0.0,0.0,inconclusive,0.0,0.0,0.0,inconclusive,BG00733,release,average_utilization
reservation_only_vs_baseline,10,0.0,0.0,0.0,inconclusive,0.0,0.0,0.0,inconclusive,BG00733,release,average_utilization
both_flexible_vs_baseline,10,0.0,0.0,0.0,inconclusive,0.0,0.0,0.0,inconclusive,BG00733,release,average_utilization
both_flexible_vs_horizon_only,10,0.0,0.0,0.0,inconclusive,0.0,0.0,0.0,inconclusive,BG00733,release,average_utilization
both_flexible_vs_reservation_only,10,0.0,0.0,0.0,inconclusive,0.0,0.0,0.0,inconclusive,BG00733,release,average_utilization
reservation_only_vs_horizon_only,10,0.0,0.0,0.0,inconclusive,0.0,0.0,0.0,inconclusive,BG00733,release,average_utilization
horizon_only_vs_baseline,10,0.0,0.0,0.0,inconclusive,0.0,0.0,0.0,inconclusive,BG00734,release,average_utilization
reservation_only_vs_baseline,10,0.002397260273972601,0.0002808219178082794,0.004527397260274113,inconclusive,0.02011734986417555,0.014050218974517518,0.025979860857477246,supported,BG00734,release,average_utilization
both_flexible_vs_baseline,10,0.003006849315068294,0.0002808219178080681,0.005726369863013741,inconclusive,0.007999926146457437,0.0021723670318966877,0.013601295794159028,supported,BG00734,release,average_utilization
both_flexible_vs_horizon_only,10,0.003006849315068294,0.0003763698630134178,0.005856164383561475,inconclusive,0.007999926146457437,0.0021579410482204927,0.013577641957639825,supported,BG00734,release,average_utilization
both_flexible_vs_reservation_only,10,0.0006095890410956928,-0.0018150684931510063,0.0031508561643837896,inconclusive,-0.012117423717718113,-0.01600696506697033,-0.008582851266987995,contradicted,BG00734,release,average_utilization
reservation_only_vs_horizon_only,10,0.002397260273972601,0.0003287671232874656,0.004534417808219165,inconclusive,0.02011734986417555,0.014367515941110864,0.0258437217155445,supported,BG00734,release,average_utilization
horizon_only_vs_baseline,10,0.004431506849315014,0.0024655821917807467,0.006453082191780809,inconclusive,0.03944350377070905,0.03713992749575387,0.0417116678604383,supported,BG00735,release,average_utilization
reservation_only_vs_baseline,10,0.015390410958903889,0.011657363013698432,0.018548458904109336,supported,0.24455831109259388,0.24061599508652454,0.24811047798466446,supported,BG00735,release,average_utilization
both_flexible_vs_baseline,10,0.01540410958904107,0.012691780821917574,0.01795205479452056,supported,0.24102671436863599,0.23720421398678118,0.24447813182181524,supported,BG00735,release,average_utilization
both_flexible_vs_horizon_only,10,0.010972602739726056,0.008239554794520449,0.013616438356164384,supported,0.2015832105979269,0.19825282389646273,0.20499599446062744,supported,BG00735,release,average_utilization
both_flexible_vs_reservation_only,10,1.36986301371822e-05,-0.002712499999999696,0.002616609589041393,inconclusive,-0.0035315967239578972,-0.006319927507761083,-0.0012234730500576142,inconclusive,BG00735,release,average_utilization
reservation_only_vs_horizon_only,10,0.010958904109588875,0.008513698630136835,0.012876883561643727,supported,0.20511480732188478,0.20154519556509337,0.2078683789170455,supported,BG00735,release,average_utilization
horizon_only_vs_baseline,10,0.0,0.0,0.0,inconclusive,0.0,0.0,0.0,inconclusive,BG00736,release,average_utilization
reservation_only_vs_baseline,10,0.0011141552511415242,-0.0012057077625572215,0.003068493150684904,inconclusive,-0.0009297959252754784,-0.003714106132153477,0.0014181617168010849,inconclusive,BG00736,release,average_utilization
both_flexible_vs_baseline,10,0.0014246575342466538,-0.0020639269406391766,0.005169178082192177,inconclusive,0.0011473599604594265,-0.0028912586920666356,0.0045749094346051265,inconclusive,BG00736,release,average_utilization
both_flexible_vs_horizon_only,10,0.0014246575342466538,-0.001991324200913396,0.0051232876712327905,inconclusive,0.0011473599604594265,-0.002934344134918743,0.004525960652612238,inconclusive,BG00736,release,average_utilization
both_flexible_vs_reservation_only,10,0.0003105022831051296,-0.002356164383561677,0.0035995433789955517,inconclusive,0.002077155885734905,-0.0008883885186289019,0.005483962075786477,inconclusive,BG00736,release,average_utilization
reservation_only_vs_horizon_only,10,0.0011141552511415242,-0.001260273972602678,0.0031417808219176445,inconclusive,-0.0009297959252754784,-0.003792478663078376,0.0014255712136175996,inconclusive,BG00736,release,average_utilization
horizon_only_vs_baseline,10,0.00019178082191794176,-0.001445205479451573,0.0016714041095893728,inconclusive,0.00012930277610018193,-0.0018009668068789777,0.0020589182051234606,inconclusive,BG00737,release,average_utilization
reservation_only_vs_baseline,10,0.001904109589041325,0.0002532534246572602,0.003561643835616684,inconclusive,-0.0018070414721868433,-0.004982437323769175,0.0009430631853551197,inconclusive,BG00737,release,average_utilization
both_flexible_vs_baseline,10,0.0020136986301372726,0.00018476027397249995,0.004027568493151067,inconclusive,-0.0014219949890857842,-0.0051429293878786616,0.0023324881882181635,inconclusive,BG00737,release,average_utilization
both_flexible_vs_horizon_only,10,0.001821917808219331,0.0003630136986303537,0.0034452054794520447,inconclusive,-0.0015512977651859661,-0.005276450756818557,0.0020854868555763633,inconclusive,BG00737,release,average_utilization
both_flexible_vs_reservation_only,10,0.00010958904109594769,-0.002054794520547676,0.0024248287671233704,inconclusive,0.00038504648310105916,-0.004424723874644048,0.005334955406757923,inconclusive,BG00737,release,average_utilization
reservation_only_vs_horizon_only,10,0.0017123287671233834,-0.0001438356164380941,0.003561815068493359,inconclusive,-0.0019363442482870253,-0.005770195504319981,0.0014748585830205365,inconclusive,BG00737,release,average_utilization
horizon_only_vs_baseline,10,0.0,0.0,0.0,inconclusive,0.0,0.0,0.0,inconclusive,BG00738,release,average_utilization
reservation_only_vs_baseline,10,0.0018904109589043872,-0.0020068493150681623,0.005897431506849666,inconclusive,0.0021348965193745406,6.017841570757909e-05,0.004036351756070623,inconclusive,BG00738,release,average_utilization
both_flexible_vs_baseline,10,0.0023561643835618095,-0.00010976027397241732,0.004534246575342749,inconclusive,0.0012233593159095223,-8.091378664081934e-05,0.002587386613468674,inconclusive,BG00738,release,average_utilization
both_flexible_vs_horizon_only,10,0.0023561643835618095,-0.0001645547945204886,0.004520547945205623,inconclusive,0.0012233593159095223,-5.424394611458685e-05,0.0025848286174228944,inconclusive,BG00738,release,average_utilization
both_flexible_vs_reservation_only,10,0.0004657534246574224,-0.004370547945205654,0.005342636986301373,inconclusive,-0.0009115372034650182,-0.003825879421646583,0.002062162816563415,inconclusive,BG00738,release,average_utilization
reservation_only_vs_horizon_only,10,0.0018904109589043872,-0.002151198630136774,0.005760958904109685,inconclusive,0.0021348965193745406,0.00014084385340350976,0.003981258333000444,inconclusive,BG00738,release,average_utilization
horizon_only_vs_baseline,10,0.00027945205479457114,-0.000476712328767106,0.000980821917808439,inconclusive,0.00450871081884272,-0.0011801768881157452,0.010759046594940244,inconclusive,BG00739,release,average_utilization
reservation_only_vs_baseline,10,0.001435616438356091,0.00026287671232861053,0.0024767123287671726,inconclusive,0.009330079477766628,0.004218541357858803,0.015031160837710533,supported,BG00739,release,average_utilization
both_flexible_vs_baseline,10,0.001435616438356091,0.00028493150684922783,0.0024657534246575537,inconclusive,0.009330079477766628,0.004545862445977675,0.014798674445043737,supported,BG00739,release,average_utilization
both_flexible_vs_horizon_only,10,0.00115616438356152,2.178082191808488e-05,0.002328767123287324,inconclusive,0.004821368658923908,-0.0012756507642287572,0.010560797598127118,inconclusive,BG00739,release,average_utilization
both_flexible_vs_reservation_only,10,0.0,0.0,0.0,inconclusive,0.0,0.0,0.0,inconclusive,BG00739,release,average_utilization
reservation_only_vs_horizon_only,10,0.00115616438356152,-1.6575342465719967e-05,0.002339726027397019,inconclusive,0.004821368658923908,-0.0012226115432079103,0.010582523951399251,inconclusive,BG00739,release,average_utilization
horizon_only_vs_baseline,10,0.0,0.0,0.0,inconclusive,0.0,0.0,0.0,inconclusive,BG00740,release,average_utilization
reservation_only_vs_baseline,10,0.0010520547945205515,-0.0003015068493151024,0.00260821917808215,inconclusive,0.00021310886443188793,-0.0006418900642989864,0.0012394855758285912,inconclusive,BG00740,release,average_utilization
both_flexible_vs_baseline,10,0.0010520547945205515,-0.00026315068493152347,0.0026410958904109715,inconclusive,0.00021310886443188793,-0.0006716258840524505,0.001222161679197399,inconclusive,BG00740,release,average_utilization
both_flexible_vs_horizon_only,10,0.0010520547945205515,-0.00027945205479456,0.0025972602739725904,inconclusive,0.00021310886443188793,-0.0006698101880137024,0.0011886939029229502,inconclusive,BG00740,release,average_utilization
both_flexible_vs_reservation_only,10,0.0,0.0,0.0,inconclusive,0.0,0.0,0.0,inconclusive,BG00740,release,average_utilization
reservation_only_vs_horizon_only,10,0.0010520547945205515,-0.00026849315068493417,0.0026631506849315594,inconclusive,0.00021310886443188793,-0.0006465386884226043,0.001225607424934471,inconclusive,BG00740,release,average_utilization
horizon_only_vs_baseline,10,0.0,0.0,0.0,inconclusive,0.0,0.0,0.0,inconclusive,BG00741,release,average_utilization
reservation_only_vs_baseline,10,0.0007068493150684585,0.0,0.0015287671232875888,inconclusive,0.0001471953627421696,-0.0008885814878329734,0.0011835502330771242,inconclusive,BG00741,release,average_utilization
both_flexible_vs_baseline,10,0.0007068493150684585,0.0,0.001512328767123239,inconclusive,0.0001471953627421696,-0.0008885814878329734,0.0011835502330771242,inconclusive,BG00741,release,average_utilization
both_flexible_vs_horizon_only,10,0.0007068493150684585,0.0,0.0015013698630136462,inconclusive,0.0001471953627421696,-0.0008885814878329734,0.001256858904568303,inconclusive,BG00741,release,average_utilization
both_flexible_vs_reservation_only,10,0.0,0.0,0.0,inconclusive,0.0,0.0,0.0,inconclusive,BG00741,release,average_utilization
reservation_only_vs_horizon_only,10,0.0007068493150684585,0.0,0.0014412328767122288,inconclusive,0.0001471953627421696,-0.0008885814878329734,0.0011835502330771242,inconclusive,BG00741,release,average_utilization
horizon_only_vs_baseline,10,0.0,0.0,0.0,inconclusive,0.0,0.0,0.0,inconclusive,BG00742,release,average_utilization
reservation_only_vs_baseline,10,0.0015136986301368283,-0.00022619863013703244,0.003048116438356006,inconclusive,-0.002509828218537169,-0.005379155535638822,0.00043842636116528416,inconclusive,BG00742,release,average_utilization
both_flexible_vs_baseline,10,0.0029657534246571916,-0.00032893835616479815,0.006020547945205248,inconclusive,-0.017927873450040217,-0.021040720616421725,-0.015126052389662654,contradicted,BG00742,release,average_utilization
both_flexible_vs_horizon_only,10,0.0029657534246571916,-0.0005753424657537809,0.0060068493150683185,inconclusive,-0.017927873450040217,-0.021056981995746064,-0.015041399898813888,contradicted,BG00742,release,average_utilization
both_flexible_vs_reservation_only,10,0.0014520547945203633,-0.0013152397260277043,0.00419897260273954,inconclusive,-0.015418045231503048,-0.017411221640433704,-0.013226767697942822,contradicted,BG00742,release,average_utilization
reservation_only_vs_horizon_only,10,0.0015136986301368283,-0.00017808219178086087,0.0030821917808216753,inconclusive,-0.002509828218537169,-0.005295468030924857,0.00034703532057892824,inconclusive,BG00742,release,average_utilization
horizon_only_vs_baseline,10,0.0,0.0,0.0,inconclusive,0.0,0.0,0.0,inconclusive,BG00743,release,average_utilization
reservation_only_vs_baseline,10,0.0009109589041097266,-0.0005549657534245808,0.002253424657534089,inconclusive,0.05318423369349683,0.04857036443354141,0.05786208422452904,supported,BG00743,release,average_utilization
both_flexible_vs_baseline,10,0.0011780821917809047,1.657007864253049e-16,0.0024659246575344266,inconclusive,0.059025315675799286,0.05420691051627742,0.06459009625607845,supported,BG00743,release,average_utilization
both_flexible_vs_horizon_only,10,0.0011780821917809047,2.9559688030644937e-16,0.002520547945205191,inconclusive,0.059025315675799286,0.05422269574195443,0.06466144815510373,supported,BG00743,release,average_utilization
both_flexible_vs_reservation_only,10,0.0002671232876711782,-0.0015823630136985374,0.0020958904109585814,inconclusive,0.005841081982302454,0.0013413723664279665,0.010686302956516701,supported,BG00743,release,average_utilization
reservation_only_vs_horizon_only,10,0.0009109589041097266,-0.0005003424657531871,0.002287842465753634,inconclusive,0.05318423369349683,0.04841333401479685,0.05786928156853446,supported,BG00743,release,average_utilization
horizon_only_vs_baseline,10,0.0,0.0,0.0,inconclusive,0.0,0.0,0.0,inconclusive,BG00744,release,average_utilization
reservation_only_vs_baseline,10,0.002800000000000036,0.0001534246575343956,0.00629068493150683,inconclusive,0.0001295235387260729,-0.0018336936578843004,0.002078405244876631,inconclusive,BG00744,release,average_utilization
both_flexible_vs_baseline,10,0.002800000000000036,0.00019164383561653042,0.006307260273972662,inconclusive,0.0001295235387260729,-0.0017985118782246241,0.0021626722565143927,inconclusive,BG00744,release,average_utilization
both_flexible_vs_horizon_only,10,0.002800000000000036,0.00018630136986317187,0.006389178082191772,inconclusive,0.0001295235387260729,-0.0017833623026253607,0.002034341131352533,inconclusive,BG00744,release,average_utilization
both_flexible_vs_reservation_only,10,0.0,0.0,0.0,inconclusive,0.0,0.0,0.0,inconclusive,BG00744,release,average_utilization
reservation_only_vs_horizon_only,10,0.002800000000000036,0.00015342465753440644,0.006290410958904091,inconclusive,0.0001295235387260729,-0.0017833899637872365,0.0020814045525139463,inconclusive,BG00744,release,average_utilization
horizon_only_vs_baseline,10,0.006164383561643871,0.002616095890411188,0.009383904109588817,supported,-0.0011432605817737972,-0.008315782427343198,0.00518876428164195,inconclusive,BG00745,release,average_utilization
reservation_only_vs_baseline,10,0.006246575342465499,0.0025883561643832292,0.00968493150684885,supported,-0.14189228594717956,-0.15024851538115552,-0.1333168256945486,contradicted,BG00745,release,average_utilization
both_flexible_vs_baseline,10,0.006479452054794266,0.0029726027397262247,0.009643835616437694,supported,-0.12629944061464932,-0.1340039724274488,-0.11776449772961195,contradicted,BG00745,release,average_utilization
both_flexible_vs_horizon_only,10,0.00031506849315039444,-0.0018493150684934857,0.0023150684931502654,inconclusive,-0.12515618003287554,-0.13140178853495238,-0.11907961402943096,contradicted,BG00745,release,average_utilization
both_flexible_vs_reservation_only,10,0.00023287671232876672,-0.001835958904109912,0.0021510273972605576,inconclusive,0.015592845332530242,0.00990357472935003,0.020847742730126646,supported,BG00745,release,average_utilization
reservation_only_vs_horizon_only,10,8.21917808216277e-05,-0.0020000000000002945,0.0018356164383556178,inconclusive,-0.14074902536540576,-0.14824673778199615,-0.13452922295955605,contradicted,BG00745,release,average_utilization
horizon_only_vs_baseline,10,0.0,0.0,0.0,inconclusive,0.0,0.0,0.0,inconclusive,BG00746,release,average_utilization
reservation_only_vs_baseline,10,0.0032420091324199206,0.0006940639269406134,0.006255707762556483,inconclusive,0.001515846783362884,9.86748491256276e-05,0.0031521438663227683,inconclusive,BG00746,release,average_utilization
both_flexible_vs_baseline,10,0.0032420091324199206,0.0007031963470319647,0.006210502283104865,inconclusive,0.0015044153520297975,7.526496695852341e-05,0.0032121353045482855,inconclusive,BG00746,release,average_utilization
both_flexible_vs_horizon_only,10,0.0032420091324199206,0.0006757990867579999,0.006173744292237095,inconclusive,0.0015044153520297975,6.592346106770509e-05,0.0031398875880096384,inconclusive,BG00746,release,average_utilization
both_flexible_vs_reservation_only,10,0.0,0.0,0.0,inconclusive,-1.143143133308655e-05,-3.429429399925965e-05,0.0,inconclusive,BG00746,release,average_utilization
reservation_only_vs_horizon_only,10,0.0032420091324199206,0.0006757990867580111,0.0062557077625566,inconclusive,0.001515846783362884,9.187428095749657e-05,0.00311914107766461,inconclusive,BG00746,release,average_utilization
horizon_only_vs_baseline,10,0.0009109589041094712,-0.0008561643835617322,0.0028768835616436884,inconclusive,0.0007927362915973235,-0.0018827399359267246,0.003283270929600224,inconclusive,BG00747,release,average_utilization
reservation_only_vs_baseline,10,0.038547945205479314,0.03685599315068485,0.04026729452054816,supported,0.0016692214473222778,-0.0006026699262038753,0.0037981414069490635,inconclusive,BG00747,release,average_utilization
both_flexible_vs_baseline,10,0.038547945205479314,0.03682174657534223,0.04019863013698611,supported,0.0016692214473222778,-0.000764090994419322,0.003738822173775641,inconclusive,BG00747,release,average_utilization
both_flexible_vs_horizon_only,10,0.03763698630136984,0.035356164383561636,0.03967825342465781,supported,0.0008764851557249542,-0.0003252020569569963,0.0020168683754222152,inconclusive,BG00747,release,average_utilization
both_flexible_vs_reservation_only,10,0.0,0.0,0.0,inconclusive,0.0,0.0,0.0,inconclusive,BG00747,release,average_utilization
reservation_only_vs_horizon_only,10,0.03763698630136984,0.035424657534246354,0.03966455479452085,supported,0.0008764851557249542,-0.0003131593220483482,0.00203279990040656,inconclusive,BG00747,release,average_utilization
horizon_only_vs_baseline,10,0.001013698630136306,-0.0008769406392699316,0.0027945205479445252,inconclusive,0.0030190489214424908,0.00018654057337015673,0.005564677607297494,inconclusive,BG00748,release,average_utilization
reservation_only_vs_baseline,10,0.0006484018264837687,-0.00128767123287702,0.0028584474885842265,inconclusive,0.007118267149946111,0.0034364399723836557,0.010906670814623485,supported,BG00748,release,average_utilization
both_flexible_vs_baseline,10,0.001013698630136306,-0.0009410958904116982,0.0027947488584470206,inconclusive,0.0030190489214424908,0.00032654997229454965,0.005643156680054028,inconclusive,BG00748,release,average_utilization
both_flexible_vs_horizon_only,10,0.0,0.0,0.0,inconclusive,0.0,0.0,0.0,inconclusive,BG00748,release,average_utilization
both_flexible_vs_reservation_only,10,0.00036529680365253724,-0.0024109589041098074,0.003114155251140639,inconclusive,-0.0040992182285036205,-0.0077479908626693,-0.0007271162945283122,inconclusive,BG00748,release,average_utilization
reservation_only_vs_horizon_only,10,-0.00036529680365253724,-0.0031872146118717137,0.0023105022831050874,inconclusive,0.0040992182285036205,0.0006434365618871719,0.007818540101516515,inconclusive,BG00748,release,average_utilization
horizon_only_vs_baseline,10,0.0,0.0,0.0,inconclusive,0.0,0.0,0.0,inconclusive,BG00749,release,average_utilization
reservation_only_vs_baseline,10,0.0077465753424659336,0.004863013698630667,0.010705479452055078,supported,-0.0876299234281186,-0.09248669638277537,-0.08387479623505284,contradicted,BG00749,release,average_utilization
both_flexible_vs_baseline,10,0.0077465753424659336,0.0047327054794524285,0.010732876712328502,supported,-0.0876299234281186,-0.09246290298900427,-0.08401449388909951,contradicted,BG00749,release,average_utilization
both_flexible_vs_horizon_only,10,0.0077465753424659336,0.004739726027397491,0.010788013698630264,supported,-0.0876299234281186,-0.09252464741884019,-0.08407998917634742,contradicted,BG00749,release,average_utilization
both_flexible_vs_reservation_only,10,0.0,0.0,0.0,inconclusive,0.0,0.0,0.0,inconclusive,BG00749,release,average_utilization
reservation_only_vs_horizon_only,10,0.0077465753424659336,0.004705308219178153,0.010767636986301605,supported,-0.0876299234281186,-0.09249546038792279,-0.08394579496011266,contradicted,BG00749,release,average_utilization
horizon_only_vs_baseline,10,0.043954337899542006,0.04217351598173373,0.045872146118720133,supported,0.022765877189687887,0.020018520291053755,0.02562673481093634,supported,BG00750,release,average_utilization
reservation_only_vs_baseline,10,0.029817351598172726,0.027168493150683926,0.03221027397260222,supported,-0.003309865322882144,-0.006927985281786552,0.0007114852426807294,inconclusive,BG00750,release,average_utilization
both_flexible_vs_baseline,10,0.044575342465752024,0.0424748858447474,0.04694086757990732,supported,0.023403214040126574,0.02072141983607686,0.025927188995802826,supported,BG00750,release,average_utilization
both_flexible_vs_horizon_only,10,0.0006210045662100149,-0.0006940639269406357,0.0022105022831050126,inconclusive,0.0006373368504386856,-0.0018877853008475718,0.0029997674872330998,inconclusive,BG00750,release,average_utilization
both_flexible_vs_reservation_only,10,0.014757990867579295,0.012611643835615919,0.016922602739725543,supported,0.026713079363008718,0.02320284796439848,0.03018990499310762,supported,BG00750,release,average_utilization
reservation_only_vs_horizon_only,10,-0.014136986301369281,-0.01575342465753337,-0.012648401826483587,contradicted,-0.026075742512570034,-0.0293784012409982,-0.02233450197068069,contradicted,BG00750,release,average_utilization
horizon_only_vs_baseline,10,0.001232876712328712,-0.0008219178082187823,0.0032743150684931494,inconclusive,0.0041987842930346075,-0.0010513325283571233,0.009092373389076997,inconclusive,BG00751,release,average_utilization
reservation_only_vs_baseline,10,0.001246575342465417,1.3698630136915468e-05,0.002506849315068061,inconclusive,-0.021802304474654456,-0.02985260534006138,-0.01248284577089462,contradicted,BG00751,release,average_utilization
both_flexible_vs_baseline,10,0.0020547945205477204,-0.0004931506849314016,0.004452397260273895,inconclusive,0.001245231994342788,-0.0036439453206731955,0.006616285401494567,inconclusive,BG00751,release,average_utilization
both_flexible_vs_horizon_only,10,0.0008219178082190081,-0.00032876712328809094,0.0019589041095888662,inconclusive,-0.0029535522986918195,-0.005636718746129581,-0.0004660624679437259,inconclusive,BG00751,release,average_utilization
both_flexible_vs_reservation_only,10,0.0008082191780823033,-0.001890410958903966,0.0033565068493152063,inconclusive,0.023047536468997244,0.016278638812183308,0.029908869641477664,supported,BG00751,release,average_utilization
reservation_only_vs_horizon_only,10,1.3698630136704804e-05,-0.0022054794520547046,0.002123287671232726,inconclusive,-0.026001088767689064,-0.03409065478435873,-0.018341813470432834,contradicted,BG00751,release,average_utilization
horizon_only_vs_baseline,10,0.0,0.0,0.0,inconclusive,0.0,0.0,0.0,inconclusive,BG00752,release,average_utilization
reservation_only_vs_baseline,10,0.0007054794520544693,-0.0006164383561644302,0.0020892123287669997,inconclusive,0.0005895162223898854,-0.001387695278161651,0.002607344630460579,inconclusive,BG00752,release,average_utilization
both_flexible_vs_baseline,10,0.0007054794520544693,-0.000589212328767433,0.0021164383561639304,inconclusive,0.0005895162223898854,-0.0013908890394877678,0.002589336970852633,inconclusive,BG00752,release,average_utilization
both_flexible_vs_horizon_only,10,0.0007054794520544693,-0.000568664383561983,0.002109589041095296,inconclusive,0.0005895162223898854,-0.0013938746510666394,0.002594622677990326,inconclusive,BG00752,release,average_utilization
both_flexible_vs_reservation_only,10,0.0,0.0,0.0,inconclusive,0.0,0.0,0.0,inconclusive,BG00752,release,average_utilization
reservation_only_vs_horizon_only,10,0.0007054794520544693,-0.0006027397260278503,0.0021301369863009497,inconclusive,0.0005895162223898854,-0.0014270636597308517,0.0025685513430598428,inconclusive,BG00752,release,average_utilization
horizon_only_vs_baseline,10,0.0,0.0,0.0,inconclusive,0.0,0.0,0.0,inconclusive,BG00753,release,average_utilization
reservation_only_vs_baseline,10,0.004123287671232978,-5.479452054782036e-05,0.0088767123287673,inconclusive,-0.0010173781012785988,-0.005781957258691606,0.003163477327133022,inconclusive,BG00753,release,average_utilization
both_flexible_vs_baseline,10,0.004123287671232978,0.00015034246575338622,0.008849657534246769,inconclusive,-0.0010173781012785988,-0.005724479100002954,0.003378552045343098,inconclusive,BG00753,release,average_utilization
both_flexible_vs_horizon_only,10,0.004123287671232978,0.00019178082191797312,0.008904794520548103,inconclusive,-0.0010173781012785988,-0.005902692218621566,0.0032947159063672618,inconclusive,BG00753,release,average_utilization
both_flexible_vs_reservation_only,10,0.0,0.0,0.0,inconclusive,0.0,0.0,0.0,inconclusive,BG00753,release,average_utilization
reservation_only_vs_horizon_only,10,0.004123287671232978,4.1095890411045885e-05,0.009164383561643985,inconclusive,-0.0010173781012785988,-0.0058170717937766365,0.0032427759987607987,inconclusive,BG00753,release,average_utilization
horizon_only_vs_baseline,10,0.0,0.0,0.0,inconclusive,0.0,0.0,0.0,inconclusive,BG00754,release,average_utilization
reservation_only_vs_baseline,10,0.0007305936073059294,0.0,0.0016803652968036431,inconclusive,-0.0003093345474868281,-0.0011293112980563236,0.0002146350404013897,inconclusive,BG00754,release,average_utilization
both_flexible_vs_baseline,10,0.0007305936073059294,-9.132420091328975e-06,0.0016803652968036431,inconclusive,-0.0003093345474868281,-0.0011333160110422846,0.0002146350404013897,inconclusive,BG00754,release,average_utilization
both_flexible_vs_horizon_only,10,0.0007305936073059294,0.0,0.0016803652968036431,inconclusive,-0.0003093345474868281,-0.0011350886639868274,0.00021863975338735076,inconclusive,BG00754,release,average_utilization
both_flexible_vs_reservation_only,10,0.0,0.0,0.0,inconclusive,0.0,0.0,0.0,inconclusive,BG00754,release,average_utilization
reservation_only_vs_horizon_only,10,0.0007305936073059294,0.0,0.0016712328767123253,inconclusive,-0.0003093345474868281,-0.0011333160110422846,0.00021863975338735076,inconclusive,BG00754,release,average_utilization
horizon_only_vs_baseline,10,0.07193150684931512,0.06790410958904118,0.07648013698630181,supported,0.08277135967440466,0.08010766560975209,0.08553156221753727,supported,BG00755,release,average_utilization
reservation_only_vs_baseline,10,0.16135616438356165,0.15813664383561632,0.16454828767123295,supported,0.2962578863405928,0.2931122411699134,0.29972425539344055,supported,BG00755,release,average_utilization
both_flexible_vs_baseline,10,0.1623287671232876,0.1595479452054791,0.1655342465753422,supported,0.29412520653522634,0.2920770255092333,0.2963427554190574,supported,BG00755,release,average_utilization
both_flexible_vs_horizon_only,10,0.09039726027397245,0.08563013698630134,0.09505479452054762,supported,0.21135384686082173,0.20827475921127525,0.21457006274511548,supported,BG00755,release,average_utilization
both_flexible_vs_reservation_only,10,0.0009726027397258918,-0.0031510273972602636,0.005479794520547645,inconclusive,-0.002132679805366422,-0.005013537504222976,0.0007276886221783883,inconclusive,BG00755,release,average_utilization
reservation_only_vs_horizon_only,10,0.08942465753424655,0.08475342465753426,0.0939866438356163,supported,0.21348652666618814,0.21097082964586686,0.21612737282715588,supported,BG00755,release,average_utilization
horizon_only_vs_baseline,10,0.0,0.0,0.0,inconclusive,0.0,0.0,0.0,inconclusive,BG00756,release,average_utilization
reservation_only_vs_baseline,10,0.0007068493150684918,0.00013136986301363345,0.0015616438356163226,inconclusive,0.00034211820770448933,-0.0009408796902825963,0.0012707555420941117,inconclusive,BG00756,release,average_utilization
both_flexible_vs_baseline,10,0.001693150684931477,-0.0001863013698627636,0.0036110958904109086,inconclusive,-0.0011370514802755195,-0.0038065128824031173,0.001660124044249457,inconclusive,BG00756,release,average_utilization
both_flexible_vs_horizon_only,10,0.001693150684931477,-0.00013698630136971563,0.003611095890410854,inconclusive,-0.0011370514802755195,-0.0038733995930991215,0.0016194639261098564,inconclusive,BG00756,release,average_utilization
both_flexible_vs_reservation_only,10,0.0009863013698629853,-0.0008602739726028352,0.0030082191780819957,inconclusive,-0.0014791696879800087,-0.004539718338242512,0.00149111266521723,inconclusive,BG00756,release,average_utilization
reservation_only_vs_horizon_only,10,0.0007068493150684918,0.00012054794520550693,0.0015726027397258819,inconclusive,0.00034211820770448933,-0.000923587932640085,0.0012688450071051106,inconclusive,BG00756,release,average_utilization
horizon_only_vs_baseline,10,0.0,0.0,0.0,inconclusive,0.0,0.0,0.0,inconclusive,BG00757,release,average_utilization
reservation_only_vs_baseline,10,0.0008493150684931283,-1.0958904109586997e-05,0.0024273972602739226,inconclusive,0.00031894928727277394,8.539275768797428e-05,0.0005792510906178917,inconclusive,BG00757,release,average_utilization
both_flexible_vs_baseline,10,0.0008493150684931283,-1.0958904109586997e-05,0.0024383561643835094,inconclusive,0.00031894928727277394,7.176021681841727e-05,0.0005823484345681318,inconclusive,BG00757,release,average_utilization
both_flexible_vs_horizon_only,10,0.0008493150684931283,-1.0958904109586997e-05,0.0024383561643835094,inconclusive,0.00031894928727277394,7.176021681841727e-05,0.0005857874225242343,inconclusive,BG00757,release,average_utilization
both_flexible_vs_reservation_only,10,0.0,0.0,0.0,inconclusive,0.0,0.0,0.0,inconclusive,BG00757,release,average_utilization
reservation_only_vs_horizon_only,10,0.0008493150684931283,-1.0958904109586997e-05,0.0024383561643835094,inconclusive,0.00031894928727277394,8.070852073578496e-05,0.0005763551525307387,inconclusive,BG00757,release,average_utilization
horizon_only_vs_baseline,10,0.03288584474885851,0.02974383561643856,0.03585388127853889,supported,0.046493796096328324,0.04418406873001797,0.04886141226234427,supported,BG00758,release,average_utilization
reservation_only_vs_baseline,10,0.060520547945204874,0.05705022831050151,0.06393630136986261,supported,0.13590728517269873,0.13319474943961213,0.139024146842032,supported,BG00758,release,average_utilization
both_flexible_vs_baseline,10,0.060520547945204874,0.05705913242009029,0.06383630136986261,supported,0.13590728517269873,0.13325632441241803,0.13890271102466953,supported,BG00758,release,average_utilization
both_flexible_vs_horizon_only,10,0.027634703196346366,0.025415296803652405,0.029872374429223168,supported,0.08941348907637044,0.0856715810994196,0.09287856034452509,supported,BG00758,release,average_utilization
both_flexible_vs_reservation_only,10,0.0,0.0,0.0,inconclusive,0.0,0.0,0.0,inconclusive,BG00758,release,average_utilization
reservation_only_vs_horizon_only,10,0.027634703196346366,0.02545182648401755,0.029835616438355483,supported,0.08941348907637044,0.08567417475639856,0.09277355256329917,supported,BG00758,release,average_utilization
horizon_only_vs_baseline,10,0.0017972602739725785,0.0004986301369862303,0.0034191780821916243,inconclusive,-0.019835628704271514,-0.022212180120158142,-0.017370235594747353,contradicted,BG00759,release,average_utilization
reservation_only_vs_baseline,10,0.003928767123287746,0.0019504109589039852,0.006027534246575513,inconclusive,-0.09797695418088637,-0.10048718846667608,-0.09555258216570676,contradicted,BG00759,release,average_utilization
both_flexible_vs_baseline,10,0.004860273972602913,0.003424520547945065,0.006498767123288417,inconclusive,-0.09745211659778732,-0.09942367861442201,-0.09588655844071434,contradicted,BG00759,release,average_utilization
both_flexible_vs_horizon_only,10,0.003063013698630335,0.002093013698630217,0.003983561643835522,inconclusive,-0.0776164878935158,-0.07977050277437611,-0.07538350137017016,contradicted,BG00759,release,average_utilization
both_flexible_vs_reservation_only,10,0.0009315068493151668,-0.00040013698630112947,0.002191780821917811,inconclusive,0.0005248375830990415,-0.002215032881966,0.0034188040108168376,inconclusive,BG00759,release,average_utilization
reservation_only_vs_horizon_only,10,0.0021315068493151677,0.00048753424657527444,0.003463150684931824,inconclusive,-0.07814132547661486,-0.08116186573074582,-0.07551827496859428,contradicted,BG00759,release,average_utilization
horizon_only_vs_baseline,10,0.0,0.0,0.0,inconclusive,0.0,0.0,0.0,inconclusive,BG00760,release,average_utilization
reservation_only_vs_baseline,10,0.0,0.0,0.0,inconclusive,0.0,0.0,0.0,inconclusive,BG00760,release,average_utilization
both_flexible_vs_baseline,10,0.0011232876712329088,-0.0016027397260273168,0.0036575342465754806,inconclusive,0.0006969391349179732,-0.0007127140541428748,0.002095072131250198,inconclusive,BG00760,release,average_utilization
both_flexible_vs_horizon_only,10,0.0011232876712329088,-0.0017811643835616963,0.003753424657534388,inconclusive,0.0006969391349179732,-0.00067928740690305,0.0021367415947684647,inconclusive,BG00760,release,average_utilization
both_flexible_vs_reservation_only,10,0.0011232876712329088,-0.0016575342465753884,0.0038085616438358425,inconclusive,0.0006969391349179732,-0.0006479730590725582,0.0021377215057264577,inconclusive,BG00760,release,average_utilization
reservation_only_vs_horizon_only,10,0.0,0.0,0.0,inconclusive,0.0,0.0,0.0,inconclusive,BG00760,release,average_utilization
horizon_only_vs_baseline,10,0.0017534246575340196,-0.0006097602739728261,0.004247089041095858,inconclusive,0.0016928804984360113,-0.0037295095553584665,0.007161770959424333,inconclusive,BG00761,release,average_utilization
reservation_only_vs_baseline,10,0.013239726027397213,0.010308047945205562,0.015972945205479705,supported,0.06330735394076027,0.05919568661075662,0.06750651704743295,supported,BG00761,release,average_utilization
both_flexible_vs_baseline,10,0.014924657534246589,0.013198458904109768,0.016561643835615963,supported,0.0595489282357606,0.05640839865377623,0.06270802843235351,supported,BG00761,release,average_utilization
both_flexible_vs_horizon_only,10,0.013171232876712569,0.009958904109589438,0.015856506849315027,supported,0.05785604773732459,0.05493997260961716,0.06110190540949491,supported,BG00761,release,average_utilization
both_flexible_vs_reservation_only,10,0.0016849315068493743,-0.0011921232876711846,0.004890410958904008,inconclusive,-0.003758425704999668,-0.0064736779573750704,-0.0007205695538353196,inconclusive,BG00761,release,average_utilization
reservation_only_vs_horizon_only,10,0.011486301369863195,0.009123287671232756,0.013924828767123554,supported,0.06161447344232426,0.05740044926121438,0.06617798255732978,supported,BG00761,release,average_utilization
horizon_only_vs_baseline,10,0.0,0.0,0.0,inconclusive,0.0,0.0,0.0,inconclusive,BG00762,release,average_utilization
reservation_only_vs_baseline,10,0.0006986301369864001,-0.0003904109589042223,0.001746746575342782,inconclusive,-0.013351933515236825,-0.017671078804613174,-0.00890410625476371,contradicted,BG00762,release,average_utilization
both_flexible_vs_baseline,10,0.0006986301369864001,-0.00041780821917785423,0.00171232876712345,inconclusive,-0.013351933515236825,-0.017631184024683413,-0.008873081372503937,contradicted,BG00762,release,average_utilization
both_flexible_vs_horizon_only,10,0.0006986301369864001,-0.0005273972602742577,0.001712328767123552,inconclusive,-0.013351933515236825,-0.017538243738441973,-0.008863696657791797,contradicted,BG00762,release,average_utilization
both_flexible_vs_reservation_only,10,0.0,0.0,0.0,inconclusive,0.0,0.0,0.0,inconclusive,BG00762,release,average_utilization
reservation_only_vs_horizon_only,10,0.0006986301369864001,-0.00046592465753459984,0.0017191780821919974,inconclusive,-0.013351933515236825,-0.0174704455352254,-0.008607330187864026,contradicted,BG00762,release,average_utilization
horizon_only_vs_baseline,10,0.00035068493150657297,-0.0020219178082193983,0.002854931506848957,inconclusive,-0.001555328685096813,-0.005030913575087979,0.001806832636594946,inconclusive,BG00763,release,average_utilization
reservation_only_vs_baseline,10,0.00030684931506838045,-0.0011561643835616379,0.0017753424657534164,inconclusive,0.00037976313760315075,-0.001849271141099634,0.002242973779278645,inconclusive,BG00763,release,average_utilization
both_flexible_vs_baseline,10,0.00035068493150657297,-0.0020438356164383946,0.0028001369863010516,inconclusive,-0.001555328685096813,-0.004819007787053866,0.0017402417074850226,inconclusive,BG00763,release,average_utilization
both_flexible_vs_horizon_only,10,0.0,0.0,0.0,inconclusive,0.0,0.0,0.0,inconclusive,BG00763,release,average_utilization
both_flexible_vs_reservation_only,10,4.383561643819256e-05,-0.0025479452054792545,0.0029534246575338694,inconclusive,-0.0019350918226999636,-0.0046912960309457505,0.0006918851154748303,inconclusive,BG00763,release,average_utilization
reservation_only_vs_horizon_only,10,-4.383561643819256e-05,-0.0029536986301367104,0.0027290410958904854,inconclusive,0.0019350918226999636,-0.0007013631624686716,0.004688464690782278,inconclusive,BG00763,release,average_utilization
horizon_only_vs_baseline,10,0.0007808219178081944,-0.0006647260273971766,0.0021712328767124495,inconclusive,0.014592174695132559,0.012158926003541319,0.017197979252814414,supported,BG00764,release,average_utilization
reservation_only_vs_baseline,10,0.0007534246575341297,-0.00047945205479448525,0.0019520547945206634,inconclusive,0.0005649104190295462,-0.0024953129294226686,0.00369485110253912,inconclusive,BG00764,release,average_utilization
both_flexible_vs_baseline,10,0.0015753424657532933,-0.00015770547945269685,0.0031643835616440826,inconclusive,-0.009881102049500124,-0.012173322553800082,-0.007498297930232628,contradicted,BG00764,release,average_utilization
both_flexible_vs_horizon_only,10,0.000794520547945099,-0.0006301369863012885,0.0021715753424659564,inconclusive,-0.024473276744632684,-0.02610687955044753,-0.02283317613377663,contradicted,BG00764,release,average_utilization
both_flexible_vs_reservation_only,10,0.0008219178082191636,-0.0002602739726025996,0.0021232876712334093,inconclusive,-0.01044601246852967,-0.012947473722315495,-0.007861134120247217,contradicted,BG00764,release,average_utilization
reservation_only_vs_horizon_only,10,-2.739726027406464e-05,-0.0016369863013697412,0.0013357876712327956,inconclusive,-0.014027264276103013,-0.01566157009254855,-0.012215533490247133,contradicted,BG00764,release,average_utilization
horizon_only_vs_baseline,10,0.0,0.0,0.0,inconclusive,0.0,0.0,0.0,inconclusive,BG00765,release,average_utilization
reservation_only_vs_baseline,10,0.0010502283105022435,-0.002402054794520646,0.004511415525114107,inconclusive,-0.0035312860455363635,-0.005217600672594896,-0.0018244923952872025,inconclusive,BG00765,release,average_utilization
both_flexible_vs_baseline,10,0.001552511415524993,-0.0017171232876715195,0.005095890410958463,inconclusive,-0.0020552855949786176,-0.00698714645585761,0.003186239624802054,inconclusive,BG00765,release,average_utilization
both_flexible_vs_horizon_only,10,0.001552511415524993,-0.0017171232876713955,0.005004794520547748,inconclusive,-0.0020552855949786176,-0.006990859028218819,0.003026641614636927,inconclusive,BG00765,release,average_utilization
both_flexible_vs_reservation_only,10,0.0005022831050227495,-0.003105251141552635,0.0040732876712326746,inconclusive,0.0014760004505577462,-0.0035387544630682546,0.007223663581756163,inconclusive,BG00765,release,average_utilization
reservation_only_vs_horizon_only,10,0.0010502283105022435,-0.002383561643835864,0.0044568493150684,inconclusive,-0.0035312860455363635,-0.005208016292434924,-0.0018546950416143666,inconclusive,BG00765,release,average_utilization
horizon_only_vs_baseline,10,0.0021027397260271253,-0.00021267123287675122,0.00429469178082138,inconclusive,-0.0016851009036068288,-0.006018166593837295,0.002601460729363018,inconclusive,BG00766,release,average_utilization
reservation_only_vs_baseline,10,0.01959589041095903,0.017136815068493412,0.021863013698630102,supported,-0.10686193337217728,-0.11137371615283474,-0.10246618229936749,contradicted,BG00766,release,average_utilization
both_flexible_vs_baseline,10,0.01959589041095903,0.017061301369863432,0.021877054794520956,supported,-0.10686193337217728,-0.1115479973759535,-0.10255938452488646,contradicted,BG00766,release,average_utilization
both_flexible_vs_horizon_only,10,0.017493150684931902,0.015273458904109935,0.019438527397260933,supported,-0.10517683246857046,-0.10954905456547383,-0.10066080189423875,contradicted,BG00766,release,average_utilization
both_flexible_vs_reservation_only,10,0.0,0.0,0.0,inconclusive,0.0,0.0,0.0,inconclusive,BG00766,release,average_utilization
reservation_only_vs_horizon_only,10,0.017493150684931902,0.015273801369863334,0.019500171232877162,supported,-0.10517683246857046,-0.10954170011311448,-0.10067880220588742,contradicted,BG00766,release,average_utilization
horizon_only_vs_baseline,10,0.0,0.0,0.0,inconclusive,0.0,0.0,0.0,inconclusive,BG00767,release,average_utilization
reservation_only_vs_baseline,10,0.0020684931506846803,0.00017808219178090253,0.0041099315068486904,inconclusive,0.0008992473894013254,-0.0011890642720631319,0.003428301974191324,inconclusive,BG00767,release,average_utilization
both_flexible_vs_baseline,10,0.0031095890410957503,0.0010130136986301636,0.004931849315068315,inconclusive,0.004295460619275776,0.0023954693810280744,0.006060828775510392,inconclusive,BG00767,release,average_utilization
both_flexible_vs_horizon_only,10,0.0031095890410957503,0.0009999999999999547,0.004999999999999684,inconclusive,0.004295460619275776,0.002380182405264537,0.006078230979245158,inconclusive,BG00767,release,average_utilization
both_flexible_vs_reservation_only,10,0.00104109589041107,-0.0011369863013695272,0.0032602739726026488,inconclusive,0.0033962132298744506,0.000682369813987356,0.006027533596559681,inconclusive,BG00767,release,average_utilization
reservation_only_vs_horizon_only,10,0.0020684931506846803,0.0002191780821918621,0.004027739726026999,inconclusive,0.0008992473894013254,-0.0011443334032786106,0.003385417820975071,inconclusive,BG00767,release,average_utilization
horizon_only_vs_baseline,10,0.0006849315068494066,-0.002986643835616424,0.004384246575342568,inconclusive,0.0028824907125787223,-0.0038540331646164955,0.00970936569080705,inconclusive,BG00768,release,average_utilization
reservation_only_vs_baseline,10,0.0019452054794522721,0.00023253424657583078,0.003616438356164542,inconclusive,0.0017501364007136866,-0.0011231463432731454,0.0048856059049902,inconclusive,BG00768,release,average_utilization
both_flexible_vs_baseline,10,0.002246575342465795,-0.0012883561643837382,0.005781164383562035,inconclusive,0.0046814680821276045,-0.0016202323141876855,0.010761464863002054,inconclusive,BG00768,release,average_utilization
both_flexible_vs_horizon_only,10,0.0015616438356163887,-0.0009729452054794153,0.004164383561643593,inconclusive,0.001798977369548882,-0.002938798056898021,0.00718386857472421,inconclusive,BG00768,release,average_utilization
both_flexible_vs_reservation_only,10,0.00030136986301352307,-0.002452054794521064,0.0030136986301368767,inconclusive,0.002931331681413918,-0.0015839265671563274,0.007307042781769046,inconclusive,BG00768,release,average_utilization
reservation_only_vs_horizon_only,10,0.0012602739726028656,-0.0015479452054792066,0.004109589041096008,inconclusive,-0.0011323543118650359,-0.005872675301696985,0.0031126006191762997,inconclusive,BG00768,release,average_utilization
horizon_only_vs_baseline,10,0.0,0.0,0.0,inconclusive,0.0,0.0,0.0,inconclusive,BG00769,release,average_utilization
reservation_only_vs_baseline,10,0.000621004566210126,-0.00039269406392686973,0.0018358447488586623,inconclusive,0.0004112348755064721,-2.2508689763012236e-05,0.0009796908138387072,inconclusive,BG00769,release,average_utilization
both_flexible_vs_baseline,10,0.000621004566210126,-0.00038356164383560596,0.0018630136986302892,inconclusive,0.0004112348755064721,-1.2239004682318688e-05,0.001000035815743261,inconclusive,BG00769,release,average_utilization
both_flexible_vs_horizon_only,10,0.000621004566210126,-0.00037442922374427703,0.0019089041095892289,inconclusive,0.0004112348755064721,0.0,0.0009625188505801458,inconclusive,BG00769,release,average_utilization
both_flexible_vs_reservation_only,10,0.0,0.0,0.0,inconclusive,0.0,0.0,0.0,inconclusive,BG00769,release,average_utilization
reservation_only_vs_horizon_only,10,0.000621004566210126,-0.00037442922374427703,0.001926940639269592,inconclusive,0.0004112348755064721,-1.2239004682318688e-05,0.000969202963044397,inconclusive,BG00769,release,average_utilization
horizon_only_vs_baseline,10,0.0,0.0,0.0,inconclusive,0.0,0.0,0.0,inconclusive,BG00770,release,average_utilization
reservation_only_vs_baseline,10,0.0021826484018264702,-0.0032878995433790336,0.00775365296803644,inconclusive,0.0024200783712218566,-0.0017984442750196927,0.007020000254734366,inconclusive,BG00770,release,average_utilization
both_flexible_vs_baseline,10,0.0021826484018264702,-0.0029773972602740286,0.008063926940639102,inconclusive,0.0024200783712218566,-0.0019033916395586772,0.006984148571516327,inconclusive,BG00770,release,average_utilization
both_flexible_vs_horizon_only,10,0.0021826484018264702,-0.003215296803653049,0.007753652968036465,inconclusive,0.0024200783712218566,-0.001993055276411197,0.0068625131005292765,inconclusive,BG00770,release,average_utilization
both_flexible_vs_reservation_only,10,0.0,0.0,0.0,inconclusive,0.0,0.0,0.0,inconclusive,BG00770,release,average_utilization
reservation_only_vs_horizon_only,10,0.0021826484018264702,-0.0032422374429223024,0.007991095890410927,inconclusive,0.0024200783712218566,-0.0018998405652029665,0.007067515598991982,inconclusive,BG00770,release,average_utilization
horizon_only_vs_baseline,10,0.024858447488584613,0.021917808219178048,0.027890410958904533,supported,0.015938596752833805,0.014285869003069312,0.017722766203961657,supported,BG00771,release,average_utilization
reservation_only_vs_baseline,10,0.02775342465753481,0.023881278538813052,0.03194520547945288,supported,0.07615830583663617,0.07431930892671625,0.07796202562503461,supported,BG00771,release,average_utilization
both_flexible_vs_baseline,10,0.027917808219178476,0.025004337899543275,0.03109657534246656,supported,0.0745856769382445,0.07334968735221054,0.07612315947430957,supported,BG00771,release,average_utilization
both_flexible_vs_horizon_only,10,0.003059360730593863,0.0012602739726029638,0.004858447488584862,inconclusive,0.058647080185410684,0.05719964149998034,0.060069005248820306,supported,BG00771,release,average_utilization
both_flexible_vs_reservation_only,10,0.0001643835616436662,-0.003497945205479474,0.0047397260273970955,inconclusive,-0.001572628898391687,-0.0035803763390481512,0.0006605486075064937,inconclusive,BG00771,release,average_utilization
reservation_only_vs_horizon_only,10,0.0028949771689501967,-0.000557077625570313,0.0061552511415528316,inconclusive,0.060219709083802364,0.057790759576026876,0.06292900639262285,supported,BG00771,release,average_utilization
horizon_only_vs_baseline,10,0.0,0.0,0.0,inconclusive,0.0,0.0,0.0,inconclusive,BG00772,release,average_utilization
reservation_only_vs_baseline,10,0.0013698630136984914,-0.0009426027397260908,0.0031945205479448056,inconclusive,0.002031664246230608,0.0003555772755530173,0.003752973584505494,inconclusive,BG00772,release,average_utilization
both_flexible_vs_baseline,10,0.0013698630136984914,-0.0008768493150684938,0.0031838356164381057,inconclusive,0.002031664246230608,0.0003246172812742744,0.0038415102112564973,inconclusive,BG00772,release,average_utilization
both_flexible_vs_horizon_only,10,0.0013698630136984914,-0.0008938356164383466,0.0031452054794517533,inconclusive,0.002031664246230608,0.00030972227650841893,0.0037800272492146208,inconclusive,BG00772,release,average_utilization
both_flexible_vs_reservation_only,10,0.0,0.0,0.0,inconclusive,0.0,0.0,0.0,inconclusive,BG00772,release,average_utilization
reservation_only_vs_horizon_only,10,0.0013698630136984914,-0.0008932876712329965,0.0031891780821915448,inconclusive,0.002031664246230608,0.00030766638398211087,0.003815743644266993,inconclusive,BG00772,release,average_utilization
horizon_only_vs_baseline,10,0.0,0.0,0.0,inconclusive,0.0,0.0,0.0,inconclusive,BG00773,release,average_utilization
reservation_only_vs_baseline,10,0.0036821917808219085,-0.00029616438356140683,0.007720684931506636,inconclusive,-0.005818158362020742,-0.00782947340738753,-0.0037813724802433575,contradicted,BG00773,release,average_utilization
both_flexible_vs_baseline,10,0.0036821917808219085,-0.00017027397260252193,0.007682465753424742,inconclusive,-0.005818158362020742,-0.0077538585337649565,-0.003698563274732328,contradicted,BG00773,release,average_utilization
both_flexible_vs_horizon_only,10,0.0036821917808219085,-0.00024109589041068107,0.007726164383561452,inconclusive,-0.005818158362020742,-0.007834529656323256,-0.003709500745791238,contradicted,BG00773,release,average_utilization
both_flexible_vs_reservation_only,10,0.0,0.0,0.0,inconclusive,0.0,0.0,0.0,inconclusive,BG00773,release,average_utilization
reservation_only_vs_horizon_only,10,0.0036821917808219085,-0.00025753424657516596,0.007693150684931416,inconclusive,-0.005818158362020742,-0.007828706808874356,-0.0037102220333494053,contradicted,BG00773,release,average_utilization
horizon_only_vs_baseline,10,0.0,0.0,0.0,inconclusive,0.0,0.0,0.0,inconclusive,BG00774,release,average_utilization
reservation_only_vs_baseline,10,0.00040410958904109063,-2.0547945205506846e-05,0.0012328767123287788,inconclusive,0.0003429538879830329,-0.00011061922845631011,0.0011860468602350681,inconclusive,BG00774,release,average_utilization
both_flexible_vs_baseline,10,0.0004178082191780841,-2.0547945205506846e-05,0.001273972602739759,inconclusive,0.00030306453621558037,-0.00011061922845631011,0.0010430958210178808,inconclusive,BG00774,release,average_utilization
both_flexible_vs_horizon_only,10,0.0004178082191780841,-2.0547945205506846e-05,0.001273972602739759,inconclusive,0.00030306453621558037,-0.00011061922845631011,0.0010430958210178808,inconclusive,BG00774,release,average_utilization
both_flexible_vs_reservation_only,10,1.3698630136993461e-05,0.0,4.1095890410980386e-05,inconclusive,-3.9889351767452566e-05,-0.00011966805530235768,0.0,inconclusive,BG00774,release,average_utilization
reservation_only_vs_horizon_only,10,0.00040410958904109063,-2.0547945205506846e-05,0.0012328767123287788,inconclusive,0.0003429538879830329,-0.00011061922845631011,0.0011627638763202386,inconclusive,BG00774,release,average_utilization
horizon_only_vs_baseline,10,0.0,0.0,0.0,inconclusive,0.0,0.0,0.0,inconclusive,BG00775,release,average_utilization
reservation_only_vs_baseline,10,0.0,0.0,0.0,inconclusive,0.0,0.0,0.0,inconclusive,BG00775,release,average_utilization
both_flexible_vs_baseline,10,0.0005890410958903969,-0.006479452054794176,0.007205479452054091,inconclusive,-0.00309675243532852,-0.005845457623654961,-0.0005516504675341674,inconclusive,BG00775,release,average_utilization
both_flexible_vs_horizon_only,10,0.0005890410958903969,-0.006384246575342189,0.007342808219177701,inconclusive,-0.00309675243532852,-0.005796964782148268,-0.0005807672045772724,inconclusive,BG00775,release,average_utilization
both_flexible_vs_reservation_only,10,0.0005890410958903969,-0.006452739726027,0.007288013698629987,inconclusive,-0.00309675243532852,-0.005870905010992354,-0.0006739344172015883,inconclusive,BG00775,release,average_utilization
reservation_only_vs_horizon_only,10,0.0,0.0,0.0,inconclusive,0.0,0.0,0.0,inconclusive,BG00775,release,average_utilization
horizon_only_vs_baseline,10,6.575342465769962e-05,-0.0010631506849313535,0.001200273972602875,inconclusive,-0.014560162183507997,-0.01995535442725394,-0.009219595886552462,contradicted,BG00776,release,average_utilization
reservation_only_vs_baseline,10,0.0007890410958905858,-0.00038904109588985326,0.001956164383561692,inconclusive,0.03814759382005475,0.033622874224028404,0.042474581187590024,supported,BG00776,release,average_utilization
both_flexible_vs_baseline,10,0.0010465753424658054,-0.0004931506849312145,0.0023398630136985815,inconclusive,0.024036611682576224,0.02048527344296796,0.027964197927084305,supported,BG00776,release,average_utilization
both_flexible_vs_horizon_only,10,0.0009808219178081058,-0.00011520547945221555,0.002241232876712334,inconclusive,0.03859677386608422,0.032363531717326595,0.04550421398361196,supported,BG00776,release,average_utilization
both_flexible_vs_reservation_only,10,0.0002575342465752195,-0.00107958904109574,0.0017206849315072198,inconclusive,-0.014110982137478523,-0.016821970409007556,-0.011532667733829419,contradicted,BG00776,release,average_utilization
reservation_only_vs_horizon_only,10,0.0007232876712328862,-0.0005152054794522462,0.0018302739726028044,inconclusive,0.05270775600356274,0.04607397360876375,0.05993311406698046,supported,BG00776,release,average_utilization
horizon_only_vs_baseline,10,0.0009726027397263359,-3.4417808219218635e-05,0.0020890410958909213,inconclusive,-0.03200373995286833,-0.04014804807421175,-0.023960649246236122,contradicted,BG00777,release,average_utilization
reservation_only_vs_baseline,10,0.0009726027397263138,-0.00027397260273947453,0.0025481164383565806,inconclusive,0.023250279433577138,0.01831559407368754,0.02782036572312638,supported,BG00777,release,average_utilization
both_flexible_vs_baseline,10,0.0012808219178083169,-3.424657534222442e-05,0.003047945205479611,inconclusive,-0.02321673692909363,-0.028624044707618732,-0.01763666979745107,contradicted,BG00777,release,average_utilization
both_flexible_vs_horizon_only,10,0.00030821917808198095,-0.0011371575342464058,0.0015753424657531073,inconclusive,0.008787003023774697,0.002482415890327092,0.015061624978659028,supported,BG00777,release,average_utilization
both_flexible_vs_reservation_only,10,0.0003082191780820032,-0.0006234589041097918,0.0011438356164378937,inconclusive,-0.04646701636267077,-0.04917998328689149,-0.043512927872168095,contradicted,BG00777,release,average_utilization
reservation_only_vs_horizon_only,10,-2.2204460492503132e-17,-0.001527397260274088,0.0013287671232874265,inconclusive,0.05525401938644546,0.04947040972837884,0.06176674355409257,supported,BG00777,release,average_utilization
horizon_only_vs_baseline,10,0.0,0.0,0.0,inconclusive,0.0,0.0,0.0,inconclusive,BG00778,release,average_utilization
reservation_only_vs_baseline,10,0.0012260273972601876,0.0,0.003041095890410772,inconclusive,-0.0011204612553878835,-0.0027554666877833162,0.0,inconclusive,BG00778,release,average_utilization
both_flexible_vs_baseline,10,0.0012260273972601876,0.0,0.002993150684931378,inconclusive,-0.0011204612553878835,-0.0027856662060336433,0.0,inconclusive,BG00778,release,average_utilization
both_flexible_vs_horizon_only,10,0.0012260273972601876,0.0,0.003041095890410772,inconclusive,-0.0011204612553878835,-0.0027856662060336433,0.0,inconclusive,BG00778,release,average_utilization
both_flexible_vs_reservation_only,10,0.0,0.0,0.0,inconclusive,0.0,0.0,0.0,inconclusive,BG00778,release,average_utilization
reservation_only_vs_horizon_only,10,0.0012260273972601876,0.0,0.003041095890410772,inconclusive,-0.0011204612553878835,-0.0027856662060336433,0.0,inconclusive,BG00778,release,average_utilization
horizon_only_vs_baseline,10,0.0,0.0,0.0,inconclusive,0.0,0.0,0.0,inconclusive,BG00779,release,average_utilization
reservation_only_vs_baseline,10,0.0032383561643835935,-0.0012056164383560644,0.008175479452054888,inconclusive,0.0019864553970739053,-0.0004906371636332005,0.0052317834655642,inconclusive,BG00779,release,average_utilization
both_flexible_vs_baseline,10,0.0032383561643835935,-0.0011399999999999776,0.00804452054794536,inconclusive,0.0019864553970739053,-0.0005394379077175931,0.005229368750375679,inconclusive,BG00779,release,average_utilization
both_flexible_vs_horizon_only,10,0.0032383561643835935,-0.0014138356164383966,0.007967123287671232,inconclusive,0.0019864553970739053,-0.0005387106800892194,0.005224971407390784,inconclusive,BG00779,release,average_utilization
both_flexible_vs_reservation_only,10,0.0,0.0,0.0,inconclusive,0.0,0.0,0.0,inconclusive,BG00779,release,average_utilization
reservation_only_vs_horizon_only,10,0.0032383561643835935,-0.0011397260273971496,0.008115753424657628,inconclusive,0.0019864553970739053,-0.0005909945339477988,0.005235836970251627,inconclusive,BG00779,release,average_utilization
horizon_only_vs_baseline,10,0.0,0.0,0.0,inconclusive,0.0,0.0,0.0,inconclusive,BG00780,release,average_utilization
reservation_only_vs_baseline,10,0.0,0.0,0.0,inconclusive,0.0,0.0,0.0,inconclusive,BG00780,release,average_utilization
both_flexible_vs_baseline,10,0.0,0.0,0.0,inconclusive,0.0,0.0,0.0,inconclusive,BG00780,release,average_utilization
both_flexible_vs_horizon_only,10,0.0,0.0,0.0,inconclusive,0.0,0.0,0.0,inconclusive,BG00780,release,average_utilization
both_flexible_vs_reservation_only,10,0.0,0.0,0.0,inconclusive,0.0,0.0,0.0,inconclusive,BG00780,release,average_utilization
reservation_only_vs_horizon_only,10,0.0,0.0,0.0,inconclusive,0.0,0.0,0.0,inconclusive,BG00780,release,average_utilization
horizon_only_vs_baseline,10,0.0,0.0,0.0,inconclusive,0.0,0.0,0.0,inconclusive,BG00781,release,average_utilization
reservation_only_vs_baseline,10,0.002849315068493186,-0.0003150684931507403,0.006123287671232968,inconclusive,-0.00010774357248989341,-0.004930025645459876,0.003856059301504567,inconclusive,BG00781,release,average_utilization
both_flexible_vs_baseline,10,0.002849315068493186,-0.00024691780821928065,0.005959246575342497,inconclusive,-0.00010774357248989341,-0.004855293165925347,0.003769187524743389,inconclusive,BG00781,release,average_utilization
both_flexible_vs_horizon_only,10,0.002849315068493186,-0.00031506849315062147,0.0060684931506849405,inconclusive,-0.00010774357248989341,-0.004924003828418984,0.0038215654772745613,inconclusive,BG00781,release,average_utilization
both_flexible_vs_reservation_only,10,0.0,0.0,0.0,inconclusive,0.0,0.0,0.0,inconclusive,BG00781,release,average_utilization
reservation_only_vs_horizon_only,10,0.002849315068493186,-0.0002876712328766861,0.006136986301369907,inconclusive,-0.00010774357248989341,-0.00466294134558278,0.0038294974252593024,inconclusive,BG00781,release,average_utilization
horizon_only_vs_baseline,10,0.000703196347031998,-0.0010139269406390207,0.0023015981735161474,inconclusive,-0.0015761830304151792,-0.005909968267945299,0.003051394986590522,inconclusive,BG00782,release,average_utilization
reservation_only_vs_baseline,10,0.002977168949771558,0.0016892694063925426,0.0042648401826481065,inconclusive,-0.0008012055802728901,-0.004381133048448766,0.00273765299575158,inconclusive,BG00782,release,average_utilization
both_flexible_vs_baseline,10,0.002977168949771558,0.0016255707762557127,0.004292237442922221,inconclusive,-0.0008012055802728901,-0.0042860662249577285,0.002782704481889292,inconclusive,BG00782,release,average_utilization
both_flexible_vs_horizon_only,10,0.00227397260273956,0.0006849315068492724,0.0037625570776253963,inconclusive,0.000774977450142289,-0.0032888500561151983,0.004643450386833466,inconclusive,BG00782,release,average_utilization
both_flexible_vs_reservation_only,10,0.0,0.0,0.0,inconclusive,0.0,0.0,0.0,inconclusive,BG00782,release,average_utilization
reservation_only_vs_horizon_only,10,0.00227397260273956,0.0006573059360727543,0.003771689497716602,inconclusive,0.000774977450142289,-0.003418652887218299,0.004619669522242776,inconclusive,BG00782,release,average_utilization
horizon_only_vs_baseline,10,0.0029315068493148246,-0.00029246575342530825,0.006155479452054619,inconclusive,0.002440532347419666,-0.0008836799965796526,0.005694339545074282,inconclusive,BG00783,release,average_utilization
reservation_only_vs_baseline,10,0.002383561643835541,-0.00010045662100514442,0.005041095890410713,inconclusive,0.001246045076462432,-0.00396709892577063,0.007140684784374635,inconclusive,BG00783,release,average_utilization
both_flexible_vs_baseline,10,0.0030410958904107054,-0.0003563926940646605,0.006410958904109556,inconclusive,0.0027556000514553534,-0.0005984064976014506,0.005927825526208203,inconclusive,BG00783,release,average_utilization
both_flexible_vs_horizon_only,10,0.00010958904109588108,0.0,0.00025570776255705584,inconclusive,0.00031506770403568753,0.0,0.0008303917872725108,inconclusive,BG00783,release,average_utilization
both_flexible_vs_reservation_only,10,0.0006575342465751643,-0.0018538812785391164,0.0031968036529682314,inconclusive,0.0015095549749929217,-0.0030678048829718575,0.005363819422727938,inconclusive,BG00783,release,average_utilization
reservation_only_vs_horizon_only,10,-0.0005479452054792833,-0.003077625570775789,0.001917808219177971,inconclusive,-0.001194487270957234,-0.005085119616350388,0.0033927136888456536,inconclusive,BG00783,release,average_utilization
horizon_only_vs_baseline,10,0.0,0.0,0.0,inconclusive,0.0,0.0,0.0,inconclusive,BG00784,release,average_utilization
reservation_only_vs_baseline,10,0.001267123287671168,-3.3306690738754695e-17,0.0032191780821916095,inconclusive,0.0003220698854350945,-0.00033064274244526404,0.0014076677204758136,inconclusive,BG00784,release,average_utilization
both_flexible_vs_baseline,10,0.001267123287671168,-6.84931506849118e-06,0.003212499999999831,inconclusive,0.0003220698854350945,-0.0003267051257572031,0.0013732776221272557,inconclusive,BG00784,release,average_utilization
both_flexible_vs_horizon_only,10,0.001267123287671168,0.0,0.0032191780821916095,inconclusive,0.0003220698854350945,-0.00035515245562623977,0.001379119426076314,inconclusive,BG00784,release,average_utilization
both_flexible_vs_reservation_only,10,0.0,0.0,0.0,inconclusive,0.0,0.0,0.0,inconclusive,BG00784,release,average_utilization
reservation_only_vs_horizon_only,10,0.001267123287671168,0.0,0.003191780821917678,inconclusive,0.0003220698854350945,-0.0003483427618257836,0.001379119426076314,inconclusive,BG00784,release,average_utilization
horizon_only_vs_baseline,10,0.0,0.0,0.0,inconclusive,0.0,0.0,0.0,inconclusive,BG00785,release,average_utilization
reservation_only_vs_baseline,10,0.0010356164383561572,0.0,0.002575342465753394,inconclusive,0.0008672650044763807,0.0,0.002038879684834116,inconclusive,BG00785,release,average_utilization
both_flexible_vs_baseline,10,0.0010356164383561572,0.0,0.002575342465753394,inconclusive,0.0008672650044763807,0.0,0.002038879684834116,inconclusive,BG00785,release,average_utilization
both_flexible_vs_horizon_only,10,0.0010356164383561572,0.0,0.002547945205479396,inconclusive,0.0008672650044763807,0.0,0.002038879684834116,inconclusive,BG00785,release,average_utilization
both_flexible_vs_reservation_only,10,0.0,0.0,0.0,inconclusive,0.0,0.0,0.0,inconclusive,BG00785,release,average_utilization
reservation_only_vs_horizon_only,10,0.0010356164383561572,0.0,0.002547945205479396,inconclusive,0.0008672650044763807,0.0,0.002038879684834116,inconclusive,BG00785,release,average_utilization
horizon_only_vs_baseline,10,0.0,0.0,0.0,inconclusive,0.0,0.0,0.0,inconclusive,BG00786,release,average_utilization
reservation_only_vs_baseline,10,0.0006191780821918402,-0.002400273972602676,0.0037863013698630436,inconclusive,0.00015089022569000354,-0.0005789983964687098,0.0008868990002377479,inconclusive,BG00786,release,average_utilization
both_flexible_vs_baseline,10,0.0006191780821918402,-0.0024169863013698413,0.003643972602739754,inconclusive,0.00015089022569000354,-0.0006032237070124005,0.0009154900705683211,inconclusive,BG00786,release,average_utilization
both_flexible_vs_horizon_only,10,0.0006191780821918402,-0.002329178082191654,0.0036712328767123394,inconclusive,0.00015089022569000354,-0.0005963708101868497,0.0009072752373361941,inconclusive,BG00786,release,average_utilization
both_flexible_vs_reservation_only,10,0.0,0.0,0.0,inconclusive,0.0,0.0,0.0,inconclusive,BG00786,release,average_utilization
reservation_only_vs_horizon_only,10,0.0006191780821918402,-0.0024001369863013394,0.003731780821917822,inconclusive,0.00015089022569000354,-0.0006129768196879578,0.0009124092826692018,inconclusive,BG00786,release,average_utilization
horizon_only_vs_baseline,10,2.7397260274142356e-05,-0.0014705479452057294,0.0014520547945207198,inconclusive,-0.0005748086442176725,-0.004791929719223499,0.0035767421046665913,inconclusive,BG00787,release,average_utilization
reservation_only_vs_baseline,10,0.0005205479452054628,-0.0009589041095887555,0.00206392694063922,inconclusive,0.12601395073417662,0.12247889466376294,0.12902066632554504,supported,BG00787,release,average_utilization
both_flexible_vs_baseline,10,0.0016529680365296117,-5.479452054790918e-05,0.0035251141552510206,inconclusive,0.09194743614812577,0.08823086792382132,0.09583911120628429,supported,BG00787,release,average_utilization
both_flexible_vs_horizon_only,10,0.0016255707762554694,-0.0002557077625570467,0.003333333333332789,inconclusive,0.09252224479234346,0.08973193523172032,0.09527716743246499,supported,BG00787,release,average_utilization
both_flexible_vs_reservation_only,10,0.0011324200913241488,-0.00010958904109560546,0.0025388127853879674,inconclusive,-0.034066514586050846,-0.03725846873030117,-0.03045425471000705,contradicted,BG00787,release,average_utilization
reservation_only_vs_horizon_only,10,0.0004931506849313206,-0.0015251141552513785,0.0025844748858443434,inconclusive,0.12658875937839428,0.12459889131358544,0.12852803041320687,supported,BG00787,release,average_utilization
horizon_only_vs_baseline,10,0.0,0.0,0.0,inconclusive,0.0,0.0,0.0,inconclusive,BG00788,release,average_utilization
reservation_only_vs_baseline,10,0.0003972602739728992,-0.003520719178081778,0.0044109589041095775,inconclusive,-0.0008726010971150556,-0.008424293899164718,0.006779071894564563,inconclusive,BG00788,release,average_utilization
both_flexible_vs_baseline,10,0.0003972602739728992,-0.0036785958904104535,0.004589041095890446,inconclusive,-0.0008726010971150556,-0.008459457186920264,0.006736782947948864,inconclusive,BG00788,release,average_utilization
both_flexible_vs_horizon_only,10,0.0003972602739728992,-0.003760445205479032,0.004486815068493389,inconclusive,-0.0008726010971150556,-0.008361109052233511,0.006749385467943141,inconclusive,BG00788,release,average_utilization
both_flexible_vs_reservation_only,10,0.0,0.0,0.0,inconclusive,0.0,0.0,0.0,inconclusive,BG00788,release,average_utilization
reservation_only_vs_horizon_only,10,0.0003972602739728992,-0.0035621575342460058,0.004431506849314966,inconclusive,-0.0008726010971150556,-0.008263105736852258,0.00667015836387829,inconclusive,BG00788,release,average_utilization
horizon_only_vs_baseline,10,0.0,0.0,0.0,inconclusive,0.0,0.0,0.0,inconclusive,BG00789,release,average_utilization
reservation_only_vs_baseline,10,0.0,0.0,0.0,inconclusive,0.0,0.0,0.0,inconclusive,BG00789,release,average_utilization
both_flexible_vs_baseline,10,0.0,0.0,0.0,inconclusive,0.0,0.0,0.0,inconclusive,BG00789,release,average_utilization
both_flexible_vs_horizon_only,10,0.0,0.0,0.0,inconclusive,0.0,0.0,0.0,inconclusive,BG00789,release,average_utilization
both_flexible_vs_reservation_only,10,0.0,0.0,0.0,inconclusive,0.0,0.0,0.0,inconclusive,BG00789,release,average_utilization
reservation_only_vs_horizon_only,10,0.0,0.0,0.0,inconclusive,0.0,0.0,0.0,inconclusive,BG00789,release,average_utilization
horizon_only_vs_baseline,10,0.0,0.0,0.0,inconclusive,0.0,0.0,0.0,inconclusive,BG00790,release,average_utilization
reservation_only_vs_baseline,10,0.004511415525114126,-0.0026210045662099423,0.011088127853881252,inconclusive,-0.0005417165247243782,-0.0043256949418257785,0.0038801576703545895,inconclusive,BG00790,release,average_utilization
both_flexible_vs_baseline,10,0.005424657534246813,0.00015502283105059642,0.010438356164383733,supported,-0.0013600538109656112,-0.004832306989892404,0.0012899851624586223,inconclusive,BG00790,release,average_utilization
both_flexible_vs_horizon_only,10,0.005424657534246813,0.00026415525114195084,0.010402054794520806,supported,-0.0013600538109656112,-0.00497929364817499,0.001256702398909633,inconclusive,BG00790,release,average_utilization
both_flexible_vs_reservation_only,10,0.0009132420091326865,-0.0045390410958903,0.005817351598173866,inconclusive,-0.000818337286241233,-0.00454375016679129,0.0025803698308590195,inconclusive,BG00790,release,average_utilization
reservation_only_vs_horizon_only,10,0.004511415525114126,-0.0029598173515982644,0.011060273972602608,inconclusive,-0.0005417165247243782,-0.004398774597331734,0.00359789487204399,inconclusive,BG00790,release,average_utilization
horizon_only_vs_baseline,10,0.0,0.0,0.0,inconclusive,0.0,0.0,0.0,inconclusive,BG00791,release,average_utilization
reservation_only_vs_baseline,10,0.0006369863013699683,0.0,0.0018424657534249268,inconclusive,0.0002787028710358297,-0.0003397687620273926,0.0011758773751348816,inconclusive,BG00791,release,average_utilization
both_flexible_vs_baseline,10,0.0006369863013699683,0.0,0.0017739726027399482,inconclusive,0.0002787028710358297,-0.0003397687620273926,0.0011758773751348816,inconclusive,BG00791,release,average_utilization
both_flexible_vs_horizon_only,10,0.0006369863013699683,0.0,0.0018424657534249268,inconclusive,0.0002787028710358297,-0.0003397687620273926,0.0011758773751348816,inconclusive,BG00791,release,average_utilization
both_flexible_vs_reservation_only,10,0.0,0.0,0.0,inconclusive,0.0,0.0,0.0,inconclusive,BG00791,release,average_utilization
reservation_only_vs_horizon_only,10,0.0006369863013699683,0.0,0.001775684931507079,inconclusive,0.0002787028710358297,-0.0003397687620273926,0.0011758773751348816,inconclusive,BG00791,release,average_utilization
horizon_only_vs_baseline,10,0.0,0.0,0.0,inconclusive,0.0,0.0,0.0,inconclusive,BG00792,release,average_utilization
reservation_only_vs_baseline,10,0.00102739726027411,1.3698630137015667e-05,0.002219520547945789,inconclusive,-0.00036550335814433677,-0.0035542177387020975,0.0033775909723699313,inconclusive,BG00792,release,average_utilization
both_flexible_vs_baseline,10,0.00102739726027411,2.7397260274030778e-05,0.0022054794520548287,inconclusive,-0.00036550335814433677,-0.0035375838042737977,0.0033603312120160326,inconclusive,BG00792,release,average_utilization
both_flexible_vs_horizon_only,10,0.00102739726027411,1.3698630137024825e-05,0.002260958904110272,inconclusive,-0.00036550335814433677,-0.0035259016600506566,0.003348838058168957,inconclusive,BG00792,release,average_utilization
both_flexible_vs_reservation_only,10,0.0,0.0,0.0,inconclusive,0.0,0.0,0.0,inconclusive,BG00792,release,average_utilization
reservation_only_vs_horizon_only,10,0.00102739726027411,4.109589041103534e-05,0.0022606164383562294,inconclusive,-0.00036550335814433677,-0.0035145612518786254,0.0033409438725069706,inconclusive,BG00792,release,average_utilization
horizon_only_vs_baseline,10,0.053079452054795064,0.049835479452055145,0.05605479452054859,supported,-0.0026491729347928096,-0.004313588330794971,-0.0007405812723623395,inconclusive,BG00793,release,average_utilization
reservation_only_vs_baseline,10,0.12610958904109637,0.1242739726027399,0.12769328767123367,supported,0.2065395704001784,0.2053824793080006,0.20779184579680837,supported,BG00793,release,average_utilization
both_flexible_vs_baseline,10,0.12751232876712368,0.12516671232876742,0.12959452054794549,supported,0.2052245994317091,0.20422096954132632,0.20633312736396583,supported,BG00793,release,average_utilization
both_flexible_vs_horizon_only,10,0.07443287671232861,0.07166547945205481,0.07731534246575351,supported,0.20787377236650192,0.20612162996457942,0.20961461174219564,supported,BG00793,release,average_utilization
both_flexible_vs_reservation_only,10,0.0014027397260273021,-5.4794520547598865e-05,0.002833287671232934,inconclusive,-0.00131497096846927,-0.0029159401738538325,0.00010158202905362588,inconclusive,BG00793,release,average_utilization
reservation_only_vs_horizon_only,10,0.07303013698630131,0.07012027397260258,0.07606575342465764,supported,0.20918874333497123,0.20751167806048,0.21097216442818204,supported,BG00793,release,average_utilization
horizon_only_vs_baseline,10,0.0002904109589042636,-0.0019506849315067112,0.00227397260273986,inconclusive,-0.004055880122400874,-0.007273418743956223,-0.00035577956418154775,inconclusive,BG00794,release,average_utilization
reservation_only_vs_baseline,10,0.0027452054794520732,0.0010847945205476371,0.004389315068493293,inconclusive,0.004540434240856511,0.001344990008882281,0.007712543833723211,inconclusive,BG00794,release,average_utilization
both_flexible_vs_baseline,10,0.0027452054794520732,0.001134246575342305,0.0044056164383562794,inconclusive,0.004540434240856511,0.0012937325457413732,0.007734635966072943,inconclusive,BG00794,release,average_utilization
both_flexible_vs_horizon_only,10,0.0024547945205478094,0.0011232876712329249,0.003879589041095517,inconclusive,0.008596314363257385,0.004498145383807573,0.012542356456197295,supported,BG00794,release,average_utilization
both_flexible_vs_reservation_only,10,0.0,0.0,0.0,inconclusive,0.0,0.0,0.0,inconclusive,BG00794,release,average_utilization
reservation_only_vs_horizon_only,10,0.0024547945205478094,0.001167123287671111,0.003879452054794393,inconclusive,0.008596314363257385,0.004820054790522403,0.012493274375856893,supported,BG00794,release,average_utilization
horizon_only_vs_baseline,10,0.0,0.0,0.0,inconclusive,0.0,0.0,0.0,inconclusive,BG00795,release,average_utilization
reservation_only_vs_baseline,10,0.0,0.0,0.0,inconclusive,0.0,0.0,0.0,inconclusive,BG00795,release,average_utilization
both_flexible_vs_baseline,10,0.0,0.0,0.0,inconclusive,0.0,0.0,0.0,inconclusive,BG00795,release,average_utilization
both_flexible_vs_horizon_only,10,0.0,0.0,0.0,inconclusive,0.0,0.0,0.0,inconclusive,BG00795,release,average_utilization
both_flexible_vs_reservation_only,10,0.0,0.0,0.0,inconclusive,0.0,0.0,0.0,inconclusive,BG00795,release,average_utilization
reservation_only_vs_horizon_only,10,0.0,0.0,0.0,inconclusive,0.0,0.0,0.0,inconclusive,BG00795,release,average_utilization
horizon_only_vs_baseline,10,0.0228082191780822,0.01691746575342496,0.02921917808219167,supported,0.016984921504148147,0.009244577912524813,0.025061194425828544,supported,BG00796,release,average_utilization
reservation_only_vs_baseline,10,0.0,0.0,0.0,inconclusive,0.0,0.0,0.0,inconclusive,BG00796,release,average_utilization
both_flexible_vs_baseline,10,0.023219178082191715,0.01794520547945207,0.02949349315068495,supported,0.01757624384878802,0.01060401876352313,0.024875424850959654,supported,BG00796,release,average_utilization
both_flexible_vs_horizon_only,10,0.0004109589041095152,-0.00043835616438370195,0.0012469178082192922,inconclusive,0.0005913223446398719,-0.0008507717582973184,0.0018959884452735447,inconclusive,BG00796,release,average_utilization
both_flexible_vs_reservation_only,10,0.023219178082191715,0.01773972602739734,0.029506849315068275,supported,0.01757624384878802,0.010759946927530488,0.02528693332485857,supported,BG00796,release,average_utilization
reservation_only_vs_horizon_only,10,-0.0228082191780822,-0.029136986301369586,-0.016945205479452347,contradicted,-0.016984921504148147,-0.025303699656184384,-0.009337951005170613,contradicted,BG00796,release,average_utilization
horizon_only_vs_baseline,10,0.0,0.0,0.0,inconclusive,0.0,0.0,0.0,inconclusive,BG00797,release,average_utilization
reservation_only_vs_baseline,10,0.02683835616438348,0.024405479452054662,0.02903041095890447,supported,0.11491761384588568,0.1120161760297797,0.11791385018442267,supported,BG00797,release,average_utilization
both_flexible_vs_baseline,10,0.02683835616438348,0.024471095890410625,0.029035616438356244,supported,0.11491761384588568,0.11201925179144165,0.11790306968429581,supported,BG00797,release,average_utilization
both_flexible_vs_horizon_only,10,0.02683835616438348,0.024339726027397257,0.02903013698630151,supported,0.11491761384588568,0.1120512486945981,0.11792166197566663,supported,BG00797,release,average_utilization
both_flexible_vs_reservation_only,10,0.0,0.0,0.0,inconclusive,0.0,0.0,0.0,inconclusive,BG00797,release,average_utilization
reservation_only_vs_horizon_only,10,0.02683835616438348,0.02450958904109599,0.029139863013699106,supported,0.11491761384588568,0.11193726684089618,0.11791905499563284,supported,BG00797,release,average_utilization
horizon_only_vs_baseline,10,0.0009041095890415573,-0.0008712328767120406,0.0023124657534247333,inconclusive,0.11421089962507502,0.1056840241614854,0.12213086004082992,supported,BG00798,release,average_utilization
reservation_only_vs_baseline,10,0.0021424657534249826,0.00033945205479500096,0.0036767123287671775,inconclusive,0.26089532197947973,0.25621887573901303,0.26570186001088,supported,BG00798,release,average_utilization
both_flexible_vs_baseline,10,0.0021479452054795844,0.000514794520547943,0.0037864383561646937,inconclusive,0.2681026615453427,0.26268247334496714,0.27292488711804735,supported,BG00798,release,average_utilization
both_flexible_vs_horizon_only,10,0.0012438356164380271,0.00011493150684860458,0.0023945205479450845,inconclusive,0.1538917619202677,0.1493176454503736,0.1589589942764227,supported,BG00798,release,average_utilization
both_flexible_vs_reservation_only,10,5.479452054601985e-06,-0.0009315068493152037,0.0008876712328765305,inconclusive,0.007207339565862958,0.004682688979190961,0.010027037462291727,supported,BG00798,release,average_utilization
reservation_only_vs_horizon_only,10,0.0012383561643834252,0.0001589041095888738,0.0022686301369860768,inconclusive,0.14668442235440476,0.1407901116055959,0.15225068194599992,supported,BG00798,release,average_utilization
horizon_only_vs_baseline,10,0.0023561643835613767,-0.0004113013698634581,0.004890753424657628,inconclusive,-0.0031878282438622895,-0.0075789263927833585,0.002056495630001994,inconclusive,BG00799,release,average_utilization
reservation_only_vs_baseline,10,0.007520547945205192,0.0053421232876707525,0.009739726027396901,supported,-0.004901164534232139,-0.010021988041907957,7.348547970913795e-05,inconclusive,BG00799,release,average_utilization
both_flexible_vs_baseline,10,0.007520547945205192,0.0053013698630134795,0.009685273972602574,supported,-0.004901164534232139,-0.009998910117497813,0.00018773274884310623,inconclusive,BG00799,release,average_utilization
both_flexible_vs_horizon_only,10,0.005164383561643815,0.0033698630136988353,0.006821917808218959,supported,-0.001713336290369849,-0.00701686915421332,0.0034874689053256544,inconclusive,BG00799,release,average_utilization
both_flexible_vs_reservation_only,10,0.0,0.0,0.0,inconclusive,0.0,0.0,0.0,inconclusive,BG00799,release,average_utilization
reservation_only_vs_horizon_only,10,0.005164383561643815,0.0034513698630134863,0.006876712328766867,supported,-0.001713336290369849,-0.007032631454262509,0.003544355591257572,inconclusive,BG00799,release,average_utilization
horizon_only_vs_baseline,10,0.0,0.0,0.0,inconclusive,0.0,0.0,0.0,inconclusive,BG00800,release,average_utilization
reservation_only_vs_baseline,10,0.0015410958904109816,8.886986301360956e-05,0.0030136986301371516,inconclusive,0.0006123811745840868,-0.0006312090445243612,0.002308282834555613,inconclusive,BG00800,release,average_utilization
both_flexible_vs_baseline,10,0.0015410958904109816,8.219178082189389e-05,0.0031095890410960626,inconclusive,0.0006123811745840868,-0.0006650424166007024,0.0023324710621337604,inconclusive,BG00800,release,average_utilization
both_flexible_vs_horizon_only,10,0.0015410958904109816,8.219178082182754e-05,0.003048116438356298,inconclusive,0.0006123811745840868,-0.0006575776767421349,0.0023428348988334107,inconclusive,BG00800,release,average_utilization
both_flexible_vs_reservation_only,10,0.0,0.0,0.0,inconclusive,0.0,0.0,0.0,inconclusive,BG00800,release,average_utilization
reservation_only_vs_horizon_only,10,0.0015410958904109816,7.517123287661414e-05,0.003047945205479563,inconclusive,0.0006123811745840868,-0.0006833577722782813,0.002233820599982015,inconclusive,BG00800,release,average_utilization
horizon_only_vs_baseline,10,0.0,0.0,0.0,inconclusive,0.0,0.0,0.0,inconclusive,BG00801,release,average_utilization
reservation_only_vs_baseline,10,6.84931506849118e-06,-2.0547945205506846e-05,4.1095890410980386e-05,inconclusive,1.1777286624437e-06,-1.241683048685549e-05,1.9226689161405686e-05,inconclusive,BG00801,release,average_utilization
both_flexible_vs_baseline,10,6.84931506849118e-06,-2.0547945205506846e-05,4.1095890410980386e-05,inconclusive,1.1777286624437e-06,-1.2950541416378859e-05,1.9244378578919533e-05,inconclusive,BG00801,release,average_utilization
both_flexible_vs_horizon_only,10,6.84931506849118e-06,-2.0547945205506846e-05,4.1095890410980386e-05,inconclusive,1.1777286624437e-06,-1.2950612937117912e-05,1.9229621511706875e-05,inconclusive,BG00801,release,average_utilization
both_flexible_vs_reservation_only,10,0.0,0.0,0.0,inconclusive,0.0,0.0,0.0,inconclusive,BG00801,release,average_utilization
reservation_only_vs_horizon_only,10,6.84931506849118e-06,-2.0547945205506846e-05,4.1095890410980386e-05,inconclusive,1.1777286624437e-06,-1.2951212930450568e-05,1.9212003614932086e-05,inconclusive,BG00801,release,average_utilization
horizon_only_vs_baseline,10,0.0014246575342465762,0.0,0.004273972602739729,inconclusive,-9.122167918846902e-05,-0.00027366503756540703,0.0,inconclusive,BG00802,release,average_utilization
reservation_only_vs_baseline,10,0.0,0.0,0.0,inconclusive,0.0,0.0,0.0,inconclusive,BG00802,release,average_utilization
both_flexible_vs_baseline,10,0.0014246575342465762,0.0,0.004273972602739729,inconclusive,-9.122167918846902e-05,-0.00027366503756540703,0.0,inconclusive,BG00802,release,average_utilization
both_flexible_vs_horizon_only,10,0.0,0.0,0.0,inconclusive,0.0,0.0,0.0,inconclusive,BG00802,release,average_utilization
both_flexible_vs_reservation_only,10,0.0014246575342465762,0.0,0.004273972602739729,inconclusive,-9.122167918846902e-05,-0.00027366503756540703,0.0,inconclusive,BG00802,release,average_utilization
reservation_only_vs_horizon_only,10,-0.0014246575342465762,-0.004273972602739729,0.0,inconclusive,9.122167918846902e-05,0.0,0.00027366503756540703,inconclusive,BG00802,release,average_utilization
horizon_only_vs_baseline,10,0.0002739726027392919,-0.0006520547945209851,0.001271369863013176,inconclusive,0.001115082486266139,-0.0020318142684196696,0.004723485946068353,inconclusive,BG00803,release,average_utilization
reservation_only_vs_baseline,10,0.0021315068493149235,0.0002628767123282972,0.003835753424657489,inconclusive,-0.03016836600435503,-0.035159273135564974,-0.024085523322948815,contradicted,BG00803,release,average_utilization
both_flexible_vs_baseline,10,0.0021315068493149235,0.0003232876712328841,0.003830273972602757,inconclusive,-0.03016836600435503,-0.03530564531445941,-0.023919315198974042,contradicted,BG00803,release,average_utilization
both_flexible_vs_horizon_only,10,0.0018575342465756318,0.0002026027397263439,0.0037260273972600107,inconclusive,-0.03128344849062117,-0.036949189993761615,-0.024639674177905052,contradicted,BG00803,release,average_utilization
both_flexible_vs_reservation_only,10,0.0,0.0,0.0,inconclusive,0.0,0.0,0.0,inconclusive,BG00803,release,average_utilization
reservation_only_vs_horizon_only,10,0.0018575342465756318,0.00010410958904145257,0.003660684931506792,inconclusive,-0.03128344849062117,-0.03699942396106078,-0.02514095171931883,contradicted,BG00803,release,average_utilization
horizon_only_vs_baseline,10,0.0,0.0,0.0,inconclusive,0.0,0.0,0.0,inconclusive,BG00804,release,average_utilization
reservation_only_vs_baseline,10,0.00147945205479455,-0.001705821917808312,0.00484263698630154,inconclusive,-0.001453475527564252,-0.004308638736274508,0.0011249238552938556,inconclusive,BG00804,release,average_utilization
both_flexible_vs_baseline,10,0.00147945205479455,-0.0017671232876713572,0.004863013698630072,inconclusive,-0.001453475527564252,-0.004257548196638247,0.0010838058289607373,inconclusive,BG00804,release,average_utilization
both_flexible_vs_horizon_only,10,0.00147945205479455,-0.0017054794520547742,0.004801712328767238,inconclusive,-0.001453475527564252,-0.004280269296917555,0.0010888443630334092,inconclusive,BG00804,release,average_utilization
both_flexible_vs_reservation_only,10,0.0,0.0,0.0,inconclusive,0.0,0.0,0.0,inconclusive,BG00804,release,average_utilization
reservation_only_vs_horizon_only,10,0.00147945205479455,-0.0017878424657534506,0.0047876712328767555,inconclusive,-0.001453475527564252,-0.004208293730118416,0.0010761479350527975,inconclusive,BG00804,release,average_utilization
horizon_only_vs_baseline,10,2.7397260273553935e-05,-0.0011373287671237122,0.0015205479452050092,inconclusive,0.007981366908783715,0.00466449752909282,0.011545904076178132,supported,BG00805,release,average_utilization
reservation_only_vs_baseline,10,0.0009589041095887984,-0.00024657534246590504,0.002150684931506309,inconclusive,0.07502434122344728,0.07239565045099682,0.07794812671156386,supported,BG00805,release,average_utilization
both_flexible_vs_baseline,10,0.001589041095890209,0.00021917808219187152,0.0030962328767120033,inconclusive,0.06192633789146786,0.05882291772279359,0.06459889129974301,supported,BG00805,release,average_utilization
both_flexible_vs_horizon_only,10,0.001561643835616655,9.589041095906332e-05,0.0032469178082194616,inconclusive,0.05394497098268415,0.0504138400579491,0.05782125045007975,supported,BG00805,release,average_utilization
both_flexible_vs_reservation_only,10,0.0006301369863014106,-0.0010414383561645317,0.0023150684931504445,inconclusive,-0.013098003331979413,-0.016832729907602702,-0.010043165570551323,contradicted,BG00805,release,average_utilization
reservation_only_vs_horizon_only,10,0.0009315068493152446,-0.0006715753424655834,0.0025205479452054796,inconclusive,0.06704297431466356,0.06331083920926148,0.07090839523391741,supported,BG00805,release,average_utilization
horizon_only_vs_baseline,10,0.0,0.0,0.0,inconclusive,0.0,0.0,0.0,inconclusive,BG00806,release,average_utilization
reservation_only_vs_baseline,10,0.0018191780821918524,9.315068493159606e-05,0.0036823287671233365,inconclusive,-2.4970600222995465e-05,-0.0004256999958011876,0.0003747240617424305,inconclusive,BG00806,release,average_utilization
both_flexible_vs_baseline,10,0.0018191780821918524,5.479452054846235e-06,0.00363835616438374,inconclusive,-2.4970600222995465e-05,-0.00042052035497153054,0.00036201280168475514,inconclusive,BG00806,release,average_utilization
both_flexible_vs_horizon_only,10,0.0018191780821918524,2.1917808219271142e-05,0.003676849315068663,inconclusive,-2.4970600222995465e-05,-0.00041846817413453363,0.0003621891964005992,inconclusive,BG00806,release,average_utilization
both_flexible_vs_reservation_only,10,0.0,0.0,0.0,inconclusive,0.0,0.0,0.0,inconclusive,BG00806,release,average_utilization
reservation_only_vs_horizon_only,10,0.0018191780821918524,9.301369863015057e-05,0.0036439726027398325,inconclusive,-2.4970600222995465e-05,-0.00041886376249259646,0.0003611596064953525,inconclusive,BG00806,release,average_utilization
horizon_only_vs_baseline,10,0.0,0.0,0.0,inconclusive,0.0,0.0,0.0,inconclusive,BG00807,release,average_utilization
reservation_only_vs_baseline,10,1.369863013693795e-05,-6.849315068500062e-05,0.00010958904109582557,inconclusive,0.0001442179680741451,3.665143930886516e-05,0.00026746228269943054,inconclusive,BG00807,release,average_utilization
both_flexible_vs_baseline,10,1.369863013693795e-05,-6.849315068498951e-05,0.0001027397260273566,inconclusive,0.0001442179680741451,3.576168790293793e-05,0.00027144249635175516,inconclusive,BG00807,release,average_utilization
both_flexible_vs_horizon_only,10,1.369863013693795e-05,-6.849315068500062e-05,0.00010958904109580364,inconclusive,0.0001442179680741451,3.924378004044965e-05,0.0002683712130871816,inconclusive,BG00807,release,average_utilization
both_flexible_vs_reservation_only,10,0.0,0.0,0.0,inconclusive,0.0,0.0,0.0,inconclusive,BG00807,release,average_utilization
reservation_only_vs_horizon_only,10,1.369863013693795e-05,-6.849315068501172e-05,0.00010958904109582584,inconclusive,0.0001442179680741451,3.7123223634676075e-05,0.0002709995574158919,inconclusive,BG00807,release,average_utilization
horizon_only_vs_baseline,10,0.0,0.0,0.0,inconclusive,0.0,0.0,0.0,inconclusive,BG00808,release,average_utilization
reservation_only_vs_baseline,10,0.015168949771689044,0.013799086757990296,0.01652968036529649,supported,-0.0018453405908294585,-0.006603992516311316,0.002634421145618127,inconclusive,BG00808,release,average_utilization
both_flexible_vs_baseline,10,0.015168949771689044,0.013780821917807771,0.016502283105022542,supported,-0.0018453405908294585,-0.006523156619938989,0.002811096431534419,inconclusive,BG00808,release,average_utilization
both_flexible_vs_horizon_only,10,0.015168949771689044,0.013762557077624913,0.016511415525113992,supported,-0.0018453405908294585,-0.006474696137058024,0.0025541491389642003,inconclusive,BG00808,release,average_utilization
both_flexible_vs_reservation_only,10,0.0,0.0,0.0,inconclusive,0.0,0.0,0.0,inconclusive,BG00808,release,average_utilization
reservation_only_vs_horizon_only,10,0.015168949771689044,0.013798858447487915,0.016520547945205234,supported,-0.0018453405908294585,-0.006556490030510334,0.0026450377271985833,inconclusive,BG00808,release,average_utilization
horizon_only_vs_baseline,10,0.0,0.0,0.0,inconclusive,0.0,0.0,0.0,inconclusive,BG00809,release,average_utilization
reservation_only_vs_baseline,10,0.0019232876712328762,-0.002027397260273747,0.00536999999999979,inconclusive,-0.001856627393272281,-0.0068950903506130945,0.0026778179487328135,inconclusive,BG00809,release,average_utilization
both_flexible_vs_baseline,10,0.0019232876712328762,-0.002087671232876388,0.005435753424657579,inconclusive,-0.001856627393272281,-0.00701473257145276,0.002694011724643695,inconclusive,BG00809,release,average_utilization
both_flexible_vs_horizon_only,10,0.0019232876712328762,-0.002126027397259942,0.005353835616438081,inconclusive,-0.001856627393272281,-0.00678683853202908,0.002721703893684235,inconclusive,BG00809,release,average_utilization
both_flexible_vs_reservation_only,10,0.0,0.0,0.0,inconclusive,0.0,0.0,0.0,inconclusive,BG00809,release,average_utilization
reservation_only_vs_horizon_only,10,0.0019232876712328762,-0.002104109589040953,0.005326438356164318,inconclusive,-0.001856627393272281,-0.00689470772252775,0.002739334323486613,inconclusive,BG00809,release,average_utilization
horizon_only_vs_baseline,10,0.0,0.0,0.0,inconclusive,0.0,0.0,0.0,inconclusive,BG00810,release,average_utilization
reservation_only_vs_baseline,10,0.0007534246575342851,-0.002746917808219317,0.003897431506849411,inconclusive,0.0010442068203727617,-0.00041840262216638526,0.0026647624270134946,inconclusive,BG00810,release,average_utilization
both_flexible_vs_baseline,10,0.002657534246575455,-0.0020140410958902257,0.007369863013698502,inconclusive,-0.004179055153982247,-0.008924164897232014,0.001853181159902002,inconclusive,BG00810,release,average_utilization
both_flexible_vs_horizon_only,10,0.002657534246575455,-0.0018837328767126306,0.007569006849315577,inconclusive,-0.004179055153982247,-0.00900883211103557,0.0015355871679653898,inconclusive,BG00810,release,average_utilization
both_flexible_vs_reservation_only,10,0.0019041095890411698,-0.003904280821917925,0.007671232876712897,inconclusive,-0.005223261974355009,-0.01020098881383425,0.000562627072487844,inconclusive,BG00810,release,average_utilization
reservation_only_vs_horizon_only,10,0.0007534246575342851,-0.002746575342465688,0.003924828767123333,inconclusive,0.0010442068203727617,-0.0004244384244429855,0.0027158194811169266,inconclusive,BG00810,release,average_utilization
horizon_only_vs_baseline,10,0.0,0.0,0.0,inconclusive,0.0,0.0,0.0,inconclusive,BG00811,release,average_utilization
reservation_only_vs_baseline,10,0.0032054794520550043,-0.0021921232876711398,0.008876712328767125,inconclusive,-0.0010957288690518596,-0.006169673790534789,0.003878410406527402,inconclusive,BG00811,release,average_utilization
both_flexible_vs_baseline,10,0.0032054794520550043,-0.0021506849315065745,0.008561986301370119,inconclusive,-0.0010957288690518596,-0.006122341637295411,0.00416640893777371,inconclusive,BG00811,release,average_utilization
both_flexible_vs_horizon_only,10,0.0032054794520550043,-0.00230171232876693,0.00873972602739727,inconclusive,-0.0010957288690518596,-0.006206301010951425,0.004067794200073517,inconclusive,BG00811,release,average_utilization
both_flexible_vs_reservation_only,10,0.0,0.0,0.0,inconclusive,0.0,0.0,0.0,inconclusive,BG00811,release,average_utilization
reservation_only_vs_horizon_only,10,0.0032054794520550043,-0.002260616438355999,0.008657876712329116,inconclusive,-0.0010957288690518596,-0.006176245225441383,0.00400303184232061,inconclusive,BG00811,release,average_utilization
horizon_only_vs_baseline,10,0.0004794520547945491,-0.0005821917808220394,0.0015547945205483425,inconclusive,0.0006423196166386314,-0.004555021906222613,0.005334090293364324,inconclusive,BG00812,release,average_utilization
reservation_only_vs_baseline,10,0.0006232876712326529,-0.00019880136986395592,0.0014179794520549317,inconclusive,-0.12198732568712733,-0.12417165337363367,-0.11987547742967465,contradicted,BG00812,release,average_utilization
both_flexible_vs_baseline,10,0.0009589041095888984,-0.0004657534246575248,0.002205479452054771,inconclusive,-0.0182905743419012,-0.02108394532778785,-0.015599782866404233,contradicted,BG00812,release,average_utilization
both_flexible_vs_horizon_only,10,0.0004794520547943493,-0.0008493150684934058,0.001671232876712195,inconclusive,-0.01893289395853983,-0.023379570449589927,-0.014401268005681844,contradicted,BG00812,release,average_utilization
both_flexible_vs_reservation_only,10,0.00033561643835624546,-0.0006369863013698246,0.0013494863013699938,inconclusive,0.10369675134522616,0.10042488133307144,0.10704956973016756,supported,BG00812,release,average_utilization
reservation_only_vs_horizon_only,10,0.00014383561643810383,-0.0007808219178086273,0.0010616438356158928,inconclusive,-0.122629645303766,-0.12656529953437973,-0.11830150019947093,contradicted,BG00812,release,average_utilization
horizon_only_vs_baseline,10,0.0014465753424660055,-0.00010958904109583195,0.00301369863013732,inconclusive,-0.0012749764489196514,-0.005158055675300923,0.002410811796172852,inconclusive,BG00813,release,average_utilization
reservation_only_vs_baseline,10,0.0017095890410959824,0.00024657534246578237,0.0032606849315069126,inconclusive,0.0021482825188960165,-0.0005368088988589986,0.004643815442840553,inconclusive,BG00813,release,average_utilization
both_flexible_vs_baseline,10,0.0017205479452057526,5.465753424692387e-05,0.0034302739726034225,inconclusive,-0.0005628002806260968,-0.00469209633989067,0.0038279873731225074,inconclusive,BG00813,release,average_utilization
both_flexible_vs_horizon_only,10,0.0002739726027397471,0.0,0.0008219178082192413,inconclusive,0.0007121761682935546,-2.4106092939124578e-06,0.002139440829089423,inconclusive,BG00813,release,average_utilization
both_flexible_vs_reservation_only,10,1.0958904109770185e-05,-0.0011780821917804524,0.001463287671232723,inconclusive,-0.002711082799522113,-0.006056621478227478,0.00044536763230750074,inconclusive,BG00813,release,average_utilization
reservation_only_vs_horizon_only,10,0.00026301369862997693,-0.0013205479452053875,0.0016876712328763998,inconclusive,0.0034232589678156677,6.417605844257743e-05,0.006724034193000462,inconclusive,BG00813,release,average_utilization
horizon_only_vs_baseline,10,0.0,0.0,0.0,inconclusive,0.0,0.0,0.0,inconclusive,BG00814,release,average_utilization
reservation_only_vs_baseline,10,5.479452054790723e-05,-0.0028584474885845275,0.0029226027397260225,inconclusive,0.0005334585114944223,-0.00010456364911332671,0.0011944776956991144,inconclusive,BG00814,release,average_utilization
both_flexible_vs_baseline,10,5.479452054790723e-05,-0.002794520547945335,0.0028584474885844373,inconclusive,0.0005334585114944223,-0.00012900917041535172,0.0011847328001476465,inconclusive,BG00814,release,average_utilization
both_flexible_vs_horizon_only,10,5.479452054790723e-05,-0.0029589041095890584,0.002904337899543345,inconclusive,0.0005334585114944223,-0.0001326088109513065,0.0011895150653218561,inconclusive,BG00814,release,average_utilization
both_flexible_vs_reservation_only,10,0.0,0.0,0.0,inconclusive,0.0,0.0,0.0,inconclusive,BG00814,release,average_utilization
reservation_only_vs_horizon_only,10,5.479452054790723e-05,-0.002922602739726124,0.0027945205479451454,inconclusive,0.0005334585114944223,-0.00013915792360015054,0.0011922982515330139,inconclusive,BG00814,release,average_utilization
horizon_only_vs_baseline,10,0.0006684931506849345,-0.00010958904109588108,0.0015287671232876664,inconclusive,0.0012252937995568037,-0.0001476512207158609,0.0028682367242935237,inconclusive,BG00815,release,average_utilization
reservation_only_vs_baseline,10,0.0013041095890411248,-5.493150684945181e-05,0.00283835616438356,inconclusive,0.0032154990855765677,-0.00014623546556001728,0.00691795820147338,inconclusive,BG00815,release,average_utilization
both_flexible_vs_baseline,10,0.0013041095890411248,-6.0273972602742644e-05,0.0028383561643835005,inconclusive,0.0032154990855765677,-0.00011895378927581618,0.006772884654538803,inconclusive,BG00815,release,average_utilization
both_flexible_vs_horizon_only,10,0.0006356164383561902,-0.0009591780821919431,0.002246849315068694,inconclusive,0.001990205286019764,-0.0012140762291908277,0.005178929316500243,inconclusive,BG00815,release,average_utilization
both_flexible_vs_reservation_only,10,0.0,0.0,0.0,inconclusive,0.0,0.0,0.0,inconclusive,BG00815,release,average_utilization
reservation_only_vs_horizon_only,10,0.0006356164383561902,-0.0009917808219178936,0.002246849315068706,inconclusive,0.001990205286019764,-0.0011998124771565781,0.0052325792160479835,inconclusive,BG00815,release,average_utilization
horizon_only_vs_baseline,10,0.005671232876712062,0.0023424657534246384,0.008643835616437645,supported,0.002488622503344584,0.00025021386691399935,0.004605130147200903,inconclusive,BG00816,release,average_utilization
reservation_only_vs_baseline,10,0.0025753424657535607,-0.00012328767123250014,0.004904109589040839,inconclusive,-0.00019942309083706422,-0.002037327318640399,0.0015487881545905573,inconclusive,BG00816,release,average_utilization
both_flexible_vs_baseline,10,0.005671232876712062,0.0023558219178081924,0.008684931506848913,supported,0.002488622503344584,0.00021829752420117338,0.004644856055318198,inconclusive,BG00816,release,average_utilization
both_flexible_vs_horizon_only,10,0.0,0.0,0.0,inconclusive,0.0,0.0,0.0,inconclusive,BG00816,release,average_utilization
both_flexible_vs_reservation_only,10,0.0030958904109585016,0.00045171232876686356,0.0053976027397255755,inconclusive,0.0026880455941816483,0.0014346048573917632,0.004300097485889441,inconclusive,BG00816,release,average_utilization
reservation_only_vs_horizon_only,10,-0.0030958904109585016,-0.005424999999999675,-0.0006027397260272455,inconclusive,-0.0026880455941816483,-0.004313858729483205,-0.0014239628673131278,inconclusive,BG00816,release,average_utilization
horizon_only_vs_baseline,10,0.0,0.0,0.0,inconclusive,0.0,0.0,0.0,inconclusive,BG00817,release,average_utilization
reservation_only_vs_baseline,10,0.0011963470319634073,-0.00450228310502289,0.007159817351598037,inconclusive,-0.000879848509882386,-0.0027310080207204107,0.0007579274469071762,inconclusive,BG00817,release,average_utilization
both_flexible_vs_baseline,10,0.0011963470319634073,-0.004456849315068669,0.007005707762556633,inconclusive,-0.000879848509882386,-0.002795180903882388,0.000727237274429147,inconclusive,BG00817,release,average_utilization
both_flexible_vs_horizon_only,10,0.0011963470319634073,-0.004465753424657715,0.00696849315068503,inconclusive,-0.000879848509882386,-0.002752657428226971,0.0007344697211234596,inconclusive,BG00817,release,average_utilization
both_flexible_vs_reservation_only,10,0.0,0.0,0.0,inconclusive,0.0,0.0,0.0,inconclusive,BG00817,release,average_utilization
reservation_only_vs_horizon_only,10,0.0011963470319634073,-0.004393150684931605,0.006895205479452127,inconclusive,-0.000879848509882386,-0.0028030580623190143,0.0007728086967550274,inconclusive,BG00817,release,average_utilization
horizon_only_vs_baseline,10,0.000991780821917354,-0.0012547945205480112,0.003046575342465341,inconclusive,-9.089396064816402e-05,-0.00423439103281588,0.0034270178791229533,inconclusive,BG00818,release,average_utilization
reservation_only_vs_baseline,10,0.0025369863013694816,0.000799863013698135,0.004241095890410619,inconclusive,0.04699412278634378,0.04393999034631879,0.05004199650813329,supported,BG00818,release,average_utilization
both_flexible_vs_baseline,10,0.002947945205479452,0.0008601369863010916,0.004997260273972396,inconclusive,0.038300976321873736,0.03425005067010795,0.04216805710367686,supported,BG00818,release,average_utilization
both_flexible_vs_horizon_only,10,0.0019561643835620977,0.0005479452054801731,0.003336986301370263,inconclusive,0.0383918702825219,0.03543867523763265,0.04198786414068166,supported,BG00818,release,average_utilization
both_flexible_vs_reservation_only,10,0.0004109589041099704,-0.0011453424657529435,0.0022905479452061924,inconclusive,-0.008693146464470048,-0.01159706338767802,-0.006059274076049168,contradicted,BG00818,release,average_utilization
reservation_only_vs_horizon_only,10,0.0015452054794521275,-0.00016438356164386573,0.003369863013698774,inconclusive,0.04708501674699195,0.04333913374621696,0.05078974283103007,supported,BG00818,release,average_utilization
horizon_only_vs_baseline,10,0.0,0.0,0.0,inconclusive,0.0,0.0,0.0,inconclusive,BG00819,release,average_utilization
reservation_only_vs_baseline,10,0.000520547945205474,-0.0008835616438355953,0.00248630136986292,inconclusive,-0.0004134225233589306,-0.0016488315382364837,0.0008205084774311145,inconclusive,BG00819,release,average_utilization
both_flexible_vs_baseline,10,0.000520547945205474,-0.0008835616438355953,0.002486472602739633,inconclusive,-0.0004134225233589306,-0.0015917370136921294,0.0007659136481633895,inconclusive,BG00819,release,average_utilization
both_flexible_vs_horizon_only,10,0.000520547945205474,-0.0008767123287671041,0.0024794520547944286,inconclusive,-0.0004134225233589306,-0.0015851013892898113,0.0007648919669742682,inconclusive,BG00819,release,average_utilization
both_flexible_vs_reservation_only,10,0.0,0.0,0.0,inconclusive,0.0,0.0,0.0,inconclusive,BG00819,release,average_utilization
reservation_only_vs_horizon_only,10,0.000520547945205474,-0.0008767123287671041,0.0025068493150683714,inconclusive,-0.0004134225233589306,-0.0016635808011286279,0.0007648919669742682,inconclusive,BG00819,release,average_utilization
horizon_only_vs_baseline,10,0.06768949771689603,0.06438310502283202,0.07069406392694175,supported,0.04736580985599824,0.04424402825959931,0.05054244293532377,supported,BG00820,release,average_utilization
reservation_only_vs_baseline,10,0.09855707762557146,0.09549748858447575,0.10144292237442971,supported,0.22698125763856009,0.22424285118130058,0.22978488497146862,supported,BG00820,release,average_utilization
both_flexible_vs_baseline,10,0.09911415525114253,0.09654771689497786,0.1014066210045675,supported,0.22701572034102385,0.2248896680192955,0.22910516601907405,supported,BG00820,release,average_utilization
both_flexible_vs_horizon_only,10,0.0314246575342465,0.028483789954337625,0.03461187214611835,supported,0.17964991048502563,0.1774763507785088,0.18196911806567256,supported,BG00820,release,average_utilization
both_flexible_vs_reservation_only,10,0.0005570776255710674,-0.0006118721461184987,0.0017993150684934814,inconclusive,3.44627024637778e-05,-0.0017900110099348264,0.0018380115124592609,inconclusive,BG00820,release,average_utilization
reservation_only_vs_horizon_only,10,0.030867579908675436,0.028155022831049925,0.03363470319634646,supported,0.17961544778256186,0.1777520394013494,0.18148730032986918,supported,BG00820,release,average_utilization
horizon_only_vs_baseline,10,0.0036712328767121937,0.0017531963470320121,0.005397488584474599,inconclusive,0.012322075663149856,0.009770735943683169,0.014730812695118596,supported,BG00821,release,average_utilization
reservation_only_vs_baseline,10,0.003926940639269206,0.001817351598173483,0.006283105022830639,inconclusive,-0.055062469063393335,-0.05738976443945701,-0.05302276371733174,contradicted,BG00821,release,average_utilization
both_flexible_vs_baseline,10,0.005022831050228172,0.002922374429223628,0.007306164383561501,supported,-0.05443268775592094,-0.0566792003135377,-0.05225549388303409,contradicted,BG00821,release,average_utilization
both_flexible_vs_horizon_only,10,0.0013515981735159777,9.132420091173265e-06,0.00277625570776239,inconclusive,-0.06675476341907079,-0.06848877788543337,-0.06479088051264381,contradicted,BG00821,release,average_utilization
both_flexible_vs_reservation_only,10,0.0010958904109589663,-0.001570776255707696,0.0038721461187212103,inconclusive,0.0006297813074723935,-0.0006174078650077275,0.0016912487910942524,inconclusive,BG00821,release,average_utilization
reservation_only_vs_horizon_only,10,0.00025570776255701144,-0.00200022831050237,0.0024657534246571634,inconclusive,-0.06738454472654319,-0.06962329375477748,-0.06479219754115087,contradicted,BG00821,release,average_utilization
horizon_only_vs_baseline,10,0.0,0.0,0.0,inconclusive,0.0,0.0,0.0,inconclusive,BG00822,release,average_utilization
reservation_only_vs_baseline,10,0.002635616438356503,0.0003067123287677235,0.004997397260274391,inconclusive,0.033495440650724705,0.0299528192141487,0.036717051870709776,supported,BG00822,release,average_utilization
both_flexible_vs_baseline,10,0.002635616438356503,0.00034506849315091244,0.005035890410959266,inconclusive,0.033495440650724705,0.030098646754987607,0.0367774432320624,supported,BG00822,release,average_utilization
both_flexible_vs_horizon_only,10,0.002635616438356503,0.0003395890410961411,0.0048441095890416315,inconclusive,0.033495440650724705,0.03015744138775357,0.036827353343376446,supported,BG00822,release,average_utilization
both_flexible_vs_reservation_only,10,0.0,0.0,0.0,inconclusive,0.0,0.0,0.0,inconclusive,BG00822,release,average_utilization
reservation_only_vs_horizon_only,10,0.002635616438356503,0.0003945205479456482,0.004953561643836009,inconclusive,0.033495440650724705,0.030055504892368304,0.03673029062589419,supported,BG00822,release,average_utilization
horizon_only_vs_baseline,10,0.1605068493150678,0.15775342465753367,0.16328767123287583,supported,0.0602366055200765,0.05720479339973992,0.06343605179667654,supported,BG00823,release,average_utilization
reservation_only_vs_baseline,10,0.012493150684931297,0.008356164383561468,0.01693150684931496,supported,-0.002958121485015522,-0.005176003478169587,-0.00034900248967973947,inconclusive,BG00823,release,average_utilization
both_flexible_vs_baseline,10,0.17639726027397123,0.17162979452054652,0.18113698630136849,supported,0.01451066210973075,0.013028977716427225,0.015915013478883643,supported,BG00823,release,average_utilization
both_flexible_vs_horizon_only,10,0.015890410958903412,0.013040753424656937,0.018561643835615753,supported,-0.04572594341034575,-0.04839732434710501,-0.04318339548782174,contradicted,BG00823,release,average_utilization
both_flexible_vs_reservation_only,10,0.16390410958903995,0.16024589041095758,0.16746575342465633,supported,0.01746878359474627,0.015896492126377865,0.018803073251542714,supported,BG00823,release,average_utilization
reservation_only_vs_horizon_only,10,-0.14801369863013653,-0.1515482876712322,-0.14360273972602686,contradicted,-0.06319472700509202,-0.06590881637222573,-0.06094928808194137,contradicted,BG00823,release,average_utilization
horizon_only_vs_baseline,10,0.0013972602739725892,0.0,0.003794520547945135,inconclusive,-0.0004554401761459048,-0.0013141660465836637,1.4401751766968118e-05,inconclusive,BG00824,release,average_utilization
reservation_only_vs_baseline,10,0.00264383561643855,-0.0022743150684928735,0.00830136986301384,inconclusive,0.0009167062498056433,-0.002827743565549228,0.0051908393128182895,inconclusive,BG00824,release,average_utilization
both_flexible_vs_baseline,10,0.005931506849315038,0.0025068493150686463,0.009644178082191843,supported,-0.0013294777339337704,-0.00524442627376313,0.0028646724104599,inconclusive,BG00824,release,average_utilization
both_flexible_vs_horizon_only,10,0.004534246575342449,0.0019311643835616017,0.00761678082191799,inconclusive,-0.0008740375577878656,-0.004829950857162253,0.003053269021697356,inconclusive,BG00824,release,average_utilization
both_flexible_vs_reservation_only,10,0.003287671232876488,-0.0009041095890413369,0.007945205479451978,inconclusive,-0.002246183983739414,-0.00472546564803814,0.0004261566617130561,inconclusive,BG00824,release,average_utilization
reservation_only_vs_horizon_only,10,0.001246575342465961,-0.004411301369862745,0.00761678082191807,inconclusive,0.0013721464259515482,-0.0023382803801084567,0.005342366294752362,inconclusive,BG00824,release,average_utilization
horizon_only_vs_baseline,10,0.0,0.0,0.0,inconclusive,0.0,0.0,0.0,inconclusive,BG00825,release,average_utilization
reservation_only_vs_baseline,10,0.0,0.0,0.0,inconclusive,0.0,0.0,0.0,inconclusive,BG00825,release,average_utilization
both_flexible_vs_baseline,10,0.0,0.0,0.0,inconclusive,0.0,0.0,0.0,inconclusive,BG00825,release,average_utilization
both_flexible_vs_horizon_only,10,0.0,0.0,0.0,inconclusive,0.0,0.0,0.0,inconclusive,BG00825,release,average_utilization
both_flexible_vs_reservation_only,10,0.0,0.0,0.0,inconclusive,0.0,0.0,0.0,inconclusive,BG00825,release,average_utilization
reservation_only_vs_horizon_only,10,0.0,0.0,0.0,inconclusive,0.0,0.0,0.0,inconclusive,BG00825,release,average_utilization
horizon_only_vs_baseline,10,0.0,0.0,0.0,inconclusive,0.0,0.0,0.0,inconclusive,BG00826,release,average_utilization
reservation_only_vs_baseline,10,0.0004657534246574779,-0.00028493150684931744,0.00160547945205467,inconclusive,-8.058294677838473e-05,-0.000422742112901342,0.00016127420784372014,inconclusive,BG00826,release,average_utilization
both_flexible_vs_baseline,10,0.0008054794520547914,0.0,0.0021260273972603548,inconclusive,0.0006534576322330232,0.0,0.001620499062625902,inconclusive,BG00826,release,average_utilization
both_flexible_vs_horizon_only,10,0.0008054794520547914,0.0,0.0021260273972603548,inconclusive,0.0006534576322330232,0.0,0.001620499062625902,inconclusive,BG00826,release,average_utilization
both_flexible_vs_reservation_only,10,0.0003397260273973135,-0.000449315068493128,0.001408219178082315,inconclusive,0.000734040579011408,0.0,0.0015135177656472542,inconclusive,BG00826,release,average_utilization
reservation_only_vs_horizon_only,10,0.0004657534246574779,-0.0003178082191781062,0.00160547945205467,inconclusive,-8.058294677838473e-05,-0.000422742112901342,0.00016127420784372014,inconclusive,BG00826,release,average_utilization
horizon_only_vs_baseline,10,0.0,0.0,0.0,inconclusive,0.0,0.0,0.0,inconclusive,BG00827,release,average_utilization
reservation_only_vs_baseline,10,0.0012219178082193637,-3.315068493090314e-05,0.002641095890411106,inconclusive,0.0009443746074080606,2.9417032868172823e-05,0.002148858512542075,inconclusive,BG00827,release,average_utilization
both_flexible_vs_baseline,10,0.0012219178082193637,-1.1369863013574038e-05,0.002641095890411105,inconclusive,0.0009443746074080606,3.549814526001616e-05,0.002133067808666992,inconclusive,BG00827,release,average_utilization
both_flexible_vs_horizon_only,10,0.0012219178082193637,-3.2876712328334666e-05,0.002641095890411105,inconclusive,0.0009443746074080606,4.425487223836927e-05,0.0021385049160584056,inconclusive,BG00827,release,average_utilization
both_flexible_vs_reservation_only,10,0.0,0.0,0.0,inconclusive,0.0,0.0,0.0,inconclusive,BG00827,release,average_utilization
reservation_only_vs_horizon_only,10,0.0012219178082193637,-4.383561643800493e-05,0.0026739726027398616,inconclusive,0.0009443746074080606,3.813644864547273e-05,0.0022700725484526736,inconclusive,BG00827,release,average_utilization
horizon_only_vs_baseline,10,0.0,0.0,0.0,inconclusive,0.0,0.0,0.0,inconclusive,BG00828,release,average_utilization
reservation_only_vs_baseline,10,0.0006849315068490625,-0.00045222602739756194,0.0017602739726023892,inconclusive,-0.017665810802412196,-0.02142351714602739,-0.013667023766014776,contradicted,BG00828,release,average_utilization
both_flexible_vs_baseline,10,0.0007876712328764079,-0.0001301369863017987,0.0018630136986295081,inconclusive,-0.008434503281904981,-0.010499280153161343,-0.006311736443506437,contradicted,BG00828,release,average_utilization
both_flexible_vs_horizon_only,10,0.0007876712328764079,-0.00013715753424729883,0.0018291095890410616,inconclusive,-0.008434503281904981,-0.010473326173193685,-0.006204485048888811,contradicted,BG00828,release,average_utilization
both_flexible_vs_reservation_only,10,0.0001027397260273455,-0.001273972602740005,0.0018083904109591213,inconclusive,0.009231307520507215,0.00620878649904274,0.012249837537790654,supported,BG00828,release,average_utilization
reservation_only_vs_horizon_only,10,0.0006849315068490625,-0.0005138698630141874,0.0017467465753422666,inconclusive,-0.017665810802412196,-0.021622883629090286,-0.01361529107134156,contradicted,BG00828,release,average_utilization
horizon_only_vs_baseline,10,0.0072054794520552525,0.004200684931507114,0.01042968036529768,supported,-0.0006330696078589825,-0.0014514840367011019,8.356118297124522e-05,inconclusive,BG00829,release,average_utilization
reservation_only_vs_baseline,10,0.0,0.0,0.0,inconclusive,0.0,0.0,0.0,inconclusive,BG00829,release,average_utilization
both_flexible_vs_baseline,10,0.00846575342465784,0.005680136986301366,0.011333561643836391,supported,-0.000140223627841779,-0.0009837746325272062,0.0006360434298308418,inconclusive,BG00829,release,average_utilization
both_flexible_vs_horizon_only,10,0.001260273972602588,-0.0002559360730596143,0.0029682648401826053,inconclusive,0.0004928459800172036,-0.00013185263177042204,0.0013359405099884407,inconclusive,BG00829,release,average_utilization
both_flexible_vs_reservation_only,10,0.00846575342465784,0.00568949771689533,0.011388584474886599,supported,-0.000140223627841779,-0.0009579993372019744,0.0006559466636028162,inconclusive,BG00829,release,average_utilization
reservation_only_vs_horizon_only,10,-0.0072054794520552525,-0.010575570776256411,-0.004264840182648652,contradicted,0.0006330696078589825,-0.00011214114234852246,0.0014122593360341772,inconclusive,BG00829,release,average_utilization
horizon_only_vs_baseline,10,0.0,0.0,0.0,inconclusive,0.0,0.0,0.0,inconclusive,BG00830,release,average_utilization
reservation_only_vs_baseline,10,0.00050958904109617,-0.0012604109589033489,0.002345205479452154,inconclusive,0.00382842139794175,0.0009278858759158134,0.006510040806675846,inconclusive,BG00830,release,average_utilization
both_flexible_vs_baseline,10,0.0008602739726028096,-0.0007835616438356177,0.002827534246575435,inconclusive,0.002148751887876843,-0.00013298481179215558,0.004657502138072578,inconclusive,BG00830,release,average_utilization
both_flexible_vs_horizon_only,10,0.0008602739726028096,-0.0007454794520546766,0.002734383561644109,inconclusive,0.002148751887876843,-0.00016075108807421182,0.00455385576628118,inconclusive,BG00830,release,average_utilization
both_flexible_vs_reservation_only,10,0.0003506849315066396,-0.0013754794520551548,0.002043972602739491,inconclusive,-0.0016796695100649074,-0.0050420402897388,0.0017680864892712788,inconclusive,BG00830,release,average_utilization
reservation_only_vs_horizon_only,10,0.00050958904109617,-0.0013316438356163012,0.0023124657534250447,inconclusive,0.00382842139794175,0.0008571195814800781,0.006579184633282238,inconclusive,BG00830,release,average_utilization
horizon_only_vs_baseline,10,0.0007123287671234934,-0.00195924657534224,0.003301712328767116,inconclusive,0.0002499817700317042,-0.005277492833897038,0.0053859239653494375,inconclusive,BG00831,release,average_utilization
reservation_only_vs_baseline,10,0.0,0.0,0.0,inconclusive,0.0,0.0,0.0,inconclusive,BG00831,release,average_utilization
both_flexible_vs_baseline,10,0.0007123287671234934,-0.0019315068493145255,0.003301369863013804,inconclusive,0.0002499817700317042,-0.005444795266288793,0.005532601007511859,inconclusive,BG00831,release,average_utilization
both_flexible_vs_horizon_only,10,0.0,0.0,0.0,inconclusive,0.0,0.0,0.0,inconclusive,BG00831,release,average_utilization
both_flexible_vs_reservation_only,10,0.0007123287671234934,-0.0019321917808215574,0.003287671232876744,inconclusive,0.0002499817700317042,-0.005307934393572155,0.005587792703620216,inconclusive,BG00831,release,average_utilization
reservation_only_vs_horizon_only,10,-0.0007123287671234934,-0.003260273972602548,0.002013698630136454,inconclusive,-0.0002499817700317042,-0.005665159514031432,0.00524034541101257,inconclusive,BG00831,release,average_utilization
horizon_only_vs_baseline,10,0.0,0.0,0.0,inconclusive,0.0,0.0,0.0,inconclusive,BG00832,release,average_utilization
reservation_only_vs_baseline,10,0.0015547945205476865,-0.001178082191781294,0.004445376712328689,inconclusive,-0.0006929247779454584,-0.0035317820359025785,0.0020335042834802412,inconclusive,BG00832,release,average_utilization
both_flexible_vs_baseline,10,0.0015547945205476865,-0.001191952054795052,0.004465753424657395,inconclusive,-0.0006929247779454584,-0.003598193504938352,0.002048719643837203,inconclusive,BG00832,release,average_utilization
both_flexible_vs_horizon_only,10,0.0015547945205476865,-0.001219178082192222,0.00439126712328764,inconclusive,-0.0006929247779454584,-0.0036183348995658085,0.0021231867755501926,inconclusive,BG00832,release,average_utilization
both_flexible_vs_reservation_only,10,0.0,0.0,0.0,inconclusive,0.0,0.0,0.0,inconclusive,BG00832,release,average_utilization
reservation_only_vs_horizon_only,10,0.0015547945205476865,-0.0011234589041099483,0.004513869863013575,inconclusive,-0.0006929247779454584,-0.0037078427627757196,0.0020620145978445838,inconclusive,BG00832,release,average_utilization
horizon_only_vs_baseline,10,0.0007762557077624632,-0.001452054794520244,0.0032242009132419417,inconclusive,0.0007140726453663149,-0.0033789785238625206,0.005330330011923509,inconclusive,BG00833,release,average_utilization
reservation_only_vs_baseline,10,0.02871232876712193,0.02709589041095774,0.030310502283103394,supported,0.06524422723755888,0.06271537300341123,0.06789072539946714,supported,BG00833,release,average_utilization
both_flexible_vs_baseline,10,0.02871232876712193,0.027196347031962526,0.030310502283103627,supported,0.06524422723755888,0.06284204228961102,0.06786604813279233,supported,BG00833,release,average_utilization
both_flexible_vs_horizon_only,10,0.027936073059359467,0.02496803652967917,0.030821917808217903,supported,0.06453015459219257,0.059813997059442035,0.06938600249484461,supported,BG00833,release,average_utilization
both_flexible_vs_reservation_only,10,0.0,0.0,0.0,inconclusive,0.0,0.0,0.0,inconclusive,BG00833,release,average_utilization
reservation_only_vs_horizon_only,10,0.027936073059359467,0.024876484018263666,0.03081324200913144,supported,0.06453015459219257,0.05970814207091277,0.06938643556934629,supported,BG00833,release,average_utilization
horizon_only_vs_baseline,10,0.0,0.0,0.0,inconclusive,0.0,0.0,0.0,inconclusive,BG00834,release,average_utilization
reservation_only_vs_baseline,10,0.0,0.0,0.0,inconclusive,0.0,0.0,0.0,inconclusive,BG00834,release,average_utilization
both_flexible_vs_baseline,10,0.0006438356164384929,-0.0015070205479450554,0.002911130136986477,inconclusive,0.0038843108694186614,-0.00138206554502045,0.008941057715850057,inconclusive,BG00834,release,average_utilization
both_flexible_vs_horizon_only,10,0.0006438356164384929,-0.0014589041095890028,0.0028698630136985374,inconclusive,0.0038843108694186614,-0.001492513986842441,0.008948032648840023,inconclusive,BG00834,release,average_utilization
both_flexible_vs_reservation_only,10,0.0006438356164384929,-0.0014452054794519414,0.0029246575342465886,inconclusive,0.0038843108694186614,-0.00135165454660876,0.008901650457791734,inconclusive,BG00834,release,average_utilization
reservation_only_vs_horizon_only,10,0.0,0.0,0.0,inconclusive,0.0,0.0,0.0,inconclusive,BG00834,release,average_utilization
horizon_only_vs_baseline,10,0.01184246575342458,0.0082260273972606,0.0158287671232878,supported,0.04773525494199022,0.04191338290431468,0.05335062288089074,supported,BG00835,release,average_utilization
reservation_only_vs_baseline,10,0.00903424657534253,0.005390239726027391,0.013364383561643883,supported,-0.06472561206451219,-0.07019074981253538,-0.05938105846792075,contradicted,BG00835,release,average_utilization
both_flexible_vs_baseline,10,0.01184246575342458,0.008308047945205536,0.015780993150684697,supported,0.04773525494199022,0.04195964424613185,0.05360509282463794,supported,BG00835,release,average_utilization
both_flexible_vs_horizon_only,10,0.0,0.0,0.0,inconclusive,0.0,0.0,0.0,inconclusive,BG00835,release,average_utilization
both_flexible_vs_reservation_only,10,0.00280821917808205,0.0014998287671230293,0.00427414383561629,inconclusive,0.11246086700650242,0.10891278145321387,0.11581836680526446,supported,BG00835,release,average_utilization
reservation_only_vs_horizon_only,10,-0.00280821917808205,-0.004321917808218893,-0.0014655821917805827,inconclusive,-0.11246086700650242,-0.11579302310447558,-0.10894882466186592,contradicted,BG00835,release,average_utilization
horizon_only_vs_baseline,10,0.0002831050228313425,-0.001497945205479114,0.0018447488584475142,inconclusive,0.0013249857214152395,-0.0009225175363905175,0.003577112123678485,inconclusive,BG00836,release,average_utilization
reservation_only_vs_baseline,10,0.004264840182648532,0.0024840182648401808,0.0057442922374431335,inconclusive,0.08847411304108718,0.08221482001739211,0.0943903255486225,supported,BG00836,release,average_utilization
both_flexible_vs_baseline,10,0.005360730593607532,0.002091095890411266,0.007917808219178023,supported,0.0836311282173632,0.07806736280787228,0.08916421038296062,supported,BG00836,release,average_utilization
both_flexible_vs_horizon_only,10,0.00507762557077619,0.0009223744292237123,0.0084748858447487,supported,0.08230614249594795,0.07679787364118475,0.08812157824821984,supported,BG00836,release,average_utilization
both_flexible_vs_reservation_only,10,0.0010958904109589994,-0.0005936073059360839,0.002748858447488589,inconclusive,-0.004842984823723984,-0.010531223062142403,0.0011070842902536353,inconclusive,BG00836,release,average_utilization
reservation_only_vs_horizon_only,10,0.00398173515981719,0.0011598173515979546,0.006813242009132549,inconclusive,0.08714912731967193,0.0815832237285326,0.09218242623323994,supported,BG00836,release,average_utilization
horizon_only_vs_baseline,10,0.046219178082191927,0.04213698630137009,0.050328767123287606,supported,0.015110113731026966,0.01268241673668805,0.0173440077620275,supported,BG00837,release,average_utilization
reservation_only_vs_baseline,10,0.0036301369863012355,0.0025886986301367995,0.0048082191780819735,inconclusive,0.00010499435813720315,-0.00019790923911437177,0.0004271082878397374,inconclusive,BG00837,release,average_utilization
both_flexible_vs_baseline,10,0.0465890410958905,0.04234178082191768,0.050589041095890595,supported,0.015162607961966007,0.013060714799999013,0.017261026829145133,supported,BG00837,release,average_utilization
both_flexible_vs_horizon_only,10,0.0003698630136985792,-0.0003698630136986572,0.0012469178082191608,inconclusive,5.2494230939040266e-05,-0.0002938701428516341,0.0004893837718520282,inconclusive,BG00837,release,average_utilization
both_flexible_vs_reservation_only,10,0.04295890410958927,0.03823253424657551,0.047123287671233104,supported,0.015057613603828804,0.012923094941637769,0.017133376187442612,supported,BG00837,release,average_utilization
reservation_only_vs_horizon_only,10,-0.04258904109589069,-0.04691815068493174,-0.03801198630137027,contradicted,-0.015005119372889763,-0.017187201056017478,-0.012602366597070007,contradicted,BG00837,release,average_utilization
horizon_only_vs_baseline,10,0.014005479452054558,0.012608219178081947,0.01540821917808204,supported,0.07751503801147135,0.07489227271559566,0.07994899063657077,supported,BG00838,release,average_utilization
reservation_only_vs_baseline,10,0.04201095890410903,0.040147945205478965,0.044136986301369224,supported,0.2370680088155825,0.23544410082446365,0.23885527925697891,supported,BG00838,release,average_utilization
both_flexible_vs_baseline,10,0.042131506849314396,0.0403452054794514,0.04408219178082137,supported,0.23735684831059634,0.23531426663257024,0.2397943321548716,supported,BG00838,release,average_utilization
both_flexible_vs_horizon_only,10,0.028126027397259834,0.026082054794520138,0.030219178082191156,supported,0.15984181029912495,0.15713130238884693,0.1627339122187979,supported,BG00838,release,average_utilization
both_flexible_vs_reservation_only,10,0.00012054794520536261,-0.001139726027397362,0.0013753424657533275,inconclusive,0.0002888394950137818,-0.0021037173340845245,0.002790543849557422,inconclusive,BG00838,release,average_utilization
reservation_only_vs_horizon_only,10,0.02800547945205447,0.026131506849314843,0.029874109589041006,supported,0.15955297080411118,0.15792729517291085,0.16127498046573882,supported,BG00838,release,average_utilization
horizon_only_vs_baseline,10,0.0019726027397262034,-0.00036529680365266355,0.004347260273972263,inconclusive,0.0017561565536285627,-0.004908408873753671,0.00854299941793519,inconclusive,BG00839,release,average_utilization
reservation_only_vs_baseline,10,0.00044748858447507533,-0.0009499999999997928,0.0017808219178079827,inconclusive,0.004148380556017262,-0.001159100985805403,0.009227135512636485,inconclusive,BG00839,release,average_utilization
both_flexible_vs_baseline,10,0.0019726027397262034,-0.00042054794520522616,0.004411187214611998,inconclusive,0.0017561565536285627,-0.0048685488707027125,0.008378552684410396,inconclusive,BG00839,release,average_utilization
both_flexible_vs_horizon_only,10,0.0,0.0,0.0,inconclusive,0.0,0.0,0.0,inconclusive,BG00839,release,average_utilization
both_flexible_vs_reservation_only,10,0.0015251141552511283,-0.0006118721461184978,0.0038997716894978674,inconclusive,-0.0023922240023886987,-0.008475836000217814,0.003932013546112207,inconclusive,BG00839,release,average_utilization
reservation_only_vs_horizon_only,10,-0.0015251141552511283,-0.003981963470319418,0.0006029680365295796,inconclusive,0.0023922240023886987,-0.0037603580447005207,0.008984108825154196,inconclusive,BG00839,release,average_utilization
horizon_only_vs_baseline,10,0.0035821917808221415,0.0019863013698630493,0.00538356164383585,inconclusive,0.023521708490188996,0.021887053169557014,0.025285977510875603,supported,BG00840,release,average_utilization
reservation_only_vs_baseline,10,0.004671232876712639,0.0034383561643838256,0.005842636986301761,inconclusive,-0.036661741492749686,-0.03846391876535035,-0.03465186911019498,contradicted,BG00840,release,average_utilization
both_flexible_vs_baseline,10,0.004671232876712639,0.00341780821917855,0.0058287671232879175,inconclusive,-0.036661741492749686,-0.038431202234606845,-0.03475535238319612,contradicted,BG00840,release,average_utilization
both_flexible_vs_horizon_only,10,0.0010890410958904972,-0.0008359589041099811,0.002794520547945446,inconclusive,-0.060183449982938675,-0.06239993893449463,-0.05800558916621044,contradicted,BG00840,release,average_utilization
both_flexible_vs_reservation_only,10,0.0,0.0,0.0,inconclusive,0.0,0.0,0.0,inconclusive,BG00840,release,average_utilization
reservation_only_vs_horizon_only,10,0.0010890410958904972,-0.0007878424657535079,0.0028835616438358126,inconclusive,-0.060183449982938675,-0.06231939626660977,-0.05802338539149201,contradicted,BG00840,release,average_utilization
