class1_cancel_prob,seed,class_id,arrivals,booked,balked,offered,no_offer,canceled,no_show,served,mean_accepted_booking_delay,mean_offered_booking_delay,percent_serviced,slot_utilization,balking_rate,total_booking_delay,total_offered_booking_delay
0.0,1,1,18139,8551,6645,15196,2943,0,2170,6332,11.104198339375511,11.826072650697553,0.34908208831798887,0.5421232876712329,0.4372861279284022,94952.0,179709.0
0.0,1,2,18217,8507,6606,15113,3104,5362,692,2429,11.104972375690608,11.826506980745053,0.13333699291870232,0.20796232876712328,0.43710712631509296,94470.0,178734.0
0.0,2,1,18232,8564,6758,15322,2910,0,2244,6274,11.13288183092013,11.841861375799503,0.3441202281702501,0.5371575342465753,0.4410651350998564,95342.0,181441.0
0.0,2,2,18414,8439,6954,15393,3021,5310,654,2453,11.172887782912667,11.873643864094069,0.13321385902031063,0.21001712328767122,0.45176378873513934,94288.0,182771.0
0.0,3,1,18337,8511,6719,15230,3107,0,2111,6350,11.081189049465397,11.812212738017072,0.34629437748813874,0.5436643835616438,0.4411687458962574,94312.0,179900.0
0.0,3,2,18240,8535,6521,15056,3184,5354,692,2473,11.188283538371412,11.857531880977684,0.1355811403508772,0.21172945205479451,0.4331163655685441,95492.0,178527.0
0.0,4,1,18087,8515,6740,15255,2832,0,2223,6239,11.11591309453905,11.835136020976728,0.3449438823464367,0.5341609589041096,0.4418223533267781,94652.0,180545.0
0.0,4,2,18085,8522,6672,15194,2891,5349,689,2473,11.139051865759212,11.837567460839805,0.13674315731269007,0.21172945205479451,0.43912070554166116,94927.0,179860.0
0.0,5,1,18028,8542,6564,15106,2922,0,2263,6233,11.101030203699368,11.81047265987025,0.3457399600621256,0.5336472602739726,0.43452932609559114,94825.0,178409.0
0.0,5,2,18127,8486,6634,15120,3007,5343,642,2481,11.113952392175348,11.821957671957671,0.1368676559827881,0.21241438356164383,0.43875661375661373,94313.0,178748.0
0.0,6,1,18316,8511,6648,15159,3157,0,2263,6200,11.153800963459053,11.843195461442047,0.3385018563005023,0.5308219178082192,0.4385513556303186,94930.0,179531.0
0.0,6,2,18342,8434,6706,15140,3202,5271,679,2470,11.126037467393882,11.837054161162483,0.13466361356449677,0.21147260273972604,0.4429326287978864,93837.0,179213.0
0.0,7,1,18426,8558,6723,15281,3145,0,2200,6309,11.184739425099322,11.857535501603298,0.34239661348095085,0.5401541095890411,0.4399581179242196,95719.0,181195.0
0.0,7,2,18534,8491,6810,15301,3233,5375,669,2433,11.154516546932046,11.848245212731195,0.13127225639365492,0.20830479452054795,0.44506894974184696,94713.0,181290.0
0.0,8,1,18395,8590,6737,15327,3068,0,2248,6287,11.136903376018626,11.84732824427481,0.34177765697200324,0.5382705479452055,0.4395511189404319,95666.0,181584.0
0.0,8,2,18084,8361,6672,15033,3051,5264,674,2405,11.205597416576964,11.889709306193042,0.13299048882990488,0.20590753424657535,0.44382358810616646,93690.0,178738.0
0.0,9,1,18323,8608,6555,15163,3160,0,2273,6286,11.144981412639405,11.829057574358636,0.34306609179719477,0.5381849315068493,0.4323023148453472,95936.0,179364.0
0.0,9,2,18139,8404,6728,15132,3007,5339,657,2391,11.148738695859114,11.862410785091198,0.13181542532664425,0.20470890410958903,0.4446206714247951,93694.0,179502.0
0.0,10,1,18220,8581,6597,15178,3042,0,2213,6323,11.120265703297983,11.82369218605877,0.34703622392974753,0.5413527397260274,0.43464224535511925,95423.0,179460.0
0.0,10,2,18282,8409,6772,15181,3101,5305,621,2463,11.184920918063979,11.876951452473486,0.1347226780439777,0.21087328767123287,0.4460839206903366,94054.0,180304.0
0.0,11,1,18406,8592,6814,15406,3000,0,2197,6344,11.127327746741155,11.84142541866805,0.3446702162338368,0.5431506849315069,0.4422952096585746,95606.0,182429.0
0.0,11,2,17913,8381,6514,14895,3018,5301,687,2379,11.167641092948335,11.853306478684122,0.13280857477809413,0.20368150684931507,0.4373279624034911,93596.0,176555.0
0.0,12,1,18187,8523,6654,15177,3010,0,2172,6300,11.148421917165317,11.843710878302694,0.34640127563644363,0.5393835616438356,0.4384265665151216,95018.0,179752.0
0.0,12,2,18397,8581,6788,15369,3028,5431,653,2475,11.089383521734064,11.819897195653589,0.1345328042615644,0.21190068493150685,0.4416682933177175,95158.0,181660.0
0.0,13,1,18221,8530,6686,15216,3005,0,2249,6232,11.06084407971864,11.79948738170347,0.3420229405630866,0.5335616438356164,0.43940588853838064,94349.0,179541.0
0.0,13,2,18134,8494,6684,15178,2956,5334,624,2510,11.155168354132329,11.858874687047042,0.13841402889599647,0.2148972602739726,0.44037422585320857,94752.0,179994.0
0.0,14,1,18083,8504,6712,15216,2867,0,2167,6287,11.150517403574788,11.845688748685594,0.34767461151357626,0.5382705479452055,0.4411146161934805,94824.0,180244.0
0.0,14,2,18221,8521,6771,15292,2929,5320,695,2483,11.129327543715526,11.83854302903479,0.13627133527248778,0.21258561643835616,0.44278053884383994,94833.0,181035.0
0.0,15,1,18255,8619,6571,15190,3065,0,2246,6314,11.116602854159416,11.814614878209348,0.345877841687209,0.5405821917808219,0.432587228439763,95814.0,179464.0
0.0,15,2,18299,8496,6795,15291,3008,5409,677,2391,11.161134651600753,11.865280230200772,0.13066287775288268,0.20470890410958903,0.44437904649793997,94825.0,181432.0
0.0,16,1,18444,8508,6812,15320,3124,0,2227,6233,11.102256699576868,11.83093994778068,0.337941878117545,0.5336472602739726,0.4446475195822454,94458.0,181250.0
0.0,16,2,18320,8532,6606,15138,3182,5369,668,2478,11.164791373652132,11.845422116527942,0.13526200873362446,0.21215753424657535,0.43638525564803804,95258.0,179316.0
0.0,17,1,18442,8525,6730,15255,3187,0,2215,6266,11.158592375366569,11.85886594559161,0.33976792104977765,0.5364726027397261,0.4411668305473615,95127.0,180907.0
0.0,17,2,18559,8520,6836,15356,3203,5364,681,2458,11.164906103286384,11.864222453764,0.13244248073710868,0.21044520547945206,0.44516801250325605,95125.0,182187.0
0.0,18,1,18328,8523,6685,15208,3120,0,2142,6331,11.093746333450662,11.818911099421356,0.34542776080314275,0.5420376712328767,0.4395712782745923,94552.0,179742.0
0.0,18,2,18391,8637,6628,15265,3126,5486,689,2447,11.10547643857821,11.81277432034065,0.13305421129900494,0.20950342465753424,0.43419587291188994,95918.0,180322.0
0.0,19,1,18287,8576,6588,15164,3123,0,2182,6345,11.15986473880597,11.84496175151675,0.3469677913271723,0.543236301369863,0.4344500131891322,95707.0,179617.0
0.0,19,2,18158,8376,6687,15063,3095,5267,670,2427,11.192335243553009,11.882692690699065,0.13366009472408855,0.20779109589041095,0.4439354710217088,93747.0,178989.0
0.0,20,1,18518,8595,6566,15161,3357,0,2226,6318,11.139383362420011,11.836422399577865,0.34118155308348636,0.5409246575342466,0.4330848888595739,95743.0,179452.0
0.0,20,2,18159,8352,6556,14908,3251,5244,663,2428,11.147629310344827,11.857593238529649,0.1337078032931329,0.20787671232876712,0.43976388516232895,93105.0,176773.0
0.0,21,1,18294,8600,6592,15192,3102,0,2246,6294,11.17046511627907,11.85308056872038,0.34404722859954084,0.5388698630136987,0.43391258557135337,96066.0,180072.0
0.0,21,2,18025,8442,6544,14986,3039,5341,665,2421,11.11348021795783,11.828439877218738,0.1343134535367545,0.20727739726027397,0.43667422928066196,93820.0,177261.0
0.0,22,1,18143,8640,6775,15415,2728,0,2223,6357,11.128935185185185,11.833733376581252,0.35038306784985945,0.544263698630137,0.4395069737268894,96154.0,182417.0
0.0,22,2,17946,8447,6756,15203,2743,5400,647,2390,11.108204096128803,11.827599815825824,0.13317730970689848,0.2046232876712329,0.44438597645201605,93831.0,179815.0
0.0,23,1,18169,8484,6825,15309,2860,0,2231,6201,11.067185289957568,11.808739956888106,0.34129561340745224,0.5309075342465753,0.4458161865569273,93894.0,180780.0
0.0,23,2,18322,8687,6799,15486,2836,5499,679,2499,11.125820191090135,11.82435748417926,0.13639340683331513,0.2139554794520548,0.43904171509750745,96650.0,183112.0
0.0,24,1,18280,8493,6783,15276,3004,0,2226,6210,11.135758860237843,11.853102906520032,0.3397155361050328,0.5316780821917808,0.44402985074626866,94576.0,181068.0
0.0,24,2,18193,8581,6639,15220,2973,5404,672,2489,11.110010488288077,11.825755584756898,0.13681086132028802,0.21309931506849314,0.4362023653088042,95335.0,179988.0
0.0,25,1,18083,8516,6520,15036,3047,0,2264,6195,11.154297792390794,11.832867783985103,0.3425869601282973,0.5303938356164384,0.43362596435222134,94990.0,177919.0
0.0,25,2,18225,8501,6744,15245,2980,5340,681,2469,11.127984942947888,11.840800262381109,0.13547325102880658,0.21138698630136987,0.44237454903246964,94599.0,180513.0
0.0,26,1,18278,8515,6670,15185,3093,0,2274,6197,11.139753376394598,11.834112611129404,0.339041470620418,0.5305650684931507,0.43924925913730656,94855.0,179701.0
0.0,26,2,18270,8547,6637,15184,3086,5356,704,2461,11.152334152334152,11.838645943097998,0.1347016967706623,0.21070205479452056,0.4371048472075869,95319.0,179758.0
0.0,27,1,18238,8487,6485,14972,3266,0,2180,6259,11.16106987156828,11.850721346513492,0.34318455971049455,0.5358732876712329,0.43314186481432004,94724.0,177429.0
0.0,27,2,18363,8527,6588,15115,3248,5335,712,2471,11.08127125601032,11.809063843863711,0.13456406905189783,0.21155821917808218,0.43585841878928216,94490.0,178494.0
0.0,28,1,18425,8544,6798,15342,3083,0,2235,6258,11.121371722846442,11.845065832355624,0.3396472184531886,0.5357876712328767,0.443097379741885,95021.0,181727.0
0.0,28,2,17801,8449,6394,14843,2958,5307,678,2446,11.170671085335544,11.855352691504413,0.13740801078591092,0.20941780821917808,0.43077544970693255,94381.0,175969.0
0.0,29,1,18296,8452,6807,15259,3037,0,2224,6177,11.11216280170374,11.84487843240055,0.33761477918670746,0.5288527397260274,0.44609738514974767,93920.0,180741.0
0.0,29,2,18239,8665,6615,15280,2959,5428,739,2484,11.134448932487016,11.840968586387435,0.13619167717528374,0.21267123287671233,0.4329188481675393,96480.0,180930.0
0.0,30,1,18253,8535,6697,15232,3021,0,2138,6347,11.097949619214997,11.818933823529411,0.3477236618638032,0.5434075342465754,0.4396664915966387,94721.0,180026.0
0.0,30,2,18240,8589,6613,15202,3038,5438,634,2501,11.145534986610782,11.838508091040653,0.13711622807017543,0.21412671232876712,0.43500855150638074,95729.0,179969.0
0.0,31,1,18413,8490,6812,15302,3111,0,2220,6222,11.18080094228504,11.880930597307541,0.3379134307282898,0.5327054794520548,0.44517056593909293,94925.0,181802.0
0.0,31,2,18331,8421,6751,15172,3159,5224,680,2499,11.156275976724855,11.861784866860006,0.136326441547106,0.2139554794520548,0.4449644081202215,93947.0,179967.0
0.0,32,1,18146,8485,6687,15172,2974,0,2177,6258,11.202592810842663,11.887753756920644,0.34486939270362615,0.5357876712328767,0.44074611125757973,95054.0,180361.0
0.0,32,2,18111,8439,6606,15045,3066,5252,700,2474,11.098471382865268,11.822266533732137,0.13660206504334382,0.21181506849315068,0.4390827517447657,93660.0,177866.0
0.0,33,1,18308,8495,6763,15258,3050,0,2159,6287,11.071218363743379,11.80855944422598,0.3434017915665283,0.5382705479452055,0.44324288897627473,94050.0,180175.0
0.0,33,2,18500,8666,6781,15447,3053,5471,642,2539,11.07465958919917,11.807664918754451,0.13724324324324325,0.21738013698630138,0.4389849161649511,95973.0,182393.0
0.0,34,1,18138,8457,6850,15307,2831,0,2257,6154,11.026959914863427,11.791271967073888,0.3392876833167935,0.5268835616438357,0.447507676226563,93255.0,180489.0
0.0,34,2,18299,8621,6761,15382,2917,5393,763,2447,11.152534508757684,11.84085294500065,0.13372315427072518,0.20950342465753424,0.43953972175269795,96146.0,182136.0
0.0,35,1,18370,8592,6669,15261,3109,0,2160,6393,11.175628491620111,11.844702182032632,0.34801306477953187,0.5473458904109589,0.43699626498918814,96021.0,180762.0
0.0,35,2,18146,8505,6599,15104,3042,5424,664,2396,11.084185773074662,11.798000529661017,0.13204011903449797,0.20513698630136987,0.4369041313559322,94271.0,178197.0
0.0,36,1,18480,8552,6746,15298,3182,0,2223,6276,11.08863423760524,11.820891619819584,0.3396103896103896,0.5373287671232877,0.4409726761668192,94830.0,180836.0
0.0,36,2,18211,8546,6623,15169,3042,5418,688,2428,11.102504095483267,11.816335948315643,0.13332601175113942,0.20787671232876712,0.43661414727404574,94882.0,179242.0
0.0,37,1,18458,8609,6586,15195,3263,0,2173,6379,11.161110465791614,11.847581441263573,0.345595405786109,0.5461472602739726,0.4334320500164528,96086.0,180024.0
0.0,37,2,18208,8314,6535,14849,3359,5240,671,2390,11.169713735867212,11.860933396188296,0.1312609841827768,0.2046232876712329,0.4400969762273554,92865.0,176123.0
0.0,38,1,18153,8602,6629,15231,2922,0,2202,6348,11.115438270169728,11.827851093165256,0.34969426541067594,0.5434931506849315,0.4352307793316263,95615.0,180150.0
0.0,38,2,18076,8440,6685,15125,2951,5346,722,2355,11.121208530805687,11.837421487603306,0.1302832485063067,0.2016267123287671,0.4419834710743802,93863.0,179041.0
0.0,39,1,18286,8419,6676,15095,3191,0,2115,6254,11.081363582373204,11.811659489897316,0.342010281089358,0.5354452054794521,0.4422656508777741,93294.0,178297.0
0.0,39,2,18251,8723,6483,15206,3045,5475,701,2532,11.112690588100424,11.806918321715113,0.13873212426716344,0.21678082191780823,0.4263448638695252,96936.0,179536.0
0.0,40,1,18300,8508,6664,15172,3128,0,2247,6212,11.18911612599906,11.871869232797257,0.3394535519125683,0.5318493150684932,0.4392301608225679,95197.0,180120.0
0.0,40,2,18350,8432,6639,15071,3279,5265,721,2437,11.102703984819735,11.825094552451729,0.13280653950953678,0.2086472602739726,0.44051489615818457,93618.0,178216.0
0.0,41,1,18167,8482,6840,15322,2845,0,2183,6247,11.069205376090546,11.805312622373059,0.3438652501788958,0.5348458904109589,0.44641691685158597,93889.0,180881.0
0.0,41,2,18202,8565,6692,15257,2945,5383,723,2444,11.190776415645066,11.869240348692404,0.13427095923524887,0.20924657534246574,0.4386183391230255,95849.0,181089.0
0.0,42,1,18136,8529,6708,15237,2899,0,2217,6256,11.156993785906906,11.852201877009911,0.34494927216585797,0.5356164383561643,0.44024414254774563,95158.0,180592.0
0.0,42,2,18092,8474,6618,15092,3000,5308,672,2481,11.180552277554874,11.861317254174397,0.13713243422507185,0.21241438356164383,0.438510469122714,94744.0,179011.0
0.0,43,1,18353,8553,6716,15269,3084,0,2168,6331,11.102303285396937,11.819503569323466,0.34495722770119325,0.5420376712328767,0.4398454384701028,94958.0,180472.0
0.0,43,2,18259,8512,6775,15287,2972,5359,699,2438,11.162946428571429,11.858899718715248,0.1335231940412947,0.20873287671232876,0.4431870216523844,95019.0,181287.0
0.0,44,1,18411,8579,6809,15388,3023,0,2185,6339,11.096398181606247,11.82174421627242,0.34430503503340393,0.5427226027397261,0.4424876527164024,95196.0,181913.0
0.0,44,2,18346,8550,6780,15330,3016,5435,649,2453,11.140233918128654,11.843052837573385,0.13370762018968713,0.21001712328767122,0.44227005870841485,95249.0,181554.0
0.0,45,1,18328,8505,6513,15018,3310,0,2180,6277,11.18506760728983,11.856905047276602,0.3424814491488433,0.5374143835616438,0.43367958449860167,95129.0,178067.0
0.0,45,2,18321,8482,6577,15059,3262,5312,643,2510,11.132987502947419,11.838236270668704,0.13700125538998964,0.2148972602739726,0.43674878810013945,94430.0,178272.0
0.0,46,1,18410,8571,6680,15251,3159,0,2237,6285,11.164974915412436,11.855681594649532,0.3413905486148832,0.5380993150684932,0.438004065307193,95695.0,180811.0
0.0,46,2,18131,8388,6502,14890,3241,5272,687,2411,11.152718168812589,11.850705171255877,0.13297666979206882,0.20642123287671232,0.43666890530557423,93549.0,176457.0
0.0,47,1,18022,8528,6633,15161,2861,0,2181,6301,11.024390243902438,11.771584987797638,0.3496282321606925,0.5394691780821917,0.4375041224193655,94016.0,178469.0
0.0,47,2,18300,8649,6709,15358,2942,5499,684,2451,11.132154006243496,11.832855840604246,0.13393442622950819,0.2098458904109589,0.4368407344706342,96282.0,181729.0
0.0,48,1,18198,8468,6670,15138,3060,0,2175,6247,11.15434577231932,11.850508653719118,0.3432794812616771,0.5348458904109589,0.44061302681992337,94455.0,179393.0
0.0,48,2,18225,8489,6698,15187,3038,5297,725,2450,11.129697255271529,11.83861197076447,0.13443072702331962,0.20976027397260275,0.4410350958056232,94480.0,179793.0
0.0,49,1,18397,8523,6697,15220,3177,0,2241,6231,11.178458289334742,11.869908015768726,0.3386965266075991,0.5334760273972603,0.4400131406044678,95274.0,180660.0
0.0,49,2,18296,8503,6600,15103,3193,5338,648,2503,11.125014700693873,11.82665695557174,0.13680585920419763,0.21429794520547946,0.43699927166788055,94596.0,178618.0
0.0,50,1,18278,8553,6724,15277,3001,0,2170,6336,11.110721384309599,11.80676834457027,0.3466462413830835,0.5424657534246575,0.4401387707010539,95030.0,180372.0
0.0,50,2,18259,8551,6670,15221,3038,5432,642,2464,11.10232721319144,11.811116221010446,0.134947149351005,0.21095890410958903,0.43821036725576507,94936.0,179777.0
0.0,51,1,18212,8509,6665,15174,3038,0,2192,6262,11.159478199553414,11.852774482667721,0.3438392268833736,0.5361301369863014,0.43923817055489656,94956.0,179854.0
0.0,51,2,18256,8461,6676,15137,3119,5272,655,2516,11.147736674151991,11.845213714738719,0.137817703768624,0.21541095890410958,0.4410385148972716,94321.0,179301.0
0.0,52,1,18238,8575,6643,15218,3020,0,2231,6289,11.145072886297376,11.834275200420555,0.34482947691632854,0.5384417808219178,0.4365225390984361,95569.0,180094.0
0.0,52,2,18105,8444,6607,15051,3054,5337,647,2445,11.187707247749882,11.864261510863066,0.13504556752278377,0.2093321917808219,0.4389741545412265,94469.0,178569.0
0.0,53,1,18378,8540,6697,15237,3141,0,2263,6224,11.130093676814989,11.834481853383211,0.3386657960605071,0.5328767123287671,0.4395222156592505,95051.0,180322.0
0.0,53,2,18341,8592,6676,15268,3073,5439,689,2446,11.087523277467412,11.802659156405554,0.13336241208222016,0.20941780821917808,0.4372543882630338,95264.0,180203.0
0.0,54,1,18058,8408,6523,14931,3127,0,2127,6227,11.184229305423406,11.85982184716362,0.3448333148742939,0.5331335616438356,0.43687629763579133,94037.0,177079.0
0.0,54,2,18135,8538,6516,15054,3081,5253,716,2552,11.116420707425627,11.823302776670653,0.1407223600771988,0.2184931506849315,0.4328417696293344,94912.0,177988.0
0.0,55,1,18124,8512,6625,15137,2987,0,2177,6281,11.148143796992482,11.842439056616238,0.34655705142352683,0.5377568493150685,0.4376692871771157,94893.0,179259.0
0.0,55,2,18282,8525,6703,15228,3054,5367,680,2467,11.124105571847508,11.833661675860258,0.13494147248659885,0.21121575342465754,0.4401759915944313,94833.0,180203.0
0.0,56,1,18028,8422,6590,15012,3016,0,2121,6256,11.056043695084304,11.797428723687716,0.3470157532726869,0.5356164383561643,0.4389821476152411,93114.0,177103.0
0.0,56,2,18173,8802,6510,15312,2861,5543,713,2522,11.074528516246307,11.784417450365726,0.13877730699389204,0.21592465753424658,0.4251567398119122,97478.0,180443.0
0.0,57,1,18347,8575,6606,15181,3166,0,2217,6301,11.13259475218659,11.828535669586984,0.34343489398811794,0.5394691780821917,0.43514919965746657,95462.0,179569.0
0.0,57,2,17957,8404,6451,14855,3102,5292,701,2397,11.223940980485484,11.881857960282733,0.13348554881104863,0.20522260273972603,0.43426455738808484,94326.0,176505.0
0.0,58,1,18089,8470,6627,15097,2992,0,2161,6264,11.118181818181819,11.826190633900776,0.34628779921499253,0.5363013698630137,0.43896138305623633,94171.0,178540.0
0.0,58,2,18506,8744,6694,15438,3068,5537,652,2539,11.071820677035682,11.790970332944681,0.13719874635253432,0.21738013698630138,0.433605389299132,96812.0,182029.0
0.0,59,1,18203,8495,6752,15247,2956,0,2214,6230,11.105356091818717,11.832557224372007,0.3422512772619898,0.5333904109589042,0.44284121466518006,94340.0,180411.0
0.0,59,2,18581,8716,6872,15588,2993,5531,672,2501,11.045089490592014,11.791827046445984,0.1345998600721167,0.21412671232876712,0.44085193738773415,96269.0,183811.0
0.0,60,1,18111,8414,6618,15032,3079,0,2166,6203,11.142619443784168,11.845596061734966,0.3424990337364033,0.5310787671232877,0.44026077700904737,93754.0,178063.0
0.0,60,2,18517,8584,6727,15311,3206,5343,655,2570,11.130591798695248,11.83534713604598,0.13879138089323326,0.22003424657534246,0.439357324799164,95545.0,181211.0
0.0,61,1,18286,8469,6734,15203,3083,0,2166,6259,11.16920533711182,11.868578570019075,0.3422837143169638,0.5358732876712329,0.4429388936394133,94592.0,180438.0
0.0,61,2,18369,8627,6641,15268,3101,5417,631,2558,11.085661295931379,11.803248624574273,0.13925635581686538,0.2190068493150685,0.4349620120513492,95636.0,180212.0
0.0,62,1,18209,8459,6767,15226,2983,0,2131,6282,11.079796666272609,11.805070274530408,0.344994233620737,0.5378424657534246,0.4444371469854197,93724.0,179744.0
0.0,62,2,18412,8709,6734,15443,2969,5488,704,2498,11.145022390630382,11.832480735608366,0.13567238757332176,0.21386986301369862,0.43605517062746874,97062.0,182729.0
0.0,63,1,18232,8466,6560,15026,3206,0,2174,6243,11.06508386487125,11.79582057766538,0.34241992101799035,0.5345034246575342,0.436576600559031,93677.0,177244.0
0.0,63,2,18290,8616,6524,15140,3150,5409,718,2474,11.163068709377901,11.840158520475562,0.13526517222525972,0.21181506849315068,0.4309114927344782,96181.0,179260.0
0.0,64,1,18179,8593,6547,15140,3039,0,2168,6378,11.139299429768416,11.832364597093791,0.35084438087903624,0.5460616438356164,0.43243064729194186,95720.0,179142.0
0.0,64,2,18261,8476,6659,15135,3126,5364,643,2450,11.103468617272299,11.82405021473406,0.13416570834017852,0.20976027397260275,0.43997357119259994,94113.0,178957.0
0.0,65,1,18414,8456,6827,15283,3131,0,2171,6236,11.171712393566699,11.886082575410587,0.33865537091343545,0.5339041095890411,0.4467054897598639,94468.0,181655.0
0.0,65,2,18168,8615,6453,15068,3100,5376,711,2510,11.04840394660476,11.776612689142553,0.13815499779832674,0.2148972602739726,0.4282585611892753,95182.0,177450.0
0.0,66,1,18330,8466,6842,15308,3022,0,2171,6252,11.10855185447673,11.845440292657434,0.34108019639934534,0.5352739726027397,0.4469558400836164,94045.0,181330.0
0.0,66,2,18206,8555,6624,15179,3027,5324,698,2511,11.150438340151958,11.848408986099216,0.13792156431945513,0.21498287671232877,0.4363923842150339,95392.0,179847.0
0.0,67,1,18254,8551,6889,15440,2814,0,2173,6332,11.151678166296339,11.855116580310881,0.3468828749863044,0.5421232876712329,0.4461787564766839,95358.0,183043.0
0.0,67,2,18111,8524,6869,15393,2718,5398,714,2394,11.11532144533083,11.834860001299292,0.13218486002981614,0.20496575342465753,0.4462417982199701,94747.0,182174.0
0.0,68,1,18369,8572,6760,15332,3037,0,2300,6221,11.185487634157722,11.867336290112183,0.338668408732103,0.5326198630136987,0.4409079050352204,95882.0,181950.0
0.0,68,2,18187,8356,6811,15167,3020,5253,649,2442,11.129846816658688,11.846772598404431,0.1342717325562215,0.20907534246575343,0.4490670534713523,93001.0,179680.0
0.0,69,1,18443,8640,6557,15197,3246,0,2281,6316,11.202314814814814,11.864907547542279,0.34246055413978205,0.5407534246575343,0.43146673685595843,96788.0,180311.0
0.0,69,2,18145,8279,6663,14942,3203,5225,647,2386,11.130692112573982,11.86072814884219,0.13149627996693303,0.20428082191780822,0.44592424039619866,92151.0,177223.0
0.0,70,1,18271,8604,6452,15056,3215,0,2211,6342,11.140516039051604,11.835879383634431,0.34710743801652894,0.5429794520547945,0.42853347502656747,95853.0,178201.0
0.0,70,2,18249,8491,6636,15127,3122,5402,653,2416,11.103874690849134,11.827064189859192,0.13239081593511973,0.20684931506849316,0.43868579361406757,94283.0,178908.0
0.0,71,1,18191,8502,6602,15104,3087,0,2242,6211,11.135379910609268,11.836069915254237,0.34143257654884285,0.531763698630137,0.4371027542372881,94673.0,178772.0
0.0,71,2,18252,8494,6656,15150,3102,5312,689,2477,11.12385213091594,11.836039603960396,0.13571115494192418,0.21207191780821918,0.4393399339933993,94486.0,179316.0
0.0,72,1,18594,8605,6927,15532,3062,0,2220,6333,11.169436374201046,11.866276075199588,0.340593739916102,0.542208904109589,0.4459824877671903,96113.0,184307.0
0.0,72,2,18082,8342,6831,15173,2909,5248,707,2371,11.146367777511388,11.851117115929611,0.13112487556686206,0.20299657534246576,0.4502076056152376,92983.0,179817.0
0.0,73,1,18213,8583,6776,15359,2854,0,2210,6335,11.136782010951881,11.854873364151311,0.34782847416680396,0.5423801369863014,0.44117455563513247,95587.0,182079.0
0.0,73,2,18179,8424,6841,15265,2914,5333,674,2399,11.16963437796771,11.87376351130036,0.13196545464547005,0.20539383561643837,0.44814936128398297,94093.0,181253.0
0.0,74,1,18340,8615,6701,15316,3024,0,2169,6393,11.135229251305862,11.844084617393575,0.3485823336968375,0.5473458904109589,0.4375163227996866,95930.0,181404.0
0.0,74,2,18084,8381,6711,15092,2992,5304,649,2418,11.141510559599093,11.857739199575935,0.13370935633709358,0.20702054794520547,0.444672674264511,93377.0,178957.0
0.0,75,1,18255,8549,6635,15184,3071,0,2251,6251,11.139782430693648,11.836933614330874,0.3424267324020816,0.5351883561643835,0.4369731296101159,95234.0,179732.0
0.0,75,2,18250,8498,6628,15126,3124,5355,675,2451,11.132619439868204,11.83591167526114,0.1343013698630137,0.2098458904109589,0.43818590506412797,94605.0,179030.0
0.0,76,1,18204,8549,6672,15221,2983,0,2188,6310,11.16844075330448,11.866106037711058,0.34662711491979786,0.5402397260273972,0.43834176466723607,95479.0,180614.0
0.0,76,2,18109,8470,6691,15161,2948,5327,710,2418,11.14391971664699,11.848031132511048,0.13352476669059585,0.20702054794520547,0.44132972759052835,94389.0,179628.0
0.0,77,1,18374,8553,6608,15161,3213,0,2161,6335,11.152694960832456,11.848954554448914,0.34478066833569176,0.5423801369863014,0.4358551546731746,95389.0,179642.0
0.0,77,2,17860,8363,6423,14786,3074,5234,638,2478,11.121965801745786,11.833491140267821,0.1387458006718925,0.21215753424657535,0.4343974029487353,93013.0,174970.0
0.0,78,1,18199,8498,6636,15134,3065,0,2115,6336,11.13485526006119,11.830712303422757,0.3481509973075444,0.5424657534246575,0.43848288621646625,94624.0,179046.0
0.0,78,2,18139,8541,6594,15135,3004,5354,694,2473,11.136635054443273,11.82398414271556,0.13633607144826065,0.21172945205479451,0.4356788899900892,95118.0,178956.0
0.0,79,1,18216,8524,6827,15351,2865,0,2256,6214,11.17022524636321,11.86359194840727,0.3411286780851998,0.5320205479452055,0.4447267279004625,95215.0,182118.0
0.0,79,2,18113,8527,6641,15168,2945,5372,652,2494,11.107892576521637,11.82001582278481,0.13769116104455364,0.21352739726027398,0.43782964135021096,94717.0,179286.0
0.0,80,1,18103,8492,6694,15186,2917,0,2238,6201,11.164507772020725,11.861517186882654,0.34253991051206983,0.5309075342465753,0.4408007375214013,94809.0,180129.0
0.0,80,2,18137,8442,6696,15138,2999,5242,645,2540,11.113124851930822,11.828841326463206,0.14004521144621493,0.21746575342465754,0.4423305588585018,93817.0,179065.0
0.0,81,1,18269,8576,6485,15061,3208,0,2247,6275,11.166044776119403,11.845893366974304,0.343478022880289,0.5372431506849316,0.4305822986521479,95760.0,178411.0
0.0,81,2,18236,8417,6570,14987,3249,5300,663,2433,11.116312225258406,11.828985120437713,0.13341741610002195,0.20830479452054795,0.4383799292720358,93566.0,177281.0
0.0,82,1,18197,8447,6708,15155,3042,0,2148,6250,11.111045341541375,11.837479379742659,0.34346320822113535,0.5351027397260274,0.44262619597492575,93855.0,179397.0
0.0,82,2,18447,8622,6770,15392,3055,5378,736,2493,11.114126652748782,11.825623700623701,0.13514392584160026,0.2134417808219178,0.43983887733887733,95826.0,182020.0
0.0,83,1,18438,8608,6726,15334,3104,0,2238,6322,11.143238847583643,11.844463284205034,0.34287883718407636,0.5412671232876712,0.4386331029085692,95921.0,181623.0
0.0,83,2,17993,8348,6547,14895,3098,5286,683,2363,11.159559175850504,11.856864719704598,0.13132885010837547,0.20231164383561645,0.43954347096341057,93160.0,176608.0
0.0,84,1,18280,8541,6620,15161,3119,0,2220,6271,11.108769464933848,11.817690125981136,0.34305251641137857,0.5369006849315069,0.4366466591913462,94880.0,179168.0
0.0,84,2,18294,8501,6605,15106,3188,5353,644,2492,11.124455946359252,11.82960413080895,0.13621952552749536,0.21335616438356164,0.43724347941215413,94569.0,178698.0
0.0,85,1,18214,8519,6711,15230,2984,0,2135,6333,11.103063739875573,11.825147734734077,0.3476995717579884,0.542208904109589,0.4406434668417597,94587.0,180097.0
0.0,85,2,18010,8641,6538,15179,2831,5473,687,2472,11.100682791343594,11.802490282627314,0.13725707940033316,0.21164383561643835,0.4307266618354305,95921.0,179150.0
0.0,86,1,18325,8491,6670,15161,3164,0,2205,6233,11.125544694382286,11.834707473121826,0.3401364256480218,0.5336472602739726,0.439944594683728,94467.0,179426.0
0.0,86,2,18239,8574,6558,15132,3107,5376,679,2505,11.130744110100304,11.8296986518636,0.13734305608860134,0.2144691780821918,0.43338620142743856,95435.0,179007.0
0.0,87,1,18104,8429,6726,15155,2949,0,2180,6200,11.105706489500534,11.831738700098978,0.3424657534246575,0.5308219178082192,0.4438139227977565,93610.0,179310.0
0.0,87,2,18457,8666,6720,15386,3071,5423,690,2538,11.102238633741058,11.811191992720655,0.1375088042477109,0.2172945205479452,0.4367606915377616,96212.0,181727.0
0.0,88,1,18255,8463,6660,15123,3132,0,2253,6160,11.120170152428217,11.823579977517689,0.3374417967680088,0.5273972602739726,0.44038881174370165,94110.0,178808.0
0.0,88,2,18373,8674,6648,15322,3051,5448,726,2482,11.091307355314735,11.799242918679024,0.13508953355467263,0.2125,0.43388591567680457,96206.0,180788.0
0.0,89,1,18342,8574,6674,15248,3094,0,2262,6265,11.182295311406579,11.868572927597063,0.3415658052556973,0.5363869863013698,0.4376967471143757,95877.0,180972.0
0.0,89,2,18355,8467,6752,15219,3136,5376,684,2396,11.107003661273179,11.833891845719167,0.13053663851811495,0.20513698630136987,0.44365595637032657,94043.0,180100.0
0.0,90,1,18363,8473,6603,15076,3287,0,2126,6302,11.112474920335183,11.821703369594056,0.34319011054838533,0.539554794520548,0.43798089678959934,94156.0,178224.0
0.0,90,2,18346,8628,6606,15234,3112,5409,666,2533,11.12262401483542,11.820270447682814,0.1380682437588575,0.21686643835616437,0.43363528948404884,95966.0,180070.0
0.0,91,1,18191,8477,6616,15093,3098,0,2263,6160,11.18296567181786,11.865898098456238,0.3386289923588588,0.5273972602739726,0.4383489034651825,94798.0,179092.0
0.0,91,2,18202,8544,6545,15089,3113,5345,689,2498,11.081694756554308,11.8033004175227,0.13723766619052852,0.21386986301369862,0.43375969249121876,94682.0,178100.0
0.0,92,1,18137,8535,6516,15051,3086,0,2204,6281,11.104042179261864,11.808849910304962,0.34630865082428186,0.5377568493150685,0.4329280446481961,94773.0,177735.0
0.0,92,2,18208,8509,6671,15180,3028,5359,651,2482,11.105770360794454,11.826021080368907,0.13631370826010544,0.2125,0.43945981554677205,94499.0,179519.0
0.0,93,1,18190,8518,6641,15159,3031,0,2224,6238,11.1186898332942,11.829012467840887,0.34293567894447496,0.5340753424657534,0.4380895837456297,94709.0,179316.0
0.0,93,2,18009,8590,6454,15044,2965,5405,673,2506,11.064027939464493,11.777652220154215,0.1391526458992726,0.21455479452054796,0.4290082424886998,95040.0,177183.0
0.0,94,1,18199,8576,6659,15235,2964,0,2188,6328,11.126049440298507,11.83754512635379,0.34771141271498435,0.5417808219178082,0.43708565802428617,95417.0,180345.0
0.0,94,2,18218,8523,6753,15276,2942,5422,645,2442,11.105009973014196,11.828292746792354,0.13404325392468985,0.20907534246575343,0.4420659858601728,94648.0,180689.0
0.0,95,1,18313,8544,6733,15277,3036,0,2168,6327,11.139864232209737,11.836878968383845,0.345492273248512,0.541695205479452,0.4407278916017543,95179.0,180832.0
0.0,95,2,18211,8396,6679,15075,3136,5261,630,2485,11.166150547879942,11.859635157545606,0.13645598813903684,0.2127568493150685,0.4430514096185738,93751.0,178784.0
0.0,96,1,18150,8433,6707,15140,3010,0,2232,6154,11.187122020633227,11.8720607661823,0.3390633608815427,0.5268835616438357,0.442998678996037,94341.0,179743.0
0.0,96,2,18197,8505,6714,15219,2978,5268,711,2507,11.143915343915344,11.852815559497996,0.1377699620816618,0.2146404109589041,0.4411590774689533,94779.0,180388.0
0.0,97,1,18301,8509,6714,15223,3078,0,2283,6176,11.146198143142556,11.858240819812126,0.3374678979290749,0.5287671232876713,0.44104315837876895,94843.0,180518.0
0.0,97,2,18318,8503,6606,15109,3209,5321,688,2480,11.092202751969893,11.81693030643987,0.1353859591658478,0.21232876712328766,0.4372228473095506,94317.0,178542.0
0.0,98,1,18176,8551,6488,15039,3137,0,2190,6311,11.112150625657819,11.816211184254271,0.34721610915492956,0.5403253424657535,0.4314116630095086,95020.0,177704.0
0.0,98,2,18323,8469,6636,15105,3218,5337,668,2453,11.170504191758177,11.862297252565376,0.13387545707580636,0.21001712328767122,0.43932472691161867,94603.0,179180.0
0.0,99,1,18183,8488,6740,15228,2955,0,2122,6312,11.166941564561734,11.859797741003415,0.34713743606665565,0.5404109589041096,0.44260572629366957,94785.0,180601.0
0.0,99,2,18470,8541,6821,15362,3108,5353,706,2469,11.10994028802248,11.831922926702251,0.13367623172712506,0.21138698630136987,0.44401770602786095,94890.0,181762.0
0.0,100,1,18213,8585,6522,15107,3106,0,2231,6298,11.123704135119395,11.822466406301714,0.34579695821665846,0.5392123287671233,0.4317203945190971,95497.0,178602.0
0.0,100,2,18248,8454,6613,15067,3181,5342,698,2400,11.123964986988408,11.828897590761267,0.131521262604121,0.2054794520547945,0.43890621888896264,94042.0,178226.0
0.05,1,1,18147,10753,7011,17764,383,3822,1434,5465,9.828140983911467,10.814005854537266,0.30115170551606324,0.4678938356164384,0.39467462283269533,105682.0,192100.0
0.05,1,2,18410,10837,7158,17995,415,6082,888,3857,9.777152348435914,10.789052514587386,0.20950570342205324,0.33022260273972603,0.39777716032231175,105955.0,194149.0
0.05,2,1,18531,10925,7124,18049,482,3779,1462,5656,9.801189931350114,10.816721147986039,0.30521828287734065,0.48424657534246573,0.39470330766247436,107078.0,195231.0
0.05,2,2,17925,10591,6880,17471,454,6049,787,3736,9.81059390048154,10.824051284986549,0.20842398884239888,0.3198630136986301,0.3937954324308855,103904.0,189107.0
0.05,3,1,17979,10576,6838,17414,565,3707,1436,5398,9.867908472012102,10.874124267830481,0.3002391679181267,0.46215753424657535,0.3926725623061904,104363.0,189362.0
0.05,3,2,18421,10950,6854,17804,617,6136,872,3927,9.794885844748858,10.79701190743653,0.21318060908745454,0.33621575342465754,0.3849696697371377,107254.0,192230.0
0.05,4,1,18415,10804,7116,17920,495,3668,1516,5596,9.756756756756756,10.783426339285715,0.30388270431713277,0.4791095890410959,0.3970982142857143,105412.0,193239.0
0.05,4,2,18135,10667,6960,17627,508,6108,792,3756,9.841942439298771,10.82606229080388,0.20711331679073613,0.3215753424657534,0.394848811482385,104984.0,190831.0
0.05,5,1,18487,10805,7106,17911,576,3739,1506,5533,9.738084220268394,10.722070236167719,0.29929139395250715,0.47371575342465755,0.39673943386745575,105220.0,192043.0
0.05,5,2,18093,10537,6962,17499,594,5901,763,3856,9.709215146626175,10.71884107663295,0.21312109655667938,0.33013698630136984,0.3978513057889022,102306.0,187569.0
0.05,6,1,18097,10711,6905,17616,481,3728,1437,5529,9.835216132947437,10.8125,0.30552025197546556,0.4733732876712329,0.39197320617620346,105345.0,190473.0
0.05,6,2,18330,10762,7101,17863,467,6073,832,3840,9.749581862107416,10.774841851872585,0.20949263502454993,0.3287671232876712,0.3975256115993954,104925.0,192471.0
0.05,7,1,18218,10752,6933,17685,533,3760,1444,5517,9.871651785714286,10.874639525021204,0.30283236359644305,0.4723458904109589,0.39202714164546226,106140.0,192318.0
0.05,7,2,18045,10719,6786,17505,540,6026,814,3868,9.869390801380726,10.875978291916596,0.21435300637295648,0.33116438356164385,0.3876606683804627,105790.0,190384.0
0.05,8,1,18323,10717,7133,17850,473,3716,1386,5587,9.780069049174209,10.823865546218487,0.30491731703323693,0.4783390410958904,0.3996078431372549,104813.0,193206.0
0.05,8,2,18020,10719,6857,17576,444,6050,800,3853,9.88888888888889,10.858500227583068,0.21381798002219757,0.32988013698630136,0.39013427401001366,105999.0,190849.0
0.05,9,1,18283,10794,7099,17893,390,3758,1432,5570,9.821196961274783,10.835578159056615,0.30465459716676696,0.4768835616438356,0.3967473313586319,106010.0,193881.0
0.05,9,2,18293,10701,7206,17907,386,6053,826,3811,9.831043827679656,10.855475512369464,0.20833105559503634,0.32628424657534244,0.4024124643993969,105202.0,194389.0
0.05,10,1,18076,10811,6953,17764,312,3707,1359,5712,9.79539358061234,10.797286647151543,0.3159991148484178,0.48904109589041095,0.3914095924341365,105898.0,191803.0
0.05,10,2,18207,10683,7197,17880,327,6082,807,3782,9.799213704015726,10.825055928411633,0.20772230460811775,0.3238013698630137,0.40251677852348994,104685.0,193552.0
0.05,11,1,18290,10614,7138,17752,538,3674,1466,5449,9.830977953646128,10.847115817936007,0.2979223619464188,0.4665239726027397,0.40209553853086977,104346.0,192558.0
0.05,11,2,18445,10737,7179,17916,529,5983,842,3895,9.865232374033715,10.862022772940389,0.21116833830306317,0.3334760273972603,0.4007032819825854,105923.0,194604.0
0.05,12,1,18049,10791,6966,17757,292,3723,1435,5608,9.716523028449634,10.719321957537872,0.31070973461133583,0.48013698630136986,0.39229599594526104,104851.0,190343.0
0.05,12,2,17924,10610,7020,17630,294,5979,812,3806,9.710367577756832,10.738967668746454,0.21234099531354608,0.32585616438356163,0.39818491208167894,103027.0,189328.0
0.05,13,1,18052,10707,6978,17685,367,3739,1443,5508,9.771457924722144,10.770200735086231,0.30511854642144914,0.47157534246575344,0.39457167090754874,104623.0,190471.0
0.05,13,2,18152,10780,7011,17791,361,6050,835,3887,9.785435992578849,10.782923950311956,0.21413618334067872,0.33279109589041095,0.3940756562306784,105487.0,191839.0
0.05,14,1,18151,10700,6952,17652,499,3694,1398,5581,9.77626168224299,10.784953546340358,0.3074761721117294,0.4778253424657534,0.39383639247677316,104606.0,190376.0
0.05,14,2,18122,10780,6872,17652,470,6090,821,3850,9.803246753246754,10.788805801042376,0.21244895706875622,0.3296232876712329,0.3893043281214593,105679.0,190444.0
0.05,15,1,18241,10847,6964,17811,430,3873,1405,5543,9.758181985802526,10.793554544944136,0.30387588399758786,0.47457191780821917,0.3909943293470327,105847.0,192244.0
0.05,15,2,18273,10902,6934,17836,437,6190,793,3901,9.815630159603742,10.822998430141288,0.21348437585508673,0.33398972602739724,0.38876429692756226,107010.0,193039.0
0.05,16,1,18452,10920,6975,17895,557,3875,1431,5585,9.936355311355312,10.91025426096675,0.3026772165618903,0.4781678082191781,0.3897736797988265,108505.0,195239.0
0.05,16,2,18120,10524,7060,17584,536,5881,805,3825,9.774515393386546,10.835816651501364,0.21109271523178808,0.3274828767123288,0.40150136487716104,102867.0,190537.0
0.05,17,1,18374,10823,7143,17966,408,3791,1429,5580,9.778989189688627,10.807080040075698,0.3036899967345162,0.4777397260273973,0.3975843259490148,105838.0,194160.0
0.05,17,2,18238,10867,6990,17857,381,6252,805,3800,9.830956105640931,10.823150585204681,0.20835617940563658,0.3253424657534247,0.39144313154505234,106833.0,193269.0
0.05,18,1,18423,10948,6977,17925,498,3903,1419,5600,9.730179028132993,10.728033472803347,0.30396786625413885,0.4794520547945205,0.3892329149232915,106526.0,192300.0
0.05,18,2,18090,10741,6853,17594,496,6098,799,3831,9.699562424355275,10.719392974877799,0.21177446102819236,0.32799657534246573,0.3895077867454814,104183.0,188597.0
0.05,19,1,18312,10776,6989,17765,547,3741,1435,5569,9.892260579064589,10.901998311286237,0.3041175185670599,0.47679794520547947,0.39341401632423306,106599.0,193674.0
0.05,19,2,18212,10703,6914,17617,595,6060,778,3852,9.890124264224983,10.89549866606119,0.2115088952339117,0.3297945205479452,0.3924618266447182,105854.0,191946.0
0.05,20,1,18228,10686,7044,17730,498,3728,1389,5551,9.799363653378252,10.820360970107163,0.304531490015361,0.4752568493150685,0.3972927241962775,104716.0,191845.0
0.05,20,2,18298,10747,7055,17802,496,6042,811,3879,9.837070810458732,10.840242669362993,0.2119903814624549,0.33210616438356166,0.3963037860914504,105719.0,192978.0
0.05,21,1,18197,10743,7052,17795,402,3686,1446,5590,9.805361630829378,10.816352908120258,0.30719349343298347,0.4785958904109589,0.39629109300365273,105339.0,192477.0
0.05,21,2,18248,10706,7112,17818,430,6093,803,3803,9.797029702970297,10.810304186777415,0.20840640070144673,0.32559931506849316,0.399146930070715,104887.0,192618.0
0.05,22,1,18215,10828,7024,17852,363,3798,1447,5559,9.78121536756557,10.7942527447905,0.30518803184188853,0.4759417808219178,0.3934573157069236,105911.0,192699.0
0.05,22,2,18207,10748,7094,17842,365,6120,843,3769,9.757815407517677,10.78601053693532,0.20700829351348382,0.32268835616438357,0.39760116578858873,104877.0,192444.0
0.05,23,1,18137,10755,6973,17728,409,3718,1455,5558,9.686843328684333,10.694381768953068,0.30644538788112696,0.47585616438356165,0.3933325812274368,104182.0,189590.0
0.05,23,2,18122,10723,7006,17729,393,6055,782,3874,9.71696353632379,10.717186530543177,0.21377331420373027,0.3316780821917808,0.39517175249591063,104195.0,190005.0
0.05,24,1,18259,10793,6919,17712,547,3798,1471,5493,9.878625034744742,10.861619241192411,0.3008379429322526,0.47029109589041096,0.3906391147244806,106620.0,192381.0
0.05,24,2,18163,10618,7008,17626,537,5928,812,3861,9.825202486343944,10.84693067060025,0.2125750151406706,0.3305650684931507,0.3975944627255191,104324.0,191188.0
0.05,25,1,18084,10708,6953,17661,423,3790,1386,5508,9.76671647366455,10.773512258649001,0.3045786330457863,0.47157534246575344,0.39369231640337465,104582.0,190271.0
0.05,25,2,18445,10936,7056,17992,453,6190,819,3912,9.684436722750549,10.721876389506447,0.21208999728923827,0.33493150684931505,0.39217429968875056,105909.0,192908.0
0.05,26,1,18142,10838,6885,17723,419,3858,1429,5524,9.783262594574644,10.778423517463184,0.3044868261492669,0.47294520547945207,0.38847824860350955,106031.0,191026.0
0.05,26,2,18152,10791,6945,17736,416,6079,806,3889,9.705958669261422,10.737370320252593,0.21424636403702071,0.3329623287671233,0.3915764546684709,104737.0,190438.0
0.05,27,1,18406,10755,7014,17769,637,3721,1477,5533,9.921710832171083,10.915752152625359,0.3006084972291644,0.47371575342465755,0.39473239912206654,106708.0,193962.0
0.05,27,2,18307,10654,7048,17702,605,5996,842,3798,9.896564670546274,10.899898316574399,0.20746162670016932,0.32517123287671235,0.39814710202237036,105438.0,192950.0
0.05,28,1,18333,10926,6880,17806,527,3841,1405,5656,9.767252425407285,10.791811748848703,0.30851470026727756,0.48424657534246573,0.38638661125463325,106717.0,192159.0
0.05,28,2,18207,10708,6971,17679,528,6094,784,3811,9.81873365707882,10.838678658295153,0.20931509858845498,0.32628424657534244,0.3943096328977883,105139.0,191617.0
0.05,29,1,18236,10814,6930,17744,492,3795,1425,5569,9.784261142962826,10.79705816050496,0.3053849528405352,0.47679794520547947,0.3905545536519387,105807.0,191583.0
0.05,29,2,18306,10780,7030,17810,496,6106,852,3809,9.843599257884971,10.838461538461539,0.20807385556648095,0.32611301369863016,0.39472206625491296,106114.0,193033.0
0.05,30,1,18313,10643,7028,17671,642,3711,1413,5494,9.871088978671427,10.886084545300209,0.3000054606017583,0.4703767123287671,0.3977137683209779,105058.0,192368.0
0.05,30,2,18416,10733,7020,17753,663,6005,807,3908,9.789807136867605,10.820143074409959,0.21220677671589921,0.33458904109589044,0.3954261251619445,105074.0,192090.0
0.05,31,1,18072,10770,6867,17637,435,3708,1473,5565,9.906499535747447,10.890741055735102,0.30793492695883135,0.4764554794520548,0.38935193060044226,106693.0,192080.0
0.05,31,2,18113,10667,7034,17701,412,6041,816,3791,9.866222930533421,10.881193152929214,0.20929718986363385,0.3245719178082192,0.3973786791706683,105243.0,192608.0
0.05,32,1,18187,10745,7009,17754,433,3754,1472,5490,9.833969288040949,10.843528218992903,0.30186396876890087,0.4700342465753425,0.3947842739664301,105666.0,192516.0
0.05,32,2,18185,10889,6914,17803,382,6172,756,3948,9.852879052254568,10.838735044655396,0.21710200714874897,0.33801369863013697,0.38836151210470143,107288.0,192962.0
0.05,33,1,18231,10699,7057,17756,475,3739,1452,5478,9.847929713057296,10.855260193737328,0.3004772091492513,0.4690068493150685,0.3974431178193287,105363.0,192746.0
0.05,33,2,18196,10623,7096,17719,477,5922,819,3874,9.806363550786031,10.845025114284102,0.21290393493075402,0.3316780821917808,0.4004740673852926,104173.0,192163.0
0.05,34,1,18147,10678,7122,17800,347,3645,1448,5555,9.775613410751077,10.794213483146068,0.30611120295365624,0.4755993150684932,0.4001123595505618,104384.0,192137.0
0.05,34,2,18040,10696,7000,17696,344,6022,866,3786,9.81675392670157,10.814195298372514,0.2098669623059867,0.32414383561643834,0.39556962025316456,105000.0,191368.0
0.05,35,1,18340,10748,7162,17910,430,3734,1405,5588,9.812058057312989,10.845505304299275,0.30468920392584514,0.47842465753424657,0.3998883305415969,105460.0,194243.0
0.05,35,2,18187,10799,6931,17730,457,6136,784,3861,9.818501713121586,10.824309080654258,0.21229449606862044,0.3305650684931507,0.39091934574168075,106030.0,191915.0
0.05,36,1,18330,10948,7024,17972,358,3873,1406,5646,9.745615637559371,10.761017137769864,0.3080196399345336,0.4833904109589041,0.39083018028043626,106695.0,193397.0
0.05,36,2,18025,10649,7035,17684,341,6052,821,3770,9.746079444079257,10.771997285681973,0.20915395284327323,0.3227739726027397,0.3978172359194752,103786.0,190492.0
0.05,37,1,18297,10862,7004,17866,431,3858,1418,5557,9.812097219664887,10.813332587036829,0.30371099087282066,0.47577054794520546,0.3920295533415426,106579.0,193191.0
0.05,37,2,18151,10744,7014,17758,393,6064,775,3897,9.795327624720775,10.801272665840747,0.2146989146603493,0.3336472602739726,0.39497691181439354,105241.0,191809.0
0.05,38,1,18179,10709,6937,17646,533,3775,1436,5464,9.797833597908301,10.811855377989346,0.3005665878211123,0.4678082191780822,0.3931202538818996,104925.0,190786.0
0.05,38,2,18308,10844,6928,17772,536,6093,815,3922,9.804592401327923,10.79568984920099,0.2142232903648678,0.3357876712328767,0.38982669367544454,106321.0,191861.0
0.05,39,1,18211,10868,6965,17833,378,3783,1442,5619,9.744939271255062,10.757247799024281,0.30854977760694086,0.4810787671232877,0.3905680480008972,105908.0,191834.0
0.05,39,2,18090,10684,7020,17704,386,6097,824,3747,9.755709472107824,10.764911884319927,0.20713101160862354,0.32080479452054794,0.3965205603253502,104230.0,190582.0
0.05,40,1,18281,10772,6877,17649,632,3730,1466,5542,9.84394727070182,10.838687744348121,0.3031562824790766,0.47448630136986303,0.3896538047481444,106039.0,191292.0
0.05,40,2,18152,10771,6730,17501,651,6123,850,3787,9.898152446383808,10.863436375064282,0.20862714852357866,0.32422945205479453,0.3845494543168962,106613.0,190121.0
0.05,41,1,18421,10831,7095,17926,495,3785,1389,5628,9.714430800480104,10.755160102644204,0.30552087291677976,0.48184931506849316,0.39579381903380567,105217.0,192797.0
0.05,41,2,18184,10740,6923,17663,521,6112,813,3803,9.795903165735568,10.794712110060578,0.2091399032116146,0.32559931506849316,0.3919492724905169,105208.0,190667.0
0.05,42,1,18155,10724,6991,17715,440,3732,1491,5469,9.760816859380828,10.783290996330793,0.301239328008813,0.468236301369863,0.3946373130115721,104675.0,191026.0
0.05,42,2,18085,10791,6785,17576,509,6094,807,3878,9.804744694652952,10.790851160673645,0.2144318495991153,0.33202054794520547,0.3860377787892581,105803.0,189660.0
0.05,43,1,18401,10916,7017,17933,468,3860,1464,5561,9.850036643459143,10.8514470529192,0.30221183631324383,0.4761130136986301,0.3912898009256678,107523.0,194599.0
0.05,43,2,18145,10701,7004,17705,440,6056,827,3803,9.772357723577235,10.808980513979101,0.20958941857260954,0.32559931506849316,0.39559446484044053,104574.0,191373.0
0.05,44,1,18099,10586,6997,17583,516,3673,1398,5485,9.795012280370301,10.80572143547745,0.30305541742637715,0.4696061643835616,0.39794119319797533,103690.0,189997.0
0.05,44,2,18493,11053,7015,18068,425,6279,866,3894,9.7921831177056,10.781160061988045,0.2105661601687125,0.3333904109589041,0.38825547930042065,108233.0,194794.0
0.05,45,1,18339,10718,7028,17746,593,3649,1420,5627,9.849132300802388,10.867857545362336,0.3068324336114292,0.48176369863013696,0.39603290882452385,105563.0,192861.0
0.05,45,2,18305,10723,7015,17738,567,6107,820,3789,9.847524013802108,10.859679783515617,0.20699262496585633,0.32440068493150687,0.3954786334423272,105595.0,192629.0
0.05,46,1,18201,10749,6938,17687,514,3773,1440,5514,9.815238626849009,10.831005823486176,0.3029503873413549,0.4720890410958904,0.39226550573867813,105504.0,191568.0
0.05,46,2,18363,10800,7110,17910,453,6084,854,3844,9.901296296296296,10.896984924623116,0.20933398682132548,0.3291095890410959,0.3969849246231156,106934.0,195165.0
0.05,47,1,17923,10562,7048,17610,313,3642,1451,5448,9.73158492709714,10.76939239068711,0.3039669698153211,0.46643835616438356,0.40022714366837026,102785.0,189649.0
0.05,47,2,18417,11009,7082,18091,326,6255,843,3897,9.79326005995095,10.778785031231,0.21159798012705652,0.3336472602739726,0.39146536952075617,107814.0,194999.0
0.05,48,1,18207,10728,6934,17662,545,3777,1448,5479,9.80210663683818,10.84305288189333,0.3009282144230241,0.46909246575342467,0.39259427018457704,105157.0,191510.0
0.05,48,2,18319,10862,6921,17783,536,6121,811,3911,9.828576689375806,10.843277287296857,0.21349418636388448,0.3348458904109589,0.38919192487206883,106758.0,192826.0
0.05,49,1,18148,10703,7103,17806,342,3673,1478,5519,9.78856395403158,10.828597102100415,0.30411064580119024,0.47251712328767126,0.39891047961361337,104767.0,192814.0
0.05,49,2,18593,10923,7318,18241,352,6253,841,3814,9.879245628490342,10.881420974727263,0.20513096326574518,0.32654109589041097,0.4011841456060523,107911.0,198488.0
0.05,50,1,18194,10834,6866,17700,494,3830,1519,5464,9.823426250692265,10.81960451977401,0.3003187864131032,0.4678082191780822,0.387909604519774,106427.0,191507.0
0.05,50,2,18183,10752,6935,17687,496,6087,796,3856,9.759486607142858,10.7900152654492,0.21206621569597975,0.33013698630136984,0.39209588963645614,104934.0,190843.0
0.05,51,1,18326,10791,6939,17730,596,3742,1432,5590,9.820220554165509,10.833446136491823,0.3050311033504311,0.4785958904109589,0.3913705583756345,105970.0,192077.0
0.05,51,2,18141,10713,6834,17547,594,6069,836,3786,9.876131802482965,10.865219125776486,0.20869852819579957,0.32414383561643834,0.3894682851769533,105803.0,190652.0
0.05,52,1,18254,10704,7055,17759,495,3730,1425,5519,9.815956651718983,10.830564784053156,0.30234469157444943,0.47251712328767126,0.39726335942339097,105070.0,192340.0
0.05,52,2,18158,10785,6893,17678,480,6089,803,3879,9.777654149281409,10.783968774748274,0.2136248485516026,0.33210616438356166,0.38991967417128637,105452.0,190639.0
0.05,53,1,18286,10784,6949,17733,553,3684,1454,5622,9.763816765578635,10.79693227316303,0.3074483211199825,0.48133561643835615,0.3918682682005301,105293.0,191462.0
0.05,53,2,18202,10643,7033,17676,526,6059,801,3773,9.849008738137742,10.86184657162254,0.20728491374574223,0.32303082191780824,0.39788413668250733,104823.0,191994.0
0.05,54,1,18291,10752,6912,17664,627,3732,1443,5547,9.808872767857142,10.832314311594203,0.30326390027882566,0.47491438356164384,0.391304347826087,105465.0,191342.0
0.05,54,2,18546,10900,7062,17962,584,6243,831,3810,9.878073394495413,10.873009687117248,0.20543513426075705,0.3261986301369863,0.39316334483910476,107671.0,195301.0
0.05,55,1,18598,10917,7095,18012,586,3844,1443,5608,9.844004763213338,10.876304685765046,0.30153779976341544,0.48013698630136986,0.39390406395736177,107467.0,195904.0
0.05,55,2,18340,10731,7038,17769,571,6108,810,3796,9.872518870561924,10.903202206089256,0.20697928026172302,0.325,0.39608306601384435,105942.0,193739.0
0.05,56,1,18206,10721,7080,17801,405,3730,1361,5606,9.723626527376178,10.746811976855232,0.3079204657805119,0.4799657534246575,0.39773046458064154,104247.0,191304.0
0.05,56,2,18187,10837,6995,17832,355,6152,790,3887,9.796807234474485,10.778207716464783,0.2137240886347391,0.33279109589041095,0.39227231942575147,106168.0,192197.0
0.05,57,1,18187,10746,7068,17814,373,3685,1414,5622,9.805509026614555,10.808409116425283,0.30912190025842634,0.48133561643835615,0.39676658807679355,105370.0,192541.0
0.05,57,2,18173,10713,7094,17807,366,6101,797,3802,9.809297115653878,10.82023923176279,0.20921146756176745,0.32551369863013696,0.39838265850508225,105087.0,192676.0
0.05,58,1,18127,10679,7000,17679,448,3765,1438,5455,9.788088772356963,10.823010351264212,0.300932310917416,0.4670376712328767,0.39594999717178575,104527.0,191340.0
0.05,58,2,18377,11021,6842,17863,514,6240,808,3956,9.767081027130024,10.770923137210994,0.21526908635794745,0.3386986301369863,0.3830263673515087,107643.0,192401.0
0.05,59,1,18074,10733,6847,17580,494,3812,1429,5470,9.841516817292462,10.850170648464164,0.3026446829700122,0.4683219178082192,0.38947667804323094,105629.0,190746.0
0.05,59,2,18577,10965,7069,18034,543,6208,811,3930,9.794436844505244,10.833259398913164,0.21155191903967271,0.336472602739726,0.39198181213263833,107396.0,195367.0
0.05,60,1,18376,10661,7141,17802,574,3694,1412,5530,9.856767657818216,10.88754072576115,0.30093600348280364,0.473458904109589,0.40113470396584655,105083.0,193820.0
0.05,60,2,18063,10738,6795,17533,530,6029,819,3875,9.826224622834792,10.837962698910626,0.21452693351049107,0.331763698630137,0.3875548964809217,105514.0,190022.0
0.05,61,1,18343,10876,7027,17903,440,3695,1458,5694,9.778043398308201,10.785845947606546,0.3104181431608788,0.4875,0.39250404960062557,106346.0,193099.0
0.05,61,2,17980,10593,7007,17600,380,6067,829,3681,9.840083073727934,10.831931818181818,0.20472747497219132,0.3151541095890411,0.398125,104236.0,190642.0
0.05,62,1,18403,10808,6941,17749,654,3842,1434,5511,9.86658031088083,10.868950363400755,0.2994620442319187,0.4718321917808219,0.39106428531184856,106638.0,192913.0
0.05,62,2,18497,10795,7047,17842,655,6076,799,3905,9.828161185734135,10.85489294922094,0.21111531599718875,0.3343321917808219,0.3949669319583006,106095.0,193673.0
0.05,63,1,18149,10742,6997,17739,410,3880,1397,5435,9.821634704896667,10.834094368340944,0.2994655352912006,0.4653253424657534,0.3944416257962681,105504.0,192186.0
0.05,63,2,18152,10871,6889,17760,392,6056,838,3958,9.77462974887315,10.783614864864864,0.21804759806081975,0.33886986301369865,0.38789414414414414,106260.0,191517.0
0.05,64,1,18373,10761,7139,17900,473,3724,1458,5554,9.800111513799832,10.813463687150838,0.3022914058673053,0.475513698630137,0.3988268156424581,105459.0,193561.0
0.05,64,2,18374,10741,7135,17876,498,6102,787,3842,9.78931198212457,10.804150816737526,0.20909981495591598,0.32893835616438355,0.39913850973372117,105147.0,193135.0
0.05,65,1,18234,10845,7024,17869,365,3895,1414,5513,9.817611802674044,10.822597795064077,0.3023472633541735,0.47200342465753425,0.39308299289271925,106472.0,193389.0
0.05,65,2,18092,10772,6980,17752,340,6042,803,3910,9.78908280727813,10.796586300135196,0.216117621047977,0.3347602739726027,0.39319513294276703,105448.0,191661.0
0.05,66,1,18130,10689,6991,17680,450,3727,1451,5490,9.878660304986434,10.87697963800905,0.3028130170987314,0.4700342465753425,0.3954185520361991,105593.0,192305.0
0.05,66,2,18342,10822,7083,17905,437,6100,765,3941,9.817871003511366,10.839206925439822,0.2148620652055392,0.3374143835616438,0.39558782462999165,106249.0,194076.0
0.05,67,1,18370,10850,7025,17875,495,3812,1475,5533,9.811797235023041,10.796979020979022,0.3011976047904192,0.47371575342465755,0.393006993006993,106458.0,192996.0
0.05,67,2,18130,10630,7033,17663,467,5952,791,3873,9.742615239887112,10.769235124271075,0.2136238279095422,0.33159246575342466,0.3981769801279511,103564.0,190217.0
0.05,68,1,18419,10838,7055,17893,526,3771,1474,5568,9.84637386971766,10.858324484435254,0.30229654161463704,0.4767123287671233,0.39428826915553566,106715.0,194288.0
0.05,68,2,18181,10653,7028,17681,500,6047,808,3783,9.835633154979817,10.862168429387479,0.2080743633463506,0.32388698630136986,0.39748882981731803,104779.0,192054.0
0.05,69,1,18267,10790,6908,17698,569,3697,1486,5575,9.827988878591288,10.823539382981128,0.3051951606722505,0.4773116438356164,0.39032659057520624,106044.0,191555.0
0.05,69,2,18092,10705,6857,17562,530,6090,800,3804,9.82718355908454,10.81727593668147,0.21025867786867122,0.3256849315068493,0.39044527958091335,105200.0,189973.0
0.05,70,1,18321,10800,7035,17835,486,3770,1490,5506,9.793333333333333,10.809531819456126,0.30052944708258283,0.4714041095890411,0.39444911690496215,105768.0,192788.0
0.05,70,2,18306,10819,6950,17769,537,6190,801,3816,9.767168869581292,10.783837019528391,0.20845624385447395,0.3267123287671233,0.39113062074399235,105671.0,191618.0
0.05,71,1,18127,10724,7072,17796,331,3778,1446,5472,9.738437150317045,10.752079118903124,0.30187013846747945,0.4684931506849315,0.39739267251067656,104435.0,191344.0
0.05,71,2,18229,10904,6989,17893,336,6183,814,3882,9.779805575935436,10.768009836248812,0.2129573756102913,0.33236301369863014,0.3905996758508914,106639.0,192672.0
0.05,72,1,18309,10847,6874,17721,588,3804,1482,5529,9.816262561076796,10.82201907341572,0.3019826314927085,0.4733732876712329,0.3879013599683991,106477.0,191777.0
0.05,72,2,18321,10802,6945,17747,574,6141,822,3826,9.781799666728384,10.80098044739956,0.20883139566617542,0.3275684931506849,0.39133374654871245,105663.0,191685.0
0.05,73,1,18371,10762,7079,17841,530,3725,1506,5505,9.932912098123026,10.933972310969116,0.2996570682053236,0.4713184931506849,0.39678269155316404,106898.0,195073.0
0.05,73,2,18328,10781,6943,17724,604,6145,795,3831,9.802708468602171,10.839426765967051,0.2090244434744653,0.32799657534246573,0.39172872940645453,105683.0,192118.0
0.05,74,1,18022,10680,6931,17611,411,3716,1446,5487,9.802808988764045,10.774004883311566,0.30446121407169013,0.46977739726027395,0.3935608426551587,104694.0,189741.0
0.05,74,2,18181,10778,6985,17763,418,6036,801,3924,9.69029504546298,10.708326296233745,0.21582971233705517,0.33595890410958906,0.3932331250351855,104442.0,190212.0
0.05,75,1,18077,10728,6939,17667,410,3727,1430,5548,9.754940343027592,10.774834437086092,0.3069093323007136,0.475,0.3927661742231279,104651.0,190359.0
0.05,75,2,18463,10942,7106,18048,415,6267,769,3893,9.776000731127764,10.784186613475176,0.21085414071386016,0.33330479452054795,0.39372783687943264,106969.0,194633.0
0.05,76,1,18289,10816,6896,17712,577,3788,1404,5598,9.806028106508876,10.812161246612465,0.30608562523921484,0.47928082191780824,0.3893405600722674,106062.0,191505.0
0.05,76,2,18195,10649,6977,17626,569,6010,861,3763,9.89031833975021,10.891013275842505,0.20681505908216544,0.32217465753424657,0.3958356972654034,105322.0,191965.0
0.05,77,1,18223,10736,6979,17715,508,3755,1454,5496,9.901639344262295,10.883601467682755,0.30159688305986937,0.47054794520547943,0.3939599209709286,106304.0,192803.0
0.05,77,2,18310,10727,7052,17779,531,6048,822,3846,9.84692831173674,10.862703189155745,0.21004915346805025,0.3292808219178082,0.3966477304685303,105628.0,193128.0
0.05,78,1,18110,10695,6992,17687,423,3777,1440,5455,9.851986909770922,10.850681291343925,0.3012147984538929,0.4670376712328767,0.3953185955786736,105367.0,191916.0
0.05,78,2,18164,10868,6870,17738,426,6098,794,3964,9.72764078027236,10.75538392152441,0.21823386919180798,0.3393835616438356,0.38730409290788137,105720.0,190779.0
0.05,79,1,18482,10809,7244,18053,429,3773,1453,5558,9.791747617725969,10.793164570985432,0.30072502975868415,0.47585616438356165,0.40126294798648426,105839.0,194849.0
0.05,79,2,18124,10557,7127,17684,440,5907,818,3813,9.742824666098324,10.769678805700067,0.21038402118737584,0.3264554794520548,0.40301967880570005,102855.0,190451.0
0.05,80,1,18494,10761,7116,17877,617,3690,1405,5636,9.847319022395688,10.859987693684623,0.30474748567102844,0.48253424657534244,0.3980533646584998,105967.0,194144.0
0.05,80,2,18189,10687,6932,17619,570,6072,786,3813,9.820529615420604,10.822691412679493,0.20963219528286328,0.3264554794520548,0.39343890118621944,104952.0,190685.0
0.05,81,1,18120,10720,6916,17636,484,3660,1453,5586,9.783768656716418,10.812145611249717,0.3082781456953642,0.47825342465753423,0.39215241551372193,104882.0,190683.0
0.05,81,2,18182,10643,7063,17706,476,6001,859,3766,9.96673870149394,10.93798712300915,0.20712792872071278,0.32243150684931504,0.39890432621710153,106076.0,193668.0
0.05,82,1,18225,10779,6915,17694,531,3782,1441,5530,9.827535021801651,10.839437097321126,0.3034293552812071,0.473458904109589,0.3908104442183791,105931.0,191793.0
0.05,82,2,18245,10778,6947,17725,520,6107,810,3850,9.832250881425125,10.846318758815233,0.21101671690874213,0.3296232876712329,0.39193229901269394,105972.0,192251.0
0.05,83,1,18192,10761,6955,17716,476,3753,1401,5578,9.776321903168851,10.786464213140663,0.30661829375549693,0.47756849315068495,0.3925829758410476,105203.0,191093.0
0.05,83,2,18167,10784,6879,17663,504,6111,803,3854,9.840040801186944,10.82228387023722,0.2121428964606154,0.32996575342465756,0.3894581894355432,106115.0,191154.0
0.05,84,1,18258,10774,7071,17845,413,3821,1410,5517,9.798960460367551,10.803698514990193,0.3021689122576405,0.4723458904109589,0.3962454469038946,105574.0,192792.0
0.05,84,2,18308,10747,7175,17922,386,6008,830,3893,9.735088862008002,10.772570025666779,0.2126392833733887,0.33330479452054795,0.40034594353308783,104623.0,193066.0
0.05,85,1,18336,10750,7015,17765,571,3814,1354,5557,9.835162790697675,10.841204615817619,0.3030650087260035,0.47577054794520546,0.39487756825218123,105728.0,192594.0
0.05,85,2,18342,10831,7008,17839,503,6096,862,3860,9.767611485550734,10.799203991255116,0.2104459709955294,0.3304794520547945,0.3928471326868098,105793.0,192647.0
0.05,86,1,18343,10925,6953,17878,465,3875,1439,5588,9.834599542334097,10.837341984562032,0.30463937196750807,0.47842465753424657,0.38891374874146994,107443.0,193750.0
0.05,86,2,18131,10739,6947,17686,445,6119,819,3787,9.81506657975603,10.843039692412077,0.20886878826319563,0.32422945205479453,0.3927965622526292,105404.0,191770.0
0.05,87,1,18380,10886,7057,17943,437,3834,1449,5579,9.802866066507441,10.79579780415761,0.30353645266594126,0.4776541095890411,0.39330100874993035,106714.0,193709.0
0.05,87,2,18185,10652,7089,17741,444,6009,791,3838,9.751502065339842,10.783664956879544,0.21105306571350013,0.3285958904109589,0.39958288709768336,103873.0,191313.0
0.05,88,1,18257,10809,6943,17752,505,3757,1459,5559,9.80997317050606,10.802444794952681,0.3044859505942926,0.4759417808219178,0.3911108607480847,106036.0,191765.0
0.05,88,2,18110,10733,6908,17641,469,6084,799,3829,9.72216528463617,10.749844113145514,0.21143014908890115,0.3278253424657534,0.3915877784706082,104348.0,189638.0
0.05,89,1,18022,10779,6711,17490,532,3792,1506,5460,9.829947119398831,10.81978273299028,0.3029630451670181,0.4674657534246575,0.383704974271012,105957.0,189238.0
0.05,89,2,18185,10803,6828,17631,554,6112,844,3834,9.843932241044154,10.839884294708185,0.21083310420676382,0.32825342465753427,0.38727241790028927,106344.0,191118.0
0.05,90,1,18408,10731,7044,17775,633,3772,1426,5503,9.902432205759016,10.910323488045007,0.29894611038678837,0.4711472602739726,0.3962869198312236,106263.0,193931.0
0.05,90,2,18442,10826,6987,17813,629,6101,837,3875,9.876408645852576,10.888115421321507,0.21011820843726278,0.331763698630137,0.39224162128782347,106922.0,193950.0
0.05,91,1,18174,10706,7065,17771,403,3718,1427,5540,9.754810386699047,10.774576557312475,0.3048310773632662,0.4743150684931507,0.39755781891846265,104435.0,191475.0
0.05,91,2,18034,10779,6891,17670,364,6066,858,3839,9.781983486408757,10.772835314091681,0.2128756792724853,0.3286815068493151,0.3899830220713073,105440.0,190356.0
0.05,92,1,18220,10741,6948,17689,531,3774,1372,5575,9.788753374918537,10.817457176776529,0.30598243688254667,0.4773116438356164,0.3927864774718752,105141.0,191350.0
0.05,92,2,18375,10844,7026,17870,505,6142,824,3870,9.859092585761712,10.864353665360941,0.21061224489795918,0.3313356164383562,0.3931729155008394,106912.0,194146.0
0.05,93,1,17983,10699,7072,17771,212,3721,1428,5515,9.71511356201514,10.74086995667098,0.3066785297225157,0.4721746575342466,0.39795171909290417,103942.0,190876.0
0.05,93,2,18358,10924,7191,18115,243,6195,854,3864,9.80483339436104,10.79022909191278,0.21048044449286415,0.3308219178082192,0.39696384211979024,107108.0,195465.0
0.05,94,1,18085,10793,6930,17723,362,3733,1441,5599,9.79820253868248,10.802460080121875,0.3095935858446226,0.4793664383561644,0.3910173221237939,105752.0,191452.0
0.05,94,2,18091,10645,7032,17677,414,6032,816,3787,9.820103334899013,10.8392826837133,0.20933060637886242,0.32422945205479453,0.3978050574192453,104535.0,191606.0
0.05,95,1,18392,10863,6987,17850,542,3735,1457,5641,9.836509251587959,10.861736694677871,0.3067094388864724,0.4829623287671233,0.3914285714285714,106854.0,193882.0
0.05,95,2,18286,10681,7049,17730,556,6110,778,3777,9.920044939612396,10.922504230118443,0.20655146013343542,0.32337328767123286,0.3975747320924986,105956.0,193656.0
0.05,96,1,18204,10756,7061,17817,387,3755,1410,5571,9.755485310524358,10.778357748217994,0.30603164139749506,0.4769691780821918,0.3963068979064938,104930.0,192038.0
0.05,96,2,18312,10800,7156,17956,356,6134,826,3826,9.808703703703705,10.8126531521497,0.20893403232852775,0.3275684931506849,0.39852973936288705,105934.0,194152.0
0.05,97,1,18365,10855,6972,17827,538,3669,1431,5717,9.83371718102257,10.833959724014136,0.311298665940648,0.48946917808219176,0.39109216357210974,106745.0,193137.0
0.05,97,2,18148,10577,7017,17594,554,6058,800,3707,9.812423182376856,10.84420825281346,0.20426493277496144,0.31738013698630135,0.398829146299875,103786.0,190793.0
0.05,98,1,18394,10798,7119,17917,477,3797,1453,5532,9.86738284867568,10.861025841379695,0.30075024464499295,0.47363013698630135,0.397332142657811,106548.0,194597.0
0.05,98,2,18206,10688,7032,17720,486,6010,816,3854,9.806231287425149,10.818510158013543,0.2116884543557069,0.32996575342465756,0.39683972911963883,104809.0,191704.0
0.05,99,1,18249,10702,6882,17584,665,3698,1434,5543,9.89656139039432,10.881653776160146,0.3037426708312784,0.47457191780821917,0.39137852593266603,105913.0,191343.0
0.05,99,2,18686,10827,7139,17966,720,6154,757,3901,9.866444998614575,10.881164421685407,0.2087659210103821,0.33398972602739724,0.39736168317933873,106824.0,195491.0
0.05,100,1,18551,10927,6904,17831,720,3814,1473,5612,9.880204996796925,10.857944030060008,0.3025173845075737,0.48047945205479453,0.38719084740059445,107961.0,193608.0
0.05,100,2,18092,10551,6901,17452,640,5987,788,3765,9.9110036963321,10.906027962411185,0.2081030289630776,0.3223458904109589,0.3954274581709833,104571.0,190332.0
0.1,1,1,18446,11801,6645,18446,0,5912,908,4980,8.34454707228201,9.323105280277566,0.2699772308359536,0.4263698630136986,0.3602407025913477,98474.0,171974.0
0.1,1,2,18270,11694,6576,18270,0,5903,954,4836,8.402086540106037,9.354460864805693,0.26469622331691295,0.41404109589041094,0.35993431855500824,98254.0,170906.0
0.1,2,1,18207,11790,6417,18207,0,5923,930,4935,8.43952502120441,9.388367111550503,0.2710495963091119,0.4225171232876712,0.3524468610973801,99502.0,170934.0
0.1,2,2,18209,11784,6425,18209,0,5979,957,4843,8.407926001357774,9.376077763743204,0.2659673787687407,0.4146404109589041,0.352847492997968,99079.0,170729.0
0.1,3,1,18242,11798,6444,18242,0,5986,901,4899,8.36963892185116,9.324909549391514,0.2685560793772613,0.4194349315068493,0.35325074005043305,98745.0,170105.0
0.1,3,2,18150,11683,6467,18150,0,5800,902,4977,8.341265086022426,9.312231404958677,0.27421487603305783,0.42611301369863014,0.3563085399449036,97451.0,169017.0
0.1,4,1,18258,11638,6620,18258,0,5916,907,4812,8.375837772813199,9.352831635447474,0.26355570161025305,0.41198630136986303,0.36258078650454595,97478.0,170764.0
0.1,4,2,18519,11945,6574,18519,0,5997,981,4962,8.409543742151527,9.357146714185431,0.26794103353312815,0.42482876712328765,0.3549867703439711,100452.0,173285.0
0.1,5,1,17997,11646,6351,17997,0,5798,931,4911,8.2136355830328,9.16008223592821,0.2728788131355226,0.4204623287671233,0.3528921486914486,95656.0,164854.0
0.1,5,2,18270,11761,6509,18270,0,5925,947,4885,8.290026358302866,9.229666119321292,0.2673782156540777,0.418236301369863,0.3562671045429666,97499.0,168626.0
0.1,6,1,18243,11797,6446,18243,0,5887,920,4983,8.381961515639569,9.336951159348791,0.27314586416707776,0.42662671232876714,0.35334100750972974,98882.0,170334.0
0.1,6,2,18108,11763,6345,18108,0,5976,882,4883,8.37762475558956,9.323282527059863,0.26965981886459023,0.41806506849315067,0.3503976143141153,98546.0,168826.0
0.1,7,1,18204,11758,6446,18204,0,5908,901,4939,8.407637353291376,9.360195561415074,0.271313996923753,0.4228595890410959,0.3540980004394639,98857.0,170393.0
0.1,7,2,18177,11719,6458,18177,0,5885,940,4885,8.409164604488437,9.363096220498432,0.26874621774770313,0.418236301369863,0.35528415029982946,98547.0,170193.0
0.1,8,1,18210,11609,6601,18210,0,5780,900,4917,8.321819278146267,9.288248215266337,0.2700164744645799,0.42097602739726026,0.3624931356397584,96608.0,169139.0
0.1,8,2,18108,11597,6511,18108,0,5735,937,4915,8.334138139173925,9.293903247183565,0.2714269935939916,0.4208047945205479,0.3595648332228849,96651.0,168294.0
0.1,9,1,18127,11716,6411,18127,0,5901,947,4863,8.29540798907477,9.22949191813317,0.26827384564461854,0.4163527397260274,0.353671319026866,97189.0,167303.0
0.1,9,2,18497,11901,6596,18497,0,6022,963,4909,8.258465675153348,9.214683462183057,0.2653943882791804,0.42029109589041097,0.35659836730280586,98284.0,170444.0
0.1,10,1,18264,11764,6500,18264,0,6017,893,4850,8.37529751785107,9.320575996495839,0.2655497152869032,0.4152397260273973,0.3558913710030661,98527.0,170231.0
0.1,10,2,18216,11642,6574,18216,0,5726,913,5002,8.245060986084866,9.247310057092665,0.2745937637241985,0.42825342465753424,0.3608915239350022,95989.0,168449.0
0.1,11,1,18545,11901,6644,18545,0,6001,995,4900,8.532224182841778,9.509086007009977,0.2642221623078997,0.4195205479452055,0.3582636829334052,101542.0,176346.0
0.1,11,2,18217,11614,6603,18217,0,5843,933,4830,8.503444119166524,9.495087006642148,0.265136959982434,0.413527397260274,0.3624636328703958,98759.0,172972.0
0.1,12,1,18028,11616,6412,18028,0,5818,899,4899,8.360020661157025,9.320002218770801,0.27174395384956734,0.4194349315068493,0.35566895939649434,97110.0,168021.0
0.1,12,2,18202,11790,6412,18202,0,5930,890,4968,8.340542832909245,9.295462037138776,0.2729370398857268,0.42534246575342466,0.352268981430612,98335.0,169196.0
0.1,13,1,18266,11796,6470,18266,0,5931,918,4938,8.279671074940659,9.230975583050476,0.27033833351582176,0.42277397260273974,0.3542100076645133,97667.0,168613.0
0.1,13,2,18149,11579,6570,18149,0,5767,871,4936,8.26029881682356,9.232244200782413,0.2719709074880159,0.4226027397260274,0.36200341616618,95646.0,167556.0
0.1,14,1,18294,11799,6495,18294,0,5961,915,4920,8.315196203068057,9.291516344156554,0.26894063627418824,0.4212328767123288,0.3550344375204985,98111.0,169979.0
0.1,14,2,18231,11678,6553,18231,0,5845,949,4882,8.357252954272992,9.330481048763096,0.2677856398442214,0.41797945205479453,0.35944270747627666,97596.0,170104.0
0.1,15,1,18234,11815,6419,18234,0,6041,896,4870,8.354295387219636,9.315564330371833,0.26708347043983766,0.4169520547945205,0.3520346605242953,98706.0,169860.0
0.1,15,2,18371,11926,6445,18371,0,6029,953,4941,8.349404662082843,9.308801916063361,0.26895650753905614,0.4230308219178082,0.35082466931576944,99575.0,171012.0
0.1,16,1,18482,11965,6517,18482,0,6128,864,4968,8.422147931466778,9.400551888323774,0.2688020776972189,0.42534246575342466,0.3526133535331674,100771.0,173741.0
0.1,16,2,18322,11737,6585,18322,0,5909,961,4865,8.430518871943427,9.420805588909507,0.26552778080995526,0.4165239726027397,0.35940399519703087,98949.0,172608.0
0.1,17,1,18059,11636,6423,18059,0,5831,932,4860,8.167067720866276,9.118943463093194,0.26911789135611053,0.4160958904109589,0.35566753419347696,95032.0,164679.0
0.1,17,2,18330,11753,6577,18330,0,5873,943,4932,8.197141155449673,9.147626841243863,0.2690671031096563,0.42226027397260274,0.35881069285324607,96341.0,167676.0
0.1,18,1,18147,11626,6521,18147,0,5792,886,4943,8.181231722002408,9.150493194467405,0.2723866203780239,0.42320205479452055,0.35934314211715435,95115.0,166054.0
0.1,18,2,18396,11870,6526,18396,0,6010,871,4981,8.191069924178601,9.147532072189607,0.27076538377908244,0.4264554794520548,0.3547510328332246,97228.0,168278.0
0.1,19,1,18371,11805,6566,18371,0,6032,885,4877,8.47445997458704,9.440422404877252,0.2654727559740896,0.4175513698630137,0.35741113711828426,100041.0,173430.0
0.1,19,2,18576,11853,6723,18576,0,5942,931,4974,8.43575466126719,9.422319121447028,0.26776485788113696,0.42585616438356166,0.36191860465116277,99989.0,175029.0
0.1,20,1,18305,11781,6524,18305,0,5932,918,4925,8.33698327815975,9.28604206500956,0.2690521715378312,0.4216609589041096,0.35640535372848947,98218.0,169981.0
0.1,20,2,18120,11599,6521,18120,0,5761,914,4921,8.305112509699113,9.272350993377483,0.2715783664459161,0.4213184931506849,0.359878587196468,96331.0,168015.0
0.1,21,1,18155,11654,6501,18155,0,5873,935,4846,8.382615411017676,9.337813274580006,0.26692371247590196,0.4148972602739726,0.3580831726797026,97691.0,169528.0
0.1,21,2,18141,11776,6365,18141,0,5898,919,4959,8.326851222826088,9.283666832037925,0.2733586902596329,0.4245719178082192,0.35086268673171267,98057.0,168415.0
0.1,22,1,18194,11676,6518,18194,0,5852,945,4869,8.33958547447756,9.304880729910959,0.2676156974826866,0.4168664383561644,0.3582499725184127,97373.0,169293.0
0.1,22,2,18326,11918,6408,18326,0,6050,935,4922,8.361889578788388,9.301538797337116,0.26858015933646184,0.4214041095890411,0.34966713958310597,99657.0,170460.0
0.1,23,1,18190,11794,6396,18190,0,5927,919,4945,8.349075801254875,9.327707531610775,0.2718526663001649,0.4233732876712329,0.35162177020340846,98469.0,169671.0
0.1,23,2,18449,12000,6449,18449,0,6220,905,4872,8.428166666666666,9.367662203913492,0.26407935389452003,0.41712328767123286,0.34955824163911325,101138.0,172824.0
0.1,24,1,18437,11803,6634,18437,0,5917,870,5008,8.430737947979328,9.406899170146987,0.27162770515810597,0.42876712328767125,0.3598199273200629,99508.0,173435.0
0.1,24,2,18181,11836,6345,18181,0,6046,868,4909,8.3901655964853,9.356306033771519,0.2700071503217645,0.42029109589041097,0.34899070458170617,99306.0,170107.0
0.1,25,1,18397,11754,6643,18397,0,5942,929,4875,8.338182746299132,9.31939990215796,0.26498885687883894,0.4173801369863014,0.36109148230689786,98007.0,171449.0
0.1,25,2,18359,11829,6530,18359,0,5945,971,4909,8.349649167300703,9.304373876572798,0.26738929135573836,0.42029109589041097,0.35568386077673075,98768.0,170819.0
0.1,26,1,18075,11653,6422,18075,0,5877,885,4887,8.324894876855746,9.25399723374827,0.2703734439834025,0.41840753424657534,0.35529737206085754,97010.0,167266.0
0.1,26,2,18190,11798,6392,18190,0,5885,938,4970,8.202746228174266,9.163056624518967,0.2732270478284772,0.425513698630137,0.3514018691588785,96776.0,166676.0
0.1,27,1,18362,11795,6567,18362,0,5987,908,4896,8.474947011445527,9.46313037795447,0.266637621174164,0.4191780821917808,0.3576407798714737,99962.0,173762.0
0.1,27,2,18450,11851,6599,18450,0,6010,916,4917,8.483672263943971,9.467967479674797,0.2665040650406504,0.42097602739726026,0.3576693766937669,100540.0,174684.0
0.1,28,1,18467,11940,6527,18467,0,6023,880,5029,8.307621440536014,9.277413765094494,0.272323604267071,0.4305650684931507,0.3534412736232198,99193.0,171326.0
0.1,28,2,18116,11639,6477,18116,0,5862,921,4854,8.328120972592147,9.292283064694193,0.2679399425921837,0.4155821917808219,0.3575292559063811,96931.0,168339.0
0.1,29,1,18334,11785,6549,18334,0,5964,968,4841,8.344251166737378,9.30047998254609,0.2640449438202247,0.4144691780821918,0.3572051925384531,98337.0,170515.0
0.1,29,2,18256,11690,6566,18256,0,5840,928,4921,8.317536355859708,9.28429009640666,0.2695552147239264,0.4213184931506849,0.35966257668711654,97232.0,169494.0
0.1,30,1,18144,11768,6376,18144,0,5811,973,4976,8.421397008837525,9.36766975308642,0.2742504409171076,0.426027397260274,0.3514109347442681,99103.0,169967.0
0.1,30,2,18241,11633,6608,18241,0,5904,904,4815,8.41949626063784,9.396250205580834,0.2639657913491585,0.4122431506849315,0.36226084096266653,97944.0,171397.0
0.1,31,1,18147,11695,6452,18147,0,5815,934,4943,8.340829414279607,9.301592549732739,0.2723866203780239,0.42320205479452055,0.3555408607483331,97546.0,168796.0
0.1,31,2,18134,11636,6498,18134,0,5858,899,4877,8.380715022344448,9.336053821550678,0.26894231829712145,0.4175513698630137,0.35833241424947615,97518.0,169300.0
0.1,32,1,18375,11866,6509,18375,0,5930,958,4972,8.451879319062868,9.394122448979592,0.27058503401360545,0.42568493150684933,0.3542312925170068,100290.0,172617.0
0.1,32,2,18179,11610,6569,18179,0,5863,899,4843,8.417312661498707,9.394411133725727,0.2664062929754112,0.4146404109589041,0.361351009406458,97725.0,170781.0
0.1,33,1,18471,11817,6654,18471,0,5977,946,4884,8.428958280443428,9.381246277949218,0.26441448757511776,0.41815068493150687,0.3602403768068865,99605.0,173281.0
0.1,33,2,18349,11747,6602,18349,0,5914,947,4878,8.35702732612582,9.336857594419314,0.2658455501662216,0.41763698630136986,0.3598016240667066,98170.0,171322.0
0.1,34,1,18446,11902,6544,18446,0,6004,992,4896,8.49957990253739,9.466767862951317,0.2654233980266725,0.4191780821917808,0.3547652607611406,101162.0,174624.0
0.1,34,2,18450,11805,6645,18450,0,6003,916,4879,8.496908089792461,9.47669376693767,0.2644444444444444,0.417722602739726,0.36016260162601627,100306.0,174845.0
0.1,35,1,18290,11776,6514,18290,0,5945,937,4886,8.40319293478261,9.381137233460908,0.26714051394204485,0.4183219178082192,0.35615090213231276,98956.0,171581.0
0.1,35,2,18427,11814,6613,18427,0,5949,928,4929,8.448874217030642,9.419221794106473,0.26748792532696586,0.42200342465753427,0.3588755630325067,99815.0,173568.0
0.1,36,1,18085,11710,6375,18085,0,5879,954,4866,8.12399658411614,9.036328448990876,0.2690627591927011,0.4166095890410959,0.35250207354160906,95132.0,163422.0
0.1,36,2,18192,11696,6496,18192,0,5839,912,4941,8.018467852257182,8.977352682497802,0.27160290237467016,0.4230308219178082,0.357080035180299,93784.0,163316.0
0.1,37,1,18399,11789,6610,18399,0,5985,945,4851,8.392993468487573,9.372791999565194,0.26365563345834014,0.4153253424657534,0.3592586553617044,98945.0,172450.0
0.1,37,2,18402,11811,6591,18402,0,5942,924,4940,8.37278807890949,9.355722204108249,0.2684490816215629,0.4229452054794521,0.35816759047929575,98891.0,172164.0
0.1,38,1,18406,11838,6568,18406,0,5952,929,4956,8.367376245987497,9.340649788112572,0.2692600239052483,0.4243150684931507,0.35684016081712483,99053.0,171924.0
0.1,38,2,18291,11641,6650,18291,0,5864,906,4868,8.402113220513701,9.383521950686129,0.26614181838062434,0.41678082191780824,0.36356678147722926,97809.0,171634.0
0.1,39,1,18339,11871,6468,18339,0,6030,937,4898,8.380675595990228,9.32335459948743,0.267081084028573,0.41934931506849316,0.35269098642237856,99487.0,170981.0
0.1,39,2,18217,11655,6562,18217,0,5811,921,4920,8.33959673959674,9.314431574902564,0.2700774002305539,0.4212328767123288,0.3602129878684745,97198.0,169681.0
0.1,40,1,18495,11779,6716,18495,0,5899,937,4932,8.42083368707021,9.408056231413896,0.26666666666666666,0.42226027397260274,0.363125168964585,99189.0,174002.0
0.1,40,2,18144,11654,6490,18144,0,5841,940,4864,8.420542303071906,9.390652557319225,0.26807760141093473,0.41643835616438357,0.3576940035273369,98133.0,170384.0
0.1,41,1,18284,11755,6529,18284,0,5952,883,4911,8.251127179923436,9.227521330124699,0.26859549332749943,0.4204623287671233,0.3570881645154233,96992.0,168716.0
0.1,41,2,18196,11805,6391,18196,0,5932,936,4932,8.304108428631936,9.246207957792922,0.27104858210595734,0.42226027397260274,0.3512310397889646,98030.0,168244.0
0.1,42,1,18170,11691,6479,18170,0,5898,938,4853,8.253870498674194,9.210842047330765,0.2670886075949367,0.41549657534246576,0.3565767749036874,96496.0,167361.0
0.1,42,2,18052,11615,6437,18052,0,5742,926,4944,8.226947912182522,9.193385774429427,0.27387547086195435,0.4232876712328767,0.3565809882561489,95556.0,165959.0
0.1,43,1,18197,11782,6415,18197,0,5959,981,4836,8.388813444236972,9.331098532725175,0.2657580919931857,0.41404109589041094,0.3525306369181733,98837.0,169798.0
0.1,43,2,18196,11774,6422,18196,0,5918,899,4936,8.335569899779175,9.29511980655089,0.27126841063970103,0.4226027397260274,0.3529347109254781,98143.0,169134.0
0.1,44,1,18454,11968,6486,18454,0,6094,903,4969,8.26821524064171,9.228568332068928,0.26926411618077384,0.4254280821917808,0.35146851631082693,98954.0,170304.0
0.1,44,2,18162,11737,6425,18162,0,5920,905,4907,8.276902104455994,9.235932166061007,0.2701794956502588,0.42011986301369864,0.35376059905296775,97146.0,167743.0
0.1,45,1,18334,11768,6566,18334,0,5905,961,4886,8.416553365057784,9.371059234209666,0.2664994000218174,0.4183219178082192,0.3581324315479437,99046.0,171809.0
0.1,45,2,18220,11610,6610,18220,0,5778,1007,4816,8.390008613264428,9.365751920965971,0.26432491767288696,0.4123287671232877,0.362788144895719,97408.0,170644.0
0.1,46,1,18104,11742,6362,18104,0,5941,875,4919,8.310509282916028,9.272094564737074,0.27170790985417587,0.4211472602739726,0.3514140521431728,97582.0,167862.0
0.1,46,2,18257,11867,6390,18257,0,5994,907,4960,8.313305806016684,9.275894177575724,0.2716766171879279,0.4246575342465753,0.35000273867557646,98654.0,169350.0
0.1,47,1,18157,11686,6471,18157,0,5870,962,4846,8.291032004107478,9.270749573167373,0.2668943107341521,0.4148972602739726,0.35639147436250485,96889.0,168329.0
0.1,47,2,18348,11926,6422,18348,0,6063,913,4937,8.345212141539493,9.28880531938086,0.26907564857205146,0.42268835616438355,0.3500109003706126,99525.0,170431.0
0.1,48,1,18578,11923,6655,18578,0,5999,944,4976,8.453996477396629,9.446603509527398,0.26784368608031006,0.426027397260274,0.3582193992894822,100797.0,175499.0
0.1,48,2,18217,11705,6512,18217,0,5959,928,4813,8.533532678342588,9.49195806115167,0.2642037657133447,0.41207191780821917,0.35746829884174125,99885.0,172915.0
0.1,49,1,18382,11807,6575,18382,0,5933,891,4977,8.279410519183536,9.254760091393754,0.27075399847677073,0.42611301369863014,0.35768686758785767,97755.0,170121.0
0.1,49,2,18144,11697,6447,18144,0,5880,933,4875,8.313242711806446,9.267250881834215,0.26868386243386244,0.4173801369863014,0.35532407407407407,97240.0,168145.0
0.1,50,1,18453,11847,6606,18453,0,5932,922,4989,8.255760952139783,9.23817265485287,0.27036254267598764,0.4271404109589041,0.3579905706389205,97806.0,170472.0
0.1,50,2,18221,11751,6470,18221,0,5963,902,4883,8.32712109607693,9.27627462817628,0.26798748696558916,0.41806506849315067,0.35508479227265244,97852.0,169023.0
0.1,51,1,18154,11724,6430,18154,0,5879,944,4894,8.392784032753326,9.348132642943703,0.2695824611655833,0.4190068493150685,0.35419191362785063,98397.0,169706.0
0.1,51,2,18305,11853,6452,18305,0,6002,956,4881,8.349616130937315,9.317290357825732,0.2666484567058181,0.41789383561643834,0.3524720021851953,98968.0,170553.0
0.1,52,1,18209,11712,6497,18209,0,5797,924,4986,8.369193989071038,9.34428030095008,0.2738206381459718,0.4268835616438356,0.356801581635455,98020.0,170150.0
0.1,52,2,18245,11736,6509,18245,0,5984,898,4851,8.40149965916837,9.36256508632502,0.2658810633050151,0.4153253424657534,0.35675527541792273,98600.0,170820.0
0.1,53,1,18355,11893,6462,18355,0,5960,964,4962,8.434457243756832,9.392971942250067,0.2703350585671479,0.42482876712328765,0.3520566603105421,100311.0,172408.0
0.1,53,2,18166,11734,6432,18166,0,5982,937,4809,8.43770240327254,9.405042386876582,0.26472531102058794,0.4117294520547945,0.35406803919409885,99008.0,170852.0
0.1,54,1,18234,11731,6503,18234,0,5855,947,4922,8.280453499275424,9.226993528572995,0.269935285729955,0.4214041095890411,0.35664143906986945,97138.0,168245.0
0.1,54,2,18104,11666,6438,18104,0,5873,967,4811,8.284159094805418,9.226855943437915,0.2657423773751657,0.41190068493150683,0.35561201944321696,96643.0,167043.0
0.1,55,1,18316,11716,6600,18316,0,5885,938,4888,8.265705018777739,9.226250272985368,0.26687049574142824,0.4184931506849315,0.3603406857392444,96841.0,168988.0
0.1,55,2,17977,11743,6234,17977,0,5910,964,4869,8.261432342672231,9.188296156199588,0.2708460811036324,0.4168664383561644,0.34677643655782386,97014.0,165178.0
0.1,56,1,18178,11592,6586,18178,0,5888,867,4832,8.331349206349206,9.321817581692155,0.2658158213224777,0.4136986301369863,0.36230608427769834,96577.0,169452.0
0.1,56,2,18432,11952,6480,18432,0,5991,924,5030,8.3494812583668,9.307562934027779,0.2728949652777778,0.4306506849315068,0.3515625,99793.0,171557.0
0.1,57,1,18317,11827,6490,18317,0,6022,954,4842,8.389278768918576,9.344434132226892,0.26434459791450565,0.41455479452054794,0.3543156630452585,99220.0,171162.0
0.1,57,2,18165,11764,6401,18165,0,5887,959,4907,8.310523631417885,9.287696118909992,0.2701348747591522,0.42011986301369864,0.3523809523809524,97765.0,168711.0
0.1,58,1,18128,11776,6352,18128,0,5961,918,4893,8.349354619565217,9.293468667255075,0.2699139452780229,0.41892123287671235,0.3503971756398941,98322.0,168472.0
0.1,58,2,18340,11844,6496,18340,0,5970,946,4917,8.324974670719351,9.289858233369683,0.26810250817884407,0.42097602739726026,0.35419847328244275,98601.0,170376.0
0.1,59,1,18219,11723,6496,18219,0,5932,891,4897,8.396570843640706,9.35281848619573,0.2687853339919864,0.41926369863013696,0.35655085350458315,98433.0,170399.0
0.1,59,2,18327,11792,6535,18327,0,5911,906,4968,8.317333785617368,9.306269438533311,0.27107546243247665,0.42534246575342466,0.356577726851094,98078.0,170556.0
0.1,60,1,18331,11892,6439,18331,0,6091,883,4912,8.328372014799866,9.300201843871038,0.26796137690251487,0.42054794520547945,0.3512628880039278,99041.0,170482.0
0.1,60,2,18337,11701,6636,18337,0,5804,914,4974,8.411075976412272,9.383541473523477,0.27125483994110267,0.42585616438356166,0.36189125811201395,98418.0,172066.0
0.1,61,1,18386,11859,6527,18386,0,6062,899,4890,8.406526688590944,9.380343739802024,0.2659632328945937,0.4186643835616438,0.35499836832372456,99693.0,172467.0
0.1,61,2,18515,11952,6563,18515,0,6080,917,4948,8.40880187416332,9.382770726438023,0.2672427761274642,0.42363013698630136,0.3544693491763435,100502.0,173722.0
0.1,62,1,18320,11810,6510,18320,0,5906,928,4970,8.336917866215073,9.296615720524018,0.2712882096069869,0.425513698630137,0.35534934497816595,98459.0,170314.0
0.1,62,2,18135,11634,6501,18135,0,5865,909,4852,8.329895134949286,9.299090157154673,0.26754893851668043,0.41541095890410956,0.3584780810587262,96910.0,168639.0
0.1,63,1,18603,11858,6745,18603,0,6032,970,4853,8.551948051948052,9.572972101273988,0.26087190238133634,0.41549657534246576,0.36257592861366444,101409.0,178086.0
0.1,63,2,18326,11814,6512,18326,0,5966,956,4886,8.552395463009988,9.545509112736003,0.2666157372039725,0.4183219178082192,0.3553421368547419,101038.0,174931.0
0.1,64,1,18160,11693,6467,18160,0,5748,942,5002,8.260839818694945,9.204240088105728,0.27544052863436125,0.42825342465753424,0.35611233480176213,96594.0,167149.0
0.1,64,2,17939,11556,6383,17939,0,5826,909,4819,8.235375562478366,9.191760967723953,0.2686325882156196,0.4125856164383562,0.35581693516918445,95168.0,164891.0
0.1,65,1,18294,11704,6586,18290,4,5814,912,4967,8.275119617224881,9.26369600874795,0.27150978462884007,0.4252568493150685,0.3600874794969929,96852.0,169433.0
0.1,65,2,18248,11790,6457,18247,1,5986,907,4893,8.3039016115352,9.252918287937744,0.26813897413415166,0.41892123287671235,0.3538663889954513,97903.0,168838.0
0.1,66,1,18269,11786,6483,18269,0,5966,910,4900,8.462922110979127,9.446110898242924,0.2682139142810225,0.4195205479452055,0.3548634298538508,99744.0,172571.0
0.1,66,2,18579,11969,6610,18579,0,6103,928,4920,8.468543737989807,9.452446310350396,0.26481511383820444,0.4212328767123288,0.35577802895742505,101360.0,175617.0
0.1,67,1,18143,11652,6491,18143,0,5832,942,4874,8.360624785444559,9.316926638372927,0.26864355398776385,0.4172945205479452,0.3577688364658546,97418.0,169037.0
0.1,67,2,18355,11859,6496,18355,0,5976,928,4950,8.298423138544566,9.267937891582674,0.2696812857532008,0.4238013698630137,0.3539090166167257,98411.0,170113.0
0.1,68,1,18520,11991,6529,18520,0,6064,917,5007,8.384204820281878,9.350917926565876,0.2703563714902808,0.42868150684931505,0.3525377969762419,100535.0,173179.0
0.1,68,2,18144,11738,6406,18144,0,5955,957,4820,8.366075992502982,9.341435185185185,0.265652557319224,0.4126712328767123,0.35306437389770723,98201.0,169491.0
0.1,69,1,18263,11823,6440,18263,0,5961,938,4920,8.324367757760298,9.2710945627772,0.2693971417620325,0.4212328767123288,0.35262552702184746,98419.0,169318.0
0.1,69,2,18085,11718,6367,18085,0,5867,973,4868,8.292285372930534,9.25855681504009,0.2691733480785181,0.41678082191780824,0.3520597179983412,97169.0,167441.0
0.1,70,1,18124,11519,6605,18124,0,5784,926,4803,8.216425036895563,9.207901125579342,0.26500772456411387,0.41121575342465755,0.36443389980136837,94645.0,166884.0
0.1,70,2,18395,11891,6504,18395,0,5939,984,4954,8.303086367841225,9.232400108725198,0.26931231312856757,0.42414383561643837,0.3535743408534928,98732.0,169830.0
0.1,71,1,17918,11647,6271,17918,0,5767,915,4961,8.274663003348502,9.22619712021431,0.2768724187967407,0.4247431506849315,0.3499832570599397,96375.0,165315.0
0.1,71,2,18054,11647,6407,18054,0,5860,908,4872,8.3124409719241,9.26387504154204,0.2698570953805251,0.41712328767123286,0.3548798050293564,96815.0,167250.0
0.1,72,1,18549,11884,6665,18549,0,6006,918,4951,8.417704476607202,9.393821769367621,0.26691465847215484,0.42388698630136984,0.3593185616475282,100036.0,174246.0
0.1,72,2,18407,11753,6654,18407,0,5952,921,4873,8.41912703139624,9.400717118487531,0.26473624164719944,0.41720890410958905,0.3614929103058619,98950.0,173039.0
0.1,73,1,18191,11769,6422,18191,0,5864,920,4976,8.191180219219985,9.141608487713704,0.2735418613600132,0.426027397260274,0.35303171898191416,96402.0,166295.0
0.1,73,2,18188,11645,6543,18188,0,5869,887,4880,8.195878059252898,9.158950956674731,0.2683087750164944,0.4178082191780822,0.35974268748625465,95441.0,166583.0
0.1,74,1,18151,11752,6399,18151,0,5871,920,4958,8.251786929884275,9.219657319155969,0.27315299432538154,0.42448630136986304,0.3525425596385874,96975.0,167346.0
0.1,74,2,18347,11852,6495,18347,0,6051,913,4877,8.311677354033074,9.268000218019294,0.2658200250722189,0.4175513698630137,0.35400882978143566,98510.0,170040.0
0.1,75,1,18285,11831,6454,18285,0,6010,907,4910,8.479841095427266,9.462236806125238,0.2685261143013399,0.4203767123287671,0.35296691277003006,100325.0,173017.0
0.1,75,2,18443,12001,6442,18443,0,6158,919,4917,8.485626197816849,9.448625494767663,0.2666052160711381,0.42097602739726026,0.34929241446619314,101836.0,174261.0
0.1,76,1,18433,11897,6536,18433,0,6037,896,4959,8.451122131629823,9.453317419844844,0.269028373026637,0.4245719178082192,0.3545814571692074,100543.0,174253.0
0.1,76,2,18262,11925,6337,18262,0,6100,975,4842,8.542054507337527,9.49178622275764,0.26514072938341915,0.41455479452054794,0.3470047092322856,101864.0,173339.0
0.1,77,1,18421,11908,6513,18421,0,6031,933,4937,8.367484044339939,9.322240920688344,0.2680093371695348,0.42268835616438355,0.35356386732533523,99640.0,171725.0
0.1,77,2,18176,11652,6524,18176,0,5849,918,4871,8.33710950909715,9.31987235915493,0.2679907570422535,0.4170376712328767,0.35893485915492956,97144.0,169398.0
0.1,78,1,18397,11868,6529,18397,0,6025,945,4892,8.40428041793057,9.374463227700168,0.265912920584878,0.41883561643835615,0.3548948198075773,99742.0,172462.0
0.1,78,2,18303,11882,6421,18303,0,6029,920,4923,8.393031476182461,9.353657870294487,0.2689722996230126,0.42148972602739726,0.3508168059880894,99726.0,171200.0
0.1,79,1,18495,11869,6626,18495,0,6065,950,4846,8.37585306260005,9.35323060286564,0.26201676128683427,0.4148972602739726,0.3582589889159232,99413.0,172988.0
0.1,79,2,18289,11725,6564,18289,0,5848,928,4944,8.344392324093816,9.326261687353053,0.27032642572037835,0.4232876712328767,0.3589042593908907,97838.0,170568.0
0.1,80,1,18195,11646,6549,18195,0,5785,938,4920,8.36853855400996,9.35377851057983,0.27040395713107995,0.4212328767123288,0.3599340478153339,97460.0,170192.0
0.1,80,2,18245,11855,6390,18245,0,6021,936,4893,8.444706874736399,9.376157851466155,0.2681830638531104,0.41892123287671235,0.3502329405316525,100112.0,171068.0
0.1,81,1,18068,11659,6408,18067,1,5753,918,4987,8.297538382365554,9.258316267227542,0.2760128403807837,0.42696917808219176,0.35467980295566504,96741.0,167270.0
0.1,81,2,18079,11648,6429,18077,2,5887,904,4856,8.325034340659341,9.28157326990098,0.2685989269317993,0.41575342465753423,0.3556452951264037,96970.0,167783.0
0.1,82,1,18095,11601,6494,18095,0,5789,945,4858,8.246530471511077,9.187399834208344,0.26847195357833653,0.41592465753424657,0.3588836695219674,95668.0,166246.0
0.1,82,2,18163,11734,6429,18163,0,5845,906,4977,8.181097664905403,9.124483840775202,0.2740186092605847,0.42611301369863014,0.35396134999724715,95997.0,165728.0
0.1,83,1,18234,11796,6438,18234,0,5908,947,4933,8.272889114954221,9.248327300647142,0.2705385543490183,0.4223458904109589,0.35307666995722276,97587.0,168634.0
0.1,83,2,18100,11707,6393,18100,0,5928,898,4875,8.372853848125054,9.316298342541437,0.26933701657458564,0.4173801369863014,0.35320441988950274,98021.0,168625.0
0.1,84,1,18282,11916,6366,18282,0,6060,915,4940,8.419184290030211,9.357893009517559,0.2702111366371294,0.4229452054794521,0.34821135543157206,100323.0,171081.0
0.1,84,2,18164,11732,6432,18164,0,5922,886,4924,8.366263211728606,9.339187403655583,0.2710856639506717,0.4215753424657534,0.3541070248843867,98153.0,169637.0
0.1,85,1,18259,11864,6395,18259,0,5996,917,4945,8.272252191503709,9.209430965551235,0.27082534640451283,0.4233732876712329,0.3502382386768169,98142.0,168155.0
0.1,85,2,18069,11642,6427,18069,0,5856,950,4832,8.286548702971999,9.229951851236924,0.2674193369859981,0.4136986301369863,0.3556920692899441,96472.0,166776.0
0.1,86,1,18207,11735,6472,18207,0,5934,949,4846,8.368811248402215,9.326412918108419,0.26616136650738725,0.4148972602739726,0.35546767726698525,98208.0,169806.0
0.1,86,2,18203,11773,6430,18203,0,5888,917,4957,8.352756306803704,9.307147173542823,0.272317749821458,0.42440068493150684,0.3532384771740922,98337.0,169418.0
0.1,87,1,18427,11853,6574,18427,0,6046,901,4904,8.438116932422172,9.396483421066913,0.2661312204916698,0.41986301369863016,0.35675910348944484,100017.0,173149.0
0.1,87,2,18149,11789,6360,18149,0,5931,938,4920,8.349647976927644,9.312689404374897,0.2710893162157695,0.4212328767123288,0.3504325307179459,98434.0,169016.0
0.1,88,1,18262,11794,6468,18262,0,5899,949,4936,8.218416143801933,9.190395356477932,0.27028802978863214,0.4226027397260274,0.3541780746906144,96928.0,167835.0
0.1,88,2,18339,11832,6507,18339,0,6015,926,4878,8.260564570655848,9.217078357598561,0.26599051202355634,0.41763698630136986,0.354817601832161,97739.0,169032.0
0.1,89,1,18126,11672,6454,18126,0,5843,929,4898,8.200222755311858,9.153260509764978,0.2702195740924639,0.41934931506849316,0.3560631137592409,95713.0,165912.0
0.1,89,2,17958,11618,6340,17958,0,5778,992,4848,8.28077121707695,9.194620781824257,0.26996324757768125,0.41506849315068495,0.3530459962133868,96206.0,165117.0
0.1,90,1,18269,11715,6554,18269,0,5866,957,4887,8.4183525394793,9.386720674366414,0.2675023263451749,0.41840753424657534,0.3587497947342493,98621.0,171486.0
0.1,90,2,18146,11673,6473,18146,0,5845,914,4905,8.407778634455582,9.37457290863,0.2703075057863992,0.4199486301369863,0.35671773393585365,98144.0,170111.0
0.1,91,1,18360,11881,6479,18360,0,6091,924,4860,8.399882164800943,9.338779956427015,0.2647058823529412,0.4160958904109589,0.3528867102396514,99799.0,171460.0
0.1,91,2,18173,11690,6483,18173,0,5815,935,4937,8.299059024807528,9.280416001760853,0.27166675837781323,0.42268835616438355,0.35673801793870025,97016.0,168653.0
0.1,92,1,18496,11968,6528,18496,0,6055,962,4945,8.459224598930481,9.420307093425606,0.2673551038062284,0.4233732876712329,0.35294117647058826,101240.0,174238.0
0.1,92,2,18196,11780,6416,18196,0,6016,907,4851,8.436078098471986,9.40948560123104,0.26659705429764785,0.4153253424657534,0.3526049681248626,99377.0,171215.0
0.1,93,1,18015,11718,6297,18015,0,5850,962,4903,8.24637310121181,9.175020815986677,0.27216208714959755,0.41977739726027397,0.3495420482930891,96631.0,165288.0
0.1,93,2,18239,11682,6557,18239,0,5871,936,4874,8.180362951549393,9.154394429519161,0.26722956302428863,0.4172945205479452,0.3595043587916004,95563.0,166967.0
0.1,94,1,18164,11832,6332,18164,0,5965,944,4915,8.325050709939148,9.255505395287381,0.2705901783748073,0.4208047945205479,0.3486016295970051,98502.0,168117.0
0.1,94,2,18227,11749,6478,18227,0,5929,933,4885,8.282151672482765,9.252098535140176,0.26800899764086245,0.418236301369863,0.3554068140670434,97307.0,168638.0
0.1,95,1,18329,11764,6565,18329,0,5856,922,4976,8.418310098605916,9.369032680451744,0.2714823503737247,0.426027397260274,0.35817556877080037,99033.0,171725.0
0.1,95,2,18112,11670,6442,18112,0,5883,928,4851,8.397429305912597,9.352859982332156,0.26783348056537104,0.4153253424657534,0.3556757950530035,97998.0,169399.0
0.1,96,1,18188,11769,6419,18188,0,5919,955,4889,8.38193559350837,9.345282603914669,0.26880360677369697,0.4185787671232877,0.35292500549813066,98647.0,169972.0
0.1,96,2,18423,11798,6625,18423,0,6003,888,4904,8.39803356501102,9.373337675731422,0.2661890028768387,0.41986301369863016,0.35960484177386964,99080.0,172685.0
0.1,97,1,18336,11672,6664,18336,0,5810,942,4913,8.34201507882111,9.309827661431065,0.26794284467713786,0.42063356164383564,0.3634380453752182,97368.0,170705.0
0.1,97,2,18229,11752,6477,18229,0,5933,924,4884,8.326923076923077,9.279005979483241,0.2679247353118657,0.41815068493150687,0.35531296286137476,97858.0,169147.0
0.1,98,1,18265,11711,6554,18265,0,5916,938,4853,8.314661429425326,9.301998357514371,0.2656994251300301,0.41549657534246576,0.3588283602518478,97373.0,169901.0
0.1,98,2,18332,11877,6455,18332,0,5992,941,4940,8.358508040751031,9.30776783766092,0.2694741435740781,0.4229452054794521,0.3521165175649138,99274.0,170630.0
0.1,99,1,18121,11551,6570,18121,0,5771,906,4866,8.275473984936369,9.226587936648087,0.2685282269190442,0.4166095890410959,0.36256277247392527,95590.0,167195.0
0.1,99,2,18210,11748,6462,18210,0,5861,914,4967,8.229485869935308,9.174025260845688,0.2727622185612301,0.4252568493150685,0.3548599670510708,96680.0,167059.0
0.1,100,1,18213,11691,6522,18213,0,5775,898,5011,8.361731246257806,9.318948004172844,0.27513314665348926,0.4290239726027397,0.35809586559051226,97757.0,169726.0
0.1,100,2,18351,11768,6583,18351,0,6002,943,4821,8.397433718558803,9.347501498555937,0.2627104789929704,0.4127568493150685,0.35872704484769224,98821.0,171536.0
0.15,1,1,18292,12487,5805,18292,0,7454,643,4388,7.495475294306078,8.364366936365624,0.23988628908812595,0.37568493150684934,0.31735184780231795,93596.0,153001.0
0.15,1,2,18063,12262,5801,18063,0,5615,996,5650,7.480671994780623,8.365387809333997,0.3127941095056192,0.4837328767123288,0.32115373968886674,91728.0,151104.0
0.15,2,1,18386,12678,5708,18386,0,7566,650,4462,7.553951727401798,8.41950397041227,0.24268465136516915,0.38202054794520546,0.31045360600456867,95769.0,154801.0
0.15,2,2,18163,12394,5769,18163,0,5824,1006,5564,7.596336937227691,8.466993338104938,0.3063370588559159,0.47636986301369866,0.3176237405714915,94149.0,153786.0
0.15,3,1,18105,12410,5695,18105,0,7442,574,4394,7.543271555197421,8.416183374758354,0.24269538801436066,0.3761986301369863,0.3145539906103286,93612.0,152375.0
0.15,3,2,18213,12587,5626,18213,0,5850,957,5778,7.496623500436959,8.367759292812826,0.3172459232416406,0.4946917808219178,0.3089002360950969,94360.0,152402.0
0.15,4,1,18185,12440,5745,18185,0,7386,611,4442,7.605707395498392,8.462084135276326,0.24426725323068463,0.3803082191780822,0.31591971405004127,94615.0,153883.0
0.15,4,2,18265,12432,5833,18265,0,5818,977,5637,7.56483268983269,8.445442102381604,0.30862304954831643,0.48261986301369864,0.31935395565288804,94046.0,154256.0
0.15,5,1,18331,12463,5868,18331,0,7373,632,4458,7.5003610687635405,8.370847198734385,0.24319458840216027,0.38167808219178084,0.32011346898696197,93477.0,153446.0
0.15,5,2,18190,12336,5854,18190,0,5743,1012,5581,7.49083981841764,8.373227047828477,0.3068169323804288,0.4778253424657534,0.3218251786695987,92407.0,152309.0
0.15,6,1,18106,12278,5828,18106,0,7377,643,4258,7.605065971656622,8.469623329283111,0.2351706616591185,0.36455479452054795,0.32188224897823925,93375.0,153351.0
0.15,6,2,18322,12506,5816,18322,0,5731,992,5783,7.576843115304654,8.438325510315467,0.3156314812793363,0.49511986301369865,0.3174325946949023,94756.0,154607.0
0.15,7,1,18089,12318,5771,18089,0,7337,652,4327,7.647264166260757,8.505611144894687,0.23920614738238707,0.37046232876712326,0.3190336668693681,94199.0,153858.0
0.15,7,2,18217,12517,5700,18217,0,5807,1044,5665,7.605176959335304,8.466597134544656,0.3109732667288796,0.4850171232876712,0.3128945490475929,95194.0,154236.0
0.15,8,1,18290,12361,5929,18290,0,7402,614,4343,7.549389207992881,8.445926735921269,0.237452159650082,0.37183219178082194,0.3241662110442865,93318.0,154476.0
0.15,8,2,18369,12567,5802,18369,0,5822,1013,5727,7.556616535370415,8.429146932331646,0.31177527355871304,0.49032534246575343,0.3158582394251184,94964.0,154835.0
0.15,9,1,18063,12407,5656,18063,0,7411,575,4421,7.494237124204078,8.359464097879643,0.24475447046448542,0.37851027397260273,0.3131262802413774,92981.0,150997.0
0.15,9,2,18180,12576,5604,18180,0,5892,974,5710,7.517096055979644,8.361771177117712,0.3140814081408141,0.4888698630136986,0.30825082508250823,94535.0,152017.0
0.15,10,1,18061,12447,5614,18061,0,7437,587,4423,7.494978709729252,8.34959304578927,0.24489230939593598,0.37868150684931506,0.3108355019101932,93290.0,150802.0
0.15,10,2,18191,12482,5709,18191,0,5800,1005,5677,7.470838006729691,8.344950799846078,0.31207740091253916,0.4860445205479452,0.31383651256115663,93251.0,151803.0
0.15,11,1,18126,12518,5608,18126,0,7406,616,4495,7.520690206103211,8.373937989628159,0.24798631799624848,0.3848458904109589,0.30938982676817833,94144.0,151786.0
0.15,11,2,18168,12386,5782,18168,0,5811,960,5614,7.546181172291297,8.41754733597534,0.3090048436811977,0.48065068493150687,0.31825187142228095,93467.0,152930.0
0.15,12,1,18431,12492,5939,18431,0,7477,611,4404,7.547550432276657,8.415278606695242,0.23894525527643645,0.37705479452054796,0.3222288535619337,94284.0,155102.0
0.15,12,2,18262,12383,5879,18262,0,5719,945,5719,7.467495760316563,8.360694337969555,0.31316394699375755,0.4896404109589041,0.3219253093856095,92470.0,152683.0
0.15,13,1,18407,12577,5830,18407,0,7526,646,4405,7.531128249980123,8.405769544195143,0.2393111316347042,0.3771404109589041,0.3167273319932634,94719.0,154725.0
0.15,13,2,18119,12430,5689,18119,0,5800,941,5685,7.548028962188254,8.414371654064794,0.3137590374744743,0.4867294520547945,0.3139798002097246,93822.0,152460.0
0.15,14,1,18190,12507,5683,18190,0,7506,638,4363,7.504277604541457,8.382352941176471,0.23985706432105552,0.3735445205479452,0.3124244090159428,93856.0,152475.0
0.15,14,2,18268,12481,5787,18268,0,5801,1042,5638,7.549395080522394,8.423089555506897,0.3086271075104007,0.4827054794520548,0.3167834464637618,94224.0,153873.0
0.15,15,1,18529,12596,5933,18529,0,7564,581,4451,7.568910765322324,8.4573371471747,0.24021803659128932,0.3810787671232877,0.32020076636623673,95338.0,156706.0
0.15,15,2,18384,12533,5851,18384,0,5896,980,5657,7.612862044203303,8.483191906005223,0.30771322889469105,0.48433219178082193,0.3182658833768494,95412.0,155955.0
0.15,16,1,18129,12363,5766,18129,0,7376,597,4388,7.54129256652916,8.413150201334878,0.24204313530806995,0.37568493150684934,0.3180539467152077,93233.0,152522.0
0.15,16,2,18288,12550,5738,18288,0,5853,952,5740,7.530756972111554,8.395122484689415,0.31386701662292216,0.4914383561643836,0.31375765529308836,94511.0,153530.0
0.15,17,1,18175,12394,5781,18175,0,7364,609,4419,7.466031950944005,8.347235213204952,0.24313617606602475,0.3783390410958904,0.31807427785419534,92534.0,151711.0
0.15,17,2,18358,12534,5824,18358,0,5889,1015,5629,7.520105313547152,8.38353851182046,0.30662381523041726,0.4819349315068493,0.31724588735156334,94257.0,153905.0
0.15,18,1,18218,12545,5673,18218,0,7516,617,4411,7.55081705858908,8.412888352179163,0.24212317488198484,0.3776541095890411,0.31139532330661984,94725.0,153266.0
0.15,18,2,18466,12556,5910,18466,0,5903,1048,5603,7.544042688754381,8.436315390447309,0.30342250622766165,0.47970890410958905,0.32004765515000544,94723.0,155785.0
0.15,19,1,18392,12596,5796,18392,0,7594,633,4369,7.582407113369324,8.44677033492823,0.23754893431926924,0.3740582191780822,0.3151370160939539,95508.0,155353.0
0.15,19,2,18227,12418,5809,18227,0,5753,988,5674,7.571992269286519,8.449497997476271,0.31129642837548693,0.4857876712328767,0.3187030229878751,94029.0,154009.0
0.15,20,1,18192,12308,5884,18192,0,7418,597,4293,7.531686707832304,8.420129727352682,0.23598284960422164,0.3675513698630137,0.32343887423043094,92700.0,153179.0
0.15,20,2,18334,12509,5825,18334,0,5719,1002,5788,7.546566472140059,8.414366750299989,0.3156976109959638,0.49554794520547946,0.31771571942838445,94400.0,154269.0
0.15,21,1,18195,12480,5715,18195,0,7400,590,4490,7.5494391025641026,8.401428964001099,0.2467710909590547,0.3844178082191781,0.31409727947238253,94217.0,152864.0
0.15,21,2,18158,12333,5825,18158,0,5737,1021,5575,7.5045001216249085,8.394261482542131,0.3070272056393876,0.4773116438356164,0.3207952417667144,92553.0,152423.0
0.15,22,1,18192,12498,5694,18192,0,7542,626,4330,7.556649063850216,8.410620052770449,0.23801671064204047,0.3707191780821918,0.31299472295514513,94443.0,153006.0
0.15,22,2,18393,12508,5885,18393,0,5802,1022,5684,7.501998720818676,8.39090958516827,0.3090306094709944,0.48664383561643837,0.31995867993258303,93835.0,154334.0
0.15,23,1,18136,12493,5643,18136,0,7449,609,4435,7.526534859521332,8.388729598588442,0.2445412439347155,0.379708904109589,0.31114909572121746,94029.0,152138.0
0.15,23,2,18216,12489,5727,18216,0,5831,1035,5623,7.556729922331652,8.415184453227932,0.3086846728151076,0.48142123287671235,0.3143939393939394,94376.0,153291.0
0.15,24,1,18460,12563,5897,18460,0,7531,596,4436,7.530685345856881,8.421505958829902,0.24030335861321778,0.3797945205479452,0.3194474539544962,94608.0,155461.0
0.15,24,2,18389,12507,5882,18389,0,5856,1004,5647,7.5510514112097225,8.437326662678775,0.30708575778998315,0.48347602739726026,0.3198651367665452,94441.0,155154.0
0.15,25,1,18143,12450,5693,18143,0,7425,557,4468,7.531807228915663,8.39739844568153,0.24626577743482334,0.38253424657534246,0.31378493082731634,93771.0,152354.0
0.15,25,2,18348,12498,5850,18348,0,5838,1000,5658,7.555928948631781,8.430346631785481,0.3083714846304774,0.48441780821917807,0.3188358404185742,94434.0,154680.0
0.15,26,1,18055,12383,5672,18055,0,7408,617,4355,7.464023257691997,8.335918028247024,0.24120742176682358,0.3728595890410959,0.31415120465245083,92427.0,150505.0
0.15,26,2,18246,12592,5654,18246,0,5861,975,5755,7.46569250317662,8.323084511673791,0.3154115970623698,0.492722602739726,0.30987613723555846,94008.0,151863.0
0.15,27,1,18172,12330,5842,18172,0,7382,586,4357,7.566828872668289,8.449757869249394,0.23976447281532026,0.37303082191780823,0.3214836011446181,93299.0,153549.0
0.15,27,2,18298,12565,5733,18298,0,5838,1008,5713,7.575726223637087,8.436113236419281,0.31221991474478084,0.48912671232876714,0.3133129303749044,95189.0,154364.0
0.15,28,1,18335,12550,5785,18335,0,7571,592,4387,7.56,8.434360512680666,0.23926915734933188,0.37559931506849314,0.31551677120261795,94878.0,154644.0
0.15,28,2,18413,12568,5845,18413,0,5866,975,5727,7.560709739019733,8.438060066257535,0.3110302503665888,0.49032534246575343,0.31743876608917615,95023.0,155370.0
0.15,29,1,18054,12254,5800,18054,0,7425,613,4216,7.555573690223601,8.427716849451645,0.2335216572504708,0.36095890410958903,0.3212584468815775,92586.0,152154.0
0.15,29,2,18349,12615,5734,18349,0,5760,990,5865,7.475862068965517,8.348738350863806,0.319635947463077,0.5021404109589042,0.3124965938198267,94308.0,153191.0
0.15,30,1,18254,12464,5790,18254,0,7412,629,4423,7.566431322207959,8.43809575983346,0.24230305686424894,0.37868150684931506,0.3171907527117344,94308.0,154029.0
0.15,30,2,18230,12413,5817,18230,0,5771,958,5681,7.5623137033754935,8.438672517827756,0.31162918266593526,0.48638698630136984,0.31908941305540317,93871.0,153837.0
0.15,31,1,18198,12467,5731,18198,0,7430,607,4427,7.566615865885939,8.423068469062533,0.24326849104297177,0.37902397260273973,0.31492471700186836,94333.0,153283.0
0.15,31,2,18083,12387,5696,18083,0,5743,995,5646,7.529829660127553,8.393021069512802,0.3122269534922303,0.4833904109589041,0.31499198141901236,93272.0,151771.0
0.15,32,1,18107,12424,5683,18107,0,7434,601,4389,7.567208628461043,8.429668084166344,0.24239244491080797,0.3757705479452055,0.3138565195780637,94015.0,152636.0
0.15,32,2,18382,12510,5872,18382,0,5827,960,5721,7.571622701838529,8.445544554455445,0.3112283755848112,0.48981164383561643,0.31944293330431944,94721.0,155246.0
0.15,33,1,18238,12477,5761,18238,0,7488,620,4367,7.565921295183137,8.422359907884637,0.23944511459589868,0.37388698630136985,0.31587893409365064,94400.0,153607.0
0.15,33,2,18240,12435,5805,18240,0,5747,978,5704,7.477683956574186,8.369298245614035,0.312719298245614,0.48835616438356166,0.3182565789473684,92985.0,152656.0
0.15,34,1,18330,12433,5897,18330,0,7423,619,4391,7.614493686157806,8.505891980360065,0.23955264593562467,0.3759417808219178,0.32171303873431534,94671.0,155913.0
0.15,34,2,18502,12545,5957,18502,0,5895,1000,5650,7.634356317257872,8.512971570641012,0.30537239217381906,0.4837328767123288,0.3219651929521133,95773.0,157507.0
0.15,35,1,18211,12530,5681,18211,0,7500,596,4434,7.505347166799681,8.365548294986546,0.24347921585854704,0.3796232876712329,0.31195431332711,94042.0,152345.0
0.15,35,2,18181,12434,5747,18181,0,5785,963,5686,7.523001447643558,8.390462570815687,0.31274407348330674,0.4868150684931507,0.3160992244651009,93541.0,152547.0
0.15,36,1,18248,12665,5583,18248,0,7657,646,4361,7.495775759968417,8.350887768522577,0.23898509425690487,0.3733732876712329,0.30595133713283645,94934.0,152387.0
0.15,36,2,18112,12532,5580,18112,0,5865,948,5715,7.494573890839451,8.357939487632509,0.3155366607773852,0.4892979452054795,0.308083038869258,93922.0,151379.0
0.15,37,1,18168,12294,5874,18168,0,7296,610,4388,7.490889864974784,8.392338177014532,0.24152355790400704,0.37568493150684934,0.32331571994715985,92093.0,152472.0
0.15,37,2,18355,12615,5740,18355,0,5939,1014,5662,7.540626238604836,8.400163443203487,0.30847180604739854,0.48476027397260274,0.312721329338055,95125.0,154185.0
0.15,38,1,18367,12531,5836,18367,0,7534,597,4400,7.592131513845663,8.49082593782327,0.23956008057929984,0.3767123287671233,0.3177437796047259,95137.0,155951.0
0.15,38,2,18542,12613,5929,18542,0,5952,1031,5627,7.612701181320859,8.51208068169561,0.30347319598748784,0.48176369863013696,0.3197605436306763,96019.0,157831.0
0.15,39,1,18129,12506,5623,18129,0,7433,600,4473,7.46073884535423,8.322521926195598,0.24673175575045508,0.3829623287671233,0.31016603232390094,93304.0,150879.0
0.15,39,2,18002,12353,5649,18002,0,5769,952,5632,7.526107018538007,8.378680146650373,0.31285412731918677,0.4821917808219178,0.3137984668370181,92970.0,150833.0
0.15,40,1,18225,12544,5681,18225,0,7529,563,4449,7.545758928571429,8.41031550068587,0.24411522633744856,0.38090753424657536,0.31171467764060357,94654.0,153278.0
0.15,40,2,18183,12422,5761,18183,0,5758,1005,5655,7.564321365319595,8.437551559148655,0.31100478468899523,0.4841609589041096,0.31683440576362537,93964.0,153420.0
0.15,41,1,18004,12507,5497,18004,0,7384,603,4520,7.3998560805948665,8.256220839813375,0.25105532103976896,0.386986301369863,0.30532103976894026,92550.0,148645.0
0.15,41,2,18159,12445,5714,18159,0,5887,952,5606,7.480594616311771,8.337078032931329,0.30871744038768656,0.4799657534246575,0.31466490445509115,93096.0,151393.0
0.15,42,1,18058,12432,5626,18058,0,7497,628,4307,7.564350064350064,8.409347657547901,0.23850924797873518,0.36875,0.31155166685125707,94040.0,151856.0
0.15,42,2,18272,12463,5809,18272,0,5717,1022,5724,7.494824681055926,8.377079684763572,0.3132661996497373,0.49006849315068496,0.31791812609457093,93408.0,153066.0
0.15,43,1,18322,12495,5827,18322,0,7564,601,4330,7.536454581832733,8.412072917803734,0.23632791180002183,0.3707191780821918,0.3180329658334243,94168.0,154126.0
0.15,43,2,18476,12564,5912,18476,0,5823,989,5752,7.550939191340338,8.427473479108032,0.3113227971422386,0.49246575342465754,0.3199826802338168,94870.0,155706.0
0.15,44,1,18084,12373,5711,18084,0,7343,614,4416,7.457124383738786,8.333167440831675,0.24419376244193763,0.3780821917808219,0.3158040256580403,92267.0,150697.0
0.15,44,2,18128,12473,5655,18128,0,5809,982,5680,7.506293594163393,8.353927625772286,0.31332744924977934,0.4863013698630137,0.3119483671668138,93626.0,151440.0
0.15,45,1,18199,12406,5793,18199,0,7368,592,4446,7.510720619055296,8.389252156711906,0.2442991373152371,0.38065068493150683,0.3183141930875323,93178.0,152676.0
0.15,45,2,18266,12561,5705,18266,0,5930,986,5645,7.540004776689754,8.396474323880433,0.3090441256980182,0.4833047945205479,0.31232891711376326,94710.0,153370.0
0.15,46,1,18090,12268,5822,18090,0,7311,621,4336,7.500652103032279,8.379104477611941,0.23969043670536208,0.37123287671232874,0.3218352681039248,92018.0,151578.0
0.15,46,2,18325,12541,5784,18325,0,5822,964,5755,7.476277808787178,8.351432469304228,0.3140518417462483,0.492722602739726,0.3156343792633015,93760.0,153040.0
0.15,47,1,18140,12476,5664,18140,0,7428,647,4401,7.537111253606925,8.404079382579933,0.2426130099228225,0.37679794520547943,0.3122381477398015,94033.0,152450.0
0.15,47,2,18274,12427,5847,18274,0,5796,969,5662,7.583004747726724,8.45299332384809,0.3098391156834847,0.48476027397260274,0.31996278866148625,94234.0,154470.0
0.15,48,1,18207,12334,5873,18207,0,7327,646,4360,7.593319280038917,8.47536661723513,0.2394683363541495,0.3732876712328767,0.3225682429834679,93656.0,154311.0
0.15,48,2,18331,12404,5927,18331,0,5739,1080,5584,7.614801676878426,8.49719055152474,0.3046205880748459,0.4780821917808219,0.3233320604440565,94454.0,155762.0
0.15,49,1,18341,12504,5837,18341,0,7423,636,4445,7.502239283429303,8.39114552096396,0.24235319775366665,0.3805650684931507,0.3182487323482907,93808.0,153902.0
0.15,49,2,18289,12521,5768,18289,0,5922,1013,5586,7.561217155179299,8.425993766745037,0.30542949313795176,0.47825342465753423,0.3153808300071081,94674.0,154103.0
0.15,50,1,18369,12476,5893,18369,0,7609,599,4263,7.628967617826226,8.496107572540694,0.23207577984648048,0.36498287671232876,0.3208122380096902,95179.0,156065.0
0.15,50,2,18504,12618,5886,18504,0,5782,1034,5796,7.508162941829133,8.40402075226978,0.3132295719844358,0.49623287671232874,0.31809338521400776,94738.0,155508.0
0.15,51,1,18128,12461,5667,18128,0,7520,624,4314,7.556375892785491,8.410745807590468,0.23797440423654015,0.36934931506849317,0.31261032656663723,94160.0,152470.0
0.15,51,2,18237,12421,5816,18237,0,5677,1006,5737,7.542065856211255,8.42287656961123,0.3145802489444536,0.49118150684931505,0.3189121017711246,93680.0,153608.0
0.15,52,1,18456,12574,5882,18456,0,7519,634,4421,7.5240178145379355,8.417100130039012,0.239542696142176,0.37851027397260273,0.3187039445166883,94607.0,155346.0
0.15,52,2,18243,12481,5762,18243,0,5861,973,5647,7.571588814998798,8.442580715891026,0.30954338650441265,0.48347602739726026,0.31584717425861975,94501.0,154018.0
0.15,53,1,18273,12549,5724,18273,0,7480,650,4418,7.5050601641565065,8.370984512668965,0.24177748590817053,0.37825342465753425,0.313249055984239,94181.0,152963.0
0.15,53,2,18042,12324,5718,18042,0,5715,1007,5598,7.541950665368387,8.40716106861767,0.3102760226139009,0.47928082191780824,0.3169271699368141,92947.0,151682.0
0.15,54,1,18372,12462,5910,18372,0,7460,610,4389,7.570534424650939,8.459068147180492,0.23889614630960157,0.3757705479452055,0.321685173089484,94344.0,155410.0
0.15,54,2,18342,12472,5870,18342,0,5783,1008,5679,7.572402180885183,8.458565041980155,0.3096172718351325,0.48621575342465756,0.3200305310216988,94443.0,155147.0
0.15,55,1,18114,12547,5567,18114,0,7542,618,4387,7.475013947557185,8.328751242133157,0.24218836259246992,0.37559931506849314,0.30733134592028266,93789.0,150867.0
0.15,55,2,18111,12374,5737,18111,0,5705,979,5690,7.529739776951673,8.389210976754459,0.314173706587157,0.4871575342465753,0.31676881453260447,93173.0,151937.0
0.15,56,1,18251,12407,5844,18251,0,7417,611,4377,7.617232207624728,8.483809106350337,0.23982247548079558,0.3747431506849315,0.32020163278724456,94507.0,154838.0
0.15,56,2,18367,12538,5829,18367,0,5858,978,5701,7.555032700590206,8.43022812653128,0.3103936407687701,0.48809931506849313,0.31736266129471336,94725.0,154838.0
0.15,57,1,18406,12617,5789,18406,0,7623,579,4413,7.544186415154157,8.416494621319135,0.2397587743127241,0.37782534246575344,0.31451700532435073,95185.0,154914.0
0.15,57,2,18254,12496,5758,18254,0,5799,973,5716,7.543293854033291,8.419305357729813,0.31313684671852743,0.4893835616438356,0.3154377122822395,94261.0,153686.0
0.15,58,1,18358,12537,5821,18358,0,7447,609,4479,7.511286591688601,8.387406035515852,0.24398082579801722,0.3834760273972603,0.3170824708573919,94169.0,153976.0
0.15,58,2,18052,12358,5694,18052,0,5758,996,5601,7.55275934617252,8.414690892975848,0.3102703301573233,0.4795376712328767,0.3154221138931974,93337.0,151902.0
0.15,59,1,18134,12452,5682,18134,0,7429,621,4402,7.527304850626406,8.40222785926988,0.24274842836660418,0.37688356164383563,0.3133340686004191,93730.0,152366.0
0.15,59,2,18407,12625,5782,18407,0,5986,997,5642,7.558653465346534,8.422339327429782,0.3065138262617482,0.48304794520547945,0.3141196284022383,95428.0,155030.0
0.15,60,1,18637,12663,5974,18637,0,7619,648,4395,7.613361762615494,8.493856307345602,0.23582121586092183,0.3762842465753425,0.320545152116757,96408.0,158300.0
0.15,60,2,18136,12383,5753,18136,0,5740,1018,5620,7.60688040054914,8.478992059991178,0.30988089986766654,0.4811643835616438,0.31721438023820026,94196.0,153775.0
0.15,61,1,18157,12473,5684,18157,0,7505,583,4383,7.52064459231941,8.374676433331498,0.2413945034972738,0.3752568493150685,0.3130473095775734,93805.0,152059.0
0.15,61,2,18083,12473,5610,18083,0,5761,965,5746,7.441192976829953,8.312061051816624,0.3177570093457944,0.49195205479452053,0.3102361333849472,92814.0,150307.0
0.15,62,1,18300,12532,5768,18300,0,7464,663,4405,7.5036706032556655,8.398907103825136,0.2407103825136612,0.3771404109589041,0.3151912568306011,94036.0,153700.0
0.15,62,2,18287,12519,5768,18287,0,5925,1007,5587,7.616822429906542,8.474763493191885,0.30551758079510033,0.4783390410958904,0.3154153223601466,95355.0,154978.0
0.15,63,1,18438,12519,5919,18438,0,7550,624,4345,7.580717309689272,8.455309686516976,0.23565462631521858,0.3720034246575342,0.3210218027985682,94903.0,155899.0
0.15,63,2,18163,12453,5710,18163,0,5747,1027,5679,7.5520758050269015,8.417937565380168,0.3126686120134339,0.48621575342465756,0.31437537851676484,94046.0,152895.0
0.15,64,1,18366,12508,5858,18366,0,7447,611,4449,7.51566997121842,8.39181095502559,0.24224109768049656,0.38090753424657536,0.3189589458782533,94006.0,154124.0
0.15,64,2,18001,12413,5588,18001,0,5783,989,5639,7.52211391283332,8.377590133881451,0.31326037442364313,0.48279109589041097,0.3104271984889728,93372.0,150805.0
0.15,65,1,18163,12445,5718,18163,0,7399,629,4416,7.588830855765368,8.463249463194407,0.2431316412486924,0.3780821917808219,0.3148158343885922,94443.0,153718.0
0.15,65,2,18218,12389,5829,18218,0,5748,1022,5614,7.654451529582694,8.52437150071358,0.30815676803161707,0.48065068493150687,0.3199582830167966,94831.0,155297.0
0.15,66,1,18223,12484,5739,18223,0,7492,629,4358,7.658122396667735,8.527245788289525,0.23914832903473632,0.37311643835616437,0.3149316797453767,95604.0,155392.0
0.15,66,2,18357,12629,5728,18357,0,5937,993,5694,7.582468920737984,8.467777959361552,0.3101814021899003,0.4875,0.31203355668137495,95759.0,155443.0
0.15,67,1,18335,12549,5786,18335,0,7493,636,4420,7.531118017371902,8.396563948731934,0.24106899372784293,0.3784246575342466,0.3155713116989365,94508.0,153951.0
0.15,67,2,18117,12401,5716,18117,0,5764,1008,5629,7.484396419643577,8.362422034553182,0.31070265496495003,0.4819349315068493,0.315504774521168,92814.0,151502.0
0.15,68,1,18458,12639,5819,18458,0,7625,606,4406,7.554474246380251,8.428486293206198,0.23870408494961534,0.3772260273972603,0.31525625744934443,95481.0,155573.0
0.15,68,2,18421,12465,5956,18421,0,5798,947,5714,7.632170076213398,8.504912871179632,0.31018945768416484,0.4892123287671233,0.3233266380761088,95135.0,156669.0
0.15,69,1,18275,12428,5847,18275,0,7401,619,4406,7.588831670421628,8.469110807113543,0.24109439124487003,0.3772260273972603,0.3199452804377565,94314.0,154773.0
0.15,69,2,18300,12516,5784,18300,0,5854,936,5720,7.561361457334612,8.439344262295082,0.31256830601092894,0.4897260273972603,0.3160655737704918,94638.0,154440.0
0.15,70,1,18176,12271,5905,18176,0,7397,616,4258,7.513894548121588,8.395851672535212,0.2342649647887324,0.36455479452054795,0.3248789612676056,92203.0,152603.0
0.15,70,2,18276,12584,5692,18276,0,5790,1016,5778,7.524554990464082,8.370923615670826,0.31615233092580436,0.4946917808219178,0.3114467060625958,94689.0,152987.0
0.15,71,1,18255,12355,5900,18255,0,7411,606,4337,7.515095103197086,8.400657354149548,0.2375787455491646,0.37131849315068494,0.3231991235278006,92849.0,153354.0
0.15,71,2,18328,12405,5923,18328,0,5671,1002,5729,7.536074163643692,8.413356612832825,0.3125818419903972,0.49049657534246577,0.3231667394151026,93485.0,154200.0
0.15,72,1,18159,12469,5690,18159,0,7496,586,4387,7.530595877776887,8.392863043119114,0.24158819318244396,0.37559931506849314,0.3133432457734457,93899.0,152406.0
0.15,72,2,18318,12493,5825,18318,0,5782,992,5719,7.504602577443368,8.388033628125342,0.31220657276995306,0.4896404109589041,0.3179932307020417,93755.0,153652.0
0.15,73,1,18588,12640,5948,18588,0,7570,603,4467,7.572784810126582,8.460458360232408,0.24031633311814074,0.3824486301369863,0.319991392296105,95720.0,157263.0
0.15,73,2,18179,12494,5685,18179,0,5890,1006,5598,7.611333440051225,8.46553715825953,0.307937730348204,0.47928082191780824,0.3127234721381814,95096.0,153895.0
0.15,74,1,18236,12413,5823,18236,0,7482,606,4324,7.570611455731894,8.449111647291073,0.23711340206185566,0.3702054794520548,0.31931344593112526,93974.0,154078.0
0.15,74,2,18383,12645,5738,18383,0,5898,981,5766,7.600790826413602,8.447805037262688,0.3136593591905565,0.4936643835616438,0.31213621280530923,96112.0,155296.0
0.15,75,1,18215,12469,5746,18215,0,7431,628,4410,7.454647525864143,8.332088937688718,0.24210815262146582,0.3775684931506849,0.3154542959099643,92952.0,151769.0
0.15,75,2,18183,12490,5693,18183,0,5844,1009,5635,7.528903122497998,8.374910630808998,0.30990485618434804,0.4824486301369863,0.3130946488478249,94036.0,152281.0
0.15,76,1,18369,12482,5887,18369,0,7440,612,4429,7.611200128184586,8.501279329304808,0.24111274429745766,0.37919520547945207,0.3204856007403778,95003.0,156160.0
0.15,76,2,18475,12514,5961,18475,0,5861,1032,5615,7.668691066006073,8.54468200270636,0.3039242219215156,0.480736301369863,0.32265223274695537,95966.0,157863.0
0.15,77,1,18384,12523,5861,18384,0,7518,636,4368,7.54954883015252,8.432169277632724,0.23759791122715404,0.37397260273972605,0.31880983463881635,94543.0,155017.0
0.15,77,2,18222,12431,5791,18222,0,5771,977,5681,7.521840559890596,8.413730655251893,0.31176599714630665,0.48638698630136984,0.3178026561299528,93504.0,153315.0
0.15,78,1,18204,12550,5654,18204,0,7527,622,4399,7.476733067729084,8.341518347615908,0.24165018677213798,0.3766267123287671,0.3105910788837618,93833.0,151849.0
0.15,78,2,18120,12508,5612,18120,0,5842,1016,5649,7.465382155420531,8.331401766004415,0.3117549668874172,0.4836472602739726,0.3097130242825607,93377.0,150965.0
0.15,79,1,18187,12413,5774,18187,0,7458,600,4354,7.541529042133248,8.409468301534062,0.2394017704954088,0.3727739726027397,0.3174795183372739,93613.0,152943.0
0.15,79,2,18324,12524,5800,18324,0,5799,969,5755,7.511737464068988,8.38828858327876,0.3140689805719275,0.492722602739726,0.31652477624972714,94077.0,153707.0
0.15,80,1,18226,12463,5763,18226,0,7456,643,4364,7.63098772366204,8.499451333260177,0.23943816525842204,0.3736301369863014,0.3161966421595523,95105.0,154911.0
0.15,80,2,18242,12358,5884,18242,0,5678,1014,5666,7.625667583751416,8.514472097357746,0.3106019076855608,0.4851027397260274,0.32255235171582064,94238.0,155321.0
0.15,81,1,18149,12341,5808,18149,0,7373,629,4339,7.5639737460497525,8.446415780483774,0.23907653314232188,0.37148972602739727,0.3200176318254449,93347.0,153294.0
0.15,81,2,18316,12577,5739,18316,0,5874,998,5705,7.563091357239405,8.428095654072942,0.31147630487005895,0.4884417808219178,0.313332605372352,95121.0,154369.0
0.15,82,1,18166,12490,5676,18166,0,7424,617,4448,7.486869495596477,8.362270175052295,0.24485302212925245,0.38082191780821917,0.31245183309479246,93511.0,151909.0
0.15,82,2,18123,12564,5559,18123,0,5932,1000,5632,7.540432983126393,8.374993102687194,0.310765325829057,0.4821917808219178,0.30673729514980963,94738.0,151780.0
0.15,83,1,18235,12488,5747,18235,0,7473,639,4376,7.51040999359385,8.394406361392926,0.2399780641623252,0.37465753424657533,0.3151631477927063,93790.0,153072.0
0.15,83,2,18273,12543,5730,18273,0,5874,973,5696,7.549709001036435,8.418705193454825,0.311716740546161,0.4876712328767123,0.31357740929239863,94696.0,153835.0
0.15,84,1,18157,12439,5718,18157,0,7399,635,4405,7.544577538387331,8.410805749848544,0.24260615740485764,0.3771404109589041,0.3149198656165666,93847.0,152715.0
0.15,84,2,18202,12496,5706,18202,0,5858,1003,5633,7.513284250960307,8.383474343478738,0.3094714866498187,0.48227739726027397,0.31348203494121524,93886.0,152596.0
0.15,85,1,18337,12508,5829,18337,0,7557,563,4385,7.580748321074513,8.452309538092381,0.23913399138354147,0.3754280821917808,0.3178818781698206,94820.0,154990.0
0.15,85,2,18365,12503,5862,18365,0,5763,1049,5691,7.507958090058386,8.403593792540159,0.3098829294854343,0.4872431506849315,0.31919411924857066,93872.0,154332.0
0.15,86,1,18438,12535,5903,18438,0,7465,617,4452,7.604786597526925,8.496040785334635,0.24145785876993167,0.38116438356164384,0.3201540297212279,95326.0,156650.0
0.15,86,2,18327,12404,5923,18327,0,5792,1000,5611,7.603111899387295,8.500954875320565,0.3061603099252469,0.48039383561643834,0.3231843727833251,94309.0,155797.0
0.15,87,1,18311,12501,5810,18311,0,7495,610,4396,7.563394928405727,8.421932171918519,0.2400742722953416,0.3763698630136986,0.31729561465785594,94550.0,154214.0
0.15,87,2,17945,12386,5559,17945,0,5720,969,5694,7.486517035362506,8.348843689049875,0.31730286988018946,0.4875,0.30977988297575926,92728.0,149820.0
0.15,88,1,18187,12571,5616,18187,0,7542,594,4435,7.553655238246758,8.417770935283444,0.2438555011821631,0.379708904109589,0.30879199428162973,94957.0,153094.0
0.15,88,2,18217,12506,5711,18217,0,5854,1008,5644,7.580921157844235,8.449086018554098,0.30982049733765166,0.4832191780821918,0.31349838063347424,94807.0,153917.0
0.15,89,1,18230,12586,5644,18230,0,7493,648,4445,7.54568568250437,8.4009873834339,0.24382885353812397,0.3805650684931507,0.30959956116291826,94970.0,153150.0
0.15,89,2,18110,12377,5733,18110,0,5792,978,5607,7.530096146077402,8.408393152954169,0.30960795140806185,0.4800513698630137,0.3165654334621756,93200.0,152276.0
0.15,90,1,18391,12499,5892,18391,0,7549,586,4364,7.648611888951116,8.53683867108912,0.23728997879397531,0.3736301369863014,0.3203740960252297,95600.0,157001.0
0.15,90,2,18366,12630,5736,18366,0,5896,971,5761,7.612114014251781,8.49264946096047,0.31367744745725795,0.493236301369863,0.31231623652401175,96141.0,155976.0
0.15,91,1,18293,12415,5878,18293,0,7477,596,4342,7.544583165525574,8.434647132783033,0.2373585524517575,0.37174657534246575,0.32132509703165146,93666.0,154295.0
0.15,91,2,18256,12531,5725,18256,0,5799,1064,5668,7.557417604341234,8.421779141104295,0.3104732690622261,0.48527397260273974,0.31359553023663456,94702.0,153748.0
0.15,92,1,18403,12452,5951,18403,0,7408,637,4407,7.597333761644716,8.480682497418899,0.2394718252458838,0.37731164383561644,0.3233711894799761,94602.0,156070.0
0.15,92,2,18305,12539,5766,18305,0,5913,985,5640,7.594226014833719,8.456432668669763,0.30811253755804424,0.4828767123287671,0.31499590275880907,95224.0,154795.0
0.15,93,1,18187,12456,5731,18187,0,7496,628,4332,7.474389852280026,8.349040523450817,0.23819211524715456,0.3708904109589041,0.3151151921702315,93101.0,151844.0
0.15,93,2,18229,12634,5595,18229,0,5916,951,5767,7.470318189013772,8.323934390257282,0.316364035328323,0.49375,0.30692852048933017,94380.0,151737.0
0.15,94,1,17946,12393,5553,17946,0,7451,587,4349,7.545711288630678,8.398361751922433,0.24233812548757383,0.3723458904109589,0.3094282848545637,93514.0,150717.0
0.15,94,2,18397,12635,5762,18397,0,5884,940,5807,7.498694103680253,8.376365711800837,0.3156492906452139,0.49717465753424656,0.31320323965864,94746.0,154100.0
0.15,95,1,18168,12486,5682,18168,0,7425,640,4421,7.538042607720647,8.394264641127256,0.2433399383531484,0.37851027397260273,0.3127476882430647,94120.0,152507.0
0.15,95,2,18087,12384,5703,18087,0,5743,981,5660,7.551760335917312,8.412837949908774,0.3129319400674518,0.4845890410958904,0.31530933819870627,93521.0,152163.0
0.15,96,1,18382,12552,5830,18382,0,7552,605,4395,7.529158699808796,8.40996627135241,0.2390925905777391,0.3762842465753425,0.31715808943531715,94506.0,154592.0
0.15,96,2,18156,12387,5769,18156,0,5724,1024,5639,7.532816662630177,8.415234633179114,0.31058603216567526,0.48279109589041097,0.31774619960343686,93309.0,152787.0
0.15,97,1,18372,12484,5888,18372,0,7453,639,4388,7.557433514899071,8.434846505551928,0.23884171565425646,0.37568493150684934,0.32048769867189203,94347.0,154965.0
0.15,97,2,18140,12485,5655,18140,0,5832,1004,5646,7.554745694833801,8.408434399117972,0.31124586549062844,0.4833904109589041,0.311742006615215,94321.0,152529.0
0.15,98,1,18384,12634,5750,18384,0,7496,680,4458,7.570523982903277,8.429830287206267,0.2424934725848564,0.38167808219178084,0.31277197563098347,95646.0,154974.0
0.15,98,2,18089,12306,5783,18089,0,5776,1015,5514,7.540143019665204,8.426170600917684,0.30482613743158826,0.4720890410958904,0.3196970534579026,92789.0,152421.0
0.15,99,1,18324,12498,5826,18324,0,7489,604,4403,7.634421507441191,8.497871643745906,0.24028596376337044,0.37696917808219177,0.31794368041912247,95415.0,155715.0
0.15,99,2,18029,12394,5635,18029,0,5718,1002,5669,7.583427464902372,8.448388707083033,0.31443785013034553,0.4853595890410959,0.31255199955627044,93989.0,152316.0
0.15,100,1,18137,12498,5639,18137,0,7469,582,4447,7.42342774843975,8.292110051276396,0.24518939185091249,0.38073630136986303,0.31091139659260075,92778.0,150394.0
0.15,100,2,18159,12525,5634,18159,0,5898,1032,5595,7.494850299401198,8.339280797400738,0.308111680158599,0.4790239726027397,0.3102593755162729,93873.0,151433.0
0.2,1,1,18353,13194,5159,18353,0,8871,407,3916,7.204790056086099,8.012586498120198,0.21337111099002887,0.3352739726027397,0.2810984580177628,95060.0,147055.0
0.2,1,2,18252,13256,4996,18252,0,5886,1052,6318,7.181804465902233,7.975454744685514,0.34615384615384615,0.5409246575342466,0.2737234275695814,95202.0,145568.0
0.2,2,1,18058,13133,4925,18058,0,8811,422,3900,7.205055965887459,7.993908517000775,0.21597076088160372,0.3339041095890411,0.27273230701074314,94624.0,144354.0
0.2,2,2,18375,13396,4979,18375,0,6038,1064,6294,7.221334726784114,8.0,0.34253061224489795,0.5388698630136987,0.2709659863945578,96737.0,147000.0
0.2,3,1,18462,13461,5001,18462,0,9080,377,4004,7.200653740435332,7.9864586718665365,0.21687791138554868,0.3428082191780822,0.27088072798180046,96928.0,147446.0
0.2,3,2,18192,13231,4961,18192,0,5922,1036,6272,7.180031743632378,7.977352682497801,0.3447669305189094,0.536986301369863,0.27270228671943714,94999.0,145124.0
0.2,4,1,17988,13101,4887,17988,0,8768,357,3976,7.176398748187161,7.966866800088948,0.22103624638647987,0.3404109589041096,0.2716811207471648,94018.0,143308.0
0.2,4,2,18306,13321,4985,18306,0,5975,1052,6294,7.2015614443360105,7.986998798208238,0.3438216978039987,0.5388698630136987,0.27231508794930626,95932.0,146210.0
0.2,5,1,18256,13366,4890,18256,0,8919,415,4032,7.152700882837049,7.938321647677476,0.22085889570552147,0.3452054794520548,0.26785714285714285,95603.0,144922.0
0.2,5,2,18150,13157,4993,18150,0,5932,1041,6184,7.2090902181348335,8.000165289256199,0.3407162534435262,0.5294520547945205,0.27509641873278234,94850.0,145203.0
0.2,6,1,18145,13142,5003,18145,0,8921,415,3806,7.199893471313347,7.9945990631027835,0.20975475337558555,0.32585616438356163,0.2757233397630201,94621.0,145062.0
0.2,6,2,18336,13277,5059,18336,0,5831,1083,6363,7.180311817428636,7.982820680628272,0.3470222513089005,0.544777397260274,0.27590532286212915,95333.0,146373.0
0.2,7,1,18282,13404,4878,18282,0,9062,408,3934,7.200611757684273,7.968657696094519,0.21518433431790832,0.3368150684931507,0.26681982277650146,96517.0,145683.0
0.2,7,2,18160,13188,4972,18160,0,5853,996,6338,7.17455262359721,7.970539647577093,0.34900881057268723,0.5426369863013699,0.2737885462555066,94618.0,144745.0
0.2,8,1,17997,12965,5032,17997,0,8658,380,3927,7.157192441187814,7.97960771239651,0.21820303383897316,0.33621575342465754,0.2796021559148747,92793.0,143609.0
0.2,8,2,18186,13258,4928,18186,0,5881,1084,6293,7.2259767687434,8.00274936764544,0.3460354118552733,0.5387842465753425,0.270977675134719,95802.0,145538.0
0.2,9,1,18199,13175,5024,18199,0,8909,414,3852,7.203111954459203,7.9936809714819494,0.21165998131765482,0.3297945205479452,0.27605912412769934,94901.0,145477.0
0.2,9,2,18575,13470,5105,18575,0,6069,1056,6345,7.1501855976243505,7.951924629878869,0.3415881561238223,0.543236301369863,0.2748317631224764,96313.0,147707.0
0.2,10,1,18197,13169,5028,18197,0,8869,420,3880,7.19766117396917,7.991042479529593,0.21322195966368082,0.3321917808219178,0.27630928174973896,94786.0,145413.0
0.2,10,2,18231,13324,4907,18231,0,5946,1038,6340,7.157310117081957,7.9406505402885195,0.34775931106357305,0.5428082191780822,0.2691569305029894,95364.0,144766.0
0.2,11,1,18387,13348,5039,18387,0,8949,425,3974,7.2258016182199585,8.015608854081687,0.21613096209278296,0.34023972602739727,0.2740523195736118,96450.0,147383.0
0.2,11,2,18321,13208,5113,18321,0,5930,1053,6225,7.2267565112053305,8.027618579771847,0.3397740298018667,0.5329623287671232,0.27907865291195894,95451.0,147074.0
0.2,12,1,18113,13203,4910,18113,0,8881,373,3949,7.136332651670075,7.924474134599459,0.2180202064815326,0.33809931506849317,0.271076022746094,94221.0,143536.0
0.2,12,2,18159,13302,4857,18159,0,5945,1043,6314,7.154036986919261,7.9275290489564405,0.34770637149622774,0.5405821917808219,0.267470675698001,95163.0,143956.0
0.2,13,1,18103,13143,4960,18103,0,8811,395,3937,7.136650688579472,7.9388499143788325,0.21747776611611336,0.33707191780821916,0.2739877368391979,93797.0,143717.0
0.2,13,2,18338,13281,5057,18338,0,5925,1022,6334,7.164294857314961,7.9625913403860835,0.3454029883302432,0.5422945205479452,0.2757661686116261,95149.0,146018.0
0.2,14,1,18422,13480,4942,18422,0,9041,377,4062,7.1336795252225516,7.933774834437086,0.22049723157094778,0.34777397260273973,0.2682662034523939,96162.0,146156.0
0.2,14,2,18259,13251,5008,18259,0,6016,1062,6173,7.205795788997057,8.001204885262062,0.3380798510323676,0.5285102739726028,0.2742756996549647,95484.0,146094.0
0.2,15,1,18362,13335,5027,18362,0,8946,433,3956,7.201199850018748,7.992702320008713,0.21544494063827468,0.3386986301369863,0.2737719202701231,96028.0,146762.0
0.2,15,2,18364,13309,5055,18364,0,6011,989,6308,7.186640619129912,7.988564582879547,0.34349814855151384,0.540068493150685,0.27526682639947725,95647.0,146702.0
0.2,16,1,18173,13168,5005,18173,0,8817,384,3967,7.217345078979344,8.012711164914984,0.21829087107247014,0.3396404109589041,0.2754085731579816,95038.0,145615.0
0.2,16,2,18428,13343,5085,18428,0,6025,1076,6242,7.20347747882785,8.003635771651835,0.3387236813544606,0.5344178082191781,0.2759387887996527,96116.0,147491.0
0.2,17,1,18162,13183,4979,18162,0,8884,397,3902,7.165743760904195,7.962724369562824,0.21484418015637044,0.33407534246575343,0.27414381676026867,94466.0,144619.0
0.2,17,2,18391,13450,4941,18391,0,6066,984,6400,7.184089219330855,7.961448534609319,0.34799630253928554,0.547945205479452,0.26866402044478277,96626.0,146419.0
0.2,18,1,18219,13196,5023,18219,0,8883,399,3914,7.20142467414368,8.002469948954388,0.21483067127723804,0.3351027397260274,0.27570119106427354,95030.0,145797.0
0.2,18,2,18432,13430,5002,18432,0,6049,1031,6349,7.149888309754282,7.953667534722222,0.3444552951388889,0.5435787671232877,0.2713758680555556,96023.0,146602.0
0.2,19,1,18174,13214,4960,18174,0,8909,394,3911,7.162176479491449,7.962143721800374,0.21519753494002422,0.3348458904109589,0.2729173544624188,94641.0,144704.0
0.2,19,2,18274,13308,4966,18274,0,5937,1048,6323,7.2017583408476105,7.985936302944074,0.346010725621101,0.5413527397260274,0.27175221626354384,95841.0,145935.0
0.2,20,1,18096,13052,5044,18096,0,8771,425,3855,7.190468893656145,8.003702475685234,0.21303050397877984,0.3300513698630137,0.27873563218390807,93850.0,144835.0
0.2,20,2,18583,13426,5157,18583,0,6036,1034,6356,7.220020855057351,8.018834418554594,0.3420330409514072,0.5441780821917809,0.27751170424581606,96936.0,149014.0
0.2,21,1,18133,13294,4839,18133,0,8973,421,3900,7.202271701519482,7.972646556002868,0.2150774830419677,0.3339041095890411,0.2668615231897645,95747.0,144568.0
0.2,21,2,18310,13413,4897,18310,0,6056,1072,6285,7.136882129277566,7.927307482250137,0.3432550518842163,0.5380993150684932,0.26744948115783723,95727.0,145149.0
0.2,22,1,18466,13622,4844,18466,0,9183,415,4024,7.158787255909558,7.922506227661648,0.21791400411567205,0.3445205479452055,0.2623199393479909,97517.0,146297.0
0.2,22,2,18114,13261,4853,18114,0,6027,1033,6201,7.119523414523791,7.909241470685657,0.3423318979794634,0.5309075342465753,0.2679143204151485,94412.0,143268.0
0.2,23,1,18364,13478,4886,18364,0,9064,414,4000,7.189419795221843,7.968253103898933,0.21781746896101067,0.3424657534246575,0.26606403833587455,96899.0,146329.0
0.2,23,2,17921,13241,4680,17921,0,5971,1026,6244,7.16992674269315,7.936722281122705,0.3484180570280676,0.5345890410958904,0.26114614139835945,94937.0,142234.0
0.2,24,1,18450,13369,5081,18450,0,9000,415,3954,7.214451342658389,8.00840108401084,0.21430894308943088,0.338527397260274,0.2753929539295393,96450.0,147755.0
0.2,24,2,18252,13163,5089,18252,0,5867,1049,6247,7.2067157942718225,8.017751479289942,0.34226386149463073,0.5348458904109589,0.27881875958799035,94862.0,146340.0
0.2,25,1,18305,13378,4927,18305,0,8996,391,3991,7.158543878008671,7.947172903578258,0.21802786124009835,0.34169520547945204,0.2691614313029227,95767.0,145473.0
0.2,25,2,18132,13343,4789,18132,0,6021,1052,6270,7.1625571460690995,7.937568938892565,0.3457974851091992,0.5368150684931506,0.26411868519744097,95570.0,143924.0
0.2,26,1,18041,13264,4777,18041,0,8862,430,3972,7.1530458383594695,7.925891025996342,0.22016517931378526,0.34006849315068494,0.2647857657557785,94878.0,142991.0
0.2,26,2,18155,13351,4804,18155,0,6056,1062,6233,7.166129877911767,7.936270999724594,0.34332139906361886,0.5336472602739726,0.26461030019278436,95675.0,144083.0
0.2,27,1,18331,13330,5001,18331,0,8930,400,4000,7.202100525131283,7.993671921880967,0.2182095903114942,0.3424657534246575,0.27281654028694563,96004.0,146532.0
0.2,27,2,18226,13191,5035,18226,0,5887,1079,6225,7.2338715791069665,8.02814660375288,0.3415450455393394,0.5329623287671232,0.2762537035004938,95422.0,146321.0
0.2,28,1,18291,13396,4895,18291,0,8996,399,4001,7.1871454165422515,7.970149253731344,0.2187414575474277,0.3425513698630137,0.26761795418511836,96279.0,145782.0
0.2,28,2,18327,13369,4958,18327,0,6089,990,6290,7.202333757199491,7.989250832105636,0.34320947236318,0.538527397260274,0.27052981939215365,96288.0,146419.0
0.2,29,1,18209,13337,4872,18209,0,8983,430,3924,7.213916173052411,7.983304959086166,0.21549783074303916,0.33595890410958906,0.2675599978032841,96212.0,145368.0
0.2,29,2,18115,13200,4915,18115,0,5854,984,6362,7.132424242424243,7.937068727573834,0.3512006624344466,0.5446917808219178,0.27132210874965496,94148.0,143780.0
0.2,30,1,18174,13107,5067,18174,0,8789,430,3888,7.220721751735714,8.01419610432486,0.2139319907560251,0.33287671232876714,0.27880488610102344,94642.0,145650.0
0.2,30,2,18438,13198,5240,18438,0,5831,1050,6317,7.190559175632671,8.008569259138735,0.3426076580974075,0.5408390410958904,0.28419568282894025,94901.0,147662.0
0.2,31,1,18274,13235,5039,18274,0,8900,425,3910,7.223800528900642,8.01291452336653,0.21396519645397832,0.3347602739726027,0.2757469628981066,95607.0,146428.0
0.2,31,2,18175,13167,5008,18175,0,5829,1061,6277,7.217209690893902,8.007867950481431,0.3453645116918845,0.5374143835616438,0.2755433287482806,95029.0,145543.0
0.2,32,1,18311,13341,4970,18311,0,8911,436,3994,7.147590135671988,7.9460433619136035,0.21812025558407513,0.34195205479452057,0.27142154988804545,95356.0,145500.0
0.2,32,2,18089,13138,4951,18089,0,5889,1017,6232,7.190439945197138,7.98120404665819,0.34451876831223394,0.5335616438356164,0.2737022499861794,94468.0,144372.0
0.2,33,1,18180,13314,4866,18180,0,8861,421,4032,7.1467628060688,7.934598459845985,0.22178217821782178,0.3452054794520548,0.26765676567656765,95152.0,144251.0
0.2,33,2,18167,13138,5029,18167,0,5929,1006,6203,7.197138072766022,7.997302801783453,0.3414432762701602,0.5310787671232877,0.2768206087961689,94556.0,145287.0
0.2,34,1,18254,13205,5049,18254,0,8828,408,3969,7.171071563801591,7.979785252547387,0.21743179577078997,0.33981164383561646,0.276596910266243,94694.0,145663.0
0.2,34,2,18202,13228,4974,18202,0,5922,1015,6291,7.183398850922286,7.978573783100758,0.345621360290078,0.5386130136986301,0.27326667399186905,95022.0,145226.0
0.2,35,1,17879,13070,4809,17879,0,8749,407,3914,7.170390206579954,7.950388724201577,0.21891604675876727,0.3351027397260274,0.2689747748755523,93717.0,142145.0
0.2,35,2,18371,13354,5017,18371,0,5983,1007,6362,7.145799011532125,7.943062435360078,0.34630667900495343,0.5446917808219178,0.27309346252245387,95425.0,145922.0
0.2,36,1,18205,13316,4889,18205,0,8895,402,4019,7.104986482427155,7.895413347981324,0.22076352650370779,0.34409246575342467,0.26855259544081295,94610.0,143736.0
0.2,36,2,18050,13245,4805,18050,0,5999,1007,6239,7.164137410343526,7.930803324099723,0.34565096952908586,0.5341609589041096,0.2662049861495845,94889.0,143151.0
0.2,37,1,18478,13468,5010,18478,0,9130,419,3919,7.205598455598456,7.984900963307718,0.21209005303604286,0.3355308219178082,0.27113323952808743,97045.0,147545.0
0.2,37,2,18325,13301,5024,18325,0,5956,1038,6307,7.141117209232388,7.949631650750341,0.3441746248294679,0.5399828767123288,0.27416098226466573,94984.0,145677.0
0.2,38,1,18174,13136,5038,18174,0,8854,380,3902,7.172426918392205,7.978760867172884,0.21470232199845934,0.33407534246575343,0.2772091999559811,94217.0,145006.0
0.2,38,2,18516,13369,5147,18516,0,5961,1106,6302,7.256040092751888,8.04104558219918,0.3403542881831929,0.539554794520548,0.2779758047094405,97006.0,148888.0
0.2,39,1,18250,13311,4939,18250,0,8944,406,3961,7.192848020434227,7.981917808219178,0.21704109589041096,0.3391267123287671,0.2706301369863014,95744.0,145670.0
0.2,39,2,18264,13281,4983,18264,0,5973,1032,6275,7.206987425645659,7.996495838808586,0.34357205431449844,0.5372431506849316,0.27283180026281206,95716.0,146048.0
0.2,40,1,18250,13306,4944,18250,0,8938,407,3961,7.185329926349016,7.967068493150685,0.21704109589041096,0.3391267123287671,0.2709041095890411,95608.0,145399.0
0.2,40,2,18187,13144,5043,18187,0,5827,1022,6295,7.190353012781498,7.988948149777314,0.3461263539891131,0.5389554794520548,0.2772859734975532,94510.0,145295.0
0.2,41,1,18209,13335,4874,18209,0,8947,368,4020,7.148781402324709,7.934482947992751,0.2207699489263551,0.3441780821917808,0.26766983359876984,95329.0,144479.0
0.2,41,2,18062,13231,4831,18062,0,5930,1044,6257,7.173305116771219,7.951500387553981,0.34641789392093897,0.5357020547945206,0.2674676115601816,94910.0,143620.0
0.2,42,1,18306,13290,5016,18306,0,8908,418,3964,7.16877351392024,7.962362067081831,0.21654102480061183,0.3393835616438356,0.27400852179613244,95273.0,145759.0
0.2,42,2,18078,13224,4854,18078,0,5931,1033,6260,7.135813672111313,7.9225578050669325,0.3462772430578604,0.535958904109589,0.26850315300365085,94364.0,143224.0
0.2,43,1,18223,13309,4914,18223,0,8986,403,3920,7.197986325043204,7.97733633320529,0.2151127695769083,0.3356164383561644,0.2696592218624815,95798.0,145371.0
0.2,43,2,18057,13293,4764,18057,0,5930,1090,6273,7.168058376589182,7.9386941352384115,0.34739990031566703,0.5370719178082192,0.263831201196212,95285.0,143349.0
0.2,44,1,18033,13129,4904,18033,0,8779,392,3958,7.11630741107472,7.917207342095048,0.21948649697776298,0.33886986301369865,0.2719458770032718,93430.0,142771.0
0.2,44,2,18332,13393,4939,18332,0,6058,1017,6318,7.190173971477638,7.962197250709142,0.3446432467815841,0.5409246575342466,0.269419594152302,96298.0,145963.0
0.2,45,1,18185,13177,5008,18185,0,8848,467,3862,7.215071715868559,8.006928787462193,0.21237283475391808,0.33065068493150684,0.27539180643387406,95073.0,145606.0
0.2,45,2,18364,13334,5030,18364,0,5967,1035,6328,7.201889905504725,7.994609017643215,0.3445872358963189,0.5417808219178082,0.2739054672184709,96030.0,146813.0
0.2,46,1,18287,13155,5132,18287,0,8857,379,3919,7.218624097301406,8.032372723792859,0.2143052441625198,0.3355308219178082,0.28063651774484605,94961.0,146888.0
0.2,46,2,18353,13327,5026,18353,0,5953,1102,6272,7.244916335259248,8.033128098948401,0.341742494415082,0.536986301369863,0.2738516863728001,96553.0,147432.0
0.2,47,1,18358,13453,4905,18358,0,9016,431,4006,7.217051958670928,7.98932345571413,0.21821549188364744,0.3429794520547945,0.26718596797036714,97091.0,146668.0
0.2,47,2,18091,13229,4862,18091,0,5997,1040,6192,7.205760072567843,7.98772870488088,0.3422696368359958,0.5301369863013699,0.26875241832955615,95325.0,144506.0
0.2,48,1,18294,13373,4921,18294,0,8952,386,4035,7.15478950123383,7.940800262381108,0.2205641193834044,0.3454623287671233,0.2689952990051383,95681.0,145269.0
0.2,48,2,18241,13156,5085,18241,0,5913,1033,6210,7.164639708117969,7.978948522559071,0.34044186174003616,0.5316780821917808,0.2787676114248122,94258.0,145544.0
0.2,49,1,18409,13335,5074,18409,0,8975,386,3974,7.205024371953506,7.999511108696833,0.21587267097615298,0.34023972602739727,0.2756260524743332,96079.0,147263.0
0.2,49,2,18223,13300,4923,18223,0,5981,1037,6282,7.15015037593985,7.944685287823081,0.3447291883883005,0.5378424657534246,0.27015310322120395,95097.0,144776.0
0.2,50,1,18041,13282,4759,18041,0,8926,409,3947,7.153666616473423,7.919793803004268,0.21877944681558673,0.33792808219178083,0.26378803835707554,95015.0,142881.0
0.2,50,2,18108,13197,4911,18108,0,5877,1021,6299,7.175797529741608,7.957311685442898,0.34785730064060083,0.5392979452054795,0.27120609675281643,94699.0,144091.0
0.2,51,1,18165,13299,4866,18165,0,8948,405,3946,7.1894127377998345,7.960858794384806,0.21723093861822185,0.33784246575342464,0.26787778695293146,95612.0,144609.0
0.2,51,2,18155,13234,4921,18155,0,5886,1042,6306,7.16623847665105,7.95626549160011,0.3473423299366566,0.5398972602739726,0.27105480583861197,94838.0,144446.0
0.2,52,1,18153,13217,4936,18153,0,8774,398,4045,7.148672164636453,7.943976202280615,0.2228281826695312,0.3463184931506849,0.27191097890155896,94484.0,144207.0
0.2,52,2,18118,13191,4927,18118,0,5933,1030,6228,7.158289743006596,7.953913235456453,0.34374655039187546,0.5332191780821918,0.2719395076719285,94425.0,144109.0
0.2,53,1,18274,13357,4917,18274,0,8970,385,4002,7.203189338923411,7.981613220969684,0.21899967166466017,0.34263698630136985,0.2690708109882894,96213.0,145856.0
0.2,53,2,18021,13170,4851,18021,0,5878,1041,6251,7.170539104024297,7.957050108207092,0.3468730925031907,0.5351883561643835,0.26918594972532045,94436.0,143394.0
0.2,54,1,18172,13284,4888,18172,0,8930,409,3945,7.16651610960554,7.946290997138455,0.2170922298040942,0.3377568493150685,0.2689852520360995,95200.0,144400.0
0.2,54,2,17969,13262,4707,17969,0,5943,1072,6247,7.1405519529482735,7.906783905615226,0.34765429350548166,0.5348458904109589,0.26195113807112247,94698.0,142077.0
0.2,55,1,18104,13247,4857,18104,0,8888,417,3942,7.174152638333208,7.954429960229784,0.21774193548387097,0.3375,0.2682832523199293,95036.0,144007.0
0.2,55,2,18123,13332,4791,18123,0,6023,1081,6228,7.174767476747674,7.944490426529824,0.3436517132925012,0.5332191780821918,0.26436020526402915,95654.0,143978.0
0.2,56,1,18125,13087,5038,18125,0,8787,353,3947,7.141361656605792,7.951503448275862,0.2177655172413793,0.33792808219178083,0.27795862068965516,93459.0,144121.0
0.2,56,2,18275,13320,4955,18275,0,5947,1077,6296,7.179804804804805,7.961586867305061,0.34451436388508894,0.5390410958904109,0.2711354309165527,95635.0,145498.0
0.2,57,1,18257,13313,4944,18257,0,8894,398,4021,7.188011717869752,7.969655474612478,0.22024428986142303,0.344263698630137,0.27080024100345074,95694.0,145502.0
0.2,57,2,18095,13209,4886,18095,0,5926,1019,6264,7.162692103868574,7.949101961867919,0.34617297596021,0.5363013698630137,0.2700193423597679,94612.0,143839.0
0.2,58,1,17875,13211,4664,17875,0,8875,392,3944,7.158428582242071,7.913118881118881,0.22064335664335663,0.3376712328767123,0.2609230769230769,94570.0,141447.0
0.2,58,2,18064,13328,4736,18064,0,5986,1037,6305,7.1093937575030015,7.881864481842339,0.3490367581930912,0.5398116438356164,0.26217891939769705,94754.0,142378.0
0.2,59,1,18173,13157,5016,18173,0,8846,403,3908,7.206430037242533,8.012986298354702,0.21504429648379464,0.33458904109589044,0.2760138667253618,94815.0,145620.0
0.2,59,2,18542,13502,5040,18542,0,6127,995,6380,7.192341875277736,7.98813504476324,0.3440837018660339,0.5462328767123288,0.2718153381512243,97111.0,148116.0
0.2,60,1,18409,13268,5141,18409,0,8887,408,3973,7.207416340066325,8.022163072410233,0.21581834972024552,0.3401541095890411,0.27926557662013146,95628.0,147680.0
0.2,60,2,18282,13224,5058,18282,0,5909,1038,6276,7.239791288566243,8.03796083579477,0.34328848047259597,0.5373287671232877,0.2766655726944536,95739.0,146950.0
0.2,61,1,18091,13130,4961,18091,0,8869,391,3870,7.241279512566641,8.021999889447791,0.21391852302249736,0.3313356164383562,0.27422475263943397,95078.0,145126.0
0.2,61,2,18365,13451,4914,18365,0,6039,1073,6338,7.185265036056799,7.96329975496869,0.3451129866594065,0.5426369863013699,0.2675741900353934,96649.0,146246.0
0.2,62,1,18492,13446,5046,18492,0,9019,386,4041,7.144206455451435,7.948085658663206,0.21852693056456846,0.3459760273972603,0.272874756651525,96061.0,146976.0
0.2,62,2,18098,13153,4945,18098,0,5904,1033,6216,7.165361514483388,7.965797325671345,0.3434633661178031,0.5321917808219178,0.2732346115592883,94246.0,144165.0
0.2,63,1,18283,13222,5061,18283,0,8865,420,3937,7.18597791559522,7.983153749384674,0.2153366515342121,0.33707191780821916,0.2768145271563748,95013.0,145956.0
0.2,63,2,18337,13247,5090,18337,0,5919,1062,6266,7.181324073375103,7.982930686589954,0.3417134754867208,0.5364726027397261,0.2775808474668703,95131.0,146383.0
0.2,64,1,18291,13311,4980,18291,0,9001,378,3931,7.193974907970851,7.973648242304959,0.2149144387950358,0.3365582191780822,0.27226504838445137,95759.0,145846.0
0.2,64,2,18148,13265,4883,18148,0,5887,1003,6375,7.096494534489257,7.893046065682169,0.3512783777826758,0.545804794520548,0.2690654617588715,94135.0,143243.0
0.2,65,1,17977,13172,4805,17977,0,8811,424,3937,7.140904949893714,7.924904044056294,0.2190020581854592,0.33707191780821916,0.26728597652556046,94060.0,142466.0
0.2,65,2,18012,13260,4752,18012,0,5924,1026,6309,7.158597285067874,7.92871419053964,0.35026648900732843,0.5401541095890411,0.26382411725516325,94923.0,142812.0
0.2,66,1,18443,13266,5177,18443,0,8957,417,3892,7.231192522237298,8.030092718104429,0.21102857452692078,0.33321917808219176,0.2807027056335737,95929.0,148099.0
0.2,66,2,18300,13251,5049,18300,0,5892,1014,6345,7.168289185721832,7.969180327868853,0.34672131147540985,0.543236301369863,0.2759016393442623,94987.0,145836.0
0.2,67,1,18004,13278,4726,18004,0,8893,437,3948,7.140834463021539,7.9126305265496555,0.2192846034214619,0.33801369863013697,0.26249722283936905,94816.0,142459.0
0.2,67,2,18078,13294,4784,18078,0,5994,1067,6233,7.177824582518429,7.947228675738467,0.34478371501272265,0.5336472602739726,0.26463104325699743,95422.0,143670.0
0.2,68,1,18197,13419,4778,18197,0,9059,420,3940,7.1235561517251655,7.898884431499698,0.21651920646260372,0.3373287671232877,0.26257075342089353,95591.0,143736.0
0.2,68,2,17995,13286,4709,17995,0,5943,1049,6294,7.135255155803101,7.902083912197833,0.3497638232842456,0.5388698630136987,0.2616838010558488,94799.0,142198.0
0.2,69,1,18209,13302,4907,18209,0,8924,390,3988,7.190121786197564,7.976330386072821,0.2190125761985831,0.34143835616438356,0.2694821242242847,95643.0,145241.0
0.2,69,2,18288,13220,5068,18288,0,5902,1039,6279,7.202420574886536,8.00945975503062,0.34333989501312334,0.5375856164383561,0.27712160979877515,95216.0,146477.0
0.2,70,1,18050,13136,4914,18050,0,8764,384,3988,7.170219244823386,7.956675900277008,0.22094182825484765,0.34143835616438356,0.2722437673130194,94188.0,143618.0
0.2,70,2,18142,13324,4818,18142,0,6023,1025,6276,7.157760432302612,7.926468967037813,0.34593760335133944,0.5373287671232877,0.2655716018079594,95370.0,143802.0
0.2,71,1,18286,13081,5205,18286,0,8747,404,3930,7.203348367861785,8.043530569834846,0.21491851689817346,0.336472602739726,0.2846439899376572,94227.0,147084.0
0.2,71,2,18559,13420,5139,18559,0,6069,1093,6257,7.276676602086438,8.071340050649281,0.33714100975268063,0.5357020547945206,0.2769006950805539,97653.0,149796.0
0.2,72,1,18124,13256,4868,18124,0,8915,428,3913,7.192063971031986,7.974453762966233,0.21590156698300597,0.33501712328767125,0.26859412933127347,95338.0,144529.0
0.2,72,2,18086,13234,4852,18086,0,5883,1094,6257,7.184298020250869,7.966880460024329,0.3459581997124848,0.5357020547945206,0.2682738029415017,95077.0,144089.0
0.2,73,1,18281,13302,4979,18281,0,8999,402,3901,7.175311983160427,7.968601280017505,0.213390952354904,0.33398972602739724,0.27235928012690774,95446.0,145674.0
0.2,73,2,18214,13237,4977,18214,0,5890,1040,6307,7.168920450253078,7.968375974525091,0.34627209838585704,0.5399828767123288,0.2732513451191391,94895.0,145136.0
0.2,74,1,18200,13367,4833,18200,0,8970,424,3973,7.138026483130097,7.917307692307692,0.2182967032967033,0.3401541095890411,0.26554945054945056,95414.0,144095.0
0.2,74,2,18174,13269,4905,18174,0,5996,946,6327,7.156756349385787,7.9423902277979535,0.34813469792010565,0.541695205479452,0.2698910531528557,94963.0,144345.0
0.2,75,1,18170,13249,4921,18170,0,8859,396,3994,7.152917201298211,7.950908090258668,0.2198128783709411,0.34195205479452057,0.2708310401761145,94769.0,144468.0
0.2,75,2,18295,13395,4900,18295,0,6109,1012,6274,7.170362075401269,7.951407488384804,0.34293522820442746,0.5371575342465753,0.26783274118611644,96047.0,145471.0
0.2,76,1,18105,13276,4829,18105,0,8896,403,3977,7.197574570653812,7.971610052471693,0.2196630764982049,0.34049657534246575,0.2667219000276167,95555.0,144326.0
0.2,76,2,18164,13194,4970,18164,0,5887,1078,6229,7.174700621494619,7.974014534243559,0.34293107245100196,0.5333047945205479,0.2736181457828672,94663.0,144840.0
0.2,77,1,18259,13301,4958,18259,0,9009,387,3905,7.208555747688144,7.989375102689085,0.21386713401610166,0.3343321917808219,0.271537324059368,95881.0,145878.0
0.2,77,2,18235,13308,4927,18235,0,5917,1020,6371,7.132401562969642,7.930902111324376,0.3493830545653962,0.5454623287671233,0.27019468055936385,94918.0,144620.0
0.2,78,1,18068,13113,4955,18068,0,8787,384,3942,7.208800427057119,7.993524463139252,0.21817578038521143,0.3375,0.2742417533761346,94529.0,144427.0
0.2,78,2,18228,13310,4918,18228,0,5949,1090,6271,7.157926371149512,7.943987272328286,0.34403116085143737,0.5369006849315069,0.26980469607197716,95272.0,144803.0
0.2,79,1,18099,13160,4939,18099,0,8783,420,3957,7.144072948328268,7.938670644787005,0.2186308635836234,0.33878424657534245,0.2728880048621471,94016.0,143682.0
0.2,79,2,18408,13299,5109,18408,0,5985,1068,6246,7.174073238589368,7.9738157322903085,0.3393089960886571,0.5347602739726027,0.2775423728813559,95408.0,146782.0
0.2,80,1,18467,13165,5302,18467,0,8794,432,3939,7.207140144322066,8.035956029674555,0.21329939892781719,0.3372431506849315,0.28710673092543454,94882.0,148400.0
0.2,80,2,18325,13112,5213,18325,0,5796,1074,6241,7.276693105552166,8.07399727148704,0.3405729877216917,0.5343321917808219,0.28447476125511595,95412.0,147956.0
0.2,81,1,18267,13248,5019,18267,0,8942,411,3895,7.198218599033816,7.995292056714294,0.2132260360212405,0.3334760273972603,0.27475775989489243,95362.0,146050.0
0.2,81,2,18295,13343,4952,18295,0,6007,1024,6312,7.159784156486547,7.955506969117245,0.34501229844219733,0.5404109589041096,0.2706750478272752,95533.0,145546.0
0.2,82,1,18457,13380,5077,18457,0,8990,401,3989,7.167339312406577,7.968900688085821,0.2161239638077694,0.3415239726027397,0.275071788481335,95899.0,147082.0
0.2,82,2,18113,13206,4907,18113,0,5907,1045,6254,7.154929577464789,7.947109810633247,0.34527687296416937,0.5354452054794521,0.27091039584828575,94488.0,143946.0
0.2,83,1,18424,13360,5064,18424,0,8965,418,3977,7.239071856287425,8.034085974815458,0.21585974815458098,0.34049657534246575,0.2748588797221016,96714.0,148020.0
0.2,83,2,18361,13366,4995,18361,0,6091,1041,6233,7.210833458027832,8.003866891781493,0.33946952780349654,0.5336472602739726,0.2720440063177387,96380.0,146959.0
0.2,84,1,18008,13226,4782,18008,0,8868,410,3948,7.159761076667171,7.928198578409596,0.2192358951577077,0.33801369863013697,0.26554864504664594,94695.0,142771.0
0.2,84,2,18019,13208,4811,18019,0,5894,1064,6250,7.15316474863719,7.928575392641101,0.34685609634274933,0.5351027397260274,0.26699594872079474,94479.0,142865.0
0.2,85,1,18120,13207,4913,18120,0,8887,403,3917,7.204512758385705,7.983057395143488,0.2161699779249448,0.3353595890410959,0.27113686534216336,95150.0,144653.0
0.2,85,2,18161,13340,4821,18161,0,5986,1025,6329,7.1426536731634185,7.922250977369088,0.34849402565938,0.5418664383561644,0.2654589504983206,95283.0,143876.0
0.2,86,1,18195,13289,4906,18195,0,8921,413,3955,7.194296034314094,7.972739763671338,0.21736740862874415,0.3386130136986301,0.2696345149766419,95605.0,145064.0
0.2,86,2,18312,13259,5053,18312,0,5947,1032,6280,7.1637378384493555,7.96630624726955,0.34294451725644387,0.5376712328767124,0.2759392747924858,94984.0,145879.0
0.2,87,1,18371,13321,5050,18371,0,8942,411,3968,7.202837624802942,7.99330466496108,0.21599259702792445,0.33972602739726027,0.27488977192313974,95949.0,146845.0
0.2,87,2,18094,13143,4951,18094,0,5843,1020,6280,7.197443506048847,7.985243727202388,0.34707637891013593,0.5376712328767124,0.27362661655797504,94596.0,144485.0
0.2,88,1,18309,13400,4909,18309,0,9022,432,3946,7.149179104477612,7.935441586105195,0.21552242066743132,0.33784246575342464,0.26811950406903706,95799.0,145290.0
0.2,88,2,18137,13376,4761,18137,0,6059,974,6343,7.160511363636363,7.927937365606219,0.3497270772454099,0.5430650684931507,0.2625020675966257,95779.0,143789.0
0.2,89,1,18260,13362,4898,18260,0,8974,402,3986,7.139275557551265,7.926998904709748,0.21829134720700985,0.3412671232876712,0.268236582694414,95395.0,144747.0
0.2,89,2,18417,13374,5043,18417,0,6054,1029,6288,7.186406460296097,7.979801270565239,0.34142368463919204,0.5383561643835616,0.27382309822446654,96111.0,146964.0
0.2,90,1,18151,12961,5190,18151,0,8790,398,3773,7.266337473960342,8.075698308633132,0.20786733513305053,0.32303082191780824,0.2859346592474244,94179.0,146582.0
0.2,90,2,18547,13432,5115,18547,0,5918,1133,6381,7.189472900536034,7.9925594435757805,0.34404485900684745,0.5463184931506849,0.2757858413759638,96569.0,148238.0
0.2,91,1,18329,13293,5036,18329,0,8978,426,3888,7.197773264123975,7.991052430574499,0.21212286540455016,0.33287671232876714,0.2747558513830542,95680.0,146468.0
0.2,91,2,18140,13282,4858,18140,0,5902,1024,6351,7.178662851980124,7.958599779492833,0.35011025358324144,0.54375,0.267805953693495,95347.0,144369.0
0.2,92,1,18298,13244,5054,18298,0,8864,409,3971,7.207792207792208,8.005301125806099,0.21701825336102307,0.33998287671232874,0.27620504973221116,95460.0,146481.0
0.2,92,2,18355,13193,5162,18355,0,5907,1101,6185,7.196846812703707,8.011495505311904,0.33696540452192864,0.5295376712328768,0.2812312721329338,94948.0,147051.0
0.2,93,1,18264,13336,4928,18264,0,8956,430,3950,7.181913617276544,7.959811651335961,0.2162724485326325,0.3381849315068493,0.26982041173894,95778.0,145378.0
0.2,93,2,18154,13234,4920,18154,0,5902,998,6333,7.163820462445217,7.950644486063678,0.34884873857001214,0.542208904109589,0.27101465241819983,94806.0,144336.0
0.2,94,1,18124,13241,4883,18124,0,8990,377,3874,7.208367948040178,7.986813065548444,0.2137497241227102,0.3316780821917808,0.26942176120061795,95446.0,144753.0
0.2,94,2,18257,13386,4871,18257,0,5972,1018,6396,7.14657104437472,7.933176315933615,0.3503313797447554,0.5476027397260274,0.26680177466177357,95664.0,144836.0
0.2,95,1,18464,13393,5071,18464,0,8937,382,4074,7.199357873516016,7.999458405545927,0.22064558058925476,0.3488013698630137,0.27464254766031193,96421.0,147702.0
0.2,95,2,18313,13249,5064,18313,0,6031,1044,6174,7.215186051777493,8.015562715011194,0.3371375525582919,0.5285958904109589,0.27652487304100914,95594.0,146789.0
0.2,96,1,18236,13199,5037,18236,0,8858,408,3932,7.2025153420713695,7.993529282737442,0.21561745996929152,0.33664383561643835,0.27621188857205525,95066.0,145770.0
0.2,96,2,18178,13250,4928,18178,0,5892,1014,6339,7.157056603773585,7.945758609307955,0.348718230828474,0.5427226027397261,0.27109693035537463,94831.0,144438.0
0.2,97,1,18156,13292,4864,18156,0,8890,400,4002,7.171682214866085,7.950209297202027,0.22042300066093853,0.34263698630136985,0.26790041859440406,95326.0,144344.0
0.2,97,2,18026,13186,4840,18026,0,5921,1066,6196,7.184134688305779,7.9641074004216135,0.34372572950183067,0.5304794520547945,0.26850105403306335,94730.0,143561.0
0.2,98,1,18222,13142,5080,18222,0,8771,385,3986,7.169304519859991,7.9772802107342775,0.21874657008012294,0.3412671232876712,0.27878388760838546,94219.0,145362.0
0.2,98,2,18274,13289,4985,18274,0,5970,1055,6264,7.207765821356008,7.989985772135274,0.3427820947794681,0.5363013698630137,0.2727919448396629,95784.0,146009.0
0.2,99,1,18306,13321,4985,18306,0,9034,394,3893,7.215449290593799,8.004916420845625,0.21266251502239703,0.33330479452054795,0.27231508794930626,96117.0,146538.0
0.2,99,2,18164,13224,4940,18164,0,5825,1084,6315,7.206745311554749,7.9960361153930855,0.3476657123981502,0.540667808219178,0.2719665271966527,95302.0,145240.0
0.2,100,1,18289,13433,4856,18289,0,9098,383,3952,7.178366708851336,7.952485100333534,0.2160861720159659,0.33835616438356164,0.26551479031111597,96427.0,145443.0
0.2,100,2,18064,13212,4852,18064,0,5859,1071,6282,7.171056615198305,7.954605845881311,0.34776350752878654,0.5378424657534246,0.26860053144375556,94744.0,143692.0
0.25,1,1,18094,13983,4111,18094,0,10147,259,3577,6.984481155689051,7.676743671935448,0.19768984193655356,0.30625,0.2272023875317785,97664.0,138903.0
0.25,1,2,18096,13858,4238,18096,0,6009,1063,6786,6.9857122239861456,7.699546861184793,0.375,0.5809931506849315,0.23419540229885058,96808.0,139331.0
0.25,2,1,18399,14154,4245,18399,0,10337,228,3589,6.949413593330507,7.657753138757541,0.19506494918202077,0.307277397260274,0.23071906081852275,98362.0,140895.0
0.25,2,2,18149,13980,4169,18149,0,6119,1044,6817,6.93068669527897,7.64075155655959,0.3756129814314838,0.5836472602739726,0.22970962587470384,96891.0,138672.0
0.25,3,1,18134,13807,4327,18134,0,10069,251,3487,6.990874194249294,7.716719973530385,0.19229072460571303,0.2985445205479452,0.23861255100915407,96523.0,139935.0
0.25,3,2,18446,14064,4382,18446,0,6112,1099,6853,7.006612627986348,7.724709964219885,0.3715168600238534,0.5867294520547945,0.23755827821749972,98541.0,142490.0
0.25,4,1,18160,14100,4060,18160,0,10227,248,3625,6.937517730496454,7.631552863436124,0.19961453744493393,0.3103595890410959,0.22356828193832598,97819.0,138589.0
0.25,4,2,18177,13990,4187,18177,0,6154,1063,6772,6.984417441029307,7.6865819442152175,0.37255872806293666,0.5797945205479452,0.23034604170105077,97712.0,139719.0
0.25,5,1,18363,13973,4390,18363,0,10168,251,3554,6.988477778572962,7.715732723411207,0.19354136034417035,0.3042808219178082,0.23906769046452106,97650.0,141684.0
0.25,5,2,18176,13929,4247,18176,0,6055,1231,6643,7.0578648862086295,7.754401408450704,0.3654819542253521,0.56875,0.23365977112676056,98309.0,140944.0
0.25,6,1,18149,14007,4142,18149,0,10180,265,3562,6.990290569001214,7.685051517989972,0.19626425698385586,0.30496575342465754,0.22822194060278803,97913.0,139476.0
0.25,6,2,18171,13970,4201,18171,0,6126,1082,6762,6.974015748031496,7.681635573166034,0.37213141819382534,0.5789383561643836,0.2311925595729459,97427.0,139583.0
0.25,7,1,18476,14041,4435,18476,0,10285,245,3511,7.013460579730788,7.740798874215198,0.1900303095908205,0.30059931506849313,0.240041134444685,98476.0,143019.0
0.25,7,2,18136,13906,4230,18136,0,5976,1148,6781,7.067740543650223,7.761854874283194,0.3738972209969122,0.5805650684931507,0.23323775915306572,98284.0,140769.0
0.25,8,1,18005,13729,4276,18005,0,10087,245,3397,7.001820962925195,7.720077756178839,0.18866981394057206,0.2908390410958904,0.23748958622604832,96128.0,139000.0
0.25,8,2,18438,14218,4220,18438,0,6183,1105,6930,6.969967646645098,7.6691072784466865,0.37585421412300685,0.5933219178082192,0.22887514914849766,99099.0,141403.0
0.25,9,1,18240,13818,4422,18240,0,10140,254,3424,7.000072369373282,7.736458333333333,0.18771929824561404,0.29315068493150687,0.24243421052631578,96727.0,141113.0
0.25,9,2,18474,14106,4368,18474,0,6096,1109,6901,6.972068623280873,7.69557215546173,0.37355201905380536,0.5908390410958904,0.2364404027281585,98348.0,142168.0
0.25,10,1,18208,13915,4293,18208,0,10158,246,3511,6.928278835788717,7.657513181019332,0.19282732864674867,0.30059931506849313,0.2357754833040422,96407.0,139428.0
0.25,10,2,18162,14086,4076,18162,0,6160,1123,6803,6.9679114013914525,7.652571302719965,0.3745732848805198,0.5824486301369863,0.2244246228388944,98150.0,138986.0
0.25,11,1,18494,14133,4361,18494,0,10385,259,3489,6.999504705299653,7.716827079052666,0.18865578025305504,0.29871575342465756,0.23580620741862227,98924.0,142715.0
0.25,11,2,18229,13893,4336,18229,0,5970,1141,6782,7.031598646800547,7.745679960502496,0.37204454440726314,0.5806506849315068,0.2378627461736793,97690.0,141196.0
0.25,12,1,18295,14227,4068,18295,0,10347,257,3623,6.9715330006326,7.651434818256354,0.19803224924842852,0.31018835616438356,0.22235583492757585,99184.0,139983.0
0.25,12,2,18007,13909,4098,18007,0,6114,993,6802,6.954921273995255,7.654856444715944,0.37774198922641194,0.5823630136986301,0.22757816404731493,96736.0,137841.0
0.25,13,1,18047,13895,4152,18047,0,10141,263,3491,6.965815041381792,7.666980661605807,0.19343935280101957,0.29888698630136984,0.2300659389372195,96790.0,138366.0
0.25,13,2,18208,14063,4145,18208,0,6145,1148,6770,6.95441939842139,7.651252196836555,0.3718145869947276,0.5796232876712328,0.22764718804920914,97800.0,139314.0
0.25,14,1,18265,13937,4328,18265,0,10123,256,3558,7.00373107555428,7.720777443197372,0.19479879551053927,0.30462328767123287,0.23695592663564194,97611.0,141020.0
0.25,14,2,18294,14114,4180,18294,0,6273,1133,6708,6.999929148363327,7.693888706679786,0.3666775992128567,0.5743150684931507,0.22849021537115993,98797.0,140752.0
0.25,15,1,18138,13972,4166,18138,0,10182,269,3521,7.014600629831091,7.705976403131547,0.19412283603484398,0.3014554794520548,0.22968353732495314,98008.0,139771.0
0.25,15,2,18282,14007,4275,18282,0,6139,1138,6730,6.991147283501107,7.70041570944098,0.36812164971009737,0.5761986301369864,0.23383656055136198,97925.0,140779.0
0.25,16,1,18263,14031,4232,18263,0,10192,258,3581,7.01118950894448,7.711821716037891,0.19607950501012977,0.30659246575342464,0.2317253463286426,98374.0,140841.0
0.25,16,2,18164,13947,4217,18164,0,6138,1047,6762,7.00702660070266,7.709315128826249,0.3722748293327461,0.5789383561643836,0.2321625192688835,97727.0,140032.0
0.25,17,1,18333,14119,4214,18333,0,10308,257,3554,7.000495785820526,7.698412698412699,0.19385807014672993,0.3042808219178082,0.22985872470408553,98840.0,141135.0
0.25,17,2,18377,14039,4338,18377,0,6177,1127,6735,6.956193461072726,7.682755618436088,0.366490722098275,0.5766267123287672,0.23605593948957937,97658.0,141186.0
0.25,18,1,18324,13907,4417,18324,0,10177,244,3486,6.9993528438915655,7.732427417594412,0.1902423051735429,0.29845890410958903,0.24104998908535255,97340.0,141689.0
0.25,18,2,18603,14305,4298,18603,0,6344,1046,6915,6.965536525690318,7.6753211847551475,0.37171423963876793,0.5920376712328768,0.23103800462291027,99642.0,142784.0
0.25,19,1,18170,13909,4261,18170,0,10073,264,3572,6.986843051261773,7.700275178866263,0.1965877820583379,0.30582191780821916,0.2345074298293891,97180.0,139914.0
0.25,19,2,18216,14009,4207,18216,0,6171,1108,6730,6.993432793204368,7.694554238032499,0.3694554238032499,0.5761986301369864,0.23095081247255161,97971.0,140164.0
0.25,20,1,17983,13759,4224,17983,0,10085,262,3412,7.06541173050367,7.761052104765612,0.18973474948562533,0.29212328767123286,0.23488850581104376,97213.0,139567.0
0.25,20,2,18315,14068,4247,18315,0,6086,1092,6890,6.949175433608189,7.661861861861862,0.3761943761943762,0.5898972602739726,0.23188643188643188,97761.0,140327.0
0.25,21,1,18302,14106,4196,18302,0,10224,283,3599,6.98348220615341,7.681400939788001,0.1966451753906677,0.3081335616438356,0.22926456125013658,98509.0,140585.0
0.25,21,2,18129,13988,4141,18129,0,6164,1082,6742,6.971189591078067,7.668817916046114,0.3718903414418887,0.5772260273972603,0.22841855590490376,97513.0,139028.0
0.25,22,1,18141,14153,3988,18141,0,10309,239,3605,6.932240514378577,7.611487790088749,0.19872112893445787,0.3086472602739726,0.2198335262664682,98112.0,138080.0
0.25,22,2,18102,14025,4077,18102,0,6189,1051,6785,6.929340463458111,7.624019445365153,0.3748204618274224,0.5809075342465754,0.22522373218428904,97184.0,138010.0
0.25,23,1,18212,13984,4228,18212,0,10234,260,3490,6.960883867276888,7.672523610806062,0.191631891060839,0.2988013698630137,0.23215462332528003,97341.0,139732.0
0.25,23,2,18524,14097,4427,18524,0,6147,1110,6840,7.001064056182166,7.724465558194774,0.3692507017922695,0.5856164383561644,0.23898725977110774,98694.0,143088.0
0.25,24,1,18570,14287,4283,18570,0,10408,242,3637,6.94631483166515,7.6587506731287025,0.19585352719439958,0.31138698630136985,0.23064081852450188,99242.0,142223.0
0.25,24,2,18159,13916,4243,18159,0,6090,1075,6751,6.997916067835585,7.707693154909411,0.37177157332452226,0.5779965753424657,0.2336582410925712,97383.0,139964.0
0.25,25,1,18035,13811,4224,18035,0,10102,240,3469,6.946781550937659,7.671305794288883,0.19234821181036874,0.29700342465753427,0.23421125589132244,95942.0,138352.0
0.25,25,2,18651,14120,4531,18651,0,6147,1101,6872,7.00056657223796,7.738351831001019,0.36845209372151627,0.5883561643835616,0.24293603560130825,98848.0,144328.0
0.25,26,1,18339,13936,4403,18339,0,10078,294,3564,7.008682548794489,7.733900430775942,0.19433993129396368,0.3051369863013699,0.24008942690441137,97673.0,141832.0
0.25,26,2,18437,14147,4290,18437,0,6332,1115,6700,7.002968827313211,7.707436133861258,0.3633996854151977,0.5736301369863014,0.23268427618376092,99071.0,142102.0
0.25,27,1,18247,13902,4345,18247,0,10182,235,3485,7.031434325996259,7.7437386967720725,0.19099029977530552,0.2983732876712329,0.2381213350139749,97751.0,141300.0
0.25,27,2,18266,14046,4220,18266,0,6089,1089,6868,6.979068774028193,7.682908135333406,0.37599912405562247,0.588013698630137,0.23103032957407205,98028.0,140336.0
0.25,28,1,18367,14148,4219,18367,0,10308,254,3586,6.93214588634436,7.64065987913105,0.19524146567212936,0.3070205479452055,0.22970544999183318,98076.0,140336.0
0.25,28,2,18107,13971,4136,18107,0,6148,1059,6764,6.9500393672607546,7.650853261169713,0.37355718782791186,0.5791095890410959,0.22841994808637545,97099.0,138534.0
0.25,29,1,18317,13930,4387,18317,0,10201,235,3494,6.982124910265614,7.7117977834798275,0.19075176065949664,0.29914383561643837,0.23950428563629414,97261.0,141257.0
0.25,29,2,18285,14012,4273,18285,0,6048,1100,6864,6.982372252355124,7.693245829915231,0.37538966365873666,0.5876712328767123,0.2336888159693738,97837.0,140671.0
0.25,30,1,18260,13932,4328,18260,0,10174,248,3510,6.994401378122308,7.714895947426068,0.192223439211391,0.300513698630137,0.2370208105147864,97446.0,140874.0
0.25,30,2,18248,13901,4347,18248,0,5986,1099,6816,7.034170203582476,7.748794388426129,0.3735203857957036,0.5835616438356165,0.23821788689171416,97782.0,141400.0
0.25,31,1,18266,13956,4310,18266,0,10132,288,3536,7.02292920607624,7.73634074236286,0.1935837074345779,0.30273972602739724,0.2359575166976897,98012.0,141312.0
0.25,31,2,18125,13893,4232,18125,0,6049,1079,6765,7.034333837184193,7.736772413793103,0.37324137931034485,0.579195205479452,0.2334896551724138,97728.0,140229.0
0.25,32,1,18348,13893,4455,18348,0,10122,263,3508,7.013172101058087,7.748310442555047,0.19119250054501852,0.30034246575342466,0.24280575539568344,97434.0,142166.0
0.25,32,2,18326,13976,4350,18326,0,6084,1070,6822,7.03856611333715,7.749699879951981,0.3722579941067336,0.5840753424657534,0.23736767434246425,98371.0,142021.0
0.25,33,1,18122,13849,4273,18122,0,10136,255,3458,6.9838255469709,7.700529742853989,0.1908177905308465,0.29606164383561645,0.2357907515726741,96719.0,139549.0
0.25,33,2,18368,14030,4338,18368,0,6072,1097,6861,6.980114041339986,7.700838414634147,0.37353005226480834,0.5874143835616439,0.23617160278745644,97931.0,141449.0
0.25,34,1,18061,13834,4227,18061,0,10071,252,3511,7.005999710857308,7.713471014893971,0.1943967665134821,0.30059931506849313,0.2340401971097946,96921.0,139313.0
0.25,34,2,18205,14020,4185,18205,0,6106,1086,6828,6.971968616262482,7.6750343312276845,0.3750617962098325,0.5845890410958904,0.22988190057676464,97747.0,139724.0
0.25,35,1,17979,13858,4121,17979,0,10043,275,3540,6.972795497185741,7.669781411646921,0.19689637910896046,0.3030821917808219,0.2292118582791034,96629.0,137895.0
0.25,35,2,18086,14016,4070,18086,0,6145,1095,6776,6.964183789954338,7.650558442994582,0.37465442883998673,0.5801369863013699,0.22503593940064137,97610.0,138368.0
0.25,36,1,18306,14045,4261,18306,0,10168,278,3599,6.950302598789605,7.666775920463236,0.1966022069266907,0.3081335616438356,0.2327652135911723,97617.0,140348.0
0.25,36,2,18172,13994,4178,18172,0,6195,1087,6712,6.987137344576247,7.687486242570988,0.3693594541052168,0.5746575342465754,0.2299141536429672,97778.0,139697.0
0.25,37,1,18435,14230,4205,18435,0,10402,239,3589,6.95769501054111,7.6586384594521295,0.19468402495253595,0.307277397260274,0.22809872525088148,99008.0,141187.0
0.25,37,2,18005,13894,4111,18005,0,6069,1096,6729,6.96329350798906,7.662371563454596,0.373729519577895,0.5761130136986301,0.22832546514856983,96748.0,137961.0
0.25,38,1,18274,13994,4280,18274,0,10200,276,3518,6.983921680720309,7.698807048265295,0.19251395425194265,0.3011986301369863,0.2342125424099814,97733.0,140688.0
0.25,38,2,18298,14014,4284,18298,0,6131,1070,6813,7.005637219922934,7.717291507268554,0.37233577440157395,0.583304794520548,0.234123947972456,98177.0,141211.0
0.25,39,1,18357,14037,4320,18357,0,10256,257,3524,6.99992875970649,7.717165114125402,0.1919703655281364,0.3017123287671233,0.23533257068148392,98258.0,141664.0
0.25,39,2,18306,14018,4288,18306,0,6122,1131,6765,6.961264089028392,7.6839287665246365,0.3695509668960996,0.579195205479452,0.2342401398448596,97583.0,140662.0
0.25,40,1,18262,13958,4304,18262,0,10183,246,3529,6.975497922338444,7.6953783813382985,0.1932427992552842,0.3021404109589041,0.235680648340817,97364.0,140533.0
0.25,40,2,18117,13863,4254,18117,0,5940,1122,6801,6.994229243309529,7.706242755423084,0.3753932770326213,0.5822773972602739,0.23480708726610366,96961.0,139614.0
0.25,41,1,18216,13998,4218,18216,0,10176,246,3576,6.9637805400771535,7.673748353096179,0.1963109354413702,0.3061643835616438,0.2315546772068511,97479.0,139785.0
0.25,41,2,18433,14124,4309,18433,0,6273,1032,6819,6.964670065137355,7.6808983887592905,0.3699343568599794,0.5838184931506849,0.23376552921390983,98369.0,141582.0
0.25,42,1,18059,13823,4236,18059,0,10092,259,3472,6.9831440353034795,7.69605183011241,0.19225870756963287,0.29726027397260274,0.2345644830832272,96528.0,138983.0
0.25,42,2,18365,14072,4293,18365,0,6129,1089,6854,6.960915292779989,7.6776476994282605,0.3732099101551865,0.5868150684931507,0.2337598693166349,97954.0,141000.0
0.25,43,1,18413,14077,4336,18413,0,10215,271,3591,7.028912410314698,7.735404333894531,0.19502525389670342,0.3074486301369863,0.2354857980774453,98946.0,142432.0
0.25,43,2,18352,13977,4375,18352,0,6170,1109,6698,6.96787579595049,7.696381865736704,0.3649738448125545,0.573458904109589,0.23839363557105492,97390.0,141244.0
0.25,44,1,18182,13979,4203,18182,0,10204,239,3536,6.969024966020459,7.6796832031679685,0.1944780552194478,0.30273972602739724,0.23116268837311627,97420.0,139632.0
0.25,44,2,18264,14038,4226,18264,0,6134,1111,6793,7.009830460179513,7.711454226894437,0.371933858957512,0.5815924657534246,0.23138414367060886,98404.0,140842.0
0.25,45,1,18052,13712,4340,18052,0,9969,273,3470,7.007584597432905,7.734544648792378,0.1922224684245513,0.2970890410958904,0.24041657434079328,96088.0,139624.0
0.25,45,2,18399,14059,4340,18399,0,6122,1107,6830,7.062522227754464,7.763356704168705,0.3712158269471167,0.5847602739726028,0.2358823849122235,99292.0,142838.0
0.25,46,1,18324,14124,4200,18324,0,10324,261,3539,7.000141602945341,7.694280724732591,0.19313468674961798,0.30299657534246577,0.22920759659463,98870.0,140990.0
0.25,46,2,18128,13893,4235,18128,0,5992,1094,6807,6.980709709925862,7.691857899382171,0.3754964695498676,0.582791095890411,0.23361650485436894,96983.0,139438.0
0.25,47,1,18190,13869,4321,18190,0,10115,220,3534,6.963443651308674,7.693842770753161,0.194282572842221,0.30256849315068496,0.23754810335349094,96576.0,139951.0
0.25,47,2,18417,14117,4300,18417,0,6182,1115,6819,7.065523836509174,7.758972688277135,0.37025574197752076,0.5838184931506849,0.23347993701471467,99744.0,142897.0
0.25,48,1,18455,14205,4250,18455,0,10348,254,3603,6.975008799718409,7.67618531563262,0.19523164454077485,0.30847602739726027,0.2302898943375779,99080.0,141664.0
0.25,48,2,18297,13952,4345,18297,0,6140,1040,6772,6.973265481651376,7.6974913920314805,0.3701153194512762,0.5797945205479452,0.2374706235994972,97291.0,140841.0
0.25,49,1,18200,14000,4200,18200,0,10180,232,3588,6.9637142857142855,7.669945054945055,0.19714285714285715,0.3071917808219178,0.23076923076923078,97492.0,139593.0
0.25,49,2,18101,13958,4143,18101,0,6099,1061,6798,6.998925347470984,7.690293353958345,0.37555936136125073,0.5820205479452055,0.22888238218882934,97691.0,139202.0
0.25,50,1,18260,14098,4162,18260,0,10354,256,3488,7.010568875017733,7.699616648411829,0.1910186199342826,0.29863013698630136,0.22792990142387734,98835.0,140595.0
0.25,50,2,18098,13981,4117,18098,0,6048,1122,6811,6.944853730062228,7.646480274063433,0.37633992706376396,0.5831335616438356,0.2274836998563377,97096.0,138386.0
0.25,51,1,18205,14086,4119,18205,0,10273,244,3569,6.936106772682096,7.634496017577589,0.19604504257072233,0.3055650684931507,0.2262565229332601,97702.0,138986.0
0.25,51,2,18351,14211,4140,18351,0,6343,1079,6789,6.962212370698754,7.652498501444063,0.36995259113944745,0.58125,0.22560078469838157,98940.0,140431.0
0.25,52,1,18364,14032,4332,18364,0,10188,261,3583,6.984749144811858,7.705565236331954,0.1951099978218253,0.30676369863013697,0.23589631888477455,98010.0,141505.0
0.25,52,2,18252,13989,4263,18252,0,6148,1087,6754,7.008006290656945,7.714716195485426,0.3700416392724085,0.5782534246575343,0.23356344510190663,98035.0,140809.0
0.25,53,1,18198,13876,4322,18198,0,10036,263,3577,6.998414528682617,7.71903505879767,0.19656006154522476,0.30625,0.23749862622266182,97110.0,140471.0
0.25,53,2,18315,13919,4396,18315,0,6082,1164,6673,6.998132049716215,7.7263991263991265,0.36434616434616435,0.571318493150685,0.24002184002184002,97407.0,141509.0
0.25,54,1,18328,14179,4149,18328,0,10327,298,3554,6.988715706326257,7.67841553906591,0.19391095591444785,0.3042808219178082,0.22637494543867306,99093.0,140730.0
0.25,54,2,18271,13938,4333,18271,0,6106,1085,6747,6.962978906586311,7.6903836681079305,0.36927371244047946,0.5776541095890411,0.23715177056537684,97050.0,140511.0
0.25,55,1,18196,14053,4143,18196,0,10219,235,3599,6.97267487369245,7.669817542316992,0.19779072323587601,0.3081335616438356,0.22768740382501648,97987.0,139560.0
0.25,55,2,18105,13880,4225,18105,0,6038,1135,6707,7.02521613832853,7.726429163214582,0.37045015189174263,0.5742294520547945,0.23336095001380833,97510.0,139887.0
0.25,56,1,18138,13936,4202,18138,0,10088,249,3599,6.963691159586682,7.671738890726651,0.19842319991178742,0.3081335616438356,0.23166832065277318,97046.0,139150.0
0.25,56,2,18215,14026,4189,18215,0,6208,1072,6746,6.985812063310994,7.684984902552841,0.3703541037606368,0.5775684931506849,0.2299752950864672,97983.0,139982.0
0.25,57,1,18204,13923,4281,18204,0,10189,256,3478,7.038928391869568,7.743847506042628,0.1910569105691057,0.29777397260273974,0.2351680949241925,98003.0,140969.0
0.25,57,2,18255,14019,4236,18255,0,6095,1088,6836,6.9553463157143876,7.670391673514105,0.37447274719254997,0.5852739726027397,0.23204601479046835,97507.0,140023.0
0.25,58,1,18634,14184,4450,18634,0,10337,257,3590,6.970459672870841,7.700654717183642,0.19265858108833314,0.3073630136986301,0.23881077600085865,98869.0,143494.0
0.25,58,2,18367,13909,4458,18367,0,6075,1105,6729,7.005679775684809,7.739206185005717,0.36636358686775194,0.5761130136986301,0.24271791800511788,97442.0,142146.0
0.25,59,1,18067,14017,4050,18067,0,10174,265,3577,6.964828422629664,7.649748159628051,0.19798527702440916,0.30625,0.224165605800631,97626.0,138208.0
0.25,59,2,18024,13945,4079,18024,0,6120,1107,6715,6.92922194334887,7.628328894806924,0.37255881047492234,0.5749143835616438,0.22630936529072349,96628.0,137493.0
0.25,60,1,18282,14088,4194,18282,0,10307,285,3496,7.008517887563884,7.701892571928673,0.1912263428508916,0.2993150684931507,0.22940597308828356,98736.0,140806.0
0.25,60,2,18230,14018,4212,18230,0,6111,1074,6833,7.006063632472535,7.705211190345584,0.3748217224355458,0.5850171232876712,0.2310477235326385,98211.0,140466.0
0.25,61,1,18217,14086,4131,18217,0,10317,236,3533,6.981683941502201,7.673436899599276,0.19393972662897294,0.30248287671232876,0.22676620738870287,98344.0,139787.0
0.25,61,2,18246,13994,4252,18246,0,6109,1104,6781,6.953908818064885,7.66995505864299,0.371643099857503,0.5805650684931507,0.2330373780554642,97313.0,139946.0
0.25,62,1,18174,14013,4161,18174,0,10261,239,3513,6.998786840790695,7.69511389897656,0.19329811819082204,0.30077054794520547,0.2289534499834929,98074.0,139851.0
0.25,62,2,18273,14016,4257,18273,0,6091,1067,6858,6.9736015981735155,7.6885568872106385,0.3753078312263996,0.5871575342465754,0.23296667213922181,97742.0,140493.0
0.25,63,1,18400,14136,4264,18400,0,10319,233,3584,7.049660441426146,7.742119565217391,0.19478260869565217,0.30684931506849317,0.23173913043478261,99654.0,142455.0
0.25,63,2,18342,13966,4376,18342,0,6110,1082,6774,6.985536302448804,7.713771671573438,0.36931632319267255,0.5799657534246575,0.23857812670374004,97560.0,141486.0
0.25,64,1,18458,14010,4448,18458,0,10227,251,3532,6.985510349750179,7.721746668111388,0.1913533427240221,0.3023972602739726,0.2409795210748727,97867.0,142528.0
0.25,64,2,18425,14112,4313,18425,0,6210,1121,6781,7.059098639455782,7.756689280868385,0.3680325644504749,0.5805650684931507,0.23408412483039348,99618.0,142917.0
0.25,65,1,18129,13780,4349,18129,0,10065,244,3471,7.014078374455733,7.739864305808373,0.1914611947708092,0.2971746575342466,0.23989188592862265,96654.0,140316.0
0.25,65,2,18332,14093,4239,18332,0,6126,1082,6885,7.000141914425601,7.701614662884573,0.3755727689286494,0.5894691780821918,0.23123499890901156,98653.0,141186.0
0.25,66,1,18233,14022,4211,18233,0,10282,258,3482,7.023534445870775,7.7196292436790435,0.1909724126583667,0.29811643835616436,0.23095486206329183,98484.0,140752.0
0.25,66,2,18296,13994,4302,18296,0,6072,1088,6834,6.967057310275832,7.686488850021862,0.37352426759947527,0.5851027397260274,0.23513336248360298,97497.0,140632.0
0.25,67,1,18375,14102,4273,18375,0,10328,225,3549,6.986810381506169,7.694965986394558,0.19314285714285714,0.3038527397260274,0.23254421768707484,98528.0,141395.0
0.25,67,2,18419,14105,4314,18419,0,6193,1059,6853,6.966465792272244,7.685542103262935,0.3720614582767794,0.5867294520547945,0.23421466963461643,98262.0,141560.0
0.25,68,1,18456,14158,4298,18456,0,10249,278,3631,7.002118943353581,7.706003467706979,0.1967381881231036,0.3108732876712329,0.23287819679237104,99136.0,142222.0
0.25,68,2,18145,13807,4338,18145,0,6034,1072,6701,6.970232490765554,7.700854229815376,0.3693028382474511,0.5737157534246575,0.23907412510333426,96238.0,139732.0
0.25,69,1,18197,14041,4156,18197,0,10194,226,3621,6.988818460223631,7.683189536736824,0.19898884431499697,0.3100171232876712,0.22838929493872617,98130.0,139811.0
0.25,69,2,18083,13935,4148,18083,0,6083,1100,6752,7.009831359885181,7.703201902339214,0.3733893712326494,0.5780821917808219,0.22938671680583975,97682.0,139297.0
0.25,70,1,18431,14294,4137,18431,0,10451,234,3609,6.945431649643207,7.636916065324725,0.1958114046986056,0.30898972602739727,0.22445879225218382,99278.0,140756.0
0.25,70,2,18048,13934,4114,18048,0,6086,1136,6712,6.932108511554471,7.63741134751773,0.37189716312056736,0.5746575342465754,0.227947695035461,96592.0,137840.0
0.25,71,1,18353,13949,4404,18353,0,10097,245,3607,6.97756111549215,7.7113823353130275,0.19653462649158177,0.30881849315068494,0.23996076935650848,97330.0,141527.0
0.25,71,2,18246,13915,4331,18246,0,6107,1071,6737,7.033632770391663,7.746026526361942,0.3692316124081991,0.5767979452054794,0.23736709415762358,97873.0,141334.0
0.25,72,1,18687,14221,4466,18687,0,10300,275,3646,6.97658392518107,7.710172847434045,0.19510889923476213,0.31215753424657533,0.23898967196446727,99214.0,144080.0
0.25,72,2,18336,13976,4360,18336,0,6215,1046,6715,7.014453348597596,7.734674956369982,0.3662194589877836,0.5749143835616438,0.23778359511343805,98034.0,141823.0
0.25,73,1,17953,13795,4158,17953,0,10105,249,3441,6.962740123233055,7.675263187211051,0.19166713084164205,0.29460616438356163,0.23160474572494846,96051.0,137794.0
0.25,73,2,18461,14232,4229,18461,0,6243,1077,6912,6.983558178752108,7.683765776501815,0.3744109203185093,0.5917808219178082,0.2290775147608472,99390.0,141850.0
0.25,74,1,18120,13864,4256,18120,0,10061,262,3541,6.972951529140219,7.687969094922737,0.19541942604856513,0.3031678082191781,0.23487858719646798,96673.0,139306.0
0.25,74,2,18386,14033,4353,18386,0,6161,1098,6774,6.996080666999216,7.711084520831067,0.3684325029914065,0.5799657534246575,0.23675622756445122,98176.0,141776.0
0.25,75,1,18414,14032,4382,18414,0,10257,266,3509,7.024159064994299,7.738351254480286,0.1905615292712067,0.3004280821917808,0.23797110893885087,98563.0,142494.0
0.25,75,2,18238,13900,4338,18238,0,6006,1116,6778,6.977266187050359,7.701173374273495,0.3716416273714223,0.5803082191780822,0.2378550279635925,96984.0,140454.0
0.25,76,1,18274,13843,4431,18274,0,10031,257,3555,7.0306291988730765,7.758618802670461,0.19453868884754297,0.3043664383561644,0.24247564846229616,97325.0,141781.0
0.25,76,2,18568,13978,4590,18568,0,6128,1148,6702,7.028902561167549,7.771057733735459,0.3609435588108574,0.5738013698630137,0.2471994829814735,98250.0,144293.0
0.25,77,1,18244,13940,4304,18244,0,10183,269,3488,7.032496413199426,7.742106994080245,0.19118614338960754,0.29863013698630136,0.2359131769348827,98033.0,141247.0
0.25,77,2,18388,14029,4359,18388,0,6106,1107,6816,6.990733480647231,7.71399825973461,0.370676528170546,0.5835616438356165,0.23705677615836415,98073.0,141845.0
0.25,78,1,18409,13967,4442,18409,0,10198,249,3520,6.989546788859454,7.724156662502037,0.19121082079417676,0.3013698630136986,0.24129501874083328,97623.0,142194.0
0.25,78,2,18531,14071,4460,18531,0,6141,1121,6809,7.017909174898728,7.742377637472344,0.3674383465544223,0.5829623287671233,0.24067778317414062,98749.0,143474.0
0.25,79,1,18431,14028,4403,18431,0,10232,217,3579,6.951596806387226,7.6884596603548365,0.1941837122239705,0.3064212328767123,0.23889099886061527,97517.0,141706.0
0.25,79,2,18397,14135,4262,18397,0,6259,1081,6795,7.004103289706403,7.704734467576235,0.3693536989726586,0.581763698630137,0.2316682067728434,99003.0,141744.0
0.25,80,1,18352,14058,4294,18352,0,10227,258,3573,7.043035993740219,7.741554054054054,0.19469267654751526,0.30590753424657535,0.2339799476896251,99011.0,142073.0
0.25,80,2,18312,13925,4387,18312,0,6069,1077,6779,6.971346499102334,7.704292267365662,0.3701944080384447,0.5803938356164383,0.23956968108344256,97076.0,141081.0
0.25,81,1,18237,14102,4135,18237,0,10284,288,3530,6.961707559211459,7.655809617809947,0.19356253769808632,0.3022260273972603,0.22673685364917476,98174.0,139619.0
0.25,81,2,18113,13938,4175,18113,0,6065,1096,6777,6.9437508968288135,7.653508529785237,0.37415116214873295,0.580222602739726,0.23049743278308396,96782.0,138628.0
0.25,82,1,18185,14022,4163,18185,0,10218,260,3544,6.981600342319212,7.681880670882595,0.19488589496838055,0.3034246575342466,0.22892493813582623,97896.0,139695.0
0.25,82,2,18227,14028,4199,18227,0,6156,1095,6777,6.977188480182492,7.683436659900148,0.3718110495418884,0.580222602739726,0.23037252427717123,97876.0,140046.0
0.25,83,1,18279,14015,4264,18279,0,10286,267,3462,7.011630396004281,7.720280102850265,0.18939766945675365,0.2964041095890411,0.23327315498659665,98268.0,141119.0
0.25,83,2,18362,14115,4247,18362,0,6163,1093,6859,6.968614948636203,7.6805358893366735,0.37354318701666483,0.5872431506849315,0.2312928874850234,98362.0,141030.0
0.25,84,1,18492,14152,4340,18492,0,10299,250,3603,6.985373092142454,7.704088254380273,0.19484101232965606,0.30847602739726027,0.2346960847934242,98857.0,142464.0
0.25,84,2,18212,13928,4284,18212,0,6086,1138,6704,7.035611717403791,7.74220294311443,0.36810893916099274,0.5739726027397261,0.23522951899846256,97992.0,141001.0
0.25,85,1,18078,14053,4025,18078,0,10279,246,3528,6.971892122678431,7.6515654386547185,0.1951543312313309,0.30205479452054795,0.22264631043256997,97976.0,138325.0
0.25,85,2,18159,14031,4128,18159,0,6121,1081,6829,6.98146960302188,7.672889476292747,0.37606696403987006,0.5846746575342465,0.22732529324301998,97957.0,139332.0
0.25,86,1,18116,13932,4184,18116,0,10178,259,3495,7.0220356014929655,7.716880105983661,0.19292338264517553,0.2992294520547945,0.230956060940605,97831.0,139799.0
0.25,86,2,18307,14070,4237,18307,0,6142,1116,6812,6.965387348969439,7.6759163161632165,0.37209810455017206,0.5832191780821918,0.23144152509968866,98003.0,140523.0
0.25,87,1,18071,13815,4256,18071,0,10002,272,3541,6.979659790083243,7.70012727574567,0.19594931105085497,0.3031678082191781,0.23551546676996293,96424.0,139149.0
0.25,87,2,18346,14071,4275,18346,0,6211,1127,6731,7.02146258261673,7.724899160579963,0.3668919655510738,0.5762842465753425,0.23302082197754279,98799.0,141721.0
0.25,88,1,18450,14254,4196,18450,0,10467,225,3562,6.95510032271643,7.656639566395664,0.19306233062330624,0.30496575342465754,0.22742547425474255,99138.0,141265.0
0.25,88,2,18161,13982,4179,18161,0,6082,1121,6779,6.954870547847232,7.666097681845713,0.37327239689444414,0.5803938356164383,0.2301084742029624,97243.0,139224.0
0.25,89,1,18377,14008,4369,18377,0,10248,270,3490,6.954097658480868,7.68504108396365,0.18991130217119226,0.2988013698630137,0.23774283071230343,97413.0,141228.0
0.25,89,2,18357,14023,4334,18357,0,6101,1150,6772,6.9777508379091495,7.699133845399575,0.3689055945960669,0.5797945205479452,0.23609522253091464,97849.0,141333.0
0.25,90,1,18354,14054,4300,18354,0,10221,254,3579,6.979721075850292,7.694616977225673,0.19499836547891466,0.3064212328767123,0.2342813555628201,98093.0,141227.0
0.25,90,2,18238,13880,4358,18238,0,6044,1147,6689,6.994668587896253,7.719815769272946,0.3667617063274482,0.5726883561643835,0.2389516394341485,97086.0,140794.0
0.25,91,1,18379,14248,4131,18379,0,10356,266,3626,6.975014037057833,7.660971761249252,0.1972903857663638,0.31044520547945204,0.22476739757331737,99380.0,140801.0
0.25,91,2,18192,13836,4356,18192,0,6040,1100,6696,6.983665799363978,7.712675901495163,0.36807387862796836,0.5732876712328767,0.23944591029023746,96626.0,140309.0
0.25,92,1,18267,13983,4284,18267,0,10223,250,3510,6.994779374955303,7.704987135271254,0.19214977828871735,0.300513698630137,0.23452126786007554,97808.0,140747.0
0.25,92,2,18354,14052,4302,18354,0,6139,1098,6815,7.004910333048676,7.712433257055682,0.3713087065489811,0.5834760273972602,0.2343903236351749,98433.0,141554.0
0.25,93,1,18244,14006,4238,18244,0,10208,262,3536,6.978152220476939,7.6854308265731195,0.19381714536285902,0.30273972602739724,0.23229554922166193,97736.0,140213.0
0.25,93,2,18218,14019,4199,18218,0,6147,1099,6773,6.9649761038590485,7.671368975738281,0.37177516741684047,0.5798801369863014,0.23048633219892414,97642.0,139757.0
0.25,94,1,18032,13836,4196,18032,0,10109,224,3503,6.959236773633998,7.673635758651287,0.19426574977817213,0.29991438356164385,0.2326974267968057,96288.0,138371.0
0.25,94,2,18491,14248,4243,18491,0,6294,1134,6820,6.975084222346996,7.676220864204208,0.3688280785246877,0.583904109589041,0.229462981991239,99381.0,141941.0
0.25,95,1,18127,13941,4186,18127,0,10135,240,3566,6.962484757191019,7.667567716665747,0.19672312020742538,0.3053082191780822,0.23092624262150382,97064.0,138990.0
0.25,95,2,18341,14063,4278,18341,0,6186,1124,6753,6.980516248311171,7.689602529851153,0.3681914835614198,0.5781678082191781,0.23324791450847826,98167.0,141035.0
0.25,96,1,18067,13941,4126,18067,0,10180,253,3508,6.979269779786242,7.674766148226047,0.19416615929595396,0.30034246575342466,0.22837217025516135,97298.0,138660.0
0.25,96,2,18267,14031,4236,18267,0,6095,1122,6814,6.979474021808852,7.685607926862649,0.37302239010237037,0.5833904109589041,0.2318935785843324,97929.0,140393.0
0.25,97,1,18680,14163,4517,18680,0,10250,272,3641,7.002118195297607,7.735813704496788,0.19491434689507495,0.3117294520547945,0.24180942184154175,99171.0,144505.0
0.25,97,2,18309,13910,4399,18309,0,6125,1095,6687,7.041409058231488,7.761538041400404,0.3652302146485335,0.5725171232876712,0.24026435086569448,97946.0,142106.0
0.25,98,1,18444,14035,4409,18444,0,10198,279,3558,7.000213751335946,7.724029494686619,0.19290826284970722,0.30462328767123287,0.2390479288657558,98248.0,142462.0
0.25,98,2,18480,14032,4448,18480,0,6193,1140,6699,7.009692132269099,7.736580086580086,0.3625,0.5735445205479452,0.24069264069264068,98360.0,142972.0
0.25,99,1,18274,13968,4306,18274,0,10156,254,3558,7.026202749140894,7.734048374740068,0.1947028565174565,0.30462328767123287,0.2356353288825654,98142.0,141332.0
0.25,99,2,18304,13941,4363,18304,0,6054,1108,6779,6.9996413456710425,7.722574300699301,0.3703562062937063,0.5803938356164383,0.2383631993006993,97582.0,141354.0
0.25,100,1,18418,14101,4317,18418,0,10355,239,3507,6.970285795333664,7.686339450537518,0.1904115539146487,0.3002568493150685,0.23439027038766425,98288.0,141567.0
0.25,100,2,18342,14166,4176,18342,0,6231,1091,6844,6.967951433008612,7.664922036855304,0.3731327009050267,0.5859589041095891,0.22767419038272815,98708.0,140590.0
0.3,1,1,18125,14629,3496,18125,0,11293,162,3174,6.860687675165766,7.469075862068966,0.17511724137931034,0.27174657534246577,0.19288275862068965,100365.0,135377.0
0.3,1,2,18368,14683,3685,18368,0,6332,1090,7261,6.830484233467275,7.469566637630662,0.39530705574912894,0.6216609589041096,0.20062064459930315,100292.0,137201.0
0.3,2,1,18267,14507,3760,18267,0,11192,139,3176,6.860687943751293,7.510647615919417,0.17386544041167132,0.2719178082191781,0.2058356599332129,99528.0,137197.0
0.3,2,2,18558,14739,3819,18558,0,6379,1114,7246,6.860981070628943,7.512016381075547,0.3904515572798793,0.6203767123287671,0.20578726155835758,101124.0,139408.0
0.3,3,1,18381,14691,3690,18381,0,11296,182,3213,6.878497039003472,7.507426146564387,0.17480006528480496,0.27508561643835616,0.20075077525705892,101052.0,137994.0
0.3,3,2,18274,14661,3613,18274,0,6368,1113,7180,6.800968556033013,7.435646273393893,0.39290795665973516,0.6147260273972602,0.19771259713253803,99709.0,135879.0
0.3,4,1,18203,14584,3619,18203,0,11148,180,3256,6.83358475041141,7.467065868263473,0.1788716145690271,0.2787671232876712,0.19881338240949295,99661.0,135923.0
0.3,4,2,18209,14570,3639,18209,0,6334,1188,7048,6.890871654083734,7.516008567192048,0.38706134329177877,0.6034246575342466,0.19984622988631995,100400.0,136859.0
0.3,5,1,18266,14610,3656,18266,0,11196,165,3249,6.829774127310062,7.465235957516698,0.17787145516259717,0.2781678082191781,0.2001532902660681,99783.0,136360.0
0.3,5,2,18067,14503,3564,18067,0,6238,1170,7095,6.879197407432945,7.496042508440803,0.3927049316433276,0.6074486301369864,0.19726573310455528,99769.0,135431.0
0.3,6,1,18162,14655,3507,18162,0,11357,148,3150,6.844489935175708,7.455015967404471,0.1734390485629336,0.2696917808219178,0.19309547406673275,100306.0,135398.0
0.3,6,2,18172,14638,3534,18172,0,6256,1146,7236,6.856947670446782,7.46978868589038,0.3981950253136694,0.6195205479452055,0.19447501650891483,100372.0,135741.0
0.3,7,1,18124,14450,3674,18124,0,11059,150,3241,6.843252595155709,7.486261310968881,0.17882365923637167,0.27748287671232874,0.20271463253145,98885.0,135681.0
0.3,7,2,18290,14665,3625,18290,0,6363,1168,7134,6.864507330378452,7.4898851831601965,0.3900492072170585,0.6107876712328767,0.1981957353745216,100668.0,136990.0
0.3,8,1,18264,14485,3779,18264,0,11173,159,3153,6.900586813945461,7.544513797634691,0.172634691195795,0.2699486301369863,0.20690976784932108,99955.0,137793.0
0.3,8,2,18513,14756,3757,18513,0,6379,1158,7219,6.863784223366766,7.502781828985038,0.3899422027764274,0.6180650684931507,0.20293847566574838,101282.0,138899.0
0.3,9,1,18096,14644,3452,18096,0,11302,172,3170,6.884116361649823,7.479829796640141,0.17517683465959327,0.2714041095890411,0.19076038903625112,100811.0,135355.0
0.3,9,2,18018,14550,3468,18018,0,6215,1150,7185,6.870927835051546,7.474691974691975,0.39876789876789875,0.615154109589041,0.19247419247419248,99972.0,134679.0
0.3,10,1,18288,14539,3749,18288,0,11180,160,3199,6.848063828323819,7.498031496062992,0.17492344706911636,0.2738869863013699,0.20499781277340332,99564.0,137124.0
0.3,10,2,18458,14683,3775,18458,0,6376,1175,7132,6.908261254512021,7.544966951999133,0.38639072488893705,0.6106164383561644,0.20451836602015386,101434.0,139265.0
0.3,11,1,18149,14630,3519,18149,0,11285,168,3177,6.832194121667806,7.448674858118904,0.17505096699542674,0.27200342465753424,0.19389498043969364,99955.0,135186.0
0.3,11,2,18016,14561,3455,18016,0,6219,1154,7188,6.8654625369136735,7.469027531083482,0.39897868561278865,0.6154109589041096,0.1917739786856128,99968.0,134562.0
0.3,12,1,18205,14477,3728,18205,0,11080,139,3258,6.830904192857636,7.482559736336172,0.1789618236748146,0.27893835616438356,0.20477890689371053,98891.0,136220.0
0.3,12,2,18427,14674,3753,18427,0,6396,1140,7138,6.875494071146245,7.514950887284963,0.38736636457372337,0.6111301369863014,0.20366852987464049,100891.0,138478.0
0.3,13,1,18346,14821,3525,18346,0,11430,153,3238,6.828823965994197,7.439986918129293,0.1764962389621716,0.27722602739726027,0.19213997601657037,101210.0,136494.0
0.3,13,2,18210,14585,3625,18210,0,6281,1131,7173,6.843263627014055,7.473640856672158,0.39390444810543657,0.6141267123287671,0.19906644700713894,99809.0,136095.0
0.3,14,1,18344,14571,3773,18344,0,11239,158,3174,6.885114268066708,7.527692978630615,0.17302660270388137,0.27174657534246577,0.20568033144352377,100323.0,138088.0
0.3,14,2,18303,14673,3630,18303,0,6326,1162,7185,6.85483541198119,7.480522318745561,0.39255859695131945,0.615154109589041,0.19832814292738896,100581.0,136916.0
0.3,15,1,18219,14819,3400,18219,0,11467,156,3196,6.846345907281193,7.4359185465722595,0.17542126351610957,0.27363013698630134,0.18661836544266974,101456.0,135475.0
0.3,15,2,18079,14553,3526,18079,0,6212,1092,7249,6.803545660688518,7.428176337186791,0.40096244261297637,0.6206335616438357,0.19503291111234028,99012.0,134294.0
0.3,16,1,18141,14525,3616,18141,0,11244,188,3093,6.895903614457831,7.517115925252191,0.17049776748801057,0.26481164383561645,0.19932749021553386,100163.0,136368.0
0.3,16,2,18255,14670,3585,18255,0,6267,1157,7246,6.861349693251534,7.480471103807176,0.396932347302109,0.6203767123287671,0.19638455217748563,100656.0,136556.0
0.3,17,1,18171,14645,3526,18171,0,11367,151,3127,6.839808808467054,7.45418524021793,0.17208739199823894,0.26772260273972603,0.19404545704694293,100169.0,135450.0
0.3,17,2,18326,14783,3543,18326,0,6391,1160,7232,6.815463708313604,7.4323365709920335,0.39463057950452907,0.6191780821917808,0.19333187820582778,100753.0,136205.0
0.3,18,1,18309,14792,3517,18309,0,11410,167,3215,6.851541373715522,7.4579714894314275,0.17559670107597355,0.2752568493150685,0.192091321208149,101348.0,136548.0
0.3,18,2,18268,14742,3526,18268,0,6425,1136,7181,6.811762311762312,7.429658419093497,0.39309174512809286,0.6148116438356165,0.1930151083862492,100419.0,135725.0
0.3,19,1,18143,14461,3682,18143,0,11127,184,3150,6.901666551414149,7.533594223667531,0.17362068015212478,0.2696917808219178,0.2029432839111503,99805.0,136682.0
0.3,19,2,18318,14652,3666,18318,0,6299,1154,7199,6.894485394485394,7.518615569385304,0.39300141936892674,0.6163527397260274,0.2001310186701605,101018.0,137726.0
0.3,20,1,18628,14631,3997,18628,0,11339,188,3104,6.917845670152416,7.583047025982392,0.166630878247799,0.26575342465753427,0.2145694653210221,101215.0,141257.0
0.3,20,2,18489,14509,3980,18489,0,6126,1157,7226,6.864704666069336,7.5437827897668885,0.390826978203256,0.6186643835616439,0.21526312942830872,99600.0,139477.0
0.3,21,1,18098,14704,3394,18098,0,11306,175,3223,6.824265505984766,7.421483036799646,0.178085976350978,0.2759417808219178,0.18753453420267432,100344.0,134314.0
0.3,21,2,18053,14570,3483,18053,0,6283,1137,7150,6.830542210020591,7.443804353847006,0.39605605716501413,0.6121575342465754,0.19293192267213205,99521.0,134383.0
0.3,22,1,18116,14540,3576,18116,0,11232,139,3169,6.815474552957359,7.446787370280415,0.17492824022963127,0.27131849315068496,0.1973945683373813,99097.0,134906.0
0.3,22,2,18356,14848,3508,18356,0,6465,1140,7243,6.864762931034483,7.467095227718457,0.39458487687949445,0.6201198630136986,0.19110917411200698,101928.0,137066.0
0.3,23,1,18454,14848,3606,18454,0,11487,155,3206,6.866783405172414,7.481196488566164,0.17372927278638778,0.274486301369863,0.19540479028936816,101958.0,138058.0
0.3,23,2,18089,14662,3427,18089,0,6336,1167,7159,6.824716955394899,7.427497374094754,0.39576538227652164,0.6129280821917809,0.18945215324230194,100064.0,134356.0
0.3,24,1,18303,14579,3724,18303,0,11280,141,3158,6.855820015090198,7.4982789706605475,0.17254002076162378,0.27037671232876714,0.20346391301972355,99951.0,137241.0
0.3,24,2,18233,14631,3602,18233,0,6260,1196,7173,6.832000546784225,7.460757966324795,0.39340755772500413,0.6141267123287671,0.1975538858114408,99959.0,136032.0
0.3,25,1,18226,14521,3705,18226,0,11202,175,3144,6.877625507885132,7.513936135191485,0.17250082300010974,0.2691780821917808,0.20328102710413695,99870.0,136949.0
0.3,25,2,18382,14789,3593,18382,0,6419,1174,7196,6.8647643518831565,7.47998041562398,0.39146991622239147,0.6160958904109589,0.19546295288869547,101523.0,137497.0
0.3,26,1,18454,14771,3683,18454,0,11406,161,3204,6.855527723241487,7.486290235179365,0.17362089519887286,0.2743150684931507,0.19957732740869188,101263.0,138152.0
0.3,26,2,18316,14696,3620,18316,0,6374,1092,7230,6.856899836690256,7.481054815461891,0.39473684210526316,0.6190068493150684,0.19764140642061587,100769.0,137023.0
0.3,27,1,18168,14523,3645,18168,0,11193,165,3165,6.85333608758521,7.486404667547336,0.17420739762219287,0.2709760273972603,0.20062747688243066,99531.0,136013.0
0.3,27,2,18338,14621,3717,18338,0,6271,1116,7234,6.868271664044867,7.504798778492748,0.3944814047333406,0.6193493150684931,0.20269385974479223,100421.0,137623.0
0.3,28,1,18361,14862,3499,18361,0,11448,154,3260,6.823375050464271,7.430804422417079,0.17755024236152714,0.2791095890410959,0.19056696258373726,101409.0,136437.0
0.3,28,2,18192,14629,3563,18192,0,6384,1107,7138,6.809898147515209,7.436510554089709,0.3923702726473175,0.6111301369863014,0.19585532102022868,99622.0,135285.0
0.3,29,1,18272,14721,3551,18272,0,11348,154,3219,6.83683173697439,7.453699649737303,0.17617119089316988,0.27559931506849317,0.1943410683012259,100645.0,136194.0
0.3,29,2,18231,14678,3553,18231,0,6352,1154,7172,6.824158604714539,7.446163128736767,0.39339586418737316,0.614041095890411,0.19488782842411279,100165.0,135751.0
0.3,30,1,18105,14615,3490,18105,0,11259,178,3178,6.887991789257612,7.489919911626623,0.1755316210991439,0.27208904109589044,0.1927644297155482,100668.0,135605.0
0.3,30,2,17985,14469,3516,17985,0,6147,1164,7158,6.833644343078305,7.454934667778704,0.3979983319432861,0.6128424657534246,0.19549624687239367,98876.0,134077.0
0.3,31,1,18391,14714,3677,18391,0,11318,179,3217,6.879638439581351,7.506660866728291,0.17492251644826273,0.27542808219178083,0.19993475069327388,101227.0,138055.0
0.3,31,2,18005,14495,3510,18005,0,6226,1119,7150,6.835322525008624,7.455706748125521,0.3971119133574007,0.6121575342465754,0.19494584837545126,99078.0,134240.0
0.3,32,1,18141,14540,3601,18141,0,11234,174,3132,6.882393397524072,7.50432721459677,0.17264759384818917,0.26815068493150684,0.19850063392315748,100070.0,136136.0
0.3,32,2,18308,14710,3598,18308,0,6334,1118,7258,6.84649898028552,7.469248415993008,0.39643871531570896,0.6214041095890411,0.19652610880489405,100712.0,136747.0
0.3,33,1,18062,14534,3528,18062,0,11253,136,3145,6.832530617861566,7.453604252020817,0.17412246705791165,0.269263698630137,0.19532720628944747,99304.0,134627.0
0.3,33,2,18125,14649,3476,18125,0,6255,1148,7246,6.868659976790225,7.471062068965518,0.3997793103448276,0.6203767123287671,0.1917793103448276,100619.0,135413.0
0.3,34,1,18157,14675,3482,18157,0,11281,151,3243,6.828960817717206,7.438233188302032,0.17860880101338328,0.2776541095890411,0.1917717684639533,100215.0,135056.0
0.3,34,2,18156,14567,3589,18156,0,6271,1120,7176,6.843893732408869,7.469376514650804,0.3952412425644415,0.6143835616438356,0.19767569949328045,99695.0,135614.0
0.3,35,1,18334,14633,3701,18334,0,11308,150,3175,6.867491286817468,7.503654412566815,0.17317552089014945,0.2718321917808219,0.20186538671321042,100492.0,137572.0
0.3,35,2,18363,14599,3764,18363,0,6244,1153,7202,6.874237961504212,7.518815008440886,0.39220170996024617,0.6166095890410959,0.20497740020693786,100357.0,138068.0
0.3,36,1,18205,14680,3525,18205,0,11306,166,3208,6.833378746594005,7.448503158472947,0.17621532546003846,0.27465753424657535,0.19362812414171932,100314.0,135600.0
0.3,36,2,18221,14723,3498,18221,0,6409,1128,7186,6.829858045235346,7.44048076395368,0.39438011086109437,0.6152397260273973,0.19197629109269523,100556.0,135573.0
0.3,37,1,18131,14660,3471,18131,0,11242,167,3251,6.830900409276944,7.439192543158127,0.17930616071921018,0.2783390410958904,0.191440075009652,100141.0,134880.0
0.3,37,2,18106,14606,3500,18106,0,6353,1093,7160,6.842735861974531,7.454324533303877,0.39544902242350605,0.613013698630137,0.19330608638020547,99945.0,134968.0
0.3,38,1,18262,14659,3603,18262,0,11250,165,3244,6.831025308684085,7.459259664877888,0.17763662249479795,0.27773972602739727,0.19729492936151571,100136.0,136221.0
0.3,38,2,18068,14470,3598,18068,0,6207,1136,7127,6.8450587422252935,7.474983396059331,0.3944542838166925,0.6101883561643836,0.19913659508523357,99048.0,135058.0
0.3,39,1,18215,14814,3401,18215,0,11491,145,3178,6.828338058593222,7.422948119681581,0.17447158934943727,0.27208904109589044,0.18671424650013724,101155.0,135209.0
0.3,39,2,18182,14631,3551,18182,0,6295,1048,7288,6.8174424167862755,7.4415355846441535,0.4008359916400836,0.623972602739726,0.1953030469695303,99746.0,135302.0
0.3,40,1,18023,14368,3655,18023,0,11053,173,3142,6.899846881959911,7.5312656050602005,0.1743327969816346,0.2690068493150685,0.20279642678799312,99137.0,135736.0
0.3,40,2,18387,14699,3688,18387,0,6322,1154,7223,6.86965099666644,7.500244738130201,0.3928318920976777,0.6184075342465754,0.2005764942622505,100977.0,137907.0
0.3,41,1,18153,14709,3444,18153,0,11371,144,3194,6.830443945883473,7.432765934005398,0.1759488789731725,0.27345890410958906,0.18972070732110394,100469.0,134927.0
0.3,41,2,18155,14564,3591,18155,0,6227,1150,7186,6.851826421312826,7.475571467915175,0.39581382539245386,0.6152397260273973,0.19779675020655466,99790.0,135719.0
0.3,42,1,18292,14728,3564,18292,0,11380,161,3187,6.844106463878327,7.46162256724251,0.17422917122239232,0.2728595890410959,0.19483927399956266,100800.0,136488.0
0.3,42,2,18116,14588,3528,18116,0,6245,1119,7224,6.821908417877708,7.443916979465666,0.3987635239567233,0.6184931506849315,0.1947449768160742,99518.0,134854.0
0.3,43,1,18014,14427,3587,18014,0,11132,163,3132,6.864836764400083,7.4910625069390475,0.17386477184412125,0.26815068493150684,0.1991229044076829,99039.0,134944.0
0.3,43,2,18401,14738,3663,18401,0,6370,1158,7210,6.86192156330574,7.4888864735612195,0.3918265311667844,0.6172945205479452,0.1990652681919461,101131.0,137803.0
0.3,44,1,18470,14752,3718,18470,0,11386,151,3215,6.877575921908893,7.510395235517055,0.17406605305901462,0.2752568493150685,0.20129940443963185,101458.0,138717.0
0.3,44,2,18222,14608,3614,18222,0,6302,1163,7143,6.86815443592552,7.493414553836022,0.3919986829107672,0.6115582191780822,0.19833168697179235,100330.0,136545.0
0.3,45,1,18361,14758,3603,18361,0,11399,149,3210,6.869087952297059,7.485322150209684,0.17482707913512335,0.2748287671232877,0.19623114209465714,101374.0,137438.0
0.3,45,2,18173,14591,3582,18173,0,6269,1153,7169,6.832773627578645,7.46007813789688,0.394486325868046,0.6137842465753425,0.19710559621416388,99697.0,135572.0
0.3,46,1,18087,14507,3580,18087,0,11260,165,3082,6.896119114910044,7.514623762923647,0.17039862884944987,0.26386986301369864,0.19793221650909493,100042.0,135917.0
0.3,46,2,18224,14676,3548,18224,0,6248,1084,7344,6.870741346415917,7.48441615452151,0.40298507462686567,0.6287671232876713,0.19468832309043022,100835.0,136396.0
0.3,47,1,18263,14724,3539,18263,0,11370,157,3197,6.840532464004347,7.455511142747632,0.17505338662870285,0.27371575342465754,0.1937797733121612,100720.0,136160.0
0.3,47,2,18186,14732,3454,18186,0,6391,1113,7228,6.817268531088787,7.424117452985813,0.39744858682503026,0.6188356164383562,0.18992631694710216,100432.0,135015.0
0.3,48,1,18403,14633,3770,18403,0,11324,162,3147,6.8651677714754324,7.509753844481878,0.17100472749008314,0.26943493150684933,0.20485790360267347,100458.0,138202.0
0.3,48,2,18251,14562,3689,18251,0,6189,1144,7229,6.864922400769125,7.500794477014958,0.39608788559530983,0.6189212328767123,0.2021259109089913,99967.0,136897.0
0.3,49,1,18179,14842,3337,18179,0,11429,151,3262,6.819566096213448,7.4042026514109684,0.17943781286099345,0.27928082191780823,0.18356345233511195,101216.0,134601.0
0.3,49,2,18000,14537,3463,18000,0,6265,1149,7123,6.822453050835798,7.434555555555556,0.3957222222222222,0.6098458904109589,0.1923888888888889,99178.0,133822.0
0.3,50,1,18136,14637,3499,18136,0,11284,188,3165,6.832342693174831,7.445081605646228,0.17451477723864137,0.2709760273972603,0.19293118659020733,100005.0,135024.0
0.3,50,2,18341,14662,3679,18341,0,6343,1120,7199,6.854112672213886,7.486560165748869,0.3925085873180306,0.6163527397260274,0.2005888446649583,100495.0,137311.0
0.3,51,1,18119,14496,3623,18119,0,11192,173,3131,6.857477924944813,7.486671449859264,0.1728020310171643,0.2680650684931507,0.19995584745294995,99406.0,135651.0
0.3,51,2,18372,14705,3667,18372,0,6322,1178,7205,6.856035362121728,7.484051817983889,0.392172871761376,0.6168664383561644,0.19959721315044632,100818.0,137497.0
0.3,52,1,18227,14707,3520,18227,0,11320,200,3187,6.847963554769837,7.458769956657705,0.17485049651615736,0.2728595890410959,0.19312009656004828,100713.0,135951.0
0.3,52,2,17998,14494,3504,17998,0,6188,1121,7185,6.831861459914447,7.450938993221469,0.3992110234470497,0.615154109589041,0.19468829869985554,99021.0,134102.0
0.3,53,1,18308,14493,3815,18308,0,11212,157,3124,6.896570758297109,7.546537032991042,0.17063578763382128,0.26746575342465756,0.2083788507756172,99952.0,138162.0
0.3,53,2,18278,14602,3676,18278,0,6213,1124,7265,6.8831666894945895,7.51356822409454,0.3974723711565817,0.6220034246575342,0.20111609585293796,100508.0,137333.0
0.3,54,1,18184,14597,3587,18184,0,11259,153,3185,6.824827019250531,7.454300483941927,0.17515398152221734,0.2726883561643836,0.19726132864056314,99622.0,135549.0
0.3,54,2,18405,14813,3592,18405,0,6467,1100,7246,6.853844595963006,7.470795979353436,0.3936973648465091,0.6203767123287671,0.1951643575115458,101526.0,137500.0
0.3,55,1,18316,14629,3687,18316,0,11346,140,3143,6.866703123931916,7.501201135619131,0.17159860231491592,0.26909246575342466,0.20129941035160515,100453.0,137392.0
0.3,55,2,18451,14788,3663,18451,0,6387,1042,7359,6.845956180687043,7.475258793561324,0.3988401712644301,0.6300513698630137,0.19852582515852799,101238.0,137926.0
0.3,56,1,18213,14705,3508,18213,0,11377,146,3182,6.832641958517511,7.44435293471696,0.17471037171251305,0.27243150684931505,0.1926096744083896,100474.0,135584.0
0.3,56,2,18192,14727,3465,18192,0,6378,1135,7214,6.831601819786786,7.436235708003518,0.39654793315743186,0.6176369863013699,0.1904683377308707,100609.0,135280.0
0.3,57,1,18290,14703,3587,18290,0,11299,169,3235,6.838332313133374,7.461180973209404,0.1768726079825041,0.2769691780821918,0.1961180973209404,100544.0,136465.0
0.3,57,2,18081,14493,3588,18081,0,6211,1169,7113,6.865866280273235,7.490680825175598,0.3933963829434213,0.6089897260273973,0.19844035175045627,99507.0,135439.0
0.3,58,1,18281,14736,3545,18281,0,11346,123,3267,6.848127035830619,7.461517422460478,0.17871013620699086,0.27970890410958904,0.19391718177342596,100914.0,136404.0
0.3,58,2,18137,14518,3619,18137,0,6236,1148,7134,6.867888138862102,7.495341015603462,0.3933395820698021,0.6107876712328767,0.19953685835584717,99708.0,135943.0
0.3,59,1,18465,14887,3578,18465,0,11436,154,3297,6.809162356418351,7.429894394800975,0.1785540211210398,0.28227739726027395,0.19377200108313025,101368.0,137193.0
0.3,59,2,17920,14521,3399,17920,0,6303,1140,7078,6.850561256111838,7.450558035714286,0.39497767857142857,0.6059931506849315,0.18967633928571428,99477.0,133514.0
0.3,60,1,18297,14709,3588,18297,0,11372,166,3171,6.860017676252634,7.478876318522162,0.1733070995245122,0.27148972602739724,0.19609772093785865,100904.0,136841.0
0.3,60,2,18341,14679,3662,18341,0,6361,1131,7187,6.8522378908645,7.4839976010032165,0.391854315468077,0.6153253424657534,0.1996619595441906,100584.0,137264.0
0.3,61,1,18329,14594,3735,18329,0,11332,167,3095,6.892284500479649,7.528397621255933,0.16885809373124558,0.2649828767123288,0.20377543783076,100586.0,137988.0
0.3,61,2,18485,14757,3728,18485,0,6366,1103,7288,6.849224097038693,7.486502569651068,0.3942656207736002,0.623972602739726,0.2016770354341358,101074.0,138388.0
0.3,62,1,18265,14707,3558,18265,0,11315,145,3247,6.838716257564425,7.458691486449494,0.17777169449767313,0.27799657534246575,0.19479879551053927,100577.0,136233.0
0.3,62,2,18347,14701,3646,18347,0,6407,1113,7181,6.8602816134956806,7.488799258734398,0.3913991388237859,0.6148116438356165,0.19872458712596064,100853.0,137397.0
0.3,63,1,18245,14713,3532,18245,0,11368,151,3194,6.848705226670291,7.460400109619074,0.17506166072896684,0.27345890410958906,0.1935872841874486,100765.0,136115.0
0.3,63,2,18128,14561,3567,18128,0,6224,1146,7191,6.828377171897534,7.454269638128862,0.3966791703442189,0.6156678082191781,0.19676743159752869,99428.0,135131.0
0.3,64,1,18561,15002,3559,18561,0,11633,146,3223,6.844687375016664,7.451753677064813,0.17364366144065513,0.2759417808219178,0.19174613436776036,102684.0,138312.0
0.3,64,2,18134,14529,3605,18134,0,6221,1085,7223,6.811411659439742,7.4475019300761005,0.39831256203816034,0.6184075342465754,0.19879783831476783,98963.0,135053.0
0.3,65,1,18128,14381,3747,18128,0,11134,150,3097,6.895278492455323,7.538945278022948,0.1708406884377758,0.2651541095890411,0.20669682259488084,99161.0,136666.0
0.3,65,2,18491,14618,3873,18491,0,6201,1141,7276,6.845806539882337,7.508950300146017,0.39348872424422693,0.6229452054794521,0.20945324752582337,100072.0,138848.0
0.3,66,1,18163,14428,3735,18163,0,11144,149,3135,6.854796229553646,7.504321973242305,0.17260364477233936,0.2684075342465753,0.20563783515938996,98901.0,136301.0
0.3,66,2,18333,14759,3574,18333,0,6370,1116,7273,6.848566976082391,7.46533573337697,0.3967163039327988,0.6226883561643836,0.1949489990727104,101078.0,136862.0
0.3,67,1,18257,14585,3672,18257,0,11201,150,3234,6.838464175522797,7.475598400613463,0.17713753628745138,0.2768835616438356,0.20112833433751437,99739.0,136482.0
0.3,67,2,18476,14688,3788,18476,0,6378,1140,7170,6.8741149237472765,7.516832647759255,0.38807101104135094,0.6138698630136986,0.2050227321931154,100967.0,138881.0
0.3,68,1,18157,14542,3615,18157,0,11220,152,3170,6.8561408334479435,7.485102164454481,0.17458831304730957,0.2714041095890411,0.19909676708707386,99702.0,135907.0
0.3,68,2,18362,14744,3618,18362,0,6395,1161,7188,6.856958762886598,7.478270340921468,0.39146062520422614,0.6154109589041096,0.19703735976473152,101099.0,137316.0
0.3,69,1,18582,14915,3667,18582,0,11442,162,3311,6.828964130070399,7.457754816489075,0.17818318803142827,0.2834760273972603,0.19734151329243355,101854.0,138580.0
0.3,69,2,18142,14464,3678,18142,0,6262,1095,7107,6.88889657079646,7.522489251460699,0.3917429169882042,0.6084760273972603,0.20273398743247711,99641.0,136473.0
0.3,70,1,18262,14653,3609,18262,0,11377,139,3137,6.8125298573670925,7.444529624356587,0.17177746139524697,0.26857876712328765,0.19762348045121017,99824.0,135952.0
0.3,70,2,18353,14768,3585,18353,0,6351,1192,7225,6.842361863488624,7.4608510870157465,0.3936686100365063,0.6185787671232876,0.1953359123848962,101048.0,136929.0
0.3,71,1,18237,14582,3655,18237,0,11268,165,3149,6.882457824715402,7.51061029774634,0.17267094368591326,0.26960616438356166,0.20041673520864178,100360.0,136971.0
0.3,71,2,18405,14707,3698,18405,0,6352,1141,7214,6.8656422111919495,7.498560173865798,0.3919587068731323,0.6176369863013699,0.20092366204835643,100973.0,138011.0
0.3,72,1,18441,14824,3617,18441,0,11453,147,3224,6.836683756071236,7.4589772788894315,0.17482782929342228,0.276027397260274,0.19613903801312293,101347.0,137551.0
0.3,72,2,18251,14659,3592,18251,0,6348,1122,7189,6.838870318575619,7.46359103610761,0.39389622486439096,0.6154965753424657,0.19681113363651306,100251.0,136218.0
0.3,73,1,18299,14749,3550,18299,0,11356,176,3217,6.811919452166249,7.432591944915023,0.1758019563910596,0.27542808219178083,0.19399967211323024,100469.0,136009.0
0.3,73,2,18182,14598,3584,18182,0,6316,1141,7141,6.8172352377037955,7.447035529644704,0.3927510724892751,0.6113869863013699,0.1971180288197118,99518.0,135402.0
0.3,74,1,18297,14762,3535,18297,0,11446,156,3160,6.85550738382333,7.464830300049188,0.17270590807236158,0.2705479452054795,0.1932010712138602,101201.0,136584.0
0.3,74,2,18218,14650,3568,18218,0,6273,1092,7285,6.810443686006826,7.436875617521133,0.39987924031177957,0.6237157534246576,0.19585025798660666,99773.0,135485.0
0.3,75,1,18439,14745,3694,18439,0,11459,153,3133,6.873855544252289,7.502413362980639,0.16991160041216985,0.26823630136986304,0.20033624383101037,101355.0,138337.0
0.3,75,2,18371,14754,3617,18371,0,6360,1112,7282,6.815168767791786,7.444504926242447,0.39638560775134724,0.623458904109589,0.19688639703881117,100551.0,136763.0
0.3,76,1,18283,14482,3801,18283,0,11132,163,3187,6.872531418312388,7.524640376305858,0.1743149373735164,0.2728595890410959,0.20789804736640596,99528.0,137573.0
0.3,76,2,18223,14543,3680,18223,0,6211,1232,7100,6.893144468128996,7.522471601821874,0.3896175163255227,0.6078767123287672,0.20194260001097514,100247.0,137082.0
0.3,77,1,18097,14530,3567,18097,0,11204,162,3164,6.850860289057123,7.4749405978891525,0.17483560811184173,0.2708904109589041,0.19710449245731337,99543.0,135274.0
0.3,77,2,18305,14668,3637,18305,0,6305,1190,7173,6.861194436869376,7.488336520076482,0.3918601475006829,0.6141267123287671,0.19868888281890193,100640.0,137074.0
0.3,78,1,18059,14623,3436,18059,0,11280,151,3192,6.829173220269438,7.434077191428097,0.17675397308821086,0.2732876712328767,0.19026524170773576,99863.0,134252.0
0.3,78,2,18257,14657,3600,18257,0,6325,1168,7164,6.831684519342294,7.45796132990086,0.3923974365996604,0.6133561643835617,0.19718464150736703,100132.0,136160.0
0.3,79,1,18210,14737,3473,18210,0,11398,149,3190,6.83381963764674,7.439868204283361,0.17517847336628226,0.2731164383561644,0.19071938495332236,100710.0,135480.0
0.3,79,2,18001,14578,3423,18001,0,6232,1110,7236,6.804568527918781,7.4139214488083995,0.40197766790733847,0.6195205479452055,0.19015610243875342,99197.0,133458.0
0.3,80,1,18220,14663,3557,18220,0,11347,164,3152,6.88924503853236,7.49967069154775,0.1729967069154775,0.26986301369863014,0.19522502744237102,101017.0,136644.0
0.3,80,2,18283,14653,3630,18283,0,6270,1131,7252,6.843103801269365,7.473007712082262,0.3966526281244872,0.6208904109589041,0.19854509653776733,100272.0,136629.0
0.3,81,1,18336,14675,3661,18336,0,11394,160,3121,6.898330494037479,7.520669720767888,0.17021160558464224,0.26720890410958903,0.19966186736474695,101233.0,137899.0
0.3,81,2,18355,14585,3770,18355,0,6202,1194,7189,6.86102159753171,7.509016616725688,0.3916643966221738,0.6154965753424657,0.205393625715064,100068.0,137828.0
0.3,82,1,18209,14572,3637,18209,0,11172,167,3233,6.826859730990941,7.46235378109726,0.17754956340271294,0.27679794520547946,0.1997363940908342,99481.0,135882.0
0.3,82,2,18163,14696,3467,18163,0,6414,1138,7144,6.816480675013609,7.425810714089082,0.3933270935418158,0.6116438356164383,0.19088256345317403,100175.0,134875.0
0.3,83,1,18193,14747,3446,18193,0,11330,178,3239,6.858954363599376,7.4555048645083275,0.17803550816248007,0.27731164383561646,0.18941351069092507,101149.0,135638.0
0.3,83,2,18042,14419,3623,18042,0,6159,1145,7115,6.860947361120743,7.4927391641724865,0.39435761002106196,0.6091609589041096,0.20080922292428777,98928.0,135184.0
0.3,84,1,18306,14544,3762,18306,0,11213,178,3153,6.880981848184819,7.523598820058997,0.17223861029170764,0.2699486301369863,0.2055063913470993,100077.0,137727.0
0.3,84,2,18435,14697,3738,18435,0,6374,1124,7199,6.833095189494455,7.476918904258205,0.39050718741524276,0.6163527397260274,0.20276647681041496,100426.0,137837.0
0.3,85,1,18377,14687,3690,18377,0,11397,153,3137,6.878327772860353,7.506938020351527,0.17070250857049574,0.26857876712328765,0.20079447135005712,101022.0,137955.0
0.3,85,2,18397,14686,3711,18397,0,6304,1117,7265,6.8265695219937355,7.4685002989617875,0.3949013426102082,0.6220034246575342,0.20171767135946078,100255.0,137398.0
0.3,86,1,18429,14828,3601,18429,0,11482,170,3176,6.870380361478285,7.485322046774106,0.17233707743230778,0.2719178082191781,0.1953985566227142,101874.0,137947.0
0.3,86,2,18234,14641,3593,18234,0,6290,1091,7260,6.778157229697425,7.41609081934847,0.3981572885817703,0.6215753424657534,0.19704946802676318,99239.0,135225.0
0.3,87,1,18253,14653,3600,18253,0,11221,168,3264,6.841329420596465,7.466991727387279,0.17881992001314853,0.27945205479452057,0.19722785295567852,100246.0,136295.0
0.3,87,2,18275,14579,3696,18275,0,6332,1132,7115,6.857671993963921,7.4955950752393985,0.3893296853625171,0.6091609589041096,0.20224350205198358,99978.0,136982.0
0.3,88,1,18257,14598,3659,18257,0,11269,179,3150,6.8567612001644065,7.48918223147286,0.17253656131894615,0.2696917808219178,0.20041627868762665,100095.0,136730.0
0.3,88,2,18409,14748,3661,18409,0,6385,1114,7249,6.853742880390562,7.482209788690315,0.39377478407300776,0.6206335616438357,0.19887011787712533,101079.0,137740.0
0.3,89,1,18290,14815,3475,18290,0,11459,148,3208,6.8175497806277425,7.4237834882449425,0.17539639147074904,0.27465753424657535,0.18999453253143794,101002.0,135781.0
0.3,89,2,18058,14627,3431,18058,0,6306,1060,7261,6.836330074519724,7.4389190386532285,0.4020932550670063,0.6216609589041096,0.18999889245763651,99995.0,134332.0
0.3,90,1,18100,14457,3643,18100,0,11130,144,3183,6.855433354084527,7.49,0.17585635359116022,0.27251712328767125,0.2012707182320442,99109.0,135569.0
0.3,90,2,18294,14695,3599,18294,0,6347,1162,7186,6.889418169445389,7.5025691483546515,0.392806384606975,0.6152397260273973,0.19673116868918772,101240.0,137252.0
0.3,91,1,18189,14639,3550,18189,0,11272,193,3174,6.825876084431997,7.446093792951784,0.17450107207652976,0.27174657534246577,0.19517290670185278,99924.0,135437.0
0.3,91,2,18076,14598,3478,18076,0,6284,1135,7179,6.863268940950815,7.4674706793538395,0.39715645054215537,0.6146404109589041,0.19240982518256253,100190.0,134982.0
0.3,92,1,18304,14760,3544,18304,0,11379,134,3247,6.832384823848239,7.447661713286713,0.17739291958041958,0.27799657534246575,0.19361888111888112,100846.0,136322.0
0.3,92,2,18199,14549,3650,18199,0,6251,1173,7125,6.884596879510619,7.511456673443596,0.3915050277487774,0.6100171232876712,0.20056047035551403,100164.0,136701.0
0.3,93,1,18252,14638,3614,18252,0,11264,153,3221,6.828050280092909,7.4569910146833225,0.17647381108919571,0.2757705479452055,0.198005698005698,99949.0,136105.0
0.3,93,2,18223,14642,3581,18223,0,6348,1110,7184,6.822633520010927,7.448389398013499,0.3942270756735993,0.6150684931506849,0.19650990506502772,99897.0,135732.0
0.3,94,1,18278,14774,3504,18278,0,11333,162,3279,6.810139434141059,7.424061713535398,0.17939599518546887,0.280736301369863,0.19170587591640223,100613.0,135697.0
0.3,94,2,18123,14581,3542,18123,0,6336,1117,7128,6.833893422947671,7.455774430281962,0.3933123655024003,0.6102739726027397,0.19544225569718038,99645.0,135121.0
0.3,95,1,18130,14765,3365,18130,0,11345,123,3297,6.810497798848629,7.404688361831219,0.18185328185328184,0.28227739726027395,0.18560397131825704,100557.0,134247.0
0.3,95,2,17869,14554,3315,17869,0,6286,1098,7170,6.831111721863405,7.421064413229615,0.40125356763109293,0.6138698630136986,0.18551681683362248,99420.0,132607.0
0.3,96,1,18199,14665,3534,18199,0,11345,163,3157,6.834640300034095,7.449914830485191,0.17347106983900215,0.27029109589041095,0.1941864937633936,100230.0,135581.0
0.3,96,2,18320,14616,3704,18320,0,6271,1107,7238,6.828133552271483,7.470687772925764,0.3950873362445415,0.6196917808219178,0.2021834061135371,99800.0,136863.0
0.3,97,1,18256,14647,3609,18256,0,11295,168,3184,6.828019389636103,7.457767309377739,0.17440841367221735,0.2726027397260274,0.19768843120070115,100010.0,136149.0
0.3,97,2,18320,14620,3700,18320,0,6280,1158,7182,6.832763337893297,7.475272925764192,0.3920305676855895,0.6148972602739726,0.2019650655021834,99895.0,136947.0
0.3,98,1,18015,14601,3414,18015,0,11283,172,3146,6.8690500650640365,7.463225090202609,0.17463225090202608,0.26934931506849313,0.18950874271440465,100295.0,134450.0
0.3,98,2,18064,14619,3445,18064,0,6260,1173,7186,6.797386962172515,7.408934898139947,0.3978077945084145,0.6152397260273973,0.19071080602302923,99371.0,133835.0
0.3,99,1,18379,14698,3681,18379,0,11292,153,3253,6.840658593005851,7.475978018390554,0.17699548397627726,0.27851027397260275,0.20028293160672506,100544.0,137401.0
0.3,99,2,18103,14474,3629,18103,0,6202,1149,7123,6.8795080834599975,7.508037341877037,0.3934706954648401,0.6098458904109589,0.20046401148980833,99574.0,135918.0
0.3,100,1,18135,14643,3492,18135,0,11374,154,3115,6.846547838557672,7.454590570719603,0.17176730079955888,0.2666952054794521,0.19255583126550868,100254.0,135189.0
0.3,100,2,18234,14768,3466,18234,0,6361,1178,7229,6.81568255687974,7.421520236920039,0.3964571679280465,0.6189212328767123,0.19008445760666887,100654.0,135324.0
